arm,episode,step,n_agents,share_same_noise
free_market,0,0,58,1.0
free_market,0,1,59,1.0
free_market,0,2,59,1.0
free_market,0,3,60,1.0
free_market,0,4,60,1.0
free_market,0,5,60,1.0
free_market,0,6,60,1.0
free_market,0,7,60,1.0
free_market,0,8,60,1.0
free_market,0,9,60,1.0
free_market,0,10,60,1.0
free_market,0,11,60,1.0
free_market,0,12,61,1.0
free_market,0,13,61,1.0
free_market,0,14,62,1.0
free_market,0,15,62,1.0
free_market,0,16,63,0.9841269841269841
free_market,0,17,64,0.96875
free_market,0,18,64,0.96875
free_market,0,19,65,0.9538461538461539
free_market,0,20,65,0.9538461538461539
free_market,0,21,65,0.9538461538461539
free_market,0,22,65,0.9538461538461539
free_market,0,23,66,0.9393939393939394
free_market,0,24,66,0.9393939393939394
free_market,0,25,66,0.9393939393939394
free_market,0,26,66,0.9393939393939394
free_market,0,27,66,0.9545454545454546
free_market,0,28,66,0.9545454545454546
free_market,0,29,67,0.9402985074626866
free_market,0,30,67,0.9402985074626866
free_market,0,31,67,0.9552238805970149
free_market,0,32,67,0.9552238805970149
free_market,0,33,68,0.9411764705882353
free_market,0,34,68,0.9558823529411765
free_market,0,35,69,0.9565217391304348
free_market,0,36,70,0.9428571428571428
free_market,0,37,70,0.9571428571428572
free_market,0,38,70,0.9571428571428572
free_market,0,39,71,0.9436619718309859
free_market,0,40,72,0.9444444444444444
free_market,0,41,73,0.9452054794520548
free_market,0,42,73,0.9452054794520548
free_market,0,43,73,0.9452054794520548
free_market,0,44,74,0.9324324324324325
free_market,0,45,74,0.9459459459459459
free_market,0,46,75,0.9333333333333333
free_market,0,47,75,0.9333333333333333
free_market,0,48,75,0.9333333333333333
free_market,0,49,75,0.9466666666666667
free_market,0,50,76,0.9473684210526315
free_market,0,51,76,0.9473684210526315
free_market,0,52,76,0.9473684210526315
free_market,0,53,76,0.9473684210526315
free_market,0,54,77,0.935064935064935
free_market,0,55,77,0.935064935064935
free_market,0,56,77,0.935064935064935
free_market,0,57,77,0.935064935064935
free_market,0,58,77,0.935064935064935
free_market,0,59,78,0.9230769230769231
free_market,0,60,78,0.9230769230769231
free_market,0,61,78,0.9230769230769231
free_market,0,62,79,0.9113924050632911
free_market,0,63,79,0.9240506329113924
free_market,0,64,79,0.9240506329113924
free_market,0,65,79,0.9367088607594937
free_market,0,66,79,0.9367088607594937
free_market,0,67,80,0.925
free_market,0,68,80,0.9375
free_market,0,69,80,0.9375
free_market,0,70,81,0.9382716049382716
free_market,0,71,82,0.926829268292683
free_market,0,72,82,0.9390243902439024
free_market,0,73,83,0.9397590361445783
free_market,0,74,84,0.9285714285714286
free_market,0,75,85,0.9176470588235294
free_market,0,76,85,0.9176470588235294
free_market,0,77,85,0.9294117647058824
free_market,0,78,85,0.9294117647058824
free_market,0,79,86,0.9186046511627907
free_market,0,80,86,0.9186046511627907
free_market,0,81,86,0.9186046511627907
free_market,0,82,87,0.9080459770114943
free_market,0,83,87,0.9195402298850575
free_market,0,84,87,0.9195402298850575
free_market,0,85,88,0.9090909090909091
free_market,0,86,88,0.9090909090909091
free_market,0,87,89,0.9101123595505618
free_market,0,88,90,0.9
free_market,0,89,91,0.8901098901098901
free_market,0,90,92,0.8913043478260869
free_market,0,91,92,0.8913043478260869
free_market,0,92,92,0.8913043478260869
free_market,0,93,93,0.8817204301075269
free_market,0,94,93,0.8817204301075269
free_market,0,95,93,0.8817204301075269
free_market,0,96,93,0.8817204301075269
free_market,0,97,93,0.8924731182795699
free_market,0,98,93,0.8924731182795699
free_market,0,99,93,0.8924731182795699
free_market,0,100,94,0.8829787234042553
free_market,0,101,94,0.8829787234042553
free_market,0,102,94,0.8936170212765957
free_market,0,103,94,0.8936170212765957
free_market,0,104,94,0.8936170212765957
free_market,0,105,94,0.8936170212765957
free_market,0,106,95,0.8842105263157894
free_market,0,107,96,0.875
free_market,0,108,97,0.8762886597938144
free_market,0,109,98,0.8673469387755102
free_market,0,110,98,0.8673469387755102
free_market,0,111,99,0.8585858585858586
free_market,0,112,100,0.85
free_market,0,113,101,0.8415841584158416
free_market,0,114,101,0.8415841584158416
free_market,0,115,102,0.8431372549019608
free_market,0,116,102,0.8431372549019608
free_market,0,117,102,0.8431372549019608
free_market,0,118,103,0.8349514563106796
free_market,0,119,103,0.8446601941747572
free_market,0,120,104,0.8461538461538461
free_market,0,121,104,0.8557692307692307
free_market,0,122,104,0.8557692307692307
free_market,0,123,104,0.8653846153846154
free_market,0,124,104,0.875
free_market,0,125,104,0.875
free_market,0,126,104,0.8846153846153846
free_market,0,127,104,0.8846153846153846
free_market,0,128,105,0.8857142857142857
free_market,0,129,106,0.8867924528301887
free_market,0,130,107,0.8785046728971962
free_market,0,131,108,0.8703703703703703
free_market,0,132,108,0.8796296296296297
free_market,0,133,108,0.8888888888888888
free_market,0,134,109,0.8807339449541285
free_market,0,135,109,0.8807339449541285
free_market,0,136,110,0.8727272727272727
free_market,0,137,111,0.8648648648648649
free_market,0,138,111,0.8648648648648649
free_market,0,139,111,0.8738738738738738
free_market,0,140,112,0.8660714285714286
free_market,0,141,112,0.8660714285714286
free_market,0,142,112,0.8660714285714286
free_market,0,143,112,0.8660714285714286
free_market,0,144,113,0.8584070796460177
free_market,0,145,113,0.8584070796460177
free_market,0,146,114,0.8508771929824561
free_market,0,147,115,0.8434782608695652
free_market,0,148,115,0.8521739130434782
free_market,0,149,115,0.8521739130434782
free_market,0,150,115,0.8521739130434782
free_market,0,151,116,0.8448275862068966
free_market,0,152,116,0.853448275862069
free_market,0,153,116,0.853448275862069
free_market,0,154,116,0.853448275862069
free_market,0,155,116,0.853448275862069
free_market,0,156,116,0.853448275862069
free_market,0,157,116,0.853448275862069
free_market,0,158,117,0.8461538461538461
free_market,0,159,117,0.8461538461538461
free_market,0,160,117,0.8461538461538461
free_market,0,161,118,0.8389830508474576
free_market,0,162,118,0.8389830508474576
free_market,0,163,118,0.8389830508474576
free_market,0,164,119,0.8319327731092437
free_market,0,165,119,0.8319327731092437
free_market,0,166,120,0.825
free_market,0,167,121,0.8181818181818182
free_market,0,168,121,0.8181818181818182
free_market,0,169,121,0.8181818181818182
free_market,0,170,122,0.8114754098360656
free_market,0,171,122,0.8114754098360656
free_market,0,172,123,0.8048780487804879
free_market,0,173,123,0.8048780487804879
free_market,0,174,123,0.8048780487804879
free_market,0,175,123,0.8048780487804879
free_market,0,176,124,0.7983870967741935
free_market,0,177,124,0.8064516129032258
free_market,0,178,124,0.8064516129032258
free_market,0,179,124,0.8064516129032258
free_market,0,180,124,0.8064516129032258
free_market,0,181,125,0.8
free_market,0,182,125,0.8
free_market,0,183,125,0.808
free_market,0,184,126,0.8015873015873016
free_market,0,185,126,0.8015873015873016
free_market,0,186,126,0.8015873015873016
free_market,0,187,126,0.8095238095238095
free_market,0,188,127,0.8031496062992126
free_market,0,189,127,0.8031496062992126
free_market,0,190,127,0.8110236220472441
free_market,0,191,128,0.8046875
free_market,0,192,128,0.8046875
free_market,0,193,128,0.8046875
free_market,0,194,128,0.8125
free_market,0,195,128,0.8125
free_market,0,196,129,0.8062015503875969
free_market,0,197,130,0.8
free_market,0,198,130,0.8
free_market,0,199,131,0.7938931297709924
free_market,0,200,131,0.7938931297709924
free_market,0,201,131,0.7938931297709924
free_market,0,202,131,0.7938931297709924
free_market,0,203,132,0.7878787878787878
free_market,0,204,132,0.7878787878787878
free_market,0,205,132,0.7954545454545454
free_market,0,206,132,0.7954545454545454
free_market,0,207,132,0.7954545454545454
free_market,0,208,132,0.7954545454545454
free_market,0,209,132,0.7954545454545454
free_market,0,210,132,0.7954545454545454
free_market,0,211,132,0.7954545454545454
free_market,0,212,132,0.7954545454545454
free_market,0,213,132,0.7954545454545454
free_market,0,214,132,0.7954545454545454
free_market,0,215,132,0.7954545454545454
free_market,0,216,132,0.7954545454545454
free_market,0,217,132,0.7954545454545454
free_market,0,218,132,0.7954545454545454
free_market,0,219,132,0.7954545454545454
free_market,0,220,132,0.7954545454545454
free_market,0,221,132,0.7954545454545454
free_market,0,222,132,0.7954545454545454
free_market,0,223,132,0.7954545454545454
free_market,0,224,132,0.7954545454545454
free_market,0,225,132,0.7954545454545454
free_market,0,226,132,0.7954545454545454
free_market,0,227,132,0.7954545454545454
free_market,0,228,132,0.7954545454545454
free_market,0,229,132,0.7954545454545454
free_market,0,230,132,0.7954545454545454
free_market,0,231,132,0.7954545454545454
free_market,0,232,132,0.7954545454545454
free_market,0,233,132,0.7954545454545454
free_market,0,234,132,0.7954545454545454
free_market,0,235,132,0.7954545454545454
free_market,0,236,132,0.7954545454545454
free_market,0,237,132,0.7954545454545454
free_market,0,238,132,0.7954545454545454
free_market,0,239,132,0.7954545454545454
free_market,1,0,58,1.0
free_market,1,1,58,1.0
free_market,1,2,58,1.0
free_market,1,3,58,1.0
free_market,1,4,58,1.0
free_market,1,5,59,1.0
free_market,1,6,59,1.0
free_market,1,7,59,1.0
free_market,1,8,59,1.0
free_market,1,9,59,1.0
free_market,1,10,59,1.0
free_market,1,11,59,1.0
free_market,1,12,59,1.0
free_market,1,13,59,1.0
free_market,1,14,59,1.0
free_market,1,15,60,0.9833333333333333
free_market,1,16,61,0.9672131147540983
free_market,1,17,61,0.9672131147540983
free_market,1,18,61,0.9672131147540983
free_market,1,19,62,0.9516129032258065
free_market,1,20,63,0.9365079365079365
free_market,1,21,63,0.9365079365079365
free_market,1,22,64,0.921875
free_market,1,23,64,0.921875
free_market,1,24,65,0.9076923076923077
free_market,1,25,66,0.8939393939393939
free_market,1,26,66,0.9090909090909091
free_market,1,27,67,0.8955223880597015
free_market,1,28,67,0.8955223880597015
free_market,1,29,67,0.9104477611940298
free_market,1,30,68,0.9117647058823529
free_market,1,31,68,0.9117647058823529
free_market,1,32,68,0.9117647058823529
free_market,1,33,69,0.8985507246376812
free_market,1,34,69,0.8985507246376812
free_market,1,35,70,0.8857142857142857
free_market,1,36,70,0.8857142857142857
free_market,1,37,71,0.8732394366197183
free_market,1,38,71,0.8873239436619719
free_market,1,39,71,0.8873239436619719
free_market,1,40,71,0.8873239436619719
free_market,1,41,71,0.9014084507042254
free_market,1,42,71,0.9014084507042254
free_market,1,43,72,0.8888888888888888
free_market,1,44,72,0.8888888888888888
free_market,1,45,72,0.8888888888888888
free_market,1,46,72,0.9027777777777778
free_market,1,47,72,0.9166666666666666
free_market,1,48,72,0.9305555555555556
free_market,1,49,73,0.9315068493150684
free_market,1,50,73,0.9452054794520548
free_market,1,51,73,0.9452054794520548
free_market,1,52,73,0.958904109589041
free_market,1,53,73,0.958904109589041
free_market,1,54,74,0.9594594594594594
free_market,1,55,74,0.972972972972973
free_market,1,56,74,0.972972972972973
free_market,1,57,74,0.972972972972973
free_market,1,58,75,0.96
free_market,1,59,76,0.9473684210526315
free_market,1,60,76,0.9473684210526315
free_market,1,61,76,0.9473684210526315
free_market,1,62,76,0.9605263157894737
free_market,1,63,77,0.948051948051948
free_market,1,64,78,0.9358974358974359
free_market,1,65,78,0.9487179487179487
free_market,1,66,79,0.9367088607594937
free_market,1,67,79,0.9367088607594937
free_market,1,68,80,0.9375
free_market,1,69,81,0.9382716049382716
free_market,1,70,81,0.9382716049382716
free_market,1,71,81,0.9382716049382716
free_market,1,72,81,0.9382716049382716
free_market,1,73,81,0.9382716049382716
free_market,1,74,81,0.9382716049382716
free_market,1,75,81,0.9382716049382716
free_market,1,76,81,0.9382716049382716
free_market,1,77,81,0.9382716049382716
free_market,1,78,81,0.9382716049382716
free_market,1,79,81,0.9382716049382716
free_market,1,80,81,0.9382716049382716
free_market,1,81,81,0.9382716049382716
free_market,1,82,82,0.926829268292683
free_market,1,83,82,0.9390243902439024
free_market,1,84,83,0.927710843373494
free_market,1,85,83,0.927710843373494
free_market,1,86,83,0.927710843373494
free_market,1,87,84,0.9166666666666666
free_market,1,88,85,0.9058823529411765
free_market,1,89,85,0.9058823529411765
free_market,1,90,85,0.9058823529411765
free_market,1,91,85,0.9058823529411765
free_market,1,92,85,0.9058823529411765
free_market,1,93,85,0.9176470588235294
free_market,1,94,85,0.9176470588235294
free_market,1,95,85,0.9176470588235294
free_market,1,96,85,0.9294117647058824
free_market,1,97,85,0.9294117647058824
free_market,1,98,85,0.9411764705882353
free_market,1,99,85,0.9411764705882353
free_market,1,100,86,0.9302325581395349
free_market,1,101,86,0.9302325581395349
free_market,1,102,87,0.9195402298850575
free_market,1,103,87,0.9195402298850575
free_market,1,104,87,0.9195402298850575
free_market,1,105,87,0.9310344827586207
free_market,1,106,87,0.9310344827586207
free_market,1,107,88,0.9204545454545454
free_market,1,108,89,0.9213483146067416
free_market,1,109,90,0.9222222222222223
free_market,1,110,90,0.9222222222222223
free_market,1,111,90,0.9222222222222223
free_market,1,112,90,0.9222222222222223
free_market,1,113,90,0.9222222222222223
free_market,1,114,90,0.9222222222222223
free_market,1,115,90,0.9222222222222223
free_market,1,116,91,0.9120879120879121
free_market,1,117,92,0.9021739130434783
free_market,1,118,92,0.9021739130434783
free_market,1,119,92,0.9021739130434783
free_market,1,120,92,0.9021739130434783
free_market,1,121,93,0.9032258064516129
free_market,1,122,93,0.9032258064516129
free_market,1,123,93,0.9032258064516129
free_market,1,124,93,0.9032258064516129
free_market,1,125,93,0.9139784946236559
free_market,1,126,93,0.9247311827956989
free_market,1,127,93,0.9247311827956989
free_market,1,128,94,0.925531914893617
free_market,1,129,94,0.925531914893617
free_market,1,130,94,0.925531914893617
free_market,1,131,94,0.9361702127659575
free_market,1,132,95,0.9263157894736842
free_market,1,133,95,0.9368421052631579
free_market,1,134,96,0.9270833333333334
free_market,1,135,96,0.9270833333333334
free_market,1,136,97,0.9175257731958762
free_market,1,137,98,0.9081632653061225
free_market,1,138,98,0.9183673469387755
free_market,1,139,99,0.9090909090909091
free_market,1,140,99,0.9090909090909091
free_market,1,141,99,0.9090909090909091
free_market,1,142,99,0.9191919191919192
free_market,1,143,99,0.9191919191919192
free_market,1,144,99,0.9191919191919192
free_market,1,145,100,0.91
free_market,1,146,100,0.91
free_market,1,147,100,0.91
free_market,1,148,101,0.900990099009901
free_market,1,149,102,0.8921568627450981
free_market,1,150,102,0.9019607843137255
free_market,1,151,102,0.9019607843137255
free_market,1,152,102,0.9117647058823529
free_market,1,153,103,0.9029126213592233
free_market,1,154,103,0.912621359223301
free_market,1,155,103,0.912621359223301
free_market,1,156,103,0.912621359223301
free_market,1,157,103,0.912621359223301
free_market,1,158,103,0.912621359223301
free_market,1,159,104,0.9038461538461539
free_market,1,160,105,0.8952380952380953
free_market,1,161,105,0.8952380952380953
free_market,1,162,105,0.9047619047619048
free_market,1,163,105,0.9142857142857143
free_market,1,164,106,0.9150943396226415
free_market,1,165,106,0.9150943396226415
free_market,1,166,106,0.9150943396226415
free_market,1,167,107,0.9065420560747663
free_market,1,168,107,0.9065420560747663
free_market,1,169,107,0.9065420560747663
free_market,1,170,107,0.9158878504672897
free_market,1,171,107,0.9252336448598131
free_market,1,172,108,0.9166666666666666
free_market,1,173,108,0.9259259259259259
free_market,1,174,109,0.9174311926605505
free_market,1,175,109,0.926605504587156
free_market,1,176,110,0.9181818181818182
free_market,1,177,111,0.9099099099099099
free_market,1,178,111,0.918918918918919
free_market,1,179,112,0.9107142857142857
free_market,1,180,112,0.9107142857142857
free_market,1,181,112,0.9107142857142857
free_market,1,182,113,0.9026548672566371
free_market,1,183,113,0.911504424778761
free_market,1,184,113,0.911504424778761
free_market,1,185,114,0.9122807017543859
free_market,1,186,114,0.9122807017543859
free_market,1,187,114,0.9122807017543859
free_market,1,188,115,0.9043478260869565
free_market,1,189,115,0.9043478260869565
free_market,1,190,115,0.9043478260869565
free_market,1,191,116,0.9051724137931034
free_market,1,192,116,0.9137931034482759
free_market,1,193,116,0.9137931034482759
free_market,1,194,116,0.9137931034482759
free_market,1,195,116,0.9224137931034483
free_market,1,196,116,0.9224137931034483
free_market,1,197,116,0.9224137931034483
free_market,1,198,117,0.9145299145299145
free_market,1,199,118,0.9067796610169492
free_market,1,200,118,0.9067796610169492
free_market,1,201,119,0.8991596638655462
free_market,1,202,119,0.8991596638655462
free_market,1,203,119,0.8991596638655462
free_market,1,204,119,0.8991596638655462
free_market,1,205,119,0.907563025210084
free_market,1,206,119,0.907563025210084
free_market,1,207,119,0.907563025210084
free_market,1,208,119,0.907563025210084
free_market,1,209,119,0.907563025210084
free_market,1,210,119,0.907563025210084
free_market,1,211,119,0.907563025210084
free_market,1,212,119,0.907563025210084
free_market,1,213,119,0.907563025210084
free_market,1,214,119,0.907563025210084
free_market,1,215,119,0.9159663865546218
free_market,1,216,119,0.9159663865546218
free_market,1,217,119,0.9159663865546218
free_market,1,218,119,0.9159663865546218
free_market,1,219,119,0.9159663865546218
free_market,1,220,119,0.9159663865546218
free_market,1,221,119,0.9159663865546218
free_market,1,222,119,0.9159663865546218
free_market,1,223,119,0.9159663865546218
free_market,1,224,119,0.9159663865546218
free_market,1,225,119,0.9159663865546218
free_market,1,226,119,0.9159663865546218
free_market,1,227,119,0.9159663865546218
free_market,1,228,119,0.9159663865546218
free_market,1,229,119,0.9159663865546218
free_market,1,230,119,0.9159663865546218
free_market,1,231,119,0.9159663865546218
free_market,1,232,119,0.9159663865546218
free_market,1,233,119,0.9159663865546218
free_market,1,234,119,0.9159663865546218
free_market,1,235,119,0.9159663865546218
free_market,1,236,119,0.9159663865546218
free_market,1,237,119,0.9159663865546218
free_market,1,238,119,0.9159663865546218
free_market,1,239,119,0.9159663865546218
us_federal,0,0,58,1.0
us_federal,0,1,59,1.0
us_federal,0,2,59,1.0
us_federal,0,3,60,1.0
us_federal,0,4,60,1.0
us_federal,0,5,60,1.0
us_federal,0,6,60,1.0
us_federal,0,7,60,1.0
us_federal,0,8,60,1.0
us_federal,0,9,60,1.0
us_federal,0,10,60,1.0
us_federal,0,11,60,1.0
us_federal,0,12,61,1.0
us_federal,0,13,61,1.0
us_federal,0,14,62,0.9838709677419355
us_federal,0,15,62,0.9838709677419355
us_federal,0,16,63,0.9682539682539683
us_federal,0,17,64,0.953125
us_federal,0,18,64,0.96875
us_federal,0,19,65,0.9538461538461539
us_federal,0,20,65,0.9538461538461539
us_federal,0,21,65,0.9538461538461539
us_federal,0,22,65,0.9538461538461539
us_federal,0,23,66,0.9393939393939394
us_federal,0,24,66,0.9545454545454546
us_federal,0,25,66,0.9545454545454546
us_federal,0,26,66,0.9545454545454546
us_federal,0,27,66,0.9696969696969697
us_federal,0,28,66,0.9848484848484849
us_federal,0,29,67,0.9850746268656716
us_federal,0,30,67,1.0
us_federal,0,31,67,1.0
us_federal,0,32,67,1.0
us_federal,0,33,68,1.0
us_federal,0,34,68,1.0
us_federal,0,35,69,0.9855072463768116
us_federal,0,36,70,0.9714285714285714
us_federal,0,37,70,0.9714285714285714
us_federal,0,38,70,0.9714285714285714
us_federal,0,39,71,0.9577464788732394
us_federal,0,40,72,0.9444444444444444
us_federal,0,41,73,0.9315068493150684
us_federal,0,42,73,0.9315068493150684
us_federal,0,43,73,0.9315068493150684
us_federal,0,44,74,0.918918918918919
us_federal,0,45,74,0.918918918918919
us_federal,0,46,75,0.92
us_federal,0,47,75,0.92
us_federal,0,48,75,0.9333333333333333
us_federal,0,49,75,0.9333333333333333
us_federal,0,50,76,0.9342105263157895
us_federal,0,51,76,0.9342105263157895
us_federal,0,52,76,0.9342105263157895
us_federal,0,53,76,0.9473684210526315
us_federal,0,54,77,0.948051948051948
us_federal,0,55,77,0.948051948051948
us_federal,0,56,77,0.948051948051948
us_federal,0,57,77,0.948051948051948
us_federal,0,58,77,0.961038961038961
us_federal,0,59,78,0.9615384615384616
us_federal,0,60,78,0.9615384615384616
us_federal,0,61,78,0.9743589743589743
us_federal,0,62,79,0.9620253164556962
us_federal,0,63,79,0.9620253164556962
us_federal,0,64,79,0.9620253164556962
us_federal,0,65,79,0.9620253164556962
us_federal,0,66,79,0.9620253164556962
us_federal,0,67,80,0.95
us_federal,0,68,80,0.95
us_federal,0,69,80,0.95
us_federal,0,70,81,0.9382716049382716
us_federal,0,71,82,0.926829268292683
us_federal,0,72,82,0.926829268292683
us_federal,0,73,83,0.9156626506024096
us_federal,0,74,84,0.9047619047619048
us_federal,0,75,85,0.9058823529411765
us_federal,0,76,85,0.9058823529411765
us_federal,0,77,85,0.9058823529411765
us_federal,0,78,85,0.9058823529411765
us_federal,0,79,86,0.8953488372093024
us_federal,0,80,86,0.8953488372093024
us_federal,0,81,86,0.8953488372093024
us_federal,0,82,87,0.8850574712643678
us_federal,0,83,87,0.8850574712643678
us_federal,0,84,87,0.896551724137931
us_federal,0,85,88,0.8863636363636364
us_federal,0,86,88,0.8863636363636364
us_federal,0,87,89,0.8764044943820225
us_federal,0,88,90,0.8666666666666667
us_federal,0,89,91,0.8571428571428571
us_federal,0,90,92,0.8478260869565217
us_federal,0,91,92,0.8478260869565217
us_federal,0,92,92,0.8478260869565217
us_federal,0,93,93,0.8387096774193549
us_federal,0,94,93,0.8387096774193549
us_federal,0,95,93,0.8387096774193549
us_federal,0,96,93,0.8387096774193549
us_federal,0,97,93,0.8387096774193549
us_federal,0,98,93,0.8387096774193549
us_federal,0,99,93,0.8387096774193549
us_federal,0,100,94,0.8297872340425532
us_federal,0,101,94,0.8297872340425532
us_federal,0,102,94,0.8297872340425532
us_federal,0,103,94,0.8297872340425532
us_federal,0,104,94,0.8404255319148937
us_federal,0,105,94,0.8404255319148937
us_federal,0,106,95,0.8315789473684211
us_federal,0,107,96,0.8333333333333334
us_federal,0,108,97,0.8247422680412371
us_federal,0,109,98,0.8163265306122449
us_federal,0,110,98,0.826530612244898
us_federal,0,111,99,0.8282828282828283
us_federal,0,112,100,0.82
us_federal,0,113,101,0.8118811881188119
us_federal,0,114,101,0.8118811881188119
us_federal,0,115,102,0.803921568627451
us_federal,0,116,102,0.803921568627451
us_federal,0,117,102,0.8137254901960784
us_federal,0,118,103,0.8058252427184466
us_federal,0,119,103,0.8058252427184466
us_federal,0,120,104,0.7980769230769231
us_federal,0,121,104,0.8076923076923077
us_federal,0,122,104,0.8076923076923077
us_federal,0,123,104,0.8173076923076923
us_federal,0,124,104,0.8269230769230769
us_federal,0,125,104,0.8269230769230769
us_federal,0,126,104,0.8269230769230769
us_federal,0,127,104,0.8269230769230769
us_federal,0,128,105,0.8285714285714286
us_federal,0,129,106,0.8207547169811321
us_federal,0,130,107,0.8130841121495327
us_federal,0,131,108,0.8055555555555556
us_federal,0,132,108,0.8148148148148148
us_federal,0,133,108,0.8148148148148148
us_federal,0,134,109,0.8073394495412844
us_federal,0,135,109,0.8073394495412844
us_federal,0,136,110,0.8
us_federal,0,137,111,0.7927927927927928
us_federal,0,138,111,0.8018018018018018
us_federal,0,139,111,0.8108108108108109
us_federal,0,140,112,0.8125
us_federal,0,141,112,0.8125
us_federal,0,142,112,0.8214285714285714
us_federal,0,143,112,0.8303571428571429
us_federal,0,144,113,0.831858407079646
us_federal,0,145,113,0.831858407079646
us_federal,0,146,114,0.8245614035087719
us_federal,0,147,115,0.8173913043478261
us_federal,0,148,115,0.8173913043478261
us_federal,0,149,115,0.8173913043478261
us_federal,0,150,115,0.8173913043478261
us_federal,0,151,116,0.8189655172413793
us_federal,0,152,116,0.8189655172413793
us_federal,0,153,116,0.8275862068965517
us_federal,0,154,116,0.8362068965517241
us_federal,0,155,116,0.8362068965517241
us_federal,0,156,116,0.8362068965517241
us_federal,0,157,116,0.8362068965517241
us_federal,0,158,117,0.8290598290598291
us_federal,0,159,117,0.8290598290598291
us_federal,0,160,117,0.8290598290598291
us_federal,0,161,118,0.8305084745762712
us_federal,0,162,118,0.8305084745762712
us_federal,0,163,118,0.8305084745762712
us_federal,0,164,119,0.8235294117647058
us_federal,0,165,119,0.8235294117647058
us_federal,0,166,120,0.825
us_federal,0,167,121,0.8181818181818182
us_federal,0,168,121,0.8181818181818182
us_federal,0,169,121,0.8264462809917356
us_federal,0,170,122,0.819672131147541
us_federal,0,171,122,0.819672131147541
us_federal,0,172,123,0.8130081300813008
us_federal,0,173,123,0.8130081300813008
us_federal,0,174,123,0.8211382113821138
us_federal,0,175,123,0.8211382113821138
us_federal,0,176,124,0.8225806451612904
us_federal,0,177,124,0.8225806451612904
us_federal,0,178,124,0.8306451612903226
us_federal,0,179,124,0.8306451612903226
us_federal,0,180,124,0.8306451612903226
us_federal,0,181,125,0.824
us_federal,0,182,125,0.824
us_federal,0,183,125,0.824
us_federal,0,184,126,0.8174603174603174
us_federal,0,185,126,0.8174603174603174
us_federal,0,186,126,0.8253968253968254
us_federal,0,187,126,0.8253968253968254
us_federal,0,188,127,0.8188976377952756
us_federal,0,189,127,0.8188976377952756
us_federal,0,190,127,0.8188976377952756
us_federal,0,191,128,0.8125
us_federal,0,192,128,0.8125
us_federal,0,193,128,0.8203125
us_federal,0,194,128,0.828125
us_federal,0,195,128,0.8359375
us_federal,0,196,129,0.8294573643410853
us_federal,0,197,130,0.823076923076923
us_federal,0,198,130,0.823076923076923
us_federal,0,199,131,0.8244274809160306
us_federal,0,200,131,0.8244274809160306
us_federal,0,201,131,0.8244274809160306
us_federal,0,202,131,0.8244274809160306
us_federal,0,203,132,0.8181818181818182
us_federal,0,204,132,0.8181818181818182
us_federal,0,205,132,0.8257575757575758
us_federal,0,206,132,0.8257575757575758
us_federal,0,207,132,0.8333333333333334
us_federal,0,208,132,0.8333333333333334
us_federal,0,209,132,0.8333333333333334
us_federal,0,210,132,0.8333333333333334
us_federal,0,211,132,0.8409090909090909
us_federal,0,212,132,0.8409090909090909
us_federal,0,213,132,0.8484848484848485
us_federal,0,214,132,0.8484848484848485
us_federal,0,215,132,0.8484848484848485
us_federal,0,216,132,0.8484848484848485
us_federal,0,217,132,0.8484848484848485
us_federal,0,218,132,0.8484848484848485
us_federal,0,219,132,0.8484848484848485
us_federal,0,220,132,0.8484848484848485
us_federal,0,221,132,0.8484848484848485
us_federal,0,222,132,0.8484848484848485
us_federal,0,223,132,0.8484848484848485
us_federal,0,224,132,0.8484848484848485
us_federal,0,225,132,0.8484848484848485
us_federal,0,226,132,0.8484848484848485
us_federal,0,227,132,0.8484848484848485
us_federal,0,228,132,0.8484848484848485
us_federal,0,229,132,0.8484848484848485
us_federal,0,230,132,0.8484848484848485
us_federal,0,231,132,0.8484848484848485
us_federal,0,232,132,0.8484848484848485
us_federal,0,233,132,0.8484848484848485
us_federal,0,234,132,0.8484848484848485
us_federal,0,235,132,0.8484848484848485
us_federal,0,236,132,0.8484848484848485
us_federal,0,237,132,0.8484848484848485
us_federal,0,238,132,0.8484848484848485
us_federal,0,239,132,0.8484848484848485
us_federal,1,0,58,1.0
us_federal,1,1,58,1.0
us_federal,1,2,58,1.0
us_federal,1,3,58,1.0
us_federal,1,4,58,1.0
us_federal,1,5,59,1.0
us_federal,1,6,59,1.0
us_federal,1,7,59,1.0
us_federal,1,8,59,1.0
us_federal,1,9,59,1.0
us_federal,1,10,59,1.0
us_federal,1,11,59,1.0
us_federal,1,12,59,1.0
us_federal,1,13,59,1.0
us_federal,1,14,59,1.0
us_federal,1,15,60,1.0
us_federal,1,16,61,0.9836065573770492
us_federal,1,17,61,0.9836065573770492
us_federal,1,18,61,0.9836065573770492
us_federal,1,19,62,0.967741935483871
us_federal,1,20,63,0.9682539682539683
us_federal,1,21,63,0.9682539682539683
us_federal,1,22,64,0.953125
us_federal,1,23,64,0.96875
us_federal,1,24,65,0.9692307692307692
us_federal,1,25,66,0.9696969696969697
us_federal,1,26,66,0.9696969696969697
us_federal,1,27,67,0.9552238805970149
us_federal,1,28,67,0.9552238805970149
us_federal,1,29,67,0.9552238805970149
us_federal,1,30,68,0.9411764705882353
us_federal,1,31,68,0.9558823529411765
us_federal,1,32,68,0.9558823529411765
us_federal,1,33,69,0.9420289855072463
us_federal,1,34,69,0.9420289855072463
us_federal,1,35,70,0.9285714285714286
us_federal,1,36,70,0.9428571428571428
us_federal,1,37,71,0.9295774647887324
us_federal,1,38,71,0.9436619718309859
us_federal,1,39,71,0.9436619718309859
us_federal,1,40,71,0.9436619718309859
us_federal,1,41,71,0.9436619718309859
us_federal,1,42,71,0.9577464788732394
us_federal,1,43,72,0.9444444444444444
us_federal,1,44,72,0.9444444444444444
us_federal,1,45,72,0.9444444444444444
us_federal,1,46,72,0.9444444444444444
us_federal,1,47,72,0.9444444444444444
us_federal,1,48,72,0.9583333333333334
us_federal,1,49,73,0.9452054794520548
us_federal,1,50,73,0.9452054794520548
us_federal,1,51,73,0.958904109589041
us_federal,1,52,73,0.958904109589041
us_federal,1,53,73,0.958904109589041
us_federal,1,54,74,0.9459459459459459
us_federal,1,55,74,0.9594594594594594
us_federal,1,56,74,0.972972972972973
us_federal,1,57,74,0.9864864864864865
us_federal,1,58,75,0.9866666666666667
us_federal,1,59,76,0.9868421052631579
us_federal,1,60,76,0.9868421052631579
us_federal,1,61,76,0.9868421052631579
us_federal,1,62,76,0.9868421052631579
us_federal,1,63,77,0.974025974025974
us_federal,1,64,78,0.9615384615384616
us_federal,1,65,78,0.9615384615384616
us_federal,1,66,79,0.9493670886075949
us_federal,1,67,79,0.9493670886075949
us_federal,1,68,80,0.9375
us_federal,1,69,81,0.9382716049382716
us_federal,1,70,81,0.9382716049382716
us_federal,1,71,81,0.9382716049382716
us_federal,1,72,81,0.9506172839506173
us_federal,1,73,81,0.9506172839506173
us_federal,1,74,81,0.9506172839506173
us_federal,1,75,81,0.9506172839506173
us_federal,1,76,81,0.9506172839506173
us_federal,1,77,81,0.9506172839506173
us_federal,1,78,81,0.9506172839506173
us_federal,1,79,81,0.9629629629629629
us_federal,1,80,81,0.9629629629629629
us_federal,1,81,81,0.9753086419753086
us_federal,1,82,82,0.9634146341463414
us_federal,1,83,82,0.9634146341463414
us_federal,1,84,83,0.963855421686747
us_federal,1,85,83,0.963855421686747
us_federal,1,86,83,0.963855421686747
us_federal,1,87,84,0.9523809523809523
us_federal,1,88,85,0.9529411764705882
us_federal,1,89,85,0.9647058823529412
us_federal,1,90,85,0.9647058823529412
us_federal,1,91,85,0.9647058823529412
us_federal,1,92,85,0.9647058823529412
us_federal,1,93,85,0.9647058823529412
us_federal,1,94,85,0.9647058823529412
us_federal,1,95,85,0.9647058823529412
us_federal,1,96,85,0.9764705882352941
us_federal,1,97,85,0.9764705882352941
us_federal,1,98,85,0.9882352941176471
us_federal,1,99,85,0.9882352941176471
us_federal,1,100,86,0.9883720930232558
us_federal,1,101,86,0.9883720930232558
us_federal,1,102,87,0.9770114942528736
us_federal,1,103,87,0.9770114942528736
us_federal,1,104,87,0.9770114942528736
us_federal,1,105,87,0.9770114942528736
us_federal,1,106,87,0.9770114942528736
us_federal,1,107,88,0.9772727272727273
us_federal,1,108,89,0.9662921348314607
us_federal,1,109,90,0.9666666666666667
us_federal,1,110,90,0.9666666666666667
us_federal,1,111,90,0.9666666666666667
us_federal,1,112,90,0.9777777777777777
us_federal,1,113,90,0.9777777777777777
us_federal,1,114,90,0.9888888888888889
us_federal,1,115,90,0.9888888888888889
us_federal,1,116,91,0.978021978021978
us_federal,1,117,92,0.967391304347826
us_federal,1,118,92,0.9782608695652174
us_federal,1,119,92,0.9782608695652174
us_federal,1,120,92,0.9891304347826086
us_federal,1,121,93,0.978494623655914
us_federal,1,122,93,0.989247311827957
us_federal,1,123,93,0.989247311827957
us_federal,1,124,93,0.989247311827957
us_federal,1,125,93,0.989247311827957
us_federal,1,126,93,0.989247311827957
us_federal,1,127,93,0.989247311827957
us_federal,1,128,94,0.9787234042553191
us_federal,1,129,94,0.9787234042553191
us_federal,1,130,94,0.9787234042553191
us_federal,1,131,94,0.9787234042553191
us_federal,1,132,95,0.968421052631579
us_federal,1,133,95,0.968421052631579
us_federal,1,134,96,0.96875
us_federal,1,135,96,0.96875
us_federal,1,136,97,0.9587628865979382
us_federal,1,137,98,0.9489795918367347
us_federal,1,138,98,0.9489795918367347
us_federal,1,139,99,0.9393939393939394
us_federal,1,140,99,0.9393939393939394
us_federal,1,141,99,0.9393939393939394
us_federal,1,142,99,0.9393939393939394
us_federal,1,143,99,0.9393939393939394
us_federal,1,144,99,0.9393939393939394
us_federal,1,145,100,0.94
us_federal,1,146,100,0.95
us_federal,1,147,100,0.95
us_federal,1,148,101,0.9405940594059405
us_federal,1,149,102,0.9411764705882353
us_federal,1,150,102,0.9411764705882353
us_federal,1,151,102,0.9509803921568627
us_federal,1,152,102,0.9509803921568627
us_federal,1,153,103,0.941747572815534
us_federal,1,154,103,0.9514563106796117
us_federal,1,155,103,0.9514563106796117
us_federal,1,156,103,0.9514563106796117
us_federal,1,157,103,0.9514563106796117
us_federal,1,158,103,0.9514563106796117
us_federal,1,159,104,0.9519230769230769
us_federal,1,160,105,0.9523809523809523
us_federal,1,161,105,0.9523809523809523
us_federal,1,162,105,0.9523809523809523
us_federal,1,163,105,0.9619047619047619
us_federal,1,164,106,0.9622641509433962
us_federal,1,165,106,0.9622641509433962
us_federal,1,166,106,0.9622641509433962
us_federal,1,167,107,0.9532710280373832
us_federal,1,168,107,0.9626168224299065
us_federal,1,169,107,0.9626168224299065
us_federal,1,170,107,0.9626168224299065
us_federal,1,171,107,0.9719626168224299
us_federal,1,172,108,0.9629629629629629
us_federal,1,173,108,0.9629629629629629
us_federal,1,174,109,0.9541284403669725
us_federal,1,175,109,0.963302752293578
us_federal,1,176,110,0.9545454545454546
us_federal,1,177,111,0.9459459459459459
us_federal,1,178,111,0.9459459459459459
us_federal,1,179,112,0.9375
us_federal,1,180,112,0.9375
us_federal,1,181,112,0.9375
us_federal,1,182,113,0.9292035398230089
us_federal,1,183,113,0.9292035398230089
us_federal,1,184,113,0.9292035398230089
us_federal,1,185,114,0.9210526315789473
us_federal,1,186,114,0.9298245614035088
us_federal,1,187,114,0.9298245614035088
us_federal,1,188,115,0.9217391304347826
us_federal,1,189,115,0.9217391304347826
us_federal,1,190,115,0.9217391304347826
us_federal,1,191,116,0.9137931034482759
us_federal,1,192,116,0.9137931034482759
us_federal,1,193,116,0.9137931034482759
us_federal,1,194,116,0.9137931034482759
us_federal,1,195,116,0.9137931034482759
us_federal,1,196,116,0.9137931034482759
us_federal,1,197,116,0.9137931034482759
us_federal,1,198,117,0.905982905982906
us_federal,1,199,118,0.8983050847457628
us_federal,1,200,118,0.8983050847457628
us_federal,1,201,119,0.8907563025210085
us_federal,1,202,119,0.8907563025210085
us_federal,1,203,119,0.8907563025210085
us_federal,1,204,119,0.8907563025210085
us_federal,1,205,119,0.8907563025210085
us_federal,1,206,119,0.8907563025210085
us_federal,1,207,119,0.8907563025210085
us_federal,1,208,119,0.8907563025210085
us_federal,1,209,119,0.8907563025210085
us_federal,1,210,119,0.8907563025210085
us_federal,1,211,119,0.8907563025210085
us_federal,1,212,119,0.8907563025210085
us_federal,1,213,119,0.8907563025210085
us_federal,1,214,119,0.8907563025210085
us_federal,1,215,119,0.8907563025210085
us_federal,1,216,119,0.8907563025210085
us_federal,1,217,119,0.8907563025210085
us_federal,1,218,119,0.8907563025210085
us_federal,1,219,119,0.8907563025210085
us_federal,1,220,119,0.8907563025210085
us_federal,1,221,119,0.8907563025210085
us_federal,1,222,119,0.8907563025210085
us_federal,1,223,119,0.8907563025210085
us_federal,1,224,119,0.8907563025210085
us_federal,1,225,119,0.8907563025210085
us_federal,1,226,119,0.8907563025210085
us_federal,1,227,119,0.8907563025210085
us_federal,1,228,119,0.8907563025210085
us_federal,1,229,119,0.8907563025210085
us_federal,1,230,119,0.8907563025210085
us_federal,1,231,119,0.8907563025210085
us_federal,1,232,119,0.8907563025210085
us_federal,1,233,119,0.8907563025210085
us_federal,1,234,119,0.8907563025210085
us_federal,1,235,119,0.8907563025210085
us_federal,1,236,119,0.8907563025210085
us_federal,1,237,119,0.8907563025210085
us_federal,1,238,119,0.8907563025210085
us_federal,1,239,119,0.8907563025210085
saez,0,0,58,1.0
saez,0,1,59,1.0
saez,0,2,59,1.0
saez,0,3,60,1.0
saez,0,4,60,1.0
saez,0,5,60,1.0
saez,0,6,60,1.0
saez,0,7,60,1.0
saez,0,8,60,1.0
saez,0,9,60,1.0
saez,0,10,60,1.0
saez,0,11,60,1.0
saez,0,12,61,1.0
saez,0,13,61,1.0
saez,0,14,62,1.0
saez,0,15,62,1.0
saez,0,16,63,1.0
saez,0,17,64,0.984375
saez,0,18,64,0.984375
saez,0,19,65,0.9692307692307692
saez,0,20,65,0.9692307692307692
saez,0,21,65,0.5846153846153846
saez,0,22,65,0.5846153846153846
saez,0,23,66,0.5757575757575758
saez,0,24,66,0.5757575757575758
saez,0,25,66,0.5757575757575758
saez,0,26,66,0.16666666666666666
saez,0,27,66,0.16666666666666666
saez,0,28,66,0.16666666666666666
saez,0,29,67,0.16417910447761194
saez,0,30,67,0.16417910447761194
saez,0,31,67,0.16417910447761194
saez,0,32,67,0.16417910447761194
saez,0,33,68,0.16176470588235295
saez,0,34,68,0.16176470588235295
saez,0,35,69,0.15942028985507245
saez,0,36,70,0.15714285714285714
saez,0,37,70,0.15714285714285714
saez,0,38,70,0.15714285714285714
saez,0,39,71,0.15492957746478872
saez,0,40,72,0.1527777777777778
saez,0,41,73,0.1506849315068493
saez,0,42,73,0.1506849315068493
saez,0,43,73,0.1506849315068493
saez,0,44,74,0.14864864864864866
saez,0,45,74,0.14864864864864866
saez,0,46,75,0.14666666666666667
saez,0,47,75,0.14666666666666667
saez,0,48,75,0.14666666666666667
saez,0,49,75,0.14666666666666667
saez,0,50,76,0.14473684210526316
saez,0,51,76,0.14473684210526316
saez,0,52,76,0.14473684210526316
saez,0,53,76,0.14473684210526316
saez,0,54,77,0.14285714285714285
saez,0,55,77,0.14285714285714285
saez,0,56,77,0.14285714285714285
saez,0,57,77,0.14285714285714285
saez,0,58,77,0.14285714285714285
saez,0,59,78,0.14102564102564102
saez,0,60,78,0.14102564102564102
saez,0,61,78,0.14102564102564102
saez,0,62,79,0.13924050632911392
saez,0,63,79,0.13924050632911392
saez,0,64,79,0.13924050632911392
saez,0,65,79,0.13924050632911392
saez,0,66,79,0.13924050632911392
saez,0,67,80,0.1375
saez,0,68,80,0.1375
saez,0,69,80,0.1375
saez,0,70,81,0.13580246913580246
saez,0,71,82,0.13414634146341464
saez,0,72,82,0.13414634146341464
saez,0,73,83,0.13253012048192772
saez,0,74,84,0.13095238095238096
saez,0,75,85,0.12941176470588237
saez,0,76,85,0.12941176470588237
saez,0,77,85,0.12941176470588237
saez,0,78,85,0.12941176470588237
saez,0,79,86,0.12790697674418605
saez,0,80,86,0.12790697674418605
saez,0,81,86,0.09302325581395349
saez,0,82,87,0.09195402298850575
saez,0,83,87,0.09195402298850575
saez,0,84,87,0.09195402298850575
saez,0,85,88,0.09090909090909091
saez,0,86,88,0.09090909090909091
saez,0,87,89,0.0898876404494382
saez,0,88,90,0.08888888888888889
saez,0,89,91,0.08791208791208792
saez,0,90,92,0.08695652173913043
saez,0,91,92,0.08695652173913043
saez,0,92,92,0.08695652173913043
saez,0,93,93,0.08602150537634409
saez,0,94,93,0.08602150537634409
saez,0,95,93,0.08602150537634409
saez,0,96,93,0.08602150537634409
saez,0,97,93,0.08602150537634409
saez,0,98,93,0.08602150537634409
saez,0,99,93,0.08602150537634409
saez,0,100,94,0.0851063829787234
saez,0,101,94,0.0851063829787234
saez,0,102,94,0.0851063829787234
saez,0,103,94,0.0851063829787234
saez,0,104,94,0.0851063829787234
saez,0,105,94,0.0851063829787234
saez,0,106,95,0.08421052631578947
saez,0,107,96,0.08333333333333333
saez,0,108,97,0.08247422680412371
saez,0,109,98,0.08163265306122448
saez,0,110,98,0.08163265306122448
saez,0,111,99,0.08080808080808081
saez,0,112,100,0.08
saez,0,113,101,0.07920792079207921
saez,0,114,101,0.07920792079207921
saez,0,115,102,0.0784313725490196
saez,0,116,102,0.0784313725490196
saez,0,117,102,0.0784313725490196
saez,0,118,103,0.07766990291262135
saez,0,119,103,0.07766990291262135
saez,0,120,104,0.07692307692307693
saez,0,121,104,0.07692307692307693
saez,0,122,104,0.07692307692307693
saez,0,123,104,0.07692307692307693
saez,0,124,104,0.07692307692307693
saez,0,125,104,0.07692307692307693
saez,0,126,104,0.07692307692307693
saez,0,127,104,0.07692307692307693
saez,0,128,105,0.0761904761904762
saez,0,129,106,0.07547169811320754
saez,0,130,107,0.07476635514018691
saez,0,131,108,0.07407407407407407
saez,0,132,108,0.07407407407407407
saez,0,133,108,0.07407407407407407
saez,0,134,109,0.07339449541284404
saez,0,135,109,0.07339449541284404
saez,0,136,110,0.07272727272727272
saez,0,137,111,0.07207207207207207
saez,0,138,111,0.07207207207207207
saez,0,139,111,0.07207207207207207
saez,0,140,112,0.07142857142857142
saez,0,141,112,0.07142857142857142
saez,0,142,112,0.07142857142857142
saez,0,143,112,0.07142857142857142
saez,0,144,113,0.07079646017699115
saez,0,145,113,0.07079646017699115
saez,0,146,114,0.07017543859649122
saez,0,147,115,0.06956521739130435
saez,0,148,115,0.06956521739130435
saez,0,149,115,0.06956521739130435
saez,0,150,115,0.06956521739130435
saez,0,151,116,0.06896551724137931
saez,0,152,116,0.06896551724137931
saez,0,153,116,0.06896551724137931
saez,0,154,116,0.06896551724137931
saez,0,155,116,0.06896551724137931
saez,0,156,116,0.06896551724137931
saez,0,157,116,0.06896551724137931
saez,0,158,117,0.06837606837606838
saez,0,159,117,0.06837606837606838
saez,0,160,117,0.06837606837606838
saez,0,161,118,0.06779661016949153
saez,0,162,118,0.06779661016949153
saez,0,163,118,0.06779661016949153
saez,0,164,119,0.06722689075630252
saez,0,165,119,0.06722689075630252
saez,0,166,120,0.06666666666666667
saez,0,167,121,0.06611570247933884
saez,0,168,121,0.06611570247933884
saez,0,169,121,0.06611570247933884
saez,0,170,122,0.06557377049180328
saez,0,171,122,0.06557377049180328
saez,0,172,123,0.06504065040650407
saez,0,173,123,0.06504065040650407
saez,0,174,123,0.06504065040650407
saez,0,175,123,0.06504065040650407
saez,0,176,124,0.06451612903225806
saez,0,177,124,0.06451612903225806
saez,0,178,124,0.06451612903225806
saez,0,179,124,0.06451612903225806
saez,0,180,124,0.06451612903225806
saez,0,181,125,0.064
saez,0,182,125,0.064
saez,0,183,125,0.064
saez,0,184,126,0.06349206349206349
saez,0,185,126,0.06349206349206349
saez,0,186,126,0.06349206349206349
saez,0,187,126,0.06349206349206349
saez,0,188,127,0.06299212598425197
saez,0,189,127,0.06299212598425197
saez,0,190,127,0.06299212598425197
saez,0,191,128,0.0625
saez,0,192,128,0.0625
saez,0,193,128,0.0625
saez,0,194,128,0.0625
saez,0,195,128,0.0625
saez,0,196,129,0.06201550387596899
saez,0,197,130,0.06153846153846154
saez,0,198,130,0.06153846153846154
saez,0,199,131,0.061068702290076333
saez,0,200,131,0.061068702290076333
saez,0,201,131,0.061068702290076333
saez,0,202,131,0.061068702290076333
saez,0,203,132,0.06060606060606061
saez,0,204,132,0.06060606060606061
saez,0,205,132,0.06060606060606061
saez,0,206,132,0.06060606060606061
saez,0,207,132,0.06060606060606061
saez,0,208,132,0.06060606060606061
saez,0,209,132,0.06060606060606061
saez,0,210,132,0.06060606060606061
saez,0,211,132,0.06060606060606061
saez,0,212,132,0.06060606060606061
saez,0,213,132,0.06060606060606061
saez,0,214,132,0.06060606060606061
saez,0,215,132,0.06060606060606061
saez,0,216,132,0.06060606060606061
saez,0,217,132,0.06060606060606061
saez,0,218,132,0.06060606060606061
saez,0,219,132,0.06060606060606061
saez,0,220,132,0.06060606060606061
saez,0,221,132,0.06060606060606061
saez,0,222,132,0.06060606060606061
saez,0,223,132,0.06060606060606061
saez,0,224,132,0.06060606060606061
saez,0,225,132,0.06060606060606061
saez,0,226,132,0.06060606060606061
saez,0,227,132,0.06060606060606061
saez,0,228,132,0.06060606060606061
saez,0,229,132,0.06060606060606061
saez,0,230,132,0.06060606060606061
saez,0,231,132,0.06060606060606061
saez,0,232,132,0.06060606060606061
saez,0,233,132,0.06060606060606061
saez,0,234,132,0.06060606060606061
saez,0,235,132,0.06060606060606061
saez,0,236,132,0.06060606060606061
saez,0,237,132,0.06060606060606061
saez,0,238,132,0.06060606060606061
saez,0,239,132,0.06060606060606061
saez,1,0,58,1.0
saez,1,1,58,1.0
saez,1,2,58,1.0
saez,1,3,58,1.0
saez,1,4,58,1.0
saez,1,5,59,1.0
saez,1,6,59,1.0
saez,1,7,59,1.0
saez,1,8,59,1.0
saez,1,9,59,1.0
saez,1,10,59,1.0
saez,1,11,59,1.0
saez,1,12,59,1.0
saez,1,13,59,1.0
saez,1,14,59,1.0
saez,1,15,60,1.0
saez,1,16,61,0.9836065573770492
saez,1,17,61,0.9836065573770492
saez,1,18,61,0.9836065573770492
saez,1,19,62,0.967741935483871
saez,1,20,63,0.9523809523809523
saez,1,21,63,0.9523809523809523
saez,1,22,64,0.9375
saez,1,23,64,0.9375
saez,1,24,65,0.5846153846153846
saez,1,25,66,0.5757575757575758
saez,1,26,66,0.5757575757575758
saez,1,27,67,0.5671641791044776
saez,1,28,67,0.5671641791044776
saez,1,29,67,0.4925373134328358
saez,1,30,68,0.4852941176470588
saez,1,31,68,0.4852941176470588
saez,1,32,68,0.4852941176470588
saez,1,33,69,0.4782608695652174
saez,1,34,69,0.4782608695652174
saez,1,35,70,0.4714285714285714
saez,1,36,70,0.4714285714285714
saez,1,37,71,0.4647887323943662
saez,1,38,71,0.4647887323943662
saez,1,39,71,0.4647887323943662
saez,1,40,71,0.4647887323943662
saez,1,41,71,0.1267605633802817
saez,1,42,71,0.1267605633802817
saez,1,43,72,0.125
saez,1,44,72,0.125
saez,1,45,72,0.125
saez,1,46,72,0.125
saez,1,47,72,0.125
saez,1,48,72,0.125
saez,1,49,73,0.1232876712328767
saez,1,50,73,0.1232876712328767
saez,1,51,73,0.1232876712328767
saez,1,52,73,0.1232876712328767
saez,1,53,73,0.1232876712328767
saez,1,54,74,0.12162162162162163
saez,1,55,74,0.12162162162162163
saez,1,56,74,0.12162162162162163
saez,1,57,74,0.12162162162162163
saez,1,58,75,0.12
saez,1,59,76,0.11842105263157894
saez,1,60,76,0.11842105263157894
saez,1,61,76,0.11842105263157894
saez,1,62,76,0.11842105263157894
saez,1,63,77,0.11688311688311688
saez,1,64,78,0.11538461538461539
saez,1,65,78,0.11538461538461539
saez,1,66,79,0.11392405063291139
saez,1,67,79,0.11392405063291139
saez,1,68,80,0.1125
saez,1,69,81,0.1111111111111111
saez,1,70,81,0.1111111111111111
saez,1,71,81,0.1111111111111111
saez,1,72,81,0.1111111111111111
saez,1,73,81,0.1111111111111111
saez,1,74,81,0.1111111111111111
saez,1,75,81,0.1111111111111111
saez,1,76,81,0.1111111111111111
saez,1,77,81,0.1111111111111111
saez,1,78,81,0.1111111111111111
saez,1,79,81,0.1111111111111111
saez,1,80,81,0.1111111111111111
saez,1,81,81,0.1111111111111111
saez,1,82,82,0.10975609756097561
saez,1,83,82,0.10975609756097561
saez,1,84,83,0.10843373493975904
saez,1,85,83,0.10843373493975904
saez,1,86,83,0.0963855421686747
saez,1,87,84,0.09523809523809523
saez,1,88,85,0.09411764705882353
saez,1,89,85,0.09411764705882353
saez,1,90,85,0.09411764705882353
saez,1,91,85,0.09411764705882353
saez,1,92,85,0.09411764705882353
saez,1,93,85,0.09411764705882353
saez,1,94,85,0.09411764705882353
saez,1,95,85,0.09411764705882353
saez,1,96,85,0.09411764705882353
saez,1,97,85,0.09411764705882353
saez,1,98,85,0.09411764705882353
saez,1,99,85,0.09411764705882353
saez,1,100,86,0.09302325581395349
saez,1,101,86,0.09302325581395349
saez,1,102,87,0.09195402298850575
saez,1,103,87,0.09195402298850575
saez,1,104,87,0.09195402298850575
saez,1,105,87,0.09195402298850575
saez,1,106,87,0.09195402298850575
saez,1,107,88,0.09090909090909091
saez,1,108,89,0.0898876404494382
saez,1,109,90,0.08888888888888889
saez,1,110,90,0.08888888888888889
saez,1,111,90,0.08888888888888889
saez,1,112,90,0.08888888888888889
saez,1,113,90,0.08888888888888889
saez,1,114,90,0.08888888888888889
saez,1,115,90,0.08888888888888889
saez,1,116,91,0.08791208791208792
saez,1,117,92,0.08695652173913043
saez,1,118,92,0.08695652173913043
saez,1,119,92,0.08695652173913043
saez,1,120,92,0.08695652173913043
saez,1,121,93,0.08602150537634409
saez,1,122,93,0.08602150537634409
saez,1,123,93,0.08602150537634409
saez,1,124,93,0.08602150537634409
saez,1,125,93,0.08602150537634409
saez,1,126,93,0.08602150537634409
saez,1,127,93,0.08602150537634409
saez,1,128,94,0.0851063829787234
saez,1,129,94,0.0851063829787234
saez,1,130,94,0.0851063829787234
saez,1,131,94,0.0851063829787234
saez,1,132,95,0.08421052631578947
saez,1,133,95,0.08421052631578947
saez,1,134,96,0.08333333333333333
saez,1,135,96,0.08333333333333333
saez,1,136,97,0.08247422680412371
saez,1,137,98,0.08163265306122448
saez,1,138,98,0.08163265306122448
saez,1,139,99,0.08080808080808081
saez,1,140,99,0.08080808080808081
saez,1,141,99,0.08080808080808081
saez,1,142,99,0.08080808080808081
saez,1,143,99,0.08080808080808081
saez,1,144,99,0.08080808080808081
saez,1,145,100,0.08
saez,1,146,100,0.08
saez,1,147,100,0.08
saez,1,148,101,0.07920792079207921
saez,1,149,102,0.0784313725490196
saez,1,150,102,0.0784313725490196
saez,1,151,102,0.0784313725490196
saez,1,152,102,0.0784313725490196
saez,1,153,103,0.07766990291262135
saez,1,154,103,0.07766990291262135
saez,1,155,103,0.07766990291262135
saez,1,156,103,0.07766990291262135
saez,1,157,103,0.07766990291262135
saez,1,158,103,0.07766990291262135
saez,1,159,104,0.07692307692307693
saez,1,160,105,0.0761904761904762
saez,1,161,105,0.0761904761904762
saez,1,162,105,0.0761904761904762
saez,1,163,105,0.0761904761904762
saez,1,164,106,0.07547169811320754
saez,1,165,106,0.07547169811320754
saez,1,166,106,0.07547169811320754
saez,1,167,107,0.07476635514018691
saez,1,168,107,0.07476635514018691
saez,1,169,107,0.07476635514018691
saez,1,170,107,0.07476635514018691
saez,1,171,107,0.07476635514018691
saez,1,172,108,0.07407407407407407
saez,1,173,108,0.07407407407407407
saez,1,174,109,0.07339449541284404
saez,1,175,109,0.07339449541284404
saez,1,176,110,0.07272727272727272
saez,1,177,111,0.07207207207207207
saez,1,178,111,0.07207207207207207
saez,1,179,112,0.07142857142857142
saez,1,180,112,0.07142857142857142
saez,1,181,112,0.07142857142857142
saez,1,182,113,0.07079646017699115
saez,1,183,113,0.07079646017699115
saez,1,184,113,0.07079646017699115
saez,1,185,114,0.07017543859649122
saez,1,186,114,0.07017543859649122
saez,1,187,114,0.07017543859649122
saez,1,188,115,0.06956521739130435
saez,1,189,115,0.06956521739130435
saez,1,190,115,0.06956521739130435
saez,1,191,116,0.06896551724137931
saez,1,192,116,0.06896551724137931
saez,1,193,116,0.06896551724137931
saez,1,194,116,0.06896551724137931
saez,1,195,116,0.06896551724137931
saez,1,196,116,0.06896551724137931
saez,1,197,116,0.06896551724137931
saez,1,198,117,0.06837606837606838
saez,1,199,118,0.06779661016949153
saez,1,200,118,0.06779661016949153
saez,1,201,119,0.06722689075630252
saez,1,202,119,0.06722689075630252
saez,1,203,119,0.06722689075630252
saez,1,204,119,0.06722689075630252
saez,1,205,119,0.06722689075630252
saez,1,206,119,0.06722689075630252
saez,1,207,119,0.06722689075630252
saez,1,208,119,0.06722689075630252
saez,1,209,119,0.06722689075630252
saez,1,210,119,0.06722689075630252
saez,1,211,119,0.06722689075630252
saez,1,212,119,0.06722689075630252
saez,1,213,119,0.06722689075630252
saez,1,214,119,0.06722689075630252
saez,1,215,119,0.06722689075630252
saez,1,216,119,0.06722689075630252
saez,1,217,119,0.06722689075630252
saez,1,218,119,0.06722689075630252
saez,1,219,119,0.06722689075630252
saez,1,220,119,0.06722689075630252
saez,1,221,119,0.06722689075630252
saez,1,222,119,0.06722689075630252
saez,1,223,119,0.06722689075630252
saez,1,224,119,0.06722689075630252
saez,1,225,119,0.06722689075630252
saez,1,226,119,0.06722689075630252
saez,1,227,119,0.06722689075630252
saez,1,228,119,0.06722689075630252
saez,1,229,119,0.06722689075630252
saez,1,230,119,0.06722689075630252
saez,1,231,119,0.06722689075630252
saez,1,232,119,0.06722689075630252
saez,1,233,119,0.06722689075630252
saez,1,234,119,0.06722689075630252
saez,1,235,119,0.06722689075630252
saez,1,236,119,0.06722689075630252
saez,1,237,119,0.06722689075630252
saez,1,238,119,0.06722689075630252
saez,1,239,119,0.06722689075630252
free_market+rl_aux,0,0,58,1.0
free_market+rl_aux,0,1,59,1.0
free_market+rl_aux,0,2,59,1.0
free_market+rl_aux,0,3,60,1.0
free_market+rl_aux,0,4,60,1.0
free_market+rl_aux,0,5,60,1.0
free_market+rl_aux,0,6,60,1.0
free_market+rl_aux,0,7,60,1.0
free_market+rl_aux,0,8,60,1.0
free_market+rl_aux,0,9,60,1.0
free_market+rl_aux,0,10,60,1.0
free_market+rl_aux,0,11,60,1.0
free_market+rl_aux,0,12,61,1.0
free_market+rl_aux,0,13,61,1.0
free_market+rl_aux,0,14,62,1.0
free_market+rl_aux,0,15,62,1.0
free_market+rl_aux,0,16,63,0.9841269841269841
free_market+rl_aux,0,17,64,0.96875
free_market+rl_aux,0,18,64,0.96875
free_market+rl_aux,0,19,65,0.9538461538461539
free_market+rl_aux,0,20,65,0.9538461538461539
free_market+rl_aux,0,21,65,0.9538461538461539
free_market+rl_aux,0,22,65,0.9538461538461539
free_market+rl_aux,0,23,66,0.9393939393939394
free_market+rl_aux,0,24,66,0.9393939393939394
free_market+rl_aux,0,25,66,0.9393939393939394
free_market+rl_aux,0,26,66,0.9393939393939394
free_market+rl_aux,0,27,66,0.9545454545454546
free_market+rl_aux,0,28,66,0.9545454545454546
free_market+rl_aux,0,29,67,0.9402985074626866
free_market+rl_aux,0,30,67,0.9402985074626866
free_market+rl_aux,0,31,67,0.9552238805970149
free_market+rl_aux,0,32,67,0.9552238805970149
free_market+rl_aux,0,33,68,0.9411764705882353
free_market+rl_aux,0,34,68,0.9558823529411765
free_market+rl_aux,0,35,69,0.9565217391304348
free_market+rl_aux,0,36,70,0.9428571428571428
free_market+rl_aux,0,37,70,0.9571428571428572
free_market+rl_aux,0,38,70,0.9571428571428572
free_market+rl_aux,0,39,71,0.9436619718309859
free_market+rl_aux,0,40,72,0.9444444444444444
free_market+rl_aux,0,41,73,0.9452054794520548
free_market+rl_aux,0,42,73,0.9452054794520548
free_market+rl_aux,0,43,73,0.9452054794520548
free_market+rl_aux,0,44,74,0.9324324324324325
free_market+rl_aux,0,45,74,0.9459459459459459
free_market+rl_aux,0,46,75,0.9333333333333333
free_market+rl_aux,0,47,75,0.9333333333333333
free_market+rl_aux,0,48,75,0.9333333333333333
free_market+rl_aux,0,49,75,0.9466666666666667
free_market+rl_aux,0,50,76,0.9473684210526315
free_market+rl_aux,0,51,76,0.9473684210526315
free_market+rl_aux,0,52,76,0.9473684210526315
free_market+rl_aux,0,53,76,0.9473684210526315
free_market+rl_aux,0,54,77,0.935064935064935
free_market+rl_aux,0,55,77,0.935064935064935
free_market+rl_aux,0,56,77,0.935064935064935
free_market+rl_aux,0,57,77,0.935064935064935
free_market+rl_aux,0,58,77,0.935064935064935
free_market+rl_aux,0,59,78,0.9230769230769231
free_market+rl_aux,0,60,78,0.9230769230769231
free_market+rl_aux,0,61,78,0.9230769230769231
free_market+rl_aux,0,62,79,0.9113924050632911
free_market+rl_aux,0,63,79,0.9240506329113924
free_market+rl_aux,0,64,79,0.9240506329113924
free_market+rl_aux,0,65,79,0.9367088607594937
free_market+rl_aux,0,66,79,0.9367088607594937
free_market+rl_aux,0,67,80,0.925
free_market+rl_aux,0,68,80,0.9375
free_market+rl_aux,0,69,80,0.9375
free_market+rl_aux,0,70,81,0.9382716049382716
free_market+rl_aux,0,71,82,0.926829268292683
free_market+rl_aux,0,72,82,0.9390243902439024
free_market+rl_aux,0,73,83,0.9397590361445783
free_market+rl_aux,0,74,84,0.9285714285714286
free_market+rl_aux,0,75,85,0.9176470588235294
free_market+rl_aux,0,76,85,0.9176470588235294
free_market+rl_aux,0,77,85,0.9294117647058824
free_market+rl_aux,0,78,85,0.9294117647058824
free_market+rl_aux,0,79,86,0.9186046511627907
free_market+rl_aux,0,80,86,0.9186046511627907
free_market+rl_aux,0,81,86,0.9186046511627907
free_market+rl_aux,0,82,87,0.9080459770114943
free_market+rl_aux,0,83,87,0.9195402298850575
free_market+rl_aux,0,84,87,0.9195402298850575
free_market+rl_aux,0,85,88,0.9090909090909091
free_market+rl_aux,0,86,88,0.9090909090909091
free_market+rl_aux,0,87,89,0.9101123595505618
free_market+rl_aux,0,88,90,0.9
free_market+rl_aux,0,89,91,0.8901098901098901
free_market+rl_aux,0,90,92,0.8913043478260869
free_market+rl_aux,0,91,92,0.8913043478260869
free_market+rl_aux,0,92,92,0.8913043478260869
free_market+rl_aux,0,93,93,0.8817204301075269
free_market+rl_aux,0,94,93,0.8817204301075269
free_market+rl_aux,0,95,93,0.8817204301075269
free_market+rl_aux,0,96,93,0.8817204301075269
free_market+rl_aux,0,97,93,0.8924731182795699
free_market+rl_aux,0,98,93,0.8924731182795699
free_market+rl_aux,0,99,93,0.8924731182795699
free_market+rl_aux,0,100,94,0.8829787234042553
free_market+rl_aux,0,101,94,0.8829787234042553
free_market+rl_aux,0,102,94,0.8936170212765957
free_market+rl_aux,0,103,94,0.8936170212765957
free_market+rl_aux,0,104,94,0.8936170212765957
free_market+rl_aux,0,105,94,0.8936170212765957
free_market+rl_aux,0,106,95,0.8842105263157894
free_market+rl_aux,0,107,96,0.875
free_market+rl_aux,0,108,97,0.8762886597938144
free_market+rl_aux,0,109,98,0.8673469387755102
free_market+rl_aux,0,110,98,0.8673469387755102
free_market+rl_aux,0,111,99,0.8585858585858586
free_market+rl_aux,0,112,100,0.85
free_market+rl_aux,0,113,101,0.8415841584158416
free_market+rl_aux,0,114,101,0.8415841584158416
free_market+rl_aux,0,115,102,0.8431372549019608
free_market+rl_aux,0,116,102,0.8431372549019608
free_market+rl_aux,0,117,102,0.8431372549019608
free_market+rl_aux,0,118,103,0.8349514563106796
free_market+rl_aux,0,119,103,0.8446601941747572
free_market+rl_aux,0,120,104,0.8461538461538461
free_market+rl_aux,0,121,104,0.8557692307692307
free_market+rl_aux,0,122,104,0.8557692307692307
free_market+rl_aux,0,123,104,0.8653846153846154
free_market+rl_aux,0,124,104,0.875
free_market+rl_aux,0,125,104,0.875
free_market+rl_aux,0,126,104,0.8846153846153846
free_market+rl_aux,0,127,104,0.8846153846153846
free_market+rl_aux,0,128,105,0.8857142857142857
free_market+rl_aux,0,129,106,0.8867924528301887
free_market+rl_aux,0,130,107,0.8785046728971962
free_market+rl_aux,0,131,108,0.8703703703703703
free_market+rl_aux,0,132,108,0.8796296296296297
free_market+rl_aux,0,133,108,0.8888888888888888
free_market+rl_aux,0,134,109,0.8807339449541285
free_market+rl_aux,0,135,109,0.8807339449541285
free_market+rl_aux,0,136,110,0.8727272727272727
free_market+rl_aux,0,137,111,0.8648648648648649
free_market+rl_aux,0,138,111,0.8648648648648649
free_market+rl_aux,0,139,111,0.8738738738738738
free_market+rl_aux,0,140,112,0.8660714285714286
free_market+rl_aux,0,141,112,0.8660714285714286
free_market+rl_aux,0,142,112,0.8660714285714286
free_market+rl_aux,0,143,112,0.8660714285714286
free_market+rl_aux,0,144,113,0.8584070796460177
free_market+rl_aux,0,145,113,0.8584070796460177
free_market+rl_aux,0,146,114,0.8508771929824561
free_market+rl_aux,0,147,115,0.8434782608695652
free_market+rl_aux,0,148,115,0.8521739130434782
free_market+rl_aux,0,149,115,0.8521739130434782
free_market+rl_aux,0,150,115,0.8521739130434782
free_market+rl_aux,0,151,116,0.8448275862068966
free_market+rl_aux,0,152,116,0.853448275862069
free_market+rl_aux,0,153,116,0.853448275862069
free_market+rl_aux,0,154,116,0.853448275862069
free_market+rl_aux,0,155,116,0.853448275862069
free_market+rl_aux,0,156,116,0.853448275862069
free_market+rl_aux,0,157,116,0.853448275862069
free_market+rl_aux,0,158,117,0.8461538461538461
free_market+rl_aux,0,159,117,0.8461538461538461
free_market+rl_aux,0,160,117,0.8461538461538461
free_market+rl_aux,0,161,118,0.8389830508474576
free_market+rl_aux,0,162,118,0.8389830508474576
free_market+rl_aux,0,163,118,0.8389830508474576
free_market+rl_aux,0,164,119,0.8319327731092437
free_market+rl_aux,0,165,119,0.8319327731092437
free_market+rl_aux,0,166,120,0.825
free_market+rl_aux,0,167,121,0.8181818181818182
free_market+rl_aux,0,168,121,0.8181818181818182
free_market+rl_aux,0,169,121,0.8181818181818182
free_market+rl_aux,0,170,122,0.8114754098360656
free_market+rl_aux,0,171,122,0.8114754098360656
free_market+rl_aux,0,172,123,0.8048780487804879
free_market+rl_aux,0,173,123,0.8048780487804879
free_market+rl_aux,0,174,123,0.8048780487804879
free_market+rl_aux,0,175,123,0.8048780487804879
free_market+rl_aux,0,176,124,0.7983870967741935
free_market+rl_aux,0,177,124,0.8064516129032258
free_market+rl_aux,0,178,124,0.8064516129032258
free_market+rl_aux,0,179,124,0.8064516129032258
free_market+rl_aux,0,180,124,0.8064516129032258
free_market+rl_aux,0,181,125,0.8
free_market+rl_aux,0,182,125,0.8
free_market+rl_aux,0,183,125,0.808
free_market+rl_aux,0,184,126,0.8015873015873016
free_market+rl_aux,0,185,126,0.8015873015873016
free_market+rl_aux,0,186,126,0.8015873015873016
free_market+rl_aux,0,187,126,0.8095238095238095
free_market+rl_aux,0,188,127,0.8031496062992126
free_market+rl_aux,0,189,127,0.8031496062992126
free_market+rl_aux,0,190,127,0.8110236220472441
free_market+rl_aux,0,191,128,0.8046875
free_market+rl_aux,0,192,128,0.8046875
free_market+rl_aux,0,193,128,0.8046875
free_market+rl_aux,0,194,128,0.8125
free_market+rl_aux,0,195,128,0.8125
free_market+rl_aux,0,196,129,0.8062015503875969
free_market+rl_aux,0,197,130,0.8
free_market+rl_aux,0,198,130,0.8
free_market+rl_aux,0,199,131,0.7938931297709924
free_market+rl_aux,0,200,131,0.7938931297709924
free_market+rl_aux,0,201,131,0.7938931297709924
free_market+rl_aux,0,202,131,0.7938931297709924
free_market+rl_aux,0,203,132,0.7878787878787878
free_market+rl_aux,0,204,132,0.7878787878787878
free_market+rl_aux,0,205,132,0.7954545454545454
free_market+rl_aux,0,206,132,0.7954545454545454
free_market+rl_aux,0,207,132,0.7954545454545454
free_market+rl_aux,0,208,132,0.7954545454545454
free_market+rl_aux,0,209,132,0.7954545454545454
free_market+rl_aux,0,210,132,0.7954545454545454
free_market+rl_aux,0,211,132,0.7954545454545454
free_market+rl_aux,0,212,132,0.7954545454545454
free_market+rl_aux,0,213,132,0.7954545454545454
free_market+rl_aux,0,214,132,0.7954545454545454
free_market+rl_aux,0,215,132,0.7954545454545454
free_market+rl_aux,0,216,132,0.7954545454545454
free_market+rl_aux,0,217,132,0.7954545454545454
free_market+rl_aux,0,218,132,0.7954545454545454
free_market+rl_aux,0,219,132,0.7954545454545454
free_market+rl_aux,0,220,132,0.7954545454545454
free_market+rl_aux,0,221,132,0.7954545454545454
free_market+rl_aux,0,222,132,0.7954545454545454
free_market+rl_aux,0,223,132,0.7954545454545454
free_market+rl_aux,0,224,132,0.7954545454545454
free_market+rl_aux,0,225,132,0.7954545454545454
free_market+rl_aux,0,226,132,0.7954545454545454
free_market+rl_aux,0,227,132,0.7954545454545454
free_market+rl_aux,0,228,132,0.7954545454545454
free_market+rl_aux,0,229,132,0.7954545454545454
free_market+rl_aux,0,230,132,0.7954545454545454
free_market+rl_aux,0,231,132,0.7954545454545454
free_market+rl_aux,0,232,132,0.7954545454545454
free_market+rl_aux,0,233,132,0.7954545454545454
free_market+rl_aux,0,234,132,0.7954545454545454
free_market+rl_aux,0,235,132,0.7954545454545454
free_market+rl_aux,0,236,132,0.7954545454545454
free_market+rl_aux,0,237,132,0.7954545454545454
free_market+rl_aux,0,238,132,0.7954545454545454
free_market+rl_aux,0,239,132,0.7954545454545454
free_market+rl_aux,1,0,58,1.0
free_market+rl_aux,1,1,58,1.0
free_market+rl_aux,1,2,58,1.0
free_market+rl_aux,1,3,58,1.0
free_market+rl_aux,1,4,58,1.0
free_market+rl_aux,1,5,59,1.0
free_market+rl_aux,1,6,59,1.0
free_market+rl_aux,1,7,59,1.0
free_market+rl_aux,1,8,59,1.0
free_market+rl_aux,1,9,59,1.0
free_market+rl_aux,1,10,59,1.0
free_market+rl_aux,1,11,59,1.0
free_market+rl_aux,1,12,59,1.0
free_market+rl_aux,1,13,59,1.0
free_market+rl_aux,1,14,59,1.0
free_market+rl_aux,1,15,60,0.9833333333333333
free_market+rl_aux,1,16,61,0.9672131147540983
free_market+rl_aux,1,17,61,0.9672131147540983
free_market+rl_aux,1,18,61,0.9672131147540983
free_market+rl_aux,1,19,62,0.9516129032258065
free_market+rl_aux,1,20,63,0.9365079365079365
free_market+rl_aux,1,21,63,0.9365079365079365
free_market+rl_aux,1,22,64,0.921875
free_market+rl_aux,1,23,64,0.921875
free_market+rl_aux,1,24,65,0.9076923076923077
free_market+rl_aux,1,25,66,0.8939393939393939
free_market+rl_aux,1,26,66,0.9090909090909091
free_market+rl_aux,1,27,67,0.8955223880597015
free_market+rl_aux,1,28,67,0.8955223880597015
free_market+rl_aux,1,29,67,0.9104477611940298
free_market+rl_aux,1,30,68,0.9117647058823529
free_market+rl_aux,1,31,68,0.9117647058823529
free_market+rl_aux,1,32,68,0.9117647058823529
free_market+rl_aux,1,33,69,0.8985507246376812
free_market+rl_aux,1,34,69,0.8985507246376812
free_market+rl_aux,1,35,70,0.8857142857142857
free_market+rl_aux,1,36,70,0.8857142857142857
free_market+rl_aux,1,37,71,0.8732394366197183
free_market+rl_aux,1,38,71,0.8873239436619719
free_market+rl_aux,1,39,71,0.8873239436619719
free_market+rl_aux,1,40,71,0.8873239436619719
free_market+rl_aux,1,41,71,0.9014084507042254
free_market+rl_aux,1,42,71,0.9014084507042254
free_market+rl_aux,1,43,72,0.8888888888888888
free_market+rl_aux,1,44,72,0.8888888888888888
free_market+rl_aux,1,45,72,0.8888888888888888
free_market+rl_aux,1,46,72,0.9027777777777778
free_market+rl_aux,1,47,72,0.9166666666666666
free_market+rl_aux,1,48,72,0.9305555555555556
free_market+rl_aux,1,49,73,0.9315068493150684
free_market+rl_aux,1,50,73,0.9452054794520548
free_market+rl_aux,1,51,73,0.9452054794520548
free_market+rl_aux,1,52,73,0.958904109589041
free_market+rl_aux,1,53,73,0.958904109589041
free_market+rl_aux,1,54,74,0.9594594594594594
free_market+rl_aux,1,55,74,0.972972972972973
free_market+rl_aux,1,56,74,0.972972972972973
free_market+rl_aux,1,57,74,0.972972972972973
free_market+rl_aux,1,58,75,0.96
free_market+rl_aux,1,59,76,0.9473684210526315
free_market+rl_aux,1,60,76,0.9473684210526315
free_market+rl_aux,1,61,76,0.9473684210526315
free_market+rl_aux,1,62,76,0.9605263157894737
free_market+rl_aux,1,63,77,0.948051948051948
free_market+rl_aux,1,64,78,0.9358974358974359
free_market+rl_aux,1,65,78,0.9487179487179487
free_market+rl_aux,1,66,79,0.9367088607594937
free_market+rl_aux,1,67,79,0.9367088607594937
free_market+rl_aux,1,68,80,0.9375
free_market+rl_aux,1,69,81,0.9382716049382716
free_market+rl_aux,1,70,81,0.9382716049382716
free_market+rl_aux,1,71,81,0.9382716049382716
free_market+rl_aux,1,72,81,0.9382716049382716
free_market+rl_aux,1,73,81,0.9382716049382716
free_market+rl_aux,1,74,81,0.9382716049382716
free_market+rl_aux,1,75,81,0.9382716049382716
free_market+rl_aux,1,76,81,0.9382716049382716
free_market+rl_aux,1,77,81,0.9382716049382716
free_market+rl_aux,1,78,81,0.9382716049382716
free_market+rl_aux,1,79,81,0.9382716049382716
free_market+rl_aux,1,80,81,0.9382716049382716
free_market+rl_aux,1,81,81,0.9382716049382716
free_market+rl_aux,1,82,82,0.926829268292683
free_market+rl_aux,1,83,82,0.9390243902439024
free_market+rl_aux,1,84,83,0.927710843373494
free_market+rl_aux,1,85,83,0.927710843373494
free_market+rl_aux,1,86,83,0.927710843373494
free_market+rl_aux,1,87,84,0.9166666666666666
free_market+rl_aux,1,88,85,0.9058823529411765
free_market+rl_aux,1,89,85,0.9058823529411765
free_market+rl_aux,1,90,85,0.9058823529411765
free_market+rl_aux,1,91,85,0.9058823529411765
free_market+rl_aux,1,92,85,0.9058823529411765
free_market+rl_aux,1,93,85,0.9176470588235294
free_market+rl_aux,1,94,85,0.9176470588235294
free_market+rl_aux,1,95,85,0.9176470588235294
free_market+rl_aux,1,96,85,0.9294117647058824
free_market+rl_aux,1,97,85,0.9294117647058824
free_market+rl_aux,1,98,85,0.9411764705882353
free_market+rl_aux,1,99,85,0.9411764705882353
free_market+rl_aux,1,100,86,0.9302325581395349
free_market+rl_aux,1,101,86,0.9302325581395349
free_market+rl_aux,1,102,87,0.9195402298850575
free_market+rl_aux,1,103,87,0.9195402298850575
free_market+rl_aux,1,104,87,0.9195402298850575
free_market+rl_aux,1,105,87,0.9310344827586207
free_market+rl_aux,1,106,87,0.9310344827586207
free_market+rl_aux,1,107,88,0.9204545454545454
free_market+rl_aux,1,108,89,0.9213483146067416
free_market+rl_aux,1,109,90,0.9222222222222223
free_market+rl_aux,1,110,90,0.9222222222222223
free_market+rl_aux,1,111,90,0.9222222222222223
free_market+rl_aux,1,112,90,0.9222222222222223
free_market+rl_aux,1,113,90,0.9222222222222223
free_market+rl_aux,1,114,90,0.9222222222222223
free_market+rl_aux,1,115,90,0.9222222222222223
free_market+rl_aux,1,116,91,0.9120879120879121
free_market+rl_aux,1,117,92,0.9021739130434783
free_market+rl_aux,1,118,92,0.9021739130434783
free_market+rl_aux,1,119,92,0.9021739130434783
free_market+rl_aux,1,120,92,0.9021739130434783
free_market+rl_aux,1,121,93,0.9032258064516129
free_market+rl_aux,1,122,93,0.9032258064516129
free_market+rl_aux,1,123,93,0.9032258064516129
free_market+rl_aux,1,124,93,0.9032258064516129
free_market+rl_aux,1,125,93,0.9139784946236559
free_market+rl_aux,1,126,93,0.9247311827956989
free_market+rl_aux,1,127,93,0.9354838709677419
free_market+rl_aux,1,128,94,0.925531914893617
free_market+rl_aux,1,129,94,0.925531914893617
free_market+rl_aux,1,130,94,0.925531914893617
free_market+rl_aux,1,131,94,0.9361702127659575
free_market+rl_aux,1,132,95,0.9263157894736842
free_market+rl_aux,1,133,95,0.9368421052631579
free_market+rl_aux,1,134,96,0.9375
free_market+rl_aux,1,135,96,0.9479166666666666
free_market+rl_aux,1,136,97,0.9381443298969072
free_market+rl_aux,1,137,98,0.9285714285714286
free_market+rl_aux,1,138,98,0.9285714285714286
free_market+rl_aux,1,139,99,0.9191919191919192
free_market+rl_aux,1,140,99,0.9292929292929293
free_market+rl_aux,1,141,99,0.9292929292929293
free_market+rl_aux,1,142,99,0.9393939393939394
free_market+rl_aux,1,143,99,0.9393939393939394
free_market+rl_aux,1,144,99,0.9393939393939394
free_market+rl_aux,1,145,100,0.94
free_market+rl_aux,1,146,100,0.94
free_market+rl_aux,1,147,100,0.94
free_market+rl_aux,1,148,101,0.9306930693069307
free_market+rl_aux,1,149,102,0.9313725490196079
free_market+rl_aux,1,150,102,0.9313725490196079
free_market+rl_aux,1,151,102,0.9411764705882353
free_market+rl_aux,1,152,102,0.9411764705882353
free_market+rl_aux,1,153,103,0.941747572815534
free_market+rl_aux,1,154,103,0.941747572815534
free_market+rl_aux,1,155,103,0.941747572815534
free_market+rl_aux,1,156,103,0.941747572815534
free_market+rl_aux,1,157,103,0.9514563106796117
free_market+rl_aux,1,158,103,0.9514563106796117
free_market+rl_aux,1,159,104,0.9519230769230769
free_market+rl_aux,1,160,105,0.9428571428571428
free_market+rl_aux,1,161,105,0.9428571428571428
free_market+rl_aux,1,162,105,0.9523809523809523
free_market+rl_aux,1,163,105,0.9523809523809523
free_market+rl_aux,1,164,106,0.9433962264150944
free_market+rl_aux,1,165,106,0.9433962264150944
free_market+rl_aux,1,166,106,0.9433962264150944
free_market+rl_aux,1,167,107,0.9439252336448598
free_market+rl_aux,1,168,107,0.9439252336448598
free_market+rl_aux,1,169,107,0.9439252336448598
free_market+rl_aux,1,170,107,0.9532710280373832
free_market+rl_aux,1,171,107,0.9532710280373832
free_market+rl_aux,1,172,108,0.9444444444444444
free_market+rl_aux,1,173,108,0.9444444444444444
free_market+rl_aux,1,174,109,0.9357798165137615
free_market+rl_aux,1,175,109,0.9357798165137615
free_market+rl_aux,1,176,110,0.9272727272727272
free_market+rl_aux,1,177,111,0.9279279279279279
free_market+rl_aux,1,178,111,0.9369369369369369
free_market+rl_aux,1,179,112,0.9285714285714286
free_market+rl_aux,1,180,112,0.9285714285714286
free_market+rl_aux,1,181,112,0.9375
free_market+rl_aux,1,182,113,0.9380530973451328
free_market+rl_aux,1,183,113,0.9380530973451328
free_market+rl_aux,1,184,113,0.9380530973451328
free_market+rl_aux,1,185,114,0.9298245614035088
free_market+rl_aux,1,186,114,0.9385964912280702
free_market+rl_aux,1,187,114,0.9473684210526315
free_market+rl_aux,1,188,115,0.9391304347826087
free_market+rl_aux,1,189,115,0.9391304347826087
free_market+rl_aux,1,190,115,0.9478260869565217
free_market+rl_aux,1,191,116,0.9396551724137931
free_market+rl_aux,1,192,116,0.9396551724137931
free_market+rl_aux,1,193,116,0.9482758620689655
free_market+rl_aux,1,194,116,0.9482758620689655
free_market+rl_aux,1,195,116,0.9482758620689655
free_market+rl_aux,1,196,116,0.9482758620689655
free_market+rl_aux,1,197,116,0.9482758620689655
free_market+rl_aux,1,198,117,0.9401709401709402
free_market+rl_aux,1,199,118,0.9322033898305084
free_market+rl_aux,1,200,118,0.9322033898305084
free_market+rl_aux,1,201,119,0.9243697478991597
free_market+rl_aux,1,202,119,0.9243697478991597
free_market+rl_aux,1,203,119,0.9243697478991597
free_market+rl_aux,1,204,119,0.9243697478991597
free_market+rl_aux,1,205,119,0.9243697478991597
free_market+rl_aux,1,206,119,0.9243697478991597
free_market+rl_aux,1,207,119,0.9243697478991597
free_market+rl_aux,1,208,119,0.9243697478991597
free_market+rl_aux,1,209,119,0.9243697478991597
free_market+rl_aux,1,210,119,0.9243697478991597
free_market+rl_aux,1,211,119,0.9243697478991597
free_market+rl_aux,1,212,119,0.9243697478991597
free_market+rl_aux,1,213,119,0.9243697478991597
free_market+rl_aux,1,214,119,0.9243697478991597
free_market+rl_aux,1,215,119,0.9243697478991597
free_market+rl_aux,1,216,119,0.9243697478991597
free_market+rl_aux,1,217,119,0.9243697478991597
free_market+rl_aux,1,218,119,0.9243697478991597
free_market+rl_aux,1,219,119,0.9243697478991597
free_market+rl_aux,1,220,119,0.9243697478991597
free_market+rl_aux,1,221,119,0.9243697478991597
free_market+rl_aux,1,222,119,0.9243697478991597
free_market+rl_aux,1,223,119,0.9243697478991597
free_market+rl_aux,1,224,119,0.9243697478991597
free_market+rl_aux,1,225,119,0.9243697478991597
free_market+rl_aux,1,226,119,0.9243697478991597
free_market+rl_aux,1,227,119,0.9327731092436975
free_market+rl_aux,1,228,119,0.9327731092436975
free_market+rl_aux,1,229,119,0.9327731092436975
free_market+rl_aux,1,230,119,0.9327731092436975
free_market+rl_aux,1,231,119,0.9327731092436975
free_market+rl_aux,1,232,119,0.9327731092436975
free_market+rl_aux,1,233,119,0.9411764705882353
free_market+rl_aux,1,234,119,0.9411764705882353
free_market+rl_aux,1,235,119,0.9411764705882353
free_market+rl_aux,1,236,119,0.9495798319327731
free_market+rl_aux,1,237,119,0.9495798319327731
free_market+rl_aux,1,238,119,0.9495798319327731
free_market+rl_aux,1,239,119,0.9495798319327731
us_federal+rl_aux,0,0,58,1.0
us_federal+rl_aux,0,1,59,1.0
us_federal+rl_aux,0,2,59,1.0
us_federal+rl_aux,0,3,60,1.0
us_federal+rl_aux,0,4,60,1.0
us_federal+rl_aux,0,5,60,1.0
us_federal+rl_aux,0,6,60,1.0
us_federal+rl_aux,0,7,60,1.0
us_federal+rl_aux,0,8,60,1.0
us_federal+rl_aux,0,9,60,1.0
us_federal+rl_aux,0,10,60,1.0
us_federal+rl_aux,0,11,60,1.0
us_federal+rl_aux,0,12,61,0.9836065573770492
us_federal+rl_aux,0,13,61,0.9836065573770492
us_federal+rl_aux,0,14,62,0.967741935483871
us_federal+rl_aux,0,15,62,0.967741935483871
us_federal+rl_aux,0,16,63,0.9523809523809523
us_federal+rl_aux,0,17,64,0.9375
us_federal+rl_aux,0,18,64,0.9375
us_federal+rl_aux,0,19,65,0.9230769230769231
us_federal+rl_aux,0,20,65,0.9230769230769231
us_federal+rl_aux,0,21,65,0.9230769230769231
us_federal+rl_aux,0,22,65,0.9230769230769231
us_federal+rl_aux,0,23,66,0.9090909090909091
us_federal+rl_aux,0,24,66,0.9242424242424242
us_federal+rl_aux,0,25,66,0.9242424242424242
us_federal+rl_aux,0,26,66,0.9242424242424242
us_federal+rl_aux,0,27,66,0.9242424242424242
us_federal+rl_aux,0,28,66,0.9393939393939394
us_federal+rl_aux,0,29,67,0.9253731343283582
us_federal+rl_aux,0,30,67,0.9253731343283582
us_federal+rl_aux,0,31,67,0.9253731343283582
us_federal+rl_aux,0,32,67,0.9253731343283582
us_federal+rl_aux,0,33,68,0.9117647058823529
us_federal+rl_aux,0,34,68,0.9264705882352942
us_federal+rl_aux,0,35,69,0.927536231884058
us_federal+rl_aux,0,36,70,0.9285714285714286
us_federal+rl_aux,0,37,70,0.9285714285714286
us_federal+rl_aux,0,38,70,0.9285714285714286
us_federal+rl_aux,0,39,71,0.9154929577464789
us_federal+rl_aux,0,40,72,0.9027777777777778
us_federal+rl_aux,0,41,73,0.9041095890410958
us_federal+rl_aux,0,42,73,0.9041095890410958
us_federal+rl_aux,0,43,73,0.9041095890410958
us_federal+rl_aux,0,44,74,0.8918918918918919
us_federal+rl_aux,0,45,74,0.8918918918918919
us_federal+rl_aux,0,46,75,0.88
us_federal+rl_aux,0,47,75,0.8933333333333333
us_federal+rl_aux,0,48,75,0.8933333333333333
us_federal+rl_aux,0,49,75,0.8933333333333333
us_federal+rl_aux,0,50,76,0.8947368421052632
us_federal+rl_aux,0,51,76,0.9078947368421053
us_federal+rl_aux,0,52,76,0.9078947368421053
us_federal+rl_aux,0,53,76,0.9078947368421053
us_federal+rl_aux,0,54,77,0.8961038961038961
us_federal+rl_aux,0,55,77,0.9090909090909091
us_federal+rl_aux,0,56,77,0.9090909090909091
us_federal+rl_aux,0,57,77,0.9090909090909091
us_federal+rl_aux,0,58,77,0.9090909090909091
us_federal+rl_aux,0,59,78,0.8974358974358975
us_federal+rl_aux,0,60,78,0.8974358974358975
us_federal+rl_aux,0,61,78,0.8974358974358975
us_federal+rl_aux,0,62,79,0.8860759493670886
us_federal+rl_aux,0,63,79,0.8860759493670886
us_federal+rl_aux,0,64,79,0.8987341772151899
us_federal+rl_aux,0,65,79,0.8987341772151899
us_federal+rl_aux,0,66,79,0.9113924050632911
us_federal+rl_aux,0,67,80,0.9125
us_federal+rl_aux,0,68,80,0.9125
us_federal+rl_aux,0,69,80,0.925
us_federal+rl_aux,0,70,81,0.9135802469135802
us_federal+rl_aux,0,71,82,0.9024390243902439
us_federal+rl_aux,0,72,82,0.9146341463414634
us_federal+rl_aux,0,73,83,0.9036144578313253
us_federal+rl_aux,0,74,84,0.8928571428571429
us_federal+rl_aux,0,75,85,0.8823529411764706
us_federal+rl_aux,0,76,85,0.8941176470588236
us_federal+rl_aux,0,77,85,0.8941176470588236
us_federal+rl_aux,0,78,85,0.9058823529411765
us_federal+rl_aux,0,79,86,0.9069767441860465
us_federal+rl_aux,0,80,86,0.9069767441860465
us_federal+rl_aux,0,81,86,0.9069767441860465
us_federal+rl_aux,0,82,87,0.896551724137931
us_federal+rl_aux,0,83,87,0.896551724137931
us_federal+rl_aux,0,84,87,0.896551724137931
us_federal+rl_aux,0,85,88,0.8863636363636364
us_federal+rl_aux,0,86,88,0.8863636363636364
us_federal+rl_aux,0,87,89,0.8876404494382022
us_federal+rl_aux,0,88,90,0.8777777777777778
us_federal+rl_aux,0,89,91,0.8681318681318682
us_federal+rl_aux,0,90,92,0.8695652173913043
us_federal+rl_aux,0,91,92,0.8695652173913043
us_federal+rl_aux,0,92,92,0.8804347826086957
us_federal+rl_aux,0,93,93,0.8709677419354839
us_federal+rl_aux,0,94,93,0.8817204301075269
us_federal+rl_aux,0,95,93,0.8924731182795699
us_federal+rl_aux,0,96,93,0.9032258064516129
us_federal+rl_aux,0,97,93,0.9032258064516129
us_federal+rl_aux,0,98,93,0.9032258064516129
us_federal+rl_aux,0,99,93,0.9139784946236559
us_federal+rl_aux,0,100,94,0.9042553191489362
us_federal+rl_aux,0,101,94,0.9042553191489362
us_federal+rl_aux,0,102,94,0.9042553191489362
us_federal+rl_aux,0,103,94,0.9042553191489362
us_federal+rl_aux,0,104,94,0.9042553191489362
us_federal+rl_aux,0,105,94,0.9042553191489362
us_federal+rl_aux,0,106,95,0.9052631578947369
us_federal+rl_aux,0,107,96,0.8958333333333334
us_federal+rl_aux,0,108,97,0.8969072164948454
us_federal+rl_aux,0,109,98,0.8877551020408163
us_federal+rl_aux,0,110,98,0.8877551020408163
us_federal+rl_aux,0,111,99,0.8787878787878788
us_federal+rl_aux,0,112,100,0.87
us_federal+rl_aux,0,113,101,0.8613861386138614
us_federal+rl_aux,0,114,101,0.8712871287128713
us_federal+rl_aux,0,115,102,0.8627450980392157
us_federal+rl_aux,0,116,102,0.8627450980392157
us_federal+rl_aux,0,117,102,0.8725490196078431
us_federal+rl_aux,0,118,103,0.8640776699029126
us_federal+rl_aux,0,119,103,0.8640776699029126
us_federal+rl_aux,0,120,104,0.8653846153846154
us_federal+rl_aux,0,121,104,0.8653846153846154
us_federal+rl_aux,0,122,104,0.8653846153846154
us_federal+rl_aux,0,123,104,0.8653846153846154
us_federal+rl_aux,0,124,104,0.8653846153846154
us_federal+rl_aux,0,125,104,0.8653846153846154
us_federal+rl_aux,0,126,104,0.8653846153846154
us_federal+rl_aux,0,127,104,0.875
us_federal+rl_aux,0,128,105,0.8666666666666667
us_federal+rl_aux,0,129,106,0.8584905660377359
us_federal+rl_aux,0,130,107,0.8598130841121495
us_federal+rl_aux,0,131,108,0.8518518518518519
us_federal+rl_aux,0,132,108,0.8611111111111112
us_federal+rl_aux,0,133,108,0.8611111111111112
us_federal+rl_aux,0,134,109,0.8532110091743119
us_federal+rl_aux,0,135,109,0.8623853211009175
us_federal+rl_aux,0,136,110,0.8545454545454545
us_federal+rl_aux,0,137,111,0.8468468468468469
us_federal+rl_aux,0,138,111,0.8558558558558559
us_federal+rl_aux,0,139,111,0.8558558558558559
us_federal+rl_aux,0,140,112,0.8571428571428571
us_federal+rl_aux,0,141,112,0.8660714285714286
us_federal+rl_aux,0,142,112,0.875
us_federal+rl_aux,0,143,112,0.875
us_federal+rl_aux,0,144,113,0.8672566371681416
us_federal+rl_aux,0,145,113,0.8672566371681416
us_federal+rl_aux,0,146,114,0.8596491228070176
us_federal+rl_aux,0,147,115,0.8521739130434782
us_federal+rl_aux,0,148,115,0.8521739130434782
us_federal+rl_aux,0,149,115,0.8608695652173913
us_federal+rl_aux,0,150,115,0.8608695652173913
us_federal+rl_aux,0,151,116,0.853448275862069
us_federal+rl_aux,0,152,116,0.853448275862069
us_federal+rl_aux,0,153,116,0.8620689655172413
us_federal+rl_aux,0,154,116,0.8706896551724138
us_federal+rl_aux,0,155,116,0.8706896551724138
us_federal+rl_aux,0,156,116,0.8706896551724138
us_federal+rl_aux,0,157,116,0.8706896551724138
us_federal+rl_aux,0,158,117,0.8717948717948718
us_federal+rl_aux,0,159,117,0.8717948717948718
us_federal+rl_aux,0,160,117,0.8717948717948718
us_federal+rl_aux,0,161,118,0.864406779661017
us_federal+rl_aux,0,162,118,0.864406779661017
us_federal+rl_aux,0,163,118,0.864406779661017
us_federal+rl_aux,0,164,119,0.8571428571428571
us_federal+rl_aux,0,165,119,0.8571428571428571
us_federal+rl_aux,0,166,120,0.85
us_federal+rl_aux,0,167,121,0.8429752066115702
us_federal+rl_aux,0,168,121,0.8512396694214877
us_federal+rl_aux,0,169,121,0.8512396694214877
us_federal+rl_aux,0,170,122,0.8442622950819673
us_federal+rl_aux,0,171,122,0.8442622950819673
us_federal+rl_aux,0,172,123,0.8373983739837398
us_federal+rl_aux,0,173,123,0.8373983739837398
us_federal+rl_aux,0,174,123,0.8455284552845529
us_federal+rl_aux,0,175,123,0.8455284552845529
us_federal+rl_aux,0,176,124,0.8467741935483871
us_federal+rl_aux,0,177,124,0.8467741935483871
us_federal+rl_aux,0,178,124,0.8467741935483871
us_federal+rl_aux,0,179,124,0.8548387096774194
us_federal+rl_aux,0,180,124,0.8629032258064516
us_federal+rl_aux,0,181,125,0.856
us_federal+rl_aux,0,182,125,0.856
us_federal+rl_aux,0,183,125,0.856
us_federal+rl_aux,0,184,126,0.8492063492063492
us_federal+rl_aux,0,185,126,0.8492063492063492
us_federal+rl_aux,0,186,126,0.8492063492063492
us_federal+rl_aux,0,187,126,0.8492063492063492
us_federal+rl_aux,0,188,127,0.84251968503937
us_federal+rl_aux,0,189,127,0.8503937007874016
us_federal+rl_aux,0,190,127,0.8503937007874016
us_federal+rl_aux,0,191,128,0.84375
us_federal+rl_aux,0,192,128,0.84375
us_federal+rl_aux,0,193,128,0.8515625
us_federal+rl_aux,0,194,128,0.8515625
us_federal+rl_aux,0,195,128,0.8515625
us_federal+rl_aux,0,196,129,0.8449612403100775
us_federal+rl_aux,0,197,130,0.8384615384615385
us_federal+rl_aux,0,198,130,0.8384615384615385
us_federal+rl_aux,0,199,131,0.8320610687022901
us_federal+rl_aux,0,200,131,0.8320610687022901
us_federal+rl_aux,0,201,131,0.8320610687022901
us_federal+rl_aux,0,202,131,0.8320610687022901
us_federal+rl_aux,0,203,132,0.8257575757575758
us_federal+rl_aux,0,204,132,0.8257575757575758
us_federal+rl_aux,0,205,132,0.8257575757575758
us_federal+rl_aux,0,206,132,0.8257575757575758
us_federal+rl_aux,0,207,132,0.8257575757575758
us_federal+rl_aux,0,208,132,0.8257575757575758
us_federal+rl_aux,0,209,132,0.8257575757575758
us_federal+rl_aux,0,210,132,0.8257575757575758
us_federal+rl_aux,0,211,132,0.8257575757575758
us_federal+rl_aux,0,212,132,0.8257575757575758
us_federal+rl_aux,0,213,132,0.8257575757575758
us_federal+rl_aux,0,214,132,0.8257575757575758
us_federal+rl_aux,0,215,132,0.8257575757575758
us_federal+rl_aux,0,216,132,0.8257575757575758
us_federal+rl_aux,0,217,132,0.8257575757575758
us_federal+rl_aux,0,218,132,0.8257575757575758
us_federal+rl_aux,0,219,132,0.8257575757575758
us_federal+rl_aux,0,220,132,0.8257575757575758
us_federal+rl_aux,0,221,132,0.8257575757575758
us_federal+rl_aux,0,222,132,0.8257575757575758
us_federal+rl_aux,0,223,132,0.8257575757575758
us_federal+rl_aux,0,224,132,0.8257575757575758
us_federal+rl_aux,0,225,132,0.8257575757575758
us_federal+rl_aux,0,226,132,0.8257575757575758
us_federal+rl_aux,0,227,132,0.8257575757575758
us_federal+rl_aux,0,228,132,0.8257575757575758
us_federal+rl_aux,0,229,132,0.8257575757575758
us_federal+rl_aux,0,230,132,0.8257575757575758
us_federal+rl_aux,0,231,132,0.8257575757575758
us_federal+rl_aux,0,232,132,0.8257575757575758
us_federal+rl_aux,0,233,132,0.8257575757575758
us_federal+rl_aux,0,234,132,0.8257575757575758
us_federal+rl_aux,0,235,132,0.8257575757575758
us_federal+rl_aux,0,236,132,0.8257575757575758
us_federal+rl_aux,0,237,132,0.8257575757575758
us_federal+rl_aux,0,238,132,0.8257575757575758
us_federal+rl_aux,0,239,132,0.8257575757575758
us_federal+rl_aux,1,0,58,1.0
us_federal+rl_aux,1,1,58,1.0
us_federal+rl_aux,1,2,58,1.0
us_federal+rl_aux,1,3,58,1.0
us_federal+rl_aux,1,4,58,1.0
us_federal+rl_aux,1,5,59,1.0
us_federal+rl_aux,1,6,59,1.0
us_federal+rl_aux,1,7,59,1.0
us_federal+rl_aux,1,8,59,1.0
us_federal+rl_aux,1,9,59,1.0
us_federal+rl_aux,1,10,59,1.0
us_federal+rl_aux,1,11,59,1.0
us_federal+rl_aux,1,12,59,1.0
us_federal+rl_aux,1,13,59,1.0
us_federal+rl_aux,1,14,59,1.0
us_federal+rl_aux,1,15,60,0.9833333333333333
us_federal+rl_aux,1,16,61,0.9672131147540983
us_federal+rl_aux,1,17,61,0.9672131147540983
us_federal+rl_aux,1,18,61,0.9672131147540983
us_federal+rl_aux,1,19,62,0.9516129032258065
us_federal+rl_aux,1,20,63,0.9365079365079365
us_federal+rl_aux,1,21,63,0.9523809523809523
us_federal+rl_aux,1,22,64,0.9375
us_federal+rl_aux,1,23,64,0.9375
us_federal+rl_aux,1,24,65,0.9384615384615385
us_federal+rl_aux,1,25,66,0.9393939393939394
us_federal+rl_aux,1,26,66,0.9545454545454546
us_federal+rl_aux,1,27,67,0.9402985074626866
us_federal+rl_aux,1,28,67,0.9402985074626866
us_federal+rl_aux,1,29,67,0.9402985074626866
us_federal+rl_aux,1,30,68,0.9264705882352942
us_federal+rl_aux,1,31,68,0.9411764705882353
us_federal+rl_aux,1,32,68,0.9411764705882353
us_federal+rl_aux,1,33,69,0.927536231884058
us_federal+rl_aux,1,34,69,0.9420289855072463
us_federal+rl_aux,1,35,70,0.9285714285714286
us_federal+rl_aux,1,36,70,0.9285714285714286
us_federal+rl_aux,1,37,71,0.9295774647887324
us_federal+rl_aux,1,38,71,0.9295774647887324
us_federal+rl_aux,1,39,71,0.9295774647887324
us_federal+rl_aux,1,40,71,0.9436619718309859
us_federal+rl_aux,1,41,71,0.9436619718309859
us_federal+rl_aux,1,42,71,0.9436619718309859
us_federal+rl_aux,1,43,72,0.9305555555555556
us_federal+rl_aux,1,44,72,0.9444444444444444
us_federal+rl_aux,1,45,72,0.9583333333333334
us_federal+rl_aux,1,46,72,0.9583333333333334
us_federal+rl_aux,1,47,72,0.9583333333333334
us_federal+rl_aux,1,48,72,0.9583333333333334
us_federal+rl_aux,1,49,73,0.958904109589041
us_federal+rl_aux,1,50,73,0.958904109589041
us_federal+rl_aux,1,51,73,0.9726027397260274
us_federal+rl_aux,1,52,73,0.9863013698630136
us_federal+rl_aux,1,53,73,1.0
us_federal+rl_aux,1,54,74,0.9864864864864865
us_federal+rl_aux,1,55,74,0.9864864864864865
us_federal+rl_aux,1,56,74,0.9864864864864865
us_federal+rl_aux,1,57,74,1.0
us_federal+rl_aux,1,58,75,0.9866666666666667
us_federal+rl_aux,1,59,76,0.9868421052631579
us_federal+rl_aux,1,60,76,1.0
us_federal+rl_aux,1,61,76,1.0
us_federal+rl_aux,1,62,76,1.0
us_federal+rl_aux,1,63,77,1.0
us_federal+rl_aux,1,64,78,0.9871794871794872
us_federal+rl_aux,1,65,78,0.9871794871794872
us_federal+rl_aux,1,66,79,0.9746835443037974
us_federal+rl_aux,1,67,79,0.9873417721518988
us_federal+rl_aux,1,68,80,0.975
us_federal+rl_aux,1,69,81,0.9629629629629629
us_federal+rl_aux,1,70,81,0.9629629629629629
us_federal+rl_aux,1,71,81,0.9753086419753086
us_federal+rl_aux,1,72,81,0.9753086419753086
us_federal+rl_aux,1,73,81,0.9753086419753086
us_federal+rl_aux,1,74,81,0.9753086419753086
us_federal+rl_aux,1,75,81,0.9753086419753086
us_federal+rl_aux,1,76,81,0.9753086419753086
us_federal+rl_aux,1,77,81,0.9876543209876543
us_federal+rl_aux,1,78,81,0.9876543209876543
us_federal+rl_aux,1,79,81,0.9876543209876543
us_federal+rl_aux,1,80,81,0.9876543209876543
us_federal+rl_aux,1,81,81,1.0
us_federal+rl_aux,1,82,82,0.9878048780487805
us_federal+rl_aux,1,83,82,0.9878048780487805
us_federal+rl_aux,1,84,83,0.9759036144578314
us_federal+rl_aux,1,85,83,0.9879518072289156
us_federal+rl_aux,1,86,83,0.9879518072289156
us_federal+rl_aux,1,87,84,0.9761904761904762
us_federal+rl_aux,1,88,85,0.9764705882352941
us_federal+rl_aux,1,89,85,0.9764705882352941
us_federal+rl_aux,1,90,85,0.9764705882352941
us_federal+rl_aux,1,91,85,0.9764705882352941
us_federal+rl_aux,1,92,85,0.9882352941176471
us_federal+rl_aux,1,93,85,0.9882352941176471
us_federal+rl_aux,1,94,85,0.9882352941176471
us_federal+rl_aux,1,95,85,0.9882352941176471
us_federal+rl_aux,1,96,85,0.9882352941176471
us_federal+rl_aux,1,97,85,0.9882352941176471
us_federal+rl_aux,1,98,85,0.9882352941176471
us_federal+rl_aux,1,99,85,0.9882352941176471
us_federal+rl_aux,1,100,86,0.9767441860465116
us_federal+rl_aux,1,101,86,0.9767441860465116
us_federal+rl_aux,1,102,87,0.9655172413793104
us_federal+rl_aux,1,103,87,0.9770114942528736
us_federal+rl_aux,1,104,87,0.9770114942528736
us_federal+rl_aux,1,105,87,0.9885057471264368
us_federal+rl_aux,1,106,87,0.9885057471264368
us_federal+rl_aux,1,107,88,0.9886363636363636
us_federal+rl_aux,1,108,89,0.9887640449438202
us_federal+rl_aux,1,109,90,0.9777777777777777
us_federal+rl_aux,1,110,90,0.9777777777777777
us_federal+rl_aux,1,111,90,0.9888888888888889
us_federal+rl_aux,1,112,90,0.9888888888888889
us_federal+rl_aux,1,113,90,1.0
us_federal+rl_aux,1,114,90,1.0
us_federal+rl_aux,1,115,90,1.0
us_federal+rl_aux,1,116,91,1.0
us_federal+rl_aux,1,117,92,0.9891304347826086
us_federal+rl_aux,1,118,92,0.9891304347826086
us_federal+rl_aux,1,119,92,0.9891304347826086
us_federal+rl_aux,1,120,92,1.0
us_federal+rl_aux,1,121,93,1.0
us_federal+rl_aux,1,122,93,1.0
us_federal+rl_aux,1,123,93,1.0
us_federal+rl_aux,1,124,93,1.0
us_federal+rl_aux,1,125,93,1.0
us_federal+rl_aux,1,126,93,1.0
us_federal+rl_aux,1,127,93,1.0
us_federal+rl_aux,1,128,94,1.0
us_federal+rl_aux,1,129,94,1.0
us_federal+rl_aux,1,130,94,1.0
us_federal+rl_aux,1,131,94,1.0
us_federal+rl_aux,1,132,95,1.0
us_federal+rl_aux,1,133,95,1.0
us_federal+rl_aux,1,134,96,1.0
us_federal+rl_aux,1,135,96,1.0
us_federal+rl_aux,1,136,97,1.0
us_federal+rl_aux,1,137,98,1.0
us_federal+rl_aux,1,138,98,1.0
us_federal+rl_aux,1,139,99,0.98989898989899
us_federal+rl_aux,1,140,99,0.98989898989899
us_federal+rl_aux,1,141,99,1.0
us_federal+rl_aux,1,142,99,1.0
us_federal+rl_aux,1,143,99,1.0
us_federal+rl_aux,1,144,99,1.0
us_federal+rl_aux,1,145,100,1.0
us_federal+rl_aux,1,146,100,1.0
us_federal+rl_aux,1,147,100,1.0
us_federal+rl_aux,1,148,101,0.9900990099009901
us_federal+rl_aux,1,149,102,0.9901960784313726
us_federal+rl_aux,1,150,102,0.9901960784313726
us_federal+rl_aux,1,151,102,0.9901960784313726
us_federal+rl_aux,1,152,102,0.9901960784313726
us_federal+rl_aux,1,153,103,0.9902912621359223
us_federal+rl_aux,1,154,103,1.0
us_federal+rl_aux,1,155,103,1.0
us_federal+rl_aux,1,156,103,1.0
us_federal+rl_aux,1,157,103,1.0
us_federal+rl_aux,1,158,103,1.0
us_federal+rl_aux,1,159,104,1.0
us_federal+rl_aux,1,160,105,1.0
us_federal+rl_aux,1,161,105,1.0
us_federal+rl_aux,1,162,105,1.0
us_federal+rl_aux,1,163,105,1.0
us_federal+rl_aux,1,164,106,1.0
us_federal+rl_aux,1,165,106,1.0
us_federal+rl_aux,1,166,106,1.0
us_federal+rl_aux,1,167,107,1.0
us_federal+rl_aux,1,168,107,1.0
us_federal+rl_aux,1,169,107,1.0
us_federal+rl_aux,1,170,107,1.0
us_federal+rl_aux,1,171,107,1.0
us_federal+rl_aux,1,172,108,1.0
us_federal+rl_aux,1,173,108,1.0
us_federal+rl_aux,1,174,109,1.0
us_federal+rl_aux,1,175,109,1.0
us_federal+rl_aux,1,176,110,0.990909090909091
us_federal+rl_aux,1,177,111,0.990990990990991
us_federal+rl_aux,1,178,111,0.990990990990991
us_federal+rl_aux,1,179,112,0.9821428571428571
us_federal+rl_aux,1,180,112,0.9821428571428571
us_federal+rl_aux,1,181,112,0.9821428571428571
us_federal+rl_aux,1,182,113,0.9734513274336283
us_federal+rl_aux,1,183,113,0.9734513274336283
us_federal+rl_aux,1,184,113,0.9734513274336283
us_federal+rl_aux,1,185,114,0.9649122807017544
us_federal+rl_aux,1,186,114,0.9649122807017544
us_federal+rl_aux,1,187,114,0.9736842105263158
us_federal+rl_aux,1,188,115,0.9652173913043478
us_federal+rl_aux,1,189,115,0.9652173913043478
us_federal+rl_aux,1,190,115,0.9739130434782609
us_federal+rl_aux,1,191,116,0.9655172413793104
us_federal+rl_aux,1,192,116,0.9655172413793104
us_federal+rl_aux,1,193,116,0.9655172413793104
us_federal+rl_aux,1,194,116,0.9655172413793104
us_federal+rl_aux,1,195,116,0.9655172413793104
us_federal+rl_aux,1,196,116,0.9655172413793104
us_federal+rl_aux,1,197,116,0.9655172413793104
us_federal+rl_aux,1,198,117,0.9572649572649573
us_federal+rl_aux,1,199,118,0.9491525423728814
us_federal+rl_aux,1,200,118,0.9491525423728814
us_federal+rl_aux,1,201,119,0.9411764705882353
us_federal+rl_aux,1,202,119,0.9411764705882353
us_federal+rl_aux,1,203,119,0.9411764705882353
us_federal+rl_aux,1,204,119,0.9411764705882353
us_federal+rl_aux,1,205,119,0.9411764705882353
us_federal+rl_aux,1,206,119,0.9411764705882353
us_federal+rl_aux,1,207,119,0.9411764705882353
us_federal+rl_aux,1,208,119,0.9411764705882353
us_federal+rl_aux,1,209,119,0.9411764705882353
us_federal+rl_aux,1,210,119,0.9411764705882353
us_federal+rl_aux,1,211,119,0.9411764705882353
us_federal+rl_aux,1,212,119,0.9411764705882353
us_federal+rl_aux,1,213,119,0.9411764705882353
us_federal+rl_aux,1,214,119,0.9411764705882353
us_federal+rl_aux,1,215,119,0.9411764705882353
us_federal+rl_aux,1,216,119,0.9411764705882353
us_federal+rl_aux,1,217,119,0.9411764705882353
us_federal+rl_aux,1,218,119,0.9411764705882353
us_federal+rl_aux,1,219,119,0.9411764705882353
us_federal+rl_aux,1,220,119,0.9411764705882353
us_federal+rl_aux,1,221,119,0.9411764705882353
us_federal+rl_aux,1,222,119,0.9411764705882353
us_federal+rl_aux,1,223,119,0.9411764705882353
us_federal+rl_aux,1,224,119,0.9411764705882353
us_federal+rl_aux,1,225,119,0.9411764705882353
us_federal+rl_aux,1,226,119,0.9411764705882353
us_federal+rl_aux,1,227,119,0.9411764705882353
us_federal+rl_aux,1,228,119,0.9411764705882353
us_federal+rl_aux,1,229,119,0.9411764705882353
us_federal+rl_aux,1,230,119,0.9411764705882353
us_federal+rl_aux,1,231,119,0.9411764705882353
us_federal+rl_aux,1,232,119,0.9411764705882353
us_federal+rl_aux,1,233,119,0.9411764705882353
us_federal+rl_aux,1,234,119,0.9411764705882353
us_federal+rl_aux,1,235,119,0.9411764705882353
us_federal+rl_aux,1,236,119,0.9411764705882353
us_federal+rl_aux,1,237,119,0.9411764705882353
us_federal+rl_aux,1,238,119,0.9411764705882353
us_federal+rl_aux,1,239,119,0.9411764705882353
saez+rl_aux,0,0,58,1.0
saez+rl_aux,0,1,59,1.0
saez+rl_aux,0,2,59,1.0
saez+rl_aux,0,3,60,1.0
saez+rl_aux,0,4,60,1.0
saez+rl_aux,0,5,60,1.0
saez+rl_aux,0,6,60,1.0
saez+rl_aux,0,7,60,1.0
saez+rl_aux,0,8,60,1.0
saez+rl_aux,0,9,60,1.0
saez+rl_aux,0,10,60,1.0
saez+rl_aux,0,11,60,1.0
saez+rl_aux,0,12,61,1.0
saez+rl_aux,0,13,61,1.0
saez+rl_aux,0,14,62,0.9838709677419355
saez+rl_aux,0,15,62,0.9838709677419355
saez+rl_aux,0,16,63,0.9682539682539683
saez+rl_aux,0,17,64,0.953125
saez+rl_aux,0,18,64,0.953125
saez+rl_aux,0,19,65,0.9384615384615385
saez+rl_aux,0,20,65,0.9384615384615385
saez+rl_aux,0,21,65,0.9384615384615385
saez+rl_aux,0,22,65,0.9384615384615385
saez+rl_aux,0,23,66,0.9242424242424242
saez+rl_aux,0,24,66,0.9242424242424242
saez+rl_aux,0,25,66,0.9242424242424242
saez+rl_aux,0,26,66,0.9242424242424242
saez+rl_aux,0,27,66,0.9242424242424242
saez+rl_aux,0,28,66,0.7727272727272727
saez+rl_aux,0,29,67,0.7611940298507462
saez+rl_aux,0,30,67,0.7611940298507462
saez+rl_aux,0,31,67,0.29850746268656714
saez+rl_aux,0,32,67,0.29850746268656714
saez+rl_aux,0,33,68,0.29411764705882354
saez+rl_aux,0,34,68,0.29411764705882354
saez+rl_aux,0,35,69,0.2898550724637681
saez+rl_aux,0,36,70,0.2857142857142857
saez+rl_aux,0,37,70,0.2857142857142857
saez+rl_aux,0,38,70,0.2857142857142857
saez+rl_aux,0,39,71,0.28169014084507044
saez+rl_aux,0,40,72,0.2777777777777778
saez+rl_aux,0,41,73,0.273972602739726
saez+rl_aux,0,42,73,0.273972602739726
saez+rl_aux,0,43,73,0.273972602739726
saez+rl_aux,0,44,74,0.2702702702702703
saez+rl_aux,0,45,74,0.2702702702702703
saez+rl_aux,0,46,75,0.26666666666666666
saez+rl_aux,0,47,75,0.26666666666666666
saez+rl_aux,0,48,75,0.16
saez+rl_aux,0,49,75,0.16
saez+rl_aux,0,50,76,0.15789473684210525
saez+rl_aux,0,51,76,0.15789473684210525
saez+rl_aux,0,52,76,0.15789473684210525
saez+rl_aux,0,53,76,0.15789473684210525
saez+rl_aux,0,54,77,0.15584415584415584
saez+rl_aux,0,55,77,0.15584415584415584
saez+rl_aux,0,56,77,0.14285714285714285
saez+rl_aux,0,57,77,0.14285714285714285
saez+rl_aux,0,58,77,0.14285714285714285
saez+rl_aux,0,59,78,0.14102564102564102
saez+rl_aux,0,60,78,0.14102564102564102
saez+rl_aux,0,61,78,0.14102564102564102
saez+rl_aux,0,62,79,0.13924050632911392
saez+rl_aux,0,63,79,0.13924050632911392
saez+rl_aux,0,64,79,0.13924050632911392
saez+rl_aux,0,65,79,0.13924050632911392
saez+rl_aux,0,66,79,0.13924050632911392
saez+rl_aux,0,67,80,0.1375
saez+rl_aux,0,68,80,0.1375
saez+rl_aux,0,69,80,0.1375
saez+rl_aux,0,70,81,0.13580246913580246
saez+rl_aux,0,71,82,0.13414634146341464
saez+rl_aux,0,72,82,0.13414634146341464
saez+rl_aux,0,73,83,0.13253012048192772
saez+rl_aux,0,74,84,0.13095238095238096
saez+rl_aux,0,75,85,0.12941176470588237
saez+rl_aux,0,76,85,0.12941176470588237
saez+rl_aux,0,77,85,0.12941176470588237
saez+rl_aux,0,78,85,0.12941176470588237
saez+rl_aux,0,79,86,0.12790697674418605
saez+rl_aux,0,80,86,0.12790697674418605
saez+rl_aux,0,81,86,0.12790697674418605
saez+rl_aux,0,82,87,0.12643678160919541
saez+rl_aux,0,83,87,0.12643678160919541
saez+rl_aux,0,84,87,0.12643678160919541
saez+rl_aux,0,85,88,0.125
saez+rl_aux,0,86,88,0.125
saez+rl_aux,0,87,89,0.12359550561797752
saez+rl_aux,0,88,90,0.12222222222222222
saez+rl_aux,0,89,91,0.12087912087912088
saez+rl_aux,0,90,92,0.11956521739130435
saez+rl_aux,0,91,92,0.11956521739130435
saez+rl_aux,0,92,92,0.09782608695652174
saez+rl_aux,0,93,93,0.0967741935483871
saez+rl_aux,0,94,93,0.0967741935483871
saez+rl_aux,0,95,93,0.0967741935483871
saez+rl_aux,0,96,93,0.0967741935483871
saez+rl_aux,0,97,93,0.0967741935483871
saez+rl_aux,0,98,93,0.0967741935483871
saez+rl_aux,0,99,93,0.0967741935483871
saez+rl_aux,0,100,94,0.09574468085106383
saez+rl_aux,0,101,94,0.09574468085106383
saez+rl_aux,0,102,94,0.09574468085106383
saez+rl_aux,0,103,94,0.09574468085106383
saez+rl_aux,0,104,94,0.09574468085106383
saez+rl_aux,0,105,94,0.09574468085106383
saez+rl_aux,0,106,95,0.09473684210526316
saez+rl_aux,0,107,96,0.09375
saez+rl_aux,0,108,97,0.09278350515463918
saez+rl_aux,0,109,98,0.09183673469387756
saez+rl_aux,0,110,98,0.09183673469387756
saez+rl_aux,0,111,99,0.09090909090909091
saez+rl_aux,0,112,100,0.09
saez+rl_aux,0,113,101,0.0891089108910891
saez+rl_aux,0,114,101,0.0891089108910891
saez+rl_aux,0,115,102,0.08823529411764706
saez+rl_aux,0,116,102,0.08823529411764706
saez+rl_aux,0,117,102,0.08823529411764706
saez+rl_aux,0,118,103,0.08737864077669903
saez+rl_aux,0,119,103,0.08737864077669903
saez+rl_aux,0,120,104,0.08653846153846154
saez+rl_aux,0,121,104,0.08653846153846154
saez+rl_aux,0,122,104,0.08653846153846154
saez+rl_aux,0,123,104,0.08653846153846154
saez+rl_aux,0,124,104,0.08653846153846154
saez+rl_aux,0,125,104,0.08653846153846154
saez+rl_aux,0,126,104,0.08653846153846154
saez+rl_aux,0,127,104,0.08653846153846154
saez+rl_aux,0,128,105,0.08571428571428572
saez+rl_aux,0,129,106,0.08490566037735849
saez+rl_aux,0,130,107,0.08411214953271028
saez+rl_aux,0,131,108,0.08333333333333333
saez+rl_aux,0,132,108,0.08333333333333333
saez+rl_aux,0,133,108,0.08333333333333333
saez+rl_aux,0,134,109,0.08256880733944955
saez+rl_aux,0,135,109,0.07339449541284404
saez+rl_aux,0,136,110,0.07272727272727272
saez+rl_aux,0,137,111,0.07207207207207207
saez+rl_aux,0,138,111,0.07207207207207207
saez+rl_aux,0,139,111,0.07207207207207207
saez+rl_aux,0,140,112,0.07142857142857142
saez+rl_aux,0,141,112,0.07142857142857142
saez+rl_aux,0,142,112,0.07142857142857142
saez+rl_aux,0,143,112,0.07142857142857142
saez+rl_aux,0,144,113,0.07079646017699115
saez+rl_aux,0,145,113,0.07079646017699115
saez+rl_aux,0,146,114,0.07017543859649122
saez+rl_aux,0,147,115,0.06956521739130435
saez+rl_aux,0,148,115,0.06956521739130435
saez+rl_aux,0,149,115,0.06956521739130435
saez+rl_aux,0,150,115,0.06956521739130435
saez+rl_aux,0,151,116,0.06896551724137931
saez+rl_aux,0,152,116,0.06896551724137931
saez+rl_aux,0,153,116,0.06896551724137931
saez+rl_aux,0,154,116,0.06896551724137931
saez+rl_aux,0,155,116,0.06896551724137931
saez+rl_aux,0,156,116,0.06896551724137931
saez+rl_aux,0,157,116,0.06896551724137931
saez+rl_aux,0,158,117,0.06837606837606838
saez+rl_aux,0,159,117,0.06837606837606838
saez+rl_aux,0,160,117,0.06837606837606838
saez+rl_aux,0,161,118,0.06779661016949153
saez+rl_aux,0,162,118,0.06779661016949153
saez+rl_aux,0,163,118,0.06779661016949153
saez+rl_aux,0,164,119,0.06722689075630252
saez+rl_aux,0,165,119,0.06722689075630252
saez+rl_aux,0,166,120,0.06666666666666667
saez+rl_aux,0,167,121,0.06611570247933884
saez+rl_aux,0,168,121,0.06611570247933884
saez+rl_aux,0,169,121,0.06611570247933884
saez+rl_aux,0,170,122,0.06557377049180328
saez+rl_aux,0,171,122,0.06557377049180328
saez+rl_aux,0,172,123,0.06504065040650407
saez+rl_aux,0,173,123,0.06504065040650407
saez+rl_aux,0,174,123,0.06504065040650407
saez+rl_aux,0,175,123,0.06504065040650407
saez+rl_aux,0,176,124,0.06451612903225806
saez+rl_aux,0,177,124,0.06451612903225806
saez+rl_aux,0,178,124,0.06451612903225806
saez+rl_aux,0,179,124,0.06451612903225806
saez+rl_aux,0,180,124,0.06451612903225806
saez+rl_aux,0,181,125,0.064
saez+rl_aux,0,182,125,0.064
saez+rl_aux,0,183,125,0.064
saez+rl_aux,0,184,126,0.06349206349206349
saez+rl_aux,0,185,126,0.06349206349206349
saez+rl_aux,0,186,126,0.06349206349206349
saez+rl_aux,0,187,126,0.06349206349206349
saez+rl_aux,0,188,127,0.06299212598425197
saez+rl_aux,0,189,127,0.06299212598425197
saez+rl_aux,0,190,127,0.06299212598425197
saez+rl_aux,0,191,128,0.0625
saez+rl_aux,0,192,128,0.0625
saez+rl_aux,0,193,128,0.0625
saez+rl_aux,0,194,128,0.0625
saez+rl_aux,0,195,128,0.0625
saez+rl_aux,0,196,129,0.06201550387596899
saez+rl_aux,0,197,130,0.06153846153846154
saez+rl_aux,0,198,130,0.06153846153846154
saez+rl_aux,0,199,131,0.061068702290076333
saez+rl_aux,0,200,131,0.061068702290076333
saez+rl_aux,0,201,131,0.061068702290076333
saez+rl_aux,0,202,131,0.061068702290076333
saez+rl_aux,0,203,132,0.06060606060606061
saez+rl_aux,0,204,132,0.06060606060606061
saez+rl_aux,0,205,132,0.06060606060606061
saez+rl_aux,0,206,132,0.06060606060606061
saez+rl_aux,0,207,132,0.06060606060606061
saez+rl_aux,0,208,132,0.06060606060606061
saez+rl_aux,0,209,132,0.06060606060606061
saez+rl_aux,0,210,132,0.06060606060606061
saez+rl_aux,0,211,132,0.06060606060606061
saez+rl_aux,0,212,132,0.06060606060606061
saez+rl_aux,0,213,132,0.06060606060606061
saez+rl_aux,0,214,132,0.06060606060606061
saez+rl_aux,0,215,132,0.06060606060606061
saez+rl_aux,0,216,132,0.06060606060606061
saez+rl_aux,0,217,132,0.06060606060606061
saez+rl_aux,0,218,132,0.06060606060606061
saez+rl_aux,0,219,132,0.06060606060606061
saez+rl_aux,0,220,132,0.06060606060606061
saez+rl_aux,0,221,132,0.06060606060606061
saez+rl_aux,0,222,132,0.06060606060606061
saez+rl_aux,0,223,132,0.06060606060606061
saez+rl_aux,0,224,132,0.06060606060606061
saez+rl_aux,0,225,132,0.06060606060606061
saez+rl_aux,0,226,132,0.06060606060606061
saez+rl_aux,0,227,132,0.06060606060606061
saez+rl_aux,0,228,132,0.06060606060606061
saez+rl_aux,0,229,132,0.06060606060606061
saez+rl_aux,0,230,132,0.06060606060606061
saez+rl_aux,0,231,132,0.06060606060606061
saez+rl_aux,0,232,132,0.06060606060606061
saez+rl_aux,0,233,132,0.06060606060606061
saez+rl_aux,0,234,132,0.06060606060606061
saez+rl_aux,0,235,132,0.06060606060606061
saez+rl_aux,0,236,132,0.06060606060606061
saez+rl_aux,0,237,132,0.06060606060606061
saez+rl_aux,0,238,132,0.06060606060606061
saez+rl_aux,0,239,132,0.06060606060606061
saez+rl_aux,1,0,58,1.0
saez+rl_aux,1,1,58,1.0
saez+rl_aux,1,2,58,1.0
saez+rl_aux,1,3,58,1.0
saez+rl_aux,1,4,58,1.0
saez+rl_aux,1,5,59,1.0
saez+rl_aux,1,6,59,1.0
saez+rl_aux,1,7,59,1.0
saez+rl_aux,1,8,59,1.0
saez+rl_aux,1,9,59,1.0
saez+rl_aux,1,10,59,1.0
saez+rl_aux,1,11,59,1.0
saez+rl_aux,1,12,59,1.0
saez+rl_aux,1,13,59,1.0
saez+rl_aux,1,14,59,1.0
saez+rl_aux,1,15,60,1.0
saez+rl_aux,1,16,61,0.9836065573770492
saez+rl_aux,1,17,61,0.9836065573770492
saez+rl_aux,1,18,61,0.9836065573770492
saez+rl_aux,1,19,62,0.967741935483871
saez+rl_aux,1,20,63,0.9523809523809523
saez+rl_aux,1,21,63,0.9523809523809523
saez+rl_aux,1,22,64,0.9375
saez+rl_aux,1,23,64,0.9375
saez+rl_aux,1,24,65,0.9230769230769231
saez+rl_aux,1,25,66,0.9090909090909091
saez+rl_aux,1,26,66,0.9242424242424242
saez+rl_aux,1,27,67,0.9104477611940298
saez+rl_aux,1,28,67,0.9104477611940298
saez+rl_aux,1,29,67,0.9104477611940298
saez+rl_aux,1,30,68,0.8970588235294118
saez+rl_aux,1,31,68,0.9117647058823529
saez+rl_aux,1,32,68,0.9117647058823529
saez+rl_aux,1,33,69,0.8985507246376812
saez+rl_aux,1,34,69,0.9130434782608695
saez+rl_aux,1,35,70,0.9
saez+rl_aux,1,36,70,0.9
saez+rl_aux,1,37,71,0.9014084507042254
saez+rl_aux,1,38,71,0.9154929577464789
saez+rl_aux,1,39,71,0.9295774647887324
saez+rl_aux,1,40,71,0.9295774647887324
saez+rl_aux,1,41,71,0.9295774647887324
saez+rl_aux,1,42,71,0.9436619718309859
saez+rl_aux,1,43,72,0.9305555555555556
saez+rl_aux,1,44,72,0.9305555555555556
saez+rl_aux,1,45,72,0.9305555555555556
saez+rl_aux,1,46,72,0.9305555555555556
saez+rl_aux,1,47,72,0.9305555555555556
saez+rl_aux,1,48,72,0.9305555555555556
saez+rl_aux,1,49,73,0.9178082191780822
saez+rl_aux,1,50,73,0.9178082191780822
saez+rl_aux,1,51,73,0.9178082191780822
saez+rl_aux,1,52,73,0.9178082191780822
saez+rl_aux,1,53,73,0.1232876712328767
saez+rl_aux,1,54,74,0.12162162162162163
saez+rl_aux,1,55,74,0.12162162162162163
saez+rl_aux,1,56,74,0.12162162162162163
saez+rl_aux,1,57,74,0.12162162162162163
saez+rl_aux,1,58,75,0.12
saez+rl_aux,1,59,76,0.11842105263157894
saez+rl_aux,1,60,76,0.11842105263157894
saez+rl_aux,1,61,76,0.11842105263157894
saez+rl_aux,1,62,76,0.11842105263157894
saez+rl_aux,1,63,77,0.11688311688311688
saez+rl_aux,1,64,78,0.11538461538461539
saez+rl_aux,1,65,78,0.11538461538461539
saez+rl_aux,1,66,79,0.11392405063291139
saez+rl_aux,1,67,79,0.11392405063291139
saez+rl_aux,1,68,80,0.1125
saez+rl_aux,1,69,81,0.1111111111111111
saez+rl_aux,1,70,81,0.1111111111111111
saez+rl_aux,1,71,81,0.1111111111111111
saez+rl_aux,1,72,81,0.1111111111111111
saez+rl_aux,1,73,81,0.1111111111111111
saez+rl_aux,1,74,81,0.1111111111111111
saez+rl_aux,1,75,81,0.1111111111111111
saez+rl_aux,1,76,81,0.1111111111111111
saez+rl_aux,1,77,81,0.1111111111111111
saez+rl_aux,1,78,81,0.1111111111111111
saez+rl_aux,1,79,81,0.1111111111111111
saez+rl_aux,1,80,81,0.1111111111111111
saez+rl_aux,1,81,81,0.1111111111111111
saez+rl_aux,1,82,82,0.10975609756097561
saez+rl_aux,1,83,82,0.10975609756097561
saez+rl_aux,1,84,83,0.10843373493975904
saez+rl_aux,1,85,83,0.10843373493975904
saez+rl_aux,1,86,83,0.10843373493975904
saez+rl_aux,1,87,84,0.10714285714285714
saez+rl_aux,1,88,85,0.10588235294117647
saez+rl_aux,1,89,85,0.10588235294117647
saez+rl_aux,1,90,85,0.10588235294117647
saez+rl_aux,1,91,85,0.10588235294117647
saez+rl_aux,1,92,85,0.10588235294117647
saez+rl_aux,1,93,85,0.10588235294117647
saez+rl_aux,1,94,85,0.10588235294117647
saez+rl_aux,1,95,85,0.10588235294117647
saez+rl_aux,1,96,85,0.10588235294117647
saez+rl_aux,1,97,85,0.10588235294117647
saez+rl_aux,1,98,85,0.10588235294117647
saez+rl_aux,1,99,85,0.10588235294117647
saez+rl_aux,1,100,86,0.10465116279069768
saez+rl_aux,1,101,86,0.10465116279069768
saez+rl_aux,1,102,87,0.10344827586206896
saez+rl_aux,1,103,87,0.10344827586206896
saez+rl_aux,1,104,87,0.10344827586206896
saez+rl_aux,1,105,87,0.10344827586206896
saez+rl_aux,1,106,87,0.10344827586206896
saez+rl_aux,1,107,88,0.10227272727272728
saez+rl_aux,1,108,89,0.0898876404494382
saez+rl_aux,1,109,90,0.08888888888888889
saez+rl_aux,1,110,90,0.08888888888888889
saez+rl_aux,1,111,90,0.08888888888888889
saez+rl_aux,1,112,90,0.08888888888888889
saez+rl_aux,1,113,90,0.08888888888888889
saez+rl_aux,1,114,90,0.08888888888888889
saez+rl_aux,1,115,90,0.08888888888888889
saez+rl_aux,1,116,91,0.08791208791208792
saez+rl_aux,1,117,92,0.08695652173913043
saez+rl_aux,1,118,92,0.08695652173913043
saez+rl_aux,1,119,92,0.08695652173913043
saez+rl_aux,1,120,92,0.08695652173913043
saez+rl_aux,1,121,93,0.08602150537634409
saez+rl_aux,1,122,93,0.08602150537634409
saez+rl_aux,1,123,93,0.08602150537634409
saez+rl_aux,1,124,93,0.08602150537634409
saez+rl_aux,1,125,93,0.08602150537634409
saez+rl_aux,1,126,93,0.08602150537634409
saez+rl_aux,1,127,93,0.08602150537634409
saez+rl_aux,1,128,94,0.0851063829787234
saez+rl_aux,1,129,94,0.0851063829787234
saez+rl_aux,1,130,94,0.0851063829787234
saez+rl_aux,1,131,94,0.0851063829787234
saez+rl_aux,1,132,95,0.08421052631578947
saez+rl_aux,1,133,95,0.08421052631578947
saez+rl_aux,1,134,96,0.08333333333333333
saez+rl_aux,1,135,96,0.08333333333333333
saez+rl_aux,1,136,97,0.08247422680412371
saez+rl_aux,1,137,98,0.08163265306122448
saez+rl_aux,1,138,98,0.08163265306122448
saez+rl_aux,1,139,99,0.08080808080808081
saez+rl_aux,1,140,99,0.08080808080808081
saez+rl_aux,1,141,99,0.08080808080808081
saez+rl_aux,1,142,99,0.08080808080808081
saez+rl_aux,1,143,99,0.08080808080808081
saez+rl_aux,1,144,99,0.08080808080808081
saez+rl_aux,1,145,100,0.08
saez+rl_aux,1,146,100,0.08
saez+rl_aux,1,147,100,0.08
saez+rl_aux,1,148,101,0.07920792079207921
saez+rl_aux,1,149,102,0.0784313725490196
saez+rl_aux,1,150,102,0.0784313725490196
saez+rl_aux,1,151,102,0.0784313725490196
saez+rl_aux,1,152,102,0.0784313725490196
saez+rl_aux,1,153,103,0.07766990291262135
saez+rl_aux,1,154,103,0.07766990291262135
saez+rl_aux,1,155,103,0.07766990291262135
saez+rl_aux,1,156,103,0.07766990291262135
saez+rl_aux,1,157,103,0.07766990291262135
saez+rl_aux,1,158,103,0.07766990291262135
saez+rl_aux,1,159,104,0.07692307692307693
saez+rl_aux,1,160,105,0.0761904761904762
saez+rl_aux,1,161,105,0.0761904761904762
saez+rl_aux,1,162,105,0.0761904761904762
saez+rl_aux,1,163,105,0.0761904761904762
saez+rl_aux,1,164,106,0.07547169811320754
saez+rl_aux,1,165,106,0.07547169811320754
saez+rl_aux,1,166,106,0.07547169811320754
saez+rl_aux,1,167,107,0.07476635514018691
saez+rl_aux,1,168,107,0.07476635514018691
saez+rl_aux,1,169,107,0.07476635514018691
saez+rl_aux,1,170,107,0.07476635514018691
saez+rl_aux,1,171,107,0.07476635514018691
saez+rl_aux,1,172,108,0.07407407407407407
saez+rl_aux,1,173,108,0.07407407407407407
saez+rl_aux,1,174,109,0.07339449541284404
saez+rl_aux,1,175,109,0.07339449541284404
saez+rl_aux,1,176,110,0.07272727272727272
saez+rl_aux,1,177,111,0.07207207207207207
saez+rl_aux,1,178,111,0.07207207207207207
saez+rl_aux,1,179,112,0.07142857142857142
saez+rl_aux,1,180,112,0.07142857142857142
saez+rl_aux,1,181,112,0.07142857142857142
saez+rl_aux,1,182,113,0.07079646017699115
saez+rl_aux,1,183,113,0.07079646017699115
saez+rl_aux,1,184,113,0.07079646017699115
saez+rl_aux,1,185,114,0.07017543859649122
saez+rl_aux,1,186,114,0.07017543859649122
saez+rl_aux,1,187,114,0.07017543859649122
saez+rl_aux,1,188,115,0.06956521739130435
saez+rl_aux,1,189,115,0.06956521739130435
saez+rl_aux,1,190,115,0.06956521739130435
saez+rl_aux,1,191,116,0.06896551724137931
saez+rl_aux,1,192,116,0.06896551724137931
saez+rl_aux,1,193,116,0.06896551724137931
saez+rl_aux,1,194,116,0.06896551724137931
saez+rl_aux,1,195,116,0.06896551724137931
saez+rl_aux,1,196,116,0.06896551724137931
saez+rl_aux,1,197,116,0.06896551724137931
saez+rl_aux,1,198,117,0.06837606837606838
saez+rl_aux,1,199,118,0.06779661016949153
saez+rl_aux,1,200,118,0.06779661016949153
saez+rl_aux,1,201,119,0.06722689075630252
saez+rl_aux,1,202,119,0.06722689075630252
saez+rl_aux,1,203,119,0.06722689075630252
saez+rl_aux,1,204,119,0.06722689075630252
saez+rl_aux,1,205,119,0.06722689075630252
saez+rl_aux,1,206,119,0.06722689075630252
saez+rl_aux,1,207,119,0.06722689075630252
saez+rl_aux,1,208,119,0.06722689075630252
saez+rl_aux,1,209,119,0.06722689075630252
saez+rl_aux,1,210,119,0.06722689075630252
saez+rl_aux,1,211,119,0.06722689075630252
saez+rl_aux,1,212,119,0.06722689075630252
saez+rl_aux,1,213,119,0.06722689075630252
saez+rl_aux,1,214,119,0.06722689075630252
saez+rl_aux,1,215,119,0.06722689075630252
saez+rl_aux,1,216,119,0.06722689075630252
saez+rl_aux,1,217,119,0.06722689075630252
saez+rl_aux,1,218,119,0.06722689075630252
saez+rl_aux,1,219,119,0.06722689075630252
saez+rl_aux,1,220,119,0.06722689075630252
saez+rl_aux,1,221,119,0.06722689075630252
saez+rl_aux,1,222,119,0.06722689075630252
saez+rl_aux,1,223,119,0.06722689075630252
saez+rl_aux,1,224,119,0.06722689075630252
saez+rl_aux,1,225,119,0.06722689075630252
saez+rl_aux,1,226,119,0.06722689075630252
saez+rl_aux,1,227,119,0.06722689075630252
saez+rl_aux,1,228,119,0.06722689075630252
saez+rl_aux,1,229,119,0.06722689075630252
saez+rl_aux,1,230,119,0.06722689075630252
saez+rl_aux,1,231,119,0.06722689075630252
saez+rl_aux,1,232,119,0.06722689075630252
saez+rl_aux,1,233,119,0.06722689075630252
saez+rl_aux,1,234,119,0.06722689075630252
saez+rl_aux,1,235,119,0.06722689075630252
saez+rl_aux,1,236,119,0.06722689075630252
saez+rl_aux,1,237,119,0.06722689075630252
saez+rl_aux,1,238,119,0.06722689075630252
saez+rl_aux,1,239,119,0.06722689075630252
rl_mean_fixed,0,0,58,1.0
rl_mean_fixed,0,1,59,1.0
rl_mean_fixed,0,2,59,1.0
rl_mean_fixed,0,3,60,1.0
rl_mean_fixed,0,4,60,1.0
rl_mean_fixed,0,5,60,1.0
rl_mean_fixed,0,6,60,1.0
rl_mean_fixed,0,7,60,1.0
rl_mean_fixed,0,8,60,1.0
rl_mean_fixed,0,9,60,1.0
rl_mean_fixed,0,10,60,1.0
rl_mean_fixed,0,11,60,1.0
rl_mean_fixed,0,12,61,0.9836065573770492
rl_mean_fixed,0,13,61,0.9836065573770492
rl_mean_fixed,0,14,62,0.967741935483871
rl_mean_fixed,0,15,62,0.967741935483871
rl_mean_fixed,0,16,63,0.9523809523809523
rl_mean_fixed,0,17,64,0.9375
rl_mean_fixed,0,18,64,0.9375
rl_mean_fixed,0,19,65,0.9384615384615385
rl_mean_fixed,0,20,65,0.9538461538461539
rl_mean_fixed,0,21,65,0.9692307692307692
rl_mean_fixed,0,22,65,0.9692307692307692
rl_mean_fixed,0,23,66,0.9696969696969697
rl_mean_fixed,0,24,66,0.9696969696969697
rl_mean_fixed,0,25,66,0.9696969696969697
rl_mean_fixed,0,26,66,0.9696969696969697
rl_mean_fixed,0,27,66,0.9696969696969697
rl_mean_fixed,0,28,66,0.9696969696969697
rl_mean_fixed,0,29,67,0.9552238805970149
rl_mean_fixed,0,30,67,0.9701492537313433
rl_mean_fixed,0,31,67,0.9850746268656716
rl_mean_fixed,0,32,67,0.9850746268656716
rl_mean_fixed,0,33,68,0.9852941176470589
rl_mean_fixed,0,34,68,0.9852941176470589
rl_mean_fixed,0,35,69,0.9710144927536232
rl_mean_fixed,0,36,70,0.9571428571428572
rl_mean_fixed,0,37,70,0.9571428571428572
rl_mean_fixed,0,38,70,0.9571428571428572
rl_mean_fixed,0,39,71,0.9436619718309859
rl_mean_fixed,0,40,72,0.9444444444444444
rl_mean_fixed,0,41,73,0.9452054794520548
rl_mean_fixed,0,42,73,0.9452054794520548
rl_mean_fixed,0,43,73,0.9452054794520548
rl_mean_fixed,0,44,74,0.9459459459459459
rl_mean_fixed,0,45,74,0.9459459459459459
rl_mean_fixed,0,46,75,0.9466666666666667
rl_mean_fixed,0,47,75,0.9466666666666667
rl_mean_fixed,0,48,75,0.9466666666666667
rl_mean_fixed,0,49,75,0.9466666666666667
rl_mean_fixed,0,50,76,0.9342105263157895
rl_mean_fixed,0,51,76,0.9342105263157895
rl_mean_fixed,0,52,76,0.9342105263157895
rl_mean_fixed,0,53,76,0.9473684210526315
rl_mean_fixed,0,54,77,0.935064935064935
rl_mean_fixed,0,55,77,0.948051948051948
rl_mean_fixed,0,56,77,0.961038961038961
rl_mean_fixed,0,57,77,0.961038961038961
rl_mean_fixed,0,58,77,0.961038961038961
rl_mean_fixed,0,59,78,0.9487179487179487
rl_mean_fixed,0,60,78,0.9487179487179487
rl_mean_fixed,0,61,78,0.9487179487179487
rl_mean_fixed,0,62,79,0.9367088607594937
rl_mean_fixed,0,63,79,0.9367088607594937
rl_mean_fixed,0,64,79,0.9367088607594937
rl_mean_fixed,0,65,79,0.9493670886075949
rl_mean_fixed,0,66,79,0.9493670886075949
rl_mean_fixed,0,67,80,0.95
rl_mean_fixed,0,68,80,0.95
rl_mean_fixed,0,69,80,0.95
rl_mean_fixed,0,70,81,0.9382716049382716
rl_mean_fixed,0,71,82,0.9390243902439024
rl_mean_fixed,0,72,82,0.9512195121951219
rl_mean_fixed,0,73,83,0.9397590361445783
rl_mean_fixed,0,74,84,0.9404761904761905
rl_mean_fixed,0,75,85,0.9294117647058824
rl_mean_fixed,0,76,85,0.9294117647058824
rl_mean_fixed,0,77,85,0.9411764705882353
rl_mean_fixed,0,78,85,0.9411764705882353
rl_mean_fixed,0,79,86,0.9302325581395349
rl_mean_fixed,0,80,86,0.9302325581395349
rl_mean_fixed,0,81,86,0.9302325581395349
rl_mean_fixed,0,82,87,0.9195402298850575
rl_mean_fixed,0,83,87,0.9195402298850575
rl_mean_fixed,0,84,87,0.9310344827586207
rl_mean_fixed,0,85,88,0.9204545454545454
rl_mean_fixed,0,86,88,0.9204545454545454
rl_mean_fixed,0,87,89,0.9101123595505618
rl_mean_fixed,0,88,90,0.9
rl_mean_fixed,0,89,91,0.8901098901098901
rl_mean_fixed,0,90,92,0.8804347826086957
rl_mean_fixed,0,91,92,0.8804347826086957
rl_mean_fixed,0,92,92,0.8804347826086957
rl_mean_fixed,0,93,93,0.8709677419354839
rl_mean_fixed,0,94,93,0.8709677419354839
rl_mean_fixed,0,95,93,0.8817204301075269
rl_mean_fixed,0,96,93,0.8924731182795699
rl_mean_fixed,0,97,93,0.8924731182795699
rl_mean_fixed,0,98,93,0.9032258064516129
rl_mean_fixed,0,99,93,0.9032258064516129
rl_mean_fixed,0,100,94,0.8936170212765957
rl_mean_fixed,0,101,94,0.8936170212765957
rl_mean_fixed,0,102,94,0.8936170212765957
rl_mean_fixed,0,103,94,0.8936170212765957
rl_mean_fixed,0,104,94,0.8936170212765957
rl_mean_fixed,0,105,94,0.8936170212765957
rl_mean_fixed,0,106,95,0.8842105263157894
rl_mean_fixed,0,107,96,0.875
rl_mean_fixed,0,108,97,0.865979381443299
rl_mean_fixed,0,109,98,0.8571428571428571
rl_mean_fixed,0,110,98,0.8571428571428571
rl_mean_fixed,0,111,99,0.8484848484848485
rl_mean_fixed,0,112,100,0.84
rl_mean_fixed,0,113,101,0.8316831683168316
rl_mean_fixed,0,114,101,0.8415841584158416
rl_mean_fixed,0,115,102,0.8333333333333334
rl_mean_fixed,0,116,102,0.8333333333333334
rl_mean_fixed,0,117,102,0.8333333333333334
rl_mean_fixed,0,118,103,0.8252427184466019
rl_mean_fixed,0,119,103,0.8252427184466019
rl_mean_fixed,0,120,104,0.8173076923076923
rl_mean_fixed,0,121,104,0.8173076923076923
rl_mean_fixed,0,122,104,0.8269230769230769
rl_mean_fixed,0,123,104,0.8365384615384616
rl_mean_fixed,0,124,104,0.8365384615384616
rl_mean_fixed,0,125,104,0.8365384615384616
rl_mean_fixed,0,126,104,0.8365384615384616
rl_mean_fixed,0,127,104,0.8461538461538461
rl_mean_fixed,0,128,105,0.8476190476190476
rl_mean_fixed,0,129,106,0.839622641509434
rl_mean_fixed,0,130,107,0.8317757009345794
rl_mean_fixed,0,131,108,0.8240740740740741
rl_mean_fixed,0,132,108,0.8240740740740741
rl_mean_fixed,0,133,108,0.8333333333333334
rl_mean_fixed,0,134,109,0.8256880733944955
rl_mean_fixed,0,135,109,0.8348623853211009
rl_mean_fixed,0,136,110,0.8272727272727273
rl_mean_fixed,0,137,111,0.8198198198198198
rl_mean_fixed,0,138,111,0.8198198198198198
rl_mean_fixed,0,139,111,0.8288288288288288
rl_mean_fixed,0,140,112,0.8214285714285714
rl_mean_fixed,0,141,112,0.8214285714285714
rl_mean_fixed,0,142,112,0.8214285714285714
rl_mean_fixed,0,143,112,0.8214285714285714
rl_mean_fixed,0,144,113,0.8230088495575221
rl_mean_fixed,0,145,113,0.8230088495575221
rl_mean_fixed,0,146,114,0.8157894736842105
rl_mean_fixed,0,147,115,0.808695652173913
rl_mean_fixed,0,148,115,0.8173913043478261
rl_mean_fixed,0,149,115,0.8260869565217391
rl_mean_fixed,0,150,115,0.8347826086956521
rl_mean_fixed,0,151,116,0.8275862068965517
rl_mean_fixed,0,152,116,0.8275862068965517
rl_mean_fixed,0,153,116,0.8275862068965517
rl_mean_fixed,0,154,116,0.8275862068965517
rl_mean_fixed,0,155,116,0.8275862068965517
rl_mean_fixed,0,156,116,0.8275862068965517
rl_mean_fixed,0,157,116,0.8275862068965517
rl_mean_fixed,0,158,117,0.8205128205128205
rl_mean_fixed,0,159,117,0.8290598290598291
rl_mean_fixed,0,160,117,0.8290598290598291
rl_mean_fixed,0,161,118,0.8305084745762712
rl_mean_fixed,0,162,118,0.8305084745762712
rl_mean_fixed,0,163,118,0.8389830508474576
rl_mean_fixed,0,164,119,0.8403361344537815
rl_mean_fixed,0,165,119,0.8487394957983193
rl_mean_fixed,0,166,120,0.85
rl_mean_fixed,0,167,121,0.8512396694214877
rl_mean_fixed,0,168,121,0.8512396694214877
rl_mean_fixed,0,169,121,0.859504132231405
rl_mean_fixed,0,170,122,0.8524590163934426
rl_mean_fixed,0,171,122,0.860655737704918
rl_mean_fixed,0,172,123,0.8617886178861789
rl_mean_fixed,0,173,123,0.8617886178861789
rl_mean_fixed,0,174,123,0.8699186991869918
rl_mean_fixed,0,175,123,0.8780487804878049
rl_mean_fixed,0,176,124,0.8709677419354839
rl_mean_fixed,0,177,124,0.8790322580645161
rl_mean_fixed,0,178,124,0.8790322580645161
rl_mean_fixed,0,179,124,0.8790322580645161
rl_mean_fixed,0,180,124,0.8790322580645161
rl_mean_fixed,0,181,125,0.88
rl_mean_fixed,0,182,125,0.88
rl_mean_fixed,0,183,125,0.88
rl_mean_fixed,0,184,126,0.873015873015873
rl_mean_fixed,0,185,126,0.8809523809523809
rl_mean_fixed,0,186,126,0.8809523809523809
rl_mean_fixed,0,187,126,0.8888888888888888
rl_mean_fixed,0,188,127,0.8818897637795275
rl_mean_fixed,0,189,127,0.8818897637795275
rl_mean_fixed,0,190,127,0.889763779527559
rl_mean_fixed,0,191,128,0.8828125
rl_mean_fixed,0,192,128,0.8828125
rl_mean_fixed,0,193,128,0.8828125
rl_mean_fixed,0,194,128,0.890625
rl_mean_fixed,0,195,128,0.8984375
rl_mean_fixed,0,196,129,0.8914728682170543
rl_mean_fixed,0,197,130,0.8846153846153846
rl_mean_fixed,0,198,130,0.8846153846153846
rl_mean_fixed,0,199,131,0.8778625954198473
rl_mean_fixed,0,200,131,0.8778625954198473
rl_mean_fixed,0,201,131,0.8854961832061069
rl_mean_fixed,0,202,131,0.8931297709923665
rl_mean_fixed,0,203,132,0.8939393939393939
rl_mean_fixed,0,204,132,0.9015151515151515
rl_mean_fixed,0,205,132,0.9015151515151515
rl_mean_fixed,0,206,132,0.9015151515151515
rl_mean_fixed,0,207,132,0.9015151515151515
rl_mean_fixed,0,208,132,0.9015151515151515
rl_mean_fixed,0,209,132,0.9015151515151515
rl_mean_fixed,0,210,132,0.9015151515151515
rl_mean_fixed,0,211,132,0.9015151515151515
rl_mean_fixed,0,212,132,0.9090909090909091
rl_mean_fixed,0,213,132,0.9090909090909091
rl_mean_fixed,0,214,132,0.9090909090909091
rl_mean_fixed,0,215,132,0.9090909090909091
rl_mean_fixed,0,216,132,0.9090909090909091
rl_mean_fixed,0,217,132,0.9090909090909091
rl_mean_fixed,0,218,132,0.9090909090909091
rl_mean_fixed,0,219,132,0.9090909090909091
rl_mean_fixed,0,220,132,0.9090909090909091
rl_mean_fixed,0,221,132,0.9090909090909091
rl_mean_fixed,0,222,132,0.9090909090909091
rl_mean_fixed,0,223,132,0.9090909090909091
rl_mean_fixed,0,224,132,0.9090909090909091
rl_mean_fixed,0,225,132,0.9090909090909091
rl_mean_fixed,0,226,132,0.9090909090909091
rl_mean_fixed,0,227,132,0.9090909090909091
rl_mean_fixed,0,228,132,0.9090909090909091
rl_mean_fixed,0,229,132,0.9090909090909091
rl_mean_fixed,0,230,132,0.9090909090909091
rl_mean_fixed,0,231,132,0.9090909090909091
rl_mean_fixed,0,232,132,0.9090909090909091
rl_mean_fixed,0,233,132,0.9090909090909091
rl_mean_fixed,0,234,132,0.9090909090909091
rl_mean_fixed,0,235,132,0.9090909090909091
rl_mean_fixed,0,236,132,0.9090909090909091
rl_mean_fixed,0,237,132,0.9090909090909091
rl_mean_fixed,0,238,132,0.9090909090909091
rl_mean_fixed,0,239,132,0.9090909090909091
rl_mean_fixed,1,0,58,1.0
rl_mean_fixed,1,1,58,1.0
rl_mean_fixed,1,2,58,1.0
rl_mean_fixed,1,3,58,1.0
rl_mean_fixed,1,4,58,1.0
rl_mean_fixed,1,5,59,1.0
rl_mean_fixed,1,6,59,1.0
rl_mean_fixed,1,7,59,1.0
rl_mean_fixed,1,8,59,1.0
rl_mean_fixed,1,9,59,1.0
rl_mean_fixed,1,10,59,1.0
rl_mean_fixed,1,11,59,1.0
rl_mean_fixed,1,12,59,1.0
rl_mean_fixed,1,13,59,1.0
rl_mean_fixed,1,14,59,1.0
rl_mean_fixed,1,15,60,0.9833333333333333
rl_mean_fixed,1,16,61,0.9836065573770492
rl_mean_fixed,1,17,61,0.9836065573770492
rl_mean_fixed,1,18,61,0.9836065573770492
rl_mean_fixed,1,19,62,0.967741935483871
rl_mean_fixed,1,20,63,0.9523809523809523
rl_mean_fixed,1,21,63,0.9523809523809523
rl_mean_fixed,1,22,64,0.9375
rl_mean_fixed,1,23,64,0.9375
rl_mean_fixed,1,24,65,0.9384615384615385
rl_mean_fixed,1,25,66,0.9242424242424242
rl_mean_fixed,1,26,66,0.9242424242424242
rl_mean_fixed,1,27,67,0.9104477611940298
rl_mean_fixed,1,28,67,0.9104477611940298
rl_mean_fixed,1,29,67,0.9104477611940298
rl_mean_fixed,1,30,68,0.8970588235294118
rl_mean_fixed,1,31,68,0.8970588235294118
rl_mean_fixed,1,32,68,0.8970588235294118
rl_mean_fixed,1,33,69,0.8840579710144928
rl_mean_fixed,1,34,69,0.8840579710144928
rl_mean_fixed,1,35,70,0.8714285714285714
rl_mean_fixed,1,36,70,0.8714285714285714
rl_mean_fixed,1,37,71,0.8591549295774648
rl_mean_fixed,1,38,71,0.8591549295774648
rl_mean_fixed,1,39,71,0.8591549295774648
rl_mean_fixed,1,40,71,0.8732394366197183
rl_mean_fixed,1,41,71,0.8732394366197183
rl_mean_fixed,1,42,71,0.8732394366197183
rl_mean_fixed,1,43,72,0.8611111111111112
rl_mean_fixed,1,44,72,0.8611111111111112
rl_mean_fixed,1,45,72,0.875
rl_mean_fixed,1,46,72,0.875
rl_mean_fixed,1,47,72,0.875
rl_mean_fixed,1,48,72,0.875
rl_mean_fixed,1,49,73,0.863013698630137
rl_mean_fixed,1,50,73,0.863013698630137
rl_mean_fixed,1,51,73,0.863013698630137
rl_mean_fixed,1,52,73,0.8767123287671232
rl_mean_fixed,1,53,73,0.8904109589041096
rl_mean_fixed,1,54,74,0.8783783783783784
rl_mean_fixed,1,55,74,0.8918918918918919
rl_mean_fixed,1,56,74,0.8918918918918919
rl_mean_fixed,1,57,74,0.8918918918918919
rl_mean_fixed,1,58,75,0.88
rl_mean_fixed,1,59,76,0.868421052631579
rl_mean_fixed,1,60,76,0.881578947368421
rl_mean_fixed,1,61,76,0.881578947368421
rl_mean_fixed,1,62,76,0.8947368421052632
rl_mean_fixed,1,63,77,0.8831168831168831
rl_mean_fixed,1,64,78,0.8717948717948718
rl_mean_fixed,1,65,78,0.8717948717948718
rl_mean_fixed,1,66,79,0.8607594936708861
rl_mean_fixed,1,67,79,0.8607594936708861
rl_mean_fixed,1,68,80,0.85
rl_mean_fixed,1,69,81,0.8518518518518519
rl_mean_fixed,1,70,81,0.8518518518518519
rl_mean_fixed,1,71,81,0.8641975308641975
rl_mean_fixed,1,72,81,0.8765432098765432
rl_mean_fixed,1,73,81,0.8765432098765432
rl_mean_fixed,1,74,81,0.8765432098765432
rl_mean_fixed,1,75,81,0.8888888888888888
rl_mean_fixed,1,76,81,0.8888888888888888
rl_mean_fixed,1,77,81,0.8888888888888888
rl_mean_fixed,1,78,81,0.8888888888888888
rl_mean_fixed,1,79,81,0.9012345679012346
rl_mean_fixed,1,80,81,0.9012345679012346
rl_mean_fixed,1,81,81,0.9135802469135802
rl_mean_fixed,1,82,82,0.9024390243902439
rl_mean_fixed,1,83,82,0.9024390243902439
rl_mean_fixed,1,84,83,0.891566265060241
rl_mean_fixed,1,85,83,0.891566265060241
rl_mean_fixed,1,86,83,0.891566265060241
rl_mean_fixed,1,87,84,0.8928571428571429
rl_mean_fixed,1,88,85,0.8823529411764706
rl_mean_fixed,1,89,85,0.8823529411764706
rl_mean_fixed,1,90,85,0.8941176470588236
rl_mean_fixed,1,91,85,0.9058823529411765
rl_mean_fixed,1,92,85,0.9058823529411765
rl_mean_fixed,1,93,85,0.9058823529411765
rl_mean_fixed,1,94,85,0.9058823529411765
rl_mean_fixed,1,95,85,0.9176470588235294
rl_mean_fixed,1,96,85,0.9176470588235294
rl_mean_fixed,1,97,85,0.9294117647058824
rl_mean_fixed,1,98,85,0.9294117647058824
rl_mean_fixed,1,99,85,0.9294117647058824
rl_mean_fixed,1,100,86,0.9302325581395349
rl_mean_fixed,1,101,86,0.9302325581395349
rl_mean_fixed,1,102,87,0.9195402298850575
rl_mean_fixed,1,103,87,0.9195402298850575
rl_mean_fixed,1,104,87,0.9195402298850575
rl_mean_fixed,1,105,87,0.9195402298850575
rl_mean_fixed,1,106,87,0.9195402298850575
rl_mean_fixed,1,107,88,0.9090909090909091
rl_mean_fixed,1,108,89,0.898876404494382
rl_mean_fixed,1,109,90,0.9
rl_mean_fixed,1,110,90,0.9111111111111111
rl_mean_fixed,1,111,90,0.9111111111111111
rl_mean_fixed,1,112,90,0.9111111111111111
rl_mean_fixed,1,113,90,0.9111111111111111
rl_mean_fixed,1,114,90,0.9111111111111111
rl_mean_fixed,1,115,90,0.9111111111111111
rl_mean_fixed,1,116,91,0.9010989010989011
rl_mean_fixed,1,117,92,0.8913043478260869
rl_mean_fixed,1,118,92,0.9021739130434783
rl_mean_fixed,1,119,92,0.9021739130434783
rl_mean_fixed,1,120,92,0.9021739130434783
rl_mean_fixed,1,121,93,0.8924731182795699
rl_mean_fixed,1,122,93,0.8924731182795699
rl_mean_fixed,1,123,93,0.8924731182795699
rl_mean_fixed,1,124,93,0.9032258064516129
rl_mean_fixed,1,125,93,0.9032258064516129
rl_mean_fixed,1,126,93,0.9139784946236559
rl_mean_fixed,1,127,93,0.9139784946236559
rl_mean_fixed,1,128,94,0.9042553191489362
rl_mean_fixed,1,129,94,0.9042553191489362
rl_mean_fixed,1,130,94,0.9148936170212766
rl_mean_fixed,1,131,94,0.9148936170212766
rl_mean_fixed,1,132,95,0.9052631578947369
rl_mean_fixed,1,133,95,0.9052631578947369
rl_mean_fixed,1,134,96,0.8958333333333334
rl_mean_fixed,1,135,96,0.8958333333333334
rl_mean_fixed,1,136,97,0.8865979381443299
rl_mean_fixed,1,137,98,0.8775510204081632
rl_mean_fixed,1,138,98,0.8775510204081632
rl_mean_fixed,1,139,99,0.8787878787878788
rl_mean_fixed,1,140,99,0.8787878787878788
rl_mean_fixed,1,141,99,0.8787878787878788
rl_mean_fixed,1,142,99,0.8888888888888888
rl_mean_fixed,1,143,99,0.8888888888888888
rl_mean_fixed,1,144,99,0.8888888888888888
rl_mean_fixed,1,145,100,0.88
rl_mean_fixed,1,146,100,0.88
rl_mean_fixed,1,147,100,0.88
rl_mean_fixed,1,148,101,0.8712871287128713
rl_mean_fixed,1,149,102,0.8627450980392157
rl_mean_fixed,1,150,102,0.8725490196078431
rl_mean_fixed,1,151,102,0.8725490196078431
rl_mean_fixed,1,152,102,0.8725490196078431
rl_mean_fixed,1,153,103,0.8737864077669902
rl_mean_fixed,1,154,103,0.8737864077669902
rl_mean_fixed,1,155,103,0.8737864077669902
rl_mean_fixed,1,156,103,0.8737864077669902
rl_mean_fixed,1,157,103,0.8737864077669902
rl_mean_fixed,1,158,103,0.8737864077669902
rl_mean_fixed,1,159,104,0.8653846153846154
rl_mean_fixed,1,160,105,0.8571428571428571
rl_mean_fixed,1,161,105,0.8571428571428571
rl_mean_fixed,1,162,105,0.8571428571428571
rl_mean_fixed,1,163,105,0.8571428571428571
rl_mean_fixed,1,164,106,0.8490566037735849
rl_mean_fixed,1,165,106,0.8490566037735849
rl_mean_fixed,1,166,106,0.8490566037735849
rl_mean_fixed,1,167,107,0.8411214953271028
rl_mean_fixed,1,168,107,0.8411214953271028
rl_mean_fixed,1,169,107,0.8411214953271028
rl_mean_fixed,1,170,107,0.8504672897196262
rl_mean_fixed,1,171,107,0.8504672897196262
rl_mean_fixed,1,172,108,0.8425925925925926
rl_mean_fixed,1,173,108,0.8425925925925926
rl_mean_fixed,1,174,109,0.8348623853211009
rl_mean_fixed,1,175,109,0.8440366972477065
rl_mean_fixed,1,176,110,0.8363636363636363
rl_mean_fixed,1,177,111,0.8378378378378378
rl_mean_fixed,1,178,111,0.8378378378378378
rl_mean_fixed,1,179,112,0.8303571428571429
rl_mean_fixed,1,180,112,0.8303571428571429
rl_mean_fixed,1,181,112,0.8303571428571429
rl_mean_fixed,1,182,113,0.8230088495575221
rl_mean_fixed,1,183,113,0.831858407079646
rl_mean_fixed,1,184,113,0.8407079646017699
rl_mean_fixed,1,185,114,0.8333333333333334
rl_mean_fixed,1,186,114,0.8421052631578947
rl_mean_fixed,1,187,114,0.8421052631578947
rl_mean_fixed,1,188,115,0.8347826086956521
rl_mean_fixed,1,189,115,0.8347826086956521
rl_mean_fixed,1,190,115,0.8434782608695652
rl_mean_fixed,1,191,116,0.8362068965517241
rl_mean_fixed,1,192,116,0.8448275862068966
rl_mean_fixed,1,193,116,0.853448275862069
rl_mean_fixed,1,194,116,0.853448275862069
rl_mean_fixed,1,195,116,0.853448275862069
rl_mean_fixed,1,196,116,0.853448275862069
rl_mean_fixed,1,197,116,0.853448275862069
rl_mean_fixed,1,198,117,0.8461538461538461
rl_mean_fixed,1,199,118,0.847457627118644
rl_mean_fixed,1,200,118,0.847457627118644
rl_mean_fixed,1,201,119,0.8403361344537815
rl_mean_fixed,1,202,119,0.8403361344537815
rl_mean_fixed,1,203,119,0.8403361344537815
rl_mean_fixed,1,204,119,0.8487394957983193
rl_mean_fixed,1,205,119,0.8487394957983193
rl_mean_fixed,1,206,119,0.8487394957983193
rl_mean_fixed,1,207,119,0.8571428571428571
rl_mean_fixed,1,208,119,0.8571428571428571
rl_mean_fixed,1,209,119,0.8571428571428571
rl_mean_fixed,1,210,119,0.865546218487395
rl_mean_fixed,1,211,119,0.865546218487395
rl_mean_fixed,1,212,119,0.865546218487395
rl_mean_fixed,1,213,119,0.865546218487395
rl_mean_fixed,1,214,119,0.865546218487395
rl_mean_fixed,1,215,119,0.865546218487395
rl_mean_fixed,1,216,119,0.865546218487395
rl_mean_fixed,1,217,119,0.865546218487395
rl_mean_fixed,1,218,119,0.8739495798319328
rl_mean_fixed,1,219,119,0.8739495798319328
rl_mean_fixed,1,220,119,0.8739495798319328
rl_mean_fixed,1,221,119,0.8739495798319328
rl_mean_fixed,1,222,119,0.8739495798319328
rl_mean_fixed,1,223,119,0.8823529411764706
rl_mean_fixed,1,224,119,0.8823529411764706
rl_mean_fixed,1,225,119,0.8823529411764706
rl_mean_fixed,1,226,119,0.8823529411764706
rl_mean_fixed,1,227,119,0.8823529411764706
rl_mean_fixed,1,228,119,0.8823529411764706
rl_mean_fixed,1,229,119,0.8823529411764706
rl_mean_fixed,1,230,119,0.8823529411764706
rl_mean_fixed,1,231,119,0.8823529411764706
rl_mean_fixed,1,232,119,0.8823529411764706
rl_mean_fixed,1,233,119,0.8823529411764706
rl_mean_fixed,1,234,119,0.8823529411764706
rl_mean_fixed,1,235,119,0.8823529411764706
rl_mean_fixed,1,236,119,0.8823529411764706
rl_mean_fixed,1,237,119,0.8823529411764706
rl_mean_fixed,1,238,119,0.8823529411764706
rl_mean_fixed,1,239,119,0.8823529411764706
flat_pit0.10_cit0,0,0,58,1.0
flat_pit0.10_cit0,0,1,59,1.0
flat_pit0.10_cit0,0,2,59,1.0
flat_pit0.10_cit0,0,3,60,1.0
flat_pit0.10_cit0,0,4,60,1.0
flat_pit0.10_cit0,0,5,60,1.0
flat_pit0.10_cit0,0,6,60,1.0
flat_pit0.10_cit0,0,7,60,1.0
flat_pit0.10_cit0,0,8,60,1.0
flat_pit0.10_cit0,0,9,60,1.0
flat_pit0.10_cit0,0,10,60,1.0
flat_pit0.10_cit0,0,11,60,1.0
flat_pit0.10_cit0,0,12,61,0.9836065573770492
flat_pit0.10_cit0,0,13,61,1.0
flat_pit0.10_cit0,0,14,62,1.0
flat_pit0.10_cit0,0,15,62,1.0
flat_pit0.10_cit0,0,16,63,1.0
flat_pit0.10_cit0,0,17,64,1.0
flat_pit0.10_cit0,0,18,64,1.0
flat_pit0.10_cit0,0,19,65,0.9846153846153847
flat_pit0.10_cit0,0,20,65,0.9846153846153847
flat_pit0.10_cit0,0,21,65,0.9846153846153847
flat_pit0.10_cit0,0,22,65,0.9846153846153847
flat_pit0.10_cit0,0,23,66,0.9848484848484849
flat_pit0.10_cit0,0,24,66,0.9848484848484849
flat_pit0.10_cit0,0,25,66,1.0
flat_pit0.10_cit0,0,26,66,1.0
flat_pit0.10_cit0,0,27,66,1.0
flat_pit0.10_cit0,0,28,66,1.0
flat_pit0.10_cit0,0,29,67,0.9850746268656716
flat_pit0.10_cit0,0,30,67,1.0
flat_pit0.10_cit0,0,31,67,1.0
flat_pit0.10_cit0,0,32,67,1.0
flat_pit0.10_cit0,0,33,68,1.0
flat_pit0.10_cit0,0,34,68,1.0
flat_pit0.10_cit0,0,35,69,1.0
flat_pit0.10_cit0,0,36,70,1.0
flat_pit0.10_cit0,0,37,70,1.0
flat_pit0.10_cit0,0,38,70,1.0
flat_pit0.10_cit0,0,39,71,1.0
flat_pit0.10_cit0,0,40,72,1.0
flat_pit0.10_cit0,0,41,73,1.0
flat_pit0.10_cit0,0,42,73,1.0
flat_pit0.10_cit0,0,43,73,1.0
flat_pit0.10_cit0,0,44,74,0.9864864864864865
flat_pit0.10_cit0,0,45,74,0.9864864864864865
flat_pit0.10_cit0,0,46,75,0.9866666666666667
flat_pit0.10_cit0,0,47,75,0.9866666666666667
flat_pit0.10_cit0,0,48,75,0.9866666666666667
flat_pit0.10_cit0,0,49,75,0.9866666666666667
flat_pit0.10_cit0,0,50,76,0.9736842105263158
flat_pit0.10_cit0,0,51,76,0.9868421052631579
flat_pit0.10_cit0,0,52,76,1.0
flat_pit0.10_cit0,0,53,76,1.0
flat_pit0.10_cit0,0,54,77,1.0
flat_pit0.10_cit0,0,55,77,1.0
flat_pit0.10_cit0,0,56,77,1.0
flat_pit0.10_cit0,0,57,77,1.0
flat_pit0.10_cit0,0,58,77,1.0
flat_pit0.10_cit0,0,59,78,1.0
flat_pit0.10_cit0,0,60,78,1.0
flat_pit0.10_cit0,0,61,78,1.0
flat_pit0.10_cit0,0,62,79,1.0
flat_pit0.10_cit0,0,63,79,1.0
flat_pit0.10_cit0,0,64,79,1.0
flat_pit0.10_cit0,0,65,79,1.0
flat_pit0.10_cit0,0,66,79,1.0
flat_pit0.10_cit0,0,67,80,1.0
flat_pit0.10_cit0,0,68,80,1.0
flat_pit0.10_cit0,0,69,80,1.0
flat_pit0.10_cit0,0,70,81,1.0
flat_pit0.10_cit0,0,71,82,1.0
flat_pit0.10_cit0,0,72,82,1.0
flat_pit0.10_cit0,0,73,83,1.0
flat_pit0.10_cit0,0,74,84,1.0
flat_pit0.10_cit0,0,75,85,1.0
flat_pit0.10_cit0,0,76,85,1.0
flat_pit0.10_cit0,0,77,85,1.0
flat_pit0.10_cit0,0,78,85,1.0
flat_pit0.10_cit0,0,79,86,1.0
flat_pit0.10_cit0,0,80,86,1.0
flat_pit0.10_cit0,0,81,86,1.0
flat_pit0.10_cit0,0,82,87,1.0
flat_pit0.10_cit0,0,83,87,1.0
flat_pit0.10_cit0,0,84,87,1.0
flat_pit0.10_cit0,0,85,88,0.9886363636363636
flat_pit0.10_cit0,0,86,88,0.9886363636363636
flat_pit0.10_cit0,0,87,89,0.9775280898876404
flat_pit0.10_cit0,0,88,90,0.9666666666666667
flat_pit0.10_cit0,0,89,91,0.9560439560439561
flat_pit0.10_cit0,0,90,92,0.9456521739130435
flat_pit0.10_cit0,0,91,92,0.9456521739130435
flat_pit0.10_cit0,0,92,92,0.9565217391304348
flat_pit0.10_cit0,0,93,93,0.946236559139785
flat_pit0.10_cit0,0,94,93,0.946236559139785
flat_pit0.10_cit0,0,95,93,0.956989247311828
flat_pit0.10_cit0,0,96,93,0.956989247311828
flat_pit0.10_cit0,0,97,93,0.956989247311828
flat_pit0.10_cit0,0,98,93,0.956989247311828
flat_pit0.10_cit0,0,99,93,0.956989247311828
flat_pit0.10_cit0,0,100,94,0.9574468085106383
flat_pit0.10_cit0,0,101,94,0.9574468085106383
flat_pit0.10_cit0,0,102,94,0.9680851063829787
flat_pit0.10_cit0,0,103,94,0.9680851063829787
flat_pit0.10_cit0,0,104,94,0.9787234042553191
flat_pit0.10_cit0,0,105,94,0.9787234042553191
flat_pit0.10_cit0,0,106,95,0.968421052631579
flat_pit0.10_cit0,0,107,96,0.9583333333333334
flat_pit0.10_cit0,0,108,97,0.9484536082474226
flat_pit0.10_cit0,0,109,98,0.9387755102040817
flat_pit0.10_cit0,0,110,98,0.9387755102040817
flat_pit0.10_cit0,0,111,99,0.9292929292929293
flat_pit0.10_cit0,0,112,100,0.92
flat_pit0.10_cit0,0,113,101,0.9207920792079208
flat_pit0.10_cit0,0,114,101,0.9207920792079208
flat_pit0.10_cit0,0,115,102,0.9117647058823529
flat_pit0.10_cit0,0,116,102,0.9117647058823529
flat_pit0.10_cit0,0,117,102,0.9117647058823529
flat_pit0.10_cit0,0,118,103,0.9029126213592233
flat_pit0.10_cit0,0,119,103,0.9029126213592233
flat_pit0.10_cit0,0,120,104,0.8942307692307693
flat_pit0.10_cit0,0,121,104,0.8942307692307693
flat_pit0.10_cit0,0,122,104,0.8942307692307693
flat_pit0.10_cit0,0,123,104,0.9038461538461539
flat_pit0.10_cit0,0,124,104,0.9134615384615384
flat_pit0.10_cit0,0,125,104,0.9134615384615384
flat_pit0.10_cit0,0,126,104,0.9134615384615384
flat_pit0.10_cit0,0,127,104,0.9134615384615384
flat_pit0.10_cit0,0,128,105,0.9047619047619048
flat_pit0.10_cit0,0,129,106,0.8962264150943396
flat_pit0.10_cit0,0,130,107,0.8878504672897196
flat_pit0.10_cit0,0,131,108,0.8888888888888888
flat_pit0.10_cit0,0,132,108,0.8888888888888888
flat_pit0.10_cit0,0,133,108,0.8888888888888888
flat_pit0.10_cit0,0,134,109,0.8807339449541285
flat_pit0.10_cit0,0,135,109,0.8807339449541285
flat_pit0.10_cit0,0,136,110,0.8727272727272727
flat_pit0.10_cit0,0,137,111,0.8738738738738738
flat_pit0.10_cit0,0,138,111,0.8738738738738738
flat_pit0.10_cit0,0,139,111,0.8828828828828829
flat_pit0.10_cit0,0,140,112,0.875
flat_pit0.10_cit0,0,141,112,0.875
flat_pit0.10_cit0,0,142,112,0.875
flat_pit0.10_cit0,0,143,112,0.8839285714285714
flat_pit0.10_cit0,0,144,113,0.8761061946902655
flat_pit0.10_cit0,0,145,113,0.8849557522123894
flat_pit0.10_cit0,0,146,114,0.8859649122807017
flat_pit0.10_cit0,0,147,115,0.8782608695652174
flat_pit0.10_cit0,0,148,115,0.8782608695652174
flat_pit0.10_cit0,0,149,115,0.8782608695652174
flat_pit0.10_cit0,0,150,115,0.8869565217391304
flat_pit0.10_cit0,0,151,116,0.8793103448275862
flat_pit0.10_cit0,0,152,116,0.8793103448275862
flat_pit0.10_cit0,0,153,116,0.8793103448275862
flat_pit0.10_cit0,0,154,116,0.8793103448275862
flat_pit0.10_cit0,0,155,116,0.8793103448275862
flat_pit0.10_cit0,0,156,116,0.8879310344827587
flat_pit0.10_cit0,0,157,116,0.896551724137931
flat_pit0.10_cit0,0,158,117,0.8888888888888888
flat_pit0.10_cit0,0,159,117,0.8888888888888888
flat_pit0.10_cit0,0,160,117,0.8974358974358975
flat_pit0.10_cit0,0,161,118,0.8898305084745762
flat_pit0.10_cit0,0,162,118,0.8898305084745762
flat_pit0.10_cit0,0,163,118,0.8983050847457628
flat_pit0.10_cit0,0,164,119,0.8907563025210085
flat_pit0.10_cit0,0,165,119,0.8907563025210085
flat_pit0.10_cit0,0,166,120,0.8833333333333333
flat_pit0.10_cit0,0,167,121,0.8760330578512396
flat_pit0.10_cit0,0,168,121,0.8760330578512396
flat_pit0.10_cit0,0,169,121,0.8760330578512396
flat_pit0.10_cit0,0,170,122,0.8688524590163934
flat_pit0.10_cit0,0,171,122,0.8688524590163934
flat_pit0.10_cit0,0,172,123,0.8617886178861789
flat_pit0.10_cit0,0,173,123,0.8617886178861789
flat_pit0.10_cit0,0,174,123,0.8617886178861789
flat_pit0.10_cit0,0,175,123,0.8617886178861789
flat_pit0.10_cit0,0,176,124,0.8548387096774194
flat_pit0.10_cit0,0,177,124,0.8548387096774194
flat_pit0.10_cit0,0,178,124,0.8548387096774194
flat_pit0.10_cit0,0,179,124,0.8548387096774194
flat_pit0.10_cit0,0,180,124,0.8548387096774194
flat_pit0.10_cit0,0,181,125,0.848
flat_pit0.10_cit0,0,182,125,0.848
flat_pit0.10_cit0,0,183,125,0.848
flat_pit0.10_cit0,0,184,126,0.8412698412698413
flat_pit0.10_cit0,0,185,126,0.8412698412698413
flat_pit0.10_cit0,0,186,126,0.8412698412698413
flat_pit0.10_cit0,0,187,126,0.8412698412698413
flat_pit0.10_cit0,0,188,127,0.8346456692913385
flat_pit0.10_cit0,0,189,127,0.8346456692913385
flat_pit0.10_cit0,0,190,127,0.8346456692913385
flat_pit0.10_cit0,0,191,128,0.828125
flat_pit0.10_cit0,0,192,128,0.828125
flat_pit0.10_cit0,0,193,128,0.828125
flat_pit0.10_cit0,0,194,128,0.828125
flat_pit0.10_cit0,0,195,128,0.828125
flat_pit0.10_cit0,0,196,129,0.8217054263565892
flat_pit0.10_cit0,0,197,130,0.8153846153846154
flat_pit0.10_cit0,0,198,130,0.8153846153846154
flat_pit0.10_cit0,0,199,131,0.8091603053435115
flat_pit0.10_cit0,0,200,131,0.8091603053435115
flat_pit0.10_cit0,0,201,131,0.8091603053435115
flat_pit0.10_cit0,0,202,131,0.8091603053435115
flat_pit0.10_cit0,0,203,132,0.803030303030303
flat_pit0.10_cit0,0,204,132,0.803030303030303
flat_pit0.10_cit0,0,205,132,0.803030303030303
flat_pit0.10_cit0,0,206,132,0.803030303030303
flat_pit0.10_cit0,0,207,132,0.803030303030303
flat_pit0.10_cit0,0,208,132,0.803030303030303
flat_pit0.10_cit0,0,209,132,0.803030303030303
flat_pit0.10_cit0,0,210,132,0.803030303030303
flat_pit0.10_cit0,0,211,132,0.803030303030303
flat_pit0.10_cit0,0,212,132,0.803030303030303
flat_pit0.10_cit0,0,213,132,0.803030303030303
flat_pit0.10_cit0,0,214,132,0.803030303030303
flat_pit0.10_cit0,0,215,132,0.803030303030303
flat_pit0.10_cit0,0,216,132,0.803030303030303
flat_pit0.10_cit0,0,217,132,0.803030303030303
flat_pit0.10_cit0,0,218,132,0.803030303030303
flat_pit0.10_cit0,0,219,132,0.803030303030303
flat_pit0.10_cit0,0,220,132,0.803030303030303
flat_pit0.10_cit0,0,221,132,0.803030303030303
flat_pit0.10_cit0,0,222,132,0.803030303030303
flat_pit0.10_cit0,0,223,132,0.803030303030303
flat_pit0.10_cit0,0,224,132,0.803030303030303
flat_pit0.10_cit0,0,225,132,0.803030303030303
flat_pit0.10_cit0,0,226,132,0.803030303030303
flat_pit0.10_cit0,0,227,132,0.803030303030303
flat_pit0.10_cit0,0,228,132,0.803030303030303
flat_pit0.10_cit0,0,229,132,0.803030303030303
flat_pit0.10_cit0,0,230,132,0.803030303030303
flat_pit0.10_cit0,0,231,132,0.803030303030303
flat_pit0.10_cit0,0,232,132,0.803030303030303
flat_pit0.10_cit0,0,233,132,0.803030303030303
flat_pit0.10_cit0,0,234,132,0.803030303030303
flat_pit0.10_cit0,0,235,132,0.803030303030303
flat_pit0.10_cit0,0,236,132,0.803030303030303
flat_pit0.10_cit0,0,237,132,0.803030303030303
flat_pit0.10_cit0,0,238,132,0.803030303030303
flat_pit0.10_cit0,0,239,132,0.803030303030303
flat_pit0.10_cit0,1,0,58,1.0
flat_pit0.10_cit0,1,1,58,1.0
flat_pit0.10_cit0,1,2,58,1.0
flat_pit0.10_cit0,1,3,58,1.0
flat_pit0.10_cit0,1,4,58,1.0
flat_pit0.10_cit0,1,5,59,1.0
flat_pit0.10_cit0,1,6,59,1.0
flat_pit0.10_cit0,1,7,59,1.0
flat_pit0.10_cit0,1,8,59,1.0
flat_pit0.10_cit0,1,9,59,1.0
flat_pit0.10_cit0,1,10,59,1.0
flat_pit0.10_cit0,1,11,59,1.0
flat_pit0.10_cit0,1,12,59,1.0
flat_pit0.10_cit0,1,13,59,1.0
flat_pit0.10_cit0,1,14,59,1.0
flat_pit0.10_cit0,1,15,60,0.9833333333333333
flat_pit0.10_cit0,1,16,61,0.9672131147540983
flat_pit0.10_cit0,1,17,61,0.9672131147540983
flat_pit0.10_cit0,1,18,61,0.9672131147540983
flat_pit0.10_cit0,1,19,62,0.9516129032258065
flat_pit0.10_cit0,1,20,63,0.9365079365079365
flat_pit0.10_cit0,1,21,63,0.9365079365079365
flat_pit0.10_cit0,1,22,64,0.921875
flat_pit0.10_cit0,1,23,64,0.921875
flat_pit0.10_cit0,1,24,65,0.9076923076923077
flat_pit0.10_cit0,1,25,66,0.8939393939393939
flat_pit0.10_cit0,1,26,66,0.9090909090909091
flat_pit0.10_cit0,1,27,67,0.8955223880597015
flat_pit0.10_cit0,1,28,67,0.8955223880597015
flat_pit0.10_cit0,1,29,67,0.9104477611940298
flat_pit0.10_cit0,1,30,68,0.9117647058823529
flat_pit0.10_cit0,1,31,68,0.9117647058823529
flat_pit0.10_cit0,1,32,68,0.9117647058823529
flat_pit0.10_cit0,1,33,69,0.8985507246376812
flat_pit0.10_cit0,1,34,69,0.8985507246376812
flat_pit0.10_cit0,1,35,70,0.9
flat_pit0.10_cit0,1,36,70,0.9
flat_pit0.10_cit0,1,37,71,0.9014084507042254
flat_pit0.10_cit0,1,38,71,0.9154929577464789
flat_pit0.10_cit0,1,39,71,0.9154929577464789
flat_pit0.10_cit0,1,40,71,0.9295774647887324
flat_pit0.10_cit0,1,41,71,0.9295774647887324
flat_pit0.10_cit0,1,42,71,0.9295774647887324
flat_pit0.10_cit0,1,43,72,0.9166666666666666
flat_pit0.10_cit0,1,44,72,0.9166666666666666
flat_pit0.10_cit0,1,45,72,0.9166666666666666
flat_pit0.10_cit0,1,46,72,0.9166666666666666
flat_pit0.10_cit0,1,47,72,0.9166666666666666
flat_pit0.10_cit0,1,48,72,0.9166666666666666
flat_pit0.10_cit0,1,49,73,0.9041095890410958
flat_pit0.10_cit0,1,50,73,0.9178082191780822
flat_pit0.10_cit0,1,51,73,0.9178082191780822
flat_pit0.10_cit0,1,52,73,0.9315068493150684
flat_pit0.10_cit0,1,53,73,0.9452054794520548
flat_pit0.10_cit0,1,54,74,0.9324324324324325
flat_pit0.10_cit0,1,55,74,0.9459459459459459
flat_pit0.10_cit0,1,56,74,0.9459459459459459
flat_pit0.10_cit0,1,57,74,0.9594594594594594
flat_pit0.10_cit0,1,58,75,0.9466666666666667
flat_pit0.10_cit0,1,59,76,0.9342105263157895
flat_pit0.10_cit0,1,60,76,0.9473684210526315
flat_pit0.10_cit0,1,61,76,0.9473684210526315
flat_pit0.10_cit0,1,62,76,0.9605263157894737
flat_pit0.10_cit0,1,63,77,0.948051948051948
flat_pit0.10_cit0,1,64,78,0.9358974358974359
flat_pit0.10_cit0,1,65,78,0.9358974358974359
flat_pit0.10_cit0,1,66,79,0.9240506329113924
flat_pit0.10_cit0,1,67,79,0.9240506329113924
flat_pit0.10_cit0,1,68,80,0.9125
flat_pit0.10_cit0,1,69,81,0.9012345679012346
flat_pit0.10_cit0,1,70,81,0.9012345679012346
flat_pit0.10_cit0,1,71,81,0.9012345679012346
flat_pit0.10_cit0,1,72,81,0.9012345679012346
flat_pit0.10_cit0,1,73,81,0.9135802469135802
flat_pit0.10_cit0,1,74,81,0.9135802469135802
flat_pit0.10_cit0,1,75,81,0.9135802469135802
flat_pit0.10_cit0,1,76,81,0.9135802469135802
flat_pit0.10_cit0,1,77,81,0.9135802469135802
flat_pit0.10_cit0,1,78,81,0.9135802469135802
flat_pit0.10_cit0,1,79,81,0.9135802469135802
flat_pit0.10_cit0,1,80,81,0.9135802469135802
flat_pit0.10_cit0,1,81,81,0.9135802469135802
flat_pit0.10_cit0,1,82,82,0.9024390243902439
flat_pit0.10_cit0,1,83,82,0.9024390243902439
flat_pit0.10_cit0,1,84,83,0.891566265060241
flat_pit0.10_cit0,1,85,83,0.891566265060241
flat_pit0.10_cit0,1,86,83,0.9036144578313253
flat_pit0.10_cit0,1,87,84,0.9047619047619048
flat_pit0.10_cit0,1,88,85,0.8941176470588236
flat_pit0.10_cit0,1,89,85,0.8941176470588236
flat_pit0.10_cit0,1,90,85,0.8941176470588236
flat_pit0.10_cit0,1,91,85,0.8941176470588236
flat_pit0.10_cit0,1,92,85,0.8941176470588236
flat_pit0.10_cit0,1,93,85,0.9058823529411765
flat_pit0.10_cit0,1,94,85,0.9058823529411765
flat_pit0.10_cit0,1,95,85,0.9058823529411765
flat_pit0.10_cit0,1,96,85,0.9058823529411765
flat_pit0.10_cit0,1,97,85,0.9058823529411765
flat_pit0.10_cit0,1,98,85,0.9058823529411765
flat_pit0.10_cit0,1,99,85,0.9058823529411765
flat_pit0.10_cit0,1,100,86,0.8953488372093024
flat_pit0.10_cit0,1,101,86,0.8953488372093024
flat_pit0.10_cit0,1,102,87,0.8850574712643678
flat_pit0.10_cit0,1,103,87,0.8850574712643678
flat_pit0.10_cit0,1,104,87,0.8850574712643678
flat_pit0.10_cit0,1,105,87,0.8850574712643678
flat_pit0.10_cit0,1,106,87,0.896551724137931
flat_pit0.10_cit0,1,107,88,0.8863636363636364
flat_pit0.10_cit0,1,108,89,0.8764044943820225
flat_pit0.10_cit0,1,109,90,0.8666666666666667
flat_pit0.10_cit0,1,110,90,0.8666666666666667
flat_pit0.10_cit0,1,111,90,0.8777777777777778
flat_pit0.10_cit0,1,112,90,0.8777777777777778
flat_pit0.10_cit0,1,113,90,0.8777777777777778
flat_pit0.10_cit0,1,114,90,0.8888888888888888
flat_pit0.10_cit0,1,115,90,0.8888888888888888
flat_pit0.10_cit0,1,116,91,0.8791208791208791
flat_pit0.10_cit0,1,117,92,0.8804347826086957
flat_pit0.10_cit0,1,118,92,0.8913043478260869
flat_pit0.10_cit0,1,119,92,0.8913043478260869
flat_pit0.10_cit0,1,120,92,0.8913043478260869
flat_pit0.10_cit0,1,121,93,0.8924731182795699
flat_pit0.10_cit0,1,122,93,0.8924731182795699
flat_pit0.10_cit0,1,123,93,0.9032258064516129
flat_pit0.10_cit0,1,124,93,0.9032258064516129
flat_pit0.10_cit0,1,125,93,0.9032258064516129
flat_pit0.10_cit0,1,126,93,0.9032258064516129
flat_pit0.10_cit0,1,127,93,0.9032258064516129
flat_pit0.10_cit0,1,128,94,0.8936170212765957
flat_pit0.10_cit0,1,129,94,0.8936170212765957
flat_pit0.10_cit0,1,130,94,0.8936170212765957
flat_pit0.10_cit0,1,131,94,0.8936170212765957
flat_pit0.10_cit0,1,132,95,0.8842105263157894
flat_pit0.10_cit0,1,133,95,0.8842105263157894
flat_pit0.10_cit0,1,134,96,0.875
flat_pit0.10_cit0,1,135,96,0.875
flat_pit0.10_cit0,1,136,97,0.8762886597938144
flat_pit0.10_cit0,1,137,98,0.8673469387755102
flat_pit0.10_cit0,1,138,98,0.8673469387755102
flat_pit0.10_cit0,1,139,99,0.8585858585858586
flat_pit0.10_cit0,1,140,99,0.8585858585858586
flat_pit0.10_cit0,1,141,99,0.8686868686868687
flat_pit0.10_cit0,1,142,99,0.8686868686868687
flat_pit0.10_cit0,1,143,99,0.8686868686868687
flat_pit0.10_cit0,1,144,99,0.8686868686868687
flat_pit0.10_cit0,1,145,100,0.87
flat_pit0.10_cit0,1,146,100,0.87
flat_pit0.10_cit0,1,147,100,0.88
flat_pit0.10_cit0,1,148,101,0.8811881188118812
flat_pit0.10_cit0,1,149,102,0.8725490196078431
flat_pit0.10_cit0,1,150,102,0.8823529411764706
flat_pit0.10_cit0,1,151,102,0.8823529411764706
flat_pit0.10_cit0,1,152,102,0.8823529411764706
flat_pit0.10_cit0,1,153,103,0.883495145631068
flat_pit0.10_cit0,1,154,103,0.883495145631068
flat_pit0.10_cit0,1,155,103,0.883495145631068
flat_pit0.10_cit0,1,156,103,0.883495145631068
flat_pit0.10_cit0,1,157,103,0.8932038834951457
flat_pit0.10_cit0,1,158,103,0.8932038834951457
flat_pit0.10_cit0,1,159,104,0.8846153846153846
flat_pit0.10_cit0,1,160,105,0.8761904761904762
flat_pit0.10_cit0,1,161,105,0.8761904761904762
flat_pit0.10_cit0,1,162,105,0.8761904761904762
flat_pit0.10_cit0,1,163,105,0.8857142857142857
flat_pit0.10_cit0,1,164,106,0.8773584905660378
flat_pit0.10_cit0,1,165,106,0.8773584905660378
flat_pit0.10_cit0,1,166,106,0.8773584905660378
flat_pit0.10_cit0,1,167,107,0.8785046728971962
flat_pit0.10_cit0,1,168,107,0.8785046728971962
flat_pit0.10_cit0,1,169,107,0.8785046728971962
flat_pit0.10_cit0,1,170,107,0.8785046728971962
flat_pit0.10_cit0,1,171,107,0.8878504672897196
flat_pit0.10_cit0,1,172,108,0.8796296296296297
flat_pit0.10_cit0,1,173,108,0.8796296296296297
flat_pit0.10_cit0,1,174,109,0.8807339449541285
flat_pit0.10_cit0,1,175,109,0.8899082568807339
flat_pit0.10_cit0,1,176,110,0.8818181818181818
flat_pit0.10_cit0,1,177,111,0.8738738738738738
flat_pit0.10_cit0,1,178,111,0.8828828828828829
flat_pit0.10_cit0,1,179,112,0.875
flat_pit0.10_cit0,1,180,112,0.875
flat_pit0.10_cit0,1,181,112,0.875
flat_pit0.10_cit0,1,182,113,0.8672566371681416
flat_pit0.10_cit0,1,183,113,0.8672566371681416
flat_pit0.10_cit0,1,184,113,0.8672566371681416
flat_pit0.10_cit0,1,185,114,0.8596491228070176
flat_pit0.10_cit0,1,186,114,0.8596491228070176
flat_pit0.10_cit0,1,187,114,0.868421052631579
flat_pit0.10_cit0,1,188,115,0.8608695652173913
flat_pit0.10_cit0,1,189,115,0.8695652173913043
flat_pit0.10_cit0,1,190,115,0.8695652173913043
flat_pit0.10_cit0,1,191,116,0.8620689655172413
flat_pit0.10_cit0,1,192,116,0.8620689655172413
flat_pit0.10_cit0,1,193,116,0.8620689655172413
flat_pit0.10_cit0,1,194,116,0.8620689655172413
flat_pit0.10_cit0,1,195,116,0.8620689655172413
flat_pit0.10_cit0,1,196,116,0.8706896551724138
flat_pit0.10_cit0,1,197,116,0.8706896551724138
flat_pit0.10_cit0,1,198,117,0.8632478632478633
flat_pit0.10_cit0,1,199,118,0.8559322033898306
flat_pit0.10_cit0,1,200,118,0.864406779661017
flat_pit0.10_cit0,1,201,119,0.8571428571428571
flat_pit0.10_cit0,1,202,119,0.8571428571428571
flat_pit0.10_cit0,1,203,119,0.865546218487395
flat_pit0.10_cit0,1,204,119,0.865546218487395
flat_pit0.10_cit0,1,205,119,0.8739495798319328
flat_pit0.10_cit0,1,206,119,0.8739495798319328
flat_pit0.10_cit0,1,207,119,0.8739495798319328
flat_pit0.10_cit0,1,208,119,0.8739495798319328
flat_pit0.10_cit0,1,209,119,0.8823529411764706
flat_pit0.10_cit0,1,210,119,0.8823529411764706
flat_pit0.10_cit0,1,211,119,0.8823529411764706
flat_pit0.10_cit0,1,212,119,0.8907563025210085
flat_pit0.10_cit0,1,213,119,0.8907563025210085
flat_pit0.10_cit0,1,214,119,0.8907563025210085
flat_pit0.10_cit0,1,215,119,0.8907563025210085
flat_pit0.10_cit0,1,216,119,0.8991596638655462
flat_pit0.10_cit0,1,217,119,0.8991596638655462
flat_pit0.10_cit0,1,218,119,0.907563025210084
flat_pit0.10_cit0,1,219,119,0.907563025210084
flat_pit0.10_cit0,1,220,119,0.907563025210084
flat_pit0.10_cit0,1,221,119,0.907563025210084
flat_pit0.10_cit0,1,222,119,0.907563025210084
flat_pit0.10_cit0,1,223,119,0.907563025210084
flat_pit0.10_cit0,1,224,119,0.907563025210084
flat_pit0.10_cit0,1,225,119,0.907563025210084
flat_pit0.10_cit0,1,226,119,0.907563025210084
flat_pit0.10_cit0,1,227,119,0.907563025210084
flat_pit0.10_cit0,1,228,119,0.907563025210084
flat_pit0.10_cit0,1,229,119,0.907563025210084
flat_pit0.10_cit0,1,230,119,0.907563025210084
flat_pit0.10_cit0,1,231,119,0.907563025210084
flat_pit0.10_cit0,1,232,119,0.907563025210084
flat_pit0.10_cit0,1,233,119,0.907563025210084
flat_pit0.10_cit0,1,234,119,0.907563025210084
flat_pit0.10_cit0,1,235,119,0.907563025210084
flat_pit0.10_cit0,1,236,119,0.907563025210084
flat_pit0.10_cit0,1,237,119,0.907563025210084
flat_pit0.10_cit0,1,238,119,0.907563025210084
flat_pit0.10_cit0,1,239,119,0.907563025210084
flat_pit0_cit0.30,0,0,58,1.0
flat_pit0_cit0.30,0,1,59,1.0
flat_pit0_cit0.30,0,2,59,1.0
flat_pit0_cit0.30,0,3,60,1.0
flat_pit0_cit0.30,0,4,60,1.0
flat_pit0_cit0.30,0,5,60,1.0
flat_pit0_cit0.30,0,6,60,1.0
flat_pit0_cit0.30,0,7,60,1.0
flat_pit0_cit0.30,0,8,60,1.0
flat_pit0_cit0.30,0,9,60,1.0
flat_pit0_cit0.30,0,10,60,1.0
flat_pit0_cit0.30,0,11,60,1.0
flat_pit0_cit0.30,0,12,61,0.9836065573770492
flat_pit0_cit0.30,0,13,61,0.9836065573770492
flat_pit0_cit0.30,0,14,62,0.9838709677419355
flat_pit0_cit0.30,0,15,62,0.9838709677419355
flat_pit0_cit0.30,0,16,63,0.9682539682539683
flat_pit0_cit0.30,0,17,64,0.953125
flat_pit0_cit0.30,0,18,64,0.953125
flat_pit0_cit0.30,0,19,65,0.9384615384615385
flat_pit0_cit0.30,0,20,65,0.9384615384615385
flat_pit0_cit0.30,0,21,65,0.9384615384615385
flat_pit0_cit0.30,0,22,65,0.9538461538461539
flat_pit0_cit0.30,0,23,66,0.9393939393939394
flat_pit0_cit0.30,0,24,66,0.9545454545454546
flat_pit0_cit0.30,0,25,66,0.9545454545454546
flat_pit0_cit0.30,0,26,66,0.9696969696969697
flat_pit0_cit0.30,0,27,66,0.9696969696969697
flat_pit0_cit0.30,0,28,66,0.9696969696969697
flat_pit0_cit0.30,0,29,67,0.9552238805970149
flat_pit0_cit0.30,0,30,67,0.9701492537313433
flat_pit0_cit0.30,0,31,67,0.9701492537313433
flat_pit0_cit0.30,0,32,67,0.9701492537313433
flat_pit0_cit0.30,0,33,68,0.9558823529411765
flat_pit0_cit0.30,0,34,68,0.9558823529411765
flat_pit0_cit0.30,0,35,69,0.9420289855072463
flat_pit0_cit0.30,0,36,70,0.9285714285714286
flat_pit0_cit0.30,0,37,70,0.9285714285714286
flat_pit0_cit0.30,0,38,70,0.9285714285714286
flat_pit0_cit0.30,0,39,71,0.9154929577464789
flat_pit0_cit0.30,0,40,72,0.9027777777777778
flat_pit0_cit0.30,0,41,73,0.8904109589041096
flat_pit0_cit0.30,0,42,73,0.8904109589041096
flat_pit0_cit0.30,0,43,73,0.8904109589041096
flat_pit0_cit0.30,0,44,74,0.8918918918918919
flat_pit0_cit0.30,0,45,74,0.9054054054054054
flat_pit0_cit0.30,0,46,75,0.9066666666666666
flat_pit0_cit0.30,0,47,75,0.9066666666666666
flat_pit0_cit0.30,0,48,75,0.9066666666666666
flat_pit0_cit0.30,0,49,75,0.92
flat_pit0_cit0.30,0,50,76,0.9210526315789473
flat_pit0_cit0.30,0,51,76,0.9210526315789473
flat_pit0_cit0.30,0,52,76,0.9210526315789473
flat_pit0_cit0.30,0,53,76,0.9210526315789473
flat_pit0_cit0.30,0,54,77,0.9090909090909091
flat_pit0_cit0.30,0,55,77,0.9090909090909091
flat_pit0_cit0.30,0,56,77,0.9090909090909091
flat_pit0_cit0.30,0,57,77,0.9090909090909091
flat_pit0_cit0.30,0,58,77,0.922077922077922
flat_pit0_cit0.30,0,59,78,0.9230769230769231
flat_pit0_cit0.30,0,60,78,0.9358974358974359
flat_pit0_cit0.30,0,61,78,0.9358974358974359
flat_pit0_cit0.30,0,62,79,0.9367088607594937
flat_pit0_cit0.30,0,63,79,0.9367088607594937
flat_pit0_cit0.30,0,64,79,0.9367088607594937
flat_pit0_cit0.30,0,65,79,0.9367088607594937
flat_pit0_cit0.30,0,66,79,0.9493670886075949
flat_pit0_cit0.30,0,67,80,0.9375
flat_pit0_cit0.30,0,68,80,0.95
flat_pit0_cit0.30,0,69,80,0.95
flat_pit0_cit0.30,0,70,81,0.9506172839506173
flat_pit0_cit0.30,0,71,82,0.9390243902439024
flat_pit0_cit0.30,0,72,82,0.9390243902439024
flat_pit0_cit0.30,0,73,83,0.9397590361445783
flat_pit0_cit0.30,0,74,84,0.9285714285714286
flat_pit0_cit0.30,0,75,85,0.9176470588235294
flat_pit0_cit0.30,0,76,85,0.9294117647058824
flat_pit0_cit0.30,0,77,85,0.9294117647058824
flat_pit0_cit0.30,0,78,85,0.9294117647058824
flat_pit0_cit0.30,0,79,86,0.9302325581395349
flat_pit0_cit0.30,0,80,86,0.9302325581395349
flat_pit0_cit0.30,0,81,86,0.9418604651162791
flat_pit0_cit0.30,0,82,87,0.9425287356321839
flat_pit0_cit0.30,0,83,87,0.9540229885057471
flat_pit0_cit0.30,0,84,87,0.9655172413793104
flat_pit0_cit0.30,0,85,88,0.9545454545454546
flat_pit0_cit0.30,0,86,88,0.9545454545454546
flat_pit0_cit0.30,0,87,89,0.9550561797752809
flat_pit0_cit0.30,0,88,90,0.9444444444444444
flat_pit0_cit0.30,0,89,91,0.9340659340659341
flat_pit0_cit0.30,0,90,92,0.9347826086956522
flat_pit0_cit0.30,0,91,92,0.9347826086956522
flat_pit0_cit0.30,0,92,92,0.9347826086956522
flat_pit0_cit0.30,0,93,93,0.9247311827956989
flat_pit0_cit0.30,0,94,93,0.9247311827956989
flat_pit0_cit0.30,0,95,93,0.9247311827956989
flat_pit0_cit0.30,0,96,93,0.9354838709677419
flat_pit0_cit0.30,0,97,93,0.9354838709677419
flat_pit0_cit0.30,0,98,93,0.946236559139785
flat_pit0_cit0.30,0,99,93,0.946236559139785
flat_pit0_cit0.30,0,100,94,0.9361702127659575
flat_pit0_cit0.30,0,101,94,0.9361702127659575
flat_pit0_cit0.30,0,102,94,0.9468085106382979
flat_pit0_cit0.30,0,103,94,0.9468085106382979
flat_pit0_cit0.30,0,104,94,0.9468085106382979
flat_pit0_cit0.30,0,105,94,0.9574468085106383
flat_pit0_cit0.30,0,106,95,0.9473684210526315
flat_pit0_cit0.30,0,107,96,0.9479166666666666
flat_pit0_cit0.30,0,108,97,0.9484536082474226
flat_pit0_cit0.30,0,109,98,0.9387755102040817
flat_pit0_cit0.30,0,110,98,0.9387755102040817
flat_pit0_cit0.30,0,111,99,0.9292929292929293
flat_pit0_cit0.30,0,112,100,0.92
flat_pit0_cit0.30,0,113,101,0.9108910891089109
flat_pit0_cit0.30,0,114,101,0.9108910891089109
flat_pit0_cit0.30,0,115,102,0.9019607843137255
flat_pit0_cit0.30,0,116,102,0.9019607843137255
flat_pit0_cit0.30,0,117,102,0.9019607843137255
flat_pit0_cit0.30,0,118,103,0.8932038834951457
flat_pit0_cit0.30,0,119,103,0.9029126213592233
flat_pit0_cit0.30,0,120,104,0.8942307692307693
flat_pit0_cit0.30,0,121,104,0.9038461538461539
flat_pit0_cit0.30,0,122,104,0.9038461538461539
flat_pit0_cit0.30,0,123,104,0.9038461538461539
flat_pit0_cit0.30,0,124,104,0.9134615384615384
flat_pit0_cit0.30,0,125,104,0.9134615384615384
flat_pit0_cit0.30,0,126,104,0.9134615384615384
flat_pit0_cit0.30,0,127,104,0.9134615384615384
flat_pit0_cit0.30,0,128,105,0.9047619047619048
flat_pit0_cit0.30,0,129,106,0.9056603773584906
flat_pit0_cit0.30,0,130,107,0.897196261682243
flat_pit0_cit0.30,0,131,108,0.8888888888888888
flat_pit0_cit0.30,0,132,108,0.8981481481481481
flat_pit0_cit0.30,0,133,108,0.8981481481481481
flat_pit0_cit0.30,0,134,109,0.8899082568807339
flat_pit0_cit0.30,0,135,109,0.8899082568807339
flat_pit0_cit0.30,0,136,110,0.8909090909090909
flat_pit0_cit0.30,0,137,111,0.8828828828828829
flat_pit0_cit0.30,0,138,111,0.8918918918918919
flat_pit0_cit0.30,0,139,111,0.8918918918918919
flat_pit0_cit0.30,0,140,112,0.8928571428571429
flat_pit0_cit0.30,0,141,112,0.9017857142857143
flat_pit0_cit0.30,0,142,112,0.9017857142857143
flat_pit0_cit0.30,0,143,112,0.9107142857142857
flat_pit0_cit0.30,0,144,113,0.9026548672566371
flat_pit0_cit0.30,0,145,113,0.9026548672566371
flat_pit0_cit0.30,0,146,114,0.8947368421052632
flat_pit0_cit0.30,0,147,115,0.8869565217391304
flat_pit0_cit0.30,0,148,115,0.8869565217391304
flat_pit0_cit0.30,0,149,115,0.8869565217391304
flat_pit0_cit0.30,0,150,115,0.8869565217391304
flat_pit0_cit0.30,0,151,116,0.8879310344827587
flat_pit0_cit0.30,0,152,116,0.8879310344827587
flat_pit0_cit0.30,0,153,116,0.8879310344827587
flat_pit0_cit0.30,0,154,116,0.8879310344827587
flat_pit0_cit0.30,0,155,116,0.8879310344827587
flat_pit0_cit0.30,0,156,116,0.896551724137931
flat_pit0_cit0.30,0,157,116,0.896551724137931
flat_pit0_cit0.30,0,158,117,0.8888888888888888
flat_pit0_cit0.30,0,159,117,0.8888888888888888
flat_pit0_cit0.30,0,160,117,0.8888888888888888
flat_pit0_cit0.30,0,161,118,0.8813559322033898
flat_pit0_cit0.30,0,162,118,0.8813559322033898
flat_pit0_cit0.30,0,163,118,0.8898305084745762
flat_pit0_cit0.30,0,164,119,0.8823529411764706
flat_pit0_cit0.30,0,165,119,0.8823529411764706
flat_pit0_cit0.30,0,166,120,0.875
flat_pit0_cit0.30,0,167,121,0.8760330578512396
flat_pit0_cit0.30,0,168,121,0.8760330578512396
flat_pit0_cit0.30,0,169,121,0.8842975206611571
flat_pit0_cit0.30,0,170,122,0.8770491803278688
flat_pit0_cit0.30,0,171,122,0.8852459016393442
flat_pit0_cit0.30,0,172,123,0.8780487804878049
flat_pit0_cit0.30,0,173,123,0.8780487804878049
flat_pit0_cit0.30,0,174,123,0.8780487804878049
flat_pit0_cit0.30,0,175,123,0.8780487804878049
flat_pit0_cit0.30,0,176,124,0.8709677419354839
flat_pit0_cit0.30,0,177,124,0.8709677419354839
flat_pit0_cit0.30,0,178,124,0.8709677419354839
flat_pit0_cit0.30,0,179,124,0.8709677419354839
flat_pit0_cit0.30,0,180,124,0.8709677419354839
flat_pit0_cit0.30,0,181,125,0.872
flat_pit0_cit0.30,0,182,125,0.872
flat_pit0_cit0.30,0,183,125,0.872
flat_pit0_cit0.30,0,184,126,0.8650793650793651
flat_pit0_cit0.30,0,185,126,0.873015873015873
flat_pit0_cit0.30,0,186,126,0.8809523809523809
flat_pit0_cit0.30,0,187,126,0.8809523809523809
flat_pit0_cit0.30,0,188,127,0.8818897637795275
flat_pit0_cit0.30,0,189,127,0.8818897637795275
flat_pit0_cit0.30,0,190,127,0.8818897637795275
flat_pit0_cit0.30,0,191,128,0.875
flat_pit0_cit0.30,0,192,128,0.8828125
flat_pit0_cit0.30,0,193,128,0.8828125
flat_pit0_cit0.30,0,194,128,0.8828125
flat_pit0_cit0.30,0,195,128,0.8828125
flat_pit0_cit0.30,0,196,129,0.875968992248062
flat_pit0_cit0.30,0,197,130,0.8769230769230769
flat_pit0_cit0.30,0,198,130,0.8769230769230769
flat_pit0_cit0.30,0,199,131,0.8702290076335878
flat_pit0_cit0.30,0,200,131,0.8778625954198473
flat_pit0_cit0.30,0,201,131,0.8854961832061069
flat_pit0_cit0.30,0,202,131,0.8854961832061069
flat_pit0_cit0.30,0,203,132,0.8787878787878788
flat_pit0_cit0.30,0,204,132,0.8787878787878788
flat_pit0_cit0.30,0,205,132,0.8787878787878788
flat_pit0_cit0.30,0,206,132,0.8787878787878788
flat_pit0_cit0.30,0,207,132,0.8787878787878788
flat_pit0_cit0.30,0,208,132,0.8863636363636364
flat_pit0_cit0.30,0,209,132,0.8863636363636364
flat_pit0_cit0.30,0,210,132,0.8863636363636364
flat_pit0_cit0.30,0,211,132,0.8939393939393939
flat_pit0_cit0.30,0,212,132,0.8939393939393939
flat_pit0_cit0.30,0,213,132,0.8939393939393939
flat_pit0_cit0.30,0,214,132,0.9015151515151515
flat_pit0_cit0.30,0,215,132,0.9015151515151515
flat_pit0_cit0.30,0,216,132,0.9015151515151515
flat_pit0_cit0.30,0,217,132,0.9015151515151515
flat_pit0_cit0.30,0,218,132,0.9015151515151515
flat_pit0_cit0.30,0,219,132,0.9015151515151515
flat_pit0_cit0.30,0,220,132,0.9015151515151515
flat_pit0_cit0.30,0,221,132,0.9015151515151515
flat_pit0_cit0.30,0,222,132,0.9015151515151515
flat_pit0_cit0.30,0,223,132,0.9015151515151515
flat_pit0_cit0.30,0,224,132,0.9015151515151515
flat_pit0_cit0.30,0,225,132,0.9015151515151515
flat_pit0_cit0.30,0,226,132,0.9015151515151515
flat_pit0_cit0.30,0,227,132,0.9015151515151515
flat_pit0_cit0.30,0,228,132,0.9015151515151515
flat_pit0_cit0.30,0,229,132,0.9015151515151515
flat_pit0_cit0.30,0,230,132,0.9015151515151515
flat_pit0_cit0.30,0,231,132,0.9015151515151515
flat_pit0_cit0.30,0,232,132,0.9015151515151515
flat_pit0_cit0.30,0,233,132,0.9015151515151515
flat_pit0_cit0.30,0,234,132,0.9015151515151515
flat_pit0_cit0.30,0,235,132,0.9015151515151515
flat_pit0_cit0.30,0,236,132,0.9015151515151515
flat_pit0_cit0.30,0,237,132,0.9015151515151515
flat_pit0_cit0.30,0,238,132,0.9015151515151515
flat_pit0_cit0.30,0,239,132,0.9015151515151515
flat_pit0_cit0.30,1,0,58,1.0
flat_pit0_cit0.30,1,1,58,1.0
flat_pit0_cit0.30,1,2,58,1.0
flat_pit0_cit0.30,1,3,58,1.0
flat_pit0_cit0.30,1,4,58,1.0
flat_pit0_cit0.30,1,5,59,1.0
flat_pit0_cit0.30,1,6,59,1.0
flat_pit0_cit0.30,1,7,59,1.0
flat_pit0_cit0.30,1,8,59,1.0
flat_pit0_cit0.30,1,9,59,1.0
flat_pit0_cit0.30,1,10,59,1.0
flat_pit0_cit0.30,1,11,59,1.0
flat_pit0_cit0.30,1,12,59,1.0
flat_pit0_cit0.30,1,13,59,1.0
flat_pit0_cit0.30,1,14,59,1.0
flat_pit0_cit0.30,1,15,60,0.9833333333333333
flat_pit0_cit0.30,1,16,61,0.9836065573770492
flat_pit0_cit0.30,1,17,61,1.0
flat_pit0_cit0.30,1,18,61,1.0
flat_pit0_cit0.30,1,19,62,1.0
flat_pit0_cit0.30,1,20,63,1.0
flat_pit0_cit0.30,1,21,63,1.0
flat_pit0_cit0.30,1,22,64,1.0
flat_pit0_cit0.30,1,23,64,1.0
flat_pit0_cit0.30,1,24,65,1.0
flat_pit0_cit0.30,1,25,66,1.0
flat_pit0_cit0.30,1,26,66,1.0
flat_pit0_cit0.30,1,27,67,1.0
flat_pit0_cit0.30,1,28,67,1.0
flat_pit0_cit0.30,1,29,67,1.0
flat_pit0_cit0.30,1,30,68,0.9852941176470589
flat_pit0_cit0.30,1,31,68,0.9852941176470589
flat_pit0_cit0.30,1,32,68,0.9852941176470589
flat_pit0_cit0.30,1,33,69,0.9855072463768116
flat_pit0_cit0.30,1,34,69,0.9855072463768116
flat_pit0_cit0.30,1,35,70,0.9714285714285714
flat_pit0_cit0.30,1,36,70,0.9857142857142858
flat_pit0_cit0.30,1,37,71,0.971830985915493
flat_pit0_cit0.30,1,38,71,0.971830985915493
flat_pit0_cit0.30,1,39,71,0.971830985915493
flat_pit0_cit0.30,1,40,71,0.9859154929577465
flat_pit0_cit0.30,1,41,71,1.0
flat_pit0_cit0.30,1,42,71,1.0
flat_pit0_cit0.30,1,43,72,0.9861111111111112
flat_pit0_cit0.30,1,44,72,1.0
flat_pit0_cit0.30,1,45,72,1.0
flat_pit0_cit0.30,1,46,72,1.0
flat_pit0_cit0.30,1,47,72,1.0
flat_pit0_cit0.30,1,48,72,1.0
flat_pit0_cit0.30,1,49,73,1.0
flat_pit0_cit0.30,1,50,73,1.0
flat_pit0_cit0.30,1,51,73,1.0
flat_pit0_cit0.30,1,52,73,1.0
flat_pit0_cit0.30,1,53,73,1.0
flat_pit0_cit0.30,1,54,74,1.0
flat_pit0_cit0.30,1,55,74,1.0
flat_pit0_cit0.30,1,56,74,1.0
flat_pit0_cit0.30,1,57,74,1.0
flat_pit0_cit0.30,1,58,75,1.0
flat_pit0_cit0.30,1,59,76,1.0
flat_pit0_cit0.30,1,60,76,1.0
flat_pit0_cit0.30,1,61,76,1.0
flat_pit0_cit0.30,1,62,76,1.0
flat_pit0_cit0.30,1,63,77,1.0
flat_pit0_cit0.30,1,64,78,1.0
flat_pit0_cit0.30,1,65,78,1.0
flat_pit0_cit0.30,1,66,79,1.0
flat_pit0_cit0.30,1,67,79,1.0
flat_pit0_cit0.30,1,68,80,1.0
flat_pit0_cit0.30,1,69,81,1.0
flat_pit0_cit0.30,1,70,81,1.0
flat_pit0_cit0.30,1,71,81,1.0
flat_pit0_cit0.30,1,72,81,1.0
flat_pit0_cit0.30,1,73,81,1.0
flat_pit0_cit0.30,1,74,81,1.0
flat_pit0_cit0.30,1,75,81,1.0
flat_pit0_cit0.30,1,76,81,1.0
flat_pit0_cit0.30,1,77,81,1.0
flat_pit0_cit0.30,1,78,81,1.0
flat_pit0_cit0.30,1,79,81,1.0
flat_pit0_cit0.30,1,80,81,1.0
flat_pit0_cit0.30,1,81,81,1.0
flat_pit0_cit0.30,1,82,82,1.0
flat_pit0_cit0.30,1,83,82,1.0
flat_pit0_cit0.30,1,84,83,1.0
flat_pit0_cit0.30,1,85,83,1.0
flat_pit0_cit0.30,1,86,83,1.0
flat_pit0_cit0.30,1,87,84,1.0
flat_pit0_cit0.30,1,88,85,1.0
flat_pit0_cit0.30,1,89,85,1.0
flat_pit0_cit0.30,1,90,85,1.0
flat_pit0_cit0.30,1,91,85,1.0
flat_pit0_cit0.30,1,92,85,1.0
flat_pit0_cit0.30,1,93,85,1.0
flat_pit0_cit0.30,1,94,85,1.0
flat_pit0_cit0.30,1,95,85,1.0
flat_pit0_cit0.30,1,96,85,1.0
flat_pit0_cit0.30,1,97,85,1.0
flat_pit0_cit0.30,1,98,85,1.0
flat_pit0_cit0.30,1,99,85,1.0
flat_pit0_cit0.30,1,100,86,1.0
flat_pit0_cit0.30,1,101,86,1.0
flat_pit0_cit0.30,1,102,87,1.0
flat_pit0_cit0.30,1,103,87,1.0
flat_pit0_cit0.30,1,104,87,1.0
flat_pit0_cit0.30,1,105,87,1.0
flat_pit0_cit0.30,1,106,87,1.0
flat_pit0_cit0.30,1,107,88,1.0
flat_pit0_cit0.30,1,108,89,1.0
flat_pit0_cit0.30,1,109,90,1.0
flat_pit0_cit0.30,1,110,90,1.0
flat_pit0_cit0.30,1,111,90,1.0
flat_pit0_cit0.30,1,112,90,1.0
flat_pit0_cit0.30,1,113,90,1.0
flat_pit0_cit0.30,1,114,90,1.0
flat_pit0_cit0.30,1,115,90,1.0
flat_pit0_cit0.30,1,116,91,1.0
flat_pit0_cit0.30,1,117,92,1.0
flat_pit0_cit0.30,1,118,92,1.0
flat_pit0_cit0.30,1,119,92,1.0
flat_pit0_cit0.30,1,120,92,1.0
flat_pit0_cit0.30,1,121,93,1.0
flat_pit0_cit0.30,1,122,93,1.0
flat_pit0_cit0.30,1,123,93,1.0
flat_pit0_cit0.30,1,124,93,1.0
flat_pit0_cit0.30,1,125,93,1.0
flat_pit0_cit0.30,1,126,93,1.0
flat_pit0_cit0.30,1,127,93,1.0
flat_pit0_cit0.30,1,128,94,1.0
flat_pit0_cit0.30,1,129,94,1.0
flat_pit0_cit0.30,1,130,94,1.0
flat_pit0_cit0.30,1,131,94,1.0
flat_pit0_cit0.30,1,132,95,1.0
flat_pit0_cit0.30,1,133,95,1.0
flat_pit0_cit0.30,1,134,96,1.0
flat_pit0_cit0.30,1,135,96,1.0
flat_pit0_cit0.30,1,136,97,1.0
flat_pit0_cit0.30,1,137,98,1.0
flat_pit0_cit0.30,1,138,98,1.0
flat_pit0_cit0.30,1,139,99,1.0
flat_pit0_cit0.30,1,140,99,1.0
flat_pit0_cit0.30,1,141,99,1.0
flat_pit0_cit0.30,1,142,99,1.0
flat_pit0_cit0.30,1,143,99,1.0
flat_pit0_cit0.30,1,144,99,1.0
flat_pit0_cit0.30,1,145,100,1.0
flat_pit0_cit0.30,1,146,100,1.0
flat_pit0_cit0.30,1,147,100,1.0
flat_pit0_cit0.30,1,148,101,1.0
flat_pit0_cit0.30,1,149,102,1.0
flat_pit0_cit0.30,1,150,102,1.0
flat_pit0_cit0.30,1,151,102,1.0
flat_pit0_cit0.30,1,152,102,1.0
flat_pit0_cit0.30,1,153,103,1.0
flat_pit0_cit0.30,1,154,103,1.0
flat_pit0_cit0.30,1,155,103,1.0
flat_pit0_cit0.30,1,156,103,1.0
flat_pit0_cit0.30,1,157,103,1.0
flat_pit0_cit0.30,1,158,103,1.0
flat_pit0_cit0.30,1,159,104,1.0
flat_pit0_cit0.30,1,160,105,1.0
flat_pit0_cit0.30,1,161,105,1.0
flat_pit0_cit0.30,1,162,105,1.0
flat_pit0_cit0.30,1,163,105,1.0
flat_pit0_cit0.30,1,164,106,1.0
flat_pit0_cit0.30,1,165,106,1.0
flat_pit0_cit0.30,1,166,106,1.0
flat_pit0_cit0.30,1,167,107,1.0
flat_pit0_cit0.30,1,168,107,1.0
flat_pit0_cit0.30,1,169,107,1.0
flat_pit0_cit0.30,1,170,107,1.0
flat_pit0_cit0.30,1,171,107,1.0
flat_pit0_cit0.30,1,172,108,1.0
flat_pit0_cit0.30,1,173,108,1.0
flat_pit0_cit0.30,1,174,109,1.0
flat_pit0_cit0.30,1,175,109,1.0
flat_pit0_cit0.30,1,176,110,1.0
flat_pit0_cit0.30,1,177,111,1.0
flat_pit0_cit0.30,1,178,111,1.0
flat_pit0_cit0.30,1,179,112,1.0
flat_pit0_cit0.30,1,180,112,1.0
flat_pit0_cit0.30,1,181,112,1.0
flat_pit0_cit0.30,1,182,113,1.0
flat_pit0_cit0.30,1,183,113,1.0
flat_pit0_cit0.30,1,184,113,1.0
flat_pit0_cit0.30,1,185,114,1.0
flat_pit0_cit0.30,1,186,114,1.0
flat_pit0_cit0.30,1,187,114,1.0
flat_pit0_cit0.30,1,188,115,1.0
flat_pit0_cit0.30,1,189,115,1.0
flat_pit0_cit0.30,1,190,115,1.0
flat_pit0_cit0.30,1,191,116,1.0
flat_pit0_cit0.30,1,192,116,1.0
flat_pit0_cit0.30,1,193,116,1.0
flat_pit0_cit0.30,1,194,116,1.0
flat_pit0_cit0.30,1,195,116,1.0
flat_pit0_cit0.30,1,196,116,1.0
flat_pit0_cit0.30,1,197,116,1.0
flat_pit0_cit0.30,1,198,117,1.0
flat_pit0_cit0.30,1,199,118,1.0
flat_pit0_cit0.30,1,200,118,1.0
flat_pit0_cit0.30,1,201,119,1.0
flat_pit0_cit0.30,1,202,119,1.0
flat_pit0_cit0.30,1,203,119,1.0
flat_pit0_cit0.30,1,204,119,1.0
flat_pit0_cit0.30,1,205,119,1.0
flat_pit0_cit0.30,1,206,119,1.0
flat_pit0_cit0.30,1,207,119,1.0
flat_pit0_cit0.30,1,208,119,1.0
flat_pit0_cit0.30,1,209,119,1.0
flat_pit0_cit0.30,1,210,119,1.0
flat_pit0_cit0.30,1,211,119,1.0
flat_pit0_cit0.30,1,212,119,1.0
flat_pit0_cit0.30,1,213,119,1.0
flat_pit0_cit0.30,1,214,119,1.0
flat_pit0_cit0.30,1,215,119,1.0
flat_pit0_cit0.30,1,216,119,1.0
flat_pit0_cit0.30,1,217,119,1.0
flat_pit0_cit0.30,1,218,119,1.0
flat_pit0_cit0.30,1,219,119,1.0
flat_pit0_cit0.30,1,220,119,1.0
flat_pit0_cit0.30,1,221,119,1.0
flat_pit0_cit0.30,1,222,119,1.0
flat_pit0_cit0.30,1,223,119,1.0
flat_pit0_cit0.30,1,224,119,1.0
flat_pit0_cit0.30,1,225,119,1.0
flat_pit0_cit0.30,1,226,119,1.0
flat_pit0_cit0.30,1,227,119,1.0
flat_pit0_cit0.30,1,228,119,1.0
flat_pit0_cit0.30,1,229,119,1.0
flat_pit0_cit0.30,1,230,119,1.0
flat_pit0_cit0.30,1,231,119,1.0
flat_pit0_cit0.30,1,232,119,1.0
flat_pit0_cit0.30,1,233,119,1.0
flat_pit0_cit0.30,1,234,119,1.0
flat_pit0_cit0.30,1,235,119,1.0
flat_pit0_cit0.30,1,236,119,1.0
flat_pit0_cit0.30,1,237,119,1.0
flat_pit0_cit0.30,1,238,119,1.0
flat_pit0_cit0.30,1,239,119,1.0
