seed,mode,arm,episode,gdp,gini,unemp,deaths,tax,fines,purchases,relief_paid,injection,newborn_outflow,neg_wealth_step_share,source_json,git_head
202,det,rl_learned,0,885.8336994705587,0.5490378300361004,0.002989940953507959,0,20202.32696905933,857.1879577868087,21052.6930390832,0.0,71.33788025379184,14790.948641457499,0.0,audits/paper_extras/negwealth_7arms\bench7_seed202_det.json,3719961
202,det,rl_learned,1,953.0066080709402,0.42941107786030913,0.003147936581824078,0,18824.71717971779,879.5982630921753,19695.362246371926,0.0,103.05575475096703,14660.428566528395,0.004166666666666667,audits/paper_extras/negwealth_7arms\bench7_seed202_det.json,3719961
202,det,rl_learned,2,964.830056480588,0.5725710795446146,0.0035888733987109855,0,19698.68928794684,1012.5805120197635,20707.649096517627,0.0,86.27028885483742,14744.929377259241,0.0,audits/paper_extras/negwealth_7arms\bench7_seed202_det.json,3719961
202,det,rl_learned,3,915.7100758634832,0.45720200141533385,0.0030300050560720616,0,19447.925748310045,925.0884993158401,20364.938343783277,0.0,96.09007063508034,14660.49712357193,0.0,audits/paper_extras/negwealth_7arms\bench7_seed202_det.json,3719961
202,det,rl_learned,4,851.436984125561,0.513989367318046,0.002949487879074302,0,18473.356423024332,873.6520537272057,19343.369450853097,0.0,99.9546376168728,14614.619393732793,0.016666666666666666,audits/paper_extras/negwealth_7arms\bench7_seed202_det.json,3719961
202,det,rl_learned,5,897.8178602403598,0.437773584830399,0.0031089957718552297,0,18932.350981122956,1145.1990146010721,20060.57189803925,0.0,105.0820603966713,14597.409073418949,0.0,audits/paper_extras/negwealth_7arms\bench7_seed202_det.json,3719961
202,det,rl_learned,6,879.6941626766621,0.4863267396265426,0.0030696875957546017,0,20150.81992639105,853.1406733300273,20994.524372102056,0.0,90.11109611392021,14590.165978625195,0.004166666666666667,audits/paper_extras/negwealth_7arms\bench7_seed202_det.json,3719961
202,det,rl_learned,7,919.6676325200181,0.5449030495291336,0.002989940953507959,0,21170.9485190059,941.7610730933106,22108.20481914635,0.0,66.92197591066363,14814.673793498416,0.029166666666666667,audits/paper_extras/negwealth_7arms\bench7_seed202_det.json,3719961
202,det,rl_learned,8,870.9736168496133,0.4910238469516905,0.0029086382058716876,0,19872.42937479766,1038.6042232244272,20906.964550903704,0.0,91.18152818083762,14721.28861229378,0.004166666666666667,audits/paper_extras/negwealth_7arms\bench7_seed202_det.json,3719961
202,det,rl_learned,9,843.5514939577977,0.44681169114198516,0.002989940953507959,0,18824.437412726325,872.4760768362336,19681.43187304975,0.0,101.83008509874345,14623.979877977928,0.0,audits/paper_extras/negwealth_7arms\bench7_seed202_det.json,3719961
202,det,free_market,0,859.1425668620792,0.5560230717577471,0.002989940953507959,0,0.0,0.0,0.0,0.0,0.0,14804.624492825984,0.0,audits/paper_extras/negwealth_7arms\bench7_seed202_det.json,3719961
202,det,free_market,1,897.9104518375788,0.4467417932028778,0.002867384080459147,0,0.0,0.0,0.0,0.0,0.0,14728.888342215148,0.0,audits/paper_extras/negwealth_7arms\bench7_seed202_det.json,3719961
202,det,free_market,2,925.6402984090407,0.6032551687636345,0.0035888733987109855,0,0.0,0.0,0.0,0.0,0.0,14727.957377695018,0.0,audits/paper_extras/negwealth_7arms\bench7_seed202_det.json,3719961
202,det,free_market,3,892.3355169310696,0.48038084439707507,0.0029086382058716876,0,0.0,0.0,0.0,0.0,0.0,14706.551142560293,0.0,audits/paper_extras/negwealth_7arms\bench7_seed202_det.json,3719961
202,det,free_market,4,809.8142659334975,0.5109958152591934,0.0026981575384417357,0,0.0,0.0,0.0,0.0,0.0,14595.135815789805,0.0,audits/paper_extras/negwealth_7arms\bench7_seed202_det.json,3719961
202,det,free_market,5,877.5769821459018,0.4480346339560524,0.00310899577185523,0,0.0,0.0,0.0,0.0,0.0,14647.527949273413,0.0,audits/paper_extras/negwealth_7arms\bench7_seed202_det.json,3719961
202,det,free_market,6,837.6966108837031,0.5421313096771446,0.0027411128649022167,0,0.0,0.0,0.0,0.0,0.0,14683.391921293138,0.0,audits/paper_extras/negwealth_7arms\bench7_seed202_det.json,3719961
202,det,free_market,7,873.2465728898276,0.4902945487150718,0.0029494878790743023,0,0.0,0.0,0.0,0.0,0.0,14796.221562367136,0.0,audits/paper_extras/negwealth_7arms\bench7_seed202_det.json,3719961
202,det,free_market,8,845.2426232310954,0.45817947176984236,0.0028257174137924796,0,0.0,0.0,0.0,0.0,0.0,14718.076070066147,0.0,audits/paper_extras/negwealth_7arms\bench7_seed202_det.json,3719961
202,det,free_market,9,807.327345368342,0.5058071367169874,0.0029899409535079587,0,0.0,0.0,0.0,0.0,0.0,14706.546586361965,0.0,audits/paper_extras/negwealth_7arms\bench7_seed202_det.json,3719961
202,det,us_federal,0,859.5924111271656,0.6295327577966137,0.002610895111541151,0,9580.151258197795,293.5382009346443,9861.55374965857,0.0,0.0,14799.126278834608,0.5791666666666667,audits/paper_extras/negwealth_7arms\bench7_seed202_det.json,3719961
202,det,us_federal,1,924.2140693847846,0.5618802241849007,0.0029899409535079596,0,9628.718052108283,269.6086425515504,9884.817434452998,0.0,0.0,14755.745055577549,0.675,audits/paper_extras/negwealth_7arms\bench7_seed202_det.json,3719961
202,det,us_federal,2,965.3862449551035,0.6390655376715741,0.003891423976082281,0,10232.88882322708,304.80188050027033,10518.884754455632,0.0,0.0,14767.490215160495,0.7583333333333333,audits/paper_extras/negwealth_7arms\bench7_seed202_det.json,3719961
202,det,us_federal,3,858.7949152083835,0.5588545577563505,0.0025665688704063993,0,9915.398108015532,317.5809169311069,10220.890929652955,0.0,0.0,14718.343869998256,0.775,audits/paper_extras/negwealth_7arms\bench7_seed202_det.json,3719961
202,det,us_federal,4,830.7555982377072,0.5893430824059036,0.0029086382058716876,0,10382.796503630585,329.5863890041798,10700.090974639474,0.0,0.0,14618.411336663576,0.7833333333333333,audits/paper_extras/negwealth_7arms\bench7_seed202_det.json,3719961
202,det,us_federal,5,862.8244524942093,0.5952251051206642,0.0027411128649022167,0,9912.412194563245,348.3014825686739,10248.02488137447,0.0,0.0,14670.104792786944,0.8833333333333333,audits/paper_extras/negwealth_7arms\bench7_seed202_det.json,3719961
202,det,us_federal,6,857.8299881130825,0.5754659119738832,0.0029086382058716876,0,10578.911580495263,331.2466706184516,10897.39726678483,0.0,0.0,14661.536352731438,0.7166666666666667,audits/paper_extras/negwealth_7arms\bench7_seed202_det.json,3719961
202,det,us_federal,7,867.4067326358524,0.5472176273291502,0.002654754760663958,0,10054.906114319372,313.0176570240812,10355.663731016537,0.0,0.0,14817.023187259176,0.475,audits/paper_extras/negwealth_7arms\bench7_seed202_det.json,3719961
202,det,us_federal,8,878.3717109063905,0.591355895070896,0.0029494878790743023,0,9895.385570274775,326.9500445671199,10209.241253911088,0.0,0.0,14723.727415286694,0.6875,audits/paper_extras/negwealth_7arms\bench7_seed202_det.json,3719961
202,det,us_federal,9,806.7838698851665,0.6471478581268566,0.0027836298717049375,0,10271.089259077886,338.31563399630437,10597.562245149067,0.0,0.0,14711.9726638551,0.7416666666666667,audits/paper_extras/negwealth_7arms\bench7_seed202_det.json,3719961
202,det,saez,0,649.9120239848448,0.7871229466374737,0.003132218879354364,47,51870.54886400925,2510.0982676369326,54340.43449668947,0.0,0.0,10433.898330550928,0.9458333333333333,audits/paper_extras/negwealth_7arms\bench7_seed202_det.json,3719961
202,det,saez,1,743.6699801292513,0.8101402968495687,0.0022361139352432063,38,50135.41084933871,2150.4581208837735,52246.07319442345,0.0,0.0,10365.264778637349,0.9541666666666667,audits/paper_extras/negwealth_7arms\bench7_seed202_det.json,3719961
202,det,saez,2,745.2297482103978,0.7967236235703761,0.002509072459761925,42,49580.47241601647,2160.6406794088466,51659.461675072926,0.0,0.0,10880.928846665487,0.95,audits/paper_extras/negwealth_7arms\bench7_seed202_det.json,3719961
202,det,saez,3,656.982088615989,0.8294312758326717,0.0032506556460642146,48,47431.4482853459,2547.7846480903777,49891.406397917825,0.0,0.0,9344.16530197979,0.9458333333333333,audits/paper_extras/negwealth_7arms\bench7_seed202_det.json,3719961
202,det,saez,4,617.3540848531445,0.8056656427741582,0.002935833155919783,45,49516.58138085292,2338.9115559941038,51822.583652427355,0.0,0.0,9324.610064184151,0.95,audits/paper_extras/negwealth_7arms\bench7_seed202_det.json,3719961
202,det,saez,5,685.0680698247088,0.8059128245109295,0.0025398680345540847,44,56037.69362455245,2858.408811351893,58858.46815251782,0.0,0.0,12808.813073815327,0.9541666666666667,audits/paper_extras/negwealth_7arms\bench7_seed202_det.json,3719961
202,det,saez,6,638.4222686642876,0.7920728395586534,0.0024079796994626915,41,52341.277044605704,2378.016045726538,54683.76927427272,0.0,0.0,9370.088613310894,0.95,audits/paper_extras/negwealth_7arms\bench7_seed202_det.json,3719961
202,det,saez,7,659.0822075903249,0.8008603739281374,0.0021786542316187293,38,46646.209577824106,2258.343952825808,48865.37232354771,0.0,0.0,7469.0735123482345,0.9458333333333333,audits/paper_extras/negwealth_7arms\bench7_seed202_det.json,3719961
202,det,saez,8,633.4767246261033,0.7956127132777489,0.002986504617494941,45,49371.273657002595,2497.2046035666795,51835.73728041087,0.0,0.0,9918.9469336724,0.9541666666666667,audits/paper_extras/negwealth_7arms\bench7_seed202_det.json,3719961
202,det,saez,9,500.84001093443084,0.7900286883885123,0.004707233317228928,52,41821.15488795727,2164.3657601801156,43946.9946988455,0.0,0.0,4033.6491918150964,0.9541666666666667,audits/paper_extras/negwealth_7arms\bench7_seed202_det.json,3719961
202,det,free_market+rl_aux,0,865.2984249439033,0.6533038847695799,0.0027411128649022167,0,0.0,0.0,0.0,0.0,91.18358373641968,14811.456964198003,0.0,audits/paper_extras/negwealth_7arms\bench7_seed202_det.json,3719961
202,det,free_market+rl_aux,1,899.1762019706657,0.4465430296408375,0.002867384080459147,0,0.0,0.0,0.0,0.0,91.18358373641968,14728.77735278754,0.0,audits/paper_extras/negwealth_7arms\bench7_seed202_det.json,3719961
202,det,free_market+rl_aux,2,915.8109079803871,0.6042882661560486,0.003447016582803047,0,0.0,0.0,0.0,0.0,91.18358373641962,14727.880389819251,0.0,audits/paper_extras/negwealth_7arms\bench7_seed202_det.json,3719961
202,det,free_market+rl_aux,3,892.7450297483222,0.4815505563245577,0.0029086382058716876,0,0.0,0.0,0.0,0.0,91.18358373641968,14706.445252445583,0.0,audits/paper_extras/negwealth_7arms\bench7_seed202_det.json,3719961
202,det,free_market+rl_aux,4,811.024104196404,0.5107998324169996,0.0026981575384417357,0,0.0,0.0,0.0,0.0,91.18358373641968,14595.096141743534,0.0,audits/paper_extras/negwealth_7arms\bench7_seed202_det.json,3719961
202,det,free_market+rl_aux,5,868.8790032717989,0.45514394821897536,0.0029086382058716876,0,0.0,0.0,0.0,0.0,91.18358373641968,14647.079942857521,0.0,audits/paper_extras/negwealth_7arms\bench7_seed202_det.json,3719961
202,det,free_market+rl_aux,6,838.8364127377847,0.540492387686452,0.0027411128649022167,0,0.0,0.0,0.0,0.0,91.18358373641965,14683.282562473052,0.0,audits/paper_extras/negwealth_7arms\bench7_seed202_det.json,3719961
202,det,free_market+rl_aux,7,874.5545159029825,0.490779405252436,0.0029494878790743023,0,0.0,0.0,0.0,0.0,91.18358373641968,14796.088210546404,0.0,audits/paper_extras/negwealth_7arms\bench7_seed202_det.json,3719961
202,det,free_market+rl_aux,8,843.5842483053239,0.4511141108435814,0.002783629871704938,0,0.0,0.0,0.0,0.0,91.18358373641968,14717.962398583188,0.0,audits/paper_extras/negwealth_7arms\bench7_seed202_det.json,3719961
202,det,free_market+rl_aux,9,808.5881781925893,0.5085252843602006,0.0029899409535079587,0,0.0,0.0,0.0,0.0,91.18358373641979,14706.5051388644,0.0,audits/paper_extras/negwealth_7arms\bench7_seed202_det.json,3719961
202,det,us_federal+rl_aux,0,859.5043685349507,0.6297315736040028,0.002610895111541151,0,9540.69903589919,291.7929621038635,9582.47407332545,0.0,91.18358373641969,14799.593743732636,0.5791666666666667,audits/paper_extras/negwealth_7arms\bench7_seed202_det.json,3719961
202,det,us_federal+rl_aux,1,924.0470954048152,0.5621543594843895,0.0029899409535079596,0,9590.737088813552,268.9301351395117,9607.652427180994,0.0,91.18358373641969,14755.501415494251,0.675,audits/paper_extras/negwealth_7arms\bench7_seed202_det.json,3719961
202,det,us_federal+rl_aux,2,964.2824822517199,0.6466220871546005,0.004050475592879373,0,10223.353610814818,304.90391115705637,10254.445932490427,0.0,91.18358373641968,14759.063165746786,0.7583333333333333,audits/paper_extras/negwealth_7arms\bench7_seed202_det.json,3719961
202,det,us_federal+rl_aux,3,895.4933110243007,0.5798179439688902,0.0029899409535079587,0,10131.793670956427,320.3392592245234,10186.213298400748,0.0,91.18358373641968,14717.261019324602,0.775,audits/paper_extras/negwealth_7arms\bench7_seed202_det.json,3719961
202,det,us_federal+rl_aux,4,825.8394867723473,0.5943762279588156,0.002783629871704938,0,10432.878973909425,330.19012616401665,10490.682916116535,0.0,91.18358373641968,15112.936599718709,0.7833333333333333,audits/paper_extras/negwealth_7arms\bench7_seed202_det.json,3719961
202,det,us_federal+rl_aux,5,866.0321844432576,0.6058654729134125,0.0026547547606639577,0,9945.862354642119,347.68038978641033,10019.810280906091,0.0,91.18358373641968,15169.628356821708,0.8833333333333333,audits/paper_extras/negwealth_7arms\bench7_seed202_det.json,3719961
202,det,us_federal+rl_aux,6,871.040370472724,0.5933296049722433,0.0030696875957546012,0,10683.98731105821,330.55571417092665,10726.707910217461,0.0,91.18358373641968,15170.207997519961,0.7166666666666667,audits/paper_extras/negwealth_7arms\bench7_seed202_det.json,3719961
202,det,us_federal+rl_aux,7,867.0370803632042,0.5472745613160815,0.002654754760663958,0,10010.993438961426,311.8916802442162,10060.87302920746,0.0,91.18358373641968,14815.13944200537,0.475,audits/paper_extras/negwealth_7arms\bench7_seed202_det.json,3719961
202,det,us_federal+rl_aux,8,868.1645579631147,0.5969360772966016,0.002867384080459147,0,9813.259023475352,325.6170561365441,9880.761487349551,0.0,91.18358373641968,14721.296612413118,0.6916666666666667,audits/paper_extras/negwealth_7arms\bench7_seed202_det.json,3719961
202,det,us_federal+rl_aux,9,801.2991907835034,0.6183765164620498,0.002741112864902217,0,10361.860983792058,332.1513024037379,10423.56929073171,0.0,91.18358373641968,14716.74609350252,0.7416666666666667,audits/paper_extras/negwealth_7arms\bench7_seed202_det.json,3719961
202,det,saez+rl_aux,0,582.1729629575431,0.8099331581466558,0.0012403369209323502,30,46399.2840167727,2396.661878381224,47584.961815497234,0.0,91.18358373641962,6901.662083029242,0.9458333333333333,audits/paper_extras/negwealth_7arms\bench7_seed202_det.json,3719961
202,det,saez+rl_aux,1,668.3403098190414,0.8248888932960515,0.001261889679743105,32,44290.171525952675,1985.7550340937703,45124.86842213388,0.0,91.18358373641968,6873.728858980268,0.9541666666666667,audits/paper_extras/negwealth_7arms\bench7_seed202_det.json,3719961
202,det,saez+rl_aux,2,660.5491540269759,0.8336472087742219,0.003230654926060986,48,46375.13096541713,2173.916518809337,47295.893490733346,0.0,91.18358373641968,9425.049862487593,0.95,audits/paper_extras/negwealth_7arms\bench7_seed202_det.json,3719961
202,det,saez+rl_aux,3,554.027105045223,0.8257566058880118,0.0008712632693792731,29,43038.66790940244,2438.5723398881855,44347.895217563295,0.0,91.18358373641968,4827.649859893881,0.9458333333333333,audits/paper_extras/negwealth_7arms\bench7_seed202_det.json,3719961
202,det,saez+rl_aux,4,523.5261539455545,0.6536129082948933,0.0022920509915192,40,43023.44048058099,2137.9564617597866,44042.69206356811,0.0,91.18358373641968,5343.7286479339655,0.95,audits/paper_extras/negwealth_7arms\bench7_seed202_det.json,3719961
202,det,saez+rl_aux,5,651.3700118137906,0.818433846333974,0.0018785982321290469,41,51244.7988556595,2735.7839684445194,52645.21482323172,0.0,91.18358373641968,10308.47544362133,0.9541666666666667,audits/paper_extras/negwealth_7arms\bench7_seed202_det.json,3719961
202,det,saez+rl_aux,6,558.1362067529436,0.8190180784936099,0.0023866574017395318,40,45049.68250762296,2147.8029136104387,46027.13355572989,0.0,91.18358373641968,5411.511248760792,0.95,audits/paper_extras/negwealth_7arms\bench7_seed202_det.json,3719961
202,det,saez+rl_aux,7,723.5241030855727,0.8250968992390463,0.0024651643320543703,42,50658.57687705589,2303.0050203573132,51579.68557076635,0.0,91.18358373641968,10944.909738672093,0.9458333333333333,audits/paper_extras/negwealth_7arms\bench7_seed202_det.json,3719961
202,det,saez+rl_aux,8,606.2660479445597,0.8253873204235622,0.0027889962365861085,44,46388.06573324952,2457.272163318027,47631.06965564197,0.0,91.18358373641968,8924.746017917487,0.9541666666666667,audits/paper_extras/negwealth_7arms\bench7_seed202_det.json,3719961
202,det,saez+rl_aux,9,572.4899070653333,0.8022916922770198,0.005467299451467275,62,46617.72636017777,2208.9033620115897,47616.77737382173,0.0,91.18358373641968,8052.660044456231,0.95,audits/paper_extras/negwealth_7arms\bench7_seed202_det.json,3719961
202,exp,rl_learned,0,898.7325029711436,0.5078325597667053,0.005269780912836504,0,18080.05651445167,1017.7379589202446,18782.185483569618,2.1842117339991405,102.48453846573828,15221.009814719297,0.04583333333333333,audits/paper_extras/negwealth_7arms\bench7_seed202_exp.json,3719961
202,exp,rl_learned,1,942.6574741166194,0.5123047905605366,0.002989940953507959,0,17774.77617202067,854.9055898563007,18357.926390555396,0.0,83.62802168726921,14782.836777193643,0.0125,audits/paper_extras/negwealth_7arms\bench7_seed202_exp.json,3719961
202,exp,rl_learned,2,922.4055707436543,0.5692377699483714,0.0051791457872296205,0,17754.147431511145,1496.3585781932031,19135.98574424377,10.326749385876102,86.04098144173624,14791.6144481087,0.025,audits/paper_extras/negwealth_7arms\bench7_seed202_exp.json,3719961
202,exp,rl_learned,3,943.2167939472877,0.5432201744132994,0.0034470165828030474,0,18447.101905779316,1458.0747789844313,19626.79552744816,0.0,90.99260030686855,15117.406584502573,0.0,audits/paper_extras/negwealth_7arms\bench7_seed202_exp.json,3719961
202,exp,rl_learned,4,849.9587605818706,0.5957040656809856,0.004012250250338165,0,17466.96813126162,824.8263132801,18051.922555645688,8.970994766372126,77.3912765085697,14771.761957568347,0.0,audits/paper_extras/negwealth_7arms\bench7_seed202_exp.json,3719961
202,exp,rl_learned,5,886.8890772781517,0.4950922902733288,0.003456019591586451,0,16100.155714233544,924.0368794850532,16898.44907740091,9.273375477436467,80.91088324785233,14795.861010412382,0.0375,audits/paper_extras/negwealth_7arms\bench7_seed202_exp.json,3719961
202,exp,rl_learned,6,878.4203767068531,0.5128011509963656,0.002949487879074302,0,17678.97716327722,937.776516594646,18436.45160643265,0.0,82.43619494140151,14792.663536432106,0.0,audits/paper_extras/negwealth_7arms\bench7_seed202_exp.json,3719961
202,exp,rl_learned,7,905.6360531297346,0.46875014905862156,0.003160125865578602,0,19062.70086721964,1030.5472267206444,19765.36001171934,1.607174679967211,93.65897445380688,14803.585249860806,0.020833333333333332,audits/paper_extras/negwealth_7arms\bench7_seed202_exp.json,3719961
202,exp,rl_learned,8,884.8372131605017,0.5255050429575204,0.0028257174137924796,0,17089.010853716878,950.7688385923426,17722.26171764701,0.0,102.65275481343271,15219.622347699138,0.008333333333333333,audits/paper_extras/negwealth_7arms\bench7_seed202_exp.json,3719961
202,exp,rl_learned,9,822.9032834700532,0.5123079607534871,0.002741112864902217,0,16563.96071341865,1224.352406914383,17607.7438322532,0.0,85.51848873496056,14784.730598600157,0.075,audits/paper_extras/negwealth_7arms\bench7_seed202_exp.json,3719961
202,exp,free_market,0,857.0282598525631,0.4890797698259476,0.005001429602068657,0,0.0,0.0,0.0,0.0,0.0,14758.680641729601,0.0,audits/paper_extras/negwealth_7arms\bench7_seed202_exp.json,3719961
202,exp,free_market,1,945.8950051889788,0.4849509980032453,0.003802764836228782,0,0.0,0.0,0.0,0.0,0.0,14773.500972655498,0.0,audits/paper_extras/negwealth_7arms\bench7_seed202_exp.json,3719961
202,exp,free_market,2,946.3895406225747,0.5902412429877935,0.004313913151523236,0,0.0,0.0,0.0,0.0,0.0,14714.43109162985,0.0,audits/paper_extras/negwealth_7arms\bench7_seed202_exp.json,3719961
202,exp,free_market,3,900.9228103370662,0.561542542914894,0.004436024602652151,0,0.0,0.0,0.0,0.0,0.0,14715.775834470563,0.008333333333333333,audits/paper_extras/negwealth_7arms\bench7_seed202_exp.json,3719961
202,exp,free_market,4,813.2486436292946,0.5256201601172852,0.004826308969507293,0,0.0,0.0,0.0,0.0,0.0,14839.170108030852,0.0,audits/paper_extras/negwealth_7arms\bench7_seed202_exp.json,3719961
202,exp,free_market,5,880.6134394332477,0.5162609102700092,0.004810202513542926,0,0.0,0.0,0.0,0.0,0.0,14808.161344018377,0.0,audits/paper_extras/negwealth_7arms\bench7_seed202_exp.json,3719961
202,exp,free_market,6,839.0471254791048,0.5305081801399897,0.003969862745129068,0,0.0,0.0,0.0,0.0,0.0,14701.975508797255,0.0,audits/paper_extras/negwealth_7arms\bench7_seed202_exp.json,3719961
202,exp,free_market,7,878.0797068789255,0.49264944778827185,0.0031321853162195137,0,0.0,0.0,0.0,0.0,0.0,14819.860821352911,0.0,audits/paper_extras/negwealth_7arms\bench7_seed202_exp.json,3719961
202,exp,free_market,8,847.9984884768481,0.5053569274342473,0.004252465615433788,0,0.0,0.0,0.0,0.0,0.0,14782.671354518698,0.0,audits/paper_extras/negwealth_7arms\bench7_seed202_exp.json,3719961
202,exp,free_market,9,830.5425216124238,0.5990126419142975,0.0032664553194461836,0,0.0,0.0,0.0,0.0,0.0,14714.42552137717,0.05,audits/paper_extras/negwealth_7arms\bench7_seed202_exp.json,3719961
202,exp,us_federal,0,859.6793350787661,0.5830976563048875,0.004865575370607069,0,9876.05784255702,415.02118613911983,10279.056891650873,0.0,0.0,14810.100246062684,0.7375,audits/paper_extras/negwealth_7arms\bench7_seed202_exp.json,3719961
202,exp,us_federal,1,916.1165820576346,0.5891317367402948,0.003859968794026003,0,9292.593894469712,379.91265540322604,9659.923094568896,1.650000024586916,0.0,14820.284763175034,0.7041666666666667,audits/paper_extras/negwealth_7arms\bench7_seed202_exp.json,3719961
202,exp,us_federal,2,925.1402897602217,0.651865125787968,0.00406082476284764,0,9729.940208808954,395.93389582625684,10109.484329001494,1.8764597230749112,0.0,14768.104383949296,0.75,audits/paper_extras/negwealth_7arms\bench7_seed202_exp.json,3719961
202,exp,us_federal,3,917.6198753670493,0.6370490913906545,0.0032539557194240106,0,9571.647470394868,440.5513606636798,9998.812730784422,1.650000024586916,0.0,14762.686103275772,0.7083333333333334,audits/paper_extras/negwealth_7arms\bench7_seed202_exp.json,3719961
202,exp,us_federal,4,810.8520555719113,0.5927859624821223,0.006271364785422939,0,10133.378322766583,506.86660036630656,10628.665527527615,34.79475135867927,0.0,14645.12299822084,0.9083333333333333,audits/paper_extras/negwealth_7arms\bench7_seed202_exp.json,3719961
202,exp,us_federal,5,860.5708154249702,0.6049726776875516,0.0036334779786481044,0,9649.119165930699,433.9796625175677,10071.095270418444,6.369722117597467,0.0,14774.546374904301,0.775,audits/paper_extras/negwealth_7arms\bench7_seed202_exp.json,3719961
202,exp,us_federal,6,825.3994148956099,0.5945463702532181,0.0030541575228886686,0,9804.001309928852,477.00208598881335,10269.437381748101,1.650000024586916,0.0,14751.067655272509,0.7583333333333333,audits/paper_extras/negwealth_7arms\bench7_seed202_exp.json,3719961
202,exp,us_federal,7,879.937767591166,0.5440012415079726,0.0026981575384417357,0,9844.298740484224,471.9633324430797,10304.142562770601,0.0,0.0,14738.511905093199,0.5,audits/paper_extras/negwealth_7arms\bench7_seed202_exp.json,3719961
202,exp,us_federal,8,859.1611406184388,0.6511390799855948,0.002783629871704938,0,9473.183403092824,451.1409466046714,9912.197495328319,0.0,0.0,14724.38475760565,0.6333333333333333,audits/paper_extras/negwealth_7arms\bench7_seed202_exp.json,3719961
202,exp,us_federal,9,791.1478205942343,0.6441079130462266,0.0037377662823598083,0,9839.66103538958,521.201297218639,10349.776945784884,5.140362298546701,0.0,14805.434478312558,0.7458333333333333,audits/paper_extras/negwealth_7arms\bench7_seed202_exp.json,3719961
202,exp,saez,0,679.903241418051,0.7869711433803241,0.0049213178086575105,40,47006.05645910704,2976.825196213803,49876.1201684373,63.56888306176625,0.0,11406.649472636684,0.95,audits/paper_extras/negwealth_7arms\bench7_seed202_exp.json,3719961
202,exp,saez,1,830.987535483728,0.8118486977204445,0.0038263698571841987,34,52988.5910359157,3379.678718494805,56275.44182536154,17.141952663723647,0.0,13398.402047390033,0.95,audits/paper_extras/negwealth_7arms\bench7_seed202_exp.json,3719961
202,exp,saez,2,693.4072014108234,0.7810330213503588,0.004994969449946703,40,47682.1571592061,3458.704648975436,51099.10961217662,104.84213964137489,0.0,9849.251581964132,0.95,audits/paper_extras/negwealth_7arms\bench7_seed202_exp.json,3719961
202,exp,saez,3,758.4458599586299,0.8199464966548111,0.003636123429341159,35,53484.15878360797,3512.0557652742673,56896.54349370901,7.69371379104248,0.0,12388.647918345767,0.95,audits/paper_extras/negwealth_7arms\bench7_seed202_exp.json,3719961
202,exp,saez,4,617.6249082309175,0.7820154460096724,0.0070395239876048284,43,46988.149792947646,3095.0573073841038,50046.51471454264,75.95414089435708,0.0,10303.88758226086,0.9541666666666667,audits/paper_extras/negwealth_7arms\bench7_seed202_exp.json,3719961
202,exp,saez,5,697.4099309459164,0.8007854356362375,0.004807656264088248,37,49020.3917293368,3321.9825154291257,52247.06340440683,35.11166738758371,0.0,10404.662488673966,0.9458333333333333,audits/paper_extras/negwealth_7arms\bench7_seed202_exp.json,3719961
202,exp,saez,6,670.1655499821019,0.7900819507466321,0.0062115237062755424,42,49323.287644104894,3110.9926003345736,52355.38895114337,64.58124635780763,0.0,11371.092985906975,0.9458333333333333,audits/paper_extras/negwealth_7arms\bench7_seed202_exp.json,3719961
202,exp,saez,7,737.9230310789358,0.8079526381884996,0.0025571218766493944,40,50657.880251202005,3515.5815246850925,54120.528316453805,2.6985289433798467,0.0,9916.159686967274,0.95,audits/paper_extras/negwealth_7arms\bench7_seed202_exp.json,3719961
202,exp,saez,8,670.5262344081997,0.7978767595166545,0.004097290760389989,38,48874.45048878436,3807.7057961710593,52576.554065206445,36.37942555614386,0.0,11380.185557246925,0.9541666666666667,audits/paper_extras/negwealth_7arms\bench7_seed202_exp.json,3719961
202,exp,saez,9,576.6714475146516,0.7761967144387171,0.00544133314230582,44,48746.28600761293,3553.443561670622,52274.14722304368,9.942286041470798,0.0,8927.245093793921,0.9541666666666667,audits/paper_extras/negwealth_7arms\bench7_seed202_exp.json,3719961
202,exp,free_market+rl_aux,0,865.4880110465543,0.5370220279089927,0.0033579846111004463,0,0.0,0.0,0.0,2.867964416742325,88.39164555072786,14779.493518272837,0.0,audits/paper_extras/negwealth_7arms\bench7_seed202_exp.json,3719961
202,exp,free_market+rl_aux,1,920.2318789700952,0.5384897575284288,0.003715983790485461,0,0.0,0.0,0.0,0.0,88.39164555072784,14760.23018314806,0.0,audits/paper_extras/negwealth_7arms\bench7_seed202_exp.json,3719961
202,exp,free_market+rl_aux,2,915.5860631449284,0.6045377084182604,0.004332520511500706,0,0.0,0.0,0.0,3.4751760125839892,88.39164555072784,14744.831361474508,0.0,audits/paper_extras/negwealth_7arms\bench7_seed202_exp.json,3719961
202,exp,free_market+rl_aux,3,911.6474425498266,0.4853998168774707,0.003939033893846564,0,0.0,0.0,0.0,7.499329306005146,88.39164555072784,14613.727437626307,0.0,audits/paper_extras/negwealth_7arms\bench7_seed202_exp.json,3719961
202,exp,free_market+rl_aux,4,858.6204396979774,0.5199198486749982,0.003835786742356893,0,0.0,0.0,0.0,0.0,88.39164555072782,14677.70216297805,0.0,audits/paper_extras/negwealth_7arms\bench7_seed202_exp.json,3719961
202,exp,free_market+rl_aux,5,892.7348316455005,0.5245231989247431,0.00553013163879726,0,0.0,0.0,0.0,9.262287220267112,88.39164555072784,14778.408701921278,0.0,audits/paper_extras/negwealth_7arms\bench7_seed202_exp.json,3719961
202,exp,free_market+rl_aux,6,830.3614343245674,0.4556615710463812,0.004350944245230457,2,0.0,0.0,0.0,6.853485539195022,90.60143668949605,14608.809778291192,0.0,audits/paper_extras/negwealth_7arms\bench7_seed202_exp.json,3719961
202,exp,free_market+rl_aux,7,879.4665586915197,0.5395497248783133,0.0035864830642640126,0,0.0,0.0,0.0,0.0,88.39164555072786,14787.497310913644,0.0,audits/paper_extras/negwealth_7arms\bench7_seed202_exp.json,3719961
202,exp,free_market+rl_aux,8,868.7107885374879,0.5506281455533789,0.005321959687766222,1,0.0,0.0,0.0,16.310221571124814,90.23313816636801,14830.248765705885,0.0,audits/paper_extras/negwealth_7arms\bench7_seed202_exp.json,3719961
202,exp,free_market+rl_aux,9,813.0075881900525,0.5237585267455807,0.003175588093997291,0,0.0,0.0,0.0,2.867964416742325,88.39164555072783,14769.442871157016,0.0,audits/paper_extras/negwealth_7arms\bench7_seed202_exp.json,3719961
202,exp,us_federal+rl_aux,0,862.2625045953172,0.6229114341041935,0.0026981575384417357,0,9707.795990862976,458.4367229849433,9639.40031560994,0.0,88.39164555072784,15257.417059519605,0.6541666666666667,audits/paper_extras/negwealth_7arms\bench7_seed202_exp.json,3719961
202,exp,us_federal+rl_aux,1,933.1733473636712,0.5758744990931078,0.0070818743085184896,0,9609.467827435654,456.91711915058823,9542.9754774534,22.161393146035536,89.86483964323997,15246.972733234472,0.6791666666666667,audits/paper_extras/negwealth_7arms\bench7_seed202_exp.json,3719961
202,exp,us_federal+rl_aux,2,989.830537753826,0.6606693424052623,0.0040340321439527975,0,9838.078695923916,373.39126734302056,9677.883605221778,0.0,88.39164555072784,15240.111454314245,0.8041666666666667,audits/paper_extras/negwealth_7arms\bench7_seed202_exp.json,3719961
202,exp,us_federal+rl_aux,3,881.6048429383721,0.6182107807978451,0.004945195589755266,0,9613.645089706744,443.17511282670756,9535.431219109687,6.347407580842724,88.39164555072783,15199.792846762037,0.8416666666666667,audits/paper_extras/negwealth_7arms\bench7_seed202_exp.json,3719961
202,exp,us_federal+rl_aux,4,825.4348475726601,0.6079196085547867,0.003911974520114183,0,9965.029443787746,459.13508945345086,9884.184539221738,0.0,88.39164555072784,15157.793664996043,0.8458333333333333,audits/paper_extras/negwealth_7arms\bench7_seed202_exp.json,3719961
202,exp,us_federal+rl_aux,5,877.2762796478717,0.5533402755646882,0.0045238349796641285,0,10195.1015250873,516.6308288763937,10156.399131036638,11.938361346600061,88.39164555072784,15269.314921933597,0.8458333333333333,audits/paper_extras/negwealth_7arms\bench7_seed202_exp.json,3719961
202,exp,us_federal+rl_aux,6,860.2293590536083,0.5906525508137611,0.0033579846111004463,0,10031.667286956948,516.7634033899955,10001.59570998525,2.867964416742325,88.39164555072784,15243.825710923007,0.8291666666666667,audits/paper_extras/negwealth_7arms\bench7_seed202_exp.json,3719961
202,exp,us_federal+rl_aux,7,886.4198817995033,0.5197268435234103,0.003645345345841796,0,10099.491604991556,397.4444362516557,9952.755399779277,0.0,88.39164555072784,15211.901257115049,0.6916666666666667,audits/paper_extras/negwealth_7arms\bench7_seed202_exp.json,3719961
202,exp,us_federal+rl_aux,8,878.4755265809149,0.6018402581837726,0.0033211794599971004,0,9759.858648638014,443.46671905080996,9673.947906367814,2.867964416742325,88.39164555072784,15269.85717031848,0.7583333333333333,audits/paper_extras/negwealth_7arms\bench7_seed202_exp.json,3719961
202,exp,us_federal+rl_aux,9,804.1496975783324,0.664474497176972,0.0034997327376769427,0,9713.214820238369,446.598862755168,9633.89302917887,0.0,88.39164555072784,15244.581877546876,0.8458333333333333,audits/paper_extras/negwealth_7arms\bench7_seed202_exp.json,3719961
202,exp,saez+rl_aux,0,695.6109433616582,0.8133029038956818,0.005433559872062347,38,47114.3624591263,3311.7542147268377,47815.80770604373,54.67142190957401,88.39164555072784,11378.517943907205,0.95,audits/paper_extras/negwealth_7arms\bench7_seed202_exp.json,3719961
202,exp,saez+rl_aux,1,759.6661340486573,0.8124740592082318,0.0029111542318305287,38,48072.569630991304,3855.8079838704516,49223.59450682102,40.38919226399404,88.39164555072784,12340.474418243704,0.9541666666666667,audits/paper_extras/negwealth_7arms\bench7_seed202_exp.json,3719961
202,exp,saez+rl_aux,2,893.2454846880355,0.7680892486337586,0.007091900746941284,45,55299.78411184477,3480.865094762662,55567.07869890602,49.164882902247975,88.75994407385588,17791.739393083593,0.95,audits/paper_extras/negwealth_7arms\bench7_seed202_exp.json,3719961
202,exp,saez+rl_aux,3,760.9569318535563,0.8278047667443124,0.006991760248981236,37,52429.453812108884,3497.1621065416425,53044.69565613282,29.106897465805652,88.39164555072784,12840.573076744993,0.95,audits/paper_extras/negwealth_7arms\bench7_seed202_exp.json,3719961
202,exp,saez+rl_aux,4,542.4925723195441,0.8033211562124033,0.0027403286635357266,32,40924.35289795012,3665.247296792112,42303.787825663654,54.013975854961544,88.39164555072784,5336.422053392569,0.9541666666666667,audits/paper_extras/negwealth_7arms\bench7_seed202_exp.json,3719961
202,exp,saez+rl_aux,5,762.5839055840719,0.8081455832850187,0.005511542694731602,40,52401.49731535263,3016.3017064528044,52541.740587927125,66.8914008500973,90.96973521262407,14879.024013961922,0.9541666666666667,audits/paper_extras/negwealth_7arms\bench7_seed202_exp.json,3719961
202,exp,saez+rl_aux,6,675.8598580286315,0.80671863306504,0.007980803487045763,43,49370.85994177156,3848.1906763897377,50434.53907604897,98.82751634312584,90.96973521262407,12765.424701956154,0.9541666666666667,audits/paper_extras/negwealth_7arms\bench7_seed202_exp.json,3719961
202,exp,saez+rl_aux,7,780.2605037293129,0.8109088813682495,0.006308253368998719,36,52476.54987231489,3046.465358016467,52642.590785313485,33.92852553843971,90.23313816636801,14346.794896819843,0.95,audits/paper_extras/negwealth_7arms\bench7_seed202_exp.json,3719961
202,exp,saez+rl_aux,8,638.0767124744266,0.8058489024105006,0.006259407882537817,44,46200.29214459643,3529.9539759880736,47142.98702835925,109.62540837425252,90.96973521262407,11354.156326794911,0.95,audits/paper_extras/negwealth_7arms\bench7_seed202_exp.json,3719961
202,exp,saez+rl_aux,9,589.9939422905973,0.7933649281201973,0.00553955006547636,42,43710.33564520009,2511.9415741585826,43854.58579421158,54.95962848649611,88.39164555072784,8384.34377569013,0.9541666666666667,audits/paper_extras/negwealth_7arms\bench7_seed202_exp.json,3719961
303,det,rl_learned,0,924.3797159890678,0.5363985342798504,0.0034107846987450757,0,14642.740341264622,13.060973148380333,14196.409639741134,0.0,-87.68280158936977,15098.649141989967,0.0,audits/paper_extras/negwealth_7arms\bench7_seed303_det.json,3719961
303,det,rl_learned,1,967.5846081659805,0.5187018624632227,0.0033001594538481734,0,13890.06074552338,3.7465916428282515,13384.412551014486,0.0,-92.38817493617535,15092.644218897643,0.0,audits/paper_extras/negwealth_7arms\bench7_seed303_det.json,3719961
303,det,rl_learned,2,946.2051625126245,0.5763777994581252,0.003518548658645468,0,14587.946844259113,17.3690438567691,14202.929079812073,0.0,-90.40818831324577,15088.780267446971,0.0,audits/paper_extras/negwealth_7arms\bench7_seed303_det.json,3719961
303,det,rl_learned,3,977.2433782054674,0.566673680816159,0.0033742349911427363,0,14778.883733897872,10.193431851594326,14372.06058702459,0.0,-90.00099340081215,15016.45063216591,0.0,audits/paper_extras/negwealth_7arms\bench7_seed303_det.json,3719961
303,det,rl_learned,4,873.052932026447,0.5631703901553103,0.0033001594538481734,0,13841.892809640181,13.171208020291843,13547.241132578325,0.0,-94.63449195027351,14940.903680961104,0.0,audits/paper_extras/negwealth_7arms\bench7_seed303_det.json,3719961
303,det,rl_learned,5,946.045199010858,0.6342053905275991,0.003337361834800554,0,14259.573057171894,18.351746050503213,13874.384989163695,0.0,-96.92947433888912,15362.185114724836,0.0,audits/paper_extras/negwealth_7arms\bench7_seed303_det.json,3719961
303,det,rl_learned,6,912.8414349509883,0.5649474912639129,0.003224743128431848,0,14970.217389635402,13.35419523728871,14671.784497676126,0.0,-89.22027106583118,14901.51363012171,0.0,audits/paper_extras/negwealth_7arms\bench7_seed303_det.json,3719961
303,det,rl_learned,7,942.0600392414357,0.6110705440282481,0.003224743128431848,0,15646.885053519783,30.70551923268601,15327.942031210729,0.0,-82.40873882174492,15101.731338734146,0.0,audits/paper_extras/negwealth_7arms\bench7_seed303_det.json,3719961
303,det,rl_learned,8,901.780381287113,0.5402316806297505,0.006471375349620974,1,14778.316359212049,14.18843460541744,14405.78670007404,0.0,-89.52936467528343,15060.476885107293,0.0,audits/paper_extras/negwealth_7arms\bench7_seed303_det.json,3719961
303,det,rl_learned,9,883.0682653063307,0.5585172055575479,0.0034107846987450757,0,14480.327539237695,25.33796071646839,14107.626852598603,0.0,-89.42534002661705,14980.730692557103,0.0,audits/paper_extras/negwealth_7arms\bench7_seed303_det.json,3719961
303,det,free_market,0,911.2266233461248,0.5624030815929909,0.0033373618348005543,0,0.0,0.0,0.0,0.0,0.0,14597.25879880017,0.0,audits/paper_extras/negwealth_7arms\bench7_seed303_det.json,3719961
303,det,free_market,1,951.7009021260325,0.5605173764426425,0.003262621916310636,0,0.0,0.0,0.0,0.0,0.0,14587.98298494327,0.0,audits/paper_extras/negwealth_7arms\bench7_seed303_det.json,3719961
303,det,free_market,2,954.6781465833932,0.604606741973434,0.003692183888105678,0,0.0,0.0,0.0,0.0,0.0,14948.287965663189,0.0,audits/paper_extras/negwealth_7arms\bench7_seed303_det.json,3719961
303,det,free_market,3,928.6214229718369,0.5667146688820246,0.0029899409535079587,0,0.0,0.0,0.0,0.0,0.0,14955.992775710767,0.0,audits/paper_extras/negwealth_7arms\bench7_seed303_det.json,3719961
303,det,free_market,4,878.7872786540722,0.6035547798828558,0.004480397499062489,2,0.0,0.0,0.0,0.0,0.0,14971.044817963573,0.0,audits/paper_extras/negwealth_7arms\bench7_seed303_det.json,3719961
303,det,free_market,5,910.7874758538991,0.5322282990529686,0.003186516828737658,0,0.0,0.0,0.0,0.0,0.0,14992.940900911159,0.0,audits/paper_extras/negwealth_7arms\bench7_seed303_det.json,3719961
303,det,free_market,6,861.7886093787457,0.5823686483549234,0.0027411128649022167,0,0.0,0.0,0.0,0.0,0.0,14959.556926902762,0.0,audits/paper_extras/negwealth_7arms\bench7_seed303_det.json,3719961
303,det,free_market,7,917.5056239908608,0.5503731742981519,0.0031089957718552306,0,0.0,0.0,0.0,0.0,0.0,14617.223539527351,0.0,audits/paper_extras/negwealth_7arms\bench7_seed303_det.json,3719961
303,det,free_market,8,916.546654627366,0.5493027987607023,0.003518548658645468,0,0.0,0.0,0.0,0.0,0.0,14557.15282746368,0.0,audits/paper_extras/negwealth_7arms\bench7_seed303_det.json,3719961
303,det,free_market,9,794.9679702439911,0.5898781120944891,0.0020450614232485694,0,0.0,0.0,0.0,0.0,0.0,14997.814076565086,0.0,audits/paper_extras/negwealth_7arms\bench7_seed303_det.json,3719961
303,det,us_federal,0,889.7887661241487,0.6395834825455154,0.003147936581824078,0,10258.788485498906,320.1828177898511,10565.70815229162,0.0,0.0,14641.355640283105,0.6916666666666667,audits/paper_extras/negwealth_7arms\bench7_seed303_det.json,3719961
303,det,us_federal,1,963.996430916872,0.5954018378963924,0.003147936581824078,0,10234.528914176148,297.82844346177234,10518.518528258019,0.0,0.0,14625.672824328203,0.7125,audits/paper_extras/negwealth_7arms\bench7_seed303_det.json,3719961
303,det,us_federal,2,950.3211988269078,0.7055965178328589,0.0035538593931087447,0,10120.52521158773,303.0295949555835,10385.292758705005,0.0,0.0,15021.935319563667,0.7083333333333334,audits/paper_extras/negwealth_7arms\bench7_seed303_det.json,3719961
303,det,us_federal,3,958.1355661449473,0.6472852854109225,0.0034107846987450757,0,10305.877012451361,336.5049462620885,10628.10069822834,0.0,0.0,14892.257930487975,0.7208333333333333,audits/paper_extras/negwealth_7arms\bench7_seed303_det.json,3719961
303,det,us_federal,4,880.6231578270866,0.6598229739205113,0.003410784698745076,0,11258.166909287958,319.76508675626116,11564.60554050798,0.0,0.0,14970.935805172736,0.7958333333333333,audits/paper_extras/negwealth_7arms\bench7_seed303_det.json,3719961
303,det,us_federal,5,906.6327589810669,0.6468854668190909,0.0031479365818240777,0,10442.837269191485,329.06604118639336,10758.413812845758,0.0,0.0,14966.584708174074,0.6916666666666667,audits/paper_extras/negwealth_7arms\bench7_seed303_det.json,3719961
303,det,us_federal,6,884.5142940418735,0.6655661039857004,0.0033001594538481734,0,10766.35578724302,366.92122186454134,11119.93406160708,0.0,0.0,14997.479325288095,0.7333333333333333,audits/paper_extras/negwealth_7arms\bench7_seed303_det.json,3719961
303,det,us_federal,7,928.4081435756392,0.6020391679278521,0.0032626219163106357,0,10101.885215186414,351.15350055978786,10439.36570405127,0.0,0.0,14680.541029083077,0.6083333333333333,audits/paper_extras/negwealth_7arms\bench7_seed303_det.json,3719961
303,det,us_federal,8,907.8691079989687,0.6253376800092172,0.004014786703735252,1,10618.710020645958,341.25741415493667,10946.595451241994,0.7412990785861229,0.0,14581.359228416786,0.7166666666666667,audits/paper_extras/negwealth_7arms\bench7_seed303_det.json,3719961
303,det,us_federal,9,836.3394182547584,0.7109697121733408,0.00310899577185523,0,10571.894365973181,323.68066610530485,10883.05118338229,0.0,0.0,14563.207722790308,0.725,audits/paper_extras/negwealth_7arms\bench7_seed303_det.json,3719961
303,det,saez,0,817.4234322065535,0.7131907864334469,0.003228415726864627,32,67027.21964272785,6149.333140196335,72987.11404020143,0.0,0.0,15099.472964058616,0.95,audits/paper_extras/negwealth_7arms\bench7_seed303_det.json,3719961
303,det,saez,1,885.9627007474104,0.745993423044076,0.0035794547074947157,29,62075.82308066503,5255.124845500967,67132.11285416778,0.0,0.0,15118.999120304125,0.9458333333333333,audits/paper_extras/negwealth_7arms\bench7_seed303_det.json,3719961
303,det,saez,2,877.2989426242457,0.7162306127052199,0.005094426735335758,31,65555.06564947579,4398.544633748097,69795.78407638722,0.0,0.0,15074.973828047314,0.9416666666666667,audits/paper_extras/negwealth_7arms\bench7_seed303_det.json,3719961
303,det,saez,3,896.0124326066413,0.7393848152440242,0.003504164947155443,29,66696.46984714043,5423.677792290825,71959.4961610996,0.0,0.0,15081.044943554009,0.9416666666666667,audits/paper_extras/negwealth_7arms\bench7_seed303_det.json,3719961
303,det,saez,4,785.7737877148232,0.7138014697248937,0.01015878057585427,36,66512.44993192908,5282.455457302529,71627.41640468879,0.0,0.0,15093.977304030532,0.9458333333333333,audits/paper_extras/negwealth_7arms\bench7_seed303_det.json,3719961
303,det,saez,5,872.5788489609967,0.7780420076603193,0.003261850753089349,25,64352.343684873435,5512.333242517374,69703.6501521477,0.0,0.0,15066.67123084213,0.9375,audits/paper_extras/negwealth_7arms\bench7_seed303_det.json,3719961
303,det,saez,6,836.4925506577554,0.782082796347383,0.0033006325239406313,33,68485.8628226609,5267.528735098026,73567.84271608744,0.0,0.0,15095.238723341003,0.9416666666666667,audits/paper_extras/negwealth_7arms\bench7_seed303_det.json,3719961
303,det,saez,7,881.126102401009,0.6637084368805162,0.004032330622674236,32,69744.3674309511,5230.2838786605325,74711.20924487642,0.0,0.0,15199.07596383836,0.9333333333333333,audits/paper_extras/negwealth_7arms\bench7_seed303_det.json,3719961
303,det,saez,8,838.2553307116599,0.6369765314090367,0.004225478531398565,33,69651.07582446748,5800.983514605775,75255.94315808777,0.0,0.0,15109.432660139815,0.9458333333333333,audits/paper_extras/negwealth_7arms\bench7_seed303_det.json,3719961
303,det,saez,9,740.8182262637897,0.693678216141677,0.0040567088770922565,34,66144.36206639666,5649.5476209852,71577.49510560877,0.0,0.0,15132.586386282248,0.9458333333333333,audits/paper_extras/negwealth_7arms\bench7_seed303_det.json,3719961
303,det,free_market+rl_aux,0,914.9366773498953,0.5599792810131574,0.0034470165828030474,0,0.0,0.0,0.0,0.0,-90.2628242969513,14598.768650375807,0.0,audits/paper_extras/negwealth_7arms\bench7_seed303_det.json,3719961
303,det,free_market+rl_aux,1,950.736332488928,0.5606616831524038,0.003262621916310636,0,0.0,0.0,0.0,0.0,-90.2628242969513,14587.942097127096,0.0,audits/paper_extras/negwealth_7arms\bench7_seed303_det.json,3719961
303,det,free_market+rl_aux,2,953.7567123575178,0.6047224567911881,0.003692183888105678,0,0.0,0.0,0.0,0.0,-90.2628242969513,14948.23865620198,0.0,audits/paper_extras/negwealth_7arms\bench7_seed303_det.json,3719961
303,det,free_market+rl_aux,3,927.7571056033883,0.5667727560471404,0.0029899409535079587,0,0.0,0.0,0.0,0.0,-90.2628242969513,14956.287428301313,0.0,audits/paper_extras/negwealth_7arms\bench7_seed303_det.json,3719961
303,det,free_market+rl_aux,4,876.1656955131368,0.6043709039585866,0.004591998709944673,2,0.0,0.0,0.0,2.295974649488926,-90.2628242969513,14970.839342831907,0.0,audits/paper_extras/negwealth_7arms\bench7_seed303_det.json,3719961
303,det,free_market+rl_aux,5,919.3394997026475,0.550009292763647,0.003300159453848173,0,0.0,0.0,0.0,0.0,-90.2628242969513,14992.920554210488,0.0,audits/paper_extras/negwealth_7arms\bench7_seed303_det.json,3719961
303,det,free_market+rl_aux,6,903.4861510682787,0.5823436274366929,0.003447016582803047,0,0.0,0.0,0.0,0.0,-90.2628242969513,14960.684384484419,0.0,audits/paper_extras/negwealth_7arms\bench7_seed303_det.json,3719961
303,det,free_market+rl_aux,7,918.3288810715205,0.5505562368185631,0.003147936581824078,0,0.0,0.0,0.0,0.0,-90.2628242969513,14617.041907374598,0.0,audits/paper_extras/negwealth_7arms\bench7_seed303_det.json,3719961
303,det,free_market+rl_aux,8,917.526709883961,0.5592887416838599,0.0034470165828030465,0,0.0,0.0,0.0,0.0,-90.2628242969513,15019.107474532942,0.0,audits/paper_extras/negwealth_7arms\bench7_seed303_det.json,3719961
303,det,free_market+rl_aux,9,846.4944308000917,0.5891250587231549,0.0030696875957546012,0,0.0,0.0,0.0,0.0,-90.2628242969513,15005.859964843954,0.0,audits/paper_extras/negwealth_7arms\bench7_seed303_det.json,3719961
303,det,us_federal+rl_aux,0,911.3993301635187,0.6436400839002535,0.003410784698745076,0,10207.180699504494,316.98394006538786,9464.414563134995,0.0,-90.2628242969513,15632.348944758538,0.6875,audits/paper_extras/negwealth_7arms\bench7_seed303_det.json,3719961
303,det,us_federal+rl_aux,1,956.7029718944475,0.6274186328369968,0.003030005056072062,0,9954.444969322703,293.17738670099084,9215.892915288514,0.0,-90.2628242969513,15572.653729052543,0.7291666666666666,audits/paper_extras/negwealth_7arms\bench7_seed303_det.json,3719961
303,det,us_federal+rl_aux,2,934.8975378905993,0.7305150830722769,0.0033001594538481734,0,9871.199219596558,304.2254498837264,9139.697965437112,0.0,-90.2628242969513,15983.152792473284,0.7041666666666667,audits/paper_extras/negwealth_7arms\bench7_seed303_det.json,3719961
303,det,us_federal+rl_aux,3,950.8773422678945,0.6614762645589619,0.0032626219163106357,0,10211.729245194525,332.93351270232625,9450.62960735652,0.0,-90.2628242969513,15877.052245467257,0.7208333333333333,audits/paper_extras/negwealth_7arms\bench7_seed303_det.json,3719961
303,det,us_federal+rl_aux,4,862.2180287316046,0.6833509796242278,0.003224743128431848,0,10976.813946750064,315.3117858754837,10142.586188544421,0.0,-90.2628242969513,15961.230643816752,0.7958333333333333,audits/paper_extras/negwealth_7arms\bench7_seed303_det.json,3719961
303,det,us_federal+rl_aux,5,917.0091198265507,0.6915617718137415,0.003337361834800554,0,10335.844329838259,324.9271750639833,9574.728911229082,0.0,-90.2628242969513,15973.74318028282,0.6791666666666667,audits/paper_extras/negwealth_7arms\bench7_seed303_det.json,3719961
303,det,us_federal+rl_aux,6,900.1638408187124,0.689464349250454,0.003410784698745076,0,10625.344723257007,362.6440759971677,9864.550178967163,0.0,-90.2628242969513,15936.177184163942,0.7291666666666666,audits/paper_extras/negwealth_7arms\bench7_seed303_det.json,3719961
303,det,us_federal+rl_aux,7,941.9609709359971,0.6817873154488033,0.003186516828737658,0,9936.405114177545,347.4852316564502,9241.63226931707,0.0,-90.2628242969513,16077.879686862823,0.5958333333333333,audits/paper_extras/negwealth_7arms\bench7_seed303_det.json,3719961
303,det,us_federal+rl_aux,8,920.8081630647001,0.699186299501689,0.004161643832690126,1,10577.7826882638,336.87492415305184,9805.218690736787,1.0606196400658754,-90.2628242969513,16034.351597760216,0.7041666666666667,audits/paper_extras/negwealth_7arms\bench7_seed303_det.json,3719961
303,det,us_federal+rl_aux,9,861.0872872725542,0.7030913337560032,0.003147936581824078,0,10805.649285718442,321.7120238510654,9983.334336607386,0.0,-90.2628242969513,16026.875342980473,0.7,audits/paper_extras/negwealth_7arms\bench7_seed303_det.json,3719961
303,det,saez+rl_aux,0,852.9945047034632,0.7676804072891893,0.00344626665725736,30,60220.262688066156,4700.377764652763,58265.45452063997,0.0,-90.2628242969513,21403.604687342453,0.9416666666666667,audits/paper_extras/negwealth_7arms\bench7_seed303_det.json,3719961
303,det,saez+rl_aux,1,950.7356971693657,0.7874047469491898,0.003322205737312971,22,59976.30203803476,3743.3969589234507,57188.6629767573,0.0,-90.2628242969513,21415.547586091852,0.9416666666666667,audits/paper_extras/negwealth_7arms\bench7_seed303_det.json,3719961
303,det,saez+rl_aux,2,919.8481913973093,0.7630792959467012,0.003353617235431481,24,63016.314114014735,3627.4302409285297,59872.82581809669,0.0,-90.2628242969513,21496.735496876663,0.9375,audits/paper_extras/negwealth_7arms\bench7_seed303_det.json,3719961
303,det,saez+rl_aux,3,913.7531035216532,0.7579970808293723,0.0031311910733657477,24,62381.499649407,4107.538639335862,59736.60985166013,0.0,-90.2628242969513,21398.878740340548,0.9333333333333333,audits/paper_extras/negwealth_7arms\bench7_seed303_det.json,3719961
303,det,saez+rl_aux,4,812.8858916438035,0.7731317751288859,0.003613952358781052,31,61018.648728627806,4415.782217500975,58768.42057176071,0.0,-90.2628242969513,21345.91389757772,0.9458333333333333,audits/paper_extras/negwealth_7arms\bench7_seed303_det.json,3719961
303,det,saez+rl_aux,5,915.9431813846996,0.7780235558794945,0.0038628940362948295,40,66986.3440272384,5301.237975766463,64892.480077282606,0.0,-90.2628242969513,22449.179239648165,0.9416666666666667,audits/paper_extras/negwealth_7arms\bench7_seed303_det.json,3719961
303,det,saez+rl_aux,6,850.6068321351006,0.7669876003294502,0.003526223612519663,30,65200.571196683115,4515.472346814062,62444.65142545555,0.0,-90.2628242969513,21879.164551366586,0.9416666666666667,audits/paper_extras/negwealth_7arms\bench7_seed303_det.json,3719961
303,det,saez+rl_aux,7,972.3017501239024,0.7650266750507935,0.0038376613094684947,30,67775.22355551159,3876.117530320101,64306.194511336835,0.0,-90.2628242969513,21916.619080922297,0.9291666666666667,audits/paper_extras/negwealth_7arms\bench7_seed303_det.json,3719961
303,det,saez+rl_aux,8,885.1553595291422,0.78322399173186,0.0039277230748392565,35,67351.91573081176,4419.691631157462,64189.26118827756,0.0,-90.2628242969513,22466.377150688866,0.9416666666666667,audits/paper_extras/negwealth_7arms\bench7_seed303_det.json,3719961
303,det,saez+rl_aux,9,772.2020026914043,0.7694277913542266,0.00323089560631358,34,59088.830801391945,5050.58535473864,57631.66457927765,0.0,-90.2628242969513,21417.478009004157,0.9458333333333333,audits/paper_extras/negwealth_7arms\bench7_seed303_det.json,3719961
303,exp,rl_learned,0,973.4507345135819,0.6210536277748008,0.005503907347561325,0,11324.35597113117,43.19414487813096,10786.596960786208,11.62465101714979,-76.23576682806015,15598.6452246149,0.041666666666666664,audits/paper_extras/negwealth_7arms\bench7_seed303_exp.json,3719961
303,exp,rl_learned,1,988.5476336638745,0.5770559981546034,0.007589326373913464,0,11335.953198818135,49.12758561832711,10962.807424523646,13.766492176328487,-63.73614549636841,15046.376846857569,0.07916666666666666,audits/paper_extras/negwealth_7arms\bench7_seed303_exp.json,3719961
303,exp,rl_learned,2,1012.6334132317381,0.6770514094760928,0.005366172320788713,0,12121.328872482714,91.92373238523528,11703.831888959994,6.797182144294124,-82.21731171011925,15231.509870723155,0.1625,audits/paper_extras/negwealth_7arms\bench7_seed303_exp.json,3719961
303,exp,rl_learned,3,953.2274010935471,0.6317736218576951,0.006650488530726875,0,12804.474445390473,130.25533848007473,12700.532109747322,20.45714470629372,-84.36863587796688,14991.426295641346,0.08333333333333333,audits/paper_extras/negwealth_7arms\bench7_seed303_exp.json,3719961
303,exp,rl_learned,4,873.6198235339153,0.6270702067734182,0.0032247431284318476,0,12000.858177237938,161.67355975554128,11903.71842842128,0.0,-80.58498068153858,15019.684734922468,0.016666666666666666,audits/paper_extras/negwealth_7arms\bench7_seed303_exp.json,3719961
303,exp,rl_learned,5,923.8162893104792,0.5858927435145532,0.006961699785210833,0,12106.265628033132,58.305430133583805,11848.119055476856,3.8785913315974643,-81.2002986073494,15010.173304536187,0.07083333333333333,audits/paper_extras/negwealth_7arms\bench7_seed303_exp.json,3719961
303,exp,rl_learned,6,928.9179584675625,0.6087974610084333,0.00785942506877819,0,12028.948425112927,126.27713433078263,11758.975879347947,7.49387588453543,-88.03477294743061,15078.665647204523,0.004166666666666667,audits/paper_extras/negwealth_7arms\bench7_seed303_exp.json,3719961
303,exp,rl_learned,7,930.5315178074877,0.6019012218514963,0.006727748926466868,0,11971.616175587968,131.15405965523317,11750.775256098837,7.958910971473698,-80.1756861358881,15014.162785493685,0.0125,audits/paper_extras/negwealth_7arms\bench7_seed303_exp.json,3719961
303,exp,rl_learned,8,915.5778502263262,0.5756935972338094,0.005796204509334996,0,12833.559538463,75.93050511721842,12587.293566986671,10.76223824817803,-68.6409850269556,15075.790873336746,0.004166666666666667,audits/paper_extras/negwealth_7arms\bench7_seed303_exp.json,3719961
303,exp,rl_learned,9,852.4681490486091,0.5629013105080848,0.005784075912846495,0,12564.996036257435,114.33219886323005,12231.044137590205,28.86716298027268,-81.78225995600226,15058.321836496922,0.0875,audits/paper_extras/negwealth_7arms\bench7_seed303_exp.json,3719961
303,exp,free_market,0,878.3149213541657,0.5882457917961138,0.00511840267864196,0,0.0,0.0,0.0,0.0,0.0,14992.659319768743,0.0,audits/paper_extras/negwealth_7arms\bench7_seed303_exp.json,3719961
303,exp,free_market,1,895.8321468477758,0.5693322280738867,0.004775360062692189,0,0.0,0.0,0.0,0.0,0.0,14997.699020661297,0.0,audits/paper_extras/negwealth_7arms\bench7_seed303_exp.json,3719961
303,exp,free_market,2,938.1025782691142,0.6514879616934263,0.005444284166201028,1,0.0,0.0,0.0,0.0,0.0,14574.152903463075,0.0,audits/paper_extras/negwealth_7arms\bench7_seed303_exp.json,3719961
303,exp,free_market,3,959.6768268167804,0.6020925249150149,0.005411934966528644,0,0.0,0.0,0.0,0.0,0.0,14960.064270906916,0.0,audits/paper_extras/negwealth_7arms\bench7_seed303_exp.json,3719961
303,exp,free_market,4,808.6357193367461,0.6144553293335469,0.006692182853920773,0,0.0,0.0,0.0,0.0,0.0,14996.683729498449,0.0,audits/paper_extras/negwealth_7arms\bench7_seed303_exp.json,3719961
303,exp,free_market,5,882.7025783742654,0.5427687878690489,0.0042304910170954954,0,0.0,0.0,0.0,0.0,0.0,14995.388390624616,0.0,audits/paper_extras/negwealth_7arms\bench7_seed303_exp.json,3719961
303,exp,free_market,6,907.5018665566236,0.5375892545053567,0.006929640953603664,0,0.0,0.0,0.0,0.0,0.0,14583.74156659256,0.0,audits/paper_extras/negwealth_7arms\bench7_seed303_exp.json,3719961
303,exp,free_market,7,945.3079999306358,0.47919579987803373,0.005516748301549427,0,0.0,0.0,0.0,0.0,0.0,14541.935836435405,0.0,audits/paper_extras/negwealth_7arms\bench7_seed303_exp.json,3719961
303,exp,free_market,8,925.6075010965117,0.5579108803652192,0.0050535398296333595,0,0.0,0.0,0.0,0.0,0.0,14915.716203788876,0.0,audits/paper_extras/negwealth_7arms\bench7_seed303_exp.json,3719961
303,exp,free_market,9,836.0787265095151,0.5707916865996278,0.006577573266389498,0,0.0,0.0,0.0,0.0,0.0,14603.212117871659,0.0,audits/paper_extras/negwealth_7arms\bench7_seed303_exp.json,3719961
303,exp,us_federal,0,880.0508762562015,0.6850099513024425,0.004560974145521356,0,9270.695535391229,265.32060571803686,9522.990667296704,6.668972559536746,0.0,14574.204502116667,0.6041666666666666,audits/paper_extras/negwealth_7arms\bench7_seed303_exp.json,3719961
303,exp,us_federal,1,962.7682724967166,0.6157796979178942,0.005404118322439527,0,9777.441176711238,336.71041921359813,10058.876923115986,0.0,0.0,15041.789850524781,0.7833333333333333,audits/paper_extras/negwealth_7arms\bench7_seed303_exp.json,3719961
303,exp,us_federal,2,959.5444386376465,0.6858095268805725,0.0073663229842820515,0,9598.597696505643,283.8200985872484,9866.462877044658,7.953947870341055,0.0,14992.046052129657,0.7166666666666667,audits/paper_extras/negwealth_7arms\bench7_seed303_exp.json,3719961
303,exp,us_federal,3,954.1610864502784,0.6189536158721978,0.004619323623932007,0,10130.398613460377,403.07420345315757,10520.143689933451,3.300000049173832,0.0,14910.125278174857,0.6916666666666667,audits/paper_extras/negwealth_7arms\bench7_seed303_exp.json,3719961
303,exp,us_federal,4,865.2078319947889,0.6524456817721849,0.006348903294076695,0,10109.323329574627,316.9399050993427,10413.624863739886,30.087036362528416,0.0,14553.70275667609,0.8416666666666667,audits/paper_extras/negwealth_7arms\bench7_seed303_exp.json,3719961
303,exp,us_federal,5,907.56445779666,0.6313992355238052,0.007114491542219464,0,9667.412052031887,311.7054255472632,9966.222208974796,9.021647463388181,0.0,14985.99806095409,0.7083333333333334,audits/paper_extras/negwealth_7arms\bench7_seed303_exp.json,3719961
303,exp,us_federal,6,872.2910124067892,0.6832427514212281,0.00867987181037699,1,10057.834071522233,321.34854944054445,10366.421014979438,18.04388543651386,0.0,14981.956114563483,0.7166666666666667,audits/paper_extras/negwealth_7arms\bench7_seed303_exp.json,3719961
303,exp,us_federal,7,936.2282687518419,0.6597615994105429,0.006736824168948414,0,9291.84797890375,379.43747914819426,9657.356850599495,6.219258109435689,0.0,14650.450343855551,0.6166666666666667,audits/paper_extras/negwealth_7arms\bench7_seed303_exp.json,3719961
303,exp,us_federal,8,897.8905905774016,0.6064083711097531,0.005303218130895666,0,10339.035008069233,365.53293627360637,10691.500628476817,6.851562254504429,0.0,14578.465167043241,0.6958333333333333,audits/paper_extras/negwealth_7arms\bench7_seed303_exp.json,3719961
303,exp,us_federal,9,828.8061429810045,0.7170748572056691,0.005220691683218527,0,9604.75726551926,279.96569989240373,9873.169064643167,1.3500000201165676,0.0,14573.891110278157,0.6833333333333333,audits/paper_extras/negwealth_7arms\bench7_seed303_exp.json,3719961
303,exp,saez,0,808.3203807607177,0.6604083293600727,0.02516885179840561,27,61059.82648323752,6735.210681172523,67757.39892718341,278.61104795517804,0.0,14626.51603539878,0.9458333333333333,audits/paper_extras/negwealth_7arms\bench7_seed303_exp.json,3719961
303,exp,saez,1,890.3058810328274,0.6419288451944223,0.023821834712443552,27,60529.43164451802,3041.279743548879,63528.30361147689,229.1978528584985,0.0,14629.790155865438,0.9416666666666667,audits/paper_extras/negwealth_7arms\bench7_seed303_exp.json,3719961
303,exp,saez,2,926.7066558775599,0.6842479590847395,0.019080503631519186,44,61458.364674174,3195.849473442392,64437.29571211435,76.79449289192364,0.0,15065.036470774354,0.9458333333333333,audits/paper_extras/negwealth_7arms\bench7_seed303_exp.json,3719961
303,exp,saez,3,903.9593075969266,0.718540718337312,0.019866389810048415,22,63437.03086037933,4034.47003525013,67426.52414778904,202.878701760502,0.0,14627.579622409325,0.9375,audits/paper_extras/negwealth_7arms\bench7_seed303_exp.json,3719961
303,exp,saez,4,794.1079335553591,0.7428756691988203,0.027735992383667953,31,58141.1919654149,4723.517155232541,62819.467269502544,219.45683234628515,0.0,14637.964760737452,0.9458333333333333,audits/paper_extras/negwealth_7arms\bench7_seed303_exp.json,3719961
303,exp,saez,5,877.8817208061876,0.65773204052766,0.02473754325092842,21,58452.696909479586,3662.9840130750567,62073.17026635208,190.04828808692824,0.0,11685.988872102114,0.9416666666666667,audits/paper_extras/negwealth_7arms\bench7_seed303_exp.json,3719961
303,exp,saez,6,833.8746226811608,0.7253342508118953,0.023947949839755015,33,60807.96654558245,4517.3201748549245,65094.12843909309,128.17207261452717,0.0,15045.067525139255,0.9375,audits/paper_extras/negwealth_7arms\bench7_seed303_exp.json,3719961
303,exp,saez,7,883.4311839892454,0.6734219973754033,0.029920339074930115,30,65965.24492833969,3382.7712304391343,69309.24431162875,279.83423493948453,0.0,14692.93896563993,0.95,audits/paper_extras/negwealth_7arms\bench7_seed303_exp.json,3719961
303,exp,saez,8,916.8159661549117,0.6481477568272523,0.023258263512273794,24,58090.03851282337,4656.4968744377475,62701.118687535025,180.75101158414435,0.0,11648.775314126337,0.9458333333333333,audits/paper_extras/negwealth_7arms\bench7_seed303_exp.json,3719961
303,exp,saez,9,715.5510225609003,0.565680758303866,0.026640281889204732,41,56704.22262778928,4010.9334389969413,60630.87315609225,292.09533691636443,0.0,11725.606302023169,0.9458333333333333,audits/paper_extras/negwealth_7arms\bench7_seed303_exp.json,3719961
303,exp,free_market+rl_aux,0,891.4480884781665,0.6128320617808328,0.004933780231865347,0,0.0,0.0,0.0,3.4461514959715833,-76.98262810707092,15014.159253285568,0.0,audits/paper_extras/negwealth_7arms\bench7_seed303_exp.json,3719961
303,exp,free_market+rl_aux,1,971.6219679305951,0.5898987456895716,0.004715302155076153,0,0.0,0.0,0.0,0.0,-79.86947666108608,14888.906876843865,0.0,audits/paper_extras/negwealth_7arms\bench7_seed303_exp.json,3719961
303,exp,free_market+rl_aux,2,935.8504195325075,0.6502776757196274,0.0059208061062473154,0,0.0,0.0,0.0,6.160047142990472,-76.98262810707092,14942.614121496881,0.0,audits/paper_extras/negwealth_7arms\bench7_seed303_exp.json,3719961
303,exp,free_market+rl_aux,3,926.2201534128976,0.6050927324862693,0.0030700691586361645,0,0.0,0.0,0.0,0.0,-76.98262810707092,14595.864305262425,0.0,audits/paper_extras/negwealth_7arms\bench7_seed303_exp.json,3719961
303,exp,free_market+rl_aux,4,870.2444694212684,0.5749145781578583,0.005791722436865708,2,0.0,0.0,0.0,10.884439348111455,-78.58643285930157,14989.068792793318,0.0,audits/paper_extras/negwealth_7arms\bench7_seed303_exp.json,3719961
303,exp,free_market+rl_aux,5,930.4799958350653,0.6055540920660075,0.007644013319999707,0,0.0,0.0,0.0,15.660678221130368,-80.83175951242447,14978.890734302351,0.0,audits/paper_extras/negwealth_7arms\bench7_seed303_exp.json,3719961
303,exp,free_market+rl_aux,6,903.2580766866016,0.549859179568045,0.006550036870204739,0,0.0,0.0,0.0,5.1441262940361,-79.86947666108608,14605.070590699808,0.0,audits/paper_extras/negwealth_7arms\bench7_seed303_exp.json,3719961
303,exp,free_market+rl_aux,7,928.4905849852559,0.5634305841579438,0.004560912394712311,0,0.0,0.0,0.0,7.103340131270489,-78.9071938097477,14962.014719848474,0.0,audits/paper_extras/negwealth_7arms\bench7_seed303_exp.json,3719961
303,exp,free_market+rl_aux,8,886.234517013012,0.5611949166003759,0.004106054138153153,0,0.0,0.0,0.0,7.915528917542882,-76.98262810707092,14625.0350827254,0.0,audits/paper_extras/negwealth_7arms\bench7_seed303_exp.json,3719961
303,exp,free_market+rl_aux,9,847.2882756344768,0.6656069626401481,0.005404136263938119,0,0.0,0.0,0.0,8.315846481181346,-80.19023761153221,15048.131051674089,0.0,audits/paper_extras/negwealth_7arms\bench7_seed303_exp.json,3719961
303,exp,us_federal+rl_aux,0,929.7183678224816,0.6629663301195935,0.005667439000481415,0,10063.269869101056,303.43519434138625,9133.575551329224,14.088714476550145,-76.98262810707092,15844.247986780947,0.7041666666666667,audits/paper_extras/negwealth_7arms\bench7_seed303_exp.json,3719961
303,exp,us_federal+rl_aux,1,990.0673370812235,0.6756113307803967,0.004794542345568903,0,9398.602830548441,318.88011362076986,8536.491025476067,6.824795528823099,-76.98262810707092,16011.08296358505,0.6791666666666667,audits/paper_extras/negwealth_7arms\bench7_seed303_exp.json,3719961
303,exp,us_federal+rl_aux,2,953.5455987051434,0.6952571569311176,0.007788629636603565,0,9587.4839730169,288.81078215296685,8673.453433341116,20.37272788007185,-81.1525204628706,16010.128430597679,0.6583333333333333,audits/paper_extras/negwealth_7arms\bench7_seed303_exp.json,3719961
303,exp,us_federal+rl_aux,3,953.5585821688644,0.6262059768826962,0.0045023977133723195,0,10133.311016852851,417.2533629905577,9270.73104033572,2.26801760494709,-76.98262810707092,15896.367589758607,0.6791666666666667,audits/paper_extras/negwealth_7arms\bench7_seed303_exp.json,3719961
303,exp,us_federal+rl_aux,4,856.7709514151965,0.7102071423431646,0.009955823624603063,3,10037.826238598567,271.04703789478543,9083.620686007584,46.75830542023351,-89.49230517446995,16036.65178517674,0.7625,audits/paper_extras/negwealth_7arms\bench7_seed303_exp.json,3719961
303,exp,us_federal+rl_aux,5,934.0147004118033,0.6475063576272843,0.004302169682631756,0,10025.831572903979,255.16706601376978,9043.175068332761,9.521545692088962,-76.98262810707092,15958.582691198682,0.6625,audits/paper_extras/negwealth_7arms\bench7_seed303_exp.json,3719961
303,exp,us_federal+rl_aux,6,882.1171543607159,0.6418246431136286,0.005525716943717395,0,10409.630995758489,330.2090817403079,9461.560325488572,22.518771016895332,-76.98262810707092,15997.246848606444,0.7583333333333333,audits/paper_extras/negwealth_7arms\bench7_seed303_exp.json,3719961
303,exp,us_federal+rl_aux,7,930.358979603344,0.6807495487142895,0.006169231735846895,0,9561.457605331452,430.6482424217936,8803.763050481257,2.26801760494709,-79.86947666108608,15925.130684649215,0.5208333333333334,audits/paper_extras/negwealth_7arms\bench7_seed303_exp.json,3719961
303,exp,us_federal+rl_aux,8,947.0395565640733,0.6521646765976484,0.0047481080268308145,0,10631.7669520353,396.8775370804801,9700.641716267597,8.487366839751335,-76.98262810707092,16021.022724950202,0.6708333333333333,audits/paper_extras/negwealth_7arms\bench7_seed303_exp.json,3719961
303,exp,us_federal+rl_aux,9,836.1162215142233,0.7163506973497363,0.013578862914851934,4,9651.237549348612,379.1904443392974,8821.953367250373,20.368296478217456,-102.00198224186897,16009.739475310058,0.7,audits/paper_extras/negwealth_7arms\bench7_seed303_exp.json,3719961
303,exp,saez+rl_aux,0,876.9346133878612,0.7781065785522607,0.03246976638735388,33,61411.993413696386,3670.343283536,57333.327325877646,389.4895940782794,-150.75764670968056,22395.126951944098,0.9416666666666667,audits/paper_extras/negwealth_7arms\bench7_seed303_exp.json,3719961
303,exp,saez+rl_aux,1,960.4728989889164,0.7686440012511419,0.022971142803283117,28,56948.59776088664,3040.6201637644535,52762.280328857996,226.0472080641939,-118.36079071462154,21892.00465409426,0.9416666666666667,audits/paper_extras/negwealth_7arms\bench7_seed303_exp.json,3719961
303,exp,saez+rl_aux,2,1040.764899393487,0.7897963618946251,0.026915649962237106,28,52878.341650314076,2418.1637926786016,48500.10571066705,267.39636543592195,-126.7005754262209,18501.564874832762,0.9333333333333333,audits/paper_extras/negwealth_7arms\bench7_seed303_exp.json,3719961
303,exp,saez+rl_aux,3,950.439267728109,0.7782507126064283,0.022730628830552005,30,60811.82380691402,3697.374311016675,56773.84694428567,270.15083556244997,-118.36079071462154,22363.983918956143,0.9333333333333333,audits/paper_extras/negwealth_7arms\bench7_seed303_exp.json,3719961
303,exp,saez+rl_aux,4,809.6927578547974,0.7551864791877193,0.027190556556561222,34,60584.91526189628,4937.5213083545395,57370.92665584751,265.07687290100796,-127.66285827755928,22896.591376136046,0.95,audits/paper_extras/negwealth_7arms\bench7_seed303_exp.json,3719961
303,exp,saez+rl_aux,5,896.5978605449324,0.7779274844410373,0.02885675376434407,26,58127.71583186198,2739.3325883344282,53583.03606417012,317.47958652351605,-135.6818820387125,21955.64672733275,0.9458333333333333,audits/paper_extras/negwealth_7arms\bench7_seed303_exp.json,3719961
303,exp,saez+rl_aux,6,943.4237498833911,0.7759808838864397,0.029705022531960484,30,59552.68808995438,5034.6181573851645,56616.70290352153,384.4066992034419,-133.75731633603573,20858.473021628328,0.9416666666666667,audits/paper_extras/negwealth_7arms\bench7_seed303_exp.json,3719961
303,exp,saez+rl_aux,7,963.6880382169921,0.7785366040152776,0.025845946888966544,26,62332.78787812025,3169.8589510707693,57654.34877336546,249.52256956360216,-126.37981447577477,22400.763998830542,0.9416666666666667,audits/paper_extras/negwealth_7arms\bench7_seed303_exp.json,3719961
303,exp,saez+rl_aux,8,894.3973632709162,0.7822555877735626,0.029188879223486553,30,59787.91685803502,4051.5272241868197,56179.28162108772,334.69480271713195,-143.70090579986572,22369.792810214833,0.9458333333333333,audits/paper_extras/negwealth_7arms\bench7_seed303_exp.json,3719961
303,exp,saez+rl_aux,9,777.7880322888745,0.7625292206221793,0.028324602138452802,35,58100.32469398676,5412.71123866787,55963.54874340902,306.09888250304044,-131.51198968291283,21979.641972281974,0.9416666666666667,audits/paper_extras/negwealth_7arms\bench7_seed303_exp.json,3719961
42,det,rl_learned,0,897.0384087127399,0.570148006645836,0.0032247431284318476,0,9950.387240374117,0.0,9574.190492309132,0.0,164.99002799391747,15165.08801454052,0.008333333333333333,audits/paper_extras/negwealth_7arms\bench7_seed42_det.json,3719961
42,det,rl_learned,1,950.6445712460784,0.578878205493672,0.003300159453848173,0,9759.81579703935,0.0,9370.034181280389,0.0,165.7412852346897,15213.783423917002,0.0,audits/paper_extras/negwealth_7arms\bench7_seed42_det.json,3719961
42,det,rl_learned,2,956.1229468557381,0.6447001350007597,0.003518548658645468,0,9788.22035561026,0.0,9395.325888524843,0.0,173.54472211003304,15126.141027257141,0.008333333333333333,audits/paper_extras/negwealth_7arms\bench7_seed42_det.json,3719961
42,det,rl_learned,3,929.46918269651,0.5734532145478027,0.003224743128431848,0,9995.226715884295,0.0,9603.192194902422,0.0,167.954660654068,15086.266742165612,0.008333333333333333,audits/paper_extras/negwealth_7arms\bench7_seed42_det.json,3719961
42,det,rl_learned,4,841.2238814716761,0.6194671064969146,0.0026547547606639577,0,9919.589832206108,0.0,9593.599702377032,0.0,173.78479054570198,15120.283555361199,0.0,audits/paper_extras/negwealth_7arms\bench7_seed42_det.json,3719961
42,det,rl_learned,5,900.1672307495038,0.5785206166396698,0.0030696875957546017,0,9731.751960558167,0.0,9444.64583535825,0.0,163.3619483113289,14689.621841392964,0.008333333333333333,audits/paper_extras/negwealth_7arms\bench7_seed42_det.json,3719961
42,det,rl_learned,6,862.8379071546727,0.5899651338209669,0.003604057727989603,1,10153.70873450033,0.0,9777.960590303153,3.24387120310702,167.60211709141728,15206.27179324611,0.0125,audits/paper_extras/negwealth_7arms\bench7_seed42_det.json,3719961
42,det,rl_learned,7,899.8922167848415,0.5520046895648946,0.0032247431284318476,0,9851.570054910975,0.0,9520.97623438701,0.0,156.19103014469147,14795.13389501448,0.0125,audits/paper_extras/negwealth_7arms\bench7_seed42_det.json,3719961
42,det,rl_learned,8,873.3115619487403,0.5469576121074375,0.0030300050560720616,0,9901.68212991356,0.0,9475.517921117953,0.0,165.04328709840775,15224.91178210633,0.0125,audits/paper_extras/negwealth_7arms\bench7_seed42_det.json,3719961
42,det,rl_learned,9,800.6397675454454,0.5873101302723065,0.002783629871704938,0,9809.479050002368,0.0,9571.802065817074,0.0,158.55410447716713,14709.378414617368,0.0,audits/paper_extras/negwealth_7arms\bench7_seed42_det.json,3719961
42,det,free_market,0,845.6149957419151,0.608459011643158,0.0028257174137924796,0,0.0,0.0,0.0,0.0,0.0,14720.655779756082,0.0,audits/paper_extras/negwealth_7arms\bench7_seed42_det.json,3719961
42,det,free_market,1,886.2901139428228,0.5857022864517393,0.0028673840804591465,0,0.0,0.0,0.0,0.0,0.0,14758.493772622534,0.0,audits/paper_extras/negwealth_7arms\bench7_seed42_det.json,3719961
42,det,free_market,2,913.2785948222775,0.6334446708475291,0.0034829361230329318,0,0.0,0.0,0.0,0.0,0.0,14723.228470056081,0.0,audits/paper_extras/negwealth_7arms\bench7_seed42_det.json,3719961
42,det,free_market,3,954.4993367064004,0.5468583787214932,0.0034829361230329318,0,0.0,0.0,0.0,0.0,0.0,14607.399519989878,0.004166666666666667,audits/paper_extras/negwealth_7arms\bench7_seed42_det.json,3719961
42,det,free_market,4,814.9232721007679,0.530233583238146,0.0029086382058716876,0,0.0,0.0,0.0,0.0,0.0,14662.324730495513,0.008333333333333333,audits/paper_extras/negwealth_7arms\bench7_seed42_det.json,3719961
42,det,free_market,5,863.1329571012714,0.5449975385917626,0.0029899409535079596,0,0.0,0.0,0.0,0.0,0.0,14673.743953183197,0.0,audits/paper_extras/negwealth_7arms\bench7_seed42_det.json,3719961
42,det,free_market,6,832.0081209247913,0.5871658556887228,0.002741112864902217,0,0.0,0.0,0.0,0.0,0.0,14632.584758682193,0.0,audits/paper_extras/negwealth_7arms\bench7_seed42_det.json,3719961
42,det,free_market,7,881.9465635167716,0.5684109975050801,0.002949487879074302,0,0.0,0.0,0.0,0.0,0.0,14745.600681573127,0.0,audits/paper_extras/negwealth_7arms\bench7_seed42_det.json,3719961
42,det,free_market,8,873.1707024940996,0.5425685101961604,0.0030696875957546017,0,0.0,0.0,0.0,0.0,0.0,14741.249512201557,0.004166666666666667,audits/paper_extras/negwealth_7arms\bench7_seed42_det.json,3719961
42,det,free_market,9,810.1955064708511,0.5704367928847979,0.0029899409535079596,0,0.0,0.0,0.0,0.0,0.0,14715.916709903653,0.0125,audits/paper_extras/negwealth_7arms\bench7_seed42_det.json,3719961
42,det,us_federal,0,840.9629307074894,0.6633035339408498,0.002610895111541151,0,10557.745741521043,238.42004400505863,10784.04627951649,0.0,0.0,14756.188986158775,0.7125,audits/paper_extras/negwealth_7arms\bench7_seed42_det.json,3719961
42,det,us_federal,1,906.7747943703881,0.6420579063528505,0.002949487879074302,0,9869.22176434078,214.32959093593007,10070.425483154926,0.0,0.0,14713.46050772325,0.85,audits/paper_extras/negwealth_7arms\bench7_seed42_det.json,3719961
42,det,us_federal,2,1010.3814744910238,0.6981070387358002,0.0036235956209332075,0,10803.632948132674,253.40661482557954,11037.890824583767,0.0,0.0,14677.676223772683,0.8458333333333333,audits/paper_extras/negwealth_7arms\bench7_seed42_det.json,3719961
42,det,us_federal,3,910.5342246335156,0.635547902460077,0.0029899409535079587,0,10746.197981543592,251.43752616349772,10983.915696003876,0.0,0.0,14654.641013473092,0.9083333333333333,audits/paper_extras/negwealth_7arms\bench7_seed42_det.json,3719961
42,det,us_federal,4,819.3590854765376,0.6448806133053779,0.002867384080459147,0,11335.500048931804,335.75956700133946,11658.819258317842,0.0,0.0,14704.984181090631,0.9291666666666667,audits/paper_extras/negwealth_7arms\bench7_seed42_det.json,3719961
42,det,us_federal,5,851.8580830100468,0.6368218196784914,0.0027411128649022167,0,10803.991151828777,275.63920687551166,11067.073512442856,0.0,0.0,14690.57968030776,0.8166666666666667,audits/paper_extras/negwealth_7arms\bench7_seed42_det.json,3719961
42,det,us_federal,6,819.0314866671553,0.6393604054132074,0.0034820010850629274,1,11003.55979765481,276.8128591884519,11268.322440967308,2.9966662837323517,0.0,14730.686718746425,0.75,audits/paper_extras/negwealth_7arms\bench7_seed42_det.json,3719961
42,det,us_federal,7,866.2458270502742,0.6331325014705714,0.002783629871704938,0,10427.311289051302,253.01006315148038,10667.86224225743,0.0,0.0,14836.1078214363,0.7583333333333333,audits/paper_extras/negwealth_7arms\bench7_seed42_det.json,3719961
42,det,us_federal,8,833.5242817348587,0.6433104821254702,0.002610895111541151,0,10846.050483017181,299.4825517721385,11133.655819674677,0.0,0.0,14700.108880717939,0.8291666666666667,audits/paper_extras/negwealth_7arms\bench7_seed42_det.json,3719961
42,det,us_federal,9,799.1430910608116,0.6921536264028746,0.002867384080459147,0,10563.364318220456,279.84886582611296,10831.19612880029,0.0,0.0,14667.841012239365,0.8583333333333333,audits/paper_extras/negwealth_7arms\bench7_seed42_det.json,3719961
42,det,saez,0,637.9492819203119,0.7895202080541794,0.003906102566679286,36,59750.23307868754,2832.036516515973,62494.34538026145,73.09523890929583,0.0,12338.36017640095,0.9625,audits/paper_extras/negwealth_7arms\bench7_seed42_det.json,3719961
42,det,saez,1,743.6857637876532,0.8160105358117892,0.004619540424069488,36,61364.07455248181,2770.090175458107,64040.82337644886,75.99031693761115,0.0,13784.975969929657,0.9666666666666667,audits/paper_extras/negwealth_7arms\bench7_seed42_det.json,3719961
42,det,saez,2,828.0285749161509,0.7567720374548518,0.005674841195500517,56,68475.9259410697,3243.0340545539098,71664.15605088782,47.90085850254272,0.0,14792.263290512386,0.9625,audits/paper_extras/negwealth_7arms\bench7_seed42_det.json,3719961
42,det,saez,3,732.2842331702219,0.7824847427776973,0.004894224996227533,37,66794.80527769911,2965.6317568491563,69680.37832406412,22.390612567053008,0.0,14757.825410729205,0.9583333333333334,audits/paper_extras/negwealth_7arms\bench7_seed42_det.json,3719961
42,det,saez,4,570.0154820323945,0.763145396121684,0.0031933129991897203,49,54097.32724036969,2836.28792255018,56813.84098688764,0.0,0.0,11317.230899620177,0.9666666666666667,audits/paper_extras/negwealth_7arms\bench7_seed42_det.json,3719961
42,det,saez,5,679.8761476264723,0.7843012180355753,0.004619143701528661,40,60271.13469312704,2638.7343111965984,62785.21918659638,39.247693673619096,0.0,13798.23898117028,0.9625,audits/paper_extras/negwealth_7arms\bench7_seed42_det.json,3719961
42,det,saez,6,606.4654954984306,0.7713012449429044,0.002462653868293562,43,54327.971050079526,3038.2766761168214,57283.86564715539,0.0,0.0,8898.426905704831,0.9583333333333334,audits/paper_extras/negwealth_7arms\bench7_seed42_det.json,3719961
42,det,saez,7,660.4329151166613,0.7912380548273952,0.0027284085718109257,37,53928.52942175882,2580.9626802527214,56277.01375513214,0.0,0.0,12372.294407099082,0.9583333333333334,audits/paper_extras/negwealth_7arms\bench7_seed42_det.json,3719961
42,det,saez,8,653.7856838099646,0.80846929158624,0.0025405225536387454,40,59949.15498514137,2996.7694180739536,62802.08457198337,0.0,0.0,13843.672987827766,0.9625,audits/paper_extras/negwealth_7arms\bench7_seed42_det.json,3719961
42,det,saez,9,565.2847725715988,0.796674758797657,0.0034440342856938947,42,57708.91023143397,3438.2744440510915,61119.47729124835,15.280106851397786,0.0,10834.093939056978,0.9625,audits/paper_extras/negwealth_7arms\bench7_seed42_det.json,3719961
42,det,free_market+rl_aux,0,845.7548193475403,0.6065895540323508,0.002783629871704938,0,0.0,0.0,0.0,0.0,165.6766712665558,14720.608007935303,0.004166666666666667,audits/paper_extras/negwealth_7arms\bench7_seed42_det.json,3719961
42,det,free_market+rl_aux,1,891.3469642405178,0.583839534950077,0.0029086382058716876,0,0.0,0.0,0.0,0.0,165.6766712665558,14758.694636417233,0.0,audits/paper_extras/negwealth_7arms\bench7_seed42_det.json,3719961
42,det,free_market+rl_aux,2,928.8206244988837,0.6406123509738418,0.003692183888105677,0,0.0,0.0,0.0,0.0,165.6766712665558,14723.362278365863,0.0,audits/paper_extras/negwealth_7arms\bench7_seed42_det.json,3719961
42,det,free_market+rl_aux,3,960.157002988235,0.5436167857109397,0.0036235956209332075,0,0.0,0.0,0.0,0.0,165.6766712665558,14607.44663815708,0.004166666666666667,audits/paper_extras/negwealth_7arms\bench7_seed42_det.json,3719961
42,det,free_market+rl_aux,4,805.3072754962535,0.6585113765610406,0.002610895111541151,0,0.0,0.0,0.0,0.0,165.67667126655573,14632.548737615982,0.0,audits/paper_extras/negwealth_7arms\bench7_seed42_det.json,3719961
42,det,free_market+rl_aux,5,873.4514180366926,0.5566379450925597,0.002989940953507959,0,0.0,0.0,0.0,0.0,165.6766712665558,14673.76163686358,0.0,audits/paper_extras/negwealth_7arms\bench7_seed42_det.json,3719961
42,det,free_market+rl_aux,6,832.2987478670154,0.5772397148548646,0.0027836298717049384,0,0.0,0.0,0.0,0.0,165.67667126655573,14636.763953278763,0.0,audits/paper_extras/negwealth_7arms\bench7_seed42_det.json,3719961
42,det,free_market+rl_aux,7,877.9307443551493,0.5679016389930927,0.0028257174137924796,0,0.0,0.0,0.0,0.0,165.6766712665558,14728.986003711198,0.0,audits/paper_extras/negwealth_7arms\bench7_seed42_det.json,3719961
42,det,free_market+rl_aux,8,875.1004276016046,0.542346322695753,0.0030696875957546017,0,0.0,0.0,0.0,0.0,165.6766712665558,14741.4108662201,0.0,audits/paper_extras/negwealth_7arms\bench7_seed42_det.json,3719961
42,det,free_market+rl_aux,9,812.0601259181825,0.5713118118533501,0.0029899409535079596,0,0.0,0.0,0.0,0.0,165.6766712665558,14716.160568908268,0.0,audits/paper_extras/negwealth_7arms\bench7_seed42_det.json,3719961
42,det,us_federal+rl_aux,0,865.5696388820826,0.7386121691408989,0.002989940953507959,0,10472.351615553975,231.37872707119482,9732.707269724031,0.0,165.6766712665558,15744.134441495442,0.7041666666666667,audits/paper_extras/negwealth_7arms\bench7_seed42_det.json,3719961
42,det,us_federal+rl_aux,1,914.4691681446959,0.6688058032618688,0.0029899409535079587,0,9878.217019094867,210.10560892166114,9151.546491190851,0.0,165.6766712665558,15657.695640550237,0.85,audits/paper_extras/negwealth_7arms\bench7_seed42_det.json,3719961
42,det,us_federal+rl_aux,2,1000.4267803553162,0.7088197853560849,0.003692183888105678,0,10945.197807712479,261.6609249795215,10167.776763363512,0.0,165.6766712665558,15713.388705612351,0.8708333333333333,audits/paper_extras/negwealth_7arms\bench7_seed42_det.json,3719961
42,det,us_federal+rl_aux,3,916.917774512028,0.6455947298955953,0.0029899409535079587,0,10747.747618731373,247.81849234956888,10009.911968871756,0.0,165.6766712665558,15596.480309164639,0.8916666666666667,audits/paper_extras/negwealth_7arms\bench7_seed42_det.json,3719961
42,det,us_federal+rl_aux,4,809.9591824354484,0.6541022062785438,0.0026547547606639577,0,11206.150964209413,313.44722299174686,10484.333009415313,0.0,165.6766712665558,15705.624107765216,0.9291666666666667,audits/paper_extras/negwealth_7arms\bench7_seed42_det.json,3719961
42,det,us_federal+rl_aux,5,885.2610816455087,0.6169336564585994,0.002989940953507959,0,11025.679664109095,279.9370081109065,10293.073687155284,0.0,165.6766712665558,15662.57890753873,0.8833333333333333,audits/paper_extras/negwealth_7arms\bench7_seed42_det.json,3719961
42,det,us_federal+rl_aux,6,861.8663606885228,0.6099282830109296,0.0030696875957546012,0,11541.671220182365,329.4101459445211,10808.497929236859,0.0,165.6766712665558,15579.691080234836,0.8208333333333333,audits/paper_extras/negwealth_7arms\bench7_seed42_det.json,3719961
42,det,us_federal+rl_aux,7,860.5775801407495,0.7166260526271393,0.0027411128649022167,0,10082.05774773282,247.35438362148432,9404.292642665305,0.0,165.6766712665558,15336.63125798931,0.7125,audits/paper_extras/negwealth_7arms\bench7_seed42_det.json,3719961
42,det,us_federal+rl_aux,8,844.4097056140531,0.6577130078082221,0.0026981575384417357,0,10843.558568687935,291.8494232864712,10134.418483611427,0.0,165.6766712665558,15682.711529899903,0.825,audits/paper_extras/negwealth_7arms\bench7_seed42_det.json,3719961
42,det,us_federal+rl_aux,9,813.7946042953575,0.7059891714862375,0.002867384080459147,0,10641.332857698075,271.7545773112595,9936.224407257472,0.0,165.67667126655576,15653.653858879401,0.8583333333333333,audits/paper_extras/negwealth_7arms\bench7_seed42_det.json,3719961
42,det,saez+rl_aux,0,648.0488341284112,0.8092217887054606,0.0041019907149879515,42,53152.209279307805,2512.724552379114,50648.89208062734,29.407772590909843,169.81858804821968,13329.540640900424,0.9625,audits/paper_extras/negwealth_7arms\bench7_seed42_det.json,3719961
42,det,saez+rl_aux,1,837.1552261292694,0.8146403626118612,0.0037150897125382888,34,65927.9320845577,2492.183069205753,62179.95546280206,0.0,165.6766712665558,20737.148593583323,0.9666666666666667,audits/paper_extras/negwealth_7arms\bench7_seed42_det.json,3719961
42,det,saez+rl_aux,2,879.8885652293819,0.8193077748872495,0.004425572124059447,44,70906.70213283974,3239.296137471769,67512.66149764645,32.33374513153694,165.6766712665558,21190.753672882493,0.9541666666666667,audits/paper_extras/negwealth_7arms\bench7_seed42_det.json,3719961
42,det,saez+rl_aux,3,788.2482262204559,0.8026967334483464,0.00442867357301119,47,67513.92743481895,2980.4287217489536,64126.347742959675,67.86632759368682,165.67667126655581,20646.991354776645,0.9583333333333334,audits/paper_extras/negwealth_7arms\bench7_seed42_det.json,3719961
42,det,saez+rl_aux,4,417.4184453417136,0.3800418533430569,0.000393361973319428,24,36784.73878936671,2389.339055907844,35683.48474867831,0.0,165.6766712665558,2305.270014606768,0.9625,audits/paper_extras/negwealth_7arms\bench7_seed42_det.json,3719961
42,det,saez+rl_aux,5,678.4743760900715,0.8126424406574493,0.0038747408754387378,40,54595.35279451418,2620.3350844679185,51981.9289718588,25.166666904194493,165.6766712665558,16240.572704775694,0.9625,audits/paper_extras/negwealth_7arms\bench7_seed42_det.json,3719961
42,det,saez+rl_aux,6,612.6929642234877,0.7999110636366485,0.002474590570882518,42,49316.69388367408,2483.0677023243807,47110.27631016333,0.0,165.6766712665558,11350.921772245765,0.9583333333333334,audits/paper_extras/negwealth_7arms\bench7_seed42_det.json,3719961
42,det,saez+rl_aux,7,748.3336004333958,0.8240327671504256,0.0029276519184514107,39,61040.590993276004,2783.234309725523,58014.482677978864,0.0,165.6766712665558,18323.08279096748,0.9583333333333334,audits/paper_extras/negwealth_7arms\bench7_seed42_det.json,3719961
42,det,saez+rl_aux,8,663.6362860011575,0.7909388735293567,0.0030968342082199163,46,58881.07972890912,2760.124133863656,56045.099363914764,0.0,165.6766712665558,17341.02709452039,0.9625,audits/paper_extras/negwealth_7arms\bench7_seed42_det.json,3719961
42,det,saez+rl_aux,9,591.7594268328719,0.7984210305466086,0.004090791803867884,49,52766.27583316298,3012.6364612663356,50738.50654943236,5.259526456235049,165.6766712665558,13381.951993242212,0.9625,audits/paper_extras/negwealth_7arms\bench7_seed42_det.json,3719961
42,exp,rl_learned,0,887.4551338425632,0.6169236894545008,0.006449793921935913,0,12842.614992557146,401.11395421951687,11791.344966911453,38.90224567466887,144.04714326560497,16200.902956830267,0.025,audits/paper_extras/negwealth_7arms\bench7_seed42_exp.json,3719961
42,exp,rl_learned,1,956.0545318773796,0.6125275996179672,0.005526955200409236,0,10380.80615593408,414.33142037012857,9602.56703843992,14.123699992172469,144.70557090640068,15749.346864776471,0.10833333333333334,audits/paper_extras/negwealth_7arms\bench7_seed42_exp.json,3719961
42,exp,rl_learned,2,963.4315145302905,0.6786504229671715,0.008783914327046971,0,9576.549898084317,335.724700330486,8197.247359613622,31.854341219408127,151.93783678114414,16125.915784658639,0.03333333333333333,audits/paper_extras/negwealth_7arms\bench7_seed42_exp.json,3719961
42,exp,rl_learned,3,944.6259767050518,0.5979967794321529,0.005469141354345412,0,10297.15873510088,376.8542384278686,9131.229855403713,36.14237458798974,145.77192798256874,16148.76263901258,0.0625,audits/paper_extras/negwealth_7arms\bench7_seed42_exp.json,3719961
42,exp,rl_learned,4,852.4837968977464,0.5775345257963418,0.007459049533016392,0,10763.976962667988,527.6935014687331,9752.5617327612,58.52188394591815,142.45226633548737,16183.469909792284,0.11666666666666667,audits/paper_extras/negwealth_7arms\bench7_seed42_exp.json,3719961
42,exp,rl_learned,5,907.9410597102459,0.5799556238496737,0.004937844784525088,0,9117.126137175956,284.50116895416636,7810.47905661759,0.0,157.80293208360672,16148.424662966554,0.03333333333333333,audits/paper_extras/negwealth_7arms\bench7_seed42_exp.json,3719961
42,exp,rl_learned,6,875.0708667504073,0.5910769506123662,0.007461737407391306,0,9294.824530890422,337.051197323921,7685.516508816288,44.210094222968216,152.4312401264906,16608.553978621163,0.04583333333333333,audits/paper_extras/negwealth_7arms\bench7_seed42_exp.json,3719961
42,exp,rl_learned,7,906.8457094140948,0.5397274747517682,0.004820161487631191,0,12153.876185071987,589.9928948342812,11483.321166684074,15.586190787420245,129.92407697439194,15764.379726830208,0.0875,audits/paper_extras/negwealth_7arms\bench7_seed42_exp.json,3719961
42,exp,rl_learned,8,883.5799999864798,0.5937029615558204,0.007239654321820781,0,9953.644668962608,498.92812731226564,8585.13719837532,31.26996772153575,124.72743625938887,16652.702658344402,0.04583333333333333,audits/paper_extras/negwealth_7arms\bench7_seed42_exp.json,3719961
42,exp,rl_learned,9,836.4704193177921,0.5203992153628391,0.006099294241690234,1,10427.465660001439,377.09438107170496,9648.035825178853,35.816660194796455,147.9754933565855,15671.867209069977,0.08333333333333333,audits/paper_extras/negwealth_7arms\bench7_seed42_exp.json,3719961
42,exp,free_market,0,844.7221807786904,0.5572007434715043,0.003659934514842729,0,0.0,0.0,0.0,0.0,0.0,14696.728246528533,0.0,audits/paper_extras/negwealth_7arms\bench7_seed42_exp.json,3719961
42,exp,free_market,1,919.3304184725318,0.5880914571906585,0.004409290347917947,0,0.0,0.0,0.0,0.0,0.0,14743.636955520324,0.0,audits/paper_extras/negwealth_7arms\bench7_seed42_exp.json,3719961
42,exp,free_market,2,925.1717267826045,0.6746850857640256,0.00737981049219748,0,0.0,0.0,0.0,0.0,0.0,14701.57083032525,0.0,audits/paper_extras/negwealth_7arms\bench7_seed42_exp.json,3719961
42,exp,free_market,3,891.5950969705383,0.5303842684738337,0.004564661061464184,0,0.0,0.0,0.0,0.0,0.0,14685.86158420215,0.0,audits/paper_extras/negwealth_7arms\bench7_seed42_exp.json,3719961
42,exp,free_market,4,805.2098499324248,0.5971597760087363,0.005188866423754324,1,0.0,0.0,0.0,0.0,0.0,14634.331524264144,0.0,audits/paper_extras/negwealth_7arms\bench7_seed42_exp.json,3719961
42,exp,free_market,5,861.8709253502019,0.5886486705279376,0.004726988735852633,0,0.0,0.0,0.0,0.0,0.0,14828.63334482838,0.004166666666666667,audits/paper_extras/negwealth_7arms\bench7_seed42_exp.json,3719961
42,exp,free_market,6,829.0657745380657,0.610168519363321,0.003590354714273872,1,0.0,0.0,0.0,0.0,0.0,14682.688377025885,0.004166666666666667,audits/paper_extras/negwealth_7arms\bench7_seed42_exp.json,3719961
42,exp,free_market,7,909.1594884436905,0.539482024307002,0.004762493497573703,0,0.0,0.0,0.0,0.0,0.0,14701.534478216745,0.0,audits/paper_extras/negwealth_7arms\bench7_seed42_exp.json,3719961
42,exp,free_market,8,857.5031039046916,0.6012035534245054,0.005017883106749312,0,0.0,0.0,0.0,0.0,0.0,14781.148895136026,0.0,audits/paper_extras/negwealth_7arms\bench7_seed42_exp.json,3719961
42,exp,free_market,9,778.6809502825746,0.5729661817198904,0.0043188514874180055,0,0.0,0.0,0.0,0.0,0.0,14714.79832868184,0.0,audits/paper_extras/negwealth_7arms\bench7_seed42_exp.json,3719961
42,exp,us_federal,0,818.5878299543207,0.6377142297469838,0.005560963877033457,0,10259.394211055105,470.7870322293307,10718.534448853847,41.55572480675271,0.0,14768.346339878426,0.9416666666666667,audits/paper_extras/negwealth_7arms\bench7_seed42_exp.json,3719961
42,exp,us_federal,1,912.7574604510257,0.6693183738955925,0.004112482119674832,0,9425.75088779195,405.2896030276415,9817.99985999566,1.650000024586916,0.0,14720.025583300308,0.7083333333333334,audits/paper_extras/negwealth_7arms\bench7_seed42_exp.json,3719961
42,exp,us_federal,2,967.9665536266835,0.6992835249447331,0.006291546020164004,0,10185.951625844107,412.4301458409402,10581.020513250187,23.719061349439727,0.0,14749.0578253249,0.8625,audits/paper_extras/negwealth_7arms\bench7_seed42_exp.json,3719961
42,exp,us_federal,3,898.5429905892884,0.6537390588828788,0.003629168592243658,0,9901.809072285725,384.72345214517105,10273.504203467342,11.593571830206367,0.0,14672.419024484745,0.875,audits/paper_extras/negwealth_7arms\bench7_seed42_exp.json,3719961
42,exp,us_federal,4,825.6462422697527,0.6244620049641656,0.004728633200867908,0,10680.40080164853,438.1633428774178,11106.210023130696,7.01096230261329,0.0,14769.620550873831,0.9333333333333333,audits/paper_extras/negwealth_7arms\bench7_seed42_exp.json,3719961
42,exp,us_federal,5,851.5212203162642,0.6107485179648445,0.005244291636598518,0,10744.561362874989,538.8504065404713,11271.262663726997,23.70768038878573,0.0,14780.681908173414,0.9333333333333333,audits/paper_extras/negwealth_7arms\bench7_seed42_exp.json,3719961
42,exp,us_federal,6,856.3914142973113,0.6531430853977438,0.005120487718803568,0,10571.127125865545,531.6164400752477,11090.079621081592,1.0608618503999099,0.0,14691.38739331512,0.8791666666666667,audits/paper_extras/negwealth_7arms\bench7_seed42_exp.json,3719961
42,exp,us_federal,7,877.2254863097289,0.6230193262900644,0.0037154772060207777,0,10177.474653524974,456.3423123652416,10621.332412044485,0.4000000059604645,0.0,14642.007365231195,0.7875,audits/paper_extras/negwealth_7arms\bench7_seed42_exp.json,3719961
42,exp,us_federal,8,835.0732087769067,0.6507812757913624,0.0064850417253800915,0,10248.276483541922,474.1033950728877,10710.25309119267,54.210455710277515,0.0,14709.202067170852,0.9041666666666667,audits/paper_extras/negwealth_7arms\bench7_seed42_exp.json,3719961
42,exp,us_federal,9,815.7454830885821,0.6311507435579885,0.006035629363932257,0,11250.291753502011,568.0217463176158,11806.166390366387,24.491091621711345,0.0,14695.188712040383,0.8791666666666667,audits/paper_extras/negwealth_7arms\bench7_seed42_exp.json,3719961
42,exp,saez,0,681.4876019713847,0.7904023265787072,0.026164880377515794,34,56637.77896187465,4388.0710363920725,60972.842908177954,357.56054864499066,0.0,12284.292915373844,0.9625,audits/paper_extras/negwealth_7arms\bench7_seed42_exp.json,3719961
42,exp,saez,1,779.8282395716839,0.7419750656316896,0.014694737171789622,33,53101.838075530264,3578.178717295646,56638.679031616826,162.64544880461983,0.0,11324.1726328043,0.9625,audits/paper_extras/negwealth_7arms\bench7_seed42_exp.json,3719961
42,exp,saez,2,745.4056378910706,0.7035938058979017,0.01648645686536291,37,54547.85252338685,3662.066709053375,58167.77656199387,192.16167130020517,0.0,10303.062377890901,0.9666666666666667,audits/paper_extras/negwealth_7arms\bench7_seed42_exp.json,3719961
42,exp,saez,3,726.4726820452892,0.6898721595818607,0.017245004220403738,35,57136.743045370255,4450.605500199955,61538.26506048945,142.5331378787575,0.0,10839.30300737013,0.9625,audits/paper_extras/negwealth_7arms\bench7_seed42_exp.json,3719961
42,exp,saez,4,570.1193946391696,0.7699373120810129,0.013775851026122565,36,47389.867333753486,4121.87245336191,51391.47031057849,133.25748906021576,0.0,10305.860152717149,0.9666666666666667,audits/paper_extras/negwealth_7arms\bench7_seed42_exp.json,3719961
42,exp,saez,5,714.8390122183075,0.8009784093665159,0.014085826348900175,43,58748.65479142601,4903.606038729598,63566.73550496901,113.73313098799737,0.0,14254.75576152591,0.9625,audits/paper_extras/negwealth_7arms\bench7_seed42_exp.json,3719961
42,exp,saez,6,677.3137710192085,0.7754003923047464,0.019251997443002596,35,59705.21683474885,4173.841887467869,63759.97342290442,146.97824572040759,0.0,14735.349972135133,0.9625,audits/paper_extras/negwealth_7arms\bench7_seed42_exp.json,3719961
42,exp,saez,7,700.8517138860411,0.7740379785721457,0.011503037285368634,41,58594.01732113151,4130.061608993005,62645.6685354109,122.85367759371402,0.0,14815.979597613403,0.9583333333333334,audits/paper_extras/negwealth_7arms\bench7_seed42_exp.json,3719961
42,exp,saez,8,744.1083403363103,0.7656756133330875,0.016466392110094888,36,54934.579564469044,4494.984897399024,59309.17179487312,137.55842433277968,0.0,11367.05705803845,0.9625,audits/paper_extras/negwealth_7arms\bench7_seed42_exp.json,3719961
42,exp,saez,9,644.1637662700383,0.7881438136161947,0.022290745351452094,38,56556.14874185388,4335.164234610221,60850.15354608072,385.4704266775379,0.0,12338.538084501044,0.9666666666666667,audits/paper_extras/negwealth_7arms\bench7_seed42_exp.json,3719961
42,exp,free_market+rl_aux,0,854.0978245574677,0.572874322167488,0.0030720368986821454,0,0.0,0.0,0.0,1.2753888368606567,140.48104047775269,14763.576113552072,0.004166666666666667,audits/paper_extras/negwealth_7arms\bench7_seed42_exp.json,3719961
42,exp,free_market+rl_aux,1,918.4925466888902,0.5518793505004734,0.003855168454764872,0,0.0,0.0,0.0,0.0,140.48104047775263,14760.489902474286,0.0,audits/paper_extras/negwealth_7arms\bench7_seed42_exp.json,3719961
42,exp,free_market+rl_aux,2,883.421016136427,0.6470983957976614,0.004667259958032846,0,0.0,0.0,0.0,0.0,145.7490794956684,14747.95851500041,0.0,audits/paper_extras/negwealth_7arms\bench7_seed42_exp.json,3719961
42,exp,free_market+rl_aux,3,902.6366562751505,0.5394368367146496,0.004737288818836323,0,0.0,0.0,0.0,0.0,145.7490794956684,14525.281298088046,0.0,audits/paper_extras/negwealth_7arms\bench7_seed42_exp.json,3719961
42,exp,free_market+rl_aux,4,827.4081633513977,0.6174746497321255,0.00437154011915225,0,0.0,0.0,0.0,6.982542167487544,140.48104047775269,14731.177333422653,0.0125,audits/paper_extras/negwealth_7arms\bench7_seed42_exp.json,3719961
42,exp,free_market+rl_aux,5,889.7557876150082,0.5182203474444476,0.005256854506731424,0,0.0,0.0,0.0,19.22486200480302,145.7490794956684,14570.045208226164,0.0,audits/paper_extras/negwealth_7arms\bench7_seed42_exp.json,3719961
42,exp,free_market+rl_aux,6,819.5967587698906,0.6008284411700793,0.007612473176322412,0,0.0,0.0,0.0,58.981531897076486,145.1637418270111,14663.216817578972,0.004166666666666667,audits/paper_extras/negwealth_7arms\bench7_seed42_exp.json,3719961
42,exp,free_market+rl_aux,7,873.7492433191281,0.5419395246162211,0.006759259502450024,0,0.0,0.0,0.0,1.6581288274521242,156.28515753149986,14737.77895872629,0.0,audits/paper_extras/negwealth_7arms\bench7_seed42_exp.json,3719961
42,exp,free_market+rl_aux,8,854.1921533841776,0.5710175184468564,0.0035358895268683887,0,0.0,0.0,0.0,4.177867628814721,140.48104047775269,14721.585165525268,0.0,audits/paper_extras/negwealth_7arms\bench7_seed42_exp.json,3719961
42,exp,free_market+rl_aux,9,809.4380792135352,0.64832608702441,0.004608186787915179,0,0.0,0.0,0.0,34.545304589226085,141.6517158150673,14720.570856017712,0.004166666666666667,audits/paper_extras/negwealth_7arms\bench7_seed42_exp.json,3719961
42,exp,us_federal+rl_aux,0,858.5380650427419,0.6550417416299213,0.005775193040663079,0,10882.883131924955,522.9947534781014,9645.985240633547,35.641176580968164,145.7490794956684,16232.397743268331,0.8958333333333334,audits/paper_extras/negwealth_7arms\bench7_seed42_exp.json,3719961
42,exp,us_federal+rl_aux,1,910.266712176494,0.6956601054219586,0.004953993256133533,0,9707.697086147013,375.23190643309664,8526.069631459723,32.9208647702211,140.48104047775269,16192.711625862343,0.8333333333333334,audits/paper_extras/negwealth_7arms\bench7_seed42_exp.json,3719961
42,exp,us_federal+rl_aux,2,993.0652918305815,0.6803562662291759,0.006187982722372489,0,10377.698935073277,357.76798536600893,9051.221186398647,4.6742617072530415,145.7490794956684,16044.85722153251,0.8666666666666667,audits/paper_extras/negwealth_7arms\bench7_seed42_exp.json,3719961
42,exp,us_federal+rl_aux,3,923.3767164947695,0.7045906267740458,0.007031645873475617,0,10131.833827718749,446.37849828714525,8929.356589754472,57.16855325293468,142.8223911523819,16167.828308761094,0.8791666666666667,audits/paper_extras/negwealth_7arms\bench7_seed42_exp.json,3719961
42,exp,us_federal+rl_aux,4,803.0334810629262,0.6798655337924624,0.0051469331351401875,0,10560.949713043598,463.09154382252297,9300.837829730424,67.08885958935119,143.9930664896965,16185.794996395678,0.9458333333333333,audits/paper_extras/negwealth_7arms\bench7_seed42_exp.json,3719961
42,exp,us_federal+rl_aux,5,872.6813248631796,0.6745613584013207,0.004497696915930213,0,9995.243111986387,407.296152337802,8788.340488761372,0.0,140.48104047775269,16207.320734692847,0.9291666666666667,audits/paper_extras/negwealth_7arms\bench7_seed42_exp.json,3719961
42,exp,us_federal+rl_aux,6,856.5580011890908,0.6487977914583719,0.005771124763048777,0,10998.85357103176,416.5627656207851,9658.448520785021,9.270161400858711,145.74907949566847,16268.705075139625,0.7875,audits/paper_extras/negwealth_7arms\bench7_seed42_exp.json,3719961
42,exp,us_federal+rl_aux,7,886.3442497825223,0.6073507016939291,0.00639321496749018,0,10360.000403146125,506.1173277633932,9184.691559870338,1.1173756604808642,146.91975483298302,16159.709862535225,0.7791666666666667,audits/paper_extras/negwealth_7arms\bench7_seed42_exp.json,3719961
42,exp,us_federal+rl_aux,8,860.4163827416795,0.6845068116577288,0.005017359366298918,0,10393.096539014341,497.24725834749427,9218.98071182336,18.13273913337386,140.48104047775269,16152.325035989346,0.6375,audits/paper_extras/negwealth_7arms\bench7_seed42_exp.json,3719961
42,exp,us_federal+rl_aux,9,825.7805371632553,0.6145389092202358,0.005635443285006713,0,11209.333871404542,653.5651079518499,10043.381669317943,33.434180397786,140.48104047775269,16121.022151247227,0.8541666666666666,audits/paper_extras/negwealth_7arms\bench7_seed42_exp.json,3719961
42,exp,saez+rl_aux,0,679.365183456343,0.7880974439532262,0.014147972634990014,42,51692.74608732986,3146.494198182157,46344.25452872123,144.870505113528,154.52914452552795,19807.876976848387,0.9625,audits/paper_extras/negwealth_7arms\bench7_seed42_exp.json,3719961
42,exp,saez+rl_aux,1,845.3920151798709,0.8099686527927105,0.014947357765729112,42,62052.815118942635,3478.406529443601,55436.55914466128,270.0038148777213,169.16258624196047,23684.397182348144,0.9583333333333334,audits/paper_extras/negwealth_7arms\bench7_seed42_exp.json,3719961
42,exp,saez+rl_aux,2,1002.6461414112125,0.7839062849409614,0.020630262670404017,51,59444.23852266017,2936.508318219654,52403.47515353309,392.29054452812113,191.99075531959534,21130.946522175815,0.9583333333333334,audits/paper_extras/negwealth_7arms\bench7_seed42_exp.json,3719961
42,exp,saez+rl_aux,3,810.8079078054575,0.8072457294307012,0.013923665603244758,39,59757.85635501545,3873.03010724534,53811.39691189241,220.7844708789852,154.52914452552795,22172.389912794522,0.9625,audits/paper_extras/negwealth_7arms\bench7_seed42_exp.json,3719961
42,exp,saez+rl_aux,4,663.5348971797906,0.810220603161743,0.00785785370083445,42,51419.228376541374,3131.5487522286235,46133.12020857735,58.93594539880214,144.5784041583538,18296.252376659344,0.9625,audits/paper_extras/negwealth_7arms\bench7_seed42_exp.json,3719961
42,exp,saez+rl_aux,5,705.4890056909212,0.817120184932251,0.01034294146156558,44,49084.928233591934,3084.6379805971405,44053.022427664204,75.36132698374331,149.84644317626953,18743.464063454107,0.9625,audits/paper_extras/negwealth_7arms\bench7_seed42_exp.json,3719961
42,exp,saez+rl_aux,6,810.0240758873316,0.8074995921750764,0.021022858592815528,38,60065.80326570059,3876.2688854671255,54062.82412693559,254.73485062952207,195.50278133153915,22157.043556872028,0.9583333333333334,audits/paper_extras/negwealth_7arms\bench7_seed42_exp.json,3719961
42,exp,saez+rl_aux,7,872.2065246334108,0.8139875345366356,0.018066639767315765,33,58856.98013638571,3336.228541719508,52423.048134702316,226.75426586511517,182.0400149524212,20620.68243303133,0.9666666666666667,audits/paper_extras/negwealth_7arms\bench7_seed42_exp.json,3719961
42,exp,saez+rl_aux,8,711.5520518172909,0.8238582281000691,0.016192984208642573,38,55393.5546142524,3421.620265664882,49761.54122419498,273.1094802377592,176.77197593450546,19253.560323418216,0.9625,audits/paper_extras/negwealth_7arms\bench7_seed42_exp.json,3719961
42,exp,saez+rl_aux,9,652.219164088429,0.7797640397337112,0.007737719996491791,39,54738.51985579983,3421.697066035525,49183.543751903606,89.93613410696541,144.5784041583538,18872.123374419625,0.9666666666666667,audits/paper_extras/negwealth_7arms\bench7_seed42_exp.json,3719961
