seed,mode,arm,episode,eqprod_gini_translated,eqprod_GP_wealth,eqprod_GP_netwealth,eqprod_GP_consumption,real_gdp_mean,gini_translated_mean,gp_wealth_mean,gp_net_wealth_mean,gp_consumption_mean,negwealth_step_share,k_share_mean,bias_condition_share_among_neg_steps,k_over_threshold_step_share,tminus_over_tplus_mean_neg_steps,absmin_over_mean_mean_neg_steps,min_wealth_episode,deaths,source_json,sha256_match
42,det,rl_learned,0,385.5937481004185,378.9826665139047,378.30303762181194,751.97264657137,897.0384087127399,0.570148006645836,0.5775179046594571,0.5782755409941911,0.16171633313844477,0.008333333333333333,0.00015151515151515152,1.0,0.0,2.171507136047657e-19,1.1943289248262114e-17,-8.881784197001252e-16,0,audits/paper_extras/v4_runs/v2/bench2_seed42_det.json,True
42,det,rl_learned,1,400.3371477808473,393.2537298483466,392.4989769625081,786.8305109521605,950.6445712460784,0.578878205493672,0.586329379304317,0.5871233173424307,0.1723189352243341,0.0,0.0,nan,0.0,0.0,0.0,0.0,0,audits/paper_extras/v4_runs/v2/bench2_seed42_det.json,True
42,det,rl_learned,2,339.7103539405195,331.86726790910797,331.6625116926314,752.2406914445639,956.1229468557381,0.6447001350007597,0.6529031449349988,0.6531172975365548,0.21323853389530278,0.008333333333333333,0.00015723270440251572,1.0,0.0,2.222414762600861e-19,1.1778798241784563e-17,-8.881784197001252e-16,0,audits/paper_extras/v4_runs/v2/bench2_seed42_det.json,True
42,det,rl_learned,3,396.4620920560774,389.66614455796963,389.03905522743855,773.8738964834301,929.46918269651,0.5734532145478027,0.5807648582522146,0.5814395329398807,0.16740230780075768,0.008333333333333333,0.00015016233766233764,1.0,0.0,1.5864710508370882e-19,8.80897962211601e-18,-8.881784197001252e-16,0,audits/paper_extras/v4_runs/v2/bench2_seed42_det.json,True
42,det,rl_learned,4,320.11335770031343,313.32516359868265,311.8711622865503,696.6965333482611,841.2238814716761,0.6194671064969146,0.6275365327830006,0.6292649683923043,0.17180604510486805,0.0,0.0,nan,0.0,0.0,0.0,0.0,0,audits/paper_extras/v4_runs/v2/bench2_seed42_det.json,True
42,det,rl_learned,5,379.40192933747693,372.4888913926371,372.1850157436763,746.2384270397971,900.1672307495038,0.5785206166396698,0.5862003429268441,0.5865379198109835,0.17100023023670988,0.008333333333333333,0.0001488095238095238,1.0,0.0,2.1111071756497737e-19,1.1822200183638732e-17,-8.881784197001252e-16,0,audits/paper_extras/v4_runs/v2/bench2_seed42_det.json,True
42,det,rl_learned,6,353.7936257943632,347.13466757486356,346.2080095910547,721.0262930680254,862.8379071546727,0.5899651338209669,0.5976826415524694,0.5987566068663772,0.16435487234710244,0.0125,0.000228675645342312,1.0,0.0,2.4109422982833643e-19,1.3179983866798617e-17,-8.881784197001252e-16,1,audits/paper_extras/v4_runs/v2/bench2_seed42_det.json,True
42,det,rl_learned,7,403.14749301666023,396.3317269554761,395.6961254442484,752.0809764485622,899.8922167848415,0.5520046895648946,0.5595786700195047,0.5602849785077574,0.1642543824463591,0.0125,0.00024509803921568627,1.0,0.0,2.5705065072749105e-19,1.3109583187102041e-17,-8.881784197001252e-16,0,audits/paper_extras/v4_runs/v2/bench2_seed42_det.json,True
42,det,rl_learned,8,395.6471553994408,389.45448136936494,387.99725854364493,741.3809783497533,873.3115619487403,0.5469576121074375,0.5540486370061086,0.5557172543578225,0.1510693197563905,0.0125,0.00023299028016009147,1.0,0.0,2.1751865405146487e-19,1.1670951727251796e-17,-8.881784197001252e-16,0,audits/paper_extras/v4_runs/v2/bench2_seed42_det.json,True
42,det,rl_learned,9,330.41592136714064,323.8717373694996,322.9576487079358,671.8648047752871,800.6397675454454,0.5873101302723065,0.5954838236896393,0.5966255214900947,0.16084007813520065,0.0,0.0,nan,0.0,0.0,0.0,0.0,0,audits/paper_extras/v4_runs/v2/bench2_seed42_det.json,True
42,det,free_market,0,331.0929312021562,324.0797858418396,324.0678314803675,681.8919856772214,845.6149957419151,0.608459011643158,0.6167525558632004,0.6167666927476364,0.19361412804777473,0.0,0.0,nan,0.0,0.0,0.0,0.0,0,audits/paper_extras/v4_runs/v2/bench2_seed42_det.json,True
42,det,free_market,1,367.18796774693897,360.3749268213975,360.3288151315271,726.6395780917101,886.2901139428228,0.5857022864517393,0.5933894317988,0.5934414595594,0.1801334950481149,0.0,0.0,nan,0.0,0.0,0.0,0.0,0,audits/paper_extras/v4_runs/v2/bench2_seed42_det.json,True
42,det,free_market,2,334.76713593298604,327.31928910759956,327.47637112615456,725.6256085821863,913.2785948222775,0.6334446708475291,0.6415997364185511,0.6414277384986988,0.2054717884596958,0.0,0.0,nan,0.0,0.0,0.0,0.0,0,audits/paper_extras/v4_runs/v2/bench2_seed42_det.json,True
42,det,free_market,3,432.5233769443976,426.2241221869678,426.12232566898086,794.1555773647098,954.4993367064004,0.5468583787214932,0.553457916840782,0.5535645659646444,0.16798729257892783,0.004166666666666667,7.575757575757576e-05,1.0,0.0,1.6681067938572907e-19,9.174587366215097e-18,-8.881784197001252e-16,0,audits/paper_extras/v4_runs/v2/bench2_seed42_det.json,True
42,det,free_market,4,382.82358547062313,377.33880338057395,376.937571411741,697.9298301077147,814.9232721007679,0.530233583238146,0.5369640108474963,0.5374563663643521,0.14356375133509094,0.008333333333333333,0.00014493849566444848,1.0,0.0,1.6228748424505692e-19,9.342499979777632e-18,-8.881784197001252e-16,0,audits/paper_extras/v4_runs/v2/bench2_seed42_det.json,True
42,det,free_market,5,392.72762000364906,386.7814164714868,386.71468724931987,727.8902198445772,863.1329571012714,0.5449975385917626,0.5518866319617248,0.5519639424405078,0.15668818592084663,0.0,0.0,nan,0.0,0.0,0.0,0.0,0,audits/paper_extras/v4_runs/v2/bench2_seed42_det.json,True
42,det,free_market,6,343.4813606620199,337.01933948089334,336.90541513876445,688.3619794874205,832.0081209247913,0.5871658556887228,0.5949326322604994,0.5950695592198207,0.17264992711574223,0.0,0.0,nan,0.0,0.0,0.0,0.0,0,audits/paper_extras/v4_runs/v2/bench2_seed42_det.json,True
42,det,free_market,7,380.638437602026,373.8171850423946,373.800241203312,721.7366193631436,881.9465635167716,0.5684109975050801,0.5761453125325479,0.5761645243984177,0.1816549332816594,0.0,0.0,nan,0.0,0.0,0.0,0.0,0,audits/paper_extras/v4_runs/v2/bench2_seed42_det.json,True
42,det,free_market,8,399.4157752949412,393.353633064419,392.8383177275177,732.3902747497631,873.1707024940996,0.5425685101961604,0.5495111872846226,0.5501013529136678,0.16122898688906467,0.004166666666666667,7.861635220125786e-05,1.0,0.0,1.704079860137079e-19,9.031623258726518e-18,-8.881784197001252e-16,0,audits/paper_extras/v4_runs/v2/bench2_seed42_det.json,True
42,det,free_market,9,348.03018014994433,341.92266782982244,340.9944091142293,678.3028644901073,810.1955064708511,0.5704367928847979,0.5779751120575686,0.5791208339335594,0.1627911299523963,0.0125,0.0002388727624576681,1.0,0.0,2.139579984074935e-19,1.1202019202713725e-17,-8.881784197001252e-16,0,audits/paper_extras/v4_runs/v2/bench2_seed42_det.json,True
42,det,us_federal,0,283.14924685595764,258.63908406973,257.5709556463257,671.847381008183,840.9629307074894,0.6633035339408498,0.6924488884995907,0.6937190139526898,0.20109750801623566,0.7125,0.07795497799645588,1.0,0.0,0.014680893371191453,0.09141734772076439,-0.8439501509457752,0,audits/paper_extras/v4_runs/v2/bench2_seed42_det.json,True
42,det,us_federal,1,324.5728683634002,291.87191491788093,290.52336948328747,729.3971210339021,906.7747943703881,0.6420579063528505,0.6781208336072686,0.6796080225355072,0.19561381110030396,0.85,0.06344467639677764,1.0,0.0,0.011388311286778197,0.09736393160301653,-0.827568916055287,0,audits/paper_extras/v4_runs/v2/bench2_seed42_det.json,True
42,det,us_federal,2,305.0270553405838,286.03793612993917,284.34377841819645,751.3032179672423,1010.3814744910238,0.6981070387358002,0.7169010484143825,0.7185777989828707,0.25641627748003926,0.8458333333333333,0.1755485352822058,1.0,0.0,0.014107650717892732,0.047360322467128436,-0.5402556225695551,0,audits/paper_extras/v4_runs/v2/bench2_seed42_det.json,True
42,det,us_federal,3,331.8461080495722,301.22344981663497,300.0693904510703,733.5413025187609,910.5342246335156,0.635547902460077,0.6691794315168378,0.670446884550829,0.19438360176520905,0.9083333333333333,0.08615367180045709,1.0,0.0,0.012356364073740016,0.0827446070921283,-0.8361513286008464,0,audits/paper_extras/v4_runs/v2/bench2_seed42_det.json,True
42,det,us_federal,4,290.97029591709446,256.3302176736583,252.76491439894323,687.0015583381531,819.3590854765376,0.6448806133053779,0.6871576550291413,0.6915089868663192,0.16153787696319455,0.9291666666666667,0.13944630063547914,1.0,0.0,0.033461330270033784,0.15429931904418123,-1.2542957639897503,0,audits/paper_extras/v4_runs/v2/bench2_seed42_det.json,True
42,det,us_federal,5,309.3762684797574,274.0632811302217,269.9349615481698,708.0878936799218,851.8580830100468,0.6368218196784914,0.678275892902469,0.6831221456579333,0.1687724659747455,0.8166666666666667,0.12006364365919489,1.0,0.0,0.02505254856870988,0.13633110400379056,-1.2403791464395983,0,audits/paper_extras/v4_runs/v2/bench2_seed42_det.json,True
42,det,us_federal,6,295.3751833054609,260.97829828655534,255.48173362554303,676.0343417843823,819.0314866671553,0.6393604054132074,0.6813574294334622,0.688068483587655,0.17459297622935638,0.75,0.11520388956054761,1.0,0.0,0.03630698546379591,0.1810256344362783,-0.838863065795551,1,audits/paper_extras/v4_runs/v2/bench2_seed42_det.json,True
42,det,us_federal,7,317.7974396814901,286.9907700159914,286.1917502646957,702.8588818904861,866.2458270502742,0.6331325014705714,0.6686959278138775,0.6696183215805713,0.18861498671358745,0.7583333333333333,0.04961985535475398,1.0,0.0,0.012652825504019454,0.11025656069572708,-0.9622592373427619,0,audits/paper_extras/v4_runs/v2/bench2_seed42_det.json,True
42,det,us_federal,8,297.30937418872054,262.5980376617557,260.4504147393541,686.8180823188937,833.5242817348587,0.6433104821254702,0.6849545437174351,0.687531100836961,0.17600710936772893,0.8291666666666667,0.0773810621713816,1.0,0.0,0.018025177893439985,0.12365172164783103,-1.0672223712164932,0,audits/paper_extras/v4_runs/v2/bench2_seed42_det.json,True
42,det,us_federal,9,246.01330256826822,215.21499907075145,210.82541110839708,646.9100414365163,799.1430910608116,0.6921536264028746,0.7306927864632262,0.7361856550263861,0.1904953584998345,0.8583333333333333,0.12271635721882718,1.0,0.0,0.033186930565984096,0.15228175595224672,-1.366415555042846,0,audits/paper_extras/v4_runs/v2/bench2_seed42_det.json,True
42,det,saez,0,134.27543213057288,127.57884212767462,169.17158933810495,436.3248042554721,637.9492819203119,0.7895202080541794,0.8000172650972419,0.7348196884415701,0.3160509516648775,0.9625,0.7860585510921095,0.5411255411255411,0.9375,0.2751915659649844,inf,-17.93401509023596,36,audits/paper_extras/v4_runs/v2/bench2_seed42_det.json,True
42,det,saez,1,136.83034520369063,127.12569557770564,174.31025009694784,492.43384919763145,743.6857637876532,0.8160105358117892,0.8290599312668782,0.765613033643173,0.33784687945399805,0.9666666666666667,0.7913802594944757,0.4396551724137931,0.9333333333333333,0.19217524136399636,inf,-17.631999051673333,36,audits/paper_extras/v4_runs/v2/bench2_seed42_det.json,True
42,det,saez,2,201.39970320601802,171.1348612522478,192.41246826649297,551.803530576681,828.0285749161509,0.7567720374548518,0.7933225175597624,0.7676258113604626,0.3335936134419532,0.9625,0.6960932108564334,0.9177489177489178,0.9375,inf,inf,-16.21844565565503,56,audits/paper_extras/v4_runs/v2/bench2_seed42_det.json,True
42,det,saez,3,159.2829933378575,139.74036443372026,163.35864994503228,494.72664904896953,732.2842331702219,0.7824847427776973,0.8091719606896997,0.7769190670160735,0.32440625287371344,0.9583333333333334,0.7226390406774695,0.7,0.9291666666666667,0.2504196629884139,inf,-18.02541354416086,37,audits/paper_extras/v4_runs/v2/bench2_seed42_det.json,True
42,det,saez,4,135.01079120129017,131.43879677468394,154.7366563558247,378.14642926004535,570.0154820323945,0.763145396121684,0.7694118828035373,0.728539555093995,0.336603230649523,0.9666666666666667,0.8027977404110503,0.5431034482758621,0.9375,0.6049585566635819,inf,-19.400313923719402,49,audits/paper_extras/v4_runs/v2/bench2_seed42_det.json,True
42,det,saez,5,146.64845692969547,135.91212185519294,165.9873131445666,451.88797460955755,679.8761476264723,0.7843012180355753,0.8000928223034767,0.7558565428070276,0.3353378020582841,0.9625,0.7582824706234745,0.7359307359307359,0.9375,0.1749645583114134,inf,-17.471054836960217,40,audits/paper_extras/v4_runs/v2/bench2_seed42_det.json,True
42,det,saez,6,138.6979038055757,131.8842985139012,163.3577948264136,407.28190954454385,606.4654954984306,0.7713012449429044,0.782536187973051,0.7306395894919692,0.32843350105216695,0.9583333333333334,0.7999927134591298,0.5260869565217391,0.9333333333333333,0.5033839715058496,inf,-16.897197069065314,43,audits/paper_extras/v4_runs/v2/bench2_seed42_det.json,True
42,det,saez,7,137.87326001576804,125.39089558517982,139.86388360275618,427.99773642700353,660.4329151166613,0.7912380548273952,0.8101383309112776,0.7882239355407504,0.35194366205778754,0.9583333333333334,0.7675418660654321,0.6,0.9291666666666667,1.057274508714887,inf,-17.171759854617903,37,audits/paper_extras/v4_runs/v2/bench2_seed42_det.json,True
42,det,saez,8,125.22003517089699,120.00934325983073,166.61201947267423,440.6619899512793,653.7856838099646,0.80846929158624,0.8164393221942838,0.7451580485798719,0.3259840328969849,0.9625,0.8013104377794088,0.47186147186147187,0.9333333333333333,0.3003575986611703,inf,-16.04443021358184,40,audits/paper_extras/v4_runs/v2/bench2_seed42_det.json,True
42,det,saez,9,114.9366627311319,113.23265266327346,169.19985848819275,391.6826025707635,565.2847725715988,0.796674758797657,0.7996891864817897,0.7006820868029627,0.30710568977664593,0.9625,0.816506399953843,0.4588744588744589,0.9375,0.4500292283165984,inf,-17.057872698519606,42,audits/paper_extras/v4_runs/v2/bench2_seed42_det.json,True
42,det,free_market+rl_aux,0,332.7287806588044,325.7259105082394,325.7320694622233,682.6053401987729,845.7548193475403,0.6065895540323508,0.6148695779711649,0.6148622957732477,0.1929039899230247,0.004166666666666667,7.861635220125786e-05,1.0,0.0,2.165622350123835e-19,1.1477798455656325e-17,-8.881784197001252e-16,0,audits/paper_extras/v4_runs/v2/bench2_seed42_det.json,True
42,det,free_market+rl_aux,1,370.943367159171,364.11787770673874,364.0373173784485,731.0660047151831,891.3469642405178,0.583839534950077,0.5914970350328287,0.5915874154699897,0.17981882023001425,0.0,0.0,nan,0.0,0.0,0.0,0.0,0,audits/paper_extras/v4_runs/v2/bench2_seed42_det.json,True
42,det,free_market+rl_aux,2,333.8066606056619,326.22715290937316,326.46079585930795,735.1200249535593,928.8206244988837,0.6406123509738418,0.6487727077708046,0.6485211597928936,0.20854467960358816,0.0,0.0,nan,0.0,0.0,0.0,0.0,0,audits/paper_extras/v4_runs/v2/bench2_seed42_det.json,True
42,det,free_market+rl_aux,3,438.1995392459215,431.9078341168121,431.85743401374594,800.04311934205,960.157002988235,0.5436167857109397,0.5501695735461877,0.5502220650688338,0.16675802306067958,0.004166666666666667,7.309941520467836e-05,1.0,0.0,2.023772674305596e-19,1.1535504243541898e-17,-8.881784197001252e-16,0,audits/paper_extras/v4_runs/v2/bench2_seed42_det.json,True
42,det,free_market+rl_aux,4,275.0032729545944,267.83978076472187,267.4502026217977,652.9644741916853,805.3072754962535,0.6585113765610406,0.6674067291895863,0.6678904925365449,0.18917350673466873,0.0,0.0,nan,0.0,0.0,0.0,0.0,0,audits/paper_extras/v4_runs/v2/bench2_seed42_det.json,True
42,det,free_market+rl_aux,5,387.2552155625657,381.20088605924934,381.0975032070521,733.7517796346584,873.4514180366926,0.5566379450925597,0.5635694462365215,0.5636878075443886,0.15993979231958338,0.0,0.0,nan,0.0,0.0,0.0,0.0,0,audits/paper_extras/v4_runs/v2/bench2_seed42_det.json,True
42,det,free_market+rl_aux,6,351.8628559741986,345.49387716547545,345.3829147745485,691.8196569513656,832.2987478670154,0.5772397148548646,0.5848919897441941,0.5850253101309077,0.1687844554322165,0.0,0.0,nan,0.0,0.0,0.0,0.0,0,audits/paper_extras/v4_runs/v2/bench2_seed42_det.json,True
42,det,free_market+rl_aux,7,379.3524357134342,372.5280332881487,372.4975036691704,717.6953587081423,877.9307443551493,0.5679016389930927,0.5756749200510399,0.5757096945696163,0.18251483579687344,0.0,0.0,nan,0.0,0.0,0.0,0.0,0,audits/paper_extras/v4_runs/v2/bench2_seed42_det.json,True
42,det,free_market+rl_aux,8,400.4929287023933,394.4195878837753,393.8983609302546,734.1974099252179,875.1004276016046,0.542346322695753,0.5492864870781008,0.5498821066631,0.16101353996884765,0.0,0.0,nan,0.0,0.0,0.0,0.0,0,audits/paper_extras/v4_runs/v2/bench2_seed42_det.json,True
42,det,free_market+rl_aux,9,348.120584046006,341.9923851270242,341.05579723434056,679.8342264732147,812.0601259181825,0.5713118118533501,0.5788582960647904,0.5800116440285569,0.1628277207866379,0.0,0.0,nan,0.0,0.0,0.0,0.0,0,audits/paper_extras/v4_runs/v2/bench2_seed42_det.json,True
42,det,us_federal+rl_aux,0,226.24937036488302,205.6337490569242,205.302394678982,672.4712035865608,865.5696388820826,0.7386121691408989,0.762429572596252,0.7628123891404761,0.22308827230229097,0.7041666666666667,0.07390463564760968,1.0,0.0,0.006931976094980756,0.04577786378656645,-0.8419498615876899,0,audits/paper_extras/v4_runs/v2/bench2_seed42_det.json,True
42,det,us_federal+rl_aux,1,302.8668815854696,270.82737403734427,269.6671163014002,727.2401489568765,914.4691681446959,0.6688058032618688,0.7038419845397221,0.70511076185487,0.2047406579793998,0.85,0.0644696560285931,1.0,0.0,0.01007156032750956,0.08775818479556394,-0.8251286763249771,0,audits/paper_extras/v4_runs/v2/bench2_seed42_det.json,True
42,det,us_federal+rl_aux,2,291.3044846393818,273.5497774316056,271.38255766991574,750.2478178479588,1000.4267803553162,0.7088197853560849,0.7265669184360994,0.7287332136655416,0.250072236589371,0.8708333333333333,0.18101599072959193,1.0,0.0,0.014660629766069598,0.04531731852959034,-0.8329206036106719,0,audits/paper_extras/v4_runs/v2/bench2_seed42_det.json,True
42,det,us_federal+rl_aux,3,324.96049153946495,297.359745644175,296.4456313274413,730.4202669965696,916.917774512028,0.6455947298955953,0.675696388585742,0.6766933311057189,0.20339610889832518,0.8916666666666667,0.0937324434629112,1.0,0.0,0.01200068307826813,0.07423515198647207,-0.8345118148852062,0,audits/paper_extras/v4_runs/v2/bench2_seed42_det.json,True
42,det,us_federal+rl_aux,4,280.1630942088561,247.7571985321287,240.79497527956764,670.0610581823025,809.9591824354484,0.6541022062785438,0.6941115010423697,0.7027072715497508,0.1727224374844288,0.9291666666666667,0.14008381821995644,1.0,0.0,0.03339345259664416,0.1480302652898049,-1.1861786810780968,0,audits/paper_extras/v4_runs/v2/bench2_seed42_det.json,True
42,det,us_federal+rl_aux,5,339.1137256254503,303.97662860035643,300.36989222291754,734.4155065094134,885.2610816455087,0.6169336564585994,0.6566248817407293,0.6606990881553327,0.1703967092461651,0.8833333333333333,0.09398564807993301,1.0,0.0,0.01752924514873847,0.11743378696839893,-1.225426739910035,0,audits/paper_extras/v4_runs/v2/bench2_seed42_det.json,True
42,det,us_federal+rl_aux,6,336.18969112889357,302.96016035128685,300.9237889152128,719.1912645149795,861.8663606885228,0.6099282830109296,0.6484836000453019,0.6508463462075343,0.16554201751135048,0.8208333333333333,0.12488644676131218,1.0,0.0,0.03054763115269652,0.1466557541054407,-1.2341691471087453,0,audits/paper_extras/v4_runs/v2/bench2_seed42_det.json,True
42,det,us_federal+rl_aux,7,243.86526590506858,218.66070061040534,217.8490326194648,677.7606509219451,860.5775801407495,0.7166260526271393,0.7459140167529779,0.7468571833072446,0.21243515220197148,0.7125,0.0439062173605953,1.0,0.0,0.00847388595421353,0.07166945452231056,-0.9432322406130054,0,audits/paper_extras/v4_runs/v2/bench2_seed42_det.json,True
42,det,us_federal+rl_aux,8,289.0304583121789,254.23993993641358,251.30683967931319,689.5129643345622,844.4097056140531,0.6577130078082221,0.6989140008148879,0.7023875519093384,0.1834378977996828,0.825,0.08001859928884222,1.0,0.0,0.018776282631956985,0.12426032978992163,-1.0717305874013907,0,audits/paper_extras/v4_runs/v2/bench2_seed42_det.json,True
42,det,us_federal+rl_aux,9,239.26442584890756,211.90302085856834,209.29075087752614,646.6993321153558,813.7946042953575,0.7059891714862375,0.73961117493271,0.7428211617859702,0.20532855747389103,0.8583333333333333,0.1186738809890782,1.0,0.0,0.022106256101103273,0.10590060315637517,-1.3674824590954109,0,audits/paper_extras/v4_runs/v2/bench2_seed42_det.json,True
42,det,saez+rl_aux,0,123.63359740652996,110.00941279877016,137.16613624471805,415.1526703870813,648.0488341284112,0.8092217887054606,0.8302451806016647,0.7883398148085573,0.3593805767038559,0.9625,0.7734016114392458,0.7272727272727273,0.9333333333333333,0.19096130535646,inf,-19.48956473946497,42,audits/paper_extras/v4_runs/v2/bench2_seed42_det.json,True
42,det,saez+rl_aux,1,155.1747891529067,136.7314782133593,160.3928024375726,538.7414398998336,837.1552261292694,0.8146403626118612,0.8366712959010473,0.8084073330352649,0.3564617133302781,0.9666666666666667,0.7293596973096044,0.6896551724137931,0.9333333333333333,0.07878632574801782,0.23521301479170711,-17.997669483454462,34,audits/paper_extras/v4_runs/v2/bench2_seed42_det.json,True
42,det,saez+rl_aux,2,158.98902270256255,139.7512054544933,173.11003186180682,560.0521193886934,879.8885652293819,0.8193077748872495,0.841171699488945,0.8032591413246994,0.3634965363566339,0.9541666666666667,0.7071650359085699,0.8122270742358079,0.9375,0.07374552453347594,0.19601505151969043,-16.94678093211852,44,audits/paper_extras/v4_runs/v2/bench2_seed42_det.json,True
42,det,saez+rl_aux,3,155.5239498868428,137.0594482388929,167.10862524267986,509.7287270968736,788.2482262204559,0.8026967334483464,0.8261214631638634,0.7879999983711435,0.35333983618211967,0.9583333333333334,0.740126591517898,0.6956521739130435,0.9333333333333333,0.10131795069297991,0.5199568565033479,-17.06339491572752,47,audits/paper_extras/v4_runs/v2/bench2_seed42_det.json,True
42,det,saez+rl_aux,4,258.78196575447123,334.5113981062785,256.3005781802633,368.2472158301251,417.4184453417136,0.3800418533430569,0.1986185521043865,0.38598645785658436,0.11779841082809635,0.9625,0.9048689862613618,0.17316017316017315,0.9416666666666667,inf,inf,-17.76297197209484,24,audits/paper_extras/v4_runs/v2/bench2_seed42_det.json,True
42,det,saez+rl_aux,5,127.11730318069564,113.24222659074307,135.21448426600827,426.7453617278512,678.4743760900715,0.8126424406574493,0.8330928468613095,0.8007080458288999,0.3710221391305746,0.9625,0.760812889530395,0.7272727272727273,0.9375,0.10719353705059567,0.42066937244547203,-18.352345084906823,40,audits/paper_extras/v4_runs/v2/bench2_seed42_det.json,True
42,det,saez+rl_aux,6,122.59308352878661,110.1323149646401,136.92998669549158,388.0758599957265,612.6929642234877,0.7999110636366485,0.8202487683138011,0.7765112467563042,0.36660630583939463,0.9583333333333334,0.7742101260488918,0.6304347826086957,0.9375,0.2380435087238398,inf,-16.805619376825295,42,audits/paper_extras/v4_runs/v2/bench2_seed42_det.json,True
42,det,saez+rl_aux,7,131.6821929166237,121.33268076131374,159.43941782988344,484.5363179262497,748.3336004333958,0.8240327671504256,0.8378628452724237,0.7869407203718443,0.35251294657138,0.9583333333333334,0.7643569424171677,0.5043478260869565,0.9333333333333333,0.08440526037721412,0.22717573662784193,-16.27259649360801,39,audits/paper_extras/v4_runs/v2/bench2_seed42_det.json,True
42,det,saez+rl_aux,8,138.74054951819602,124.88439504122087,161.90069705179678,433.8579271308148,663.6362860011575,0.7909388735293567,0.8118180128550068,0.7560400169988378,0.34624140318623553,0.9625,0.7630325863138337,0.7359307359307359,0.9375,0.2967772299890462,inf,-17.25634402035781,46,audits/paper_extras/v4_runs/v2/bench2_seed42_det.json,True
42,det,saez+rl_aux,9,119.28625542529987,109.04379362655003,141.03561921207137,387.5373404465519,591.7594268328719,0.7984210305466086,0.8157295200007911,0.761667304622587,0.3451099841016941,0.9625,0.7803007976171109,0.6493506493506493,0.9375,0.39529150942793473,inf,-17.60788386582176,49,audits/paper_extras/v4_runs/v2/bench2_seed42_det.json,True
42,det,rl_mean_fixed,0,402.5700740682332,396.3981307643242,396.01590283226494,745.9363625769704,881.6294505609148,0.5433795073291755,0.5503801165987301,0.5508136637446609,0.1539117005422325,0.0125,0.0002344491927825261,1.0,0.0,2.514716923325168e-19,1.343118362407541e-17,-8.881784197001252e-16,0,audits/paper_extras/v4_runs/v2/bench2_seed42_det.json,True
42,det,rl_mean_fixed,1,411.702793669716,405.04291618388044,404.8307974829726,769.7532691798316,920.2709976494705,0.5526287422712708,0.559865607828097,0.5600961037379427,0.16355804850319844,0.008333333333333333,0.00030583613916947247,1.0,0.0,4.187223169058962e-19,1.1408772293794245e-17,-8.881784197001252e-16,0,audits/paper_extras/v4_runs/v2/bench2_seed42_det.json,True
42,det,rl_mean_fixed,2,314.66543015287675,306.68020004695336,306.0905352182343,734.9264778190551,926.8175473882042,0.6604882686569626,0.6691040206228441,0.669740245983899,0.20704298285018774,0.0,0.0,nan,0.0,0.0,0.0,0.0,0,audits/paper_extras/v4_runs/v2/bench2_seed42_det.json,True
42,det,rl_mean_fixed,3,378.01102492766154,371.06119684342775,370.6968315599741,753.3740164546217,913.6361257177899,0.5862564818891322,0.5938632608776203,0.5942620687544076,0.17541130954871081,0.004166666666666667,7.44047619047619e-05,1.0,0.0,1.963060923947035e-19,1.0993141174103396e-17,-8.881784197001252e-16,0,audits/paper_extras/v4_runs/v2/bench2_seed42_det.json,True
42,det,rl_mean_fixed,4,321.4979357723602,314.67038101072256,313.013406221623,699.127955103193,848.1968199197619,0.6209630498228307,0.6290125432909665,0.6309660695836686,0.17574796475972462,0.004166666666666667,6.944444444444444e-05,1.0,0.0,1.7678915649114985e-19,1.060734938946899e-17,-8.881784197001252e-16,0,audits/paper_extras/v4_runs/v2/bench2_seed42_det.json,True
42,det,rl_mean_fixed,5,351.5956139289808,344.5619011559102,344.200780262676,734.6431565911863,888.5583522572803,0.6043077947151219,0.6122236651306125,0.6126300772613599,0.17321900725494283,0.008333333333333333,0.00014624384236453203,1.0,0.0,1.7471548014206969e-19,9.956264681351701e-18,-8.881784197001252e-16,0,audits/paper_extras/v4_runs/v2/bench2_seed42_det.json,True
42,det,rl_mean_fixed,6,394.7366789409321,388.7784571597022,387.5028953077042,723.6684196545131,856.0435463148002,0.538882477836271,0.5458426632227266,0.5473327297707301,0.15463597293636713,0.008333333333333333,0.00015577684602841832,1.0,0.0,1.836212789585244e-19,9.824776106013172e-18,-8.881784197001252e-16,0,audits/paper_extras/v4_runs/v2/bench2_seed42_det.json,True
42,det,rl_mean_fixed,7,362.435142306829,354.99220386957745,354.3823638676938,745.4969459792768,908.7542556543631,0.6011736505752573,0.6093639158652857,0.6100349883781121,0.17964956825157338,0.0,0.0,nan,0.0,0.0,0.0,0.0,0,audits/paper_extras/v4_runs/v2/bench2_seed42_det.json,True
42,det,rl_mean_fixed,8,351.9342546243288,344.97925945145346,343.8715857236661,733.1046614218534,883.4486104635939,0.601635850171693,0.6095084022256553,0.6107622088587384,0.17017848832525395,0.0,0.0,nan,0.0,0.0,0.0,0.0,0,audits/paper_extras/v4_runs/v2/bench2_seed42_det.json,True
42,det,rl_mean_fixed,9,281.28904890589024,274.0109686434211,272.86971254838426,656.7189731002094,803.1486657496898,0.6497671466050133,0.6588290806812849,0.6602500580715313,0.1823195367109242,0.0,0.0,nan,0.0,0.0,0.0,0.0,0,audits/paper_extras/v4_runs/v2/bench2_seed42_det.json,True
42,det,flat_pit0.10_cit0,0,260.41272738932486,237.18790938100787,235.6786341098639,658.1132677209986,848.296489074174,0.6930168511323938,0.7203950358914329,0.7221742195737693,0.2241942808943372,0.6625,0.11292713763640065,1.0,0.0,0.019344378551221706,0.09338416064977809,-0.810184932510642,0,audits/paper_extras/v4_runs/v2/bench2_seed42_det.json,True
42,det,flat_pit0.10_cit0,1,307.70552458114804,274.3802494150227,274.07357945521426,725.6732163031367,898.23996826855,0.6574350558300338,0.6945356930131723,0.6948771050752515,0.1921165368515648,0.7791666666666667,0.08219565218460635,1.0,0.0,0.016296720464033788,0.10990773001468292,-0.800214533495609,0,audits/paper_extras/v4_runs/v2/bench2_seed42_det.json,True
42,det,flat_pit0.10_cit0,2,268.5367090349033,242.97096634822924,241.68705033704055,717.5827883580074,921.1152371598291,0.7084656748672288,0.7362208803565046,0.7376147515676111,0.2209630680189317,0.8333333333333334,0.13883226775180427,1.0,0.0,0.0160252261433696,0.0669133913561083,-0.8144596728973661,0,audits/paper_extras/v4_runs/v2/bench2_seed42_det.json,True
42,det,flat_pit0.10_cit0,3,293.5323757750148,261.2518473324343,260.19852694957524,693.4067171195085,861.7661381862713,0.6593827921890711,0.6968413636183457,0.6980636446249723,0.19536555639225148,0.8916666666666667,0.09388250345577064,1.0,0.0,0.013528628465240661,0.0934921937131243,-0.8183664446553474,0,audits/paper_extras/v4_runs/v2/bench2_seed42_det.json,True
42,det,flat_pit0.10_cit0,4,316.9104690847691,277.93698828234466,272.912976775632,695.9635023678517,817.7014746804675,0.6124374494877756,0.6600996856573436,0.6662437512635305,0.14887825946527405,0.9208333333333333,0.1605033000174319,1.0,0.0,0.05038166142691113,0.2134103985072926,-0.9004431875188351,0,audits/paper_extras/v4_runs/v2/bench2_seed42_det.json,True
42,det,flat_pit0.10_cit0,5,303.63406354256637,266.57391899077925,263.8885044188197,696.4207397718711,837.156673599654,0.6373031797775878,0.6815722463937969,0.6847800265580672,0.16811182215467327,0.825,0.1183783437623994,1.0,0.0,0.02965442157517976,0.15146831326960952,-1.1353796651765138,0,audits/paper_extras/v4_runs/v2/bench2_seed42_det.json,True
42,det,flat_pit0.10_cit0,6,282.17450645138945,255.73225481339298,250.4407853273893,700.5474007323096,851.2811972423824,0.6685296146966971,0.6995913270000498,0.7058072160660185,0.177066986793971,0.8083333333333333,0.1501333397657373,1.0,0.0,0.04895999972346783,0.16941008824906187,-0.8438434831243984,0,audits/paper_extras/v4_runs/v2/bench2_seed42_det.json,True
42,det,flat_pit0.10_cit0,7,314.3778810693146,281.48451954920114,278.63342340079345,707.3020270325661,876.075505179616,0.641152070557138,0.6786983337794723,0.6819527292414516,0.19264718297590958,0.75,0.07779250720927561,1.0,0.0,0.025063655284445065,0.1448631794495295,-0.9447312586364798,0,audits/paper_extras/v4_runs/v2/bench2_seed42_det.json,True
42,det,flat_pit0.10_cit0,8,273.06841654686997,238.57542198965507,234.5716620783239,680.9421745327778,843.3135264901731,0.676195853654374,0.7170975983480384,0.7218452512500316,0.19253972200964967,0.8791666666666667,0.0855260713864681,1.0,0.0,0.02095127612084689,0.12459847852069376,-0.8378990524031361,0,audits/paper_extras/v4_runs/v2/bench2_seed42_det.json,True
42,det,flat_pit0.10_cit0,9,249.7199024316392,216.6216169192249,209.50221377862047,639.9670038799153,777.9275511634306,0.6789933689092638,0.7215401143779313,0.7306918703865172,0.17734369617991838,0.8458333333333333,0.13946270071966893,1.0,0.0,0.0487559754187554,0.20629653322651445,-1.0722764252479928,0,audits/paper_extras/v4_runs/v2/bench2_seed42_det.json,True
42,det,flat_pit0.20_cit0,0,237.76409154472933,220.62821835298686,200.0288514789848,673.5401841806054,872.906658892975,0.7276179656525211,0.7472487853022123,0.7708473759008065,0.2283938066931547,0.8958333333333334,0.3380759571877251,0.827906976744186,0.21666666666666667,0.29648693378085367,inf,-1.6679465038012293,0,audits/paper_extras/v4_runs/v2/bench2_seed42_det.json,True
42,det,flat_pit0.20_cit0,1,206.99935947175663,236.25900135814197,205.89029501305004,687.8340011372287,887.2570195881211,0.766697411345532,0.7337197721266638,0.7679474036636784,0.22476352854719342,0.9416666666666667,0.3713203481399313,0.7433628318584071,0.2708333333333333,0.6139945165084799,inf,-1.623960391150941,0,audits/paper_extras/v4_runs/v2/bench2_seed42_det.json,True
42,det,flat_pit0.20_cit0,2,258.49244277932615,243.77742365406206,234.28505013865563,711.418111788709,979.635478453148,0.7361340534670225,0.75115496629523,0.7608446659071663,0.2737930307382868,0.9291666666666667,0.37207201579185933,0.9461883408071748,0.37083333333333335,0.07330326494291993,0.19383289576889104,-1.4834914334259912,0,audits/paper_extras/v4_runs/v2/bench2_seed42_det.json,True
42,det,flat_pit0.20_cit0,3,234.64374921699945,245.8210115548885,223.28366824154153,705.4457140020471,888.9576959146689,0.7360462142401848,0.7234727673942261,0.7488253161340823,0.2064349999510405,0.9375,0.3678816915708536,0.7333333333333333,0.2833333333333333,0.48009657388908483,inf,-1.944693261543061,0,audits/paper_extras/v4_runs/v2/bench2_seed42_det.json,True
42,det,flat_pit0.20_cit0,4,223.52592362272074,242.07423930290972,195.15897093891232,653.6053384623773,810.1522754817389,0.7240939384021281,0.7011990873456898,0.7591082851395247,0.19323149703711498,0.95,0.4189014794160825,0.7192982456140351,0.3,1.1424962373270864,inf,-2.655613407134295,0,audits/paper_extras/v4_runs/v2/bench2_seed42_det.json,True
42,det,flat_pit0.20_cit0,5,247.4924769927358,277.5453173449467,228.7101065103435,706.0062750640536,853.1877167297203,0.709920253023124,0.674696069923766,0.7319346000584814,0.17250768943300662,0.9416666666666667,0.39552132594766565,0.6460176991150443,0.36666666666666664,0.8850051276434976,inf,-2.451764328261757,0,audits/paper_extras/v4_runs/v2/bench2_seed42_det.json,True
42,det,flat_pit0.20_cit0,6,208.5969387561111,222.2793638211564,199.91467274981528,642.6008505506466,822.2306694166286,0.7463036268105758,0.7296630105285865,0.7568630310376838,0.21846645418058794,0.9458333333333333,0.38184857732885064,0.7841409691629956,0.31666666666666665,0.4962061274027629,inf,-2.4358995607481617,0,audits/paper_extras/v4_runs/v2/bench2_seed42_det.json,True
42,det,flat_pit0.20_cit0,7,218.8810964382389,219.75188384123933,200.99375656766765,662.3188602145242,851.0504431214147,0.7428106662685653,0.7417874749759239,0.7638286212148849,0.2217630981010665,0.9041666666666667,0.3249338334733203,0.7880184331797235,0.2375,0.49681992203090936,inf,-1.79539000777137,0,audits/paper_extras/v4_runs/v2/bench2_seed42_det.json,True
42,det,flat_pit0.20_cit0,8,203.4385748659194,227.11030798142266,199.31152186281844,658.4644394662156,836.5160968565547,0.756802558097331,0.7285045573721131,0.761736178644036,0.21284905103370796,0.95,0.389285892872757,0.7631578947368421,0.31666666666666665,1.131473217934269,inf,-2.1119038923725086,0,audits/paper_extras/v4_runs/v2/bench2_seed42_det.json,True
42,det,flat_pit0.20_cit0,9,216.8097143353636,253.81994296880262,193.44354905212668,632.503779161512,782.2209445294183,0.7228280374596775,0.6755137474342369,0.7526996043700904,0.19140009790708887,0.9458333333333333,0.4524118376497155,0.7092511013215859,0.37916666666666665,1.8918191478639572,inf,-3.088690708722634,0,audits/paper_extras/v4_runs/v2/bench2_seed42_det.json,True
42,det,flat_pit0.30_cit0,0,222.11705707481488,280.67465567017126,217.67649278694427,631.7784129044305,832.9151646347879,0.7333257137031386,0.6630213164707597,0.7386570661342324,0.2414852799787247,0.9416666666666667,0.6214295547745279,0.7168141592920354,0.7791666666666667,13.821427722889872,inf,-4.167632271938,1,audits/paper_extras/v4_runs/v2/bench2_seed42_det.json,True
42,det,flat_pit0.30_cit0,1,185.0366656329743,218.96642137394153,196.64344438494064,644.2049375442235,897.7442291217234,0.7938871009908931,0.7560926439057596,0.7809582751901175,0.28241818031572435,0.95,0.5914494837244353,0.7807017543859649,0.6833333333333333,3.5519016931870784,inf,-4.176299490598698,1,audits/paper_extras/v4_runs/v2/bench2_seed42_det.json,True
42,det,flat_pit0.30_cit0,2,204.12705551922733,249.03092371908497,218.40828438335978,643.2553183080681,896.6827138360165,0.7723530827911581,0.7222753155865708,0.7564263467854675,0.2826277250776741,0.9416666666666667,0.5948703062991033,0.6946902654867256,0.7375,0.5563666727151828,inf,-2.890749170468745,1,audits/paper_extras/v4_runs/v2/bench2_seed42_det.json,True
42,det,flat_pit0.30_cit0,3,223.43338999426152,273.965098287847,216.3883547735416,668.2051931967443,889.3062648387161,0.7487554076381288,0.6919339162222892,0.7566773525285064,0.2486219656645177,0.9416666666666667,0.5693153110371528,0.6902654867256637,0.7041666666666667,1.7369274838140636,inf,-4.696993105986065,2,audits/paper_extras/v4_runs/v2/bench2_seed42_det.json,True
42,det,flat_pit0.30_cit0,4,206.0227262809163,237.19004937568187,190.04949853891517,597.2057749318785,802.3963178472143,0.7432406883001855,0.7043978840630153,0.7631475938862635,0.2557221890871219,0.95,0.6566436019019724,0.6052631578947368,0.7708333333333334,inf,inf,-4.866813924717898,3,audits/paper_extras/v4_runs/v2/bench2_seed42_det.json,True
42,det,flat_pit0.30_cit0,5,248.30179326766444,318.95869628193105,224.6831301885704,662.879567147199,863.7063036725534,0.7125159418058385,0.6307093106468121,0.7398616529331806,0.23251739123753273,0.9458333333333333,0.631457228216333,0.6784140969162996,0.7166666666666667,56.69276108935707,inf,-3.922552136012156,3,audits/paper_extras/v4_runs/v2/bench2_seed42_det.json,True
42,det,flat_pit0.30_cit0,6,228.70750495764355,288.301512520984,209.24760714337333,631.1020378607358,825.4806399658294,0.7229401952211613,0.650747093798689,0.746514216066854,0.23547324152040658,0.9458333333333333,0.6191347453301546,0.6960352422907489,0.7208333333333333,123.86923830972107,inf,-6.09910444094103,2,audits/paper_extras/v4_runs/v2/bench2_seed42_det.json,True
42,det,flat_pit0.30_cit0,7,209.809844468714,259.16153976169124,213.83408533923046,639.9833234811775,855.7045586899209,0.7548104163545281,0.6971366610942611,0.7501075772383294,0.25209779826230133,0.9333333333333333,0.6234810885670002,0.7366071428571429,0.7375,inf,inf,-4.1907079759280075,0,audits/paper_extras/v4_runs/v2/bench2_seed42_det.json,True
42,det,flat_pit0.30_cit0,8,268.3708476147049,323.8257631771328,241.99998739955146,650.5132293526946,831.3807819857849,0.6771986393843614,0.6104964533776418,0.7089179920402716,0.21755079808446046,0.95,0.6548334560325468,0.543859649122807,0.75,inf,inf,-3.9347647310385687,0,audits/paper_extras/v4_runs/v2/bench2_seed42_det.json,True
42,det,flat_pit0.30_cit0,9,222.0765751578666,259.40594303447915,199.7268931669247,606.7427420447223,800.7070869412498,0.7226494197694531,0.676028915860573,0.7505618516130615,0.24224132402459836,0.95,0.6392580579004893,0.6973684210526315,0.7375,16.333169882371394,inf,-5.846819029851231,2,audits/paper_extras/v4_runs/v2/bench2_seed42_det.json,True
42,det,flat_pit0.50_cit0,0,121.42079716053912,109.23324523552948,122.05950751346832,398.49950090133405,676.6582522462334,0.8205581669070452,0.8385695513607955,0.8196142482438072,0.41107715810976087,0.95,0.7417010870115399,0.7587719298245614,0.925,0.06947006873579607,0.18548114279994765,-12.315386580699078,35,audits/paper_extras/v4_runs/v2/bench2_seed42_det.json,True
42,det,flat_pit0.50_cit0,1,170.54778900588326,204.7537135921697,203.9060076923131,534.0212545916704,801.6017222460454,0.7872412392927283,0.7445692693642665,0.7456267844323247,0.3338072514423107,0.9541666666666667,0.7612167271873711,0.5240174672489083,0.9125,inf,inf,-10.300463490446559,44,audits/paper_extras/v4_runs/v2/bench2_seed42_det.json,True
42,det,flat_pit0.50_cit0,2,194.66083266091422,182.26124152107374,178.51197314092565,520.7337721603216,841.2569365816222,0.7686071588878632,0.7833465216207581,0.7878032674936456,0.38100507762078,0.95,0.6859359408255813,0.8201754385964912,0.9208333333333333,9.239547698082152,inf,-10.377927192080982,51,audits/paper_extras/v4_runs/v2/bench2_seed42_det.json,True
42,det,flat_pit0.50_cit0,3,137.6175340472992,138.58349599443682,151.9567504290112,458.7524052020718,739.7098279231943,0.8139574075503722,0.8126515415057778,0.7945724868146686,0.37982113000977313,0.95,0.7443366297467484,0.6403508771929824,0.9166666666666666,0.25121615490383964,inf,-12.592132355619562,43,audits/paper_extras/v4_runs/v2/bench2_seed42_det.json,True
42,det,flat_pit0.50_cit0,4,98.78869468122285,95.96642357972335,117.33105335328926,354.7349149691234,609.6335670615467,0.8379539775714984,0.8425834324670071,0.8075383973378817,0.41811781021350736,0.9541666666666667,0.8019274561506893,0.5240174672489083,0.9291666666666667,0.154414650966,inf,-12.928435560984344,43,audits/paper_extras/v4_runs/v2/bench2_seed42_det.json,True
42,det,flat_pit0.50_cit0,5,139.02813331501156,140.36234785919424,156.54354300023607,446.70278077565354,713.0885339917061,0.805033839856092,0.8031628035393052,0.780471097853809,0.3735661709842482,0.9541666666666667,0.7426540320489459,0.6550218340611353,0.925,0.4242861564105743,inf,-11.806221855023033,42,audits/paper_extras/v4_runs/v2/bench2_seed42_det.json,True
42,det,flat_pit0.50_cit0,6,120.9573381724941,108.55134363772413,132.51052553565978,404.10589090737085,675.6657041315949,0.820980497555436,0.8393416404385351,0.8038815279133191,0.40191445497925427,0.9541666666666667,0.7431266022491075,0.8558951965065502,0.9208333333333333,0.060487939287571464,0.1479950876294394,-11.869548453775376,36,audits/paper_extras/v4_runs/v2/bench2_seed42_det.json,True
42,det,flat_pit0.50_cit0,7,132.82383215602624,118.12271025325362,126.84280176948653,418.70517178724947,715.4448224714771,0.814347902194342,0.8348961281944802,0.8227077787336375,0.41476245457916894,0.9458333333333333,0.7313392585367405,0.6960352422907489,0.9125,0.06008261606478548,0.17058258660420264,-11.005213995198206,35,audits/paper_extras/v4_runs/v2/bench2_seed42_det.json,True
42,det,flat_pit0.50_cit0,8,115.42936574322874,106.13761658010493,125.6140211678046,402.3045716690601,664.588275317902,0.8263144716358203,0.8402956830236967,0.8109897122278935,0.39465592967823565,0.9583333333333334,0.7467902266929559,0.7521739130434782,0.9166666666666666,0.06386857088719887,0.14658152769807137,-10.822909645408341,39,audits/paper_extras/v4_runs/v2/bench2_seed42_det.json,True
42,det,flat_pit0.50_cit0,9,115.09725094736478,100.58506277283043,121.58129034732973,367.30085507346024,599.509200230271,0.808014204113705,0.8322209855425141,0.7971986246405719,0.3873307449954391,0.9583333333333334,0.7420529682318981,0.782608695652174,0.9333333333333333,0.07927145293939708,0.23308511677120336,-12.28396966462882,45,audits/paper_extras/v4_runs/v2/bench2_seed42_det.json,True
42,det,flat_pit0_cit0.10,0,334.0623159748552,326.90704985420746,326.89052289895926,687.6404648676532,849.3765968678725,0.6066970561624488,0.6151211946977384,0.6151406524451135,0.1904174574583654,0.0,0.0,nan,0.0,0.0,0.0,0.0,0,audits/paper_extras/v4_runs/v2/bench2_seed42_det.json,True
42,det,flat_pit0_cit0.10,1,365.9931736270213,358.99038129556084,358.69465555872813,748.0566966062713,911.7965146327449,0.5986021357249466,0.6062823496971189,0.6066066827386329,0.17957934188027133,0.0,0.0,nan,0.0,0.0,0.0,0.0,0,audits/paper_extras/v4_runs/v2/bench2_seed42_det.json,True
42,det,flat_pit0_cit0.10,2,356.6998875308311,349.2451279441669,349.4294906328353,756.0058503512375,948.8537061136875,0.6240728310038419,0.6319294263236804,0.6317351258878171,0.20324298099895263,0.0,0.0,nan,0.0,0.0,0.0,0.0,0,audits/paper_extras/v4_runs/v2/bench2_seed42_det.json,True
42,det,flat_pit0_cit0.10,3,431.6688388698593,425.47543535989365,425.22289185488603,781.5922200499115,933.4960231648985,0.537578277616715,0.5442129106052602,0.5444834457749242,0.16272570996068797,0.004166666666666667,7.44047619047619e-05,1.0,0.0,2.1398041493643471e-19,1.1982903236440345e-17,-8.881784197001252e-16,0,audits/paper_extras/v4_runs/v2/bench2_seed42_det.json,True
42,det,flat_pit0_cit0.10,4,358.13933738098564,351.87904936848713,351.40271508162937,705.6034878485782,841.7866293413273,0.5745485555392833,0.5819854615131843,0.5825513225880157,0.16177869396584302,0.008333333333333333,0.00014493849566444848,1.0,0.0,1.9822264116476876e-19,1.1405727479576332e-17,-8.881784197001252e-16,0,audits/paper_extras/v4_runs/v2/bench2_seed42_det.json,True
42,det,flat_pit0_cit0.10,5,399.7682446367906,393.7524720379694,393.54048185886575,737.3085142648459,873.2850830058298,0.5422248101836387,0.5491134800073748,0.5493562302652563,0.1557069637247842,0.0,0.0,nan,0.0,0.0,0.0,0.0,0,audits/paper_extras/v4_runs/v2/bench2_seed42_det.json,True
42,det,flat_pit0_cit0.10,6,328.57058631108663,321.9291926263828,321.368512876234,678.2474703440631,821.8536054518785,0.6002078908804821,0.6082888844304857,0.6089710980831721,0.17473444681045913,0.0,0.0,nan,0.0,0.0,0.0,0.0,2,audits/paper_extras/v4_runs/v2/bench2_seed42_det.json,True
42,det,flat_pit0_cit0.10,7,397.7547496066247,391.39350101525554,391.30930125191355,737.7045142079679,879.9327948431778,0.547971445163022,0.555200688837822,0.5552963776947841,0.16163539018972226,0.004166666666666667,8.169934640522875e-05,1.0,0.0,3.024102260143515e-19,1.542292152673193e-17,-8.881784197001252e-16,0,audits/paper_extras/v4_runs/v2/bench2_seed42_det.json,True
42,det,flat_pit0_cit0.10,8,441.89348696141496,436.62289722895645,435.78445558100634,733.3789861184614,852.1168166660023,0.4814167748849621,0.48760206501112136,0.4885860165439999,0.13934454551914044,0.008333333333333333,0.00015723270440251572,1.0,0.0,1.7467082691439206e-19,9.25755382646278e-18,-8.881784197001252e-16,0,audits/paper_extras/v4_runs/v2/bench2_seed42_det.json,True
42,det,flat_pit0_cit0.10,9,339.9168113019201,333.9044574403559,333.2428044986426,668.0499417873615,789.1416125719265,0.5692575250288955,0.5768763779265004,0.5777148243234111,0.1534473266336948,0.008333333333333333,0.00015437392795883363,1.0,0.0,2.188515012960557e-19,1.1833538338111483e-17,-8.881784197001252e-16,0,audits/paper_extras/v4_runs/v2/bench2_seed42_det.json,True
42,det,flat_pit0_cit0.20,0,331.1819288594258,323.82119561540776,323.7266136169964,701.62379298349,865.9286286622307,0.6175413101065069,0.6260417026335326,0.6261509287236291,0.18974408541333776,0.0,0.0,nan,0.0,0.0,0.0,0.0,0,audits/paper_extras/v4_runs/v2/bench2_seed42_det.json,True
42,det,flat_pit0_cit0.20,1,373.20341168272785,365.8509744896635,365.21246475732517,740.772773391398,911.1718089853334,0.5904137858497606,0.5984829964207635,0.5991837531013827,0.1870108731565007,0.0,0.0,nan,0.0,0.0,0.0,0.0,0,audits/paper_extras/v4_runs/v2/bench2_seed42_det.json,True
42,det,flat_pit0_cit0.20,2,353.9237574069235,346.530649420973,346.29994822682687,755.6839693229508,944.4271690911442,0.6252503432874374,0.6330784831672602,0.6333227594880783,0.19984939648636715,0.004166666666666667,7.716049382716049e-05,1.0,0.0,2.3667983257510877e-19,1.2780710959055875e-17,-8.881784197001252e-16,0,audits/paper_extras/v4_runs/v2/bench2_seed42_det.json,True
42,det,flat_pit0_cit0.20,3,365.197472615364,358.07980521966726,357.5644375788951,742.2177385825458,904.7026579641798,0.5963342547957636,0.6042016655224143,0.6047713196913673,0.17960035593049758,0.004166666666666667,7.575757575757576e-05,1.0,0.0,2.2545061776904976e-19,1.2399783977297737e-17,-8.881784197001252e-16,0,audits/paper_extras/v4_runs/v2/bench2_seed42_det.json,True
42,det,flat_pit0_cit0.20,4,345.3636249339741,339.04927893441254,338.10534079987974,692.132025361439,824.3696765326567,0.5810573402134439,0.5887169450961951,0.5898619873768659,0.16041062030255215,0.008333333333333333,0.0001488095238095238,1.0,0.0,1.4752095298789342e-19,8.26117336732203e-18,-8.881784197001252e-16,0,audits/paper_extras/v4_runs/v2/bench2_seed42_det.json,True
42,det,flat_pit0_cit0.20,5,387.36752174160546,380.8963507083598,380.5016641635238,750.9355426760482,897.5382112439868,0.5684111084198693,0.5756210198778746,0.5760607633226568,0.16333863754362893,0.0,0.0,nan,0.0,0.0,0.0,0.0,0,audits/paper_extras/v4_runs/v2/bench2_seed42_det.json,True
42,det,flat_pit0_cit0.20,6,366.91892388156685,360.61783212413627,360.10035229739015,715.3767631851716,846.8695384102895,0.5667350078852372,0.5741754594207343,0.574786509651349,0.15526922301627588,0.004166666666666667,7.716049382716049e-05,1.0,0.0,1.7295716371590008e-19,9.339686840658603e-18,-8.881784197001252e-16,0,audits/paper_extras/v4_runs/v2/bench2_seed42_det.json,True
42,det,flat_pit0_cit0.20,7,388.7455199470151,381.75600416649365,381.23532671320504,746.4811016617771,902.8726453016517,0.569434823427246,0.5771762427923064,0.5777529326012159,0.1732155076950237,0.0,0.0,nan,0.0,0.0,0.0,0.0,0,audits/paper_extras/v4_runs/v2/bench2_seed42_det.json,True
42,det,flat_pit0_cit0.20,8,407.61181347805933,401.4871733512133,400.29686734120816,758.9204816447697,890.4287573448943,0.5422297290874929,0.5491080335855514,0.5504448120758985,0.14769095743522442,0.0125,0.0002358490566037736,1.0,0.0,1.8582402346222489e-19,9.848673243497917e-18,-8.881784197001252e-16,0,audits/paper_extras/v4_runs/v2/bench2_seed42_det.json,True
42,det,flat_pit0_cit0.20,9,354.74323154693985,348.76539682666095,347.62281490058746,689.8325414352706,812.4895554103795,0.5633873331851472,0.5707447628043619,0.5721510355600731,0.15096441936802016,0.008333333333333333,0.00015723270440251572,1.0,0.0,2.5887839060132806e-19,1.3720554701870386e-17,-8.881784197001252e-16,0,audits/paper_extras/v4_runs/v2/bench2_seed42_det.json,True
42,det,flat_pit0_cit0.30,0,331.8403901515631,324.4009124529302,324.02882616103165,707.4414124180443,870.1286025611171,0.6186306378449904,0.6271804978044673,0.6276081199867555,0.1869691326824828,0.0,0.0,nan,0.0,0.0,0.0,0.0,0,audits/paper_extras/v4_runs/v2/bench2_seed42_det.json,True
42,det,flat_pit0_cit0.30,1,404.0085983930206,396.8208320785193,395.8385668103053,784.6865813689259,952.5603696449144,0.5758708725793172,0.5834166056830161,0.5844477899517677,0.1762342772443565,0.016666666666666666,0.0003031779786165751,1.0,0.0,1.9912572406243687e-19,1.0969061570473515e-17,-8.881784197001252e-16,0,audits/paper_extras/v4_runs/v2/bench2_seed42_det.json,True
42,det,flat_pit0_cit0.30,2,334.55350523129846,326.8364838570452,326.4601649857213,736.9838577306189,920.1141615288631,0.6364000042392524,0.6447870302159319,0.6451960217161807,0.19902998068626027,0.0,0.0,nan,0.0,0.0,0.0,0.0,0,audits/paper_extras/v4_runs/v2/bench2_seed42_det.json,True
42,det,flat_pit0_cit0.30,3,419.094573572672,412.8621487165773,412.57921683877044,764.1094160632705,907.270312726436,0.5380708839538111,0.5449403083895844,0.5452521579826308,0.15779299141063372,0.0,0.0,nan,0.0,0.0,0.0,0.0,0,audits/paper_extras/v4_runs/v2/bench2_seed42_det.json,True
42,det,flat_pit0_cit0.30,4,391.31761407635196,385.2960851029186,384.22751392652015,735.683810255715,863.7058084364471,0.5469318253344295,0.5539035614448234,0.5551407549034768,0.14822407922957964,0.016666666666666666,0.00029113732607380523,1.0,0.0,2.302148260906531e-19,1.3176305974328249e-17,-8.881784197001252e-16,0,audits/paper_extras/v4_runs/v2/bench2_seed42_det.json,True
42,det,flat_pit0_cit0.30,5,411.3607035648136,405.14371809238435,404.8940539154811,757.3444144906213,898.734910940375,0.542289168299478,0.5492066535298272,0.5494844486548013,0.1573216915562036,0.0,0.0,nan,0.0,0.0,0.0,0.0,0,audits/paper_extras/v4_runs/v2/bench2_seed42_det.json,True
42,det,flat_pit0_cit0.30,6,385.9813070058641,379.62041400767606,379.1620903671525,744.0814133465839,880.5840946456017,0.5616758134142709,0.5688993063627189,0.5694197832181498,0.15501379383187075,0.0,0.0,nan,0.0,0.0,0.0,0.0,0,audits/paper_extras/v4_runs/v2/bench2_seed42_det.json,True
42,det,flat_pit0_cit0.30,7,314.18582770019117,305.7500990550324,304.93005008081883,730.1051894664414,917.5621709492439,0.6575863329509791,0.6667799646331045,0.6676736904210424,0.20429894280501223,0.004166666666666667,8.169934640522875e-05,1.0,0.0,3.18836573437034e-19,1.6260665245288735e-17,-8.881784197001252e-16,0,audits/paper_extras/v4_runs/v2/bench2_seed42_det.json,True
42,det,flat_pit0_cit0.30,8,371.57811254297735,364.9135136286047,362.9374257611772,738.3221000469897,881.7809667015118,0.5786049749600018,0.5861630865160984,0.5884041054789134,0.1626921787517827,0.020833333333333332,0.0003843995510662177,1.0,0.0,1.7601428343038863e-19,9.546715600987515e-18,-8.881784197001252e-16,0,audits/paper_extras/v4_runs/v2/bench2_seed42_det.json,True
42,det,flat_pit0_cit0.30,9,383.80409038624697,377.90799254727335,376.851657776109,725.9137434112033,846.199766893045,0.5464379625210205,0.5534057000100322,0.5546540279019706,0.14214849517566117,0.0,0.0,nan,0.0,0.0,0.0,0.0,0,audits/paper_extras/v4_runs/v2/bench2_seed42_det.json,True
42,det,flat_pit0_cit0.50,0,369.089083670504,361.92003595519475,359.94508535544304,750.971997184686,899.5634227036942,0.5897019883698876,0.5976714628220193,0.5998669173613067,0.16518171122654965,0.008333333333333333,0.00016025641025641026,1.0,0.0,2.1456605631683957e-19,1.1157434928475657e-17,-8.881784197001252e-16,0,audits/paper_extras/v4_runs/v2/bench2_seed42_det.json,True
42,det,flat_pit0_cit0.50,1,375.1048760703987,367.4366886809169,363.56866054757273,782.9090187405913,950.1341823476901,0.6052085241859727,0.6132791604518256,0.6173501940018308,0.1760016287319561,0.0,0.0,nan,0.0,0.0,0.0,0.0,0,audits/paper_extras/v4_runs/v2/bench2_seed42_det.json,True
42,det,flat_pit0_cit0.50,2,329.80857503587066,321.2958988854066,319.73172612722726,779.0777733959342,994.9605199574042,0.6685209428711902,0.6770767357692125,0.6786488310702866,0.21697619375964014,0.0,0.0,nan,0.0,0.0,0.0,0.0,0,audits/paper_extras/v4_runs/v2/bench2_seed42_det.json,True
42,det,flat_pit0_cit0.50,3,356.2172315027958,348.36898562787184,347.3068301370637,785.6395894473476,955.9549092690686,0.6273702576880299,0.635580107126352,0.6366912008406155,0.17816250345107348,0.004166666666666667,7.575757575757576e-05,1.0,0.0,4.74922097688899e-19,2.612071537288945e-17,-1.7763568394002505e-15,0,audits/paper_extras/v4_runs/v2/bench2_seed42_det.json,True
42,det,flat_pit0_cit0.50,4,404.60051443055744,398.68335552840125,397.49497886740915,754.0095443801345,877.4481986144541,0.5388895719776425,0.5456331711000748,0.546987526448765,0.14067913573614604,0.0,0.0,nan,0.0,0.0,0.0,0.0,0,audits/paper_extras/v4_runs/v2/bench2_seed42_det.json,True
42,det,flat_pit0_cit0.50,5,381.88177821286087,374.6484793291724,373.23687339143123,780.3271699179163,935.1137414040769,0.5916199695242806,0.5993551770861197,0.6008647324217323,0.16552699915814303,0.0,0.0,nan,0.0,0.0,0.0,0.0,0,audits/paper_extras/v4_runs/v2/bench2_seed42_det.json,True
42,det,flat_pit0_cit0.50,6,391.6792089279204,384.9674502127956,383.4892300382092,764.198636802254,908.1937747145837,0.5687272696281004,0.5761174972447057,0.5777451456780491,0.15855111752729506,0.004166666666666667,7.716049382716049e-05,1.0,0.0,1.7221581008081481e-19,9.299653744363999e-18,-8.881784197001252e-16,0,audits/paper_extras/v4_runs/v2/bench2_seed42_det.json,True
42,det,flat_pit0_cit0.50,7,389.5384316714851,382.17882138732784,380.70790951427716,786.655910845186,939.4630955892769,0.5853605814849516,0.5931944286245681,0.5947601227747231,0.16265373856781765,0.0125,0.00023148148148148146,1.0,0.0,2.4016859457036484e-19,1.2969104106799702e-17,-8.881784197001252e-16,0,audits/paper_extras/v4_runs/v2/bench2_seed42_det.json,True
42,det,flat_pit0_cit0.50,8,371.89080711003004,364.84636858480746,363.08287666366056,770.0749264161238,913.7292917473608,0.5929967327644181,0.6007062793323641,0.6026362731905828,0.15721764271836028,0.0125,0.00023299028016009147,1.0,0.0,1.6039673676275488e-19,8.634770079926548e-18,-8.881784197001252e-16,0,audits/paper_extras/v4_runs/v2/bench2_seed42_det.json,True
42,det,flat_pit0_cit0.50,9,394.1959135859203,387.8580769035392,386.9434599395932,743.7133197365501,869.2420840655167,0.5465061795648071,0.5537974011917427,0.5548496017014882,0.1444117428620783,0.008333333333333333,0.00015723270440251572,1.0,0.0,1.7564953077350155e-19,9.309425130995582e-18,-8.881784197001252e-16,2,audits/paper_extras/v4_runs/v2/bench2_seed42_det.json,True
42,exp,rl_learned,0,399.87869780733166,393.21303078404765,392.2011781237263,783.3547464436716,946.253343513858,0.5774084175783148,0.5844526907309269,0.5855220160519491,0.1721511455539715,0.04583333333333333,0.0017411121615170287,1.0,0.0,0.00022684409620416833,0.007800020920257011,-2.5409900374436667,0,audits/paper_extras/v4_runs/v2/bench2_seed42_exp.json,True
42,exp,rl_learned,1,396.32693285710087,388.96265882618815,388.6083489568535,765.8838410558694,952.609113319902,0.5839563916453866,0.5916870273572871,0.5920589636156962,0.19601457686383383,0.029166666666666667,0.0006721315186597395,1.0,0.0,0.0005954994452301027,0.020406177605135363,-0.6352782813666337,0,audits/paper_extras/v4_runs/v2/bench2_seed42_exp.json,True
42,exp,rl_learned,2,316.8065372944817,308.399474567946,308.06986605775666,738.9418340488721,981.2188109677707,0.6771295721674789,0.685697551737952,0.6860334691770645,0.24691432146509917,0.004166666666666667,7.575757575757576e-05,1.0,0.0,0.0002543630478405927,0.013993527067427512,-0.7965793445706368,0,audits/paper_extras/v4_runs/v2/bench2_seed42_exp.json,True
42,exp,rl_learned,3,347.2545202851349,339.3619481358269,338.73024045009373,724.1491752980432,920.7299199303791,0.6228486630353095,0.6314207447918194,0.6321068392393431,0.21350532917101284,0.07083333333333333,0.001991147761630817,1.0,0.0,0.00015175115763281272,0.006977342751967114,-0.8861914043074091,0,audits/paper_extras/v4_runs/v2/bench2_seed42_exp.json,True
42,exp,rl_learned,4,327.88884163638244,320.9609832265767,318.8208880335517,690.1526617138081,852.4419243515288,0.6153534542710172,0.623480528048009,0.625991074669297,0.19038160606797663,0.15416666666666667,0.004071857198298279,1.0,0.0,0.00014041383182175648,0.0024576929589654683,-1.1010082327686557,0,audits/paper_extras/v4_runs/v2/bench2_seed42_exp.json,True
42,exp,rl_learned,5,354.9417560393587,347.6526249299984,346.86752472903135,706.6873221243982,885.4708101009572,0.5991491170681392,0.6073810441132885,0.6082676912980529,0.20190782794542372,0.029166666666666667,0.0007678111982357264,1.0,0.0,0.00023971285659633116,0.0076015850519969164,-2.3127137115351397,0,audits/paper_extras/v4_runs/v2/bench2_seed42_exp.json,True
42,exp,rl_learned,6,298.76706340583485,290.7674759264556,288.76990438359843,681.8300492285638,870.3208295633674,0.6567161749354847,0.6659077135125777,0.6682029263524902,0.21657620262790658,0.1,0.0024745617944147355,1.0,0.0,0.00011553211630964844,0.004686090051292171,-2.0958030414722124,0,audits/paper_extras/v4_runs/v2/bench2_seed42_exp.json,True
42,exp,rl_learned,7,408.85507748806015,401.96325710563406,401.3151311082578,727.181501147502,896.1530982520361,0.5437664855641967,0.5514569353276007,0.5521801666578727,0.1885521541287046,0.0625,0.001368641188018173,1.0,0.0,0.0002250550194191223,0.013209229217966724,-1.3257280523043615,0,audits/paper_extras/v4_runs/v2/bench2_seed42_exp.json,True
42,exp,rl_learned,8,388.88639150194325,382.4199997197963,381.9580748069519,719.4337342683933,875.0549347862028,0.5555863111646154,0.5629760092568008,0.5635038903011574,0.17784163522925728,0.05,0.0018065316329835383,1.0,0.0,9.969608333690204e-05,0.003023320805598777,-1.352472296279353,0,audits/paper_extras/v4_runs/v2/bench2_seed42_exp.json,True
42,exp,rl_learned,9,305.77497937983287,298.5747491171633,296.9195790758709,668.671171062059,829.9808843573659,0.6315879255260354,0.6402631015431849,0.6422573282446516,0.19435352829867295,0.0375,0.0010673758020456133,1.0,0.0,0.00016770746738574893,0.007198222904131089,-1.0985271346925236,0,audits/paper_extras/v4_runs/v2/bench2_seed42_exp.json,True
42,exp,free_market,0,324.7232790676623,317.8677700005865,317.9727258017905,669.2521648159276,836.3237304274286,0.6117253794751195,0.6199225749123123,0.61979707829254,0.19976901232506455,0.0,0.0,nan,0.0,0.0,0.0,0.0,0,audits/paper_extras/v4_runs/v2/bench2_seed42_exp.json,True
42,exp,free_market,1,335.50179685493765,327.65096765075907,327.7624936897505,692.8227449135142,905.2182132537922,0.6293691488497763,0.6380420070504073,0.6379188035649288,0.23463455024488072,0.0,0.0,nan,0.0,0.0,0.0,3.795900038738864e-09,0,audits/paper_extras/v4_runs/v2/bench2_seed42_exp.json,True
42,exp,free_market,2,323.65659442181,315.83787507919925,315.7361423945597,706.8830616722024,937.6056021292195,0.654805182811606,0.6631442107833407,0.6632527134249723,0.24607632455807285,0.0,0.0,nan,0.0,0.0,0.0,0.0,0,audits/paper_extras/v4_runs/v2/bench2_seed42_exp.json,True
42,exp,free_market,3,324.6325817765889,316.7582039128736,316.6553949666876,688.2292110613017,895.8141333100831,0.6376116766800124,0.6464018682732383,0.6465166342077812,0.2317276704283996,0.0,0.0,nan,0.0,0.0,0.0,0.0,0,audits/paper_extras/v4_runs/v2/bench2_seed42_exp.json,True
42,exp,free_market,4,281.63691539694946,274.3852843052241,274.27986159881794,641.4961966142904,815.1252148350861,0.6544863166158718,0.6633826566624651,0.6635119898059962,0.2130090139045985,0.0,0.0,nan,0.0,0.0,0.0,0.0,0,audits/paper_extras/v4_runs/v2/bench2_seed42_exp.json,True
42,exp,free_market,5,396.85946447519325,390.8586137588004,390.5301859974918,709.2369967801828,866.9808125827917,0.5422511562938477,0.5491727059167464,0.5495515237135673,0.18194614403596768,0.0,0.0,nan,0.0,0.0,0.0,0.0,0,audits/paper_extras/v4_runs/v2/bench2_seed42_exp.json,True
42,exp,free_market,6,378.7757416611526,372.7662659259467,372.7296392697017,691.1335898255265,841.9817252837927,0.5501378114430155,0.5572751109291539,0.5573186114650268,0.179158443619928,0.0,0.0,nan,0.0,0.0,0.0,0.0,0,audits/paper_extras/v4_runs/v2/bench2_seed42_exp.json,True
42,exp,free_market,7,420.1828259023899,414.2476107971338,413.9310318017762,714.39095977981,871.3041489786357,0.5177541316715425,0.5245660068499328,0.524929346099182,0.18009002870325266,0.008333333333333333,0.00015728869895536562,1.0,0.0,1.4722346048032113e-19,7.823467995522803e-18,-8.881784197001252e-16,0,audits/paper_extras/v4_runs/v2/bench2_seed42_exp.json,True
42,exp,free_market,8,377.8671463148389,371.5658109540283,371.05252712187524,707.6182428817464,868.2851473280595,0.564812150158695,0.5720693690345464,0.572660515656981,0.18503933292044344,0.0,0.0,nan,0.0,0.0,0.0,0.0,0,audits/paper_extras/v4_runs/v2/bench2_seed42_exp.json,True
42,exp,free_market,9,330.4265400629498,324.44424981080084,324.3670680808151,653.9308901672571,791.0209651556023,0.5822784039637289,0.5898411494732264,0.5899387217669906,0.17330776430353925,0.0,0.0,nan,0.0,0.0,0.0,0.0,0,audits/paper_extras/v4_runs/v2/bench2_seed42_exp.json,True
42,exp,us_federal,0,268.5214452949449,242.28803745900765,236.83289188878885,675.7302560229883,862.6058355239412,0.6887089859160914,0.719120799464748,0.7254448299147686,0.21664075502972438,0.675,0.07057954903268618,1.0,0.0,0.013881365504889106,0.0939912674758699,-0.6300000093877314,0,audits/paper_extras/v4_runs/v2/bench2_seed42_exp.json,True
42,exp,us_federal,1,321.3198549376491,293.5509350297176,285.6306837744574,706.0244325490313,895.2809409539134,0.641096062432329,0.6721130523375803,0.6809597181080158,0.2113934294225352,0.7791666666666667,0.07538895938150576,1.0,0.0,0.013359233024443666,0.0867573943475529,-0.6495492720850526,0,audits/paper_extras/v4_runs/v2/bench2_seed42_exp.json,True
42,exp,us_federal,2,241.66589870707574,219.57215660424998,214.80882598497962,662.8327512608771,905.3267933499912,0.7330622483701862,0.7574664107843704,0.7627278596382638,0.26785249687774143,0.8458333333333333,0.13868851438335045,1.0,0.0,0.011383853514457238,0.0483429297541658,-0.9746504767154784,0,audits/paper_extras/v4_runs/v2/bench2_seed42_exp.json,True
42,exp,us_federal,3,297.4022998317894,272.0590486541661,264.1328001874044,681.3938355809205,886.4097701779544,0.6644866631241177,0.6930775609574477,0.702019529709857,0.23128799060492666,0.9125,0.07661940717953068,1.0,0.0,0.007686867197053628,0.05752057935717331,-1.1479977156011554,0,audits/paper_extras/v4_runs/v2/bench2_seed42_exp.json,True
42,exp,us_federal,4,291.19095592898793,256.82126476933973,243.94662510320174,670.9934228526513,829.3898967749943,0.6489094489078575,0.6903491762222262,0.70587220069624,0.19097950739242542,0.9416666666666667,0.13336366070867606,1.0,0.0,0.027450395954879518,0.13536136820322134,-1.1487751656655636,3,audits/paper_extras/v4_runs/v2/bench2_seed42_exp.json,True
42,exp,us_federal,5,341.19171539541736,307.1938455858963,294.7950770293481,730.6463212177207,901.9294024482678,0.6217090667304338,0.6594036686773651,0.6731506077647172,0.18990741488813084,0.8708333333333333,0.10240248809153825,1.0,0.0,0.016618768316612752,0.10294832465124362,-1.228389498418413,0,audits/paper_extras/v4_runs/v2/bench2_seed42_exp.json,True
42,exp,us_federal,6,263.8309157592477,236.71675617671013,227.63076984696698,661.9422477738747,842.0674823700484,0.6866867308345881,0.7188862399597038,0.7296763328203972,0.21390831301215982,0.875,0.1072500289834669,1.0,0.0,0.016998369572528947,0.08813254443573156,-1.709031855013893,0,audits/paper_extras/v4_runs/v2/bench2_seed42_exp.json,True
42,exp,us_federal,7,339.2452503169885,309.7994272929748,303.85755819170197,699.811451287826,871.8889153040642,0.6109077150055526,0.6446801629712946,0.6514951012013565,0.19736168334727305,0.7041666666666667,0.04620912559484807,1.0,0.0,0.010263890840322094,0.11635156504128416,-1.4612423328593567,0,audits/paper_extras/v4_runs/v2/bench2_seed42_exp.json,True
42,exp,us_federal,8,293.8533395653473,261.3030763266904,250.536811778518,677.0281712344372,843.2380588699328,0.6515179355647734,0.6901194466045849,0.7028872106243931,0.19710909142104205,0.825,0.09405329631731439,1.0,0.0,0.02063410645730176,0.11852812922523379,-1.157252363043997,0,audits/paper_extras/v4_runs/v2/bench2_seed42_exp.json,True
42,exp,us_federal,9,295.64530420339986,263.926913001837,251.89189036329552,689.5725777423651,828.5585062459517,0.643181136908587,0.6814625509094802,0.6959878047664105,0.16774425397345397,0.8958333333333334,0.1510030381933555,1.0,0.0,0.04804620371996167,0.18274640514771084,-1.7627873049899647,0,audits/paper_extras/v4_runs/v2/bench2_seed42_exp.json,True
42,exp,saez,0,138.7785699671661,117.46472342769441,164.11829266733156,442.16606800826634,668.770228051897,0.7924869198029001,0.8243571282025146,0.7545968917524901,0.33883709312796445,0.9625,0.7750186993747092,0.7662337662337663,0.9333333333333333,0.2515129112954544,inf,-22.5153359145369,43,audits/paper_extras/v4_runs/v2/bench2_seed42_exp.json,True
42,exp,saez,1,155.81799872706347,129.3912484801015,166.17107754138803,498.2142206330455,770.0204593115527,0.7976443393901836,0.8319638823677679,0.7841991397346045,0.35298573614721784,0.9666666666666667,0.7541260816822675,0.7758620689655172,0.9333333333333333,0.12364350722154326,0.8031660165099372,-20.02635657173318,32,audits/paper_extras/v4_runs/v2/bench2_seed42_exp.json,True
42,exp,saez,2,218.95828082115375,241.0754188952517,233.213965336972,528.6511442882639,755.8403536971974,0.710311470206482,0.6810498173112485,0.6914507617961855,0.3005783010891601,0.9625,0.7624617081354776,0.7012987012987013,0.9333333333333333,10.12688854460494,inf,-22.65827597991779,39,audits/paper_extras/v4_runs/v2/bench2_seed42_exp.json,True
42,exp,saez,3,152.71260614991772,135.7029974885528,181.500739690644,504.52648666763616,756.3019836093716,0.7980798550585404,0.8205703536027705,0.7600155181076601,0.3329033936155548,0.9666666666666667,0.765322629343847,0.6810344827586207,0.9291666666666667,0.17571431598047194,inf,-22.473360505776043,34,audits/paper_extras/v4_runs/v2/bench2_seed42_exp.json,True
42,exp,saez,4,136.06080625528372,110.69653652779769,152.76693230732218,404.15296241885676,609.6354196127912,0.7768161070075251,0.8184217436084892,0.7494126368111095,0.3370579375529825,0.9666666666666667,0.7664557170107564,0.7931034482758621,0.9416666666666667,0.28221160904377013,inf,-25.440355475365962,41,audits/paper_extras/v4_runs/v2/bench2_seed42_exp.json,True
42,exp,saez,5,310.1150804375261,373.6188241467406,327.59510967551677,549.5994863189286,685.520489036935,0.5476209896028105,0.4549851826141253,0.5221220737898815,0.1982741652389666,0.9625,0.8206069949284237,0.3852813852813853,0.9333333333333333,inf,inf,-19.96005960860016,32,audits/paper_extras/v4_runs/v2/bench2_seed42_exp.json,True
42,exp,saez,6,193.89478044441486,194.74863702054944,209.48288494957148,497.5452812700267,716.9159490512635,0.7295432181401361,0.7283522046367198,0.7077999377377608,0.30599217114857435,0.9625,0.7782741358532549,0.6666666666666666,0.9291666666666667,inf,inf,-28.269257582769274,37,audits/paper_extras/v4_runs/v2/bench2_seed42_exp.json,True
42,exp,saez,7,154.37444939715735,128.35690344816908,167.29921491407686,477.27661899212956,725.3740425443573,0.7871795234694834,0.8230472888195197,0.7693614533996144,0.34202688406382614,0.9625,0.7555135036041788,0.7792207792207793,0.9333333333333333,0.2200319135791489,inf,-25.462042570690986,36,audits/paper_extras/v4_runs/v2/bench2_seed42_exp.json,True
42,exp,saez,8,131.81735492328033,110.14934440439697,153.41402270782285,475.422052359631,718.3552374870759,0.8165011570258762,0.8466645210387588,0.7864371070161746,0.33817973677934743,0.9625,0.763367618439503,0.6536796536796536,0.9333333333333333,0.10314443538421426,0.37956451060731966,-20.70547992917863,38,audits/paper_extras/v4_runs/v2/bench2_seed42_exp.json,True
42,exp,saez,9,178.80106301290886,164.7117960728083,202.4676148748516,458.7078193446212,667.1753151221437,0.7320028799624059,0.7531206680770952,0.6965301169186923,0.3124628430525148,0.9666666666666667,0.774100488649191,0.7931034482758621,0.9375,1.1138157415043366,inf,-24.19831345271095,43,audits/paper_extras/v4_runs/v2/bench2_seed42_exp.json,True
42,exp,free_market+rl_aux,0,325.57873473808775,318.7157621997454,318.82072204599893,670.5892058929005,837.7007871589379,0.6113424509934055,0.619535080919919,0.6194097857693565,0.19948838992117496,0.0,0.0,nan,0.0,0.0,0.0,0.0,0,audits/paper_extras/v4_runs/v2/bench2_seed42_exp.json,True
42,exp,free_market+rl_aux,1,347.5304843797396,339.68090665795046,339.73897756080805,706.8784778371294,921.4461820453653,0.6228423415805854,0.6313611003260665,0.63129807884528,0.23285972462542812,0.0,0.0,nan,0.0,0.0,0.0,5.6047217977805985e-09,0,audits/paper_extras/v4_runs/v2/bench2_seed42_exp.json,True
42,exp,free_market+rl_aux,2,324.28971546646443,316.45782751255535,316.35383010880975,708.290197215782,939.273256575525,0.6547440127819832,0.663082255033725,0.6631929761716021,0.24591678485755983,0.0,0.0,nan,0.0,0.0,0.0,0.0,0,audits/paper_extras/v4_runs/v2/bench2_seed42_exp.json,True
42,exp,free_market+rl_aux,3,325.37912247241235,317.4963740458011,317.39296132815304,689.5379068531287,897.1268621115715,0.6373097984084815,0.6460964580878691,0.6462117290958117,0.23139308834186492,0.0,0.0,nan,0.0,0.0,0.0,0.0,0,audits/paper_extras/v4_runs/v2/bench2_seed42_exp.json,True
42,exp,free_market+rl_aux,4,310.0217689047013,303.44517430048086,303.4336012951859,652.0070334585204,804.7842036697507,0.6147765233325565,0.6229483967046129,0.6229627769636217,0.18983619399409032,0.0,0.0,nan,0.0,0.0,0.0,0.0,0,audits/paper_extras/v4_runs/v2/bench2_seed42_exp.json,True
42,exp,free_market+rl_aux,5,409.75401807002476,403.9223047608627,403.60782647989686,711.3952999900697,864.4302748443044,0.5259837259357593,0.5327300344338188,0.5330938327529169,0.1770356491526149,0.0,0.0,nan,0.0,0.0,0.0,0.0,0,audits/paper_extras/v4_runs/v2/bench2_seed42_exp.json,True
42,exp,free_market+rl_aux,6,379.2911474269511,373.27052649144593,373.23416551012184,692.4364956697276,843.4089377107313,0.5502879677129545,0.5574264039641128,0.5574695158872836,0.17900265848591648,0.004166666666666667,7.44047619047619e-05,1.0,0.0,1.8070832132921809e-19,1.0119665994436213e-17,-8.881784197001252e-16,0,audits/paper_extras/v4_runs/v2/bench2_seed42_exp.json,True
42,exp,free_market+rl_aux,7,414.0013080670879,407.9566069584523,407.7219175204213,715.7866560440586,874.5529983778576,0.5266138143314497,0.5335255751050648,0.5337939286965182,0.18153998971849922,0.0,0.0,nan,0.0,0.0,0.0,0.0,0,audits/paper_extras/v4_runs/v2/bench2_seed42_exp.json,True
42,exp,free_market+rl_aux,8,382.9745990666826,376.74245179467215,376.6535227776622,704.8714323524754,864.4636852909658,0.5569801189071593,0.5641893833077949,0.564292255202269,0.1846141783096117,0.0,0.0,nan,0.0,0.0,0.0,0.0,0,audits/paper_extras/v4_runs/v2/bench2_seed42_exp.json,True
42,exp,free_market+rl_aux,9,330.01385855176164,324.01113085411424,323.90606249610045,655.1166800040285,792.3796750523904,0.5835154927087929,0.5910910627122139,0.5912236612143232,0.17322881867115836,0.004166666666666667,7.575757575757576e-05,1.0,0.0,1.3144914379572815e-19,7.229702908765048e-18,-8.881784197001252e-16,0,audits/paper_extras/v4_runs/v2/bench2_seed42_exp.json,True
42,exp,us_federal+rl_aux,0,259.6202904387906,234.30760271362266,229.84791477028642,661.2370247545928,863.0055817808702,0.6991673102472331,0.7284981607765351,0.7336657842977333,0.23379751103105767,0.7791666666666667,0.08136902587916899,1.0,0.0,0.014257954238571456,0.08227932619796176,-0.778563912459864,0,audits/paper_extras/v4_runs/v2/bench2_seed42_exp.json,True
42,exp,us_federal+rl_aux,1,309.1859971675323,280.59759128128337,271.971389105203,727.5577082787188,933.5541771997499,0.6688076549612217,0.6994308438285262,0.7086710169076668,0.22065829059747724,0.7458333333333333,0.07462799800938251,1.0,0.0,0.012856845637604522,0.08479844074374178,-0.3911428857462053,0,audits/paper_extras/v4_runs/v2/bench2_seed42_exp.json,True
42,exp,us_federal+rl_aux,2,282.9232082090826,263.6933615393968,260.8742258181859,757.1983620992718,1002.382456208937,0.7177492418621202,0.736933383155269,0.7397458183727338,0.24460134212340906,0.9416666666666667,0.20149148231078703,1.0,0.11666666666666667,0.018791012157236046,0.05609881506326916,-1.029169065244958,0,audits/paper_extras/v4_runs/v2/bench2_seed42_exp.json,True
42,exp,us_federal+rl_aux,3,324.60577852443396,298.69896927919683,290.3598080146461,722.197092847784,941.7840236810844,0.6553288542147164,0.6828370817847458,0.6916917247335145,0.23316060297457206,0.8166666666666667,0.07201927252275557,1.0,0.0,0.00808118969212702,0.06433095283816898,-0.9684882689787189,0,audits/paper_extras/v4_runs/v2/bench2_seed42_exp.json,True
42,exp,us_federal+rl_aux,4,231.51356341436764,209.3190449877306,201.61161294810435,638.7021947388365,826.4213835842413,0.7198601488138184,0.7467163251755409,0.7560425989055339,0.2271470615042111,0.8916666666666667,0.13564249232697748,1.0,0.0,0.0195682828402071,0.08020255259497498,-1.327303934206127,0,audits/paper_extras/v4_runs/v2/bench2_seed42_exp.json,True
42,exp,us_federal+rl_aux,5,235.92451075037124,212.66306569240783,206.38656654498888,663.8103465697285,873.8264129044886,0.7300098654992724,0.7566300782949068,0.763812854020988,0.24034071668387,0.8208333333333333,0.08561265908921617,1.0,0.0,0.007484608239254025,0.04977764598451909,-1.4899510484221066,0,audits/paper_extras/v4_runs/v2/bench2_seed42_exp.json,True
42,exp,us_federal+rl_aux,6,326.1582831536758,293.04533209855435,277.9835077325355,712.8408928408057,883.9200524556414,0.6310092951873114,0.6684707725722056,0.685510576482271,0.1935459650898927,0.9458333333333333,0.11943880695574022,1.0,0.0,0.021003981170424405,0.11023860254211372,-1.71372928190052,0,audits/paper_extras/v4_runs/v2/bench2_seed42_exp.json,True
42,exp,us_federal+rl_aux,7,343.3249387770107,313.8241039668823,299.3560523530059,717.2950732818246,884.9735304955059,0.6120506128756422,0.6453858865234433,0.6617344564131841,0.18947285024422864,0.6833333333333333,0.06979440183140848,1.0,0.0,0.0221258027228292,0.13817196901305798,-1.3327504405898205,0,audits/paper_extras/v4_runs/v2/bench2_seed42_exp.json,True
42,exp,us_federal+rl_aux,8,251.26250440622886,225.76972449242578,221.34722658706366,666.6868863197736,872.0611733581859,0.7118751389439206,0.7411079275287328,0.7461792436708466,0.23550445004625592,0.7541666666666667,0.07381187662106183,1.0,0.0,0.011062500071581464,0.07283367245647872,-1.2139502107550784,0,audits/paper_extras/v4_runs/v2/bench2_seed42_exp.json,True
42,exp,us_federal+rl_aux,9,237.94707700447054,209.42484257334573,200.28608557262402,649.8908300598956,816.3013003745724,0.7085058214469524,0.743446638542352,0.7546419618825553,0.20385912681790025,0.775,0.1461155397038855,1.0,0.0,0.03910556497964124,0.16255665483642162,-1.4133993967409464,0,audits/paper_extras/v4_runs/v2/bench2_seed42_exp.json,True
42,exp,saez+rl_aux,0,118.002540654721,98.6344053642845,131.87885811136667,392.92611810089045,657.0188784579103,0.8203970319213888,0.8498758428436799,0.799276912071538,0.4019561218345389,0.9625,0.7504939544162064,0.8571428571428571,0.9333333333333333,0.08025754751836257,0.23582485441874523,-18.98154596903186,41,audits/paper_extras/v4_runs/v2/bench2_seed42_exp.json,True
42,exp,saez+rl_aux,1,147.6553655308732,125.46011401727716,162.7714827636844,488.7770878725773,793.5468918788634,0.813929879831962,0.8418995584240422,0.79488107832129,0.3840602327666982,0.9625,0.7443859346795342,0.8354978354978355,0.9333333333333333,0.06880551688131537,0.21912340966350677,-15.289567646424524,39,audits/paper_extras/v4_runs/v2/bench2_seed42_exp.json,True
42,exp,saez+rl_aux,2,240.79426790838897,194.61846428485322,210.20298659374112,611.8058869812209,1010.874674086877,0.7617961216350598,0.807475180382126,0.7920583114977953,0.3947757297076762,0.9625,0.5574904755800278,1.0,0.6125,0.05576494348367036,0.27225469012019565,-25.904187433574112,55,audits/paper_extras/v4_runs/v2/bench2_seed42_exp.json,True
42,exp,saez+rl_aux,3,169.08090677451796,140.7082620476888,178.43230990066007,530.3949297767876,838.6600394745095,0.7983916022987559,0.832222527097089,0.7872411924950391,0.36756861563462073,0.9666666666666667,0.7218026229431131,0.8103448275862069,0.9333333333333333,0.09068331855913003,inf,-23.450272209550754,37,audits/paper_extras/v4_runs/v2/bench2_seed42_exp.json,True
42,exp,saez+rl_aux,4,120.04779098524166,96.59362441942241,121.78183287678546,367.1841399956049,607.963900403107,0.8025412513709372,0.8411194737789915,0.7996890394379688,0.396042857557586,0.9625,0.7490571933499133,0.948051948051948,0.9416666666666667,0.10125285911413578,0.7195770189505042,-19.270276022072064,42,audits/paper_extras/v4_runs/v2/bench2_seed42_exp.json,True
42,exp,saez+rl_aux,5,159.75237841467262,130.9596850481234,158.70721139602793,475.1863323636884,774.7267949099343,0.793795206950026,0.83096017085178,0.795144285135409,0.3866401220588593,0.9625,0.7225901679644148,0.9437229437229437,0.9416666666666667,0.07334823774549014,0.27558540807571424,-23.92428716483477,38,audits/paper_extras/v4_runs/v2/bench2_seed42_exp.json,True
42,exp,saez+rl_aux,6,141.28464026044995,113.02674118788899,147.75076190896942,435.78213619059534,699.6889853380344,0.7980750830425144,0.8384614542227167,0.7888336603761342,0.37717736691244347,0.9541666666666667,0.7430444700086211,0.9737991266375546,0.9333333333333333,0.11531792702495028,inf,-27.18984649530377,40,audits/paper_extras/v4_runs/v2/bench2_seed42_exp.json,True
42,exp,saez+rl_aux,7,141.21674785727788,114.44797177228605,146.56383392135066,441.8760967570364,721.8660163761085,0.804372633350701,0.8414553820571378,0.796965322377792,0.38786965069317103,0.9583333333333334,0.7455382051990258,0.8347826086956521,0.9333333333333333,0.08510428737287129,0.31870975533534834,-21.896250822922973,39,audits/paper_extras/v4_runs/v2/bench2_seed42_exp.json,True
42,exp,saez+rl_aux,8,147.93922964984225,120.20765933955906,153.86729093057085,434.1860077235025,701.9968142566637,0.7892594002631004,0.8287632409459784,0.7808148302019018,0.38149860668063423,0.9625,0.7438519704794118,0.8008658008658008,0.9125,0.11198355750792206,0.9292601333440204,-23.248825143716875,39,audits/paper_extras/v4_runs/v2/bench2_seed42_exp.json,True
42,exp,saez+rl_aux,9,129.56672465211844,107.87858398913455,145.408088626481,381.12734523933796,610.2956780443129,0.787698439767239,0.8232355432454798,0.7617415723925165,0.37550377800370943,0.9625,0.747090695428263,0.9134199134199135,0.9375,0.13041007814824626,inf,-24.328700257209803,47,audits/paper_extras/v4_runs/v2/bench2_seed42_exp.json,True
42,exp,rl_mean_fixed,0,384.15807330736783,377.13381156390335,375.86815395350567,723.015362960046,890.1345793591317,0.5684269747345966,0.5763182104042879,0.5777400826017582,0.18774601085535428,0.20833333333333334,0.005380983027011065,1.0,0.0,0.00016275666037675722,0.006262619517488052,-0.058778156738093064,0,audits/paper_extras/v4_runs/v2/bench2_seed42_exp.json,True
42,exp,rl_mean_fixed,1,315.7432379996043,306.9033866845131,306.8044338905447,706.4634746756134,928.8202145939002,0.6600598985265906,0.6695771884996089,0.6696837245034701,0.23939696447660316,0.2375,0.004554842961482211,1.0,0.0,5.179052503197564e-05,0.0027837335041356074,-0.06927714162087656,0,audits/paper_extras/v4_runs/v2/bench2_seed42_exp.json,True
42,exp,rl_mean_fixed,2,317.940668233921,308.7170703694093,307.31545562662257,744.730374652653,1013.2600941460847,0.6862200830065627,0.6953229756575209,0.6967062480777853,0.2650155878483822,0.2916666666666667,0.024425452481257673,1.0,0.0,0.0002686595597401146,0.0028409897357658926,-0.05229028787937158,0,audits/paper_extras/v4_runs/v2/bench2_seed42_exp.json,True
42,exp,rl_mean_fixed,3,397.9994013722722,390.8526185348287,389.9080520577279,736.3651024600924,913.3751838873006,0.5642541987199639,0.5720787848960706,0.5731129343822442,0.19379777833886178,0.23333333333333334,0.004312584600421154,1.0,0.0,7.530768695152496e-05,0.004288608210207619,-0.06646840208540661,0,audits/paper_extras/v4_runs/v2/bench2_seed42_exp.json,True
42,exp,rl_mean_fixed,4,253.99428959469785,245.73444273974667,244.22888499403737,642.7741153896203,830.5379145689876,0.6941809818200658,0.7041261591684566,0.7059389093383156,0.22607492793006134,0.32916666666666666,0.012507200798642138,1.0,0.0,5.7247880562161696e-05,0.0012998588983128305,-0.07744495160893433,0,audits/paper_extras/v4_runs/v2/bench2_seed42_exp.json,True
42,exp,rl_mean_fixed,5,346.54816111161324,338.9968661705574,337.7524920485624,712.5858825201387,890.2596224428021,0.6107335968346936,0.6192157235656979,0.6206134889934734,0.19957519744087762,0.25,0.008170528275748845,1.0,0.0,0.00014304630588621675,0.0047020151475290735,-0.08495296894613369,0,audits/paper_extras/v4_runs/v2/bench2_seed42_exp.json,True
42,exp,rl_mean_fixed,6,372.7945495139058,365.6794260025279,364.33479218408905,729.5314774387537,889.8886777637633,0.5810773203107651,0.5890728411991281,0.5905838547135576,0.18019916910054148,0.3625,0.020398368737214657,1.0,0.0,0.00038295715733792824,0.005293517113024403,-0.07654037480261895,0,audits/paper_extras/v4_runs/v2/bench2_seed42_exp.json,True
42,exp,rl_mean_fixed,7,396.3562738436002,389.07789246476636,389.0491435875093,740.7811223060173,917.81990200342,0.568154631449555,0.5760847072334279,0.5761160302382944,0.19289054346169865,0.17916666666666667,0.003059710351377018,1.0,0.0,0.0001065630065887065,0.00632038704248632,-0.02277757121682137,0,audits/paper_extras/v4_runs/v2/bench2_seed42_exp.json,True
42,exp,rl_mean_fixed,8,321.839028398093,314.16410914563255,313.1512879194147,695.3357840953182,870.8642273827895,0.6304371929878018,0.6392501847391404,0.6404131917778629,0.20155661211964973,0.20833333333333334,0.0038544814501294154,1.0,0.0,5.052965712601803e-05,0.004739168250085449,-0.0785961831229912,0,audits/paper_extras/v4_runs/v2/bench2_seed42_exp.json,True
42,exp,rl_mean_fixed,9,376.3932264251262,369.85398150367536,368.8137699770477,707.4313488162011,840.0985064177174,0.551965366501944,0.559749269069912,0.5609874709220534,0.15791857334352996,0.3125,0.01190753325292866,1.0,0.0,0.0003230360042556905,0.008115164813720337,-0.0840969823784059,0,audits/paper_extras/v4_runs/v2/bench2_seed42_exp.json,True
42,exp,flat_pit0.10_cit0,0,307.2974071605615,273.0444771921109,259.62778325946414,682.8070179568784,837.8867401089509,0.6332470816752591,0.6741272249318485,0.6901397637278464,0.18508434938582194,0.825,0.11715248772744949,1.0,0.0,0.02628748616843263,0.13787216180409126,-1.5725205924763133,0,audits/paper_extras/v4_runs/v2/bench2_seed42_exp.json,True
42,exp,flat_pit0.10_cit0,1,264.61613682435683,242.7876218709404,240.43037335184925,668.4337183460456,915.4907886217687,0.7109570733936877,0.7348005846826198,0.7373754314734213,0.26986297770145423,0.7708333333333334,0.04799201058079131,1.0,0.0,0.004293333272873333,0.043462734371711824,-0.6300000093877319,0,audits/paper_extras/v4_runs/v2/bench2_seed42_exp.json,True
42,exp,flat_pit0.10_cit0,2,227.99892246958686,210.53217880491476,207.840759990268,666.5589806423965,944.2609542260909,0.758542464930732,0.7770402579258767,0.7798905492596454,0.2940945215841281,0.8708333333333333,0.14983780826782264,1.0,0.0,0.0067310479264537666,0.027244420701642638,-1.0751211851108249,0,audits/paper_extras/v4_runs/v2/bench2_seed42_exp.json,True
42,exp,flat_pit0.10_cit0,3,319.96787920042163,290.9494093906653,277.79835538479,696.9440562131309,895.8836614744595,0.6428466184171576,0.6752375091741084,0.6899169308126626,0.22205964213468363,0.8625,0.07414332788105883,1.0,0.0,0.009167797750677564,0.07854505853486772,-1.0260412226027427,0,audits/paper_extras/v4_runs/v2/bench2_seed42_exp.json,True
42,exp,flat_pit0.10_cit0,4,269.50347933025495,240.870517706262,226.37128034110668,662.3487885546775,826.9577044361439,0.6741024626960647,0.7087269198725247,0.7262601471311564,0.19905360939070513,0.875,0.14421436897908294,1.0,0.0,0.033553903165942436,0.13650708004495365,-0.8908843303199532,0,audits/paper_extras/v4_runs/v2/bench2_seed42_exp.json,True
42,exp,flat_pit0.10_cit0,5,226.88738074727038,204.71763801051534,202.28978232947478,640.5995299388402,853.5955312870642,0.7341980218603462,0.7601702088319992,0.7630144782688129,0.24952801829581436,0.7791666666666667,0.062483376485078304,1.0,0.0,0.007069115460964637,0.052577252553681765,-0.9462954712033266,0,audits/paper_extras/v4_runs/v2/bench2_seed42_exp.json,True
42,exp,flat_pit0.10_cit0,6,285.26619546139403,256.59560609404866,246.45296876675374,665.8568789714242,836.2752437932807,0.6588848018895689,0.6931684777249287,0.7052968259004513,0.20378262550120674,0.7208333333333333,0.11326734192980129,1.0,0.0,0.02934079598495175,0.13927197727665744,-0.4946278334025422,0,audits/paper_extras/v4_runs/v2/bench2_seed42_exp.json,True
42,exp,flat_pit0.10_cit0,7,319.15518606490684,290.3480568499501,283.7222777335915,696.8882815427696,878.6508072080338,0.6367667525634652,0.6695523927502569,0.6770932486420445,0.2068654853261054,0.7208333333333333,0.061665939351765696,1.0,0.0,0.013108445354686927,0.1035039293355207,-1.0786936585629996,0,audits/paper_extras/v4_runs/v2/bench2_seed42_exp.json,True
42,exp,flat_pit0.10_cit0,8,276.5790245553224,246.94895832068985,240.11428827945088,668.5879800324553,863.7600662458475,0.6797964673715291,0.7141000516567039,0.7220127467537861,0.2259563666350851,0.8458333333333333,0.0746047302980808,1.0,0.0,0.012526695356542251,0.08831688156994855,-1.3597197740707698,0,audits/paper_extras/v4_runs/v2/bench2_seed42_exp.json,True
42,exp,flat_pit0.10_cit0,9,255.07516206826008,221.55950473237274,207.14361907467892,640.0543053098388,779.5215075877676,0.6727798276437668,0.7157749945630243,0.7342682439697069,0.178913860516191,0.8166666666666667,0.15386031854628743,1.0,0.0,0.052310284533795444,0.2159661122656537,-1.0638649193028347,0,audits/paper_extras/v4_runs/v2/bench2_seed42_exp.json,True
42,exp,flat_pit0.20_cit0,0,153.31936268031845,146.73285688367923,154.67779765126843,631.8581121926319,840.2419780582682,0.8175295133020761,0.8253683335093932,0.8159127945395963,0.24800458832965552,0.9083333333333333,0.39735389280344113,0.8073394495412844,0.30416666666666664,0.07067596444777528,inf,-3.1166132720651984,0,audits/paper_extras/v4_runs/v2/bench2_seed42_exp.json,True
42,exp,flat_pit0.20_cit0,1,292.97552413918413,257.6708856120326,235.75993178772634,699.5955809840657,884.5405604962158,0.6687822614094387,0.7086952287778838,0.7334662283259593,0.20908592298853812,0.8541666666666666,0.2979564241091486,1.0,0.3125,0.2862403837012175,3.2441679388431672,-2.346178786177017,0,audits/paper_extras/v4_runs/v2/bench2_seed42_exp.json,True
42,exp,flat_pit0.20_cit0,2,197.157997951174,181.08755746985616,181.98495338657523,631.2028462432421,937.4387002834677,0.7896843837452451,0.8068273078387974,0.8058700229342509,0.3266729375986125,0.9416666666666667,0.3690877023690736,0.9070796460176991,0.24583333333333332,0.03724220863521533,0.10042726466243394,-5.233014284397486,1,audits/paper_extras/v4_runs/v2/bench2_seed42_exp.json,True
42,exp,flat_pit0.20_cit0,3,195.8694647593979,178.2511621598889,175.7085141206012,676.24513372361,889.1487677679205,0.7797112565863417,0.799526053882566,0.8023856968708487,0.239446582801632,0.95,0.33001283605552667,0.9078947368421053,0.25,0.13886943415099456,inf,-2.704234767226339,0,audits/paper_extras/v4_runs/v2/bench2_seed42_exp.json,True
42,exp,flat_pit0.20_cit0,4,193.83383314861734,180.58337050771678,169.4247528496932,613.7179996083365,802.0618487650347,0.7583305658446781,0.7748510656805733,0.7887634811323304,0.23482459544322973,0.95,0.3761728688268003,0.8508771929824561,0.24583333333333332,0.30162460629117316,inf,-3.0319726956295003,5,audits/paper_extras/v4_runs/v2/bench2_seed42_exp.json,True
42,exp,flat_pit0.20_cit0,5,237.77696147311968,247.97373569683285,207.44630538590056,668.0950539990513,858.6976975905687,0.7230958436941182,0.7112211475672688,0.7584175362668645,0.22196710684834947,0.9458333333333333,0.38107813914791655,0.7665198237885462,0.2833333333333333,0.6455676396265346,inf,-2.471103662354154,1,audits/paper_extras/v4_runs/v2/bench2_seed42_exp.json,True
42,exp,flat_pit0.20_cit0,6,227.0278588327268,219.74069254832028,189.76828185037536,661.6876318574298,849.4449193752376,0.73273386695902,0.7413126059898758,0.7765973078160866,0.22103527048687557,0.9458333333333333,0.3794020655120878,0.7929515418502202,0.2708333333333333,0.46255594648991916,inf,-4.126127391576729,1,audits/paper_extras/v4_runs/v2/bench2_seed42_exp.json,True
42,exp,flat_pit0.20_cit0,7,170.55659145435317,151.34526215317115,153.58731435261157,653.3893434027061,898.0377538246033,0.8100785955512682,0.8314711586360204,0.8289745462275867,0.2724255293053967,0.9291666666666667,0.2919821338433601,0.9820627802690582,0.1875,0.02365950721025985,0.07302607363518254,-2.0345017021075145,0,audits/paper_extras/v4_runs/v2/bench2_seed42_exp.json,True
42,exp,flat_pit0.20_cit0,8,190.4237811319551,172.4200677633168,167.83115640307082,657.7733550614981,865.8252582372817,0.7800667290307105,0.8008604321449991,0.8061604754465638,0.24029317832486521,0.9458333333333333,0.33131755173347105,0.9118942731277533,0.26666666666666666,0.13086324695539647,inf,-3.088109186691544,0,audits/paper_extras/v4_runs/v2/bench2_seed42_exp.json,True
42,exp,flat_pit0.20_cit0,9,191.19385322916722,204.1359783470919,185.74146193123912,639.3144609294104,817.6657129647485,0.7661711256842073,0.7503429884482723,0.7728393657870709,0.21812245421011953,0.9416666666666667,0.4444844744677346,0.7610619469026548,0.4083333333333333,0.5331354752199562,inf,-2.892989504804718,2,audits/paper_extras/v4_runs/v2/bench2_seed42_exp.json,True
42,exp,flat_pit0.30_cit0,0,168.62152856568747,187.9737555705547,199.54791104459537,619.441273275496,836.5884983716878,0.798441493166727,0.7753091801567659,0.7614742356212286,0.25956276654393534,0.95,0.6174999099662484,0.7324561403508771,0.7666666666666667,inf,inf,-4.28532877130672,8,audits/paper_extras/v4_runs/v2/bench2_seed42_exp.json,True
42,exp,flat_pit0.30_cit0,1,207.67526110867544,220.83509827128202,207.36008054086653,642.2338140357427,907.8597105259905,0.7712474089324288,0.7567519565954349,0.7715945777341221,0.2925847390411796,0.9291666666666667,0.5451598321107074,0.7892376681614349,0.7041666666666667,1.8411657802127135,inf,-4.31551890476935,6,audits/paper_extras/v4_runs/v2/bench2_seed42_exp.json,True
42,exp,flat_pit0.30_cit0,2,197.3204304829486,179.7964827790988,208.6698966777032,654.0317477742548,969.7766804888236,0.7965300316527639,0.8146001173296197,0.7848268566609361,0.3255851981874993,0.9458333333333333,0.5376700541625088,0.9118942731277533,0.7875,0.0933741774988986,0.44614079938056916,-4.727158490022133,10,audits/paper_extras/v4_runs/v2/bench2_seed42_exp.json,True
42,exp,flat_pit0.30_cit0,3,187.71109251141226,210.02612162329976,215.0596076939823,663.2893150015832,901.7374749887912,0.7918339896944556,0.7670872870999285,0.7615053009783634,0.26443190684758,0.9541666666666667,0.5700206705858488,0.7117903930131004,0.725,0.9575722398774716,inf,-5.183996185056382,7,audits/paper_extras/v4_runs/v2/bench2_seed42_exp.json,True
42,exp,flat_pit0.30_cit0,4,134.55225443363702,124.88740242235367,153.1888949785263,573.661750960858,817.4642993795205,0.8354028982846515,0.8472258635427298,0.8126047888638058,0.2982424414175835,0.9541666666666667,0.6163925191038981,0.8558951965065502,0.7708333333333334,0.05270788940083741,0.14450924000373813,-5.692511146641886,8,audits/paper_extras/v4_runs/v2/bench2_seed42_exp.json,True
42,exp,flat_pit0.30_cit0,5,212.22727343180225,250.9102360339137,221.1391845297833,639.7833690688028,870.6197640133929,0.7562342572451209,0.7118027336328033,0.7459979733168779,0.2651403109441002,0.9416666666666667,0.6047288505187173,0.7433628318584071,0.7666666666666667,2.3532301969490943,inf,-4.537444871539732,7,audits/paper_extras/v4_runs/v2/bench2_seed42_exp.json,True
42,exp,flat_pit0.30_cit0,6,174.56425486646108,205.9043068327666,202.97140387651683,613.7382010956932,817.7012308511931,0.7865182926473684,0.7481912719901024,0.7517780379696481,0.24943466153668728,0.95,0.6313824170430162,0.6842105263157895,0.7041666666666667,inf,inf,-7.265057826996775,13,audits/paper_extras/v4_runs/v2/bench2_seed42_exp.json,True
42,exp,flat_pit0.30_cit0,7,189.145117459051,206.25694241897074,186.8607343031961,607.3919556101683,871.8826319534362,0.783061262459977,0.7634349683547933,0.7856813205642849,0.3033558264037001,0.9416666666666667,0.6069411543610438,0.8230088495575221,0.7375,inf,inf,-6.770094062038402,5,audits/paper_extras/v4_runs/v2/bench2_seed42_exp.json,True
42,exp,flat_pit0.30_cit0,8,238.09753276101824,280.0973368640912,245.000277400114,637.1053717601748,846.0268869529893,0.7185697801892099,0.6689261994108998,0.7104107668699567,0.24694429741501073,0.95,0.6302313541721276,0.706140350877193,0.7416666666666667,inf,inf,-6.325638112130731,6,audits/paper_extras/v4_runs/v2/bench2_seed42_exp.json,True
42,exp,flat_pit0.30_cit0,9,201.63904263952134,236.66871956027765,221.41487208739565,602.6944822720017,800.3279572797875,0.7480544809094678,0.7042853277740235,0.7233448237395623,0.24694061129579528,0.9583333333333334,0.6590362901966781,0.6869565217391305,0.7833333333333333,5.139832516075285,inf,-8.663877674788907,11,audits/paper_extras/v4_runs/v2/bench2_seed42_exp.json,True
42,exp,flat_pit0.50_cit0,0,129.1212765525044,107.90741262286548,134.14104145248783,390.5835754254761,675.687169815091,0.8089037615027679,0.8402997460312951,0.8014746358300736,0.4219461418331157,0.9541666666666667,0.721311865882366,0.9170305676855895,0.9125,0.05374482430122766,0.16149586172369207,-12.186291899446807,47,audits/paper_extras/v4_runs/v2/bench2_seed42_exp.json,True
42,exp,flat_pit0.50_cit0,1,160.35371336379512,155.05828394566518,185.32366474721127,506.8367840412603,820.7465376606785,0.8046245631192779,0.8110765299265009,0.774201100774147,0.38246856881557517,0.95,0.7122459715560223,0.7412280701754386,0.8916666666666667,0.10670278243853011,inf,-10.041874923268537,43,audits/paper_extras/v4_runs/v2/bench2_seed42_exp.json,True
42,exp,flat_pit0.50_cit0,2,184.37543985732688,157.62347326489387,165.95006381335358,557.834893158399,929.2507945587037,0.8015869978944857,0.8303757455060897,0.8214152037479157,0.3996939293193588,0.9458333333333333,0.6417820484338779,0.986784140969163,0.8916666666666667,0.0569208472962439,0.1826468564214335,-15.016199812696279,55,audits/paper_extras/v4_runs/v2/bench2_seed42_exp.json,True
42,exp,flat_pit0.50_cit0,3,151.26046391398336,153.59672771020007,201.43310408091813,522.8750709994612,806.1729043383564,0.8123721808312001,0.8094742121899269,0.7501365984928027,0.35141076041423636,0.9583333333333334,0.729006697085438,0.7,0.9041666666666667,0.11468673438615805,0.31348542230366866,-11.892346569998248,50,audits/paper_extras/v4_runs/v2/bench2_seed42_exp.json,True
42,exp,flat_pit0.50_cit0,4,118.24050205706911,102.4545613687882,123.33592534808538,352.8043085271706,618.936606293769,0.8089618535166297,0.8344667930011564,0.8007293087952438,0.42998312761013646,0.9583333333333334,0.7094892014549425,0.9304347826086956,0.9208333333333333,0.046768384248083335,0.11630724415164191,-14.251253639192903,45,audits/paper_extras/v4_runs/v2/bench2_seed42_exp.json,True
42,exp,flat_pit0.50_cit0,5,136.34999218585756,132.99223815043598,165.00258137448583,458.6760058428584,740.1178977329774,0.815772605143714,0.8203093877910551,0.7770590579150998,0.3802662964268143,0.9541666666666667,0.7317553577405581,0.7292576419213974,0.9208333333333333,0.11661302801298948,inf,-14.454176399608851,48,audits/paper_extras/v4_runs/v2/bench2_seed42_exp.json,True
42,exp,flat_pit0.50_cit0,6,141.07907660070487,121.77782036846396,154.59827991671267,410.1734310259651,667.2985569898373,0.7885817747949162,0.817506243505456,0.7683221725907806,0.3853224666388543,0.95,0.7092738046321231,0.8289473684210527,0.925,0.1065536792756059,0.6967555322307676,-17.046036795447392,46,audits/paper_extras/v4_runs/v2/bench2_seed42_exp.json,True
42,exp,flat_pit0.50_cit0,7,181.98508023500798,185.00239149157593,218.62348772229777,480.81201256146994,737.4936712459108,0.7532384516228253,0.7491471470134304,0.7035588287110878,0.3480459137375467,0.9541666666666667,0.7250066335377506,0.7336244541484717,0.9083333333333333,inf,inf,-14.09552504284595,51,audits/paper_extras/v4_runs/v2/bench2_seed42_exp.json,True
42,exp,flat_pit0.50_cit0,8,122.51120323864454,104.85993006687103,129.88715901564413,367.0103506180453,673.5746339562976,0.8181178490658643,0.844323220055115,0.8071673835863727,0.4551303862760108,0.9541666666666667,0.7248645778561617,0.9170305676855895,0.9208333333333333,0.04770993453637463,0.12021453182488556,-12.750778501458871,41,audits/paper_extras/v4_runs/v2/bench2_seed42_exp.json,True
42,exp,flat_pit0.50_cit0,9,114.7324630714958,99.35362513763941,125.3536077070364,350.9839743243603,606.1343529798272,0.8107144686529354,0.8360864639180977,0.7931917122156442,0.42094690294506143,0.9583333333333334,0.7088048932327558,0.9478260869565217,0.9208333333333333,0.04768606375500188,0.11531777556043665,-14.523516901621317,48,audits/paper_extras/v4_runs/v2/bench2_seed42_exp.json,True
42,exp,flat_pit0_cit0.10,0,352.0195134949441,345.3241696111493,345.04512236054325,694.1432142079396,855.4105446518671,0.5884788705308652,0.596305923781091,0.596632138196322,0.18852623626420187,0.0,0.0,nan,0.0,0.0,0.0,0.0,0,audits/paper_extras/v4_runs/v2/bench2_seed42_exp.json,True
42,exp,flat_pit0_cit0.10,1,392.64138745156174,385.8854609848075,385.60391510498357,734.6375310695648,911.491252749306,0.5692318645217402,0.5766438132885293,0.5769526981834471,0.1940267897758778,0.0,0.0,nan,0.0,0.0,0.0,0.0,0,audits/paper_extras/v4_runs/v2/bench2_seed42_exp.json,True
42,exp,flat_pit0_cit0.10,2,335.99871563377445,327.73923463596685,327.19051452016,748.0834586331385,1006.4588121813409,0.6661575103053148,0.6743639872101237,0.6749091859894136,0.2567172649501817,0.0,0.0,nan,0.0,0.0,0.0,0.0,1,audits/paper_extras/v4_runs/v2/bench2_seed42_exp.json,True
42,exp,flat_pit0_cit0.10,3,380.1953818104904,373.17364556345944,372.9218046777696,730.7517522659336,919.741556566469,0.5866280270842432,0.5942624937416422,0.5945363107545757,0.20548142350560106,0.0,0.0,nan,0.0,0.0,0.0,0.0,0,audits/paper_extras/v4_runs/v2/bench2_seed42_exp.json,True
42,exp,flat_pit0_cit0.10,4,299.63285905342434,292.6626035753682,292.4318936091385,662.2837735086066,823.4509643996813,0.6361254379344069,0.6445901259114714,0.6448703004163344,0.19572166146962994,0.0,0.0,nan,0.0,0.0,0.0,0.0,0,audits/paper_extras/v4_runs/v2/bench2_seed42_exp.json,True
42,exp,flat_pit0_cit0.10,5,423.7794154340081,418.1187779346181,417.88208220308024,732.4312125854204,876.8360951189613,0.5166948329419383,0.5231505862245652,0.5234205291852342,0.16468856989053268,0.0,0.0,nan,0.0,0.0,0.0,0.0,0,audits/paper_extras/v4_runs/v2/bench2_seed42_exp.json,True
42,exp,flat_pit0_cit0.10,6,352.3288540878606,345.83744091874973,345.145672813996,691.7468002448412,850.032426054341,0.5855112778187866,0.5931479431625342,0.5939617569460445,0.1862112796616784,0.0,0.0,nan,0.0,0.0,0.0,0.0,0,audits/paper_extras/v4_runs/v2/bench2_seed42_exp.json,True
42,exp,flat_pit0_cit0.10,7,415.7253402533538,409.62736727477915,408.3773156006787,718.88485495736,876.5366894817852,0.525718266854142,0.5326751610169863,0.5341012869157659,0.17985765617823718,0.0,0.0,nan,0.0,0.0,0.0,0.0,0,audits/paper_extras/v4_runs/v2/bench2_seed42_exp.json,True
42,exp,flat_pit0_cit0.10,8,328.9146184375937,321.56401417504526,321.36260719779494,696.2859791141705,879.5472409894057,0.6260409866471794,0.6343982458368959,0.6346272352167315,0.2083586342321807,0.0,0.0,nan,0.0,0.0,0.0,0.0,1,audits/paper_extras/v4_runs/v2/bench2_seed42_exp.json,True
42,exp,flat_pit0_cit0.10,9,364.8324997813037,359.2191052356476,358.7051815681616,673.933451721394,800.9388784079439,0.5444939562598149,0.5515024742591085,0.5521441258024916,0.15857068511770003,0.0,0.0,nan,0.0,0.0,0.0,0.0,0,audits/paper_extras/v4_runs/v2/bench2_seed42_exp.json,True
42,exp,flat_pit0_cit0.20,0,343.4564135073788,336.42068759933477,335.5941285558946,700.1619396885175,870.5335096932945,0.6054644540583107,0.6135465391586566,0.614496024772061,0.1957093760409088,0.0,0.0,nan,0.0,0.0,0.0,0.0,0,audits/paper_extras/v4_runs/v2/bench2_seed42_exp.json,True
42,exp,flat_pit0_cit0.20,1,375.9250650715955,368.24794787917017,367.8115460572729,731.580266043583,938.6940120738781,0.5995233161857977,0.6077018249369764,0.6081667281070021,0.22064031874744142,0.0,0.0,nan,0.0,0.0,0.0,0.0,0,audits/paper_extras/v4_runs/v2/bench2_seed42_exp.json,True
42,exp,flat_pit0_cit0.20,2,255.66398920762109,246.42202329439203,245.44145312165986,678.91392338389,933.0133468853322,0.7259803516625981,0.7358858540266119,0.7369368252436964,0.27234275302673794,0.004166666666666667,7.716049382716049e-05,1.0,0.0,2.5080527165607976e-19,1.354348466942831e-17,-8.881784197001252e-16,0,audits/paper_extras/v4_runs/v2/bench2_seed42_exp.json,True
42,exp,flat_pit0_cit0.20,3,389.528213343051,382.6970069685952,381.52901166613094,746.0787960030563,928.03029787848,0.5802634739043214,0.5876244473445984,0.5888830218815875,0.19606202759907013,0.0,0.0,nan,0.0,0.0,0.0,0.0,0,audits/paper_extras/v4_runs/v2/bench2_seed42_exp.json,True
42,exp,flat_pit0_cit0.20,4,358.3074591738541,351.81370215499044,348.9565990170632,687.7854087059196,847.8866282673628,0.5774111216896446,0.5850698779459304,0.5884395538467824,0.18882385241598437,0.0,0.0,nan,0.0,0.0,0.0,0.0,0,audits/paper_extras/v4_runs/v2/bench2_seed42_exp.json,True
42,exp,flat_pit0_cit0.20,5,402.6089498828157,396.233993346049,394.5343349867519,737.0388778744866,902.6516189040773,0.5539708327653262,0.5610333100303719,0.5629162716555454,0.1834735988516406,0.0125,0.0002403846153846154,1.0,0.0,2.798938278950612e-19,1.4554479050543184e-17,-8.881784197001252e-16,0,audits/paper_extras/v4_runs/v2/bench2_seed42_exp.json,True
42,exp,flat_pit0_cit0.20,6,359.1938164111179,352.5162136015684,351.60221362287456,702.7297077253079,869.4668165918263,0.5868803621291708,0.594560474448724,0.5956116933811227,0.19176937599539645,0.0,0.0,nan,0.0,0.0,0.0,0.0,0,audits/paper_extras/v4_runs/v2/bench2_seed42_exp.json,True
42,exp,flat_pit0_cit0.20,7,378.4756740017858,371.64063778708606,371.2270502453552,719.430688522293,890.6788768872444,0.5750705626650906,0.5827445250684508,0.5832088759725345,0.192267036761253,0.004166666666666667,7.861635220125786e-05,1.0,0.0,2.0683682921724765e-19,1.0962351948514125e-17,-8.881784197001252e-16,0,audits/paper_extras/v4_runs/v2/bench2_seed42_exp.json,True
42,exp,flat_pit0_cit0.20,8,330.4026764835846,323.2299049709423,322.34545503756704,690.572016147483,865.0091225920031,0.6180356162099981,0.6263277501601571,0.6273502248488921,0.20165926796450256,0.008333333333333333,0.0002358490566037736,1.0,0.0,3.405723029577733e-19,1.1861609380984807e-17,-8.881784197001252e-16,0,audits/paper_extras/v4_runs/v2/bench2_seed42_exp.json,True
42,exp,flat_pit0_cit0.20,9,353.65183839836254,347.555990875315,346.06598012696514,677.5500147622936,821.3180315770599,0.5694093824784349,0.5768314130301598,0.5786455832919387,0.1750454894296051,0.0,0.0,nan,0.0,0.0,0.0,0.0,0,audits/paper_extras/v4_runs/v2/bench2_seed42_exp.json,True
42,exp,flat_pit0_cit0.30,0,348.6945265998367,341.7473919239126,340.34605326739734,719.2204164697808,889.2496265559366,0.6078777924818136,0.6156901485047567,0.6172660149596493,0.19120526453823636,0.0,0.0,nan,0.0,0.0,0.0,0.0,0,audits/paper_extras/v4_runs/v2/bench2_seed42_exp.json,True
42,exp,flat_pit0_cit0.30,1,464.1311120187268,457.86500770626225,457.4053550216687,809.0889234600181,979.1461288440696,0.5259838155448191,0.5323833754551075,0.5328528178305129,0.17367908668015913,0.0,0.0,nan,0.0,0.0,0.0,0.0,0,audits/paper_extras/v4_runs/v2/bench2_seed42_exp.json,True
42,exp,flat_pit0_cit0.30,2,361.82537946337874,354.6733581894911,353.2804190741015,718.1356718701396,905.016866324225,0.60020040186328,0.6081030405212047,0.6096421710802263,0.20649470900262173,0.008333333333333333,0.00016182755153343388,1.0,0.0,2.5019791406907753e-19,1.2882865155032188e-17,-8.881784197001252e-16,0,audits/paper_extras/v4_runs/v2/bench2_seed42_exp.json,True
42,exp,flat_pit0_cit0.30,3,383.8387031798107,376.7856264335533,376.2631658460313,749.6986095841152,929.7048667491406,0.5871391912554323,0.5947255522593492,0.5952875161752195,0.19361655897795357,0.0,0.0,nan,0.0,0.0,0.0,0.0,0,audits/paper_extras/v4_runs/v2/bench2_seed42_exp.json,True
42,exp,flat_pit0_cit0.30,4,304.82616876872095,297.9740738057216,296.611330202279,681.7390988833137,835.9403407540374,0.6353493737438718,0.6435462445358934,0.6451764369515547,0.18446441014155468,0.008333333333333333,0.00016025641025641026,1.0,0.0,2.0011606742952776e-19,1.0406035506335444e-17,-8.881784197001252e-16,0,audits/paper_extras/v4_runs/v2/bench2_seed42_exp.json,True
42,exp,flat_pit0_cit0.30,5,370.9838293885195,363.66332877814637,361.65357457155244,728.5379366190701,915.6674488527614,0.5948487304497668,0.6028434458014428,0.6050382974466683,0.20436405429519808,0.008333333333333333,0.0001633986928104575,1.0,0.0,2.9439428028247284e-19,1.5014108294406113e-17,-8.881784197001252e-16,0,audits/paper_extras/v4_runs/v2/bench2_seed42_exp.json,True
42,exp,flat_pit0_cit0.30,6,425.86800276174387,419.7436813317377,418.95092385020143,777.5108417862546,937.6613305212771,0.5458189552031653,0.5523504407520056,0.5531959032401468,0.1707977960933822,0.008333333333333333,0.00014619883040935673,1.0,0.0,2.6638382576000825e-19,1.5183878068320472e-17,-1.7763568394002505e-15,1,audits/paper_extras/v4_runs/v2/bench2_seed42_exp.json,True
42,exp,flat_pit0_cit0.30,7,387.94723935566157,380.60306062461996,380.03276846757007,753.5160934656086,937.8268216825246,0.5863338194362387,0.5941648800982335,0.5947729797429278,0.19652959795524946,0.0,0.0,nan,0.0,0.0,0.0,0.0,0,audits/paper_extras/v4_runs/v2/bench2_seed42_exp.json,True
42,exp,flat_pit0_cit0.30,8,389.0491716317472,382.71631803834816,381.4884668817731,733.3589608420154,884.4884272958868,0.5601421571775986,0.5673020627206934,0.568690267606911,0.1708665278028723,0.0,0.0,nan,0.0,0.0,0.0,0.0,0,audits/paper_extras/v4_runs/v2/bench2_seed42_exp.json,True
42,exp,flat_pit0_cit0.30,9,319.5485607752065,312.986770112964,310.6542488284254,676.748944057043,820.3174485796242,0.6104574377535144,0.6184565247820839,0.6212999621471885,0.17501578781625263,0.004166666666666667,7.575757575757576e-05,1.0,0.0,4.0372703011793926e-19,2.2204986656486658e-17,-1.7763568394002505e-15,0,audits/paper_extras/v4_runs/v2/bench2_seed42_exp.json,True
42,exp,flat_pit0_cit0.50,0,381.18009154764644,374.3557786197159,373.067172487684,761.6698797413279,924.5246540373553,0.5877015395067605,0.5950829683287276,0.5964767722975073,0.17614973660772407,0.0,0.0,nan,0.0,0.0,0.0,0.0,0,audits/paper_extras/v4_runs/v2/bench2_seed42_exp.json,True
42,exp,flat_pit0_cit0.50,1,339.7827928758955,331.22520898830265,329.47300297901387,788.683967508239,1003.6537506931131,0.6614541691880841,0.6699805996245599,0.6717264268165359,0.21418719656696159,0.0,0.0,nan,0.0,0.0,0.0,0.0,0,audits/paper_extras/v4_runs/v2/bench2_seed42_exp.json,True
42,exp,flat_pit0_cit0.50,2,297.1168920637568,288.451816452037,285.977251345175,748.6104649103768,966.6314437890488,0.6926264979555149,0.7015906959105845,0.7041506841281849,0.22554716203319736,0.004166666666666667,7.716049382716049e-05,1.0,0.0,4.725640813895439e-19,2.5518460395035373e-17,-1.7763568394002505e-15,0,audits/paper_extras/v4_runs/v2/bench2_seed42_exp.json,True
42,exp,flat_pit0_cit0.50,3,393.84188988245336,386.5301918110675,385.95394618374326,828.0957268607697,1015.2605813232639,0.6120780249646547,0.6192798194653887,0.6198474034314412,0.18435154275225432,0.0,0.0,nan,0.0,0.0,0.0,0.0,0,audits/paper_extras/v4_runs/v2/bench2_seed42_exp.json,True
42,exp,flat_pit0_cit0.50,4,333.6691000327937,326.29554773171816,323.3847985213423,714.1578650409278,889.4276025005039,0.624849623404166,0.6331398454304961,0.6364124549179829,0.1970590264646938,0.0,0.0,nan,0.0,0.0,0.0,0.0,0,audits/paper_extras/v4_runs/v2/bench2_seed42_exp.json,True
42,exp,flat_pit0_cit0.50,5,332.84962513719313,324.89704288922144,322.14543142619425,740.3436725243356,933.5751534031714,0.6434677766178193,0.6519861933933537,0.6549335848840084,0.20698010243144008,0.0,0.0,nan,0.0,0.0,0.0,0.0,0,audits/paper_extras/v4_runs/v2/bench2_seed42_exp.json,True
42,exp,flat_pit0_cit0.50,6,320.62798409603585,313.22016913662026,311.6602440845596,743.8377296082276,914.2309761982362,0.6492921455917582,0.6573949283154638,0.6591011984951808,0.18637877191448554,0.0,0.0,nan,0.0,0.0,0.0,0.0,0,audits/paper_extras/v4_runs/v2/bench2_seed42_exp.json,True
42,exp,flat_pit0_cit0.50,7,438.1324145524345,431.31745580585573,429.8685559292085,800.9602442072132,971.6151371283836,0.5490679407822542,0.556081992422825,0.55757322060699,0.17564042222061538,0.008333333333333333,0.00015577684602841832,1.0,0.0,4.1281487236003056e-19,2.209071771734196e-17,-1.7763568394002505e-15,1,audits/paper_extras/v4_runs/v2/bench2_seed42_exp.json,True
42,exp,flat_pit0_cit0.50,8,325.01677459856995,317.18839325694825,315.5880250360212,741.3725834882175,924.085419343052,0.6482827585033969,0.656754249534158,0.6584860896729893,0.19772288581798872,0.008333333333333333,0.00015723270440251572,1.0,0.0,3.8316718930422123e-19,2.0307861033123732e-17,-1.7763568394002505e-15,0,audits/paper_extras/v4_runs/v2/bench2_seed42_exp.json,True
42,exp,flat_pit0_cit0.50,9,319.4946975604531,312.3463980448782,310.1892524382044,721.0526077597251,880.830507888733,0.6372801637783283,0.6453955724200076,0.6478445629889699,0.18139460281862885,0.008333333333333333,0.00015874455732946299,1.0,0.0,4.231464937505125e-19,2.2317823955380968e-17,-1.7763568394002505e-15,0,audits/paper_extras/v4_runs/v2/bench2_seed42_exp.json,True
202,det,rl_learned,0,399.47748734039203,392.6715246275539,392.7595664909546,729.0631557736207,885.8336994705587,0.5490378300361004,0.5567209456331994,0.5566215569291421,0.17697514080875001,0.0,0.0,nan,0.0,0.0,0.0,0.0,0,audits/paper_extras/v4_runs/v2/bench2_seed202_det.json,True
202,det,rl_learned,1,543.7750132912006,538.7339149185044,538.588554381793,826.039869059316,953.0066080709402,0.42941107786030913,0.43470075615844844,0.4348532845202461,0.13322755365634678,0.004166666666666667,7.716049382716049e-05,1.0,0.0,1.1535500110414558e-06,6.229177245291343e-05,-0.007767714175768159,0,audits/paper_extras/v4_runs/v2/bench2_seed202_det.json,True
202,det,rl_learned,2,412.39626946440626,405.39216663835543,405.30871203958725,780.8228255412439,964.830056480588,0.5725710795446146,0.5798304956241672,0.5799169923063628,0.19071465456885497,0.0,0.0,nan,0.0,0.0,0.0,0.0,0,audits/paper_extras/v4_runs/v2/bench2_seed202_det.json,True
202,det,rl_learned,3,497.04559646251147,491.7008044877756,491.3384886981485,780.8976394655182,915.7100758634832,0.45720200141533385,0.46303877455523407,0.46343444104310727,0.14722174621791892,0.0,0.0,nan,0.0,0.0,0.0,0.0,0,audits/paper_extras/v4_runs/v2/bench2_seed202_det.json,True
202,det,rl_learned,4,413.80742734367874,408.27774457383754,407.3658964051226,727.6067827101518,851.436984125561,0.513989367318046,0.520483897004844,0.5215548490373675,0.14543671901049118,0.016666666666666666,0.00028134943827521264,1.0,0.0,1.379000407498404e-19,8.176327388777652e-18,-8.881784197001252e-16,0,audits/paper_extras/v4_runs/v2/bench2_seed202_det.json,True
202,det,rl_learned,5,504.77691703817936,499.9876196026397,499.58187885734213,782.9744989793536,897.8178602403598,0.437773584830399,0.44310796015041926,0.44355987892288495,0.12791387468084106,0.0,0.0,nan,0.0,0.0,0.0,0.0,0,audits/paper_extras/v4_runs/v2/bench2_seed202_det.json,True
202,det,rl_learned,6,451.8753686736197,446.34940985964033,446.32026018624975,751.8734718820588,879.6941626766621,0.4863267396265426,0.4926084214296427,0.49264155757471134,0.145301283352479,0.004166666666666667,7.575757575757576e-05,1.0,0.0,1.331199263631146e-19,7.321595949971303e-18,-8.881784197001252e-16,0,audits/paper_extras/v4_runs/v2/bench2_seed202_det.json,True
202,det,rl_learned,7,418.53793500662164,411.46425596829164,411.27509378463105,755.429061033833,919.6676325200181,0.5449030495291336,0.5525946098148284,0.5528002951917752,0.17858470351527803,0.029166666666666667,0.0005595041596706413,1.0,0.0,8.553213405050999e-07,4.362154132209645e-05,-0.022783515387218678,0,audits/paper_extras/v4_runs/v2/bench2_seed202_det.json,True
202,det,rl_learned,8,443.3048009106884,437.6306120997644,437.0714861434189,744.3281371890718,870.9736168496133,0.4910238469516905,0.4975386123833326,0.4981805674845305,0.1454067921352534,0.004166666666666667,0.00015723270440251572,1.0,0.0,1.0980601965217065e-05,0.000292410571832507,-0.03493049042510421,0,audits/paper_extras/v4_runs/v2/bench2_seed202_det.json,True
202,det,rl_learned,9,466.642824377166,461.9203208524559,462.0165256489501,738.8568400006823,843.5514939577977,0.44681169114198516,0.45241004946217844,0.4522960021311225,0.1241117521657228,0.0,0.0,nan,0.0,0.0,0.0,8.912826032769772e-11,0,audits/paper_extras/v4_runs/v2/bench2_seed202_det.json,True
202,det,free_market,0,381.4394777575903,374.9128782704843,374.5452391318613,685.0051892040016,859.1425668620792,0.5560230717577471,0.5636197148980627,0.564047628905357,0.20268740529769655,0.0,0.0,nan,0.0,0.0,0.0,0.0,0,audits/paper_extras/v4_runs/v2/bench2_seed202_det.json,True
202,det,free_market,1,496.7763264480525,491.78329810380393,491.77664138545583,762.803985796607,897.9104518375788,0.4467417932028778,0.45230251290942586,0.45230992647537166,0.15046763935587973,0.0,0.0,nan,0.0,0.0,0.0,3.6637359812630166e-12,0,audits/paper_extras/v4_runs/v2/bench2_seed202_det.json,True
202,det,free_market,2,367.24300397787385,360.52494543367834,360.6096205748843,729.7794865276545,925.6402984090407,0.6032551687636345,0.6105129108430819,0.6104214334718487,0.21159494915900395,0.0,0.0,nan,0.0,0.0,0.0,2.0523582833220644e-12,0,audits/paper_extras/v4_runs/v2/bench2_seed202_det.json,True
202,det,free_market,3,463.6746278222219,458.25121791931025,458.2438262142343,742.4232575358964,892.3355169310696,0.48038084439707507,0.4864586142493431,0.4864668977984518,0.16799987958649584,0.0,0.0,nan,0.0,0.0,0.0,0.0,0,audits/paper_extras/v4_runs/v2/bench2_seed202_det.json,True
202,det,free_market,4,396.0025649042847,390.9080551669765,390.8988854691411,689.0904455105186,809.8142659334975,0.5109958152591934,0.5172867759789772,0.517298099190016,0.1490759369172348,0.0,0.0,nan,0.0,0.0,0.0,0.0,0,audits/paper_extras/v4_runs/v2/bench2_seed202_det.json,True
202,det,free_market,5,484.39210018190556,479.6542450482757,479.69113846361967,752.2280633303537,877.5769821459018,0.4480346339560524,0.4534334254353418,0.4533913853453047,0.14283523994560302,0.0,0.0,nan,0.0,0.0,0.0,1.9118040484045196e-12,0,audits/paper_extras/v4_runs/v2/bench2_seed202_det.json,True
202,det,free_market,6,383.5550501132157,377.5680281518065,377.6352944896714,685.0954078006569,837.6966108837031,0.5421313096771446,0.5492783147904796,0.5491980156260913,0.18216762620307625,0.0,0.0,nan,0.0,0.0,0.0,0.0,0,audits/paper_extras/v4_runs/v2/bench2_seed202_det.json,True
202,det,free_market,7,445.0985385178265,439.4789888476545,439.54494840921745,725.1467833944095,873.2465728898276,0.4902945487150718,0.4967297868764714,0.496654253157118,0.16959676005977645,0.0,0.0,nan,0.0,0.0,0.0,2.9426194814163864e-10,0,audits/paper_extras/v4_runs/v2/bench2_seed202_det.json,True
202,det,free_market,8,457.9698046017162,453.01511300779134,453.0233036514508,717.3508497762209,845.2426232310954,0.45817947176984236,0.4640413290138426,0.46403163872677655,0.1513077664800962,0.0,0.0,nan,0.0,0.0,0.0,0.011478514516298555,0,audits/paper_extras/v4_runs/v2/bench2_seed202_det.json,True
202,det,free_market,9,398.9754124142545,393.9009417519595,394.0133114740839,688.4940564168313,807.327345368342,0.5058071367169874,0.5120926548422031,0.5119534675314189,0.14719343972833368,0.0,0.0,nan,0.0,0.0,0.0,1.3109069385563998e-11,0,audits/paper_extras/v4_runs/v2/bench2_seed202_det.json,True
202,det,us_federal,0,318.4508299692405,294.69470114756314,286.52923331123293,678.631639930846,859.5924111271656,0.6295327577966137,0.6571692614629576,0.6666684935764927,0.21051927501201362,0.5791666666666667,0.06299938179154736,1.0,0.0,0.013930514544556632,0.09848794268812557,-0.3605137717946191,0,audits/paper_extras/v4_runs/v2/bench2_seed202_det.json,True
202,det,us_federal,1,404.91646088402246,375.389831187397,352.12946084174274,758.8963941865893,924.2140693847846,0.5618802241849007,0.5938280495586047,0.618995779758966,0.17887379198657,0.675,0.0771867909343948,1.0,0.0,0.01630256188308988,0.11768872038275906,-0.3299793996447686,0,audits/paper_extras/v4_runs/v2/bench2_seed202_det.json,True
202,det,us_federal,2,348.4411652621283,327.35824100362333,318.698756557655,762.0220555467251,965.3862449551035,0.6390655376715741,0.6609043864936697,0.6698743552406048,0.21065577686766826,0.7583333333333333,0.18225612197956637,1.0,0.0,0.02415248607469899,0.08054758226891817,-0.47551126006631583,0,audits/paper_extras/v4_runs/v2/bench2_seed202_det.json,True
202,det,us_federal,3,378.8534626661998,346.3930518767192,324.6492719935649,712.5421071534772,858.7949152083835,0.5588545577563505,0.5966521858217242,0.6219711292599003,0.17030003958444312,0.775,0.0860536602082917,1.0,0.0,0.015789118360927376,0.11395526756355925,-0.7116780070692708,0,audits/paper_extras/v4_runs/v2/bench2_seed202_det.json,True
202,det,us_federal,4,341.1555332463364,311.9354434351033,284.76669068747555,704.4259711266234,830.7555982377072,0.5893430824059036,0.6245159899050743,0.6572196548641323,0.15206593537144808,0.7833333333333333,0.16606883814526313,1.0,0.0,0.05473882299425878,0.2008691230004266,-0.9293922150219247,0,audits/paper_extras/v4_runs/v2/bench2_seed202_det.json,True
202,det,us_federal,5,349.24967705766403,319.7648106050182,295.0358415399797,708.3173225429189,862.8244524942093,0.5952251051206642,0.6293976026286016,0.6580580896993531,0.17907133890868412,0.8833333333333333,0.09346274267455755,1.0,0.0,0.014028701503221238,0.09178211792244784,-0.8893265897020219,0,audits/paper_extras/v4_runs/v2/bench2_seed202_det.json,True
202,det,us_federal,6,364.17807168504214,332.07267476976574,305.9410661733563,720.9787582667595,857.8299881130825,0.5754659119738832,0.612892205482107,0.643354661864507,0.15953187897679647,0.7166666666666667,0.11405961552216054,1.0,0.0,0.028901591252791046,0.14977649021044825,-0.472054101701432,0,audits/paper_extras/v4_runs/v2/bench2_seed202_det.json,True
202,det,us_federal,7,392.74647847353066,365.7616466905643,356.8346812588713,725.097406469183,867.4067326358524,0.5472176273291502,0.578327406360915,0.5886189629004475,0.16406297162834285,0.475,0.07241205335709894,1.0,0.0,0.02243525171685308,0.17503522719447892,-0.24918314723349708,0,audits/paper_extras/v4_runs/v2/bench2_seed202_det.json,True
202,det,us_federal,8,358.9414215983876,327.68516929313154,312.8883172413749,721.3543637270074,878.3717109063905,0.591355895070896,0.6269402062653023,0.6437859810870891,0.17875956753816347,0.6875,0.08102654507753462,1.0,0.0,0.019005881380479775,0.12648690974893242,-0.8024597817962101,0,audits/paper_extras/v4_runs/v2/bench2_seed202_det.json,True
202,det,us_federal,9,284.6754165176844,252.38176831538743,237.87139301320377,671.3585843728944,806.7838698851665,0.6471478581268566,0.6871754905668724,0.7051609459581025,0.16785819668351565,0.7416666666666667,0.1358410788333852,1.0,0.0,0.05447327677885009,0.21169706582431122,-0.49433288316139146,0,audits/paper_extras/v4_runs/v2/bench2_seed202_det.json,True
202,det,saez,0,138.35135661076927,142.73790774274488,194.76922991196815,404.88462065549595,649.9120239848448,0.7871229466374737,0.7803734929112908,0.7003144691526588,0.37701626418141576,0.9458333333333333,0.7981248424098999,0.4008810572687225,0.9291666666666667,0.2935507565592342,inf,-17.31037211848752,47,audits/paper_extras/v4_runs/v2/bench2_seed202_det.json,True
202,det,saez,1,141.1929616692268,145.9523353874268,186.3133924145228,450.5183603227422,743.6699801292513,0.8101402968495687,0.8037404503512969,0.7494676437226346,0.39419584982515865,0.9541666666666667,0.7906892607238836,0.4672489082969432,0.925,0.47194813410659886,inf,-16.035835271988432,38,audits/paper_extras/v4_runs/v2/bench2_seed202_det.json,True
202,det,saez,2,151.4876028237707,146.9737384504574,183.0496783562529,432.9187095779907,745.2297482103978,0.7967236235703761,0.8027806340213852,0.7543714823571788,0.41908020899916304,0.95,0.7449907625240966,0.7587719298245614,0.9291666666666667,0.4139718293624385,inf,-15.940469956109938,42,audits/paper_extras/v4_runs/v2/bench2_seed202_det.json,True
202,det,saez,3,112.06059665601585,115.3154665628246,168.93109743819662,396.1646941086984,656.982088615989,0.8294312758326717,0.8244770008787449,0.7428680319214332,0.3969931586060945,0.9458333333333333,0.8097319375677172,0.4933920704845815,0.925,0.17357093075884517,0.6806240062412033,-17.23555056894274,48,audits/paper_extras/v4_runs/v2/bench2_seed202_det.json,True
202,det,saez,4,119.97310926068364,129.5191945668839,184.44355189182664,387.4992000487681,617.3540848531445,0.8056656427741582,0.7902027414337207,0.7012353908119003,0.37232261103294395,0.95,0.8143550691564854,0.32894736842105265,0.9291666666666667,0.42183250195670224,inf,-18.33136493625632,45,audits/paper_extras/v4_runs/v2/bench2_seed202_det.json,True
202,det,saez,5,132.96292669002707,138.58726658518796,192.29451722873665,422.7451330925404,685.0680698247088,0.8059128245109295,0.7977029251696859,0.7193059701674027,0.382915141263685,0.9541666666666667,0.7887335081015687,0.37117903930131,0.9291666666666667,0.323550807613077,inf,-17.520095974637666,44,audits/paper_extras/v4_runs/v2/bench2_seed202_det.json,True
202,det,saez,6,132.74532948588782,137.71706405396958,187.08660780255536,398.4381935121949,638.4222686642876,0.7920728395586534,0.7842853064287648,0.70695475865217,0.3759017924831935,0.95,0.8006625125244807,0.37280701754385964,0.925,0.28448751544163736,inf,-16.543128628084347,41,audits/paper_extras/v4_runs/v2/bench2_seed202_det.json,True
202,det,saez,7,131.24938437015504,143.51846379987646,201.48766723812318,415.9616115753839,659.0822075903249,0.8008603739281374,0.782244973165646,0.6942905377846814,0.3688774984592831,0.9458333333333333,0.8132818683962894,0.33480176211453744,0.925,0.35766946654913206,inf,-16.560106632194316,38,audits/paper_extras/v4_runs/v2/bench2_seed202_det.json,True
202,det,saez,8,129.4745889480279,134.78161591833768,181.24909614517057,391.1364887168224,633.4767246261033,0.7956127132777489,0.7872350937630901,0.713881995818948,0.38255586430948557,0.9541666666666667,0.7958680085506411,0.4497816593886463,0.9291666666666667,0.5122374321433705,inf,-15.911027558409241,45,audits/paper_extras/v4_runs/v2/bench2_seed202_det.json,True
202,det,saez,9,105.1620340034143,145.749604488479,217.7071452315353,353.5535023316813,500.84001093443084,0.7900286883885123,0.70898969470001,0.5653159881828268,0.2940789581246777,0.9541666666666667,0.8586001876887787,0.14410480349344978,0.9291666666666667,1.145138710141396,inf,-16.76334840607178,52,audits/paper_extras/v4_runs/v2/bench2_seed202_det.json,True
202,det,free_market+rl_aux,0,299.9956024430525,291.98736182965143,291.86341246443226,650.9615853055524,865.2984249439033,0.6533038847695799,0.662558773467569,0.6627020181120131,0.2477027964684511,0.0,0.0,nan,0.0,0.0,0.0,0.0,0,audits/paper_extras/v4_runs/v2/bench2_seed202_det.json,True
202,det,free_market+rl_aux,1,497.65533656174307,492.65736020563907,492.65077070944045,763.9617195679722,899.1762019706657,0.4465430296408375,0.452101424475076,0.4521087528454045,0.1503759575780061,0.0,0.0,nan,0.0,0.0,0.0,3.713473972766224e-12,0,audits/paper_extras/v4_runs/v2/bench2_seed202_det.json,True
202,det,free_market+rl_aux,2,362.39712227012245,355.6044201360026,355.7580318018479,718.2160646756787,915.8109079803871,0.6042882661560486,0.6117054109781163,0.6115376780274528,0.21575943416142415,0.0,0.0,nan,0.0,0.0,0.0,1.971312002524428e-12,0,audits/paper_extras/v4_runs/v2/bench2_seed202_det.json,True
202,det,free_market+rl_aux,3,462.8431640170338,457.40703821382886,457.401692766594,742.7877265843209,892.7450297483222,0.4815505563245577,0.4876397818279889,0.4876457694807416,0.1679732713900143,0.0,0.0,nan,0.0,0.0,0.0,0.0,0,audits/paper_extras/v4_runs/v2/bench2_seed202_det.json,True
202,det,free_market+rl_aux,4,396.75312768673365,391.6527740561863,391.6433764971133,690.1936707898451,811.024104196404,0.5107998324169996,0.517088614222814,0.5171002014975009,0.14898500893050848,0.0,0.0,nan,0.0,0.0,0.0,0.0,0,audits/paper_extras/v4_runs/v2/bench2_seed202_det.json,True
202,det,free_market+rl_aux,5,473.4139831981043,468.5910823969805,468.59721139490756,740.3307529008514,868.8790032717989,0.45514394821897536,0.46069466446711005,0.46068761055292407,0.1479472399343221,0.0,0.0,nan,0.0,0.0,0.0,5.730971253115058e-13,0,audits/paper_extras/v4_runs/v2/bench2_seed202_det.json,True
202,det,free_market+rl_aux,6,385.4517171388013,379.4712298700322,379.54966433252065,686.3896189266461,838.8364127377847,0.540492387686452,0.5476218913393157,0.5475283874554864,0.18173602325343083,0.0,0.0,nan,0.0,0.0,0.0,0.0,0,audits/paper_extras/v4_runs/v2/bench2_seed202_det.json,True
202,det,free_market+rl_aux,7,445.3411707272847,439.7094484603134,439.77546092547766,726.1692653848482,874.5545159029825,0.490779405252436,0.49721893779679255,0.49714345655009623,0.1696695263930181,0.0,0.0,nan,0.0,0.0,0.0,2.946511923340722e-10,0,audits/paper_extras/v4_runs/v2/bench2_seed202_det.json,True
202,det,free_market+rl_aux,8,463.0314902094167,458.136913601524,458.15788827576125,717.1889931307786,843.5842483053239,0.4511141108435814,0.45691623033280304,0.456891366575236,0.14983121772183475,0.0,0.0,nan,0.0,0.0,0.0,0.05966412892622053,0,audits/paper_extras/v4_runs/v2/bench2_seed202_det.json,True
202,det,free_market+rl_aux,9,397.40064494690625,392.2960279014982,392.4089223692127,689.156551522738,808.5881781925893,0.5085252843602006,0.5148382842074384,0.5146986649664462,0.14770389908100426,0.0,0.0,nan,0.0,0.0,0.0,1.539923744076077e-11,0,audits/paper_extras/v4_runs/v2/bench2_seed202_det.json,True
202,det,us_federal+rl_aux,0,318.24733001792146,294.4704125927366,286.08244165770697,678.197074989033,859.5043685349507,0.6297315736040028,0.657395094925847,0.6671541738114228,0.21094400468837757,0.5791666666666667,0.06304418465893087,1.0,0.0,0.01395262520698059,0.0986106648018353,-0.3583854285314193,0,audits/paper_extras/v4_runs/v2/bench2_seed202_det.json,True
202,det,us_federal+rl_aux,1,404.58999235411073,375.0536440767881,351.7714949937052,758.4488214538306,924.0470954048152,0.5621543594843895,0.5941184751925647,0.6193143220264138,0.17920977704977006,0.675,0.07739685829467223,1.0,0.0,0.016323620840528446,0.11776402241399458,-0.3285497323714065,0,audits/paper_extras/v4_runs/v2/bench2_seed202_det.json,True
202,det,us_federal+rl_aux,2,340.7561309714938,319.0653281265595,312.4281263205402,763.3449822126069,964.2824822517199,0.6466220871546005,0.6691163284626905,0.675999375627999,0.20838032810665494,0.7583333333333333,0.1900309255984326,1.0,0.0,0.02731263350390552,0.088490468824871,-0.4687120526552231,0,audits/paper_extras/v4_runs/v2/bench2_seed202_det.json,True
202,det,us_federal+rl_aux,3,376.27022058829675,343.55445981200165,320.1674562605948,742.9631896239196,895.4933110243007,0.5798179439688902,0.6163517297309229,0.6424680650105866,0.1703308327629061,0.775,0.12866361289527717,1.0,0.0,0.028222573680980034,0.1337195058793465,-0.7088789972199749,0,audits/paper_extras/v4_runs/v2/bench2_seed202_det.json,True
202,det,us_federal+rl_aux,4,334.9801277251553,303.20945113284495,276.5672011435651,698.2537155930453,825.8394867723473,0.5943762279588156,0.6328469926790649,0.6651078017297516,0.15449221455606252,0.7833333333333333,0.1635988461945125,1.0,0.0,0.050403927607703326,0.19744958275752456,-0.9345584417078022,0,audits/paper_extras/v4_runs/v2/bench2_seed202_det.json,True
202,det,us_federal+rl_aux,5,341.33318545730765,311.61933984671555,287.80241476436834,705.5951809177097,866.0321844432576,0.6058654729134125,0.6401757978001188,0.6676769986910052,0.18525524386681697,0.8833333333333333,0.0886501030736865,1.0,0.0,0.012642799720311163,0.0877807937319937,-0.8652531404329751,0,audits/paper_extras/v4_runs/v2/bench2_seed202_det.json,True
202,det,us_federal+rl_aux,6,354.22633154526625,320.9303228525838,297.1395717074677,727.8978797906052,871.040370472724,0.5933296049722433,0.6315551681279582,0.6588681974106361,0.16433508197149774,0.7166666666666667,0.10712335003459492,1.0,0.0,0.031951887471313584,0.15516743749106665,-0.46925823264677613,0,audits/paper_extras/v4_runs/v2/bench2_seed202_det.json,True
202,det,us_federal+rl_aux,7,392.5297425626555,365.4796511086184,356.24357847713645,724.629902327616,867.0370803632042,0.5472745613160815,0.5784728711308195,0.5891253251499866,0.16424577594297746,0.475,0.07241393979362035,1.0,0.0,0.022453210731541533,0.17572670331192133,-0.24471375918945948,0,audits/paper_extras/v4_runs/v2/bench2_seed202_det.json,True
202,det,us_federal+rl_aux,8,349.9258122846749,321.3192841186363,307.92384778115735,713.0124438864118,868.1645579631147,0.5969360772966016,0.6298866601137062,0.6453162652670279,0.17871279431254414,0.6916666666666667,0.09328647978733243,1.0,0.0,0.023357673394761573,0.12692340615424266,-0.7955664710909218,0,audits/paper_extras/v4_runs/v2/bench2_seed202_det.json,True
202,det,us_federal+rl_aux,9,305.7945885429411,274.31467363993573,255.63230496763708,671.7410791842409,801.2991907835034,0.6183765164620498,0.6576626099276186,0.6809777073184337,0.16168506481652836,0.7416666666666667,0.1511573892616324,1.0,0.0,0.059335145385905105,0.22743837269488562,-0.4102402984023826,0,audits/paper_extras/v4_runs/v2/bench2_seed202_det.json,True
202,det,saez+rl_aux,0,110.65177648174415,143.5475396880663,235.83722865964174,398.5448460898906,582.1729629575431,0.8099331581466558,0.7534280208431201,0.594901784065089,0.3154184899532069,0.9458333333333333,0.8451519234926014,0.17180616740088106,0.9291666666666667,0.3961153778912593,inf,-16.734166436118503,30,audits/paper_extras/v4_runs/v2/bench2_seed202_det.json,True
202,det,saez+rl_aux,1,117.03381130727215,144.71543166555986,201.42058034132728,430.547762518112,668.3403098190414,0.8248888932960515,0.7834704423189097,0.698625718990579,0.3557956086253628,0.9541666666666667,0.8344719438115766,0.2183406113537118,0.925,0.4394290244262955,inf,-15.96776060856396,32,audits/paper_extras/v4_runs/v2/bench2_seed202_det.json,True
202,det,saez+rl_aux,2,109.88419551421383,111.19859712346089,163.91285371261543,394.92378915581344,660.5491540269759,0.8336472087742219,0.8316573468521622,0.7518536618912671,0.4021280827502424,0.95,0.781464196840323,0.43859649122807015,0.9291666666666667,0.1796291182289452,inf,-15.656533689314664,48,audits/paper_extras/v4_runs/v2/bench2_seed202_det.json,True
202,det,saez+rl_aux,3,96.53556321311868,142.18684371835886,231.51297877221344,396.660533514013,554.027105045223,0.8257566058880118,0.7433576039447516,0.582126981398652,0.2840412862442258,0.9458333333333333,0.8655159091879949,0.14096916299559473,0.925,0.4639070529884494,inf,-17.231946532387724,29,audits/paper_extras/v4_runs/v2/bench2_seed202_det.json,True
202,det,saez+rl_aux,4,181.34270189676062,246.34677062853265,248.30673375674306,389.463022252599,523.5261539455545,0.6536129082948933,0.5294470605299461,0.5257032874377344,0.25607723832436796,0.95,0.8557019654244992,0.20614035087719298,0.9291666666666667,inf,inf,-18.360509533029987,40,audits/paper_extras/v4_runs/v2/bench2_seed202_det.json,True
202,det,saez+rl_aux,5,118.26674765842388,128.6285070798749,194.19100071412333,408.0528165895677,651.3700118137906,0.818433846333974,0.8025262066921092,0.7018729797317759,0.3735468179548013,0.9541666666666667,0.8205060995871214,0.28820960698689957,0.9291666666666667,0.2510248219508299,inf,-17.805074457840924,41,audits/paper_extras/v4_runs/v2/bench2_seed202_det.json,True
202,det,saez+rl_aux,6,101.01256316043558,123.95854088644413,185.69666105230257,370.0210746007508,558.1362067529436,0.8190180784936099,0.7779062899223204,0.6672914983734421,0.3370416215184927,0.95,0.8407341193252813,0.2324561403508772,0.925,0.391820250108075,inf,-16.518945771361285,40,audits/paper_extras/v4_runs/v2/bench2_seed202_det.json,True
202,det,saez+rl_aux,7,126.5466091049546,128.00651302539552,185.7154817975982,432.27112390615383,723.5241030855727,0.8250968992390463,0.8230791310483047,0.7433181824826737,0.40254772154421475,0.9458333333333333,0.7962893839365008,0.40969162995594716,0.925,0.20317286705089638,inf,-16.194305190974266,42,audits/paper_extras/v4_runs/v2/bench2_seed202_det.json,True
202,det,saez+rl_aux,8,105.86173916781667,119.64855730669204,179.3475107612554,382.7249818900702,606.2660479445597,0.8253873204235622,0.8026467790628556,0.7041768850996981,0.36871777136847245,0.9541666666666667,0.8160170560816501,0.34934497816593885,0.9291666666666667,0.22217834852650603,inf,-15.577670306867638,44,audits/paper_extras/v4_runs/v2/bench2_seed202_det.json,True
202,det,saez+rl_aux,9,113.18601071437327,119.64994417862619,174.26029396058638,360.32348539025935,572.4899070653333,0.8022916922770198,0.7910007797482942,0.6956098407850192,0.3706029033117282,0.95,0.8008710309547846,0.41228070175438597,0.9291666666666667,0.4346941449488485,inf,-16.753206810366297,62,audits/paper_extras/v4_runs/v2/bench2_seed202_det.json,True
202,det,rl_mean_fixed,0,416.91820671613,410.5661161198327,410.5943480759628,724.2961362610702,870.3804787496532,0.5209931554128435,0.528291217296564,0.5282587809577222,0.16783963571706118,0.1125,0.0011363636363636365,1.0,0.0,5.516607712628762e-05,0.00546176014457941,-0.0048795137775254314,0,audits/paper_extras/v4_runs/v2/bench2_seed202_det.json,True
202,det,rl_mean_fixed,1,458.4874861645495,451.8876747493917,451.84271280821974,786.7805114580052,939.6660527094269,0.5120740130575647,0.5190975842466355,0.5191454330978762,0.16270199483166653,0.2875,0.0049377216274732565,1.0,0.0,7.86198586628851e-05,0.00449626892304824,-0.025477445418115696,0,audits/paper_extras/v4_runs/v2/bench2_seed202_det.json,True
202,det,rl_mean_fixed,2,378.2284454902776,370.85713582818664,370.91471189713917,742.0146655933096,921.2025637168638,0.5894188092961843,0.597420642934542,0.597358141948092,0.19451519696229216,0.26666666666666666,0.012962506229057211,1.0,0.0,0.00017995275018164173,0.0034282277705886387,-0.02378050511785723,0,audits/paper_extras/v4_runs/v2/bench2_seed202_det.json,True
202,det,rl_mean_fixed,3,474.01901231567274,467.7952887321554,467.70610780981536,786.5759075578658,935.1886306681956,0.49313005230080226,0.49978509854432895,0.4998804599713347,0.15891202933481505,0.3458333333333333,0.015208119450272823,1.0,0.0,0.00020055597629852235,0.0037324860889244005,-0.028310731705877806,0,audits/paper_extras/v4_runs/v2/bench2_seed202_det.json,True
202,det,rl_mean_fixed,4,405.3647669624941,399.3020260329923,398.48695724089777,712.6067213624646,834.8364236852125,0.5144380917484466,0.5217002819901458,0.5226766035412547,0.14641155902516834,0.3416666666666667,0.012610178837910529,1.0,0.0,0.00019438487420829094,0.005075253664057202,-0.027327207398494528,0,audits/paper_extras/v4_runs/v2/bench2_seed202_det.json,True
202,det,rl_mean_fixed,5,476.58294758289736,470.7138120214511,470.09055206479695,779.5821201475565,910.7581303295686,0.4767184264273983,0.4831626571907542,0.4838469881189103,0.14402946931096244,0.35,0.01758070413991304,1.0,0.0,0.00025529399316791225,0.004961565832450056,-0.026570527145317213,0,audits/paper_extras/v4_runs/v2/bench2_seed202_det.json,True
202,det,rl_mean_fixed,6,480.7891315162965,475.28327231564896,475.33454613201235,756.3641061338833,875.6299856858597,0.45092203399166814,0.45720991733355143,0.45715136084599206,0.13620579639990094,0.3,0.007662273669992864,1.0,0.0,0.00014273729710609026,0.006000932487782505,-0.004877562705448225,0,audits/paper_extras/v4_runs/v2/bench2_seed202_det.json,True
202,det,rl_mean_fixed,7,475.1281505035987,469.2409478374731,469.25277077556166,768.880858421357,902.9046718081281,0.4737781680184218,0.48029846063617526,0.4802853662991343,0.14843628300026335,0.20416666666666666,0.0019825972460181477,1.0,0.0,5.587978459771497e-05,0.005755093903290954,-0.004859132692217799,0,audits/paper_extras/v4_runs/v2/bench2_seed202_det.json,True
202,det,rl_mean_fixed,8,478.1963329125724,472.63616166571137,472.1815423308038,755.9385995372545,877.3403662039617,0.45494775877962673,0.46128528918520745,0.4618034681638798,0.13837476462183437,0.36666666666666664,0.013923245992793204,1.0,0.0,0.0001889587460775985,0.0047162675149337125,-0.027312748877190263,0,audits/paper_extras/v4_runs/v2/bench2_seed202_det.json,True
202,det,rl_mean_fixed,9,436.32727715234716,430.6885582255442,430.21587520804934,728.8121740775134,841.0055399409973,0.48118382527782316,0.48788855985923685,0.4884506049291517,0.13340383687764418,0.2833333333333333,0.017156862745098037,1.0,0.0,0.00043713544488247695,0.007187740187814777,-0.004882013382553272,0,audits/paper_extras/v4_runs/v2/bench2_seed202_det.json,True
202,det,flat_pit0.10_cit0,0,305.7601693187403,281.6299852571044,269.4027029013313,680.4438328978301,871.5042744425111,0.6491581529943377,0.676846122829106,0.6908762116242466,0.21923064194596129,0.6208333333333333,0.07628922550700117,1.0,0.0,0.017815553253260244,0.09825844563567315,-0.28566132994218085,0,audits/paper_extras/v4_runs/v2/bench2_seed202_det.json,True
202,det,flat_pit0.10_cit0,1,367.8836640535182,342.0594483281989,330.2736909658192,711.2003831421152,883.933449149548,0.5838106766889891,0.6130257898291982,0.6263590983194687,0.1954141074462371,0.625,0.06330449394779901,1.0,0.0,0.012080957016240358,0.10017260503657424,-0.3044212664066576,0,audits/paper_extras/v4_runs/v2/bench2_seed202_det.json,True
202,det,flat_pit0.10_cit0,2,318.34072953174575,298.2010458770336,290.4134490950859,740.569837032507,951.6442683363656,0.6654834793590898,0.6866465171924597,0.6948298237504467,0.2217997189988358,0.75,0.18708103333919693,1.0,0.1125,0.025701410573565737,0.08076675233734108,-0.4060061708329757,0,audits/paper_extras/v4_runs/v2/bench2_seed202_det.json,True
202,det,flat_pit0.10_cit0,3,369.1268359188155,336.9835787117674,311.0545513864434,717.832793524104,868.3772470218265,0.5749234135454754,0.6119387283954282,0.6417979024056292,0.17336296409656923,0.7041666666666667,0.10669261375811237,1.0,0.0,0.026365202178184128,0.1443066984052157,-0.3459761994634864,0,audits/paper_extras/v4_runs/v2/bench2_seed202_det.json,True
202,det,flat_pit0.10_cit0,4,327.91128903677895,296.4710443333702,272.1497330022256,689.2522493924073,822.6721604014584,0.6014070916454004,0.6396243137865583,0.6691881090647113,0.16217871155861543,0.7875,0.16499900754098354,1.0,0.0,0.04641088033885327,0.1840778019496525,-0.866838146908766,0,audits/paper_extras/v4_runs/v2/bench2_seed202_det.json,True
202,det,flat_pit0.10_cit0,5,368.2072954606934,333.08525350633835,307.4588470150671,734.7384998479747,890.0585095683294,0.5863111340407602,0.6257715083608585,0.654563330713863,0.17450539267995266,0.8708333333333333,0.1165491147336519,1.0,0.0,0.02176884218373345,0.1226095577355963,-0.7307820517461526,0,audits/paper_extras/v4_runs/v2/bench2_seed202_det.json,True
202,det,flat_pit0.10_cit0,6,361.1710819123179,329.810703147822,301.9018510665811,716.4167211492379,863.8457226585815,0.5819032583726019,0.6182064754192533,0.6505141564659896,0.17066589281198782,0.6958333333333333,0.1106060606477255,1.0,0.0,0.02818673661570084,0.14815233287490992,-0.35844990026651374,0,audits/paper_extras/v4_runs/v2/bench2_seed202_det.json,True
202,det,flat_pit0.10_cit0,7,391.1641825608204,363.4234934960678,347.276111044367,726.2892764540632,875.3538821338526,0.553135948163869,0.5848267758747475,0.6032734667288948,0.17029067754450838,0.5041666666666667,0.07240373552659249,1.0,0.0,0.02658199122401703,0.1769365957408716,-0.22883190970133382,0,audits/paper_extras/v4_runs/v2/bench2_seed202_det.json,True
202,det,flat_pit0.10_cit0,8,336.4018274035963,301.4732588963107,287.6929567611895,687.930594140062,841.4603097137968,0.6002166429953,0.6417261094598153,0.6581027608312963,0.18245627726155547,0.7166666666666667,0.0780100769974787,1.0,0.0,0.01777324670673684,0.13339537114787456,-0.7389385944721212,0,audits/paper_extras/v4_runs/v2/bench2_seed202_det.json,True
202,det,flat_pit0.10_cit0,9,324.1780392485136,291.98399181865494,272.28211205570136,694.1671136341726,816.7275915904851,0.6030769101148973,0.6424952519969982,0.6666182031080123,0.1500628596587999,0.7791666666666667,0.19809102208477017,1.0,0.0,0.07301260829543064,0.25745587535700876,-0.6336241250571568,0,audits/paper_extras/v4_runs/v2/bench2_seed202_det.json,True
202,det,flat_pit0.20_cit0,0,233.84661184090814,203.3804222477999,187.84019395590775,632.8002126010439,837.6475096515859,0.7208293355540744,0.7572004692852311,0.7757526981318924,0.2445507145789127,0.8291666666666667,0.2906072392682066,1.0,0.20416666666666666,0.22462776824861028,inf,-1.029309518798051,0,audits/paper_extras/v4_runs/v2/bench2_seed202_det.json,True
202,det,flat_pit0.20_cit0,1,290.75132188751604,278.0410879859623,243.9036599264348,715.7679875202831,869.2652233830619,0.6655205867365181,0.6801424001481801,0.7194139908448253,0.17658274107111802,0.8875,0.3363883306594635,0.647887323943662,0.39166666666666666,0.42613257907412216,inf,-1.5563920405450842,0,audits/paper_extras/v4_runs/v2/bench2_seed202_det.json,True
202,det,flat_pit0.20_cit0,2,215.50043147742664,203.79677175354286,220.0242420901189,645.7453511205853,895.4026032539521,0.7593256589892816,0.7723964940319227,0.7542733946824185,0.2788212265924802,0.8625,0.3628446236599402,0.7391304347826086,0.39166666666666666,0.0716812520274684,0.18301300956131733,-1.446676232468329,0,audits/paper_extras/v4_runs/v2/bench2_seed202_det.json,True
202,det,flat_pit0.20_cit0,3,293.90016998227077,278.80978839531224,254.71293762849191,716.3819704536685,887.2886994969238,0.6687660170259052,0.6857733130677848,0.7129311600915131,0.1926168214924367,0.8916666666666667,0.34420701291045563,0.6822429906542056,0.35833333333333334,0.4053582551067092,inf,-1.5784052940274949,0,audits/paper_extras/v4_runs/v2/bench2_seed202_det.json,True
202,det,flat_pit0.20_cit0,4,224.07480789942647,260.8883494664356,231.30260144128732,640.2046093306433,804.6177273052537,0.7215139558882505,0.6757611215698949,0.7125310646386785,0.20433693217926802,0.9125,0.4407594621171505,0.6712328767123288,0.4375,1.2135725935417017,inf,-2.016156910241474,0,audits/paper_extras/v4_runs/v2/bench2_seed202_det.json,True
202,det,flat_pit0.20_cit0,5,286.1970332295257,260.32472016548377,227.8610640710881,690.1060760643834,850.1947830098723,0.6633747478238732,0.6938057897228229,0.7319895762422689,0.18829650586509178,0.8958333333333334,0.3342579785048014,1.0,0.35,0.40501333794495525,inf,-1.7765477214392527,0,audits/paper_extras/v4_runs/v2/bench2_seed202_det.json,True
202,det,flat_pit0.20_cit0,6,222.75643580551477,218.73746554932097,211.07963641975525,643.6294676587381,838.0065351567232,0.734182937172614,0.7389788069989062,0.7481169566532326,0.23195173228766394,0.8583333333333333,0.35934678914831747,0.7184466019417476,0.3625,0.30489519030394546,inf,-1.5346404092259587,0,audits/paper_extras/v4_runs/v2/bench2_seed202_det.json,True
202,det,flat_pit0.20_cit0,7,244.1742110497852,218.99015602157485,200.95596611087115,657.1281010838518,835.8493961059306,0.707872958708413,0.7380028542919216,0.7595787386494646,0.21381997265860175,0.8375,0.2954716881977221,1.0,0.29583333333333334,0.30317772028123813,inf,-1.3786084746164513,0,audits/paper_extras/v4_runs/v2/bench2_seed202_det.json,True
202,det,flat_pit0.20_cit0,8,236.3397167417225,280.0297301105893,240.7565958767807,677.2650801985677,846.9240611601543,0.7209434380480656,0.6693567428855521,0.7157282371373632,0.20032372291936085,0.9125,0.38376867744931537,0.6575342465753424,0.325,0.7039838560635947,inf,-1.6885295228548283,0,audits/paper_extras/v4_runs/v2/bench2_seed202_det.json,True
202,det,flat_pit0.20_cit0,9,242.4660552506375,318.99741594912814,262.096803519525,663.657886676253,803.8708192622342,0.6983768418498326,0.6031732856755601,0.6739565646131195,0.17442221962312796,0.8875,0.47645030282940526,0.5821596244131455,0.3875,1.9977152204995676,inf,-1.828909086680119,0,audits/paper_extras/v4_runs/v2/bench2_seed202_det.json,True
202,det,flat_pit0.30_cit0,0,176.4212676033,208.8401662339309,202.21405567768193,589.4172339263773,848.1830790232582,0.7920009583232179,0.7537793768835558,0.7615914999028919,0.30508253641992916,0.9,0.6078974579815815,0.7407407407407407,0.7416666666666667,7.846266132124665,inf,-2.7758382201303435,7,audits/paper_extras/v4_runs/v2/bench2_seed202_det.json,True
202,det,flat_pit0.30_cit0,1,246.5930568023783,320.1705245821381,266.641739357632,664.0444045287446,875.9143371759376,0.7184735466285133,0.6344727891834608,0.6955846844369281,0.24188430723749701,0.925,0.5894657855525461,0.5945945945945946,0.7291666666666666,6.595743266614503,inf,-2.6891847225612495,3,audits/paper_extras/v4_runs/v2/bench2_seed202_det.json,True
202,det,flat_pit0.30_cit0,2,274.9823396956326,263.1747339482416,286.42130678064547,662.6897196564807,944.7936424236101,0.7089498411629438,0.7214473911222151,0.6968424702288324,0.298587871573171,0.9083333333333333,0.5089792227073034,0.6238532110091743,0.75,0.19287128175481355,0.6748858307672171,-2.7099106292198876,13,audits/paper_extras/v4_runs/v2/bench2_seed202_det.json,True
202,det,flat_pit0.30_cit0,3,212.51755450692386,278.33737819894816,259.5754333520459,639.4194072560781,871.211939029427,0.7560667559908799,0.6805170295197863,0.7020524837604663,0.2660575703675241,0.9083333333333333,0.5926936117395549,0.6651376146788991,0.6833333333333333,1.6797875807255396,inf,-3.4179836272348294,6,audits/paper_extras/v4_runs/v2/bench2_seed202_det.json,True
202,det,flat_pit0.30_cit0,4,269.8103369614247,350.62645766433224,282.44849784929676,614.4252747628825,779.9230938935912,0.6540552022707046,0.5504345743707777,0.6378508341902841,0.21219761336274567,0.9208333333333333,0.6789636934036689,0.5520361990950227,0.7416666666666667,inf,inf,-4.5660119981072,9,audits/paper_extras/v4_runs/v2/bench2_seed202_det.json,True
202,det,flat_pit0.30_cit0,5,250.98720588148493,329.29880578988866,266.692216969591,638.4154101625303,839.6360728628244,0.7010761995661781,0.6078076961759028,0.6823716541140534,0.23965223649123585,0.9166666666666666,0.6311843702834047,0.6318181818181818,0.7333333333333333,33.3621595183801,inf,-3.2403459513791546,7,audits/paper_extras/v4_runs/v2/bench2_seed202_det.json,True
202,det,flat_pit0.30_cit0,6,179.13633567461497,192.50809337276112,188.7599625272403,573.267242673714,846.6870047154184,0.7884267330466176,0.7726336978120204,0.7770605176694725,0.3229289696416257,0.9,0.6040046107876555,0.8564814814814815,0.7333333333333333,81.776242464948,inf,-3.5337161883352217,5,audits/paper_extras/v4_runs/v2/bench2_seed202_det.json,True
202,det,flat_pit0.30_cit0,7,214.24718541993923,265.11724762939076,230.03127242716317,626.7060353373441,876.3473162103842,0.755522517777067,0.697474685292761,0.7375112946977523,0.28486568767343473,0.8791666666666667,0.5977408516204015,0.6872037914691943,0.6583333333333333,13.55728625892289,inf,-2.415671273221952,0,audits/paper_extras/v4_runs/v2/bench2_seed202_det.json,True
202,det,flat_pit0.30_cit0,8,204.81608655776014,258.5311487857539,228.9219873251064,616.2356712596242,840.5587336184419,0.7563334025737063,0.6924294062440735,0.727654977374821,0.2668737512168253,0.925,0.6285838367223964,0.6306306306306306,0.7041666666666667,111.42456297216171,inf,-4.121399321996952,4,audits/paper_extras/v4_runs/v2/bench2_seed202_det.json,True
202,det,flat_pit0.30_cit0,9,180.17955112066275,205.86622822751448,201.5794578883991,564.7239431128774,802.0523213332732,0.7753518737765818,0.7433256874248584,0.7486704389143739,0.29590136691566266,0.9125,0.6411373253514153,0.6757990867579908,0.7416666666666667,inf,inf,-4.140680823568548,10,audits/paper_extras/v4_runs/v2/bench2_seed202_det.json,True
202,det,flat_pit0.50_cit0,0,124.62520762144696,130.65045586572992,162.19180852402744,354.5923192272328,636.4045076881273,0.804172965282452,0.7947053261135043,0.7451435265390826,0.4428192840503854,0.9333333333333333,0.769420481488577,0.6383928571428571,0.9,0.31902430901582085,inf,-7.758737283010171,38,audits/paper_extras/v4_runs/v2/bench2_seed202_det.json,True
202,det,flat_pit0.50_cit0,1,118.76501724285798,121.2952111702091,166.84059809202134,393.3216221059751,696.8354413036624,0.8295651882736209,0.8259342106031718,0.7605738913338126,0.4355602502505667,0.9375,0.7689453246359764,0.48444444444444446,0.8958333333333334,0.08493013383835556,0.1624100820937015,-7.534401165690225,43,audits/paper_extras/v4_runs/v2/bench2_seed202_det.json,True
202,det,flat_pit0.50_cit0,2,139.94226164316328,132.16987753203472,166.52867994925688,388.3705436250656,712.9590865677017,0.8037162801068045,0.8146178651452196,0.7664260360984353,0.45526952255459274,0.925,0.6932969009560003,0.8063063063063063,0.8958333333333334,0.07707794105073217,0.1827462649104441,-8.50783948387003,48,audits/paper_extras/v4_runs/v2/bench2_seed202_det.json,True
202,det,flat_pit0.50_cit0,3,134.00146186428492,135.7459195516821,178.86784361843635,385.2404135802819,682.3525373355026,0.8036184310421954,0.8010618967114094,0.7378659361084933,0.43542319768518,0.9291666666666667,0.7535885663773425,0.6457399103139013,0.8916666666666667,0.14215627952794233,inf,-8.77631215431827,42,audits/paper_extras/v4_runs/v2/bench2_seed202_det.json,True
202,det,flat_pit0.50_cit0,4,258.98535451308555,345.943264207394,315.51798822987047,387.6424981400726,440.9320658046197,0.41264114225740184,0.21542729359881924,0.2844294785998193,0.12085663937210706,0.9375,0.8823806596718067,0.08,0.9083333333333333,inf,inf,-9.563853906708193,32,audits/paper_extras/v4_runs/v2/bench2_seed202_det.json,True
202,det,flat_pit0.50_cit0,5,84.68869449516586,118.196740998985,197.1259427288322,373.5376425832001,575.6594662499933,0.852884040895129,0.794675936159008,0.6575650114590043,0.3511135237356058,0.9375,0.8279870750998519,0.20444444444444446,0.9041666666666667,0.2337684094416436,inf,-9.372783290667341,32,audits/paper_extras/v4_runs/v2/bench2_seed202_det.json,True
202,det,flat_pit0.50_cit0,6,112.36217088654419,108.39633993376728,149.86333654423123,337.2453535214237,615.0375007158284,0.8173084230542554,0.8237565354834344,0.7563346359046259,0.4516670070867039,0.9291666666666667,0.7629095423392656,0.6771300448430493,0.9,0.09847933624449337,0.37095821343699603,-11.09983204666499,52,audits/paper_extras/v4_runs/v2/bench2_seed202_det.json,True
202,det,flat_pit0.50_cit0,7,120.9216928914621,118.21112614999775,161.40727045259322,372.40236516339144,680.7900637778158,0.8223803499415844,0.8263618515610748,0.7629118298864149,0.45298501700088045,0.9291666666666667,0.7612540518251681,0.6681614349775785,0.8916666666666667,0.0754796542907529,0.15450854454350763,-7.578997212125762,41,audits/paper_extras/v4_runs/v2/bench2_seed202_det.json,True
202,det,flat_pit0.50_cit0,8,128.44576771476488,122.67792125878161,158.7327434031538,366.9962163871517,679.5338678589171,0.8109795938214629,0.8194675393511782,0.7664093713190622,0.4599294696767837,0.9375,0.7333569126056699,0.7822222222222223,0.9,0.07905196650234489,0.17478367103715753,-8.158562113223844,53,audits/paper_extras/v4_runs/v2/bench2_seed202_det.json,True
202,det,flat_pit0.50_cit0,9,95.08296542314342,115.60790629756362,177.82671127301228,331.2938092233606,509.8984228467106,0.8135256726382777,0.7732726733059174,0.6512507132690782,0.3502748893126964,0.9375,0.8237977552254317,0.30666666666666664,0.9083333333333333,0.49150562151360594,inf,-10.287762317280926,44,audits/paper_extras/v4_runs/v2/bench2_seed202_det.json,True
202,det,flat_pit0_cit0.10,0,438.6430252024163,432.96358709192117,432.9955344276549,724.618264800617,870.7636748039707,0.496254795767445,0.5027771603019713,0.5027404714314336,0.16783590569077708,0.0,0.0,nan,0.0,0.0,0.0,1.5579867808535042e-05,0,audits/paper_extras/v4_runs/v2/bench2_seed202_det.json,True
202,det,flat_pit0_cit0.10,1,493.8057478975978,488.88012302708256,488.89494321633833,759.1678902754524,889.8971619124272,0.4450979629641833,0.45063301249724386,0.4506163586748809,0.1469037965645739,0.0,0.0,nan,0.0,0.0,0.0,3.115285807098189e-13,0,audits/paper_extras/v4_runs/v2/bench2_seed202_det.json,True
202,det,flat_pit0_cit0.10,2,407.77691118825726,401.58412067717,401.81131071505956,742.7052323808026,917.5696228662238,0.5555902233179,0.5623393466070328,0.5620917468257978,0.19057343020924683,0.0,0.0,nan,0.0,0.0,0.0,5.756062293471587e-12,0,audits/paper_extras/v4_runs/v2/bench2_seed202_det.json,True
202,det,flat_pit0_cit0.10,3,442.916794247851,436.99134299268815,437.0696094084401,745.6517417047876,906.2191046986495,0.5112475647982099,0.5177862166810051,0.5176998507951546,0.17718382029394136,0.0,0.0,nan,0.0,0.0,0.0,3.3436031721123527e-10,0,audits/paper_extras/v4_runs/v2/bench2_seed202_det.json,True
202,det,flat_pit0_cit0.10,4,418.95426120902283,413.9711267062032,413.97550207904027,718.5357342109381,835.3825578063959,0.49848813900407335,0.5044532318304124,0.5044479942625506,0.1398722327915034,0.0,0.0,nan,0.0,0.0,0.0,0.0,0,audits/paper_extras/v4_runs/v2/bench2_seed202_det.json,True
202,det,flat_pit0_cit0.10,5,476.2997758380549,471.34013390402737,471.3902448262277,748.4936967283154,879.2122746575527,0.45826532503362677,0.4639063312809058,0.463849336032267,0.14867692558108495,0.0,0.0,nan,0.0,0.0,0.0,1.887157097257841e-12,0,audits/paper_extras/v4_runs/v2/bench2_seed202_det.json,True
202,det,flat_pit0_cit0.10,6,447.90934849102473,442.8473910113672,442.9138390803423,723.2180041065511,849.0953295708583,0.47248638298669854,0.47844797210792933,0.47836971461826844,0.14824875497540055,0.0,0.0,nan,0.0,0.0,0.0,3.791922331686237e-11,0,audits/paper_extras/v4_runs/v2/bench2_seed202_det.json,True
202,det,flat_pit0_cit0.10,7,459.9704884252809,454.43365478816975,454.4331062251427,739.7617492180095,883.8130657597394,0.47956133910525167,0.48582605033392273,0.48582667101158433,0.1629884441885923,0.0,0.0,nan,0.0,0.0,0.0,0.03926795538338301,0,audits/paper_extras/v4_runs/v2/bench2_seed202_det.json,True
202,det,flat_pit0_cit0.10,8,473.34646747076255,468.4986021632414,468.5191237455812,726.0674575956747,850.3151919605516,0.4433282247029142,0.44902948154667766,0.4490053474578906,0.14611962192325628,0.0,0.0,nan,0.0,0.0,0.0,0.02591221086350659,0,audits/paper_extras/v4_runs/v2/bench2_seed202_det.json,True
202,det,flat_pit0_cit0.10,9,420.9664352255441,416.08983453516305,416.17295964502716,697.0083663676955,808.1320410818868,0.47908706272557233,0.4851214734932144,0.4850186126912186,0.1375068294104816,0.0,0.0,nan,0.0,0.0,0.0,9.433294145821947e-10,0,audits/paper_extras/v4_runs/v2/bench2_seed202_det.json,True
202,det,flat_pit0_cit0.20,0,451.3661769904994,445.70921979607937,445.79100402834246,742.7877393905128,887.8067401975725,0.4915941087696041,0.497965942794159,0.4978738233851027,0.16334523521953337,0.0,0.0,nan,0.0,0.0,0.0,1.3019608502418123e-08,0,audits/paper_extras/v4_runs/v2/bench2_seed202_det.json,True
202,det,flat_pit0_cit0.20,1,536.7791588814796,531.975331306322,531.9493855911489,807.1005428606622,937.1249740286949,0.4272064305640378,0.43233256390621716,0.43236025041110404,0.13874822971482476,0.0,0.0,nan,0.0,0.0,0.0,9.15401088263934e-12,0,audits/paper_extras/v4_runs/v2/bench2_seed202_det.json,True
202,det,flat_pit0_cit0.20,2,389.9096679071195,383.34780812412134,383.55204439004524,733.6604897913805,909.4297620884537,0.5712591734278476,0.5784745297495159,0.5782499535651442,0.19327415884590043,0.0,0.0,nan,0.0,0.0,0.0,2.957614153586974e-10,0,audits/paper_extras/v4_runs/v2/bench2_seed202_det.json,True
202,det,flat_pit0_cit0.20,3,434.8276571491415,428.7885457682509,428.9375937337782,751.8243021845334,912.0104436479007,0.5232207479884791,0.529842504814788,0.5296790768994989,0.17564068764678564,0.0,0.0,nan,0.0,0.0,0.0,0.0,0,audits/paper_extras/v4_runs/v2/bench2_seed202_det.json,True
202,det,flat_pit0_cit0.20,4,444.76798603616055,439.810910293151,439.6905160379428,740.4338234797297,860.6184434324106,0.48319956488233123,0.48895946438348453,0.4890993571038031,0.13964913356184627,0.0,0.0,nan,0.0,0.0,0.0,0.0,0,audits/paper_extras/v4_runs/v2/bench2_seed202_det.json,True
202,det,flat_pit0_cit0.20,5,437.39263799104486,431.6892945415967,431.6912433472846,744.685262162081,889.9291449260531,0.5085084689215464,0.5149172302054822,0.5149150403618311,0.16320836730888372,0.0,0.0,nan,0.0,0.0,0.0,0.0,0,audits/paper_extras/v4_runs/v2/bench2_seed202_det.json,True
202,det,flat_pit0_cit0.20,6,424.03031019188734,418.42818062867656,418.4065234243497,717.8197982397578,857.3125422833717,0.5053958862394311,0.5119304104495751,0.5119556721869913,0.16270932380399802,0.0,0.0,nan,0.0,0.0,0.0,0.0,0,audits/paper_extras/v4_runs/v2/bench2_seed202_det.json,True
202,det,flat_pit0_cit0.20,7,471.5668919816914,466.0247551548004,466.05337483345176,747.9730807879341,890.4471540540221,0.4704156334997033,0.4766396264695936,0.4766074856754756,0.1600028397164649,0.0,0.0,nan,0.0,0.0,0.0,0.031701180659382544,0,audits/paper_extras/v4_runs/v2/bench2_seed202_det.json,True
202,det,flat_pit0_cit0.20,8,478.2120782002268,473.39718742344917,473.42602217238255,734.684757156909,854.0078693245098,0.44003785517986416,0.4456758486337021,0.445642084601813,0.13972132629407874,0.0,0.0,nan,0.0,0.0,0.0,0.0,0,audits/paper_extras/v4_runs/v2/bench2_seed202_det.json,True
202,det,flat_pit0_cit0.20,9,435.91085391072244,431.07476007387226,431.1048402945045,710.1917853535723,821.8278576695579,0.4695837457410767,0.47546830391432215,0.47543170230687903,0.13583875415534094,0.0,0.0,nan,0.0,0.0,0.0,3.978382068225983e-10,0,audits/paper_extras/v4_runs/v2/bench2_seed202_det.json,True
202,det,flat_pit0_cit0.30,0,452.19316018594236,446.2631158853775,446.2979691949258,751.8430543232379,900.0767046230685,0.49760597306502835,0.5041943496668295,0.5041556270675562,0.16469001979326583,0.0,0.0,nan,0.0,0.0,0.0,1.1072587313698534e-07,0,audits/paper_extras/v4_runs/v2/bench2_seed202_det.json,True
202,det,flat_pit0_cit0.30,1,450.09020356659676,443.85006835096465,443.80929080948835,773.9681760463849,932.684567237057,0.517425055182457,0.5241155649591092,0.5241592855726035,0.17017156364112088,0.0,0.0,nan,0.0,0.0,0.0,3.89254162236341e-09,0,audits/paper_extras/v4_runs/v2/bench2_seed202_det.json,True
202,det,flat_pit0_cit0.30,2,406.9184593629743,400.55541790656474,400.6366896609403,751.0776664234488,924.0578292450274,0.5596396172570343,0.5665255947954837,0.566437643855831,0.18719625260131884,0.0,0.0,nan,0.0,0.0,0.0,0.0,0,audits/paper_extras/v4_runs/v2/bench2_seed202_det.json,True
202,det,flat_pit0_cit0.30,3,481.31539807472535,475.57226976684944,475.68903177031007,798.1566613244017,950.5931792336979,0.4936683656170052,0.4997099914495256,0.49958716077283716,0.16035936427839712,0.0,0.0,nan,0.0,0.0,0.0,0.0,0,audits/paper_extras/v4_runs/v2/bench2_seed202_det.json,True
202,det,flat_pit0_cit0.30,4,442.52917146715424,437.1627137549826,436.88866585133695,761.2602558194063,892.1043599948667,0.5039490991057363,0.5099646035162321,0.5102717961676021,0.14666905582236295,0.004166666666666667,6.510416666666667e-05,1.0,0.0,1.320564290466209e-19,8.451611458983735e-18,-8.881784197001252e-16,0,audits/paper_extras/v4_runs/v2/bench2_seed202_det.json,True
202,det,flat_pit0_cit0.30,5,480.45233790234954,475.2497680814602,475.2544924251099,773.1555371361161,903.4602689051441,0.46820867011165374,0.4739671633182161,0.47396193415229443,0.14422851369760564,0.0,0.0,nan,0.0,0.0,0.0,0.0,0,audits/paper_extras/v4_runs/v2/bench2_seed202_det.json,True
202,det,flat_pit0_cit0.30,6,476.16402018638786,471.0584112960658,471.1559089570376,773.978216118879,901.017115524254,0.4715261097905635,0.4771926046909976,0.477084396246017,0.14099499023551598,0.0,0.0,nan,0.0,0.0,0.0,7.146532254864724e-10,0,audits/paper_extras/v4_runs/v2/bench2_seed202_det.json,True
202,det,flat_pit0_cit0.30,7,478.7787246225169,473.21202981824666,473.2385654357044,767.7089759436486,906.4122517985822,0.4717870111833965,0.47792847142207306,0.4778991959821118,0.15302449363378148,0.0,0.0,nan,0.0,0.0,0.0,0.011773121821793131,0,audits/paper_extras/v4_runs/v2/bench2_seed202_det.json,True
202,det,flat_pit0_cit0.30,8,478.24929737171647,473.352272258758,473.2686283086303,741.377435445446,860.1845262737853,0.44401546091112076,0.4497084546390732,0.44980569418195365,0.1381181446532142,0.0,0.0,nan,0.0,0.0,0.0,0.0,0,audits/paper_extras/v4_runs/v2/bench2_seed202_det.json,True
202,det,flat_pit0_cit0.30,9,447.87185416093257,443.0162999599179,443.08418580176067,727.4146586429794,836.2749187393091,0.46444423463506135,0.4702504044629625,0.4701692279977576,0.1301728147729666,0.0,0.0,nan,0.0,0.0,0.0,4.1696912589372914e-10,0,audits/paper_extras/v4_runs/v2/bench2_seed202_det.json,True
202,det,flat_pit0_cit0.50,0,448.7859586295326,442.52454759215357,442.6267711921274,772.2025786192055,914.285653661238,0.5091403252010152,0.5159887439772536,0.5158769369073685,0.15540337363171317,0.0,0.0,nan,0.0,0.0,0.0,1.5354307667525546e-06,0,audits/paper_extras/v4_runs/v2/bench2_seed202_det.json,True
202,det,flat_pit0_cit0.50,1,543.5676593016542,538.2519558717584,538.2424097914934,836.6461957107051,971.9024535567992,0.4407178855116581,0.44618726508822193,0.44619708714415973,0.13916649489988103,0.0,0.0,nan,0.0,0.0,0.0,0.0,0,audits/paper_extras/v4_runs/v2/bench2_seed202_det.json,True
202,det,flat_pit0_cit0.50,2,421.11404407791514,414.26830063074675,414.28044346258156,785.4486035713029,957.0739963628106,0.5599984476871338,0.5671512315608828,0.5671385441073724,0.1793230131042526,0.0,0.0,nan,0.0,0.0,0.0,0.0,0,audits/paper_extras/v4_runs/v2/bench2_seed202_det.json,True
202,det,flat_pit0_cit0.50,3,484.71274603955976,478.9341441866919,478.6353958763347,801.8282019746961,941.6227260003928,0.48523678044771673,0.49137363514897575,0.49169090479647687,0.14846128939504633,0.0,0.0,nan,0.0,0.0,0.0,0.0,0,audits/paper_extras/v4_runs/v2/bench2_seed202_det.json,True
202,det,flat_pit0_cit0.50,4,471.6803684437528,466.5514631639113,465.526399158623,779.3959832179626,901.037963098511,0.47651443361861573,0.4822066524705319,0.48334430043573334,0.13500205858390588,0.008333333333333333,0.0001388888888888889,1.0,0.0,1.429934636198686e-19,8.579607817192116e-18,-8.881784197001252e-16,0,audits/paper_extras/v4_runs/v2/bench2_seed202_det.json,True
202,det,flat_pit0_cit0.50,5,525.4318723542866,520.4400968243267,520.1812588702185,821.5277952759288,942.7575642261584,0.4426649095246712,0.44795977611538085,0.4482343302148971,0.12859060860438526,0.004166666666666667,7.309941520467836e-05,1.0,0.0,1.440151552090544e-19,8.208863846916101e-18,-8.881784197001252e-16,0,audits/paper_extras/v4_runs/v2/bench2_seed202_det.json,True
202,det,flat_pit0_cit0.50,6,459.52735640816763,453.8829609812271,453.8017583515954,770.132148620526,899.6023927303036,0.48918837908656865,0.49546270146782606,0.49555296648967123,0.14391940834754102,0.0,0.0,nan,0.0,0.0,0.0,0.0,0,audits/paper_extras/v4_runs/v2/bench2_seed202_det.json,True
202,det,flat_pit0_cit0.50,7,476.0795886993066,470.13180219214075,470.0177933115913,777.7942191901066,914.8829315597701,0.47962786026880433,0.48612900517160135,0.4862536209848564,0.1498429008134877,0.004166666666666667,8.012820512820513e-05,1.0,0.0,1.3785723042437997e-19,7.16857598206776e-18,-8.881784197001252e-16,0,audits/paper_extras/v4_runs/v2/bench2_seed202_det.json,True
202,det,flat_pit0_cit0.50,8,494.6344164159869,489.43425149185566,488.1120529792747,771.3882333830807,892.635144865331,0.4458716763940424,0.45169730958140236,0.45317854020534376,0.1358303134037395,0.0,0.0,nan,0.0,0.0,0.0,0.0,0,audits/paper_extras/v4_runs/v2/bench2_seed202_det.json,True
202,det,flat_pit0_cit0.50,9,430.72191380433514,425.097828791925,425.1406007482294,738.4585255811139,861.4023303500818,0.4999759129635907,0.5065049004230563,0.5064552465565674,0.142725182458007,0.0,0.0,nan,0.0,0.0,0.0,1.4782739501395525e-06,0,audits/paper_extras/v4_runs/v2/bench2_seed202_det.json,True
202,exp,rl_learned,0,431.17054541517007,424.8277530849422,424.69418326289633,745.2581059610189,905.8972284680809,0.5240403305523942,0.5310419993188986,0.5311894441038569,0.17732598959234155,0.004166666666666667,7.309941520467836e-05,1.0,0.0,1.4975265918475819e-05,0.000853602940284141,-0.05818342424660548,0,audits/paper_extras/v4_runs/v2/bench2_seed202_exp.json,True
202,exp,rl_learned,1,503.9065223832811,498.0895801482184,497.20991795604056,789.960795670386,952.4717101039676,0.47094856777606875,0.4770557751328393,0.4779793324236713,0.17062020079928938,0.008333333333333333,0.00015016233766233764,1.0,0.0,7.143323306257245e-05,0.003953315470916363,-0.46284928123143265,0,audits/paper_extras/v4_runs/v2/bench2_seed202_exp.json,True
202,exp,rl_learned,2,422.54163924562744,416.0815441539119,415.9180520258105,770.8428491774766,954.2179496861271,0.5571854004794031,0.5639554419503694,0.564126778203429,0.19217318283414025,0.0,0.0,nan,0.0,0.0,0.0,0.0,0,audits/paper_extras/v4_runs/v2/bench2_seed202_exp.json,True
202,exp,rl_learned,3,456.4900270512002,450.321402743183,449.65950142928614,768.2826283124433,938.1639111649206,0.5134218854311127,0.5199970949809637,0.5207026234137031,0.18107846702559188,0.0,0.0,nan,0.0,0.0,0.0,0.0,0,audits/paper_extras/v4_runs/v2/bench2_seed202_exp.json,True
202,exp,rl_learned,4,364.79381950502835,357.99412754365034,357.40313077978647,686.9326883965505,852.5103411333936,0.572094551932305,0.5800706334333668,0.58076387635999,0.19422362961217718,0.07916666666666666,0.0019647187630678197,1.0,0.0,3.141796650626801e-05,0.0011542913376609667,-0.8393318562209049,0,audits/paper_extras/v4_runs/v2/bench2_seed202_exp.json,True
202,exp,rl_learned,5,407.54058914555776,400.62553718796005,399.79716010783875,723.3830285431512,903.094719548657,0.5487288538800937,0.5563859155458443,0.5573031804375439,0.1989953956272948,0.016666666666666666,0.00030303030303030303,1.0,0.0,2.3591889673006132e-05,0.0012976057675732858,-0.24194517555324385,0,audits/paper_extras/v4_runs/v2/bench2_seed202_exp.json,True
202,exp,rl_learned,6,420.1178010687225,414.05126577006166,413.21183116966034,733.6288391089589,888.5714877156746,0.5271986476307555,0.5340259377053634,0.5349706389612627,0.17437274406028916,0.0625,0.0011552390023345607,1.0,0.0,1.087485445306396e-05,0.0005682918028068432,-0.3710794628629304,0,audits/paper_extras/v4_runs/v2/bench2_seed202_exp.json,True
202,exp,rl_learned,7,516.7326083823768,511.2902880756729,511.2148846645666,797.5445086009927,945.2834015051124,0.45335694294471096,0.45911428544965555,0.45919405349697995,0.1562905819237752,0.06666666666666667,0.0011480215399219983,1.0,0.0,8.264414812599618e-06,0.0004583768468200342,-0.36196920564407453,0,audits/paper_extras/v4_runs/v2/bench2_seed202_exp.json,True
202,exp,rl_learned,8,451.89898838131097,445.78073499170455,445.8085471324944,749.0086819510841,911.8920096462472,0.5044380435391496,0.5111474491758761,0.5111169497960201,0.17862129064860532,0.004166666666666667,7.716049382716049e-05,1.0,0.0,3.261406420847665e-05,0.0017612169076990521,-0.15815428193779726,0,audits/paper_extras/v4_runs/v2/bench2_seed202_exp.json,True
202,exp,rl_learned,9,447.7414880857326,442.4471454064854,442.42543682674994,733.941098850029,864.0967977578695,0.4818387369939134,0.48796576199040087,0.4879908848467657,0.15062629469934888,0.016666666666666666,0.00030864197530864197,1.0,0.0,7.968718752732142e-06,0.00043031798348815294,-0.09676551920180287,0,audits/paper_extras/v4_runs/v2/bench2_seed202_exp.json,True
202,exp,free_market,0,419.6356157713719,414.0967969732912,413.83340856330705,714.7341793229873,866.1007696666916,0.5154886931541885,0.5218838136667961,0.5221879219405776,0.17476787418391956,0.0,0.0,nan,0.0,0.0,0.0,0.0,0,audits/paper_extras/v4_runs/v2/bench2_seed202_exp.json,True
202,exp,free_market,1,429.44609827727356,422.7538845076395,422.5115331233957,719.827099679624,920.2317254836119,0.5333283059203533,0.5406006196042975,0.5408639786882461,0.21777626249374163,0.0,0.0,nan,0.0,0.0,0.0,0.0,0,audits/paper_extras/v4_runs/v2/bench2_seed202_exp.json,True
202,exp,free_market,2,361.5684191569581,354.21595609100484,354.31461717266995,699.0071292420793,931.3330202347047,0.6117732204256653,0.6196677789844292,0.6195618436428042,0.24945522809239287,0.0,0.0,nan,0.0,0.0,0.0,0.0,0,audits/paper_extras/v4_runs/v2/bench2_seed202_exp.json,True
202,exp,free_market,3,443.82186740403245,437.8707270122857,437.76307042490686,736.9963459784317,913.7790835404012,0.5143006932436426,0.5208133618951172,0.5209311765719007,0.19346332253199722,0.0,0.0,nan,0.0,0.0,0.0,7.113420963378303e-12,0,audits/paper_extras/v4_runs/v2/bench2_seed202_exp.json,True
202,exp,free_market,4,395.82351232960605,390.16598792646414,390.0538769767659,674.8639300867336,827.5622535841347,0.5216994122009404,0.5285357853905578,0.5286712567091356,0.18451581477534962,0.0,0.0,nan,0.0,0.0,0.0,0.0,0,audits/paper_extras/v4_runs/v2/bench2_seed202_exp.json,True
202,exp,free_market,5,411.2506110309474,404.7652643941633,404.6427797115624,695.8401834035215,884.8961058657425,0.535255485582007,0.5425844212545616,0.5427228382752592,0.2136475923094466,0.0,0.0,nan,0.0,0.0,0.0,1.1820487255675971e-08,0,audits/paper_extras/v4_runs/v2/bench2_seed202_exp.json,True
202,exp,free_market,6,419.93728659890786,414.56969778517805,414.34533124919363,694.007609811123,839.2105900621505,0.49960440016872515,0.506000397642175,0.5062677519137265,0.1730232935219205,0.0,0.0,nan,0.0,0.0,0.0,3.9271230711790395e-10,0,audits/paper_extras/v4_runs/v2/bench2_seed202_exp.json,True
202,exp,free_market,7,385.2354256671637,378.61225621830226,378.6180026185427,694.1342704641198,876.8339086663715,0.5606517701247536,0.5682052752793787,0.5681987217004356,0.20836287967025627,0.0,0.0,nan,0.0,0.0,0.0,1.2791228165554003e-07,0,audits/paper_extras/v4_runs/v2/bench2_seed202_exp.json,True
202,exp,free_market,8,384.4121565536918,377.5470188126376,376.7773134388422,683.1596335952751,881.0710235873405,0.5636990137429199,0.5714908234350629,0.5723644253958463,0.2246259208324157,0.004166666666666667,5.4824561403508766e-05,1.0,0.0,9.046925925016988e-20,6.875663703012911e-18,-2.220446049250313e-16,0,audits/paper_extras/v4_runs/v2/bench2_seed202_exp.json,True
202,exp,free_market,9,360.2711283876379,354.1262776270651,353.4446404480983,652.4527855192548,813.9154871492956,0.5573605195184672,0.5649102600721146,0.5657477391344117,0.19837772370637277,0.0,0.0,nan,0.0,0.0,0.0,0.0,0,audits/paper_extras/v4_runs/v2/bench2_seed202_exp.json,True
202,exp,us_federal,0,357.3907833919473,322.31238606961244,307.56505233781616,710.3759967059973,853.6347863473037,0.5813305770712326,0.6224235572114106,0.6396994859430641,0.16782210839170406,0.7083333333333334,0.11494711249609342,1.0,0.0,0.033850186202643864,0.17336666095944522,-0.6538896480533363,0,audits/paper_extras/v4_runs/v2/bench2_seed202_exp.json,True
202,exp,us_federal,1,374.4810022495961,344.90096716973466,328.12809449954693,738.2577790088279,915.1982841126786,0.5908198160438309,0.6231407191676174,0.6414677560090923,0.19333570459586422,0.7208333333333333,0.07105874764227796,1.0,0.0,0.014087969472682095,0.10002389570098306,-0.6378084988457668,0,audits/paper_extras/v4_runs/v2/bench2_seed202_exp.json,True
202,exp,us_federal,2,304.80450713091193,282.28628457249425,277.3196454803329,728.2790184979458,968.6062743756377,0.6853164023458463,0.7085644683083892,0.7136920823075478,0.2481165590555424,0.8541666666666666,0.15484006651125412,1.0,0.016666666666666666,0.01495687911539655,0.05645962054387947,-0.7893517303720692,0,audits/paper_extras/v4_runs/v2/bench2_seed202_exp.json,True
202,exp,us_federal,3,369.06510811716527,337.723338906318,319.4034094963799,742.5371725878806,908.9282450558215,0.5939557273913308,0.6284378434234081,0.6485933722119464,0.18306293524602932,0.8208333333333333,0.12041841946205904,1.0,0.0,0.021617569613290012,0.10763759129401752,-1.3833484671018785,0,audits/paper_extras/v4_runs/v2/bench2_seed202_exp.json,True
202,exp,us_federal,4,292.16630270918836,264.51827162601955,249.95549845621338,655.0058568108149,831.2862745159532,0.6485370784218555,0.681796416306711,0.6993147774492499,0.21205741404522055,0.8166666666666667,0.13369670609752632,1.0,0.0,0.024632991127046127,0.11214796294219974,-0.9561172743447676,0,audits/paper_extras/v4_runs/v2/bench2_seed202_exp.json,True
202,exp,us_federal,5,350.9756381744852,321.0176131045539,308.51820269158327,714.6350351393305,900.3965562897055,0.6101988221492513,0.6434708564108885,0.6573529734910308,0.20631078590065777,0.675,0.0926118670263569,1.0,0.0,0.01768080007753053,0.11031699745114458,-0.7464395209794974,0,audits/paper_extras/v4_runs/v2/bench2_seed202_exp.json,True
202,exp,us_federal,6,346.22002208099883,316.4777506608614,298.7457430737253,680.903351274205,841.3686278152655,0.5885037656086503,0.6238536353766347,0.6449288300070547,0.19071934849500113,0.7875,0.0922347501788133,1.0,0.0,0.019044885078377455,0.11601052896715244,-1.5249967587738744,0,audits/paper_extras/v4_runs/v2/bench2_seed202_exp.json,True
202,exp,us_federal,7,380.56566096801146,354.34370535642717,345.3880900414251,708.7729940398204,878.1136362591715,0.566610008940017,0.5964716971416623,0.6066703946054138,0.1928459315821066,0.7083333333333334,0.07083506944086573,1.0,0.0,0.01502734492488184,0.1024521630513254,-0.7959253630072958,0,audits/paper_extras/v4_runs/v2/bench2_seed202_exp.json,True
202,exp,us_federal,8,350.65887171012,319.8759957264667,306.21892603257055,698.1111026398374,867.4941256139194,0.5957795432194296,0.6312643667758641,0.6470074932024911,0.1952555273549672,0.7458333333333333,0.0804717401847846,1.0,0.0,0.016101066609809426,0.1103824128674388,-1.0513360525866753,0,audits/paper_extras/v4_runs/v2/bench2_seed202_exp.json,True
202,exp,us_federal,9,272.4877992292207,242.54471873247314,226.0776581558882,645.6565830939569,802.3664816744599,0.6603948377048784,0.6977132965146972,0.7182364127622999,0.19530962740799554,0.7166666666666667,0.10386765721387439,1.0,0.0,0.0305858460882808,0.14723308169970942,-0.5841478781451138,0,audits/paper_extras/v4_runs/v2/bench2_seed202_exp.json,True
202,exp,saez,0,139.37464651799857,124.72276569331578,178.6379593323061,411.56993309854215,663.7538459186309,0.7900205816131958,0.812094850432542,0.7308671574097286,0.3799358969755841,0.9541666666666667,0.7947717351251692,0.7292576419213974,0.925,0.22040546876126793,inf,-19.74567570424141,41,audits/paper_extras/v4_runs/v2/bench2_seed202_exp.json,True
202,exp,saez,1,164.7707786057746,147.18076259993418,194.54467181428734,459.67984763338063,762.0529961973497,0.783780420222764,0.8068628253751808,0.7447097868716916,0.39678755949102407,0.95,0.7976928414422779,0.6798245614035088,0.925,0.4333709405243172,inf,-22.569356804502277,31,audits/paper_extras/v4_runs/v2/bench2_seed202_exp.json,True
202,exp,saez,2,129.55477962426286,119.27372498287157,177.34721619650702,413.8624572131491,682.2217651117785,0.8100987299884284,0.8251686898858626,0.7400446229277813,0.3933608126012516,0.9541666666666667,0.7944111831277951,0.6200873362445415,0.9291666666666667,0.17137225296047398,1.1270331097547148,-22.825377415535037,43,audits/paper_extras/v4_runs/v2/bench2_seed202_exp.json,True
202,exp,saez,3,153.1266772679048,138.42051484027036,200.2874141527297,454.9807598253929,723.1015597465332,0.7882362785642727,0.8085738953615443,0.7230162050501787,0.3707927279469898,0.9541666666666667,0.8023855732636082,0.62882096069869,0.925,0.2800023687422368,inf,-23.43418358006536,36,audits/paper_extras/v4_runs/v2/bench2_seed202_exp.json,True
202,exp,saez,4,107.06692955364045,100.33847534862497,150.55780947946346,362.5028221726724,590.3872438830457,0.8186496563688457,0.8300463358783176,0.7449846502623817,0.38599143879117526,0.95,0.8243228733651001,0.5833333333333334,0.9291666666666667,0.17688410851195327,0.9443664972086988,-20.324436647187788,43,audits/paper_extras/v4_runs/v2/bench2_seed202_exp.json,True
202,exp,saez,5,110.35900630504624,124.02846466859,178.9916600327246,396.64849313447394,595.9817585134316,0.8148282145743575,0.7918921797573863,0.6996692306838604,0.33446202426758553,0.95,0.8425168288065483,0.4517543859649123,0.9291666666666667,0.3033667979461811,inf,-22.692907388481288,36,audits/paper_extras/v4_runs/v2/bench2_seed202_exp.json,True
202,exp,saez,6,141.45973288686045,129.84361199215985,179.93252633101582,392.5756829216138,618.823871268991,0.7714055008951479,0.7901767885490647,0.7092346713095646,0.365609988320944,0.9458333333333333,0.8051544761685424,0.762114537444934,0.925,0.5658789072349172,inf,-28.81694469092165,45,audits/paper_extras/v4_runs/v2/bench2_seed202_exp.json,True
202,exp,saez,7,137.32235115845532,132.45757454368055,185.2451490266235,423.25359546591943,675.8172149489113,0.7968054850913553,0.8040038465819582,0.7258945985259828,0.3737158715350045,0.9541666666666667,0.8109503058127413,0.5938864628820961,0.925,0.20923778572232588,inf,-22.11284665813865,37,audits/paper_extras/v4_runs/v2/bench2_seed202_exp.json,True
202,exp,saez,8,117.31105119726004,117.98458283970358,189.0049694830606,404.0445799800611,627.2735911288693,0.8129826397024911,0.8119088950845622,0.6986881447648403,0.35587184652087045,0.9541666666666667,0.8274465112807757,0.4978165938864629,0.925,0.2279323576054374,inf,-29.721747104881004,39,audits/paper_extras/v4_runs/v2/bench2_seed202_exp.json,True
202,exp,saez,9,125.50702951511009,117.59887222534654,184.29487994153442,370.17304907725503,580.0501665804087,0.7836272847657016,0.7972608594897377,0.6822776881040913,0.3618258033446486,0.9541666666666667,0.8199687397120806,0.5851528384279476,0.9291666666666667,0.31055515839033804,inf,-22.746673759787782,43,audits/paper_extras/v4_runs/v2/bench2_seed202_exp.json,True
202,exp,free_market+rl_aux,0,420.6364735920649,415.08985473900276,414.93510420277386,716.1498823711462,867.7323104426473,0.5152462706183086,0.5216383558113017,0.5218166948386337,0.17468800717375144,0.0,0.0,nan,0.0,0.0,0.0,0.0,0,audits/paper_extras/v4_runs/v2/bench2_seed202_exp.json,True
202,exp,free_market+rl_aux,1,430.0858740634006,423.389342891463,423.2986384360316,720.8141319094842,921.1780599594074,0.5331132028021242,0.5403827324001615,0.540481198114201,0.21750835887119638,0.0,0.0,nan,0.0,0.0,0.0,0.0,0,audits/paper_extras/v4_runs/v2/bench2_seed202_exp.json,True
202,exp,free_market+rl_aux,2,362.0505161003418,354.6918658806564,354.79053492932485,699.8501056689398,932.2963055474388,0.6116572446484727,0.6195502827050425,0.6194444482744207,0.24932652687281434,0.0,0.0,nan,0.0,0.0,0.0,0.0,0,audits/paper_extras/v4_runs/v2/bench2_seed202_exp.json,True
202,exp,free_market+rl_aux,3,446.1720181214283,440.2319832068571,440.22595359954704,738.3545720745387,914.8911550176658,0.512322295745866,0.5188149095196395,0.518821500038388,0.1929591099169806,0.0,0.0,nan,0.0,0.0,0.0,7.153611036869734e-12,0,audits/paper_extras/v4_runs/v2/bench2_seed202_exp.json,True
202,exp,free_market+rl_aux,4,396.43605735563557,390.7739324067886,390.7314581541341,675.7314744753586,828.5026988081547,0.5215029982087808,0.5283371641770899,0.5283884304586791,0.18439435930934883,0.0,0.0,nan,0.0,0.0,0.0,0.0,0,audits/paper_extras/v4_runs/v2/bench2_seed202_exp.json,True
202,exp,free_market+rl_aux,5,411.644888637547,405.1592909219229,405.0949480419135,696.3779046508303,885.227521975003,0.5349840821497064,0.5423105576089807,0.5423832427417993,0.21333455257111342,0.0,0.0,nan,0.0,0.0,0.0,1.1874825123214805e-08,0,audits/paper_extras/v4_runs/v2/bench2_seed202_exp.json,True
202,exp,free_market+rl_aux,6,421.60382970923644,416.23884454365185,416.04008543341143,696.6651943289842,841.49841375553,0.49898440351460993,0.5053599178089758,0.5055961144636473,0.17211347883612588,0.0,0.0,nan,0.0,0.0,0.0,8.233469461771392e-10,0,audits/paper_extras/v4_runs/v2/bench2_seed202_exp.json,True
202,exp,free_market+rl_aux,7,386.1152888307279,379.48529584002347,379.58822356588774,695.4297219137136,878.1962121857729,0.560331411735753,0.5678809694527042,0.5677637658888126,0.2081157806604124,0.0,0.0,nan,0.0,0.0,0.0,1.2822173056648012e-07,0,audits/paper_extras/v4_runs/v2/bench2_seed202_exp.json,True
202,exp,free_market+rl_aux,8,385.0470178785076,378.17877703931066,377.6532753666759,684.1375102271844,881.8948517241627,0.563386704066006,0.5711747536569171,0.5717706315800134,0.22424140600248385,0.004166666666666667,5.555555555555556e-05,1.0,0.0,9.355574784390143e-20,7.016681088292607e-18,-2.220446049250313e-16,0,audits/paper_extras/v4_runs/v2/bench2_seed202_exp.json,True
202,exp,free_market+rl_aux,9,364.035379299138,357.9731125358021,357.1340438853243,655.4500378718802,814.7272760102993,0.5531813037096157,0.5606221577743313,0.5616520344891343,0.19549761353074616,0.0,0.0,nan,0.0,0.0,0.0,0.0,0,audits/paper_extras/v4_runs/v2/bench2_seed202_exp.json,True
202,exp,us_federal+rl_aux,0,366.66075354547456,331.7195735431311,317.9835942170443,707.2996024313824,852.6484757130365,0.5699743047815214,0.6109538889801838,0.6270636689391521,0.17046752257441683,0.7333333333333333,0.10008860650269401,1.0,0.0,0.0314375154365657,0.17328713209544508,-0.6409102637529349,0,audits/paper_extras/v4_runs/v2/bench2_seed202_exp.json,True
202,exp,us_federal+rl_aux,1,421.21292375421734,387.13900353637837,368.9606689370171,770.4800844274637,939.9452832163777,0.5518750598834027,0.588126021323671,0.6074658009086669,0.18029262108643682,0.8208333333333333,0.0759804654332387,1.0,0.0,0.012439525398730862,0.10195882035258293,-0.6103512893547032,0,audits/paper_extras/v4_runs/v2/bench2_seed202_exp.json,True
202,exp,us_federal+rl_aux,2,304.64243576676034,283.18253471460577,278.64241597739186,727.7313648427705,974.5841761349703,0.6874129057020824,0.7094324516557842,0.7140909704870864,0.25329039536756565,0.85,0.15478231144161259,1.0,0.008333333333333333,0.015469523140110164,0.055486649601462525,-0.7873670022941955,0,audits/paper_extras/v4_runs/v2/bench2_seed202_exp.json,True
202,exp,us_federal+rl_aux,3,375.9018845499203,346.11706764545187,328.6515750334217,754.1187055263024,935.0835546608813,0.598001822750219,0.6298543954492118,0.6485323975646102,0.19352799889653477,0.8375,0.11999953807484047,1.0,0.0,0.022418197573836274,0.1035467053428428,-1.3554864304585224,0,audits/paper_extras/v4_runs/v2/bench2_seed202_exp.json,True
202,exp,us_federal+rl_aux,4,284.6757615507647,259.794565922528,246.67348021956153,663.003114824115,847.0399234408944,0.6639169492810464,0.6932912384257219,0.7087817546810423,0.21727052471054092,0.8125,0.1434437101574848,1.0,0.0,0.028057725512063005,0.11041575961928259,-0.9032043865619368,0,audits/paper_extras/v4_runs/v2/bench2_seed202_exp.json,True
202,exp,us_federal+rl_aux,5,347.46268179442563,317.3542754462853,304.0617991343555,710.5661244730031,896.3470590524316,0.6123569790458799,0.6459471002428739,0.6607767091289475,0.20726451066378895,0.6708333333333333,0.09330752395060132,1.0,0.0,0.020467168628371377,0.11809274023490147,-0.741787286784723,0,audits/paper_extras/v4_runs/v2/bench2_seed202_exp.json,True
202,exp,us_federal+rl_aux,6,338.98264925300435,310.67986608363077,295.5402752781278,679.9771320965494,846.1226055504065,0.5993693502226021,0.6328193289652956,0.6507122332633135,0.19636099114238742,0.7875,0.09592125433028675,1.0,0.0,0.02129066641490393,0.11390095931923398,-1.4880966271176437,0,audits/paper_extras/v4_runs/v2/bench2_seed202_exp.json,True
202,exp,us_federal+rl_aux,7,369.9872661504006,342.3607639685629,327.3951774933805,708.7785660637826,884.7187058368413,0.5818023698273277,0.6130286816477681,0.6299443254297391,0.19886562656843546,0.7291666666666666,0.09075782354680313,1.0,0.0,0.02177028971597329,0.11841573123018431,-0.7927127581324155,0,audits/paper_extras/v4_runs/v2/bench2_seed202_exp.json,True
202,exp,us_federal+rl_aux,8,364.9505257950656,337.84932204302385,324.9716611167097,715.2461389966978,895.2634796918167,0.5923540565726022,0.6226258194299132,0.6370100328133823,0.20107749816521905,0.7541666666666667,0.08470085551975316,1.0,0.0,0.01730868160363861,0.0980873319793654,-1.0429892325846732,0,audits/paper_extras/v4_runs/v2/bench2_seed202_exp.json,True
202,exp,us_federal+rl_aux,9,309.8401750682883,281.32536479317764,265.3463851960597,676.2594115768146,824.0108825037593,0.6239853360591087,0.6585902313105747,0.6779819407362631,0.1793076694302889,0.7375,0.15038371175404086,1.0,0.0,0.05654863758499985,0.2079235937303572,-0.5137236669538134,1,audits/paper_extras/v4_runs/v2/bench2_seed202_exp.json,True
202,exp,saez+rl_aux,0,142.62579184501922,120.77815200322406,168.56916069148693,414.7507351720357,695.5638508959995,0.7949493901080483,0.8263593603266729,0.7576510618337304,0.4037201119095403,0.95,0.779178033053284,0.8114035087719298,0.925,0.17626898351173917,inf,-22.949599744942944,41,audits/paper_extras/v4_runs/v2/bench2_seed202_exp.json,True
202,exp,saez+rl_aux,1,124.69374909460534,125.7193973313789,188.82667192476958,434.4429822744681,689.8434677348745,0.8192434154605512,0.8177566314512146,0.726276060067962,0.370229620784876,0.95,0.8188524589870932,0.5833333333333334,0.9208333333333333,0.19870946566171144,inf,-22.09274951134156,35,audits/paper_extras/v4_runs/v2/bench2_seed202_exp.json,True
202,exp,saez+rl_aux,2,119.80345705874217,112.29937648974841,176.30428327925992,390.8885222263833,633.6573005597455,0.8109333594785179,0.8227758499893428,0.7217671395507945,0.38312314577439693,0.9541666666666667,0.8021261841493467,0.5720524017467249,0.9291666666666667,0.1849868350378233,inf,-24.114170197327823,39,audits/paper_extras/v4_runs/v2/bench2_seed202_exp.json,True
202,exp,saez+rl_aux,3,142.47859836120998,129.20748423505012,177.93904132674285,419.9863336713057,687.8277752945893,0.7928571606457911,0.8121514005744942,0.7413029137264289,0.3894018986199997,0.9541666666666667,0.7984449949303912,0.6069868995633187,0.925,0.1871000662994188,inf,-20.852412873283427,37,audits/paper_extras/v4_runs/v2/bench2_seed202_exp.json,True
202,exp,saez+rl_aux,4,119.84602411298525,102.60836131356879,147.66105170316337,366.33639047245777,608.0551660376361,0.8029027121108823,0.8312515589955242,0.7571584620102977,0.3975277064749368,0.9541666666666667,0.7999261396721496,0.7860262008733624,0.9333333333333333,0.22931103423525512,inf,-19.383432314386745,47,audits/paper_extras/v4_runs/v2/bench2_seed202_exp.json,True
202,exp,saez+rl_aux,5,139.14066024949386,119.94701168884276,169.10185613629253,418.88421506000384,702.2019432489399,0.8018509325028076,0.8291844492285605,0.759183440373443,0.40347044167677015,0.95,0.7809635023265291,0.7587719298245614,0.9291666666666667,0.14536072923539634,1.0024420390916626,-26.779539566730598,38,audits/paper_extras/v4_runs/v2/bench2_seed202_exp.json,True
202,exp,saez+rl_aux,6,131.91523900118023,115.90070672153334,171.7206220733681,379.9321121755633,627.4391513370339,0.7897561242073003,0.8152797662138932,0.7263150989104806,0.3944717804651629,0.9458333333333333,0.798459265333242,0.6960352422907489,0.925,0.19536731876102334,inf,-25.14778861082741,43,audits/paper_extras/v4_runs/v2/bench2_seed202_exp.json,True
202,exp,saez+rl_aux,7,135.48407581567884,120.5138203616247,178.7207824047849,449.921472311787,740.7532332266406,0.817099582238035,0.8373090862706335,0.7587310127202597,0.3926162558184486,0.9541666666666667,0.7870292173746456,0.6637554585152838,0.925,0.11987063073175687,0.3989450410805011,-20.200367854234187,38,audits/paper_extras/v4_runs/v2/bench2_seed202_exp.json,True
202,exp,saez+rl_aux,8,138.42841129586415,117.28539296361363,157.2101218738107,410.5576969676975,696.1893241956715,0.8011626916919551,0.8315323305207,0.7741848137998377,0.4102786660194377,0.9541666666666667,0.769169411841913,0.8864628820960698,0.925,0.12559969468308427,0.8082399515900975,-24.878148563158096,42,audits/paper_extras/v4_runs/v2/bench2_seed202_exp.json,True
202,exp,saez+rl_aux,9,118.78848821794826,106.69985437426044,166.41577105998255,358.7816635379748,581.4306076979981,0.7956961903188138,0.8164873796432788,0.713782231522251,0.3829329608937095,0.9541666666666667,0.8168498918596846,0.6331877729257642,0.9291666666666667,0.27955883001825227,inf,-22.294337662838934,39,audits/paper_extras/v4_runs/v2/bench2_seed202_exp.json,True
202,exp,rl_mean_fixed,0,434.856565584517,428.2297776672156,428.0805470776695,745.4708919772474,904.4634336153833,0.5192104518296793,0.5265372133890851,0.5267022068913095,0.17578658874311812,0.20416666666666666,0.006944728678596455,1.0,0.0,0.0002558157309515515,0.0074641746460012825,-0.006471532396972235,0,audits/paper_extras/v4_runs/v2/bench2_seed202_exp.json,True
202,exp,rl_mean_fixed,1,486.8454879846342,479.9182702524273,479.3543718015855,796.2601590998971,981.967831168366,0.5042144227826942,0.511268847084929,0.5118431005715945,0.18911787756581594,0.25416666666666665,0.0042772752227462395,1.0,0.0,9.185704913793702e-05,0.005383641000077797,-0.0660662941247403,0,audits/paper_extras/v4_runs/v2/bench2_seed202_exp.json,True
202,exp,rl_mean_fixed,2,428.94249615733776,421.58710128003196,420.97848764541055,783.1106582452644,986.5048540297055,0.5651896750379076,0.5726456899244642,0.5732626292452747,0.20617657881115348,0.325,0.02259532240898309,1.0,0.0,0.0003419590510203839,0.004655526889177074,-0.04077065410092496,0,audits/paper_extras/v4_runs/v2/bench2_seed202_exp.json,True
202,exp,rl_mean_fixed,3,518.7212855878626,512.6088809508377,511.7688038035614,811.6424413188557,970.5810393749748,0.4655559252199037,0.47185360093069356,0.47271914137831783,0.16375613329358948,0.38333333333333336,0.01240992953308233,1.0,0.0,0.000190348580811127,0.005221224701325845,-0.0902541839586212,0,audits/paper_extras/v4_runs/v2/bench2_seed202_exp.json,True
202,exp,rl_mean_fixed,4,396.08705692573216,389.43442982069996,388.73109136138504,708.201411737784,862.0119458539734,0.5405086219155133,0.548226179818312,0.5490421063987936,0.17843202156997162,0.2625,0.018902797671232194,1.0,0.0,0.0005564207132774542,0.006457608422004899,-0.09052815798143604,0,audits/paper_extras/v4_runs/v2/bench2_seed202_exp.json,True
202,exp,rl_mean_fixed,5,460.3365008282093,453.7335841034471,452.9698284130759,763.5446846853121,933.1170041538556,0.5066679754211109,0.5137441691839174,0.5145626685649931,0.1817267488575141,0.275,0.007814093332684355,1.0,0.0,0.00016261589608921738,0.005138099954365838,-0.024871599751910677,0,audits/paper_extras/v4_runs/v2/bench2_seed202_exp.json,True
202,exp,rl_mean_fixed,6,434.856966165996,428.2305044337993,427.13493503656514,746.675751088768,908.1341666935853,0.5211533910795786,0.5284501782452051,0.5296565742133504,0.17779136775865306,0.2916666666666667,0.015857345648149997,1.0,0.0,0.0004062127379090618,0.005525470144084078,-0.026676923230139538,0,audits/paper_extras/v4_runs/v2/bench2_seed202_exp.json,True
202,exp,rl_mean_fixed,7,428.91430283754437,421.8170026489395,421.11678101721554,741.0628972790745,928.1961710491761,0.5379055460305057,0.5455518824515906,0.5463062721523502,0.20160961616398135,0.20833333333333334,0.003609280290227725,1.0,0.0,7.24309044683574e-05,0.0039641279672727285,-0.040770654100924966,0,audits/paper_extras/v4_runs/v2/bench2_seed202_exp.json,True
202,exp,rl_mean_fixed,8,411.26705037689646,404.5522230747155,404.55144239511935,718.5936624812947,886.4299484478355,0.536041115152938,0.5436162510268316,0.5436171317276671,0.18933959334341882,0.1875,0.003253114725868602,1.0,0.0,7.239361252342468e-05,0.004079010003603463,-0.07197025043713429,0,audits/paper_extras/v4_runs/v2/bench2_seed202_exp.json,True
202,exp,rl_mean_fixed,9,371.9317228535551,365.17446415814004,365.04664178972587,697.6376622232251,842.91250024997,0.5587540548476184,0.5667706149216607,0.5669222586194066,0.17234865775945057,0.24583333333333332,0.011472309163774964,1.0,0.0,0.00038480360378904136,0.008183366000733867,-0.016779426747932393,0,audits/paper_extras/v4_runs/v2/bench2_seed202_exp.json,True
202,exp,flat_pit0.10_cit0,0,352.21016793632657,319.0388298331955,300.6121198448514,705.7472501482185,842.7789021290148,0.5820847353361851,0.6214442138652918,0.6433084417687133,0.1625950194465347,0.7541666666666667,0.149044625587216,1.0,0.0,0.05426037592498882,0.2141399594931798,-0.5210320006373845,0,audits/paper_extras/v4_runs/v2/bench2_seed202_exp.json,True
202,exp,flat_pit0.10_cit0,1,399.3237915821698,369.10428116952573,357.3448303038411,732.8564119730205,898.9988436052023,0.5558127861646796,0.5894274127324475,0.6025080200650736,0.18480828180591496,0.7291666666666666,0.06091214052736271,1.0,0.0,0.011848635867201432,0.10594498964561201,-0.3882655794528651,0,audits/paper_extras/v4_runs/v2/bench2_seed202_exp.json,True
202,exp,flat_pit0.10_cit0,2,291.33244267233493,272.1859676837874,266.83461330893124,701.2299339451108,962.1173192117682,0.6971965509247726,0.7170969046615016,0.7226589647845231,0.27115963932589227,0.7416666666666667,0.12317441100464514,1.0,0.0,0.011551237737344767,0.0449429223026553,-0.3524078931126012,0,audits/paper_extras/v4_runs/v2/bench2_seed202_exp.json,True
202,exp,flat_pit0.10_cit0,3,378.1866404504413,340.8389427649627,318.3188232115788,739.0335291679337,907.7782843891674,0.5833931622357343,0.6245350339105006,0.6493429853019986,0.185887631509912,0.8208333333333333,0.10572277056828493,1.0,0.0,0.019945261716725636,0.12619204862239128,-0.8536114223839555,0,audits/paper_extras/v4_runs/v2/bench2_seed202_exp.json,True
202,exp,flat_pit0.10_cit0,4,231.4277706359975,210.2981086085426,204.5427642441633,634.4177536843976,821.3367744300834,0.7182303558773651,0.7439562976411641,0.7509635869085574,0.22757902308147226,0.7875,0.1353112957189919,1.0,0.0,0.0184316240248045,0.07244564995732146,-0.8294863366733948,0,audits/paper_extras/v4_runs/v2/bench2_seed202_exp.json,True
202,exp,flat_pit0.10_cit0,5,324.02382308542093,295.7558317821717,284.10196316804894,705.8318562759999,903.2590149299024,0.6412725278910536,0.672568081919311,0.6854701049509074,0.21857203237459386,0.6583333333333333,0.097431019221479,1.0,0.0,0.018295388311527556,0.1034931139456437,-0.3181303560770401,0,audits/paper_extras/v4_runs/v2/bench2_seed202_exp.json,True
202,exp,flat_pit0.10_cit0,6,331.503978887664,301.0016093563319,281.33244790810517,674.4949475603557,833.8682808051683,0.6024504271015445,0.6390297888946079,0.6626176407184411,0.19112530949243509,0.8875,0.11579605604240127,1.0,0.0,0.023152244094844506,0.11576233818512895,-0.8965278007669357,0,audits/paper_extras/v4_runs/v2/bench2_seed202_exp.json,True
202,exp,flat_pit0.10_cit0,7,306.11828993002376,282.43322674304767,275.8580624331445,683.1186201928466,894.9024149758069,0.6579310941536576,0.6843977376564762,0.6917450910660442,0.23665574171982282,0.65,0.05806710668366495,1.0,0.0,0.0072140072232544615,0.06713120444451678,-0.2567871852013467,0,audits/paper_extras/v4_runs/v2/bench2_seed202_exp.json,True
202,exp,flat_pit0.10_cit0,8,350.14639603888907,320.9101462227346,310.1017220596344,681.8659394912522,856.285181986549,0.5910867040504394,0.6252298264951458,0.6378522849826617,0.20369293567669916,0.7416666666666667,0.06744397638091697,1.0,0.0,0.011319016608139831,0.09531298942079738,-1.0064499277837564,0,audits/paper_extras/v4_runs/v2/bench2_seed202_exp.json,True
202,exp,flat_pit0.10_cit0,9,278.1952809623837,252.38856508998387,243.72168993574576,665.3520058547488,820.8219165181534,0.6610771772000668,0.6925172683490329,0.7030760448385815,0.18940760174008617,0.7875,0.15307571083239596,1.0,0.0,0.05791183264082249,0.19585338314966455,-0.8270070583980391,0,audits/paper_extras/v4_runs/v2/bench2_seed202_exp.json,True
202,exp,flat_pit0.20_cit0,0,256.8807210447293,260.74234305363854,221.3760320366755,671.1502003866519,840.4279446977224,0.6943453360095947,0.6897505078232257,0.7365913003805483,0.20141850991396393,0.875,0.37872630305527255,0.7142857142857143,0.31666666666666665,0.9304105432794925,inf,-2.2752677824685152,0,audits/paper_extras/v4_runs/v2/bench2_seed202_exp.json,True
202,exp,flat_pit0.20_cit0,1,296.24091573532183,268.37447992423097,235.23820921228065,723.5769417716315,924.5454258373078,0.6795820870921151,0.7097227757292947,0.7455633842985715,0.2173700485118627,0.8875,0.3047401183239477,1.0,0.30416666666666664,0.3191739184612927,inf,-1.1990804971035935,0,audits/paper_extras/v4_runs/v2/bench2_seed202_exp.json,True
202,exp,flat_pit0.20_cit0,2,310.21374093738217,295.68589260538397,308.15215508665943,735.1555586229754,1012.8499255590482,0.6937219097230442,0.708065444698356,0.6957573404405661,0.2741712863164775,0.8416666666666667,0.3744119854156398,0.8267326732673267,0.4041666666666667,0.08174636418302629,0.20332076632476212,-1.3129274834729903,0,audits/paper_extras/v4_runs/v2/bench2_seed202_exp.json,True
202,exp,flat_pit0.20_cit0,3,318.1907546092326,283.9180058475047,270.0096754345999,746.4570683787447,932.1142536940541,0.6586354587453056,0.6954042868432581,0.7103255589488876,0.19917857127442587,0.9,0.3053050958674645,1.0,0.37083333333333335,0.20703181449208544,0.8801017104338441,-1.8767959403870331,0,audits/paper_extras/v4_runs/v2/bench2_seed202_exp.json,True
202,exp,flat_pit0.20_cit0,4,257.693097185272,251.67919968363626,224.9966972261849,640.3938966676789,816.0730594628385,0.6842279080320424,0.69159722065902,0.7242934384155705,0.2152738174089419,0.9083333333333333,0.41534805672789543,0.7293577981651376,0.3416666666666667,0.5740037179786117,inf,-2.5657952702909004,0,audits/paper_extras/v4_runs/v2/bench2_seed202_exp.json,True
202,exp,flat_pit0.20_cit0,5,226.80107502842375,214.70730033561432,205.12126432336856,655.5993641993186,865.6932387952519,0.7380121908494364,0.7519822372248012,0.7630554853254635,0.2426885935811533,0.8916666666666667,0.32525197123272065,0.794392523364486,0.2875,0.23008189346342783,inf,-2.450473574220767,0,audits/paper_extras/v4_runs/v2/bench2_seed202_exp.json,True
202,exp,flat_pit0.20_cit0,6,223.37269791298303,226.82199070388018,199.45940959301356,644.8342374863133,846.5101948294229,0.7361252123395938,0.7320504914301874,0.7643744743875106,0.2382439793105487,0.85,0.36451579443022125,0.7794117647058824,0.3375,0.4694305428076815,inf,-1.6472950157478172,0,audits/paper_extras/v4_runs/v2/bench2_seed202_exp.json,True
202,exp,flat_pit0.20_cit0,7,254.4366813288567,229.71341982566835,208.8346374821579,674.0265906854385,882.1465749116177,0.7115709695360448,0.7395972207354732,0.7632653762748203,0.23592449389380754,0.85,0.28573336412899575,0.9950980392156863,0.25,0.3186397887671304,inf,-1.580616150932111,0,audits/paper_extras/v4_runs/v2/bench2_seed202_exp.json,True
202,exp,flat_pit0.20_cit0,8,265.5247704810379,268.9441522080302,238.87455464759694,684.3891136155747,875.3714232888674,0.6966718773118822,0.6927656706023402,0.7271163436543099,0.21817288592281311,0.9041666666666667,0.33569966209071844,0.7327188940092166,0.2791666666666667,0.5947804379946044,inf,-2.112819417012027,0,audits/paper_extras/v4_runs/v2/bench2_seed202_exp.json,True
202,exp,flat_pit0.20_cit0,9,254.19210752844626,280.39041042915494,239.26112537347558,646.4894403957869,798.7055502704012,0.6817449090689433,0.6489439564627678,0.7004388847774078,0.19057850521144074,0.8708333333333333,0.4310848426405058,0.6267942583732058,0.36666666666666664,1.3682829910072096,inf,-2.4423226210589464,0,audits/paper_extras/v4_runs/v2/bench2_seed202_exp.json,True
202,exp,flat_pit0.30_cit0,0,195.0048858511764,227.21409684173344,212.8067210596363,602.3512213088447,853.6558197973706,0.7715649781460354,0.7338340680490335,0.7507113333917766,0.29438632369211415,0.9041666666666667,0.6010927569064834,0.6728110599078341,0.7166666666666667,5.891483974898898,inf,-4.991729101620569,4,audits/paper_extras/v4_runs/v2/bench2_seed202_exp.json,True
202,exp,flat_pit0.30_cit0,1,273.1491842145889,337.2193930547109,273.5044852284455,683.2626874666732,910.6994901256289,0.7000666112408731,0.6297138664169096,0.699676470456005,0.24973858569700227,0.9125,0.572806826691566,0.639269406392694,0.6541666666666667,5.154306805379626,inf,-3.8927278052909005,4,audits/paper_extras/v4_runs/v2/bench2_seed202_exp.json,True
202,exp,flat_pit0.30_cit0,2,193.55823562948865,221.05355806453272,253.67238582063908,626.8402912400669,904.5086135755209,0.7860073052656146,0.7556092283182264,0.7195467439299748,0.30698250759363316,0.9041666666666667,0.5873031583856587,0.6497695852534562,0.7291666666666666,0.2822302442916304,inf,-2.9455117592057865,7,audits/paper_extras/v4_runs/v2/bench2_seed202_exp.json,True
202,exp,flat_pit0.30_cit0,3,249.9428621983337,286.99671539276846,259.52368998814154,666.8972111335698,883.2678725493656,0.7170248460674489,0.6750739789001798,0.7061778220925421,0.24496607217387822,0.9166666666666666,0.5289030598240144,0.6045454545454545,0.675,1.2800788011111008,inf,-3.9844138024925826,4,audits/paper_extras/v4_runs/v2/bench2_seed202_exp.json,True
202,exp,flat_pit0.30_cit0,4,234.1352603649469,276.340851282495,230.32628840361755,586.9386327193625,801.1210312599812,0.7077404646377772,0.6550573003334169,0.7124950170870353,0.26735335883487976,0.9208333333333333,0.6242297112224093,0.6968325791855203,0.7791666666666667,inf,inf,-3.6812634491125147,8,audits/paper_extras/v4_runs/v2/bench2_seed202_exp.json,True
202,exp,flat_pit0.30_cit0,5,229.04066172170343,251.95886454169647,217.96724968828389,618.1331947453252,872.5281872891248,0.7374976934174305,0.7112312608209111,0.7501888731348718,0.2915607727633241,0.9125,0.5691117535543421,0.7625570776255708,0.7166666666666667,3.3715797863228847,inf,-3.6047637067335234,9,audits/paper_extras/v4_runs/v2/bench2_seed202_exp.json,True
202,exp,flat_pit0.30_cit0,6,234.24739437407777,269.6862782706354,236.1531026383268,610.2330964442476,836.0737204361625,0.7198244740285872,0.6774372023917393,0.7175451196873757,0.27012046721681254,0.9208333333333333,0.6031037672342243,0.7420814479638009,0.6791666666666667,inf,inf,-3.7539158700418147,4,audits/paper_extras/v4_runs/v2/bench2_seed202_exp.json,True
202,exp,flat_pit0.30_cit0,7,256.080121838159,314.48966379739994,254.27897072346065,652.462616037026,877.7518780155382,0.7082545440778586,0.6417100644564696,0.7103065489323176,0.25666622609552986,0.8875,0.6020315014437045,0.6807511737089202,0.675,inf,inf,-2.907642919026546,3,audits/paper_extras/v4_runs/v2/bench2_seed202_exp.json,True
202,exp,flat_pit0.30_cit0,8,212.41574592538606,245.42453711712665,225.384238265709,625.9276181642006,870.3706197879249,0.755947936320342,0.7180229530531178,0.7410479706672242,0.28084932563932985,0.9208333333333333,0.5883697134915042,0.7149321266968326,0.6875,17.085986691725697,inf,-2.680062934588901,4,audits/paper_extras/v4_runs/v2/bench2_seed202_exp.json,True
202,exp,flat_pit0.30_cit0,9,203.4747279426693,239.56640127587437,224.72865093262337,583.2786690933048,797.5712214897324,0.7448820588553686,0.699630083406967,0.7182337515728475,0.26868140000859647,0.9125,0.6621595298134916,0.6529680365296804,0.7375,inf,inf,-5.736276032261472,11,audits/paper_extras/v4_runs/v2/bench2_seed202_exp.json,True
202,exp,flat_pit0.50_cit0,0,307.94001449552474,361.4455551669676,349.28640685928417,414.97767946378207,473.94990749696154,0.35026885832338955,0.23737604027428827,0.2630309631160264,0.12442713269979386,0.9375,0.8658604946273883,0.18666666666666668,0.9,inf,inf,-12.606947166798399,24,audits/paper_extras/v4_runs/v2/bench2_seed202_exp.json,True
202,exp,flat_pit0.50_cit0,1,136.34111625216863,125.2975713429928,167.72015298990783,416.9787367588322,777.0339377051494,0.824536471785478,0.8387489075277201,0.7841533749668083,0.46337126793931943,0.9333333333333333,0.7490398217286789,0.8080357142857143,0.8875,0.06190139267971866,0.13965483858208563,-8.100193263063218,40,audits/paper_extras/v4_runs/v2/bench2_seed202_exp.json,True
202,exp,flat_pit0.50_cit0,2,247.68299553383326,183.09179427232695,181.19462473337,547.029860663408,871.1367514476428,0.7156783993761747,0.7898242796345493,0.7920020887280174,0.37205053081004624,0.9291666666666667,0.587913097374446,1.0,0.7625,0.4901042580395669,inf,-10.322854431939424,57,audits/paper_extras/v4_runs/v2/bench2_seed202_exp.json,True
202,exp,flat_pit0.50_cit0,3,128.93975653965754,116.37902098790943,167.49008808394237,398.466384382688,729.5405755869256,0.8232589648136792,0.8404762875673079,0.7704170354757934,0.45381189516139503,0.9416666666666667,0.760669887193444,0.7831858407079646,0.8958333333333334,0.06913753518816985,0.16242688002656472,-11.305968243495384,48,audits/paper_extras/v4_runs/v2/bench2_seed202_exp.json,True
202,exp,flat_pit0.50_cit0,4,105.45514406790042,91.26743045434769,124.7770571230893,319.74071825208546,592.8074430192169,0.8221089405848065,0.8460420301244613,0.7895150295556521,0.4606330908673822,0.9375,0.756967378923398,0.92,0.9,0.09554915169564991,0.34830734446765316,-10.860955906479175,43,audits/paper_extras/v4_runs/v2/bench2_seed202_exp.json,True
202,exp,flat_pit0.50_cit0,5,131.9483750498915,114.5424506415899,151.39589619815507,392.54648983550226,722.868180490495,0.8174655094648664,0.8415444838589129,0.7905622348801867,0.45695978820212596,0.9291666666666667,0.7384294141621568,0.9417040358744395,0.8958333333333334,0.06407165259966519,0.17080240550677422,-9.827641305228536,41,audits/paper_extras/v4_runs/v2/bench2_seed202_exp.json,True
202,exp,flat_pit0.50_cit0,6,121.50923868939152,106.29457086671574,142.12416130986446,353.15280587247577,655.8079680083455,0.8147182641613692,0.8379181466954011,0.7832838753980252,0.4614996720076726,0.9333333333333333,0.7553066100324298,0.8928571428571429,0.8958333333333334,0.07456708225892839,0.1883983874974673,-13.893895333002266,47,audits/paper_extras/v4_runs/v2/bench2_seed202_exp.json,True
202,exp,flat_pit0.50_cit0,7,137.87045343421372,123.01437503978093,155.5975561585362,402.20750754123765,760.3859796547072,0.8186835934339282,0.8382211425102262,0.7953702983461197,0.47104823299887655,0.9416666666666667,0.7416069610828152,0.8805309734513275,0.8916666666666667,0.06397680388241474,0.16118201014357525,-10.136244875481616,35,audits/paper_extras/v4_runs/v2/bench2_seed202_exp.json,True
202,exp,flat_pit0.50_cit0,8,127.0158271941986,113.04110656716443,151.4754990940639,371.4071546315802,682.8367440173889,0.8139880018071142,0.834453685221887,0.7781673285434586,0.4560820607771481,0.9291666666666667,0.7430011992062523,0.8609865470852018,0.8916666666666667,0.06710099371261483,0.16608524573337471,-9.804082653796627,37,audits/paper_extras/v4_runs/v2/bench2_seed202_exp.json,True
202,exp,flat_pit0.50_cit0,9,126.02937216911762,124.7488413063654,176.09680893132375,329.2195299026372,539.4693468567214,0.7663827001414596,0.7687563861909328,0.6735740224029937,0.3897345014672812,0.9375,0.8049265057869803,0.5866666666666667,0.9083333333333333,0.7325132443364517,inf,-14.48231383671681,43,audits/paper_extras/v4_runs/v2/bench2_seed202_exp.json,True
202,exp,flat_pit0_cit0.10,0,373.3176302971026,367.06303011583907,366.0851059679011,693.6529598370754,854.6263504302316,0.5631802949801759,0.5704988151476326,0.5716430861468191,0.18835528592363177,0.0,0.0,nan,0.0,0.0,0.0,8.02044675118907e-09,0,audits/paper_extras/v4_runs/v2/bench2_seed202_exp.json,True
202,exp,flat_pit0_cit0.10,1,441.2914980695587,434.4990751959133,434.4181000137709,752.2254518655723,951.5159228437186,0.5362226868987052,0.5433612147053083,0.5434463159423957,0.20944522965264004,0.0,0.0,nan,0.0,0.0,0.0,1.4786392110721636e-09,0,audits/paper_extras/v4_runs/v2/bench2_seed202_exp.json,True
202,exp,flat_pit0_cit0.10,2,386.97564620661245,380.31407635027443,380.30584203445517,719.0780279195521,914.9412070951422,0.5770486199487876,0.5843294919924548,0.5843384918229962,0.21407187440757905,0.0,0.0,nan,0.0,0.0,0.0,0.0,0,audits/paper_extras/v4_runs/v2/bench2_seed202_exp.json,True
202,exp,flat_pit0_cit0.10,3,435.7563889600888,429.5758698514001,429.6788165519706,732.9294974471532,911.3780588223894,0.5218708803203593,0.5286523899791223,0.5285394327934912,0.19580080916783693,0.0,0.0,nan,0.0,0.0,0.0,1.2946038907557522e-08,0,audits/paper_extras/v4_runs/v2/bench2_seed202_exp.json,True
202,exp,flat_pit0_cit0.10,4,343.2159525274425,336.6487984345062,336.5747070402884,659.5334256421908,826.7436780770139,0.5848580864558232,0.592801484472741,0.5928911028105432,0.20225162510313974,0.0,0.0,nan,0.0,0.0,0.0,0.0,0,audits/paper_extras/v4_runs/v2/bench2_seed202_exp.json,True
202,exp,flat_pit0_cit0.10,5,434.67994566005694,429.1935870582892,428.73697967515176,700.6365702822446,853.4956487784342,0.49070631316961877,0.4971344169445121,0.4976694019603009,0.1790976658345817,0.0,0.0,nan,0.0,0.0,0.0,0.0,0,audits/paper_extras/v4_runs/v2/bench2_seed202_exp.json,True
202,exp,flat_pit0_cit0.10,6,437.88603348830065,432.55497902010364,431.8893864278215,713.0280644508716,860.1017784833842,0.4908904452442544,0.4970886122537416,0.49786246554521585,0.1709957097075737,0.0,0.0,nan,0.0,0.0,0.0,0.0,0,audits/paper_extras/v4_runs/v2/bench2_seed202_exp.json,True
202,exp,flat_pit0_cit0.10,7,449.6355065409878,443.74822446116696,443.31858432194434,734.0678077624258,899.929230696136,0.500365705208648,0.5069076441511877,0.507385059624058,0.1843049622973229,0.0,0.0,nan,0.0,0.0,0.0,0.0,0,audits/paper_extras/v4_runs/v2/bench2_seed202_exp.json,True
202,exp,flat_pit0_cit0.10,8,388.9448615773287,382.2125537604,382.2178497805666,684.6299749304578,871.2981826730264,0.5536030381882608,0.5613297934493299,0.5613237151396628,0.21424147491034062,0.0,0.0,nan,0.0,0.0,0.0,0.0,0,audits/paper_extras/v4_runs/v2/bench2_seed202_exp.json,True
202,exp,flat_pit0_cit0.10,9,414.4905985117789,409.20550301171335,408.31688568960124,689.9570667350025,825.3719629468906,0.49781357119050856,0.5042168605404348,0.5052934870337062,0.16406529697035693,0.0,0.0,nan,0.0,0.0,0.0,0.0,2,audits/paper_extras/v4_runs/v2/bench2_seed202_exp.json,True
202,exp,flat_pit0_cit0.20,0,447.3536151322678,441.9383486456971,441.9692177753774,730.8600329357199,875.8964370970721,0.48926197643307756,0.4954445184063252,0.49540927550731007,0.1655862474358693,0.0,0.0,nan,0.0,0.0,0.0,1.874302490989521e-09,0,audits/paper_extras/v4_runs/v2/bench2_seed202_exp.json,True
202,exp,flat_pit0_cit0.20,1,440.94047645424877,434.07753684247155,434.1545622047387,751.1419143064069,949.1984637342795,0.5354601874095674,0.5426904346908129,0.5426092868958996,0.20865662661177353,0.0,0.0,nan,0.0,0.0,0.0,1.146643283878035e-06,0,audits/paper_extras/v4_runs/v2/bench2_seed202_exp.json,True
202,exp,flat_pit0_cit0.20,2,372.0286686327762,364.9087666106077,364.7490276308144,730.8002738765413,949.0557691557267,0.6080012569085057,0.6155033471476308,0.615671660733602,0.22997120124283527,0.0,0.0,nan,0.0,0.0,0.0,0.0,0,audits/paper_extras/v4_runs/v2/bench2_seed202_exp.json,True
202,exp,flat_pit0_cit0.20,3,480.33546633718004,474.95111674398953,474.79586625000366,759.5418743392062,915.96098377633,0.475593966506248,0.4814723277995337,0.4816418224578605,0.17077049373024386,0.0,0.0,nan,0.0,0.0,0.0,0.0,0,audits/paper_extras/v4_runs/v2/bench2_seed202_exp.json,True
202,exp,flat_pit0_cit0.20,4,392.7784700549316,386.78019298914063,386.11772490627374,683.6377500983316,841.317814943368,0.533139007544526,0.5402686284312473,0.5410560455893061,0.1874203327735909,0.0,0.0,nan,0.0,0.0,0.0,0.0,1,audits/paper_extras/v4_runs/v2/bench2_seed202_exp.json,True
202,exp,flat_pit0_cit0.20,5,399.3358404912942,392.66148149214325,392.8012429047227,721.465248689677,905.417584584033,0.5589484373944901,0.5663200183233245,0.5661656570485281,0.2031685037118728,0.0,0.0,nan,0.0,0.0,0.0,1.4347954824245335e-08,0,audits/paper_extras/v4_runs/v2/bench2_seed202_exp.json,True
202,exp,flat_pit0_cit0.20,6,364.6602341554339,357.95636930587364,357.4588070643021,679.6097470269065,852.2544057409667,0.5721227937350571,0.5799888309234854,0.5805726498374386,0.20257408767979274,0.0,0.0,nan,0.0,0.0,0.0,0.0,0,audits/paper_extras/v4_runs/v2/bench2_seed202_exp.json,True
202,exp,flat_pit0_cit0.20,7,387.8004388623254,380.4518613284373,379.69841785253374,709.9958077175372,915.5810063647125,0.5764433336138376,0.5844694694585133,0.5852923824183344,0.22454069843961186,0.0,0.0,nan,0.0,0.0,0.0,0.0,0,audits/paper_extras/v4_runs/v2/bench2_seed202_exp.json,True
202,exp,flat_pit0_cit0.20,8,419.70375002632204,413.30344846209465,413.11296982736064,718.3376325895123,894.151349350189,0.530612182902441,0.5377701451074735,0.537983172392924,0.196626350660262,0.0,0.0,nan,0.0,0.0,0.0,1.2607511528095472e-05,0,audits/paper_extras/v4_runs/v2/bench2_seed202_exp.json,True
202,exp,flat_pit0_cit0.20,9,396.6995967253936,391.03848537680614,390.654096252953,704.342874320677,846.2515469152012,0.5312273304888329,0.5379169623946457,0.5383711880031593,0.1676908870793996,0.0,0.0,nan,0.0,0.0,0.0,2.5790196644948082e-09,0,audits/paper_extras/v4_runs/v2/bench2_seed202_exp.json,True
202,exp,flat_pit0_cit0.30,0,450.8308020021159,445.27974327755715,445.288100271871,735.4309842192987,880.3968065493701,0.48792317435918076,0.49422835252800623,0.49421886022379563,0.16465964125682253,0.0,0.0,nan,0.0,0.0,0.0,2.819626065964087e-08,0,audits/paper_extras/v4_runs/v2/bench2_seed202_exp.json,True
202,exp,flat_pit0_cit0.30,1,476.5120521412625,470.0112900334658,470.07130505150207,785.7000978524104,970.7847855470433,0.5091475894188587,0.5158439882547072,0.5157821671189315,0.19065470581137764,0.0,0.0,nan,0.0,0.0,0.0,2.50009049018729e-08,0,audits/paper_extras/v4_runs/v2/bench2_seed202_exp.json,True
202,exp,flat_pit0_cit0.30,2,396.51731561261875,389.83761371501305,390.0457014730694,754.3069926766914,950.5624428952658,0.5828603175138201,0.5898874223058633,0.5896685121652285,0.20646244934820987,0.0,0.0,nan,0.0,0.0,0.0,0.0,0,audits/paper_extras/v4_runs/v2/bench2_seed202_exp.json,True
202,exp,flat_pit0_cit0.30,3,375.91277673933746,368.04181112985043,367.6404051567958,731.3777713467788,947.9598775252474,0.6034507518180002,0.6117538095698062,0.61217725151347,0.22847180699659977,0.0,0.0,nan,0.0,0.0,0.0,0.0,0,audits/paper_extras/v4_runs/v2/bench2_seed202_exp.json,True
202,exp,flat_pit0_cit0.30,4,405.40152747349947,399.6295512557776,399.60841519277017,698.598028146473,845.103040268846,0.5202933747054889,0.5271232829447087,0.5271482929872718,0.17335757314962041,0.0,0.0,nan,0.0,0.0,0.0,0.0,0,audits/paper_extras/v4_runs/v2/bench2_seed202_exp.json,True
202,exp,flat_pit0_cit0.30,5,424.2493660522345,417.64715229918073,417.44969548636186,740.2089928990017,918.2988152718347,0.5380051035711635,0.5451947172821421,0.5454097418575146,0.1939345008521163,0.0,0.0,nan,0.0,0.0,0.0,0.0,0,audits/paper_extras/v4_runs/v2/bench2_seed202_exp.json,True
202,exp,flat_pit0_cit0.30,6,409.940979203201,403.8355261240207,402.77508289202336,711.7572438419038,868.1459727611448,0.5277971768971287,0.5348299263087994,0.5360514296795109,0.18014105211113918,0.0,0.0,nan,0.0,0.0,0.0,0.0,0,audits/paper_extras/v4_runs/v2/bench2_seed202_exp.json,True
202,exp,flat_pit0_cit0.30,7,473.61647471524736,467.71314878480035,466.4246387239654,755.7793866225331,920.5947777687393,0.48553208626366595,0.49194459920964967,0.49334424875356503,0.17903142090993812,0.0,0.0,nan,0.0,0.0,0.0,0.0,0,audits/paper_extras/v4_runs/v2/bench2_seed202_exp.json,True
202,exp,flat_pit0_cit0.30,8,464.4191769874986,458.6385743947017,457.9555065235039,743.1909551046435,900.0331837241009,0.48399771765541577,0.49042037261673416,0.49117930893547246,0.17426271770390223,0.0,0.0,nan,0.0,0.0,0.0,0.0,0,audits/paper_extras/v4_runs/v2/bench2_seed202_exp.json,True
202,exp,flat_pit0_cit0.30,9,376.09286404634713,370.27939116323665,370.3146713743488,683.0506281650529,821.1168654827092,0.5419740114274065,0.5490539693816168,0.5490110032551185,0.1681444421878868,0.0,0.0,nan,0.0,0.0,0.0,2.1871710442766812e-08,0,audits/paper_extras/v4_runs/v2/bench2_seed202_exp.json,True
202,exp,flat_pit0_cit0.50,0,510.53715614368184,505.14452668916135,504.31266616147735,801.0488597419215,941.4673766339637,0.457721883078934,0.46344978145157945,0.46433336015895665,0.14914857421197278,0.0,0.0,nan,0.0,0.0,0.0,4.195996705647076e-08,0,audits/paper_extras/v4_runs/v2/bench2_seed202_exp.json,True
202,exp,flat_pit0_cit0.50,1,469.5811685454724,462.58885222107784,462.41855229368326,814.9315465276478,1003.8031136637827,0.5321979358765413,0.5391637603785926,0.5393334150898367,0.188155988525252,0.0,0.0,nan,0.0,0.0,0.0,0.0,0,audits/paper_extras/v4_runs/v2/bench2_seed202_exp.json,True
202,exp,flat_pit0_cit0.50,2,436.6397870977831,429.81960357556744,428.88593706879095,801.3201260577546,1000.4398452335412,0.5635521823944801,0.5703693674103604,0.5713026234289255,0.19903217582193006,0.0125,0.00021934325756921036,1.0,0.0,1.6484423696608313e-19,9.401009143763687e-18,-8.881784197001252e-16,0,audits/paper_extras/v4_runs/v2/bench2_seed202_exp.json,True
202,exp,flat_pit0_cit0.50,3,517.2198792683479,511.6476433765842,510.6489652966517,810.7121108982509,967.6662485124222,0.4654976547301699,0.4712560821841912,0.47228813024980026,0.16219862773498026,0.0,0.0,nan,0.0,0.0,0.0,0.0,0,audits/paper_extras/v4_runs/v2/bench2_seed202_exp.json,True
202,exp,flat_pit0_cit0.50,4,342.23551868872926,334.9158525222032,333.5901400287457,698.1979971614252,870.3193697401913,0.6067701919688473,0.6151805139966233,0.6167037622886304,0.19776805913230225,0.0,0.0,nan,0.0,0.0,0.0,0.0,0,audits/paper_extras/v4_runs/v2/bench2_seed202_exp.json,True
202,exp,flat_pit0_cit0.50,5,404.0641999496414,396.7208913561767,395.96122849166704,755.2131262209928,942.3872984157599,0.5712333977453743,0.5790256383727782,0.5798317431088954,0.19861703623279325,0.0,0.0,nan,0.0,0.0,0.0,0.0,0,audits/paper_extras/v4_runs/v2/bench2_seed202_exp.json,True
202,exp,flat_pit0_cit0.50,6,458.29135328471347,452.22772343442466,451.4549552803382,777.8105208573381,931.5854564315656,0.5080522671100978,0.5145612028265435,0.5153907221677391,0.16506798653047003,0.008333333333333333,0.00014885699096225412,1.0,0.0,1.6366923907621764e-19,9.163768889092003e-18,-8.881784197001252e-16,0,audits/paper_extras/v4_runs/v2/bench2_seed202_exp.json,True
202,exp,flat_pit0_cit0.50,7,524.5180881784381,518.5887584965235,518.2718871077996,813.493653562021,977.081948563938,0.46317902101318487,0.4692474267294395,0.46957173052933027,0.16742535796751767,0.0,0.0,nan,0.0,0.0,0.0,0.0,0,audits/paper_extras/v4_runs/v2/bench2_seed202_exp.json,True
202,exp,flat_pit0_cit0.50,8,491.549575798587,485.7816241559233,485.5502743850816,776.9768108776977,928.1343841529615,0.47038965025825713,0.4766042154560843,0.47685347868217726,0.16286173193897335,0.0,0.0,nan,0.0,0.0,0.0,0.0,0,audits/paper_extras/v4_runs/v2/bench2_seed202_exp.json,True
202,exp,flat_pit0_cit0.50,9,388.23713258605983,382.01709377717935,381.66179119175524,709.3075448081436,853.1303701583723,0.5449263721393616,0.5522172142268679,0.552633683500325,0.16858247037147436,0.004166666666666667,7.716049382716049e-05,1.0,0.0,1.6895155091768769e-19,9.123383749555133e-18,-8.881784197001252e-16,0,audits/paper_extras/v4_runs/v2/bench2_seed202_exp.json,True
303,det,rl_learned,0,428.54379121450745,422.41567680530153,422.448077845074,793.9278204956631,924.3797159890678,0.5363985342798504,0.543027968378422,0.5429929167224715,0.14112371056717066,0.0,0.0,nan,0.0,0.0,0.0,2.9278944028598985e-05,0,audits/paper_extras/v4_runs/v2/bench2_seed303_det.json,True
303,det,rl_learned,1,465.69666981953884,459.7435285275511,459.79498572105206,841.8760747368694,967.5846081659805,0.5187018624632227,0.5248544420327466,0.5248012609537311,0.12991993916416952,0.0,0.0,nan,0.0,0.0,0.0,2.0226588204330653e-07,0,audits/paper_extras/v4_runs/v2/bench2_seed303_det.json,True
303,det,rl_learned,2,400.8335131076803,394.22491906462824,394.2902621672596,800.2036559337895,946.2051625126245,0.5763777994581252,0.583362113542296,0.5832930554719956,0.1543021665524753,0.0,0.0,nan,0.0,0.0,0.0,0.0,0,audits/paper_extras/v4_runs/v2/bench2_seed303_det.json,True
303,det,rl_learned,3,423.4652760245574,416.77016097691927,416.9195278503575,826.0919060849734,977.2433782054674,0.566673680816159,0.5735247019608942,0.5733718568490527,0.15467126766113945,0.0,0.0,nan,0.0,0.0,0.0,1.3433334913326433e-05,0,audits/paper_extras/v4_runs/v2/bench2_seed303_det.json,True
303,det,rl_learned,4,381.3753716708752,375.5326939351818,375.7036810338873,759.9807888461512,873.052932026447,0.5631703901553103,0.5698626278437309,0.5696667782080065,0.12951350259811106,0.0,0.0,nan,0.0,0.0,0.0,0.0,0,audits/paper_extras/v4_runs/v2/bench2_seed303_det.json,True
303,det,rl_learned,5,346.05823411541667,338.9530521645755,339.26511113019524,798.7744769579142,946.045199010858,0.6342053905275991,0.6417157948489465,0.6413859385524968,0.15566985827624671,0.0,0.0,nan,0.0,0.0,0.0,0.0,0,audits/paper_extras/v4_runs/v2/bench2_seed303_det.json,True
303,det,rl_learned,6,397.13395635367715,390.8601499933401,390.9555501454361,781.8556698515252,912.8414349509883,0.5649474912639129,0.5718203238503017,0.5717158148431035,0.14349235265212937,0.0,0.0,nan,0.0,0.0,0.0,3.0379122626600363e-05,0,audits/paper_extras/v4_runs/v2/bench2_seed303_det.json,True
303,det,rl_learned,7,366.3948985548988,358.7757661259795,358.8760964960794,782.0503254348647,942.0600392414357,0.6110705440282481,0.6191582795350576,0.6190517784991144,0.16985086633694155,0.0,0.0,nan,0.0,0.0,0.0,0.02289168963729682,0,audits/paper_extras/v4_runs/v2/bench2_seed303_det.json,True
303,det,rl_learned,8,414.61005034543876,408.4989196918065,408.6056046724858,777.4471151566462,901.780381287113,0.5402316806297505,0.5470084200448504,0.546890115208226,0.13787532830666113,0.0,0.0,nan,0.0,0.0,0.0,0.0,1,audits/paper_extras/v4_runs/v2/bench2_seed303_det.json,True
303,det,rl_learned,9,389.8594454508875,383.86371545761233,384.0374294536909,761.0028379200784,883.0682653063307,0.5585172055575479,0.5653068618376265,0.5651101454535106,0.13822875555822242,0.0,0.0,nan,0.0,0.0,0.0,3.48550938706893e-05,0,audits/paper_extras/v4_runs/v2/bench2_seed303_det.json,True
303,det,free_market,0,398.7499623466886,392.35810445415865,392.42386240089604,764.0699065059299,911.2266233461248,0.5624030815929909,0.5694176460589174,0.5693454818518446,0.1614929953427163,0.0,0.0,nan,0.0,0.0,0.0,3.7869313838090335e-06,0,audits/paper_extras/v4_runs/v2/bench2_seed303_det.json,True
303,det,free_market,1,418.2560093082526,411.92761451436536,412.0429246430451,809.1743149838068,951.7009021260325,0.5605173764426425,0.567166939114854,0.5670457769635708,0.14975985293681177,0.0,0.0,nan,0.0,0.0,0.0,8.565533171633888e-09,0,audits/paper_extras/v4_runs/v2/bench2_seed303_det.json,True
303,det,free_market,2,377.4733027443714,370.8311398614261,370.9350770517689,790.9100000860074,954.6781465833932,0.604606741973434,0.6115642311615088,0.6114553597154463,0.17154278338043044,0.0,0.0,nan,0.0,0.0,0.0,2.609779503615073e-09,0,audits/paper_extras/v4_runs/v2/bench2_seed303_det.json,True
303,det,free_market,3,402.35804073559785,395.81543169301125,395.8981706717073,773.96722671682,928.6214229718369,0.5667146688820246,0.5737601762122868,0.5736710774938539,0.16654170626398226,0.0,0.0,nan,0.0,0.0,0.0,5.2553455143211636e-08,0,audits/paper_extras/v4_runs/v2/bench2_seed303_det.json,True
303,det,free_market,4,348.39101612215984,342.11433644029523,342.16634443002465,744.4820365886561,878.7872786540722,0.6035547798828558,0.6106972133640024,0.6106380318180326,0.15283020740936823,0.0,0.0,nan,0.0,0.0,0.0,5.474486113321575e-07,2,audits/paper_extras/v4_runs/v2/bench2_seed303_det.json,True
303,det,free_market,5,426.0406067814316,420.1018692344374,420.2059994361077,777.5232787462338,910.7874758538991,0.5322282990529686,0.5387487417516634,0.5386344118948847,0.14631755556665382,0.0,0.0,nan,0.0,0.0,0.0,1.801316051874835e-08,0,audits/paper_extras/v4_runs/v2/bench2_seed303_det.json,True
303,det,free_market,6,359.9099417671765,353.46060807574656,353.51377339458753,722.7791115869857,861.7886093787457,0.5823686483549234,0.5898523092216865,0.5897906173888375,0.16130347544506363,0.0,0.0,nan,0.0,0.0,0.0,1.5689142462971262e-06,0,audits/paper_extras/v4_runs/v2/bench2_seed303_det.json,True
303,det,free_market,7,412.53514127860416,406.1967201662331,406.35954350387004,775.6032277119322,917.5056239908608,0.5503731742981519,0.5572814928377168,0.5571040297972956,0.15466106426868312,0.0,0.0,nan,0.0,0.0,0.0,7.156976855604569e-08,0,audits/paper_extras/v4_runs/v2/bench2_seed303_det.json,True
303,det,free_market,8,413.08501204579505,407.07647840401654,407.3408957815844,785.1217824490549,916.546654627366,0.5493027987607023,0.5558584210102008,0.5555699279190603,0.1433913609468617,0.0,0.0,nan,0.0,0.0,0.0,1.1672729693934514e-07,0,audits/paper_extras/v4_runs/v2/bench2_seed303_det.json,True
303,det,free_market,9,326.0337647808776,319.7883931632637,319.71678977571213,668.1821868189774,794.9679702439911,0.5898781120944891,0.5977342419656047,0.5978243127486195,0.15948539836906986,0.0,0.0,nan,0.0,0.0,0.0,3.863857274355453e-06,0,audits/paper_extras/v4_runs/v2/bench2_seed303_det.json,True
303,det,us_federal,0,320.6945683565885,298.2349927132792,289.9955543785187,732.260088872807,889.7887661241487,0.6395834825455154,0.664824951642885,0.6740849453048087,0.17704053281940654,0.6916666666666667,0.08814333616068103,1.0,0.0,0.018695013655997458,0.08748147268829208,-0.37743253484926387,0,audits/paper_extras/v4_runs/v2/bench2_seed303_det.json,True
303,det,us_federal,1,390.03118422340367,360.5665180935189,350.0898174310595,813.5374641522098,963.996430916872,0.5954018378963924,0.6259669574185265,0.6368349444011078,0.15607834421291183,0.7125,0.0741726032872578,1.0,0.0,0.017149029229946447,0.10259773416622738,-0.3598297221071914,0,audits/paper_extras/v4_runs/v2/bench2_seed303_det.json,True
303,det,us_federal,2,279.77787011189366,264.67829353343706,263.2137036148533,746.1870758177191,950.3211988269078,0.7055965178328589,0.7214854368605474,0.7230265893891785,0.2148053976499474,0.7083333333333334,0.12006851280441956,1.0,0.008333333333333333,0.013137406810605661,0.041516013590671995,-0.39940262256686077,0,audits/paper_extras/v4_runs/v2/bench2_seed303_det.json,True
303,det,us_federal,3,337.9485127504593,314.16982455269374,306.46460027039245,781.7300336291256,958.1355661449473,0.6472852854109225,0.6721029511337794,0.6801448447389852,0.184113332965593,0.7208333333333333,0.08488209521199176,1.0,0.0,0.016183551274346834,0.07720579463288683,-0.3632512548417186,0,audits/paper_extras/v4_runs/v2/bench2_seed303_det.json,True
303,det,us_federal,4,299.56776692634656,278.44419467742665,267.1313201656095,753.5194453698384,880.6231578270866,0.6598229739205113,0.6838100472346423,0.69665648945146,0.14433382920666435,0.7958333333333333,0.1719417447287338,1.0,0.0,0.06896391117118628,0.22138027251783302,-0.7125620828065511,0,audits/paper_extras/v4_runs/v2/bench2_seed303_det.json,True
303,det,us_federal,5,320.14520345411916,293.6942105500061,282.8215737303027,752.4881371878613,906.6327589810669,0.6468854668190909,0.6760604471428113,0.6880527744793206,0.17001880890168078,0.6916666666666667,0.08260581839682195,1.0,0.0,0.01659481972492719,0.0942803833182848,-0.4608396557098572,0,audits/paper_extras/v4_runs/v2/bench2_seed303_det.json,True
303,det,us_federal,6,295.81156143676156,276.16254619912223,271.44378721734944,733.3228355782076,884.5142940418735,0.6655661039857004,0.6877805728416544,0.6931154317733399,0.17093161691348366,0.7333333333333333,0.10246006016997405,1.0,0.0,0.029051690856363974,0.10177220885468495,-0.3592878349300836,0,audits/paper_extras/v4_runs/v2/bench2_seed303_det.json,True
303,det,us_federal,7,369.47007731991954,346.7322831837537,340.8456897887294,770.3235515357051,928.4081435756392,0.6020391679278521,0.626530329809085,0.6328708530323657,0.1702748873260553,0.6083333333333333,0.06278200343467201,1.0,0.0,0.019765742640725753,0.10437522223721689,-0.32151793110542776,0,audits/paper_extras/v4_runs/v2/bench2_seed303_det.json,True
303,det,us_federal,8,340.1443462508562,308.05406374430146,295.9083245367594,768.3403019192208,907.8691079989687,0.6253376800092172,0.6606844962229386,0.6740627895259373,0.15368824079418547,0.7166666666666667,0.1005804105852385,1.0,0.0,0.03888209775694659,0.1738699968225483,-0.5337207921200657,1,audits/paper_extras/v4_runs/v2/bench2_seed303_det.json,True
303,det,us_federal,9,241.7274227789535,225.67750052437177,222.53796945357567,680.4755337857198,836.3394182547584,0.7109697121733408,0.7301603923018395,0.7339142881511438,0.18636438874815855,0.725,0.10416527605356943,1.0,0.0,0.019751076421226126,0.07091072284142348,-0.39183208458794566,0,audits/paper_extras/v4_runs/v2/bench2_seed303_det.json,True
303,det,saez,0,234.4445717420342,201.84303766546103,247.81287247025998,603.2690225042644,817.4234322065535,0.7131907864334469,0.7530740743257068,0.6968365932435853,0.26198711862736856,0.95,0.7299212628024563,0.868421052631579,0.8958333333333334,inf,inf,-23.488216342589013,32,audits/paper_extras/v4_runs/v2/bench2_seed303_det.json,True
303,det,saez,1,225.04035292747537,194.26625227786036,239.29041083689418,632.5014335270247,885.9627007474104,0.745993423044076,0.7807286332551306,0.7299091591158121,0.28608570880756307,0.9458333333333333,0.7328288197599614,0.8942731277533039,0.9,inf,inf,-23.563899867145494,29,audits/paper_extras/v4_runs/v2/bench2_seed303_det.json,True
303,det,saez,2,248.95058342284062,218.4854878663423,247.44714205079387,635.0647137294134,877.2989426242457,0.7162306127052199,0.750956626924921,0.7179443288617099,0.2761136679023483,0.9416666666666667,0.7033942310853505,0.8672566371681416,0.9083333333333333,inf,inf,-24.83463606063283,31,audits/paper_extras/v4_runs/v2/bench2_seed303_det.json,True
303,det,saez,3,233.51444566743112,198.21408918335845,239.1002036071968,649.6572535828127,896.0124326066413,0.7393848152440242,0.7787819878718396,0.733150796901761,0.2749461615249496,0.9416666666666667,0.7225338335823839,0.9336283185840708,0.8958333333333334,inf,inf,-23.756716799900932,29,audits/paper_extras/v4_runs/v2/bench2_seed303_det.json,True
303,det,saez,4,224.88730317268582,201.86601155144058,237.76983771938316,592.6577156932303,785.7737877148232,0.7138014697248937,0.7430990767221892,0.6974067582339922,0.24576547988856998,0.9458333333333333,0.7396386291547195,0.8281938325991189,0.9083333333333333,inf,inf,-25.37046434165001,36,audits/paper_extras/v4_runs/v2/bench2_seed303_det.json,True
303,det,saez,5,193.6758494734523,158.48845497097795,207.0374333724398,612.6047186417576,872.5788489609967,0.7780420076603193,0.8183677553499097,0.7627292552197834,0.29793769425971917,0.9375,0.7275925889835108,0.9555555555555556,0.9041666666666667,0.09443166126210539,0.4582556318541505,-25.77515587280917,25,audits/paper_extras/v4_runs/v2/bench2_seed303_det.json,True
303,det,saez,6,182.28611751558313,152.7852840041588,193.7968895982244,602.4124670909058,836.4925506577554,0.782082796347383,0.8173500960839163,0.7683220377206743,0.27983522792018467,0.9416666666666667,0.705251287097717,0.9380530973451328,0.8916666666666667,0.0768087300047776,0.2369031158862469,-22.38431187922681,33,audits/paper_extras/v4_runs/v2/bench2_seed303_det.json,True
303,det,saez,7,296.3152742818137,261.4351571755296,289.5587785802862,671.454909080054,881.126102401009,0.6637084368805162,0.7032942771038828,0.6713764604280158,0.23795821364230976,0.9333333333333333,0.728410630670505,0.8794642857142857,0.8958333333333334,inf,inf,-23.662373579155968,32,audits/paper_extras/v4_runs/v2/bench2_seed303_det.json,True
303,det,saez,8,304.30635771981184,287.0060874800874,306.7567195977981,651.9511926162236,838.2553307116599,0.6369765314090367,0.6576149569649313,0.6340533625508011,0.22225225569071924,0.9458333333333333,0.7481691124781201,0.7665198237885462,0.9041666666666667,inf,inf,-22.748415733290624,33,audits/paper_extras/v4_runs/v2/bench2_seed303_det.json,True
303,det,saez,9,226.9287605838828,201.53022806068296,244.9234415483539,558.3368964298777,740.8182262637897,0.693678216141677,0.7279626487092904,0.6693879377352929,0.246324028438434,0.9458333333333333,0.7468116213580652,0.8810572687224669,0.9041666666666667,inf,inf,-22.021966969357248,34,audits/paper_extras/v4_runs/v2/bench2_seed303_det.json,True
303,det,free_market+rl_aux,0,402.59109459493374,396.21075012031025,396.3182686886767,766.4512028278788,914.9366773498953,0.5599792810131574,0.5669528176879621,0.5668353029232487,0.16229043845100086,0.0,0.0,nan,0.0,0.0,0.0,1.3601935187068648e-06,0,audits/paper_extras/v4_runs/v2/bench2_seed303_det.json,True
303,det,free_market+rl_aux,1,417.6949000815422,411.3714974693371,411.4863126901696,808.2249461312003,950.736332488928,0.5606616831524038,0.5673127412808453,0.5671919767566455,0.14989580337657638,0.0,0.0,nan,0.0,0.0,0.0,8.296538567265088e-09,0,audits/paper_extras/v4_runs/v2/bench2_seed303_det.json,True
303,det,free_market+rl_aux,2,376.99861007959316,370.36174399656255,370.46521689645385,790.0279198274354,953.7567123575178,0.6047224567911881,0.6116811140640952,0.611572624237968,0.17166725057732365,0.0,0.0,nan,0.0,0.0,0.0,2.6065321012680442e-09,0,audits/paper_extras/v4_runs/v2/bench2_seed303_det.json,True
303,det,free_market+rl_aux,3,401.92965391823805,395.3930662132983,395.4755504052755,773.2007358898029,927.7571056033883,0.5667727560471404,0.5738183369060318,0.5737294298079573,0.1665914157704737,0.0,0.0,nan,0.0,0.0,0.0,5.22785752465893e-08,0,audits/paper_extras/v4_runs/v2/bench2_seed303_det.json,True
303,det,free_market+rl_aux,4,346.63664209835855,340.36702404569166,340.34604780442163,742.0659870113511,876.1656955131368,0.6043709039585866,0.611526648682186,0.6115505896346536,0.15305290904279076,0.0,0.0,nan,0.0,0.0,0.0,3.314496541673151e-07,2,audits/paper_extras/v4_runs/v2/bench2_seed303_det.json,True
303,det,free_market+rl_aux,5,413.6942316615093,407.68694147649296,407.80248189151604,783.5191104378363,919.3394997026475,0.550009292763647,0.55654364725071,0.5564179696146894,0.14773692342028288,0.0,0.0,nan,0.0,0.0,0.0,1.7150665776455298e-08,0,audits/paper_extras/v4_runs/v2/bench2_seed303_det.json,True
303,det,free_market+rl_aux,6,377.3467485163614,370.96764732767514,371.0772821399702,762.6078107958392,903.4861510682787,0.5823436274366929,0.5894041686316449,0.5892828222090513,0.1559275038204686,0.0,0.0,nan,0.0,0.0,0.0,1.3759064350082895e-06,0,audits/paper_extras/v4_runs/v2/bench2_seed303_det.json,True
303,det,free_market+rl_aux,7,412.73718814698236,406.39847445671086,406.58846264452694,775.9224619788148,918.3288810715205,0.5505562368185631,0.557458680834998,0.5572517961428882,0.15507126262493642,0.0,0.0,nan,0.0,0.0,0.0,7.156087789006449e-08,0,audits/paper_extras/v4_runs/v2/bench2_seed303_det.json,True
303,det,free_market+rl_aux,8,404.36435085162844,398.23119846008245,398.3967907583373,780.8974678431198,917.526709883961,0.5592887416838599,0.5659731818483557,0.5657927050333801,0.14891037020395903,0.0,0.0,nan,0.0,0.0,0.0,6.491194093349861e-08,0,audits/paper_extras/v4_runs/v2/bench2_seed303_det.json,True
303,det,free_market+rl_aux,9,347.8033495461641,341.6879800987628,341.76263418018306,718.5989445844469,846.4944308000917,0.5891250587231549,0.596349405659048,0.5962612136063848,0.15108839652348344,0.0,0.0,nan,0.0,0.0,0.0,2.3741456867121258e-07,0,audits/paper_extras/v4_runs/v2/bench2_seed303_det.json,True
303,det,us_federal+rl_aux,0,324.7861888304367,304.09874485285286,297.82338471048325,743.142152042198,911.3993301635187,0.6436400839002535,0.6663386346813608,0.6732240469640797,0.18461411211607207,0.6875,0.08414323870658999,1.0,0.0,0.01665094469465175,0.07696122117796232,-0.3506518743023069,0,audits/paper_extras/v4_runs/v2/bench2_seed303_det.json,True
303,det,us_federal+rl_aux,1,356.44970123734146,331.3618666753287,322.29854869463236,789.5721290578742,956.7029718944475,0.6274186328369968,0.6536418549853865,0.6631153470168258,0.17469459983554086,0.7291666666666666,0.06731772044356835,1.0,0.0,0.01228828734621222,0.07500652923351023,-0.3797420934021241,0,audits/paper_extras/v4_runs/v2/bench2_seed303_det.json,True
303,det,us_federal+rl_aux,2,251.94078533438105,237.24739876027024,237.07972644015518,730.0705770759048,934.8975378905993,0.7305150830722769,0.7462316573262463,0.7464110056647748,0.21909027729054,0.7041666666666667,0.09178729198160313,1.0,0.0,0.003693702477063746,0.018827269219643065,-0.3846169401857695,0,audits/paper_extras/v4_runs/v2/bench2_seed303_det.json,True
303,det,us_federal+rl_aux,3,321.8945498507741,301.36339071066203,294.9130270233333,769.4040907144872,950.8773422678945,0.6614762645589619,0.6830680705968933,0.689851662339593,0.19084822351596228,0.7208333333333333,0.09023298222329595,1.0,0.0,0.015829403006762815,0.06678794077847719,-0.35541605238567936,0,audits/paper_extras/v4_runs/v2/bench2_seed303_det.json,True
303,det,us_federal+rl_aux,4,273.02049414819203,252.34755395764887,245.93971115307983,729.0174076240195,862.2180287316046,0.6833509796242278,0.7073274443949248,0.7147592569887713,0.15448600779495922,0.7958333333333333,0.15101859452716118,1.0,0.0,0.05447106888574792,0.1797998870597748,-0.6928955523033599,0,audits/paper_extras/v4_runs/v2/bench2_seed303_det.json,True
303,det,us_federal+rl_aux,5,282.84066814994173,262.1650600708257,256.7309941762997,748.4552696348402,917.0091198265507,0.6915617718137415,0.714108557480417,0.7200344155520945,0.18380825942449946,0.6791666666666667,0.0830114630842204,1.0,0.0,0.010296622902444343,0.055558132336493066,-0.4712568460592157,0,audits/paper_extras/v4_runs/v2/bench2_seed303_det.json,True
303,det,us_federal+rl_aux,6,279.5329640898496,262.33847414057203,259.0870164885639,732.1613840666374,900.1638408187124,0.689464349250454,0.7085658607415609,0.7121779339048763,0.18663542028001737,0.7291666666666666,0.09480246593229401,1.0,0.0,0.014235254366633216,0.054099760374112765,-0.34039236699338676,0,audits/paper_extras/v4_runs/v2/bench2_seed303_det.json,True
303,det,us_federal+rl_aux,7,299.7439293039954,284.62577239701244,284.3423699958889,758.6788323172925,941.9609709359971,0.6817873154488033,0.6978369792602036,0.6981378435315141,0.19457508779433058,0.5958333333333333,0.050311627845284514,1.0,0.0,0.0024537193155809234,0.021973455209035278,-0.28429035257962854,0,audits/paper_extras/v4_runs/v2/bench2_seed303_det.json,True
303,det,us_federal+rl_aux,8,276.99171098054467,256.40993135701416,253.9768254503276,759.7090541994804,920.8081630647001,0.699186299501689,0.7215381643624746,0.7241805235468117,0.17495404072987156,0.7041666666666667,0.08864306185556534,1.0,0.0,0.012111796957243298,0.056038427061102014,-0.4933181155346641,1,audits/paper_extras/v4_runs/v2/bench2_seed303_det.json,True
303,det,us_federal+rl_aux,9,255.66427798375543,237.73871629707128,234.84496457617678,703.4113551779866,861.0872872725542,0.7030913337560032,0.7239086910107623,0.7272692698552837,0.18311260011049207,0.7,0.10607417858079975,1.0,0.0,0.017172533388004712,0.06659303873433028,-0.36513332311434377,0,audits/paper_extras/v4_runs/v2/bench2_seed303_det.json,True
303,det,saez+rl_aux,0,198.16733591726828,166.14486627770953,193.56850164390406,578.0881864957943,852.9945047034632,0.7676804072891893,0.8052216452021945,0.7730718069383148,0.3222838092060604,0.9416666666666667,0.6826970840728095,1.0,0.8958333333333334,0.04321544643327417,0.1428201298471714,-24.33839533449915,30,audits/paper_extras/v4_runs/v2/bench2_seed303_det.json,True
303,det,saez+rl_aux,1,202.12189612415975,173.2195567303779,199.93851775922315,638.2646398719523,950.7356971693657,0.7874047469491898,0.8178047198121349,0.7897012615025375,0.3286623803310808,0.9416666666666667,0.6848804326845082,1.0,0.8958333333333334,0.03289271651812016,0.10007217358799783,-19.710340194838807,22,audits/paper_extras/v4_runs/v2/bench2_seed303_det.json,True
303,det,saez+rl_aux,2,217.93108112800405,181.64387621830585,213.21688258413957,629.6103755068209,919.8481913973093,0.7630792959467012,0.8025284194532394,0.7682042704674461,0.3155279518999741,0.9375,0.6655835871153648,1.0,0.8958333333333334,0.04747514286179109,0.17007776215864007,-17.78101195160686,24,audits/paper_extras/v4_runs/v2/bench2_seed303_det.json,True
303,det,saez+rl_aux,3,221.13091845346082,182.90383311450987,207.6105985250464,622.0815213672493,913.7531035216532,0.7579970808293723,0.7998323262491928,0.7727935503311517,0.31920174172901433,0.9333333333333333,0.6791434536998586,1.0,0.8875,0.05848030486662848,0.26452417942342726,-19.93714961871352,24,audits/paper_extras/v4_runs/v2/bench2_seed303_det.json,True
303,det,saez+rl_aux,4,184.4179792600025,152.38076674632939,182.02236186042865,558.7246158397144,812.8858916438035,0.7731317751288859,0.8125434721985546,0.776078827629366,0.31266537950379314,0.9458333333333333,0.697919332295577,1.0,0.9083333333333333,0.057284981669209686,0.21235692838728507,-22.41012160557291,31,audits/paper_extras/v4_runs/v2/bench2_seed303_det.json,True
303,det,saez+rl_aux,5,203.31781042019887,176.45091186275403,226.23246253271824,651.1192087032066,915.9431813846996,0.7780235558794945,0.8073560506275073,0.7530060083086095,0.28912707476149213,0.9416666666666667,0.7078611444018239,0.8849557522123894,0.9041666666666667,0.06743235089975638,0.193043020646211,-20.556160248637127,40,audits/paper_extras/v4_runs/v2/bench2_seed303_det.json,True
303,det,saez+rl_aux,6,198.20193913196428,167.78845209337075,195.19761175769978,587.4529925102834,850.6068321351006,0.7669876003294502,0.8027426470673807,0.7705195815700939,0.3093718856739924,0.9416666666666667,0.6726381008004009,1.0,0.8916666666666667,0.04676430132818926,0.15756506995477532,-20.634533296345086,30,audits/paper_extras/v4_runs/v2/bench2_seed303_det.json,True
303,det,saez+rl_aux,7,228.4649750805459,202.45162896561618,235.7944665094966,688.8800749805456,972.3017501239024,0.7650266750507935,0.7917810711131422,0.7574883862140032,0.29149559291366056,0.9291666666666667,0.6649035595640519,0.8834080717488789,0.8833333333333333,0.048186174180620524,0.1345621198383542,-17.93302179696258,30,audits/paper_extras/v4_runs/v2/bench2_seed303_det.json,True
303,det,saez+rl_aux,8,191.88044553587778,164.56403832071095,206.4062502736688,633.9826614716843,885.1553595291422,0.78322399173186,0.8140845710878928,0.7668135338597888,0.2837611447001451,0.9416666666666667,0.6917003378886324,0.9823008849557522,0.8958333333333334,0.04902814429638671,0.14073198879775006,-19.981121524008856,35,audits/paper_extras/v4_runs/v2/bench2_seed303_det.json,True
303,det,saez+rl_aux,9,178.0483212812466,151.14158431627698,181.37995556422905,525.4623235259504,772.2020026914043,0.7694277913542266,0.804271960200189,0.7651133318327924,0.3195273753570653,0.9458333333333333,0.6945406372844514,0.9955947136563876,0.9125,0.052762642241888036,0.17296833020214733,-19.52254414759299,34,audits/paper_extras/v4_runs/v2/bench2_seed303_det.json,True
303,det,rl_mean_fixed,0,406.60859447644043,400.05840592648093,400.1168407195056,798.7931306660731,941.0085518547954,0.5679012760564336,0.574862093295606,0.5747999952488778,0.15113084882002983,0.0,0.0,nan,0.0,0.0,0.0,4.420083585521262e-05,0,audits/paper_extras/v4_runs/v2/bench2_seed303_det.json,True
303,det,rl_mean_fixed,1,418.1379211807008,411.3492287536666,411.5439135053308,852.9231724512122,999.4176913715215,0.5816184516336893,0.5884110994781736,0.5882163012938458,0.14657987364549435,0.0,0.0,nan,0.0,0.0,0.0,1.5051162096657578e-06,0,audits/paper_extras/v4_runs/v2/bench2_seed303_det.json,True
303,det,rl_mean_fixed,2,384.6816739441772,377.6985699517135,377.67684520878475,809.4531368762687,967.8756660512595,0.6025505264394113,0.6097654035536934,0.6097878493529739,0.1636806614028466,0.0,0.0,nan,0.0,0.0,0.0,8.400153961307666e-06,0,audits/paper_extras/v4_runs/v2/bench2_seed303_det.json,True
303,det,rl_mean_fixed,3,438.3533358034915,431.85572286781553,431.88200532613604,833.2601530193081,978.5635051756975,0.5520440589854342,0.5586840091790697,0.5586571509749966,0.1484863796655699,0.0,0.0,nan,0.0,0.0,0.0,1.4002694688652895e-05,0,audits/paper_extras/v4_runs/v2/bench2_seed303_det.json,True
303,det,rl_mean_fixed,4,381.9212866902882,375.8260368966569,376.03760578476926,782.2161797062155,906.419185299193,0.5786482756714569,0.5853728131619331,0.5851394014121117,0.1370260113724097,0.0,0.0,nan,0.0,0.0,0.0,2.2056631479028255e-06,0,audits/paper_extras/v4_runs/v2/bench2_seed303_det.json,True
303,det,rl_mean_fixed,5,401.2326990226523,394.5023782270479,394.66081058572644,825.0812044960761,971.5426103187542,0.5870148208002822,0.5939422789725967,0.5937792059822864,0.15075139707421112,0.0,0.0,nan,0.0,0.0,0.0,0.0,0,audits/paper_extras/v4_runs/v2/bench2_seed303_det.json,True
303,det,rl_mean_fixed,6,390.0627079270773,383.6405822411946,383.6947779536339,776.1341818717444,911.6186537815032,0.5721207477391445,0.5791654979307328,0.5791060479488632,0.1486196792351199,0.0,0.0,nan,0.0,0.0,0.0,0.000519288202896373,0,audits/paper_extras/v4_runs/v2/bench2_seed303_det.json,True
303,det,rl_mean_fixed,7,359.31785096003784,351.4447200568994,351.5260699182646,779.8300245159837,949.5828720422079,0.621604536540054,0.629895683247667,0.6298100141989085,0.17876570073462617,0.0,0.0,nan,0.0,0.0,0.0,0.0,0,audits/paper_extras/v4_runs/v2/bench2_seed303_det.json,True
303,det,rl_mean_fixed,8,402.01260987364606,395.5456208520992,395.5860993967702,785.4779714229301,918.0562023947458,0.5621045761414194,0.5691487952259131,0.5691047036500756,0.14441188962722104,0.0,0.0,nan,0.0,0.0,0.0,0.0,1,audits/paper_extras/v4_runs/v2/bench2_seed303_det.json,True
303,det,rl_mean_fixed,9,349.3227301109226,342.5309789280253,342.79017850689667,765.3058438612869,905.8769777094234,0.614381711085968,0.6218791432428936,0.6215930121398306,0.155176847747672,0.0,0.0,nan,0.0,0.0,0.0,0.0006785937901339079,0,audits/paper_extras/v4_runs/v2/bench2_seed303_det.json,True
303,det,flat_pit0.10_cit0,0,284.1371162876327,265.48996925410836,263.23618691640814,732.0893762539686,906.367895355222,0.6865101712629901,0.7070836570727629,0.7095702658209875,0.19228231714115443,0.6875,0.0761070380088551,1.0,0.0,0.0072798030860769325,0.04138217802189258,-0.31979725623469035,0,audits/paper_extras/v4_runs/v2/bench2_seed303_det.json,True
303,det,flat_pit0.10_cit0,1,309.38623986096553,285.4088297823313,277.5992630889559,772.5926576573113,944.3874584516091,0.6723948024805132,0.6977841803932048,0.7060536323257619,0.1819113534988782,0.7083333333333334,0.0711647061393754,1.0,0.0,0.009989745827295346,0.0634403337245279,-0.32070453474522315,0,audits/paper_extras/v4_runs/v2/bench2_seed303_det.json,True
303,det,flat_pit0.10_cit0,2,259.8906876051668,242.84952427672667,241.12090751180543,715.5232397735491,917.0565601266583,0.7166034256717249,0.7351858818357008,0.7370708438326822,0.2197610584948813,0.7041666666666667,0.09117560930844831,1.0,0.0,0.006939313091633094,0.03231390898545386,-0.34984979221846535,0,audits/paper_extras/v4_runs/v2/bench2_seed303_det.json,True
303,det,flat_pit0.10_cit0,3,314.12138970776334,294.1111070690043,284.74047507452264,755.3539207105523,932.4909508724976,0.6631373318809674,0.6845962882601538,0.6946453208922817,0.18996112508781415,0.7041666666666667,0.10496168649384509,1.0,0.0,0.023190842578179254,0.08532438896616575,-0.332937529637998,0,audits/paper_extras/v4_runs/v2/bench2_seed303_det.json,True
303,det,flat_pit0.10_cit0,4,310.35619691941594,286.02987957413734,273.15340238376376,735.7389566476159,864.6725815845633,0.6410708474753878,0.6692044067709759,0.6840961443657736,0.14911265568369134,0.7875,0.165557392615947,1.0,0.0,0.06590682703943912,0.22042324483117576,-0.546820637297771,0,audits/paper_extras/v4_runs/v2/bench2_seed303_det.json,True
303,det,flat_pit0.10_cit0,5,296.7119935458776,273.6675991005606,264.2876640136332,732.0935744897346,889.9223115271598,0.6665866337964916,0.6924814721962295,0.7030216451590029,0.1773511406479759,0.6375,0.10074798665904454,1.0,0.0,0.02706042103226984,0.11262409486972999,-0.302452029483021,0,audits/paper_extras/v4_runs/v2/bench2_seed303_det.json,True
303,det,flat_pit0.10_cit0,6,317.56838863716683,293.9513320871643,281.36024808180963,726.9865694256781,882.291697220964,0.6400641764651742,0.6668320318404332,0.681102917586059,0.17602469600979453,0.7291666666666666,0.10794769225708917,1.0,0.0,0.02797654958767908,0.11292853640936944,-0.3355706860993168,0,audits/paper_extras/v4_runs/v2/bench2_seed303_det.json,True
303,det,flat_pit0.10_cit0,7,304.3677923756899,285.88338814612626,284.4007665353729,771.4810319839304,955.7700257512093,0.6815470414690343,0.7008868446973636,0.7024380772855462,0.19281729788756743,0.625,0.05402596948057234,1.0,0.0,0.005670760715010979,0.03647259784629465,-0.2858567600176513,0,audits/paper_extras/v4_runs/v2/bench2_seed303_det.json,True
303,det,flat_pit0.10_cit0,8,322.13352753028835,293.5455925685025,284.464950453255,733.2727072934239,876.1550961044812,0.6323327582496033,0.6649616102518254,0.6753258050794552,0.16307887661252457,0.7375,0.08974948839110236,1.0,0.0,0.032884571604958335,0.14475429716521207,-0.38884460894012085,0,audits/paper_extras/v4_runs/v2/bench2_seed303_det.json,True
303,det,flat_pit0.10_cit0,9,261.4071374351663,242.42759547276611,236.3845598742466,676.1427935148122,831.7236221091651,0.6857043247464045,0.7085238545251429,0.7157895320144932,0.18705832617789075,0.6958333333333333,0.11694212542056029,1.0,0.0,0.028153173116886417,0.10566166878946516,-0.33332245247986797,0,audits/paper_extras/v4_runs/v2/bench2_seed303_det.json,True
303,det,flat_pit0.20_cit0,0,215.121858385802,201.92348504415534,202.42635021859127,633.13846409176,879.6060642193938,0.7554338616608881,0.770438730179342,0.7698670365600145,0.28020225206878424,0.8208333333333333,0.2740486724203936,1.0,0.17083333333333334,0.003190565024789878,0.012773673614869892,-0.9748746460988092,0,audits/paper_extras/v4_runs/v2/bench2_seed303_det.json,True
303,det,flat_pit0.20_cit0,1,263.31799364577176,267.69144190311016,255.279298040711,764.2911825995001,968.2637607132895,0.7280513798721604,0.7235345855493855,0.7363535553033042,0.21065807313033086,0.8458333333333333,0.28791465214897616,0.8078817733990148,0.20416666666666666,0.2670282812278162,inf,-1.0811897071993624,0,audits/paper_extras/v4_runs/v2/bench2_seed303_det.json,True
303,det,flat_pit0.20_cit0,2,263.47755034579126,279.86733363910156,275.49936796608654,753.6552230676128,934.776505526456,0.718138454712869,0.7006050836916539,0.7052778216639835,0.1937589160489626,0.7958333333333333,0.3455704709058442,0.6910994764397905,0.2916666666666667,0.2827017122599619,inf,-0.9856512003959179,0,audits/paper_extras/v4_runs/v2/bench2_seed303_det.json,True
303,det,flat_pit0.20_cit0,3,265.9375309048208,259.3133242946829,257.14145700337633,726.9015569052298,935.7162556431409,0.7157925500374733,0.7228718399078677,0.725192914569346,0.22316027693073223,0.8666666666666667,0.308265704562861,0.8653846153846154,0.2125,0.16414746789623577,inf,-1.0305213974228777,0,audits/paper_extras/v4_runs/v2/bench2_seed303_det.json,True
303,det,flat_pit0.20_cit0,4,280.15987649420026,310.3837063113533,273.52344300551914,726.4333861799303,876.8648104389234,0.6804982100331254,0.6460301489850099,0.6880665756576498,0.17155600551890463,0.8708333333333333,0.42017717095717866,0.7081339712918661,0.3416666666666667,1.4446598792652554,inf,-2.195656330605776,3,audits/paper_extras/v4_runs/v2/bench2_seed303_det.json,True
303,det,flat_pit0.20_cit0,5,233.40679672512928,233.4854758620544,226.3016236887644,694.2707618356604,884.8147884681332,0.7362083005764144,0.7361193789874553,0.7442384252182798,0.2153490528366494,0.8583333333333333,0.3252549645134933,0.8300970873786407,0.23333333333333334,0.2764485180189697,inf,-1.0006462214395615,0,audits/paper_extras/v4_runs/v2/bench2_seed303_det.json,True
303,det,flat_pit0.20_cit0,6,260.7516448101046,264.9430072011079,248.33974053410876,705.2245514567518,883.7174862327709,0.7049377783372018,0.7001949024110156,0.7189828826486566,0.20197963439302605,0.8291666666666667,0.3386993040425421,0.8241206030150754,0.2125,0.47091078425327654,inf,-1.3102858478170807,0,audits/paper_extras/v4_runs/v2/bench2_seed303_det.json,True
303,det,flat_pit0.20_cit0,7,271.25641786274537,260.3463007349882,252.03892248879146,735.3253141033414,931.7991258559935,0.7088895982666256,0.7205982560932088,0.7295136736072199,0.2108542563529045,0.8083333333333333,0.272593958207808,0.9072164948453608,0.19583333333333333,0.2855484259602859,inf,-0.9358835023511023,2,audits/paper_extras/v4_runs/v2/bench2_seed303_det.json,True
303,det,flat_pit0.20_cit0,8,224.95226279963302,232.82449882382792,221.8307542243405,690.6827165553597,883.8529466492529,0.7454867762194577,0.7365800502148219,0.7490184820163625,0.21855471639961696,0.875,0.31417658269569365,0.8428571428571429,0.19166666666666668,0.3623854780247565,inf,-1.9427759030874954,0,audits/paper_extras/v4_runs/v2/bench2_seed303_det.json,True
303,det,flat_pit0.20_cit0,9,260.23190120305765,311.38764910541636,265.80951683457937,689.3778211494407,835.231627614721,0.6884314570962362,0.6271840782721718,0.6817535303426117,0.1746267761456949,0.8625,0.4289130113993615,0.7246376811594203,0.325,3.5112772693028576,inf,-2.0440816052022717,0,audits/paper_extras/v4_runs/v2/bench2_seed303_det.json,True
303,det,flat_pit0.30_cit0,0,218.4718613281632,223.4435176766465,233.60665292800337,650.1845946985109,898.8516216409548,0.7569433529759693,0.7514122327901849,0.74010543308413,0.2766496949613045,0.8666666666666667,0.5254258754125382,0.8605769230769231,0.675,0.24187177805876733,inf,-2.042385298729956,0,audits/paper_extras/v4_runs/v2/bench2_seed303_det.json,True
303,det,flat_pit0.30_cit0,1,273.2135845501514,298.65253599800064,298.2030560093211,732.8559593756665,944.2962217212684,0.7106696201196949,0.6837300318181776,0.6842060265096106,0.22391306613531442,0.8958333333333334,0.5346578113870242,0.7116279069767442,0.6375,10.637735834032053,inf,-3.667514986524111,0,audits/paper_extras/v4_runs/v2/bench2_seed303_det.json,True
303,det,flat_pit0.30_cit0,2,239.07476512035393,249.58499220734492,289.41188314979865,696.0615986984466,920.3383331013903,0.7402316555535496,0.7288116954052276,0.6855375107820102,0.24368944152001976,0.8583333333333333,0.5368461803099336,0.6990291262135923,0.6333333333333333,0.2654645264810873,inf,-1.7829132902394957,1,audits/paper_extras/v4_runs/v2/bench2_seed303_det.json,True
303,det,flat_pit0.30_cit0,3,280.37352980441295,303.14982099114434,282.3375393984993,703.3687363230879,926.1882487253931,0.6972823503318478,0.6726909228136562,0.6951618207345557,0.240576915879624,0.8875,0.516768621706013,0.7652582159624414,0.6291666666666667,8.238959426210572,inf,-4.096588271944716,1,audits/paper_extras/v4_runs/v2/bench2_seed303_det.json,True
303,det,flat_pit0.30_cit0,4,168.56238842620263,167.39362990607444,218.44603597910273,659.00971805687,859.5305938964418,0.8038901818932679,0.8052499456159644,0.745854263326639,0.2332911443332882,0.9,0.5956700006161284,0.6944444444444444,0.6625,0.05067079930436508,0.11101724280430553,-5.081674804175211,1,audits/paper_extras/v4_runs/v2/bench2_seed303_det.json,True
303,det,flat_pit0.30_cit0,5,191.3345274197196,191.139820939823,233.6348525279565,705.3709166654581,927.6107390917016,0.7937340315754962,0.7939439326381846,0.74813265663922,0.2395830633050414,0.8916666666666667,0.5599668205891134,0.7102803738317757,0.65,0.046097884276419684,0.09201242122654878,-1.9922625112214232,1,audits/paper_extras/v4_runs/v2/bench2_seed303_det.json,True
303,det,flat_pit0.30_cit0,6,194.8541513468727,196.62939705858722,240.13165456747902,695.8036789990031,902.3283338687082,0.7840540476974265,0.7820866422142104,0.7338755245134317,0.22887971829969728,0.8541666666666666,0.5570800688639689,0.697560975609756,0.6541666666666667,0.0475814439283044,0.09064902658699656,-2.6717331862921494,0,audits/paper_extras/v4_runs/v2/bench2_seed303_det.json,True
303,det,flat_pit0.30_cit0,7,271.605944810587,299.3087817086334,296.6337690616478,720.8409469274534,928.4582934724983,0.7074656484625045,0.6776281887803514,0.6805093226619615,0.22361515644234456,0.8583333333333333,0.5412709193862537,0.7038834951456311,0.6083333333333333,inf,inf,-1.680988288887844,0,audits/paper_extras/v4_runs/v2/bench2_seed303_det.json,True
303,det,flat_pit0.30_cit0,8,273.0310504790527,289.0433549925963,280.14577739533996,683.0418886686721,889.1748241395514,0.6929388427711468,0.6749307929716728,0.6849373488881276,0.23182497960437967,0.9083333333333333,0.5725802237898329,0.7064220183486238,0.6833333333333333,inf,inf,-4.01574684212698,0,audits/paper_extras/v4_runs/v2/bench2_seed303_det.json,True
303,det,flat_pit0.30_cit0,9,179.53903717039447,186.31032867911517,246.3431363296514,660.3159929190567,836.8704046939486,0.7854637514203247,0.7773725446208716,0.705637653156415,0.21096983569332878,0.8875,0.6017244879724405,0.6525821596244131,0.7166666666666667,0.09783134242862347,inf,-3.6331210872066855,1,audits/paper_extras/v4_runs/v2/bench2_seed303_det.json,True
303,det,flat_pit0.50_cit0,0,185.07940801643258,166.8224123593219,202.191176639243,561.5548880188875,841.382603320457,0.7800294333564424,0.8017282367130375,0.7596917551642858,0.33258081899631536,0.9166666666666666,0.6667923333011033,1.0,0.8333333333333334,0.03751887846496154,0.09921102100609028,-8.556386613574505,32,audits/paper_extras/v4_runs/v2/bench2_seed303_det.json,True
303,det,flat_pit0.50_cit0,1,191.99916256817565,177.60038832622104,240.3237501024446,617.228805081646,901.0755112496884,0.7869222277477114,0.8029017700415477,0.7332923299966913,0.3150087896344887,0.925,0.6802379367658086,0.8693693693693694,0.8166666666666667,0.04983338973044303,0.12117355779463998,-8.961461879163634,25,audits/paper_extras/v4_runs/v2/bench2_seed303_det.json,True
303,det,flat_pit0.50_cit0,2,194.23662716389816,175.5347790770584,232.04992020875815,597.3470977483872,889.5898415271499,0.7816559743640349,0.8026789753177491,0.739149539061282,0.3285140298781656,0.9125,0.6682810723039121,0.9634703196347032,0.8583333333333333,0.048923925195174835,0.1358060790867266,-8.62834407098131,38,audits/paper_extras/v4_runs/v2/bench2_seed303_det.json,True
303,det,flat_pit0.50_cit0,3,237.6090782962741,228.70004650054898,270.9901983394361,626.5179448965954,901.2886410574594,0.7363673883457653,0.7462521593168855,0.6993302855548139,0.30486426172916414,0.9166666666666666,0.6714094891788567,0.8,0.825,inf,inf,-7.717280501591249,28,audits/paper_extras/v4_runs/v2/bench2_seed303_det.json,True
303,det,flat_pit0.50_cit0,4,196.50149939283526,190.27832597981902,221.67019840181914,530.1325122013383,775.167062124586,0.7465043227530052,0.7545324933462701,0.7140355811890883,0.3161054718342321,0.9208333333333333,0.7077417106052525,0.8461538461538461,0.875,inf,inf,-11.632771874796141,42,audits/paper_extras/v4_runs/v2/bench2_seed303_det.json,True
303,det,flat_pit0.50_cit0,5,203.3331380162566,193.70050821575657,244.45089644925903,601.4886279153974,873.032041284963,0.7670954462141127,0.7781289814625125,0.7199977951674413,0.31103487676110647,0.925,0.6964778932820636,0.8828828828828829,0.8666666666666667,0.304798909027383,inf,-8.202579327506369,31,audits/paper_extras/v4_runs/v2/bench2_seed303_det.json,True
303,det,flat_pit0.50_cit0,6,197.7142006730886,190.4514364856971,226.5550675370813,577.1264752508853,842.229152555818,0.7652489229646022,0.77387218679411,0.7310054314202018,0.31476312177090465,0.9125,0.6682524073091857,0.8082191780821918,0.85,0.14339290413641267,inf,-10.721435505511176,39,audits/paper_extras/v4_runs/v2/bench2_seed303_det.json,True
303,det,flat_pit0.50_cit0,7,196.92682140978002,181.94768085729356,229.63580768029516,600.9916933603524,895.1363140830323,0.7800035387777674,0.7967374599882268,0.7434627507928426,0.32860315920039324,0.9083333333333333,0.6637758259234464,0.9541284403669725,0.825,0.034334878739906594,0.08257277287472124,-7.827571341923615,25,audits/paper_extras/v4_runs/v2/bench2_seed303_det.json,True
303,det,flat_pit0.50_cit0,8,180.4657856456334,168.525577627365,233.22617029992074,586.2243104052511,835.793055096423,0.7840783857377068,0.798364467615823,0.7209522514242307,0.2986011228130866,0.925,0.689142286944195,0.9099099099099099,0.85,0.054584016542722505,0.12913680857600005,-10.274764317436416,35,audits/paper_extras/v4_runs/v2/bench2_seed303_det.json,True
303,det,flat_pit0.50_cit0,9,170.33306188239195,157.06929456015342,209.54964002400695,533.8222949734712,765.0049188978495,0.7773438344320811,0.7946819808865481,0.726080663212065,0.30219756528813624,0.9208333333333333,0.6992991615813728,0.8914027149321267,0.8708333333333333,0.08338739839681025,inf,-12.188609039282046,46,audits/paper_extras/v4_runs/v2/bench2_seed303_det.json,True
303,det,flat_pit0_cit0.10,0,392.6442503362908,386.0681777142997,386.1984837251267,767.057967365619,917.1512296481066,0.5718871243437782,0.5790572315293884,0.5789151546214426,0.1636515957570875,0.0,0.0,nan,0.0,0.0,0.0,2.716350098630471e-06,0,audits/paper_extras/v4_runs/v2/bench2_seed303_det.json,True
303,det,flat_pit0_cit0.10,1,453.95973806693127,447.7803484115969,447.91705062600306,850.5259442869294,990.1075190375569,0.5415046049663303,0.547745734880525,0.5476076668305631,0.1409761789167191,0.0,0.0,nan,0.0,0.0,0.0,1.0847329701135777e-08,0,audits/paper_extras/v4_runs/v2/bench2_seed303_det.json,True
303,det,flat_pit0_cit0.10,2,368.1353603763733,361.423608702199,361.5284637646729,793.7651008310744,949.4902001180376,0.612281032146927,0.6193498272470133,0.6192393942352129,0.16400916962345047,0.0,0.0,nan,0.0,0.0,0.0,8.656433125864282e-09,0,audits/paper_extras/v4_runs/v2/bench2_seed303_det.json,True
303,det,flat_pit0_cit0.10,3,442.1337214222677,436.0817005690987,436.0733118810843,807.3019769389725,947.8174996661329,0.533524416274221,0.539909633739926,0.539918484270769,0.1482516653012386,0.0,0.0,nan,0.0,0.0,0.0,7.664001322460479e-08,0,audits/paper_extras/v4_runs/v2/bench2_seed303_det.json,True
303,det,flat_pit0_cit0.10,4,329.0545608187798,322.47786733921777,322.5514045586284,729.4860232980329,866.4333329078596,0.6202194117873661,0.6278099478733795,0.6277250743850018,0.15805868081069122,0.0,0.0,nan,0.0,0.0,0.0,1.8993009731627097e-06,0,audits/paper_extras/v4_runs/v2/bench2_seed303_det.json,True
303,det,flat_pit0_cit0.10,5,390.05318646847456,383.63090932682616,383.7516960014579,781.2704587788282,922.5915498196285,0.5772200747505958,0.5841812019611192,0.5840502808892154,0.15317839304774603,0.0,0.0,nan,0.0,0.0,0.0,7.005230928669448e-08,0,audits/paper_extras/v4_runs/v2/bench2_seed303_det.json,True
303,det,flat_pit0_cit0.10,6,334.279726869742,327.43315711342404,327.7345889224386,731.8007562229429,875.9041401658064,0.6183603758209618,0.6261769500810422,0.6258328121837633,0.16451958306257694,0.0,0.0,nan,0.0,0.0,0.0,1.372556429846128e-06,1,audits/paper_extras/v4_runs/v2/bench2_seed303_det.json,True
303,det,flat_pit0_cit0.10,7,326.77808250698837,318.6779996699727,318.6620540158576,751.7160713922317,934.6554271360375,0.6503758786183923,0.6590422626160072,0.6590593230787747,0.1957291964851334,0.0,0.0,nan,0.0,0.0,0.0,0.0008245486926143908,0,audits/paper_extras/v4_runs/v2/bench2_seed303_det.json,True
303,det,flat_pit0_cit0.10,8,417.8210957883249,411.7533177009601,411.82816641961153,790.4058701222232,921.5521373471614,0.5466115493030147,0.5531958518524417,0.5531146315767589,0.14231019809955,0.0,0.0,nan,0.0,0.0,0.0,5.080384217759359e-07,0,audits/paper_extras/v4_runs/v2/bench2_seed303_det.json,True
303,det,flat_pit0_cit0.10,9,347.6901898753538,341.41127871487265,341.51159729646287,716.9981753633468,844.8043121569646,0.5884370085805706,0.5958693938917319,0.5957506461768509,0.15128490107644163,0.0,0.0,nan,0.0,0.0,0.0,2.2155601007156633e-06,0,audits/paper_extras/v4_runs/v2/bench2_seed303_det.json,True
303,det,flat_pit0_cit0.20,0,410.0757204664824,403.6022504875723,403.71703741516393,782.3015467498063,926.7459121997196,0.5575100844058447,0.5644952460274856,0.5643713858344375,0.1558618857104649,0.0,0.0,nan,0.0,0.0,0.0,7.891115768132728e-05,0,audits/paper_extras/v4_runs/v2/bench2_seed303_det.json,True
303,det,flat_pit0_cit0.20,1,426.08109314950406,419.5101179023203,419.6044944233537,835.8068444317906,980.6746736956563,0.5655224871426275,0.5722229510410386,0.5721267147217323,0.147722617040709,0.0,0.0,nan,0.0,0.0,0.0,1.1942155397903775e-07,0,audits/paper_extras/v4_runs/v2/bench2_seed303_det.json,True
303,det,flat_pit0_cit0.20,2,321.1273995537182,313.30276680016027,313.29705298656893,781.3373795743237,968.7451109241425,0.6685119791238213,0.676589060148874,0.6765949583087996,0.1934541183604422,0.0,0.0,nan,0.0,0.0,0.0,2.1151086022630494e-06,0,audits/paper_extras/v4_runs/v2/bench2_seed303_det.json,True
303,det,flat_pit0_cit0.20,3,425.0646148397656,418.6207997621019,418.6666898165726,797.6829563871603,942.5625047661746,0.5490329684340529,0.5558694541260678,0.5558207676418945,0.15370816009168037,0.0,0.0,nan,0.0,0.0,0.0,3.4607175640744003e-06,0,audits/paper_extras/v4_runs/v2/bench2_seed303_det.json,True
303,det,flat_pit0_cit0.20,4,346.54436021707437,340.01498298644117,340.14051689733645,750.0184448753773,887.4609777717254,0.6095103121185197,0.6168676803794064,0.6167262274997424,0.15487163530439912,0.0,0.0,nan,0.0,0.0,0.0,1.9639996925890912e-05,0,audits/paper_extras/v4_runs/v2/bench2_seed303_det.json,True
303,det,flat_pit0_cit0.20,5,410.1485756678381,403.69445610618993,403.7445669571245,804.8780379644974,947.5447868712773,0.5671459741527171,0.5739573878727579,0.5739045029309283,0.15056464969624817,0.0,0.0,nan,0.0,0.0,0.0,9.684773580875827e-07,0,audits/paper_extras/v4_runs/v2/bench2_seed303_det.json,True
303,det,flat_pit0_cit0.20,6,407.6559375790553,401.44102234507096,401.4535625539663,783.2342763328747,917.5433046865326,0.5557093212964744,0.5624827511741057,0.5624690840165653,0.14637895308880575,0.0,0.0,nan,0.0,0.0,0.0,1.1077313984975135e-05,1,audits/paper_extras/v4_runs/v2/bench2_seed303_det.json,True
303,det,flat_pit0_cit0.20,7,333.0212050618873,324.9066732733887,324.89371188420404,763.9958656327084,942.8519330243097,0.646793739931484,0.6554001090805298,0.6554138560844132,0.18969687723702192,0.0,0.0,nan,0.0,0.0,0.0,0.010534050283206087,0,audits/paper_extras/v4_runs/v2/bench2_seed303_det.json,True
303,det,flat_pit0_cit0.20,8,420.81556112040033,414.7632285181458,414.89590459567336,790.6111989035778,918.3623771801332,0.541776131539131,0.5483664849253819,0.5482220146369376,0.13910759135061726,0.0,0.0,nan,0.0,0.0,0.0,0.0,0,audits/paper_extras/v4_runs/v2/bench2_seed303_det.json,True
303,det,flat_pit0_cit0.20,9,331.8697570216912,325.1653279510306,325.2775371250395,736.7253190577804,873.6424131785293,0.620130900222362,0.6278050114714578,0.6276765731398061,0.15671983417404184,0.0,0.0,nan,0.0,0.0,0.0,2.299842069541924e-05,0,audits/paper_extras/v4_runs/v2/bench2_seed303_det.json,True
303,det,flat_pit0_cit0.30,0,402.40726474991857,395.8446648153205,395.8991413179054,788.2078857380943,929.7046978500283,0.5671665791508872,0.5742253795955599,0.5741667841052812,0.1521954362919213,0.0,0.0,nan,0.0,0.0,0.0,0.00014766433697799286,1,audits/paper_extras/v4_runs/v2/bench2_seed303_det.json,True
303,det,flat_pit0_cit0.30,1,417.84458530186185,411.0617837813445,411.1154002572249,847.0909136780589,991.795173181935,0.5786987105802214,0.5855376242026343,0.5854835641735777,0.1459013548529658,0.0,0.0,nan,0.0,0.0,0.0,2.1012826436628274e-06,0,audits/paper_extras/v4_runs/v2/bench2_seed303_det.json,True
303,det,flat_pit0_cit0.30,2,402.5787920389182,395.8642835860693,395.9822036232191,807.3933636055086,958.5901555703889,0.5800303292293126,0.587034895689578,0.5869118816606267,0.15772829617148929,0.0,0.0,nan,0.0,0.0,0.0,5.961009008403906e-06,0,audits/paper_extras/v4_runs/v2/bench2_seed303_det.json,True
303,det,flat_pit0_cit0.30,3,436.8499344336277,430.2153460909877,430.2540529902073,851.8683603830085,1002.7861282529154,0.5643638038803738,0.5709799587669586,0.5709413594104966,0.15049845985887386,0.0,0.0,nan,0.0,0.0,0.0,9.559395994340747e-06,1,audits/paper_extras/v4_runs/v2/bench2_seed303_det.json,True
303,det,flat_pit0_cit0.30,4,381.0378539250588,374.9662535657609,375.0332059083097,777.5184944067439,900.4568699264877,0.576839417132587,0.5835822168846657,0.5835078631373793,0.1365288884183651,0.0,0.0,nan,0.0,0.0,0.0,3.5017348949395455e-06,0,audits/paper_extras/v4_runs/v2/bench2_seed303_det.json,True
303,det,flat_pit0_cit0.30,5,409.34279034424156,402.69859207308133,402.80022837047716,821.7691402669122,966.9341228884148,0.5766590705047647,0.5835304778880441,0.5834253659729819,0.15012913412122364,0.0,0.0,nan,0.0,0.0,0.0,0.0,0,audits/paper_extras/v4_runs/v2/bench2_seed303_det.json,True
303,det,flat_pit0_cit0.30,6,401.98872501672963,395.6116861248868,395.722296132564,790.4243275589323,926.6201521373557,0.5661774416523356,0.5730594837459956,0.5729401144365519,0.14698128922004575,0.0,0.0,nan,0.0,0.0,0.0,3.799518191316409e-05,0,audits/paper_extras/v4_runs/v2/bench2_seed303_det.json,True
303,det,flat_pit0_cit0.30,7,361.47413177188963,353.63192998686554,353.63818506163193,781.6345706159088,950.388139276556,0.6196563100555453,0.627907887975061,0.6279013063748623,0.17756278901913045,0.0,0.0,nan,0.0,0.0,0.0,0.0,0,audits/paper_extras/v4_runs/v2/bench2_seed303_det.json,True
303,det,flat_pit0_cit0.30,8,400.16297718382316,393.6925374581826,393.77004904738936,786.2880995364935,917.5641159006373,0.5638855418936668,0.5709372994913247,0.5708528240984191,0.1430701289307607,0.0,0.0,nan,0.0,0.0,0.0,0.0,1,audits/paper_extras/v4_runs/v2/bench2_seed303_det.json,True
303,det,flat_pit0_cit0.30,9,376.41045868601253,370.06474634819523,370.22330983502974,757.1816882874201,888.343573348205,0.5762782891901774,0.5834215978470972,0.5832431044222651,0.14764769960166452,0.0,0.0,nan,0.0,0.0,0.0,0.00022008132422968174,0,audits/paper_extras/v4_runs/v2/bench2_seed303_det.json,True
303,det,flat_pit0_cit0.50,0,394.00340804837276,387.01567632380534,386.97790499167,829.1420262363919,969.2566712053728,0.5934994106789195,0.6007087824915246,0.6007477518721411,0.14455886570760826,0.0,0.0,nan,0.0,0.0,0.0,0.06213365888522948,0,audits/paper_extras/v4_runs/v2/bench2_seed303_det.json,True
303,det,flat_pit0_cit0.50,1,477.0587096830167,470.6189535250548,470.69540736764236,895.1310670437842,1029.8588203101667,0.5367727107106399,0.5430257582458569,0.5429515210386981,0.13082157535515987,0.0,0.0,nan,0.0,0.0,0.0,5.1637690261951974e-05,0,audits/paper_extras/v4_runs/v2/bench2_seed303_det.json,True
303,det,flat_pit0_cit0.50,2,368.12396262276195,360.5428576566214,360.3739745755877,822.5119756633013,983.5421592742758,0.6257161331097502,0.6334240944763828,0.6335958035174658,0.1637247392931213,0.0,0.0,nan,0.0,0.0,0.0,0.0,0,audits/paper_extras/v4_runs/v2/bench2_seed303_det.json,True
303,det,flat_pit0_cit0.50,3,379.422276757257,371.63836439510203,371.55414069057565,851.4970975473702,1012.4108103471457,0.6252289358435862,0.6329174277903346,0.6330006190242344,0.15894112464543889,0.0,0.0,nan,0.0,0.0,0.0,0.0,0,audits/paper_extras/v4_runs/v2/bench2_seed303_det.json,True
303,det,flat_pit0_cit0.50,4,411.1330467422932,405.3056701921593,405.5615919121113,820.7054770240417,937.1216002799971,0.5612810049203293,0.5674993831418885,0.5672262897462443,0.12422733956956292,0.0,0.0,nan,0.0,0.0,0.0,0.0,0,audits/paper_extras/v4_runs/v2/bench2_seed303_det.json,True
303,det,flat_pit0_cit0.50,5,381.7916675270434,374.59233949790814,374.49738568170716,851.5281522822432,996.077352794424,0.6167048006302381,0.6239324802968202,0.6240278080501666,0.14511844899059118,0.0,0.0,nan,0.0,0.0,0.0,0.0,0,audits/paper_extras/v4_runs/v2/bench2_seed303_det.json,True
303,det,flat_pit0_cit0.50,6,384.185707045632,377.5108175162656,377.61951700920207,822.0057917150966,957.6483434720608,0.5988238170467419,0.6057939011855249,0.6056803944962715,0.14164129524328,0.0,0.0,nan,0.0,0.0,0.0,0.0,0,audits/paper_extras/v4_runs/v2/bench2_seed303_det.json,True
303,det,flat_pit0_cit0.50,7,354.53091672972806,346.4744107604713,346.4350819935197,790.824125168194,947.2772946377851,0.6257369212409005,0.6342418289536282,0.6342833466456221,0.1651608988785221,0.0,0.0,nan,0.0,0.0,0.0,0.04273479616493159,0,audits/paper_extras/v4_runs/v2/bench2_seed303_det.json,True
303,det,flat_pit0_cit0.50,8,330.77574091889926,322.87225502268666,322.81792268949147,762.3200035918477,913.432524184563,0.6378761078009693,0.6465286198223341,0.6465881013185111,0.1654336982664549,0.0,0.0,nan,0.0,0.0,0.0,0.2717794399694986,0,audits/paper_extras/v4_runs/v2/bench2_seed303_det.json,True
303,det,flat_pit0_cit0.50,9,354.0770893757745,347.5402766444062,347.74283369048305,775.1759441419856,893.5089626744607,0.6037229572762794,0.6110388466567309,0.6108121482636106,0.1324362972009586,0.0,0.0,nan,0.0,0.0,0.0,0.0,0,audits/paper_extras/v4_runs/v2/bench2_seed303_det.json,True
303,exp,rl_learned,0,313.24109838982025,305.3639347882117,305.4617464968307,715.4213090401181,892.8633501804917,0.6491724088277352,0.6579947707266934,0.6578852223746424,0.19873370444033095,0.0,0.0,nan,0.0,0.0,0.0,0.0,0,audits/paper_extras/v4_runs/v2/bench2_seed303_exp.json,True
303,exp,rl_learned,1,366.7312319943371,358.6284361287995,358.63969456813834,778.2522972968312,977.9379814520827,0.6249954097806903,0.6332810025475305,0.63326949012082,0.20419053962782982,0.0125,0.0004283489096573209,1.0,0.0,0.001778044473801938,0.07386292206880041,-0.14198803554279726,0,audits/paper_extras/v4_runs/v2/bench2_seed303_exp.json,True
303,exp,rl_learned,2,352.6941414843349,345.0016213486662,344.79758753244056,789.5283781989549,1010.3745190048456,0.6509273196718024,0.6585408530606346,0.6587427918589592,0.21857849406516117,0.029166666666666667,0.0006791355789619619,1.0,0.0,5.263497246940706e-05,0.0005136909753318999,-0.004826342550843021,0,audits/paper_extras/v4_runs/v2/bench2_seed303_exp.json,True
303,exp,rl_learned,3,355.25389232641913,347.6970169509447,347.4117857835648,808.0613246350903,999.1059668118039,0.6444282146967336,0.651991852215173,0.6522773386168708,0.1912155952649812,0.10416666666666667,0.002038267725111803,1.0,0.0,3.495684485840466e-05,0.0008115156373632939,-0.024854048318936922,0,audits/paper_extras/v4_runs/v2/bench2_seed303_exp.json,True
303,exp,rl_learned,4,325.80720362509754,318.708739552686,318.2956731146699,699.8848721220583,864.743130976122,0.6232323889554041,0.6314411434608014,0.6319188187648536,0.1906441958873634,0.016666666666666666,0.0005896226415094339,1.0,0.0,0.0005871338241701052,0.009669303697565796,-0.02910394966602331,0,audits/paper_extras/v4_runs/v2/bench2_seed303_exp.json,True
303,exp,rl_learned,5,400.8033162511278,393.8444686596425,393.7900230335161,774.2222845612911,953.9333914075858,0.5798414020713558,0.5871363009124763,0.5871933757843875,0.18838957569261744,0.05,0.0009543358773265698,1.0,0.0,0.00015737662937853484,0.00594422774017427,-0.47631480934242887,0,audits/paper_extras/v4_runs/v2/bench2_seed303_exp.json,True
303,exp,rl_learned,6,398.08085477169436,391.687588508478,391.75469507119965,765.1133053128517,915.4263999573581,0.5651416052778928,0.5721255269383498,0.5720522205941972,0.16420008714136738,0.016666666666666666,0.0005159958720330237,1.0,0.0,0.0012507917136037508,0.03720270004549263,-0.07263303001166665,1,audits/paper_extras/v4_runs/v2/bench2_seed303_exp.json,True
303,exp,rl_learned,7,419.4778081469284,412.4375972167726,411.78489836522846,793.1821008286361,955.6641524268016,0.5610614805612288,0.5684283059384055,0.5691112852569106,0.17002003390580325,0.05416666666666667,0.0011360418212032868,1.0,0.0,0.0007665780127171079,0.03097502835285051,-0.10375359654426575,0,audits/paper_extras/v4_runs/v2/bench2_seed303_exp.json,True
303,exp,rl_learned,8,371.63610836968985,364.59873696536806,364.5463517147094,744.4180837917514,909.4481891918027,0.5913608792822482,0.5990989467037422,0.5991565478417523,0.1814617999808303,0.0125,0.00011682242990654203,1.0,0.0,0.0004167280265209297,0.04461614117343191,-0.05261409282684326,0,audits/paper_extras/v4_runs/v2/bench2_seed303_exp.json,True
303,exp,rl_learned,9,363.6990494354535,357.30895686814785,357.3389791811612,733.8042815109293,876.5030010696687,0.585056698047124,0.5923471380792829,0.5923128857002531,0.1628045989398695,0.05416666666666667,0.0018453039401601346,1.0,0.0,0.0009197241121927693,0.014136049390362504,-0.05754163861274719,0,audits/paper_extras/v4_runs/v2/bench2_seed303_exp.json,True
303,exp,free_market,0,393.1742963472397,386.7958469091482,385.9697621645988,742.3304978361637,909.7818243065245,0.5678367210216204,0.5748476870221265,0.5757556901526343,0.18405657488046617,0.0,0.0,nan,0.0,0.0,0.0,1.260065822794587e-07,0,audits/paper_extras/v4_runs/v2/bench2_seed303_exp.json,True
303,exp,free_market,1,374.79682660019637,367.5357315790479,367.2597791020353,766.5461974977247,964.8398265873652,0.6115450292657888,0.6190707292017367,0.6193567377903214,0.20551973874358437,0.0,0.0,nan,0.0,0.0,0.0,5.801920432979557e-08,0,audits/paper_extras/v4_runs/v2/bench2_seed303_exp.json,True
303,exp,free_market,2,326.48175521779694,319.32601360862833,319.34886097500447,697.9687685220509,883.5858508644458,0.6305036404799971,0.6386021649212473,0.6385763073700498,0.21007249285488055,0.0,0.0,nan,0.0,0.0,0.0,4.1344722312430804e-08,0,audits/paper_extras/v4_runs/v2/bench2_seed303_exp.json,True
303,exp,free_market,3,398.1179812573496,391.3636051037453,391.1503192598989,763.1727650071883,949.5791061784475,0.5807426904541283,0.5878557114859274,0.5880803224135043,0.19630417303666867,0.0,0.0,nan,0.0,0.0,0.0,3.075536647578758e-08,0,audits/paper_extras/v4_runs/v2/bench2_seed303_exp.json,True
303,exp,free_market,4,321.4664623220717,314.3196827660598,313.88688194313085,685.4787425819552,867.9496380292595,0.6296254434162979,0.6378595381642825,0.6383581855557506,0.21023212344626044,0.0,0.0,nan,0.0,0.0,0.0,0.0,1,audits/paper_extras/v4_runs/v2/bench2_seed303_exp.json,True
303,exp,free_market,5,372.9196644561452,365.94631456327704,364.7303148450768,747.3095612841078,938.0161352761451,0.6024379001259287,0.6098720471844068,0.6111683998509228,0.20330841530342614,0.0,0.0,nan,0.0,0.0,0.0,3.5613924698196797e-07,0,audits/paper_extras/v4_runs/v2/bench2_seed303_exp.json,True
303,exp,free_market,6,318.0221771638301,310.6404803836437,310.54048619098427,683.7695920014405,874.9290298660413,0.6365166015665044,0.64495351076509,0.6450677991121971,0.2184856500805201,0.0,0.0,nan,0.0,0.0,0.0,0.0,0,audits/paper_extras/v4_runs/v2/bench2_seed303_exp.json,True
303,exp,free_market,7,448.3015203237777,442.1670716664734,442.20318678343517,800.3908239578989,971.6262889989079,0.5386070494390651,0.5449206380345577,0.5448834682735388,0.17623593245653874,0.0,0.0,nan,0.0,0.0,0.0,7.088091935614216e-08,0,audits/paper_extras/v4_runs/v2/bench2_seed303_exp.json,True
303,exp,free_market,8,369.3725436879095,362.7612147558412,361.6441767695158,719.0179820828386,889.2171369518405,0.5846092834489373,0.5920442829078224,0.5933004867526499,0.19140336796975146,0.0,0.0,nan,0.0,0.0,0.0,5.414723893282236e-05,1,audits/paper_extras/v4_runs/v2/bench2_seed303_exp.json,True
303,exp,free_market,9,294.4492239305274,287.6166865387417,287.5128663059756,677.4632390682809,839.9466132062532,0.6494429297041241,0.65757741978285,0.6577010231537473,0.19344488278575114,0.0,0.0,nan,0.0,0.0,0.0,0.0,0,audits/paper_extras/v4_runs/v2/bench2_seed303_exp.json,True
303,exp,us_federal,0,286.72693172821914,269.35571625342135,266.1540522479581,699.5296826400552,912.5242988107333,0.6857870720791741,0.7048235136264701,0.7083320930797908,0.23341254194356023,0.7083333333333334,0.08881112927991532,1.0,0.0,0.005375906669589976,0.034772604240437696,-0.6300000093877316,0,audits/paper_extras/v4_runs/v2/bench2_seed303_exp.json,True
303,exp,us_federal,1,332.8368055230906,314.1983612800293,310.08408809886134,731.487025800424,948.5170858182835,0.6490977226457095,0.6687478106849587,0.6730853953660175,0.22880985831755277,0.6458333333333334,0.06840912687866386,1.0,0.0,0.008065846312003171,0.04713984679151585,-0.2819317830367881,0,audits/paper_extras/v4_runs/v2/bench2_seed303_exp.json,True
303,exp,us_federal,2,314.58180197963935,299.98450033652034,296.9708927672141,762.8778304659894,1030.2374349711235,0.6946511636043814,0.7088200349224074,0.7117451932082648,0.25951260887023386,0.7041666666666667,0.13493944420416815,1.0,0.0,0.009074815856218617,0.03023836713475173,-0.31869436275982566,0,audits/paper_extras/v4_runs/v2/bench2_seed303_exp.json,True
303,exp,us_federal,3,368.9086614621553,346.7726348022223,338.0151381376784,758.4779166375,957.327813977657,0.6146475051953675,0.6377702290280312,0.6469180846911367,0.20771348584759483,0.7291666666666666,0.0567583812806367,1.0,0.0,0.006488705788305265,0.05513657451665736,-0.3728410749124466,0,audits/paper_extras/v4_runs/v2/bench2_seed303_exp.json,True
303,exp,us_federal,4,275.5418607151144,256.02748888152405,251.93812128809688,675.3394719650971,842.0190533280169,0.6727605395316698,0.6959362286760677,0.7007928498858423,0.19795226806820018,0.6416666666666667,0.09168735571967632,1.0,0.0,0.023213694758251795,0.09424747666101102,-0.3444827125629011,0,audits/paper_extras/v4_runs/v2/bench2_seed303_exp.json,True
303,exp,us_federal,5,293.21397034681826,272.8624928193975,268.2310272367039,705.5233549389596,893.7288823269856,0.6719206728741021,0.6946920948677966,0.699874276706471,0.2105845867910173,0.6625,0.06402710077787767,1.0,0.0,0.008928843193370119,0.056361262746961474,-0.630000009387732,0,audits/paper_extras/v4_runs/v2/bench2_seed303_exp.json,True
303,exp,us_federal,6,288.21174577466616,266.19904640232323,261.0809456001027,712.0316559443174,872.2015317400005,0.6695583127448796,0.6947964011582635,0.7006644266271137,0.18363860870107832,0.7875,0.10738934211847445,1.0,0.0,0.03405881168724497,0.12227254718277618,-0.7140095621202854,0,audits/paper_extras/v4_runs/v2/bench2_seed303_exp.json,True
303,exp,us_federal,7,324.9706273652893,300.7064178932165,294.733930072747,750.2983397812748,928.4551226600672,0.6499877921571122,0.6761217526252873,0.6825544682996411,0.19188518489549067,0.65,0.0549090664490639,1.0,0.0,0.012022498983656184,0.08276421563101456,-0.35860160215753584,0,audits/paper_extras/v4_runs/v2/bench2_seed303_exp.json,True
303,exp,us_federal,8,295.2165736425473,273.5084594244689,269.0056322573563,693.3231295104047,877.0459417972963,0.663396682461615,0.6881480816569556,0.6932821652351604,0.20947912022760817,0.6291666666666667,0.06153519900623418,1.0,0.0,0.011759296172633648,0.07130891405683734,-0.6300000093877318,5,audits/paper_extras/v4_runs/v2/bench2_seed303_exp.json,True
303,exp,us_federal,9,303.7345588075787,280.3763314277376,272.85417739863766,703.2990562916875,852.3718438788907,0.6436595589251598,0.6710633587427896,0.6798883264879334,0.17489173141714456,0.725,0.14712779294037967,1.0,0.11666666666666667,0.06891147653578165,0.24689062384628851,-0.4583991810984361,0,audits/paper_extras/v4_runs/v2/bench2_seed303_exp.json,True
303,exp,saez,0,234.2258053045459,205.89009682522052,239.22950431843185,618.8789912708235,839.0691014250045,0.7208503984871372,0.7546208095667519,0.7148870052393247,0.2624219027732384,0.9458333333333333,0.6576969552553316,0.8414096916299559,0.8291666666666667,inf,inf,-29.11167043625662,31,audits/paper_extras/v4_runs/v2/bench2_seed303_exp.json,True
303,exp,saez,1,341.12171003957917,324.6488238092681,348.8711034342072,696.2757072005539,898.5461951371814,0.6203626347919708,0.6386954554298637,0.6117382664105044,0.22510861325916226,0.9375,0.6861776331438343,0.7511111111111111,0.7625,inf,inf,-30.088502320040288,39,audits/paper_extras/v4_runs/v2/bench2_seed303_exp.json,True
303,exp,saez,2,311.56529922609224,245.9117597049377,274.6385677358729,658.7027096716189,948.7166128203023,0.6715928708153588,0.740795347755214,0.7105156966531453,0.3056907607916163,0.9416666666666667,0.6345101711967601,0.9867256637168141,0.8416666666666667,2.4990408819065992,inf,-41.78919686288018,43,audits/paper_extras/v4_runs/v2/bench2_seed303_exp.json,True
303,exp,saez,3,324.54855835812805,290.37145084488753,325.8034911040926,683.1223064193119,884.5662625733299,0.633098647224042,0.6717357838177601,0.6316799488188894,0.22773190056784282,0.9458333333333333,0.6559555938590472,0.7577092511013216,0.8,inf,inf,-37.620567895760104,28,audits/paper_extras/v4_runs/v2/bench2_seed303_exp.json,True
303,exp,saez,4,238.85860507992697,210.74309547773092,229.18095202706144,585.0713717652411,791.8634026496804,0.6983588276959457,0.7338643321909354,0.7105801944373342,0.2611460893286463,0.9458333333333333,0.6619821935783919,0.8502202643171806,0.8541666666666666,inf,inf,-37.55506083694695,33,audits/paper_extras/v4_runs/v2/bench2_seed303_exp.json,True
303,exp,saez,5,252.99736868248473,225.11345682097294,247.40628273369452,603.4135839008559,825.008368003624,0.6933396332758489,0.7271379715023883,0.7001166384137721,0.2685970139175543,0.9416666666666667,0.6660655014273175,0.8008849557522124,0.8458333333333333,inf,inf,-39.243450190856926,32,audits/paper_extras/v4_runs/v2/bench2_seed303_exp.json,True
303,exp,saez,6,252.9481061077696,219.71762963877367,256.07779626939936,614.6013768888802,829.1756906906761,0.6949402774976771,0.7350167978806083,0.6911658178786031,0.25878027565311595,0.9375,0.6836442965973251,0.8222222222222222,0.8666666666666667,inf,inf,-39.05897097641676,33,audits/paper_extras/v4_runs/v2/bench2_seed303_exp.json,True
303,exp,saez,7,261.63918953383796,226.9029543780048,260.63822203601603,642.9421657136126,873.093702816287,0.7003309167276275,0.7401161483056202,0.701477377290329,0.263604623833946,0.9458333333333333,0.6555115916492226,0.7929515418502202,0.7625,inf,inf,-39.30111743360958,22,audits/paper_extras/v4_runs/v2/bench2_seed303_exp.json,True
303,exp,saez,8,274.63057639901575,237.18001847311848,271.0925250970573,632.7177074153856,832.715347717985,0.6701987333947582,0.7151727548638337,0.6744475458030491,0.2401752782036298,0.95,0.660562188234982,0.8114035087719298,0.8083333333333333,inf,inf,-32.40808210776832,34,audits/paper_extras/v4_runs/v2/bench2_seed303_exp.json,True
303,exp,saez,9,264.98395298402994,223.26057277605773,251.4466179583601,603.492710576238,804.290786269528,0.670537127233445,0.7224131165152496,0.687368521123283,0.24965855524049244,0.9458333333333333,0.6642539025396278,0.8722466960352423,0.8916666666666667,1.5756291287882374,inf,-41.930278008493474,32,audits/paper_extras/v4_runs/v2/bench2_seed303_exp.json,True
303,exp,free_market+rl_aux,0,358.8097344965726,352.00090867696747,352.14206725617936,740.7970467653125,915.5768413594063,0.6081052749610525,0.6155419263834451,0.6153877519080375,0.1908958229377981,0.0,0.0,nan,0.0,0.0,0.0,8.999264897724402e-07,0,audits/paper_extras/v4_runs/v2/bench2_seed303_exp.json,True
303,exp,free_market+rl_aux,1,378.6913165525113,371.4543792924571,371.2595177877307,768.5921113333964,967.436503057184,0.6085620964726743,0.6160426259308712,0.6162440463901061,0.20553740849701446,0.0,0.0,nan,0.0,0.0,0.0,5.763850952078542e-08,0,audits/paper_extras/v4_runs/v2/bench2_seed303_exp.json,True
303,exp,free_market+rl_aux,2,329.83609711107607,322.6805555435252,321.5983956614877,716.8227706978382,907.6891885143218,0.6366200002327429,0.6445032510834695,0.6456954652199062,0.21027728459439732,0.0,0.0,nan,0.0,0.0,0.0,2.3784367364498848e-07,0,audits/paper_extras/v4_runs/v2/bench2_seed303_exp.json,True
303,exp,free_market+rl_aux,3,412.11634435412026,405.47538932873005,405.48591379143176,765.7525469003584,949.3534351208575,0.565897874165636,0.5728931140622976,0.5728820281354843,0.19339571694616106,0.0,0.0,nan,0.0,0.0,0.0,3.1774067641432424e-06,0,audits/paper_extras/v4_runs/v2/bench2_seed303_exp.json,True
303,exp,free_market+rl_aux,4,321.675357071068,314.54409014274574,314.0016703533032,684.4048195131007,866.4567029140258,0.6287461843283977,0.6369765631855739,0.637602583836829,0.21011076813031385,0.0,0.0,nan,0.0,0.0,0.0,0.0,1,audits/paper_extras/v4_runs/v2/bench2_seed303_exp.json,True
303,exp,free_market+rl_aux,5,364.8679087203375,357.8506562741393,357.62905719342655,733.9438173700211,926.2993428517032,0.6061015140126776,0.6136770914978078,0.6139163220256311,0.207660220171912,0.0,0.0,nan,0.0,0.0,0.0,8.088072300793669e-07,0,audits/paper_extras/v4_runs/v2/bench2_seed303_exp.json,True
303,exp,free_market+rl_aux,6,317.66455145610223,310.28473850849707,310.2528126023361,683.2423970950301,874.4486491571329,0.6367258937819916,0.6451652835102718,0.6452017932655235,0.21865921143157288,0.0,0.0,nan,0.0,0.0,0.0,0.0,0,audits/paper_extras/v4_runs/v2/bench2_seed303_exp.json,True
303,exp,free_market+rl_aux,7,447.66840118481247,441.53785379738815,441.62622425775334,799.6449807185587,970.71251158982,0.5388249395780146,0.5451404524762503,0.5450494157796897,0.17622883070816625,0.0,0.0,nan,0.0,0.0,0.0,7.032107851578928e-08,0,audits/paper_extras/v4_runs/v2/bench2_seed303_exp.json,True
303,exp,free_market+rl_aux,8,340.1520162872912,332.8954159938409,332.37015260765224,714.3450283663029,902.378525658303,0.623049522328622,0.6310911590554672,0.6316732466952473,0.20837541225266412,0.0,0.0,nan,0.0,0.0,0.0,5.529481983801432e-05,0,audits/paper_extras/v4_runs/v2/bench2_seed303_exp.json,True
303,exp,free_market+rl_aux,9,294.13909300786787,287.310753091119,287.29516815239435,676.8682881149485,839.3054838943888,0.6495446548936408,0.6576803576237901,0.6576989264750888,0.19353763188312487,0.0,0.0,nan,0.0,0.0,0.0,0.0,0,audits/paper_extras/v4_runs/v2/bench2_seed303_exp.json,True
303,exp,us_federal+rl_aux,0,291.0608733151721,270.3167801471579,265.6718630457863,711.1637788871857,898.4890223736755,0.6760551703278108,0.699142923935764,0.7043126221576749,0.2084891844216462,0.6875,0.08982162765237199,1.0,0.0,0.01748414877800078,0.07567841181921957,-0.44636560773934736,0,audits/paper_extras/v4_runs/v2/bench2_seed303_exp.json,True
303,exp,us_federal+rl_aux,1,280.97204835683607,268.00330811304775,267.6894409436615,716.199356670245,968.2737164114577,0.7098216717085399,0.7232153433780055,0.7235394946629846,0.26033378317386485,0.6458333333333334,0.04592235853465531,1.0,0.0,0.0007733711075570024,0.008700982737105782,-0.2299651446978911,0,audits/paper_extras/v4_runs/v2/bench2_seed303_exp.json,True
303,exp,us_federal+rl_aux,2,307.06410420514726,293.9953865862215,292.3112852106901,764.9883429753359,1039.903094761474,0.7047185398793533,0.717285785505181,0.7189052646508967,0.2643657405877768,0.7041666666666667,0.1502061419189344,1.0,0.08333333333333333,0.010712715540309078,0.030454974894575194,-0.30378662881799623,0,audits/paper_extras/v4_runs/v2/bench2_seed303_exp.json,True
303,exp,us_federal+rl_aux,3,278.499402083289,265.32292641333055,264.8739135203476,700.3746134949059,940.8327374868007,0.7039862762139523,0.7179913965131843,0.7184686470116973,0.2555800987901617,0.65,0.04503250574935681,1.0,0.0,0.0008440740942772488,0.010272335748326514,-0.28755725863441495,0,audits/paper_extras/v4_runs/v2/bench2_seed303_exp.json,True
303,exp,us_federal+rl_aux,4,258.95179065253177,242.35042982994696,240.31249576038874,676.8863138759039,857.5785981500966,0.6980430817523631,0.7174014949151869,0.7197778765949003,0.21070055230385704,0.625,0.09782112413320648,1.0,0.0,0.01643255531790452,0.06320254758045565,-0.32852007292605495,0,audits/paper_extras/v4_runs/v2/bench2_seed303_exp.json,True
303,exp,us_federal+rl_aux,5,285.7514247959479,266.68238779655206,265.1513577398118,725.8418133363822,922.9831109600162,0.6904044923436018,0.7110647154538186,0.7127234999305441,0.21359144634681648,0.7166666666666667,0.07477078640171338,1.0,0.0,0.005587565069521575,0.034737724659953666,-0.6300000093877318,0,audits/paper_extras/v4_runs/v2/bench2_seed303_exp.json,True
303,exp,us_federal+rl_aux,6,300.0641414193372,277.64833509360403,270.2893101548465,718.7559731242694,893.0242837093223,0.6639910617290588,0.6890920659622533,0.6973326312783392,0.1951439773409083,0.7541666666666667,0.10359305974346274,1.0,0.0,0.02490802273098019,0.1009690189337187,-0.6956441674498932,0,audits/paper_extras/v4_runs/v2/bench2_seed303_exp.json,True
303,exp,us_federal+rl_aux,7,322.2126163756572,301.3079829676022,296.95668565912644,744.7986393105806,938.5804473059965,0.6567021854114874,0.6789747923766735,0.6836108332413274,0.20646265171155748,0.5625,0.04324725030280221,1.0,0.0,0.009940016578202572,0.07032388011331213,-0.2822271812099897,0,audits/paper_extras/v4_runs/v2/bench2_seed303_exp.json,True
303,exp,us_federal+rl_aux,8,278.7299839461034,259.94016162496854,258.14607872141534,719.752615877468,920.4423153099474,0.6971782160490475,0.7175921214167159,0.7195412744203444,0.2180361507661669,0.6208333333333333,0.06208994515045004,1.0,0.0,0.010113214555860032,0.05090177198817064,-0.6300000093877319,0,audits/paper_extras/v4_runs/v2/bench2_seed303_exp.json,True
303,exp,us_federal+rl_aux,9,298.3101739732796,271.526137512265,263.259005477039,704.5143580263132,861.6365548131163,0.6537865387593946,0.6848716132161345,0.6944662990370246,0.18235321599242263,0.7166666666666667,0.1207223921700174,1.0,0.0,0.0509278298881491,0.19994162431489906,-0.4603009081297097,0,audits/paper_extras/v4_runs/v2/bench2_seed303_exp.json,True
303,exp,saez+rl_aux,0,189.7534128530285,156.37216426610615,174.0467795587198,581.4079645363248,861.3096342068491,0.7796919884359984,0.8184483743641112,0.7979277455557622,0.3249721802174849,0.9375,0.6216012736083684,1.0,0.8166666666666667,0.024234967873359478,0.08891752460377707,-15.292528441216584,29,audits/paper_extras/v4_runs/v2/bench2_seed303_exp.json,True
303,exp,saez+rl_aux,1,223.3281135074148,189.62870488431324,218.4989057587553,673.9802932830804,989.3994166878097,0.7742791134291899,0.8083395828965323,0.7791600620806719,0.3187985742508832,0.9375,0.6063158525477504,0.92,0.7791666666666667,0.03544872579746934,0.11411250768538654,-22.02979150836786,32,audits/paper_extras/v4_runs/v2/bench2_seed303_exp.json,True
303,exp,saez+rl_aux,2,201.95683898295755,167.61055858770496,187.10780212869028,607.181191364562,928.5692283782276,0.7825075042216498,0.8194958938274947,0.7984988125705185,0.34611101379590076,0.9291666666666667,0.6253982349313534,1.0,0.85,0.024626371093580148,0.0926012168039845,-25.653293556650006,29,audits/paper_extras/v4_runs/v2/bench2_seed303_exp.json,True
303,exp,saez+rl_aux,3,217.06603206887925,180.91395171804888,223.62271034154924,686.8433814278759,998.7543906721563,0.782663251249594,0.8188604191303782,0.776098395731655,0.3123000130536258,0.9416666666666667,0.6385611912554464,0.915929203539823,0.775,0.052213247927114924,0.16772231295334847,-30.312116700521045,20,audits/paper_extras/v4_runs/v2/bench2_seed303_exp.json,True
303,exp,saez+rl_aux,4,183.93940233772085,150.6966240747403,165.65219158845164,559.28263279743,826.4413829879384,0.777432004103302,0.8176560041924478,0.7995596602513438,0.32326400358197876,0.95,0.6094086866487167,1.0,0.8,0.025247446493012356,0.09725659305007703,-36.39188484947463,37,audits/paper_extras/v4_runs/v2/bench2_seed303_exp.json,True
303,exp,saez+rl_aux,5,207.6084151940864,167.15771817883396,183.9859208930535,617.8859850015517,904.1579220526377,0.7703847855220142,0.8151233162904229,0.7965112991817127,0.31661718607871686,0.9416666666666667,0.6006673608917682,1.0,0.7583333333333333,0.027175854063395014,0.10909823223959311,-26.952638740753308,30,audits/paper_extras/v4_runs/v2/bench2_seed303_exp.json,True
303,exp,saez+rl_aux,6,214.56358224083726,180.24798950627587,211.51321838446728,648.6943532799271,959.9513912313913,0.7764849510081935,0.8122321701361772,0.77966257425478,0.32424249893757107,0.9333333333333333,0.6215345170351736,0.9241071428571429,0.7791666666666667,0.041560391014409066,0.14076248321110105,-34.80078923947261,27,audits/paper_extras/v4_runs/v2/bench2_seed303_exp.json,True
303,exp,saez+rl_aux,7,208.6585973786177,171.7564982649663,194.35759616366948,617.1781743236028,924.0505146045567,0.7741913520085942,0.8141265054773886,0.7896677799623931,0.33209476693195555,0.9375,0.6216287174336663,1.0,0.8083333333333333,0.028886937824978524,0.1080840973986946,-28.9838766918612,25,audits/paper_extras/v4_runs/v2/bench2_seed303_exp.json,True
303,exp,saez+rl_aux,8,207.02645011002164,170.64070220825582,193.4832340462689,637.3381294696844,926.2702535852072,0.7764945497183913,0.8157765495029377,0.7911157858115645,0.3119306951693489,0.9416666666666667,0.6181645343756608,0.9734513274336283,0.7791666666666667,0.031990487746330204,0.11646980258396679,-28.527974363129548,24,audits/paper_extras/v4_runs/v2/bench2_seed303_exp.json,True
303,exp,saez+rl_aux,9,188.95795498855713,146.46957842135637,168.90505378293003,567.0918880164919,823.8518144904677,0.7706408462480319,0.8222136847365636,0.7949812687037733,0.3116579000712349,0.9416666666666667,0.626167202479134,1.0,0.8666666666666667,0.034026211051229965,0.1425619158915504,-27.072852673873562,36,audits/paper_extras/v4_runs/v2/bench2_seed303_exp.json,True
303,exp,rl_mean_fixed,0,395.7280813079448,388.72422989980726,388.66967411033477,775.7881590449214,951.0922215640129,0.5839224921246919,0.5912865008394517,0.5913438620376988,0.18431867966580015,0.03333333333333333,0.000663716814159292,1.0,0.0,5.8587835118171936e-05,0.0031304861078742014,-0.002992389956489233,0,audits/paper_extras/v4_runs/v2/bench2_seed303_exp.json,True
303,exp,rl_mean_fixed,1,423.17873722872366,415.7545231595685,415.7519257500728,812.2727098190878,1013.4930536336084,0.5824552169237575,0.5897805893498808,0.5897831521789859,0.1985414138686979,0.14166666666666666,0.0035628336777464454,1.0,0.0,6.231679270747982e-05,0.00244686846028394,-0.002992389956489261,0,audits/paper_extras/v4_runs/v2/bench2_seed303_exp.json,True
303,exp,rl_mean_fixed,2,351.4215425985422,343.61248192380435,343.04662784200235,768.9293559147617,984.4762169722777,0.6430370418908372,0.6509692402924953,0.6515440170845058,0.2189457270185997,0.1625,0.012042329160323351,1.0,0.0,0.00015461090243746613,0.001859811883411543,-0.0029973720919083528,0,audits/paper_extras/v4_runs/v2/bench2_seed303_exp.json,True
303,exp,rl_mean_fixed,3,358.7486526056381,350.9721061829132,351.0559629918814,764.9094827854916,958.4769739712523,0.625709680724789,0.6338231217712696,0.6337356321275479,0.20195319912981688,0.08333333333333333,0.002071882939372406,1.0,0.0,4.994304800401789e-05,0.0017302344158900869,-0.009037677697049114,0,audits/paper_extras/v4_runs/v2/bench2_seed303_exp.json,True
303,exp,rl_mean_fixed,4,303.21784120380823,295.78154594405476,295.81805372276375,705.9196790974944,880.4055934932318,0.6555930091258112,0.664039451668558,0.6639979846685994,0.1981881029440311,0.05,0.000630624656308242,1.0,0.0,1.6888266451365347e-06,0.0001340130329955135,-0.009506700107508072,0,audits/paper_extras/v4_runs/v2/bench2_seed303_exp.json,True
303,exp,rl_mean_fixed,5,402.12212807160313,395.18631027737183,395.2115747847015,786.8598091827919,961.5766816232497,0.5818096094086062,0.5890225732073152,0.5889962991640564,0.1816983250316719,0.15833333333333333,0.004300626686770971,1.0,0.0,8.05792119285127e-05,0.0025114411466534412,-0.018852056725882367,0,audits/paper_extras/v4_runs/v2/bench2_seed303_exp.json,True
303,exp,rl_mean_fixed,6,384.8621601685022,378.36766228007616,377.8654636464121,760.231910650941,913.1639014817508,0.5785398880266693,0.5856519714958994,0.5862019260362061,0.16747485372850793,0.075,0.0028410320479914644,1.0,0.0,0.00017023251581210747,0.004120133693909348,-0.011295011364940587,0,audits/paper_extras/v4_runs/v2/bench2_seed303_exp.json,True
303,exp,rl_mean_fixed,7,348.6170352974423,341.2084360834302,341.30982111692475,813.7591699660964,987.6148194804781,0.6470111338742084,0.6545126406032279,0.6544099841510415,0.1760358857371503,0.1375,0.0012270201222081753,1.0,0.0,9.41201493128273e-06,0.0010549261972314324,-0.002992389956489261,0,audits/paper_extras/v4_runs/v2/bench2_seed303_exp.json,True
303,exp,rl_mean_fixed,8,347.784659270922,340.4699723452552,340.1195250431797,740.4367789172267,914.4803784578993,0.6196915019025383,0.6276902376851493,0.6280734578288844,0.19031966528813307,0.17916666666666667,0.002279110331682438,1.0,0.0,1.549456527421444e-05,0.0013472257020438229,-0.018852056725882194,1,audits/paper_extras/v4_runs/v2/bench2_seed303_exp.json,True
303,exp,rl_mean_fixed,9,286.64511566198496,279.1381339699823,278.91543102443626,693.0517922155059,865.7357404491748,0.6688999861398085,0.6775712022410495,0.6778284434927858,0.19946496392083152,0.0,0.0,nan,0.0,0.0,0.0,0.00023761778387139387,0,audits/paper_extras/v4_runs/v2/bench2_seed303_exp.json,True
303,exp,flat_pit0.10_cit0,0,285.6339454413437,264.11575134555835,258.33698994938493,709.4327646491494,899.1754145559802,0.6823379055771982,0.7062689358827935,0.7126956700912983,0.21101850299201874,0.6916666666666667,0.09935935378958212,1.0,0.0,0.01843916349696151,0.07898057617990914,-0.409493628946494,0,audits/paper_extras/v4_runs/v2/bench2_seed303_exp.json,True
303,exp,flat_pit0.10_cit0,1,306.8626298320429,289.115819464358,285.6114459219659,720.1444440629754,934.2108605331752,0.6715274433259002,0.6905240222754924,0.6942751813450755,0.22914143424539857,0.625,0.06216853014316175,1.0,0.0,0.008410093552481807,0.04511781574665503,-0.3299646295688209,0,audits/paper_extras/v4_runs/v2/bench2_seed303_exp.json,True
303,exp,flat_pit0.10_cit0,2,276.9554734100882,260.89144568800623,258.965451827475,707.8165835581642,940.3658530281704,0.7054811459622498,0.7225638884611958,0.7246120209559361,0.2472965907057875,0.6791666666666667,0.11550395544333253,1.0,0.0,0.013512406779534683,0.046361234368569426,-0.29338929109246614,1,audits/paper_extras/v4_runs/v2/bench2_seed303_exp.json,True
303,exp,flat_pit0.10_cit0,3,319.3958503078354,300.696512394887,294.247121160274,721.9921556612488,948.3677387989163,0.6632151883273232,0.6829325797441069,0.689733097065353,0.23870021498661095,0.6666666666666666,0.07012703269880186,1.0,0.0,0.007268839482762012,0.04592541241250204,-0.31365831451630405,0,audits/paper_extras/v4_runs/v2/bench2_seed303_exp.json,True
303,exp,flat_pit0.10_cit0,4,251.78481552009626,236.36877903755635,232.85263557663288,670.1418232608459,865.3644693270038,0.7090418841486409,0.7268563854702967,0.7309195791713947,0.22559586507865642,0.725,0.10936357181864251,1.0,0.0,0.013707736280886878,0.049505969995343485,-0.3463393616173943,3,audits/paper_extras/v4_runs/v2/bench2_seed303_exp.json,True
303,exp,flat_pit0.10_cit0,5,297.9732352720704,276.96511218246866,270.3918938846326,715.1810975807301,917.6369595743153,0.6752820032332854,0.6981757226616606,0.7053389240009847,0.22062740594875657,0.7875,0.06654420563797615,1.0,0.0,0.008488062351743276,0.05256099747625903,-0.43334229471997937,0,audits/paper_extras/v4_runs/v2/bench2_seed303_exp.json,True
303,exp,flat_pit0.10_cit0,6,308.3749981924315,283.4899378736785,276.8865192249481,714.678577082836,877.0844286295443,0.6484089921944328,0.6767814720908508,0.6843103010532443,0.18516558525667753,0.8125,0.12087566861176012,1.0,0.0,0.04140151403683685,0.1525033253218907,-0.6505753604127892,0,audits/paper_extras/v4_runs/v2/bench2_seed303_exp.json,True
303,exp,flat_pit0.10_cit0,7,338.80346561464637,311.50540605229816,300.14471305004855,752.6434947214899,936.6268606122792,0.6382727424738083,0.6674178169002488,0.6795471861079855,0.19643187017989014,0.7291666666666666,0.06889325894730872,1.0,0.0,0.015729441454047966,0.09431039350872308,-0.39792652746616997,0,audits/paper_extras/v4_runs/v2/bench2_seed303_exp.json,True
303,exp,flat_pit0.10_cit0,8,261.3443006643159,244.58761697879757,243.08186969735655,690.7518335133133,892.2095417254906,0.7070819258905385,0.7258630338050669,0.7275506948432228,0.22579640632689016,0.6416666666666667,0.06250111844906796,1.0,0.0,0.006917948925588095,0.03667798892058954,-0.4028613177353296,0,audits/paper_extras/v4_runs/v2/bench2_seed303_exp.json,True
303,exp,flat_pit0.10_cit0,9,263.478395807497,241.83372147118214,236.19594188402775,673.7074620714926,832.5558308505628,0.683530658192232,0.7095285234815809,0.7163001769590356,0.1907960558234109,0.75,0.13070927839531385,1.0,0.025,0.048918176949243275,0.17400604844881376,-0.6300000093877318,0,audits/paper_extras/v4_runs/v2/bench2_seed303_exp.json,True
303,exp,flat_pit0.20_cit0,0,224.1691116102841,210.33236230376173,216.28906817524108,680.7306170736168,884.710284098686,0.7466186212148983,0.7622584861008579,0.7555255408886884,0.23056097650416377,0.8625,0.32948246813117427,0.8309178743961353,0.19583333333333333,0.04047706078814737,inf,-1.1366392926382072,0,audits/paper_extras/v4_runs/v2/bench2_seed303_exp.json,True
303,exp,flat_pit0.20_cit0,1,293.3459913619916,263.8537790567884,255.19351962435258,711.07259707571,946.557533327113,0.6900917471641773,0.7212490844277023,0.7303983005371504,0.24878037304682646,0.7958333333333333,0.2257443420225799,1.0,0.1375,0.10365689780027595,0.8738251366118445,-1.0973513367731271,1,audits/paper_extras/v4_runs/v2/bench2_seed303_exp.json,True
303,exp,flat_pit0.20_cit0,2,258.6482597295893,244.39317809349512,259.42360266260135,732.0450971134919,994.4945937494716,0.7399198936271475,0.754253889735009,0.739140258485956,0.2639023864840584,0.7833333333333333,0.33833704128226977,0.9787234042553191,0.2708333333333333,0.02731753818838946,0.07106497840105386,-1.0603356615483452,1,audits/paper_extras/v4_runs/v2/bench2_seed303_exp.json,True
303,exp,flat_pit0.20_cit0,3,239.01727854170784,224.51241417614133,228.36546029870172,712.9101899503859,956.5139555833687,0.7501162663163304,0.7652805660956474,0.7612523487339776,0.25467873647950195,0.8375,0.24568225595581483,1.0,0.17916666666666667,0.011684811682446703,0.03310622815992545,-1.4094963415180852,0,audits/paper_extras/v4_runs/v2/bench2_seed303_exp.json,True
303,exp,flat_pit0.20_cit0,4,243.0308343266463,241.2476611034143,229.04029808566727,648.39209600629,844.9772657241302,0.7123818069609562,0.7144921279075249,0.7289391000485866,0.2326514306267996,0.8833333333333333,0.3350736239342763,0.8679245283018868,0.17083333333333334,0.3505942684634802,inf,-1.3599385321420887,0,audits/paper_extras/v4_runs/v2/bench2_seed303_exp.json,True
303,exp,flat_pit0.20_cit0,5,223.75246751745206,208.68751542489167,210.97384933618702,676.5845480789005,916.7660300074347,0.7559328550648441,0.7723655670103753,0.7698716548927145,0.2619877635808412,0.8416666666666667,0.2794647903447119,0.9653465346534653,0.12083333333333333,0.009777724278277703,0.030035208113949052,-1.2600000187754634,2,audits/paper_extras/v4_runs/v2/bench2_seed303_exp.json,True
303,exp,flat_pit0.20_cit0,6,203.78152470786938,192.4463815748008,198.6465990811461,654.9355384843867,871.6872821325137,0.7662217530473382,0.779225433800071,0.7721125417877235,0.2486576873278007,0.8458333333333333,0.31657025809340894,0.9064039408866995,0.19583333333333333,0.017214446586194834,0.042512404506829776,-2.087404504508398,1,audits/paper_extras/v4_runs/v2/bench2_seed303_exp.json,True
303,exp,flat_pit0.20_cit0,7,249.19897198691885,240.67737315451626,243.1066644362689,741.2851176539241,926.4081374566211,0.7310051996401127,0.7402037358876439,0.7375814669507345,0.1998287928589848,0.8041666666666667,0.3005643140531522,0.7616580310880829,0.2833333333333333,0.22161209592853953,inf,-1.2089876462631215,0,audits/paper_extras/v4_runs/v2/bench2_seed303_exp.json,True
303,exp,flat_pit0.20_cit0,8,207.89712969561708,198.8022711300787,204.31063540052293,676.0808446081732,893.5122827317464,0.7673259408812931,0.7775047137323305,0.7713398692451306,0.2433446549372744,0.825,0.3079571891336353,0.8686868686868687,0.18333333333333332,0.016893472035677523,0.037365603846679606,-1.2600000187754636,0,audits/paper_extras/v4_runs/v2/bench2_seed303_exp.json,True
303,exp,flat_pit0.20_cit0,9,184.26994975794287,178.05500929901666,190.36253758791648,645.4144809571964,840.2205630641382,0.7806885979010768,0.788085394328269,0.7734374211294027,0.23185112418162912,0.875,0.3935148357179079,0.8238095238095238,0.35833333333333334,0.023182158490264518,0.0473451922395578,-1.6401380345506342,0,audits/paper_extras/v4_runs/v2/bench2_seed303_exp.json,True
303,exp,flat_pit0.30_cit0,0,192.95852586637943,188.34061653955607,205.945268778535,635.4863029582104,882.7731841398947,0.781417776011872,0.7866489151196177,0.7667064740087319,0.2801250486812434,0.9083333333333333,0.5277005282897259,0.8486238532110092,0.7083333333333334,0.031483545366785756,0.06647622550133722,-4.1047629512103745,3,audits/paper_extras/v4_runs/v2/bench2_seed303_exp.json,True
303,exp,flat_pit0.30_cit0,1,223.36793908231047,218.7740173457721,239.81924531096388,684.1782415661345,938.3534435711273,0.7619575644841984,0.7668532908951924,0.744425464675363,0.2708736284247741,0.875,0.47359462594315377,0.8,0.6333333333333333,0.03629930914412956,0.07544086226372844,-1.5600968361004017,2,audits/paper_extras/v4_runs/v2/bench2_seed303_exp.json,True
303,exp,flat_pit0.30_cit0,2,209.70427728081052,199.76251947702502,230.82824251359344,657.1923203489147,948.5374937078237,0.77891830457742,0.7893994483063023,0.7566482674171496,0.3071519842827127,0.85,0.5050851728662029,0.8725490196078431,0.6625,0.02983329114574247,0.06896049072179676,-1.8932335313779745,1,audits/paper_extras/v4_runs/v2/bench2_seed303_exp.json,True
303,exp,flat_pit0.30_cit0,3,274.40614740053263,303.5612959933825,303.1575045411626,711.7822320491089,931.2538480252738,0.7053368982233882,0.6740294854758614,0.6744630852436112,0.2356732446706717,0.9,0.5056551614381057,0.7222222222222222,0.6166666666666667,2.2097642714661516,inf,-5.30595889155559,4,audits/paper_extras/v4_runs/v2/bench2_seed303_exp.json,True
303,exp,flat_pit0.30_cit0,4,186.63955378356775,179.9207246634006,213.4388436314517,617.5280524504366,837.8694267310352,0.7772450601142641,0.7852640054365452,0.7452600168689915,0.2629781768506162,0.9041666666666667,0.5384357896237117,0.8755760368663594,0.6333333333333333,0.06396853596446365,inf,-5.222092844113112,7,audits/paper_extras/v4_runs/v2/bench2_seed303_exp.json,True
303,exp,flat_pit0.30_cit0,5,240.99194509677918,269.7870922633769,267.4959933040076,689.0431447270066,924.3439406895588,0.7392832532477038,0.7081312697716001,0.7106098914821077,0.2545597862490648,0.8666666666666667,0.5387561400274142,0.7355769230769231,0.6666666666666666,3.2039905991289146,inf,-3.3201528772680566,3,audits/paper_extras/v4_runs/v2/bench2_seed303_exp.json,True
303,exp,flat_pit0.30_cit0,6,272.4647106508784,293.8597843550252,308.87971778111336,692.7994386932245,875.5078743800203,0.6887923928224852,0.6643550641242167,0.6471993835579805,0.20868851215779002,0.8708333333333333,0.5503656881713314,0.6985645933014354,0.6125,8732185408723100.0,inf,-3.5778348797738797,5,audits/paper_extras/v4_runs/v2/bench2_seed303_exp.json,True
303,exp,flat_pit0.30_cit0,7,265.0909784959865,309.6017530135573,302.7817708716288,716.8830569475566,928.4407824353916,0.7144772359087601,0.6665358105000069,0.6738814401523785,0.22786345611929965,0.8625,0.5225935333748436,0.7004830917874396,0.5583333333333333,inf,inf,-4.048272183318965,3,audits/paper_extras/v4_runs/v2/bench2_seed303_exp.json,True
303,exp,flat_pit0.30_cit0,8,240.80374766460002,269.8562015719792,271.0953177717632,680.5245656168704,890.6945058578325,0.7296449612286755,0.6970272076483964,0.6956360278537141,0.2359618689222141,0.8916666666666667,0.5561755392777494,0.7289719626168224,0.6708333333333333,1.1590869535468302e+16,inf,-2.4678436347987525,1,audits/paper_extras/v4_runs/v2/bench2_seed303_exp.json,True
303,exp,flat_pit0.30_cit0,9,214.1273308937589,223.89127490489167,255.07401902471142,637.6743676222961,841.742079594855,0.7456140828829395,0.7340143966514607,0.6969689110143062,0.24243496543594464,0.9041666666666667,0.5808273387051192,0.7235023041474654,0.6666666666666666,inf,inf,-3.8669692159835813,3,audits/paper_extras/v4_runs/v2/bench2_seed303_exp.json,True
303,exp,flat_pit0.50_cit0,0,177.52762701298792,157.76757241557257,179.0271531444361,514.6659831830237,820.6740193848415,0.783680702910446,0.8077585390922555,0.7818535144092525,0.3728740388677033,0.9208333333333333,0.6234838233803177,0.9819004524886877,0.8208333333333333,0.024590092993271643,0.06900513750726649,-8.09384470523423,27,audits/paper_extras/v4_runs/v2/bench2_seed303_exp.json,True
303,exp,flat_pit0.50_cit0,1,200.36933840193825,183.10826783815435,226.24859275539714,572.5590556483668,868.1968029768931,0.7692120752864935,0.7890935935143869,0.7394040245487765,0.34051927663732096,0.9166666666666666,0.633185568516598,0.8727272727272727,0.8208333333333333,0.05525797848690131,0.16508240719218412,-9.912351857401339,29,audits/paper_extras/v4_runs/v2/bench2_seed303_exp.json,True
303,exp,flat_pit0.50_cit0,2,181.88541657435982,161.91883371088963,198.3317572113426,556.586878981106,862.4071687281644,0.7890956578635641,0.8122478110314417,0.7700253842928596,0.3546124160795963,0.9166666666666666,0.6354225095043902,0.9318181818181818,0.8333333333333334,0.03200683853587355,0.08586626455167554,-10.89695058784401,32,audits/paper_extras/v4_runs/v2/bench2_seed303_exp.json,True
303,exp,flat_pit0.50_cit0,3,203.06019859443427,181.61328483657695,230.02377619897797,598.0101936833559,902.9869189397511,0.7751238757335943,0.7988749548555814,0.7452634458214942,0.33774212987989466,0.925,0.6438177561610023,0.9099099099099099,0.8125,0.04315987194128067,0.12149516073535617,-16.774561884241884,26,audits/paper_extras/v4_runs/v2/bench2_seed303_exp.json,True
303,exp,flat_pit0.50_cit0,4,168.8175857340834,149.4435652738091,187.12707452989048,524.8129163185605,784.8594991814972,0.784907252941275,0.809591951897558,0.7615788880365991,0.3313288341851379,0.9333333333333333,0.6384459714752403,0.8928571428571429,0.8458333333333333,0.04249309108228299,0.11565977740112159,-15.135693006033133,39,audits/paper_extras/v4_runs/v2/bench2_seed303_exp.json,True
303,exp,flat_pit0.50_cit0,5,180.2653644491708,162.72493013192835,203.72027978362874,562.073111622828,855.9335847444405,0.7893932804342602,0.8098860320096988,0.7619905522874718,0.3433215828414439,0.9166666666666666,0.6441424227621153,0.9090909090909091,0.8125,0.04058749636341409,0.10538223038082037,-9.394611254474148,31,audits/paper_extras/v4_runs/v2/bench2_seed303_exp.json,True
303,exp,flat_pit0.50_cit0,6,178.87971117669687,160.88117695357622,209.11284841418617,564.1102385217619,828.3825352792189,0.7840614648926625,0.8057887870615853,0.7475648755152696,0.3190220526177319,0.9083333333333333,0.644111242948123,0.8486238532110092,0.7916666666666666,0.06934330984904011,inf,-10.13889679768038,41,audits/paper_extras/v4_runs/v2/bench2_seed303_exp.json,True
303,exp,flat_pit0.50_cit0,7,193.87337092596988,178.3211596711608,227.29167598438443,579.5010566663219,871.2873683155561,0.7774863059236338,0.795335998023355,0.7391312163473651,0.33489101559378665,0.9208333333333333,0.6249836647228795,0.8642533936651584,0.8041666666666667,0.047787590231703446,0.12339323691946655,-13.649163534453574,24,audits/paper_extras/v4_runs/v2/bench2_seed303_exp.json,True
303,exp,flat_pit0.50_cit0,8,193.65502540890853,182.864106964686,239.50003770381866,588.1268548239066,860.4720790500888,0.7749432780867307,0.7874839737199174,0.721664370599668,0.3165067535100448,0.925,0.648985878077786,0.8063063063063063,0.8,0.18125565728306742,inf,-10.305336643538315,37,audits/paper_extras/v4_runs/v2/bench2_seed303_exp.json,True
303,exp,flat_pit0.50_cit0,9,166.2626436946281,144.80339513936016,182.55820605448417,494.4241117475054,746.0199392831275,0.7771337802922603,0.8058987601879569,0.7552904467541314,0.33725080830599247,0.9208333333333333,0.6421548867312216,0.9592760180995475,0.8291666666666667,0.05802353253667885,inf,-14.027968817728203,42,audits/paper_extras/v4_runs/v2/bench2_seed303_exp.json,True
303,exp,flat_pit0_cit0.10,0,402.51301149851594,396.04269787905446,396.0534090333305,769.2355993240221,938.3090845255514,0.5710230049599877,0.5779187216552312,0.577907306275744,0.1801895430726006,0.0,0.0,nan,0.0,0.0,0.0,3.054755068898629e-06,0,audits/paper_extras/v4_runs/v2/bench2_seed303_exp.json,True
303,exp,flat_pit0_cit0.10,1,400.62988259978226,393.5131635495603,392.96726052422696,775.1407758524414,971.319645927813,0.5875406368239395,0.5948674926947729,0.5954295147105141,0.2019714837415646,0.0,0.0,nan,0.0,0.0,0.0,2.038226952327804e-06,0,audits/paper_extras/v4_runs/v2/bench2_seed303_exp.json,True
303,exp,flat_pit0_cit0.10,2,306.1811527484818,297.9826036156635,297.9805917892377,704.3590846805828,930.2718509940481,0.6708691632222238,0.6796822312776075,0.6796843938996665,0.2428459660174225,0.016666666666666666,0.00020704732510288065,1.0,0.0,4.555549497066617e-20,3.666877246781126e-18,-2.220446049250313e-16,0,audits/paper_extras/v4_runs/v2/bench2_seed303_exp.json,True
303,exp,flat_pit0_cit0.10,3,379.19417205992414,371.79790058102117,371.69532840557133,761.3609619849173,964.0178927773578,0.6066523506452178,0.6143246890264009,0.614431089723129,0.2102211300337811,0.0,0.0,nan,0.0,0.0,0.0,0.0,0,audits/paper_extras/v4_runs/v2/bench2_seed303_exp.json,True
303,exp,flat_pit0_cit0.10,4,338.7485416979084,332.10969433546427,331.8612474043695,692.2196192211377,851.9531677648744,0.6023859590937073,0.6101784617964807,0.6104700822053191,0.18749099667391647,0.0,0.0,nan,0.0,0.0,0.0,0.0,0,audits/paper_extras/v4_runs/v2/bench2_seed303_exp.json,True
303,exp,flat_pit0_cit0.10,5,380.78474179562164,373.91666722456773,372.60469271140255,757.7665526730112,942.0955062742238,0.5958108925691199,0.6031011030895114,0.6044937161573242,0.19565845752750927,0.0,0.0,nan,0.0,0.0,0.0,2.0064089345517289e-07,0,audits/paper_extras/v4_runs/v2/bench2_seed303_exp.json,True
303,exp,flat_pit0_cit0.10,6,389.37245496298266,383.45045643258703,383.1134045811635,741.4234098238946,888.0363210912095,0.5615354398066444,0.5682040843088408,0.5685836316802922,0.16509787695075187,0.0,0.0,nan,0.0,0.0,0.0,2.4450998226122067e-07,0,audits/paper_extras/v4_runs/v2/bench2_seed303_exp.json,True
303,exp,flat_pit0_cit0.10,7,346.0119375880173,338.443482222209,338.3799935144002,735.5998733107688,932.2293250498561,0.628833884227454,0.6369525468380767,0.6370206510116988,0.21092390729992483,0.0,0.0,nan,0.0,0.0,0.0,0.0,0,audits/paper_extras/v4_runs/v2/bench2_seed303_exp.json,True
303,exp,flat_pit0_cit0.10,8,391.834694402558,385.5691522870003,384.9311564316363,721.3331709321501,878.1473171247715,0.5537938945307007,0.5609288501279829,0.5616553749865373,0.17857384875474203,0.0,0.0,nan,0.0,0.0,0.0,2.0032510295031614e-06,1,audits/paper_extras/v4_runs/v2/bench2_seed303_exp.json,True
303,exp,flat_pit0_cit0.10,9,336.548780713443,330.0944555191426,330.0639589678166,705.5639008186738,859.7548770981152,0.6085526355495904,0.6160598045883813,0.6160952758048156,0.17934295039985576,0.0,0.0,nan,0.0,0.0,0.0,0.0,0,audits/paper_extras/v4_runs/v2/bench2_seed303_exp.json,True
303,exp,flat_pit0_cit0.20,0,357.21810398739706,350.16993917051497,350.0922970395033,743.7844687213664,914.0647997387211,0.6091982711843785,0.6169090645755,0.6169940061803335,0.18628912421310626,0.0,0.0,nan,0.0,0.0,0.0,0.0007634084239946937,0,audits/paper_extras/v4_runs/v2/bench2_seed303_exp.json,True
303,exp,flat_pit0_cit0.20,1,349.3089282071174,340.8265816096567,340.8199508836551,770.6483424712706,1003.4309537668574,0.651885436764912,0.6603387803314206,0.6603453883854942,0.23198667573660767,0.0,0.0,nan,0.0,0.0,0.0,0.0,0,audits/paper_extras/v4_runs/v2/bench2_seed303_exp.json,True
303,exp,flat_pit0_cit0.20,2,331.46062332452783,324.0472702509521,324.128454763446,726.3818577473049,915.6236489886267,0.6379946895313917,0.6460911963022296,0.6460025304922283,0.20668075955700047,0.0,0.0,nan,0.0,0.0,0.0,1.1137303481678629e-06,0,audits/paper_extras/v4_runs/v2/bench2_seed303_exp.json,True
303,exp,flat_pit0_cit0.20,3,353.28848963897394,345.52763694207124,345.7089977889229,754.0585155082359,955.8023515881017,0.6303749524658819,0.6384946779342361,0.6383049307061085,0.21107275551756158,0.0,0.0,nan,0.0,0.0,0.0,0.0,0,audits/paper_extras/v4_runs/v2/bench2_seed303_exp.json,True
303,exp,flat_pit0_cit0.20,4,359.02759001901256,352.6771862730484,352.82491394046434,724.0869330830473,879.0826029953246,0.5915883344799601,0.5988122332629939,0.5986441857246709,0.1763152511312997,0.0,0.0,nan,0.0,0.0,0.0,0.0,0,audits/paper_extras/v4_runs/v2/bench2_seed303_exp.json,True
303,exp,flat_pit0_cit0.20,5,403.3085093850923,396.67389011710975,396.04797103145523,763.8393225564686,938.4740069354159,0.5702507406655886,0.5773203230077227,0.5779872771066418,0.18608366677007543,0.0,0.0,nan,0.0,0.0,0.0,0.0,0,audits/paper_extras/v4_runs/v2/bench2_seed303_exp.json,True
303,exp,flat_pit0_cit0.20,6,373.57415421358644,367.30953170876944,366.706305923703,729.2289337632702,881.0519284053065,0.575990764937373,0.5831011545782604,0.583785819994246,0.17232014339589957,0.0,0.0,nan,0.0,0.0,0.0,3.701872201977707e-05,0,audits/paper_extras/v4_runs/v2/bench2_seed303_exp.json,True
303,exp,flat_pit0_cit0.20,7,432.26214180201146,426.0174989958159,425.9104050275921,803.102612568265,963.0017038078746,0.5511304496214571,0.5576150101175633,0.5577262186105497,0.16604237625680301,0.0,0.0,nan,0.0,0.0,0.0,7.070366541350737e-06,0,audits/paper_extras/v4_runs/v2/bench2_seed303_exp.json,True
303,exp,flat_pit0_cit0.20,8,404.1461041081694,397.8912646076458,397.9878014274723,764.2952265746193,917.9514095031518,0.5597303953954201,0.5665443067155292,0.566439141214581,0.16739032299291318,0.0,0.0,nan,0.0,0.0,0.0,1.690932319275973e-05,0,audits/paper_extras/v4_runs/v2/bench2_seed303_exp.json,True
303,exp,flat_pit0_cit0.20,9,280.839516848148,273.39228530339864,273.35746312889455,690.3859877463923,866.6120263105727,0.6759339723869676,0.6845274736524122,0.6845676556178671,0.20335055735889968,0.0,0.0,nan,0.0,0.0,0.0,0.0011704864762460687,0,audits/paper_extras/v4_runs/v2/bench2_seed303_exp.json,True
303,exp,flat_pit0_cit0.30,0,366.66238373009014,359.3275804888939,359.28927220379603,748.9201050919927,929.5353290602757,0.605542283045044,0.6134331108725473,0.6134743231685195,0.19430700299565581,0.0,0.0,nan,0.0,0.0,0.0,0.0,0,audits/paper_extras/v4_runs/v2/bench2_seed303_exp.json,True
303,exp,flat_pit0_cit0.30,1,445.96604288932394,438.88336248679695,438.0814038199355,814.8225516254173,1013.259049131572,0.5598696668225708,0.5668596664762598,0.5676511310751191,0.1958398473482448,0.0,0.0,nan,0.0,0.0,0.0,3.1638693118729577e-06,0,audits/paper_extras/v4_runs/v2/bench2_seed303_exp.json,True
303,exp,flat_pit0_cit0.30,2,349.87856200279174,342.6104193408292,342.75659566298947,766.7814329916341,954.66974973446,0.6335082764483635,0.6411215297896201,0.6409684126282134,0.1968097520583287,0.0,0.0,nan,0.0,0.0,0.0,1.5314294483648183e-06,0,audits/paper_extras/v4_runs/v2/bench2_seed303_exp.json,True
303,exp,flat_pit0_cit0.30,3,358.49172633643116,350.4089663000228,350.22046949332827,777.0134900811713,986.4452964618525,0.6365822538540589,0.644776078757882,0.6449671656913092,0.2123096000679044,0.0,0.0,nan,0.0,0.0,0.0,0.0,0,audits/paper_extras/v4_runs/v2/bench2_seed303_exp.json,True
303,exp,flat_pit0_cit0.30,4,322.16151795284526,314.9018925494712,315.1628595812943,724.2906264081709,896.7916499691532,0.6407621347010461,0.6488572428609223,0.6485662421230897,0.19235351217522592,0.0,0.0,nan,0.0,0.0,0.0,0.0,0,audits/paper_extras/v4_runs/v2/bench2_seed303_exp.json,True
303,exp,flat_pit0_cit0.30,5,383.1502374349643,376.2971335349195,376.2935836320549,757.5766748256248,927.2417216035184,0.5867849466778022,0.5941757960543741,0.5941796245090067,0.18297822760227464,0.0,0.0,nan,0.0,0.0,0.0,0.0,0,audits/paper_extras/v4_runs/v2/bench2_seed303_exp.json,True
303,exp,flat_pit0_cit0.30,6,430.7141369998914,424.7403155194743,424.1992084420981,782.8678724354372,932.1082101251411,0.5379140186501893,0.5443229542389179,0.5449034738304185,0.16011052801441095,0.0,0.0,nan,0.0,0.0,0.0,1.7393753713124127e-05,1,audits/paper_extras/v4_runs/v2/bench2_seed303_exp.json,True
303,exp,flat_pit0_cit0.30,7,400.33233931831,393.46557761731157,392.91727772265597,821.6699625127751,993.3418414328078,0.5969843183683212,0.603897106508901,0.6044490815408444,0.17282255892131868,0.0,0.0,nan,0.0,0.0,0.0,3.109934744327525e-05,0,audits/paper_extras/v4_runs/v2/bench2_seed303_exp.json,True
303,exp,flat_pit0_cit0.30,8,342.36651453575445,334.9893721811671,335.0315083758012,752.9649761321324,929.6684133295316,0.6317326590567957,0.6396678994595181,0.6396225755633526,0.19007146490494423,0.0,0.0,nan,0.0,0.0,0.0,0.0,0,audits/paper_extras/v4_runs/v2/bench2_seed303_exp.json,True
303,exp,flat_pit0_cit0.30,9,276.381434136661,268.5865178135792,268.342049033375,684.5091094308949,866.4276826266715,0.6810103835801044,0.6900069986229787,0.6902891557898215,0.20996394372380892,0.0,0.0,nan,0.0,0.0,0.0,0.0,0,audits/paper_extras/v4_runs/v2/bench2_seed303_exp.json,True
303,exp,flat_pit0_cit0.50,0,375.0918861670861,367.7931312141243,367.60935859181427,798.8337728653582,966.0776312805392,0.6117373241838748,0.6192923639825785,0.619482589505207,0.17311637595158752,0.0,0.0,nan,0.0,0.0,0.0,0.0,0,audits/paper_extras/v4_runs/v2/bench2_seed303_exp.json,True
303,exp,flat_pit0_cit0.50,1,416.86728411822503,409.13295624060044,409.01952019673394,870.4559461520973,1067.522480673015,0.6095002291142264,0.6167453485544733,0.616851609589646,0.18460176538547265,0.0,0.0,nan,0.0,0.0,0.0,0.0,0,audits/paper_extras/v4_runs/v2/bench2_seed303_exp.json,True
303,exp,flat_pit0_cit0.50,2,359.6775351909634,352.11667188764034,351.93245735435,811.0223923663083,1005.9714649325653,0.6424575172069377,0.649973499088024,0.6501566201204906,0.19379185132187152,0.0,0.0,nan,0.0,0.0,0.0,0.0035775579141792413,0,audits/paper_extras/v4_runs/v2/bench2_seed303_exp.json,True
303,exp,flat_pit0_cit0.50,3,398.40664936222674,390.5328867108479,390.5188947129534,831.7580798703823,1039.5920399226047,0.6167663525089253,0.6243402491424211,0.6243537082661516,0.19991876820035606,0.0,0.0,nan,0.0,0.0,0.0,0.02647744699205079,0,audits/paper_extras/v4_runs/v2/bench2_seed303_exp.json,True
303,exp,flat_pit0_cit0.50,4,330.9604633272699,323.7806086030582,323.4366953935017,747.3028041947161,907.4786846172327,0.635296708410439,0.6432085798911891,0.6435875565166308,0.17650649336196522,0.0,0.0,nan,0.0,0.0,0.0,0.0,0,audits/paper_extras/v4_runs/v2/bench2_seed303_exp.json,True
303,exp,flat_pit0_cit0.50,5,378.7131286990878,371.19715762507286,371.2071524053813,805.1538510775221,984.3223507632722,0.6152549737335309,0.6228906543296149,0.6228805003589155,0.18202217957035888,0.0,0.0,nan,0.0,0.0,0.0,0.0,0,audits/paper_extras/v4_runs/v2/bench2_seed303_exp.json,True
303,exp,flat_pit0_cit0.50,6,370.23173925936237,363.2018825649151,363.1373554602143,767.4819214410985,929.7744903972604,0.6018047998916649,0.6093656189580642,0.6094350197701613,0.1745504642602314,0.0,0.0,nan,0.0,0.0,0.0,0.11958520135730977,0,audits/paper_extras/v4_runs/v2/bench2_seed303_exp.json,True
303,exp,flat_pit0_cit0.50,7,410.7176961999801,403.4404039167351,403.25907513214486,856.4827720495438,1031.1984308208787,0.6017083774332056,0.6087654986096332,0.6089413413758464,0.16942971745239538,0.0,0.0,nan,0.0,0.0,0.0,0.05653435403437079,0,audits/paper_extras/v4_runs/v2/bench2_seed303_exp.json,True
303,exp,flat_pit0_cit0.50,8,380.08465030908184,372.81454215929364,372.710854175161,799.4994201926042,973.5716473356057,0.6095976589403896,0.6170651197787208,0.6171716224530914,0.1787975519001489,0.004166666666666667,7.062146892655367e-05,1.0,0.0,9.7451405468135e-20,5.749632922619964e-18,-8.881784197001252e-16,0,audits/paper_extras/v4_runs/v2/bench2_seed303_exp.json,True
303,exp,flat_pit0_cit0.50,9,347.64472688916373,340.76562506382095,340.76887796455793,762.4249807373402,920.9146205180019,0.6225005889323179,0.6299704473448962,0.6299669150948216,0.17210025364947884,0.0,0.0,nan,0.0,0.0,0.0,0.0,0,audits/paper_extras/v4_runs/v2/bench2_seed303_exp.json,True
404,det,rl_learned,0,442.4688495641804,436.206812504528,436.08042449029296,813.8085287835429,948.2977282205187,0.5334072450068256,0.540010695456299,0.5401439742889629,0.14182170370622404,0.0,0.0,nan,0.0,0.0,0.0,0.0,0,audits/paper_extras/v4_runs/v2/bench2_seed404_det.json,True
404,det,rl_learned,1,530.6100306072501,524.8608806837467,524.7425584144763,912.1753927085259,1045.5832835750305,0.4925224619190521,0.49802097171144855,0.498134135599136,0.12759183602320026,0.0,0.0,nan,0.0,0.0,0.0,0.0,0,audits/paper_extras/v4_runs/v2/bench2_seed404_det.json,True
404,det,rl_learned,2,438.0065535989956,431.5315258762129,431.5553084744579,873.2825893448382,1024.5708853166625,0.5724975598309905,0.5788173058003301,0.5787940935476829,0.1476601552317835,0.0,0.0,nan,0.0,0.0,0.0,0.0001721006674453296,0,audits/paper_extras/v4_runs/v2/bench2_seed404_det.json,True
404,det,rl_learned,3,488.92936040472546,483.01610561625074,482.96734355669844,854.7980624799642,990.8302926646643,0.5065458090811539,0.5125137884942298,0.512563001825628,0.1372911498485429,0.0,0.0,nan,0.0,0.0,0.0,0.0,0,audits/paper_extras/v4_runs/v2/bench2_seed404_det.json,True
404,det,rl_learned,4,423.0119152419555,416.9663282950361,416.9459445157011,799.5498729346524,925.6252423766582,0.5429987257523146,0.5495300806356328,0.5495521022685808,0.1362056301730619,0.0,0.0,nan,0.0,0.0,0.0,0.0,0,audits/paper_extras/v4_runs/v2/bench2_seed404_det.json,True
404,det,rl_learned,5,494.20667714078735,488.3968112750825,488.34551466226367,886.2006108157625,1016.7179167881095,0.5139195749574037,0.5196339090610641,0.5196843622024633,0.1283712068187618,0.0,0.0,nan,0.0,0.0,0.0,0.0,0,audits/paper_extras/v4_runs/v2/bench2_seed404_det.json,True
404,det,rl_learned,6,476.33784319199026,470.6721837691299,470.6413779361513,845.0428067855729,967.3391624807657,0.5075792838052686,0.5134362361986057,0.5134680821469281,0.12642551903053387,0.0,0.0,nan,0.0,0.0,0.0,0.0,0,audits/paper_extras/v4_runs/v2/bench2_seed404_det.json,True
404,det,rl_learned,7,487.5333522046347,481.4276742822124,481.3937254437266,846.8608763741892,986.2341433500176,0.5056616570294428,0.5118525580072599,0.5118869807036497,0.14131863910370057,0.0,0.0,nan,0.0,0.0,0.0,0.0,0,audits/paper_extras/v4_runs/v2/bench2_seed404_det.json,True
404,det,rl_learned,8,455.89566859702086,449.75511036680115,449.75279910786395,828.982640947439,960.4008934901334,0.525306909138455,0.5317006539504832,0.5317030605069044,0.1368368703460026,0.0,0.0,nan,0.0,0.0,0.0,0.023789030656977683,0,audits/paper_extras/v4_runs/v2/bench2_seed404_det.json,True
404,det,rl_learned,9,434.57054599551765,428.9312173291,428.90495122190674,795.2448999893963,912.7351790694495,0.5238810161359504,0.5300595099595007,0.5300882873177044,0.12872329430737697,0.0,0.0,nan,0.0,0.0,0.0,0.0,0,audits/paper_extras/v4_runs/v2/bench2_seed404_det.json,True
404,det,free_market,0,430.7238022693337,425.16378658247606,425.2049132999806,743.8281747263699,882.7767514649514,0.5120807140032226,0.5183790399136308,0.5183324520108158,0.15739945179571047,0.0,0.0,nan,0.0,0.0,0.0,5.295426164231287e-08,0,audits/paper_extras/v4_runs/v2/bench2_seed404_det.json,True
404,det,free_market,1,555.9848556265463,551.1275518223501,551.0696828948662,874.3027896397152,1012.4477183361778,0.4508507989526285,0.45564838377229544,0.45570554121997,0.13644648132891773,0.0,0.0,nan,0.0,0.0,0.0,1.512654446145234e-10,0,audits/paper_extras/v4_runs/v2/bench2_seed404_det.json,True
404,det,free_market,2,432.7488915343528,426.9152954478773,426.99608386865435,798.4448600502888,958.8677770841231,0.5486876273490761,0.5547714652106582,0.5546872112366403,0.16730452401025897,0.0,0.0,nan,0.0,0.0,0.0,2.270059473730157e-09,0,audits/paper_extras/v4_runs/v2/bench2_seed404_det.json,True
404,det,free_market,3,491.485029514765,486.4220209733373,486.463941373273,809.5373305716284,942.6053523296073,0.47858875583500393,0.48396004778546303,0.48391557487871356,0.14117044999702913,0.0,0.0,nan,0.0,0.0,0.0,7.733761631101288e-09,0,audits/paper_extras/v4_runs/v2/bench2_seed404_det.json,True
404,det,free_market,4,448.2035364003963,443.3566852555413,443.3988267064109,759.3582245777178,878.7527745965741,0.4899549118281172,0.49547051449245033,0.495422558512011,0.13586819122553453,0.0,0.0,nan,0.0,0.0,0.0,7.6529249604107e-09,0,audits/paper_extras/v4_runs/v2/bench2_seed404_det.json,True
404,det,free_market,5,485.7590253717056,480.640307653031,480.7030093793532,802.9337169115161,939.9239664059896,0.48319327654861877,0.48863916143040037,0.4885724520703211,0.1457460969085473,0.0,0.0,nan,0.0,0.0,0.0,1.3460787151586828e-08,0,audits/paper_extras/v4_runs/v2/bench2_seed404_det.json,True
404,det,free_market,6,424.457652863749,419.0030470188185,419.11094246052147,740.4191887646424,873.766323026944,0.5142206312171405,0.5204632680654392,0.5203397848882332,0.15261189490612767,0.0,0.0,nan,0.0,0.0,0.0,2.5794555469360603e-07,0,audits/paper_extras/v4_runs/v2/bench2_seed404_det.json,True
404,det,free_market,7,450.99595704672083,445.2963049253127,445.32329266104057,764.2644452153805,907.895098958676,0.5032510280493887,0.5095289032443814,0.5094991776342764,0.1582018163860944,0.0,0.0,nan,0.0,0.0,0.0,4.403403555341967e-06,0,audits/paper_extras/v4_runs/v2/bench2_seed404_det.json,True
404,det,free_market,8,439.85090913705284,434.392630540885,434.43446662246487,752.3924920939792,886.6172489509319,0.5038998963109553,0.5100561927315654,0.5100090065510243,0.15138974232203448,0.0,0.0,nan,0.0,0.0,0.0,2.911405065919581e-07,0,audits/paper_extras/v4_runs/v2/bench2_seed404_det.json,True
404,det,free_market,9,381.9888772102763,376.5618088719638,376.5226517816145,697.1000822045219,819.6484524415937,0.5339601068331231,0.5405813214796538,0.5406290945099482,0.14951333083350668,0.0,0.0,nan,0.0,0.0,0.0,2.9363167475260354e-07,0,audits/paper_extras/v4_runs/v2/bench2_seed404_det.json,True
404,det,us_federal,0,387.0516658196858,363.6515092062019,357.6631764272358,751.4222886906513,900.4256954474341,0.5701459123427676,0.5961337942210785,0.6027843516288061,0.16548106913224087,0.7083333333333334,0.07534183955143428,1.0,0.0,0.01651466064312711,0.08934753972321567,-0.5752797745533094,0,audits/paper_extras/v4_runs/v2/bench2_seed404_det.json,True
404,det,us_federal,1,457.05501620183054,425.92817531051,413.87270809267926,844.3660008618562,984.1256755724188,0.5355725111673532,0.5672014399352319,0.5794513664609459,0.14201405184279048,0.7666666666666667,0.09269844162312608,1.0,0.0,0.024548356040487638,0.12164494172050894,-0.6305442872266955,0,audits/paper_extras/v4_runs/v2/bench2_seed404_det.json,True
404,det,us_federal,2,327.8496498493028,309.80426568947973,308.36002144469086,735.06012441421,910.2703902908678,0.6398326768109619,0.6596568788857508,0.6612434890404845,0.192481561243216,0.6833333333333333,0.10620311620398651,1.0,0.0,0.015008551739678898,0.05746232948240104,-0.5466929250319118,0,audits/paper_extras/v4_runs/v2/bench2_seed404_det.json,True
404,det,us_federal,3,404.4080162740096,380.6642633811743,374.2335336641245,793.8057973525766,944.4357050938456,0.5717993145612545,0.596939991438222,0.6037490623811834,0.15949196639733287,0.8125,0.09638415917483799,1.0,0.0,0.022085409506918424,0.09048965803272253,-0.597091136282907,0,audits/paper_extras/v4_runs/v2/bench2_seed404_det.json,True
404,det,us_federal,4,327.26104739397886,307.52519379281114,300.2597679396838,721.735797292502,862.8164757778021,0.6207060752995436,0.6435798313707596,0.6520004237644987,0.1635118040115313,0.7791666666666667,0.1276747328384961,1.0,0.0,0.025226892631769308,0.09379872812593491,-0.7055826280612385,0,audits/paper_extras/v4_runs/v2/bench2_seed404_det.json,True
404,det,us_federal,5,404.869226679772,377.53995909605504,366.7501844240376,780.364874794978,915.8723681527791,0.5579414329352989,0.5877810356288895,0.5995619071206011,0.14795456012184952,0.7708333333333334,0.10278582554596687,1.0,0.0,0.023732015078605,0.11196991419301909,-0.6415606413426357,0,audits/paper_extras/v4_runs/v2/bench2_seed404_det.json,True
404,det,us_federal,6,368.68979005207115,344.908863888063,339.1817669815705,743.6577345631146,881.8640519182663,0.5819199237682019,0.6088865816246809,0.6153808897825367,0.15672066125670936,0.7291666666666666,0.09122098271539039,1.0,0.0,0.02120899624992468,0.09618446404303335,-0.6405428613719208,0,audits/paper_extras/v4_runs/v2/bench2_seed404_det.json,True
404,det,us_federal,7,405.7383542961773,383.26561147237635,378.0939212139151,762.3996279295101,909.0058135327946,0.5536460292599226,0.5783683605027361,0.5840577523432149,0.16128190097432796,0.7208333333333333,0.05772556202508698,1.0,0.0,0.012099825034884706,0.07684889815663104,-0.5481333745661878,0,audits/paper_extras/v4_runs/v2/bench2_seed404_det.json,True
404,det,us_federal,8,390.5037100574091,361.7152674049841,352.6503869912064,781.4993700719497,915.8703746761719,0.5736255687978977,0.605058447782114,0.6149560060659299,0.14671399831196885,0.7625,0.10507640548198438,1.0,0.0,0.032884496048995876,0.1403794813044633,-0.6400121589091464,0,audits/paper_extras/v4_runs/v2/bench2_seed404_det.json,True
404,det,us_federal,9,339.0450313990023,313.97878228256974,307.1234506785752,713.6330373698642,840.2715867257544,0.59650541949164,0.6263365473227107,0.6344950185982984,0.15071145015072643,0.7791666666666667,0.13914185648076055,1.0,0.0,0.04764481902049424,0.18167639126481167,-0.663794057305626,0,audits/paper_extras/v4_runs/v2/bench2_seed404_det.json,True
404,det,saez,0,169.17579796924457,170.5632389379311,205.10905162675567,537.1339367166213,747.9983386632167,0.7738286447646573,0.7719737730397199,0.7257894288999147,0.28190490679891245,0.9375,0.7381543827121322,0.5822222222222222,0.9166666666666666,0.18046884690291665,inf,-16.802056329096857,38,audits/paper_extras/v4_runs/v2/bench2_seed404_det.json,True
404,det,saez,1,248.35997450847475,280.3038930452152,279.4918755364812,658.3244441182504,862.8037332089199,0.7121477748076263,0.6751243854697807,0.6760655236191417,0.236993978143992,0.9458333333333333,0.7535355182271574,0.5198237885462555,0.9083333333333333,inf,inf,-16.60629404156084,49,audits/paper_extras/v4_runs/v2/bench2_seed404_det.json,True
404,det,saez,2,261.86471167098154,240.68917091377557,246.8488379479042,650.1943766658769,906.0602211033104,0.7109853124860634,0.7343563205758132,0.7275580229674843,0.2823938613328211,0.9375,0.6419453632719692,0.8088888888888889,0.8708333333333333,1.9361139619590275,inf,-16.785504718915245,59,audits/paper_extras/v4_runs/v2/bench2_seed404_det.json,True
404,det,saez,3,175.64843117188045,181.48930015274115,213.4483384549138,595.1484689557171,824.2649538338694,0.7869029486757939,0.7798167939706917,0.7410440205396209,0.2779646081183875,0.9375,0.7361383860708255,0.5733333333333334,0.9083333333333333,0.18209669392711544,inf,-16.016088760433522,46,audits/paper_extras/v4_runs/v2/bench2_seed404_det.json,True
404,det,saez,4,176.21828917915335,187.51491844926088,220.3218356658009,527.1199906819573,717.3122272684857,0.7543353054914594,0.7385867529913509,0.6928508572831901,0.265145677651108,0.9416666666666667,0.7515651709464376,0.5176991150442478,0.9166666666666666,inf,inf,-16.251802892173693,38,audits/paper_extras/v4_runs/v2/bench2_seed404_det.json,True
404,det,saez,5,226.61897253213326,255.0430440457756,257.9171717723973,607.7899309083476,797.747664796456,0.7159264983997732,0.6802960944914211,0.676693291432944,0.2381175680866152,0.9458333333333333,0.7594287418032728,0.5110132158590308,0.9166666666666666,inf,inf,-17.74646783937608,48,audits/paper_extras/v4_runs/v2/bench2_seed404_det.json,True
404,det,saez,6,197.94913253097073,219.52045560406714,241.00531908368714,563.7495215801684,738.0647832426271,0.7317997863801367,0.7025729169198102,0.6734631910970605,0.2361788092592886,0.9416666666666667,0.7483932005560361,0.6194690265486725,0.9125,inf,inf,-15.970520980830546,47,audits/paper_extras/v4_runs/v2/bench2_seed404_det.json,True
404,det,saez,7,168.52672450059796,170.18071953881895,208.6272807075558,569.8791555811009,788.3054639716922,0.786216470387614,0.7841183052551693,0.7353471588837706,0.27708333681984326,0.9333333333333333,0.7271558764343283,0.6339285714285714,0.9083333333333333,0.13301642982728482,0.3875078334100972,-15.355696296552289,33,audits/paper_extras/v4_runs/v2/bench2_seed404_det.json,True
404,det,saez,8,149.15149563486668,151.5585023958155,205.35317876995714,532.44286619151,723.8514923557435,0.793947381182486,0.7906221041244594,0.7163048208940703,0.2644307957994289,0.9458333333333333,0.7455542266535955,0.5991189427312775,0.9125,0.15367520771708099,inf,-15.605952828090885,43,audits/paper_extras/v4_runs/v2/bench2_seed404_det.json,True
404,det,saez,9,160.7782010531071,162.8242955409237,201.65376795746016,504.15053239589446,695.3060127416725,0.7687662725378428,0.7658235473919051,0.7099783918704861,0.27492280642307365,0.9458333333333333,0.7249107792015795,0.5726872246696035,0.9125,0.17383812230889065,inf,-15.716792434882045,42,audits/paper_extras/v4_runs/v2/bench2_seed404_det.json,True
404,det,free_market+rl_aux,0,432.2166461594655,426.6434715638238,426.6933557591868,746.3889220854535,885.5785475748118,0.5119386672778986,0.5182319256352786,0.5181755961368965,0.15717366445984263,0.0,0.0,nan,0.0,0.0,0.0,5.817114301365223e-08,0,audits/paper_extras/v4_runs/v2/bench2_seed404_det.json,True
404,det,free_market+rl_aux,1,514.2887862282943,509.4081892613896,509.28347825969036,764.5048652276232,891.4000126276185,0.42305499333312446,0.4285301973916458,0.42867010203594974,0.14235488624903755,0.0,0.0,nan,0.0,0.0,0.0,0.05062023001450644,0,audits/paper_extras/v4_runs/v2/bench2_seed404_det.json,True
404,det,free_market+rl_aux,2,395.3524257867488,389.36870334296617,389.28354271575216,710.4990214096301,853.6363662373044,0.5368608444724532,0.5438705299549942,0.543970292137795,0.16767953017114454,0.0,0.0,nan,0.0,0.0,0.0,0.006678906803001983,0,audits/paper_extras/v4_runs/v2/bench2_seed404_det.json,True
404,det,free_market+rl_aux,3,455.5742503717806,450.292912706673,450.1917116905347,741.6356179963952,869.8384804356697,0.47625420049984407,0.4823258307897139,0.48244217539668927,0.1473869750796291,0.0,0.0,nan,0.0,0.0,0.0,3.6627885169338015e-09,0,audits/paper_extras/v4_runs/v2/bench2_seed404_det.json,True
404,det,free_market+rl_aux,4,436.01818476483453,431.1367654087716,431.02761116170103,746.9890866263295,864.5594194133082,0.4956758610521908,0.5013219962355602,0.5014482504230915,0.1359887246000537,0.0,0.0,nan,0.0,0.0,0.0,1.911163449719311e-08,0,audits/paper_extras/v4_runs/v2/bench2_seed404_det.json,True
404,det,free_market+rl_aux,5,488.1287668866579,483.0119776254456,483.0462583979161,804.4001368318387,941.1728947865587,0.4813612147241481,0.4867978239694375,0.48676140051030425,0.1453216074457156,0.0,0.0,nan,0.0,0.0,0.0,1.4647214552354626e-08,0,audits/paper_extras/v4_runs/v2/bench2_seed404_det.json,True
404,det,free_market+rl_aux,6,428.63288132605504,423.25100589807505,423.32566262038705,740.8088919177982,870.8256935027308,0.5077856745338315,0.5139658727849102,0.5138801418253519,0.14930290017278292,0.0,0.0,nan,0.0,0.0,0.0,1.947755812192753e-07,0,audits/paper_extras/v4_runs/v2/bench2_seed404_det.json,True
404,det,free_market+rl_aux,7,448.2559329197912,442.49583240266026,442.5121224625387,766.0324298967091,910.9819072821781,0.5079420026495178,0.5142649608455984,0.5142470789757739,0.15911345354586795,0.0,0.0,nan,0.0,0.0,0.0,5.548205688210572e-06,0,audits/paper_extras/v4_runs/v2/bench2_seed404_det.json,True
404,det,free_market+rl_aux,8,450.6853344524621,445.37724216732863,445.4582905361922,752.6455993532052,882.5672408620372,0.48934731135923365,0.49536168855269136,0.4952698560382821,0.14720877401016227,0.0,0.0,nan,0.0,0.0,0.0,2.021597962365007e-07,0,audits/paper_extras/v4_runs/v2/bench2_seed404_det.json,True
404,det,free_market+rl_aux,9,390.6631120850144,385.34320517564805,385.32074959905344,699.3048131456925,818.9558269420163,0.5229741345833612,0.529470097777409,0.5294975175427442,0.14610191399834233,0.0,0.0,nan,0.0,0.0,0.0,3.384112932103278e-07,0,audits/paper_extras/v4_runs/v2/bench2_seed404_det.json,True
404,det,us_federal+rl_aux,0,388.4187983825994,364.7258028247816,358.39428655362184,751.388214327664,897.8804945434432,0.5674047930174676,0.5937924868161454,0.6008441115141284,0.16315342755081017,0.7041666666666667,0.07486809941165881,1.0,0.0,0.017542724301105404,0.09321960777246359,-0.5884532272926664,0,audits/paper_extras/v4_runs/v2/bench2_seed404_det.json,True
404,det,us_federal+rl_aux,1,457.1139508392736,426.00805895665707,413.9551805446142,844.3870569702362,984.122811186204,0.5355112739554373,0.5671190077962202,0.5793663394046756,0.14199015877656418,0.7666666666666667,0.09269728806092602,1.0,0.0,0.024546277275539475,0.12159642252294409,-0.6322671869636899,0,audits/paper_extras/v4_runs/v2/bench2_seed404_det.json,True
404,det,us_federal+rl_aux,2,324.42610031255214,306.491625870119,305.61232098843305,737.3328435043935,910.0284722639502,0.6434989561310631,0.6632065531887861,0.6641727920576628,0.1897694786734838,0.6791666666666667,0.10653892872146677,1.0,0.0,0.013561480928741154,0.052716739591593564,-0.570063039019223,0,audits/paper_extras/v4_runs/v2/bench2_seed404_det.json,True
404,det,us_federal+rl_aux,3,406.463529498862,380.8316864659729,375.3534356502139,793.7053961403487,943.8925344136877,0.5693752046133699,0.5965306721039679,0.6023345646192975,0.15911465849937023,0.8125,0.09152061232126352,1.0,0.0,0.018669702761663784,0.08680556353683495,-0.5988804765221715,0,audits/paper_extras/v4_runs/v2/bench2_seed404_det.json,True
404,det,us_federal+rl_aux,4,329.1277828020817,309.5648440421686,302.56444772411913,723.3058140526668,863.714482719239,0.6189391409000273,0.641588915971904,0.6496939048983489,0.16256375396707773,0.7833333333333333,0.12729276185730426,1.0,0.0,0.026986148819031067,0.09774538277863036,-0.7084320796388497,0,audits/paper_extras/v4_runs/v2/bench2_seed404_det.json,True
404,det,us_federal+rl_aux,5,395.13335042127864,367.56815920689337,358.3097058116325,778.3343085467881,917.8735785666099,0.5695122295182137,0.5995438066962301,0.6096306570114111,0.15202449801173304,0.7708333333333334,0.10740278452241127,1.0,0.0,0.024054363468618185,0.11067468825302106,-0.6437165464837096,0,audits/paper_extras/v4_runs/v2/bench2_seed404_det.json,True
404,det,us_federal+rl_aux,6,360.7906191416176,338.1793390075632,333.0809566848401,743.5132078342295,882.7119584773121,0.5912702714892575,0.6168859662998943,0.6226617828318443,0.15769442036698134,0.7333333333333333,0.0910503444705737,1.0,0.0,0.02045894837616605,0.08910650619798018,-0.6430089977585999,0,audits/paper_extras/v4_runs/v2/bench2_seed404_det.json,True
404,det,us_federal+rl_aux,7,403.65994296067703,380.7967604423504,375.947291141035,762.7025797540387,909.6271201735125,0.5562358091481723,0.5813704846775974,0.5867017563533917,0.16152172374923018,0.725,0.060602951969021,1.0,0.0,0.011619016001373118,0.07569284995118533,-0.5478339310230435,0,audits/paper_extras/v4_runs/v2/bench2_seed404_det.json,True
404,det,us_federal+rl_aux,8,398.07140343871885,368.366418201878,359.2162393939663,777.2840990131174,908.4087533405899,0.5617926379783905,0.5944926588969511,0.6045654138921697,0.14434543243366335,0.7625,0.09658802195519452,1.0,0.0,0.026362788059831683,0.12753514579391392,-0.6682435709726209,0,audits/paper_extras/v4_runs/v2/bench2_seed404_det.json,True
404,det,us_federal+rl_aux,9,340.68444463274903,313.3727188734197,306.60411691478447,714.9427803049211,839.5907305353772,0.5942255765311908,0.6267553851224715,0.6348171725058542,0.14846275178737683,0.7791666666666667,0.13347899289028964,1.0,0.0,0.04452097868404293,0.1772472315677799,-0.6659190725097273,0,audits/paper_extras/v4_runs/v2/bench2_seed404_det.json,True
404,det,saez+rl_aux,0,167.34634957701442,168.59690407430475,207.7708508703139,541.3939128336353,741.3613856873907,0.774271559312668,0.7725847240910968,0.7197441694678114,0.26973008941967686,0.9375,0.7468964441793439,0.5644444444444444,0.9166666666666666,0.19103475473476214,inf,-16.801009837972575,35,audits/paper_extras/v4_runs/v2/bench2_seed404_det.json,True
404,det,saez+rl_aux,1,207.3927092338008,228.3492779185911,240.99508876260026,629.1873000240496,839.0272101434324,0.7528176598726198,0.7278404381193375,0.7127684467808834,0.2500990523102469,0.9458333333333333,0.751125058100331,0.5462555066079295,0.9083333333333333,inf,inf,-16.64342590113754,37,audits/paper_extras/v4_runs/v2/bench2_seed404_det.json,True
404,det,saez+rl_aux,2,173.90613301148974,164.2280551048199,200.45444504521285,576.6906311893961,818.1982248560645,0.7874523217865904,0.799280846479824,0.7550050355089974,0.2951700288877477,0.9375,0.6902676738103307,0.8133333333333334,0.9125,0.11465890429153718,0.3951094988307832,-16.78575011223873,51,audits/paper_extras/v4_runs/v2/bench2_seed404_det.json,True
404,det,saez+rl_aux,3,154.38964741490227,152.90344445975313,187.94933483667128,561.6283507572251,788.7532839786434,0.8042611668934965,0.8061454100216549,0.7617134043631313,0.2879543424221965,0.9375,0.7468446195812177,0.6222222222222222,0.9083333333333333,0.11158775394418932,0.27857641450960247,-16.048848793055907,34,audits/paper_extras/v4_runs/v2/bench2_seed404_det.json,True
404,det,saez+rl_aux,4,153.89415262526654,163.69305962844797,203.92922078392522,518.2511094164468,709.013783903396,0.7829461766201222,0.769125702003628,0.7123762253799697,0.2690535484891799,0.9416666666666667,0.7508839680456244,0.5265486725663717,0.9166666666666666,0.23107074910441958,inf,-16.276281631499067,37,audits/paper_extras/v4_runs/v2/bench2_seed404_det.json,True
404,det,saez+rl_aux,5,228.11284541216594,247.77678397091626,254.45731468205534,604.4407527952401,794.375513478985,0.7128400340373777,0.6880860754559611,0.6796762861336776,0.23909946550583042,0.9458333333333333,0.7508766419054562,0.5066079295154186,0.9166666666666666,inf,inf,-17.763939782955763,42,audits/paper_extras/v4_runs/v2/bench2_seed404_det.json,True
404,det,saez+rl_aux,6,238.95834971818635,260.44978716075525,267.26288084864234,584.4700241173567,745.3571611119021,0.6794042343918515,0.6505704905655916,0.6414297805230081,0.21585240658926327,0.9416666666666667,0.7609797273841719,0.5309734513274337,0.9125,inf,inf,-15.971042166120306,47,audits/paper_extras/v4_runs/v2/bench2_seed404_det.json,True
404,det,saez+rl_aux,7,208.80206075812728,225.52726847289264,262.96800305978053,608.1104192751501,800.5948732539636,0.73919135915839,0.7183003838679951,0.6715342405442032,0.24042678814126486,0.9333333333333333,0.7471246066424072,0.5446428571428571,0.9083333333333333,inf,inf,-15.305495589765508,44,audits/paper_extras/v4_runs/v2/bench2_seed404_det.json,True
404,det,saez+rl_aux,8,191.28205187774626,199.27387419057342,234.44385320984938,553.0469089447628,732.5430141617945,0.7388794266277743,0.727969729642988,0.6799589257183627,0.24503148859103993,0.9458333333333333,0.7622458200854948,0.5462555066079295,0.9125,inf,inf,-15.605937808384168,43,audits/paper_extras/v4_runs/v2/bench2_seed404_det.json,True
404,det,saez+rl_aux,9,165.7833013941156,166.85268222892998,203.85257317847834,511.22290598701795,705.508798202317,0.7650159688772948,0.7635002105514749,0.7110559447339166,0.27538408126213637,0.9458333333333333,0.7241120716506886,0.6696035242290749,0.9125,0.18323392884170583,inf,-15.715720919893222,39,audits/paper_extras/v4_runs/v2/bench2_seed404_det.json,True
404,det,rl_mean_fixed,0,488.3222881777525,482.78662911566,482.765764612708,808.1367448738804,935.3769190321848,0.477940626669504,0.48385873192681583,0.48388103791120296,0.13603091071560464,0.0,0.0,nan,0.0,0.0,0.0,0.006597908413140452,0,audits/paper_extras/v4_runs/v2/bench2_seed404_det.json,True
404,det,rl_mean_fixed,1,581.3147966741038,576.0941417497586,576.0377536931976,920.2240084202958,1056.505794185848,0.4497760448894936,0.4547174800932337,0.4547708523102828,0.12899293739375273,0.0,0.0,nan,0.0,0.0,0.0,3.338722692758367e-06,0,audits/paper_extras/v4_runs/v2/bench2_seed404_det.json,True
404,det,rl_mean_fixed,2,457.695510641435,451.4549887596704,451.4315663802623,843.9992519234825,992.411412868718,0.5388046684001793,0.5450929091447364,0.5451165106260418,0.1495470114720138,0.0,0.0,nan,0.0,0.0,0.0,0.00012686101964698437,0,audits/paper_extras/v4_runs/v2/bench2_seed404_det.json,True
404,det,rl_mean_fixed,3,516.4903957314251,510.73680640575094,510.75649798032543,847.6686559098464,987.6542000802763,0.4770534103034798,0.4828789202088763,0.482858982487179,0.14173538082362408,0.0,0.0,nan,0.0,0.0,0.0,0.004227429598683274,0,audits/paper_extras/v4_runs/v2/bench2_seed404_det.json,True
404,det,rl_mean_fixed,4,427.4903970918016,421.782802626772,421.70669173360045,784.5102808780382,901.5742613876806,0.5258400606580993,0.5321707587597116,0.5322551787530846,0.12984396906968085,0.0,0.0,nan,0.0,0.0,0.0,0.0,0,audits/paper_extras/v4_runs/v2/bench2_seed404_det.json,True
404,det,rl_mean_fixed,5,521.7492963169983,516.4786401691953,516.5356766027304,852.5117630800938,977.0403744941489,0.465990034867159,0.47138454699316196,0.4713261702515,0.12745492884931012,0.0,0.0,nan,0.0,0.0,0.0,0.0,0,audits/paper_extras/v4_runs/v2/bench2_seed404_det.json,True
404,det,rl_mean_fixed,6,472.4509798779732,466.860867735045,466.9171790271422,803.2818918583146,924.8111178345657,0.48913786743371807,0.49518246620110473,0.49512157669511664,0.13140978047583432,0.0,0.0,nan,0.0,0.0,0.0,0.00917440107519063,0,audits/paper_extras/v4_runs/v2/bench2_seed404_det.json,True
404,det,rl_mean_fixed,7,504.7650632553417,499.0698943367993,498.95488437530577,824.2104304265503,955.1828627608379,0.47155138253173773,0.47751376852145405,0.47763417474520176,0.13711765300701478,0.0,0.0,nan,0.0,0.0,0.0,0.06901998222382,0,audits/paper_extras/v4_runs/v2/bench2_seed404_det.json,True
404,det,rl_mean_fixed,8,477.82521532122104,472.15615224001925,472.09514910738613,811.3968301639267,933.7913556076767,0.4882955250637652,0.49436654194259744,0.4944318703826893,0.13107266918754057,0.0,0.0,nan,0.0,0.0,0.0,0.0,1,audits/paper_extras/v4_runs/v2/bench2_seed404_det.json,True
404,det,rl_mean_fixed,9,447.97152096470575,442.50274860790455,442.46094289309895,796.5999813900676,909.3610785396556,0.507377727575383,0.5133915899297995,0.5134375625536474,0.12400035564604467,0.0,0.0,nan,0.0,0.0,0.0,0.0005293679847440114,0,audits/paper_extras/v4_runs/v2/bench2_seed404_det.json,True
404,det,flat_pit0.10_cit0,0,375.0943475964225,351.15527905903764,344.703424397099,744.9111550878401,895.7035016716303,0.5812293388421584,0.6079558934360703,0.6151590076919571,0.16835073917023877,0.6958333333333333,0.08440351919314559,1.0,0.0,0.019685770026262643,0.09924272339851929,-0.5007487409713609,0,audits/paper_extras/v4_runs/v2/bench2_seed404_det.json,True
404,det,flat_pit0.10_cit0,1,451.5623307777569,419.0143773117091,406.8772453084522,836.759836869208,978.201883288419,0.5383751161266007,0.5716483637272202,0.5840559579167299,0.1445939215979891,0.7708333333333334,0.09963999849537634,1.0,0.0,0.023827359374268206,0.12312374850035493,-0.5956740886975989,0,audits/paper_extras/v4_runs/v2/bench2_seed404_det.json,True
404,det,flat_pit0.10_cit0,2,313.76639311002714,296.7607429976254,295.5469085842888,722.7913677948625,898.9515079820729,0.6509640505366566,0.6698812557044584,0.6712315336700201,0.19596178283592522,0.675,0.10751582085241042,1.0,0.0,0.013753215596022635,0.05129401118552603,-0.4703672495452943,0,audits/paper_extras/v4_runs/v2/bench2_seed404_det.json,True
404,det,flat_pit0.10_cit0,3,395.1494529323065,368.2173334015477,360.5490631779444,774.7647631087403,922.7584480317342,0.5717736816442378,0.6009602142500412,0.6092703741190296,0.16038182607665952,0.8083333333333333,0.09987869129804752,1.0,0.0,0.01956892964455224,0.09202357920470818,-0.560891288479522,0,audits/paper_extras/v4_runs/v2/bench2_seed404_det.json,True
404,det,flat_pit0.10_cit0,4,315.7038212504985,295.8546721455926,288.131165370953,705.5389370615349,849.2628806988386,0.628261368269489,0.6516335767528887,0.6607279419372991,0.16923375188497175,0.7708333333333334,0.1343710433862949,1.0,0.0,0.03178376064434786,0.11184487312685386,-0.6483308267835015,0,audits/paper_extras/v4_runs/v2/bench2_seed404_det.json,True
404,det,flat_pit0.10_cit0,5,387.2631010689083,360.0929239617298,350.562815038227,754.5400384877619,894.6618297868438,0.5671402443075334,0.5975094589119521,0.6081616501714958,0.15661983850642922,0.7583333333333333,0.09730907030209893,1.0,0.0,0.020482771365878415,0.10503744930408128,-0.5930872594597274,0,audits/paper_extras/v4_runs/v2/bench2_seed404_det.json,True
404,det,flat_pit0.10_cit0,6,379.3061691719578,352.5244801625653,342.4325008389155,734.1720057257922,870.3419611778661,0.5641871975715974,0.5949586531649229,0.6065540717174099,0.15645569388357422,0.7208333333333333,0.10176986620233765,1.0,0.0,0.024412561873890862,0.11844737650240279,-0.5671984389074438,0,audits/paper_extras/v4_runs/v2/bench2_seed404_det.json,True
404,det,flat_pit0.10_cit0,7,364.4270409938751,346.09508913551474,342.79888838791305,748.0461625975743,913.668757130467,0.6011387735984094,0.6212028851435333,0.6248105391449177,0.18127203457526428,0.7166666666666667,0.060217659308762245,1.0,0.0,0.00776465702323295,0.04623630576888465,-0.5069175486376727,0,audits/paper_extras/v4_runs/v2/bench2_seed404_det.json,True
404,det,flat_pit0.10_cit0,8,393.1701037750202,362.6143078045257,351.64878465322533,764.2372137361049,895.1520251797051,0.5607784010809898,0.5949131570900155,0.6071630574900051,0.14624869045827,0.7,0.09743905202698742,1.0,0.0,0.03364108692419249,0.15643043788103134,-0.4983819451113311,0,audits/paper_extras/v4_runs/v2/bench2_seed404_det.json,True
404,det,flat_pit0.10_cit0,9,346.1931593411244,320.7469397634744,313.59560591378965,708.9541445978676,835.6640228510597,0.5857268592705392,0.6161771585317595,0.6247348248356005,0.15162777717879034,0.7708333333333334,0.13088112258941512,1.0,0.0,0.05217077473318499,0.19946339488794995,-0.6028590880038001,0,audits/paper_extras/v4_runs/v2/bench2_seed404_det.json,True
404,det,flat_pit0.20_cit0,0,346.4247025762196,345.2587601514923,320.30814142767906,747.8532136277435,900.2092232691032,0.6151731246229839,0.6164683151126938,0.6441847815505796,0.16924511069557818,0.8041666666666667,0.3155281491807834,0.7512953367875648,0.25,0.60347866117055,inf,-1.3590955916489458,0,audits/paper_extras/v4_runs/v2/bench2_seed404_det.json,True
404,det,flat_pit0.20_cit0,1,337.1854581055777,335.2040965870631,320.1330313783337,779.6817819409772,933.3934914811509,0.6387531505383474,0.6408759010573921,0.657022430196795,0.16468050285657876,0.825,0.30270233252414985,0.6818181818181818,0.32083333333333336,0.3751812533599802,inf,-1.2838584168168943,0,audits/paper_extras/v4_runs/v2/bench2_seed404_det.json,True
404,det,flat_pit0.20_cit0,2,291.392954242125,296.05499482329844,312.24373804812313,755.0328695329388,951.2758949047548,0.6936819740698882,0.6887811449769359,0.6717632185146601,0.2062945423330258,0.8,0.3636097497163061,0.6510416666666666,0.325,0.10736465861326788,0.2668021599987751,-1.3537035830343487,5,audits/paper_extras/v4_runs/v2/bench2_seed404_det.json,True
404,det,flat_pit0.20_cit0,3,317.33809879298803,320.10839010792307,309.09407505307223,745.8063903178746,908.5416114541961,0.6507170449958124,0.6476678821616513,0.6597909538140564,0.17911697063148307,0.8583333333333333,0.2854600149538922,0.7427184466019418,0.2625,0.26685842966035966,inf,-1.3291225650642533,1,audits/paper_extras/v4_runs/v2/bench2_seed404_det.json,True
404,det,flat_pit0.20_cit0,4,271.83186640043544,304.52626990688634,270.2612415858263,708.8091214129147,847.8687420594324,0.679393928663806,0.6408332389194975,0.6812463672981094,0.16401078816604167,0.8666666666666667,0.4038074492653659,0.6730769230769231,0.3125,0.9567423876994361,inf,-1.7667851822794174,7,audits/paper_extras/v4_runs/v2/bench2_seed404_det.json,True
404,det,flat_pit0.20_cit0,5,320.681809764091,340.2634058232198,315.5172683483877,756.2862743151333,903.3232881557649,0.6449977389392909,0.6233204542773325,0.6507150070352428,0.16277341209792573,0.8375,0.35023253162268314,0.6666666666666666,0.30833333333333335,0.6094652929981581,inf,-1.5354944953639826,5,audits/paper_extras/v4_runs/v2/bench2_seed404_det.json,True
404,det,flat_pit0.20_cit0,6,292.0053971259714,299.17394199369573,283.9394645704747,711.1018628029218,869.9646831267207,0.6643479870050801,0.6561079457634518,0.6736195502213099,0.1826083557240894,0.8125,0.3289905640079364,0.7487179487179487,0.25,0.3970346037333334,inf,-1.4889467683657767,0,audits/paper_extras/v4_runs/v2/bench2_seed404_det.json,True
404,det,flat_pit0.20_cit0,7,341.60567669617114,348.62321467746585,325.42273558190954,737.9087708861223,909.2570460963196,0.6243024146331618,0.6165845333019994,0.6421003972649592,0.18844866360490764,0.7791666666666667,0.2698295004210728,0.8074866310160428,0.19166666666666668,1.1766388977763202,inf,-0.9927594109785706,0,audits/paper_extras/v4_runs/v2/bench2_seed404_det.json,True
404,det,flat_pit0.20_cit0,8,311.2646061673315,354.68630488962924,327.1347951679985,749.7434648941214,892.2833007046688,0.6511594401447226,0.6024958613374021,0.6333733973171434,0.15974728620156672,0.8583333333333333,0.35624692607955366,0.6941747572815534,0.2916666666666667,0.9280497937974495,inf,-1.4936365971027274,0,audits/paper_extras/v4_runs/v2/bench2_seed404_det.json,True
404,det,flat_pit0.20_cit0,9,269.40427264904065,306.8506320815691,276.20428970917027,672.2672446803699,807.9768487285905,0.6665693168399967,0.6202234846649127,0.6581532129988656,0.1679622433016112,0.85,0.39731449772231475,0.7254901960784313,0.2625,1.434752337712559,inf,-1.6405171338741766,1,audits/paper_extras/v4_runs/v2/bench2_seed404_det.json,True
404,det,flat_pit0.30_cit0,0,247.9529436349808,272.8538652936483,261.4167407452974,652.432148634568,859.8398568161191,0.7116289252360085,0.6826689724479713,0.6959704313855707,0.24121667138059433,0.85,0.5317942610168772,0.7794117647058824,0.6958333333333333,1.1184171848912854,inf,-2.445300246583677,6,audits/paper_extras/v4_runs/v2/bench2_seed404_det.json,True
404,det,flat_pit0.30_cit0,1,333.33331135632375,397.806013798006,351.5890993079918,741.9984287277256,904.4497454267995,0.6314518158230809,0.5601679188816777,0.6112674019913833,0.17961342520187784,0.875,0.5311857036752197,0.5904761904761905,0.5333333333333333,7.621170952572222,inf,-2.4121505762957116,7,audits/paper_extras/v4_runs/v2/bench2_seed404_det.json,True
404,det,flat_pit0.30_cit0,2,312.57664546179353,403.77972885334094,361.2423985038865,731.5171549279695,897.3786602966087,0.6516780938846058,0.5500453189739541,0.5974470817207913,0.18482889409674316,0.8416666666666667,0.583042955436184,0.5792079207920792,0.6958333333333333,3.4079564323097427,inf,-2.5331145159617754,7,audits/paper_extras/v4_runs/v2/bench2_seed404_det.json,True
404,det,flat_pit0.30_cit0,3,290.8370261884889,333.4624728343828,313.9386507191659,704.1218453930431,896.9183970817732,0.6757374727346874,0.6282131418874435,0.6499808101376878,0.21495439531178723,0.8791666666666667,0.509005742001987,0.7061611374407583,0.5875,2.0553101768136606,inf,-2.2724784169047334,6,audits/paper_extras/v4_runs/v2/bench2_seed404_det.json,True
404,det,flat_pit0.30_cit0,4,302.76223391504885,362.4890231907444,302.37636586473167,672.7808903682445,818.3419016245147,0.6300296571469375,0.5570445281230783,0.6305011813956056,0.17787310043309854,0.8916666666666667,0.6174947912919017,0.5654205607476636,0.7541666666666667,inf,inf,-3.3615552989012976,24,audits/paper_extras/v4_runs/v2/bench2_seed404_det.json,True
404,det,flat_pit0.30_cit0,5,345.5945303773054,421.44508620150475,360.31240146868925,716.2219778169359,859.650170565589,0.597982362814017,0.5097481503153501,0.5808615948605824,0.16684483719032764,0.875,0.5875332886393205,0.5952380952380952,0.6833333333333333,inf,inf,-2.5737221199537186,18,audits/paper_extras/v4_runs/v2/bench2_seed404_det.json,True
404,det,flat_pit0.30_cit0,6,277.3578875827088,328.5137790667281,288.3236187417746,680.8662516089781,855.8562897841113,0.6759293693422852,0.616157779071069,0.6631167846946548,0.2044619409401947,0.8666666666666667,0.5599060212666012,0.6826923076923077,0.7166666666666667,10.939926104907236,inf,-2.8970468052464784,8,audits/paper_extras/v4_runs/v2/bench2_seed404_det.json,True
404,det,flat_pit0.30_cit0,7,333.7852717523235,400.76975766715077,351.93355505738015,724.2013972701563,895.032029638094,0.6270689084866722,0.5522285857979832,0.6067922226205866,0.19086538437849312,0.825,0.5231565655679554,0.6666666666666666,0.6333333333333333,inf,inf,-2.3801354875118395,5,audits/paper_extras/v4_runs/v2/bench2_seed404_det.json,True
404,det,flat_pit0.30_cit0,8,302.9655445468125,375.25646126626333,327.71495097129963,697.8962276439381,851.7815635512333,0.6443154471626579,0.5594451942564354,0.6152593986596798,0.18066290994338852,0.8875,0.5597259199569032,0.6384976525821596,0.6625,13.531376250838875,inf,-2.69202034306414,11,audits/paper_extras/v4_runs/v2/bench2_seed404_det.json,True
404,det,flat_pit0.30_cit0,9,264.4738556402718,324.49447743212784,292.0829274138094,652.4993314748046,800.337125742419,0.6695469357429381,0.5945527615864176,0.6350501332262155,0.18471940075312032,0.8833333333333333,0.6081875284479655,0.5943396226415094,0.7583333333333333,10.770371601306493,inf,-3.0986411125946223,10,audits/paper_extras/v4_runs/v2/bench2_seed404_det.json,True
404,det,flat_pit0.50_cit0,0,240.17365859209977,262.3165558393882,260.2595867605226,559.6226649202727,774.5958001123288,0.6899367921214254,0.6613504026211502,0.6640059412628099,0.27752943555965787,0.9041666666666667,0.696730516247694,0.6175115207373272,0.8541666666666666,inf,inf,-7.332088178150669,32,audits/paper_extras/v4_runs/v2/bench2_seed404_det.json,True
404,det,flat_pit0.50_cit0,1,334.921520684219,372.5616520158225,364.52988320462964,636.0891617865608,822.9943370474185,0.5930451698054372,0.5473095800969568,0.557068783106795,0.22710384123832525,0.9166666666666666,0.7222244350738843,0.45,0.8416666666666667,inf,inf,-6.265996736093406,49,audits/paper_extras/v4_runs/v2/bench2_seed404_det.json,True
404,det,flat_pit0.50_cit0,2,288.8369370734515,298.54414757561796,283.82301692122746,584.5379586084339,814.0204643042065,0.645172388484928,0.6332473682577476,0.651331840700309,0.2819124527685253,0.9,0.6493698645012492,0.6620370370370371,0.8541666666666666,5.217950810736772,inf,-7.078968749150078,57,audits/paper_extras/v4_runs/v2/bench2_seed404_det.json,True
404,det,flat_pit0.50_cit0,3,320.9637628527137,353.57253237635376,332.73317613315083,591.2732777024238,761.9964201466584,0.5787857339396173,0.5359918721031484,0.5633402371245904,0.22404717126016963,0.9083333333333333,0.7191039165992892,0.46788990825688076,0.8375,inf,inf,-6.699021040276188,55,audits/paper_extras/v4_runs/v2/bench2_seed404_det.json,True
404,det,flat_pit0.50_cit0,4,212.08094995396283,233.61893512264433,242.42143855660325,493.74839286674495,657.92376231266,0.6776511776858771,0.6449148845126779,0.6315356695668347,0.24953555236981273,0.9208333333333333,0.7358969314300448,0.5927601809954751,0.8666666666666667,inf,inf,-8.944662131597937,57,audits/paper_extras/v4_runs/v2/bench2_seed404_det.json,True
404,det,flat_pit0.50_cit0,5,293.37967947400483,336.86079713866013,335.63229359009677,575.5569756396952,724.8078884225372,0.5952311168791048,0.5352412652795491,0.5369362020596069,0.20591789240548936,0.9125,0.7482746527226566,0.4337899543378995,0.8583333333333333,inf,inf,-7.065993008067589,59,audits/paper_extras/v4_runs/v2/bench2_seed404_det.json,True
404,det,flat_pit0.50_cit0,6,320.7087829961398,346.0912265613268,320.9704270215627,571.3329813766273,726.5322093231488,0.5585759600459859,0.5236395274426279,0.5582158328251065,0.21361644529305587,0.9083333333333333,0.7160022354394336,0.5458715596330275,0.8541666666666666,inf,inf,-6.8653055534716945,47,audits/paper_extras/v4_runs/v2/bench2_seed404_det.json,True
404,det,flat_pit0.50_cit0,7,320.1866372095852,351.98557452506645,347.42205411990983,617.0447925642142,803.3190663724174,0.6014203439046134,0.5618359014998325,0.5675167331845133,0.23188080752193532,0.8958333333333334,0.7008643806218325,0.4930232558139535,0.825,inf,inf,-6.073552481547586,51,audits/paper_extras/v4_runs/v2/bench2_seed404_det.json,True
404,det,flat_pit0.50_cit0,8,267.65068635613585,302.9186914890288,296.65284655271785,564.2239982286725,736.460984137529,0.6365718047242079,0.5886833138298867,0.5971913611959653,0.23387116170256267,0.9166666666666666,0.7118641242129828,0.5409090909090909,0.8416666666666667,inf,inf,-6.947408149407834,52,audits/paper_extras/v4_runs/v2/bench2_seed404_det.json,True
404,det,flat_pit0.50_cit0,9,237.7208835850579,259.5402744267535,255.0060202741478,510.1677816788189,677.5843210382862,0.6491641317485183,0.6169623966076269,0.6236541898085937,0.2470785320163977,0.9166666666666666,0.7317781746128347,0.5318181818181819,0.8666666666666667,inf,inf,-8.411768974323637,56,audits/paper_extras/v4_runs/v2/bench2_seed404_det.json,True
404,det,flat_pit0_cit0.10,0,455.6279285447181,450.1582267325123,450.2217752194501,774.5747809046094,910.2981755018834,0.49947397368613594,0.5054826661776816,0.5054128555500784,0.14909773330309525,0.0,0.0,nan,0.0,0.0,0.0,2.141149854750779e-06,0,audits/paper_extras/v4_runs/v2/bench2_seed404_det.json,True
404,det,flat_pit0_cit0.10,1,545.5698396904413,540.6571171701372,540.4923477320273,858.9256577763052,994.5567408439606,0.45144422908693793,0.4563838391851362,0.4565495104146834,0.1363733988194193,0.0,0.0,nan,0.0,0.0,0.0,2.493548900694975e-08,0,audits/paper_extras/v4_runs/v2/bench2_seed404_det.json,True
404,det,flat_pit0_cit0.10,2,429.2429204032162,423.47512457573595,423.3688632355396,773.0248266590461,920.8679938101104,0.5338713873340144,0.5401348212531539,0.5402502138402681,0.16054762261783065,0.0,0.0,nan,0.0,0.0,0.0,4.0875284268437895e-08,0,audits/paper_extras/v4_runs/v2/bench2_seed404_det.json,True
404,det,flat_pit0_cit0.10,3,491.99446618690337,487.00837775702524,486.8903978679112,780.6078982704978,909.0656605427831,0.45879105598033004,0.4642759055861342,0.464405687068633,0.14130746308862435,0.0,0.0,nan,0.0,0.0,0.0,7.37054415278493e-08,0,audits/paper_extras/v4_runs/v2/bench2_seed404_det.json,True
404,det,flat_pit0_cit0.10,4,450.9827885248881,446.06037415727604,446.0119868607969,759.773960705389,877.5881129700289,0.48611110171191446,0.4917201275121308,0.49177526419386564,0.13424766188539222,0.0,0.0,nan,0.0,0.0,0.0,1.6414724779423295e-07,0,audits/paper_extras/v4_runs/v2/bench2_seed404_det.json,True
404,det,flat_pit0_cit0.10,5,481.8748493609928,476.7801645913486,476.765873106645,793.1702237191186,924.9156683959642,0.47900671831337377,0.484514987816992,0.48453043947944285,0.14244049395911437,0.0,0.0,nan,0.0,0.0,0.0,2.644575047838771e-08,0,audits/paper_extras/v4_runs/v2/bench2_seed404_det.json,True
404,det,flat_pit0_cit0.10,6,442.48736603889915,437.17125036098906,437.2489491552644,750.6328383220837,878.0855367883722,0.49607715023150045,0.5021313618716944,0.5020428752823816,0.14514838603588795,0.0,0.0,nan,0.0,0.0,0.0,6.136649124410809e-07,0,audits/paper_extras/v4_runs/v2/bench2_seed404_det.json,True
404,det,flat_pit0_cit0.10,7,459.190859871526,453.52644753629784,453.64700995846584,774.9366138890118,914.4682238109815,0.49786023405178514,0.5040544485556223,0.5039226097240164,0.15258223991696684,0.0,0.0,nan,0.0,0.0,0.0,2.9269131056608444e-06,0,audits/paper_extras/v4_runs/v2/bench2_seed404_det.json,True
404,det,flat_pit0_cit0.10,8,463.77453554784546,458.4950419391026,458.5767142834573,771.630186189348,898.6267557707582,0.48390749266077343,0.4897825610079367,0.48969167528276747,0.1413229338720105,0.0,0.0,nan,0.0,0.0,0.0,1.6248680090313883e-07,0,audits/paper_extras/v4_runs/v2/bench2_seed404_det.json,True
404,det,flat_pit0_cit0.10,9,402.16255664823734,396.84717019386636,396.9139311314249,716.1686042231299,834.9550233666411,0.5183422515063523,0.524708326690784,0.5246283691653004,0.14226684769743617,0.0,0.0,nan,0.0,0.0,0.0,0.0,0,audits/paper_extras/v4_runs/v2/bench2_seed404_det.json,True
404,det,flat_pit0_cit0.20,0,458.6008470770877,453.1007494887787,453.08814638878226,770.9498696564001,906.1517154565189,0.49390279877576054,0.4999725302506251,0.49998643862797676,0.14920442514640517,0.0,0.0,nan,0.0,0.0,0.0,4.252661158599125e-05,0,audits/paper_extras/v4_runs/v2/bench2_seed404_det.json,True
404,det,flat_pit0_cit0.20,1,562.7490809554934,557.9002261404019,557.7700141418137,861.5985098983549,993.7515703452294,0.4337125115082895,0.4385918545551709,0.4387228852900888,0.13298400162624605,0.0,0.0,nan,0.0,0.0,0.0,6.927133089362769e-09,0,audits/paper_extras/v4_runs/v2/bench2_seed404_det.json,True
404,det,flat_pit0_cit0.20,2,448.1382711861078,442.45395642370676,442.36174248083245,808.5333246705832,954.1275680192109,0.530316190196189,0.5362737947691307,0.5363704421630068,0.15259410610143512,0.0,0.0,nan,0.0,0.0,0.0,2.0142783974108625e-07,0,audits/paper_extras/v4_runs/v2/bench2_seed404_det.json,True
404,det,flat_pit0_cit0.20,3,503.6883599656528,498.49309818059874,498.4217796968812,826.3082728793901,960.357997509776,0.4755202109299606,0.4809299245977027,0.4810041869914168,0.13958307732947406,0.0,0.0,nan,0.0,0.0,0.0,0.0,0,audits/paper_extras/v4_runs/v2/bench2_seed404_det.json,True
404,det,flat_pit0_cit0.20,4,458.604963697737,453.6635091822364,453.6216414249383,771.8429706912617,887.1562993725415,0.48306181895783834,0.4886318121134926,0.4886790053277298,0.1299808486541069,0.0,0.0,nan,0.0,0.0,0.0,5.339395761083665e-07,0,audits/paper_extras/v4_runs/v2/bench2_seed404_det.json,True
404,det,flat_pit0_cit0.20,5,508.3228580798145,503.27826121799353,503.2898203891755,837.6365176767245,967.9326119649667,0.4748365208525355,0.48004824406493996,0.48003630194103686,0.13461277435805433,0.0,0.0,nan,0.0,0.0,0.0,1.3643173901733974e-07,0,audits/paper_extras/v4_runs/v2/bench2_seed404_det.json,True
404,det,flat_pit0_cit0.20,6,459.04928294412144,453.84030776344355,453.7830158304528,773.1890430314785,898.3243169001867,0.4889938140290521,0.49479236036992413,0.4948561368167072,0.1392985489923145,0.0,0.0,nan,0.0,0.0,0.0,6.525908130328162e-06,0,audits/paper_extras/v4_runs/v2/bench2_seed404_det.json,True
404,det,flat_pit0_cit0.20,7,466.20074978945513,460.54547714530884,460.6855751401669,788.3137160897335,923.6643787498465,0.4952704028486575,0.5013930516962838,0.501241375396882,0.14653662712781698,0.0,0.0,nan,0.0,0.0,0.0,7.536784211170655e-06,0,audits/paper_extras/v4_runs/v2/bench2_seed404_det.json,True
404,det,flat_pit0_cit0.20,8,463.7461916050328,458.41723200282945,458.33619064869674,772.983442538277,899.552009279359,0.4844698396299009,0.4903938546365178,0.4904839454298202,0.14070177759091157,0.0,0.0,nan,0.0,0.0,0.0,1.8057535775550804e-06,0,audits/paper_extras/v4_runs/v2/bench2_seed404_det.json,True
404,det,flat_pit0_cit0.20,9,417.97526752534145,412.7820845885119,412.8358397887626,721.399652425732,835.5189487861892,0.4997417256274554,0.5059572434734289,0.5058929059735687,0.13658492907461342,0.0,0.0,nan,0.0,0.0,0.0,2.5533190735060884e-06,0,audits/paper_extras/v4_runs/v2/bench2_seed404_det.json,True
404,det,flat_pit0_cit0.30,0,466.84028590258913,461.24008669591154,461.16146921578735,791.6117368870621,927.5795110112119,0.4967113003674935,0.5027487334287007,0.5028334889447411,0.14658341685008006,0.0,0.0,nan,0.0,0.0,0.0,0.0008888036823300194,0,audits/paper_extras/v4_runs/v2/bench2_seed404_det.json,True
404,det,flat_pit0_cit0.30,1,577.8095033770171,572.8285482052332,572.7511965944326,893.1155523256627,1027.6701158602161,0.43774807259685766,0.4425949150756959,0.4426701839870001,0.13093166908130224,0.0,0.0,nan,0.0,0.0,0.0,5.30079002913908e-08,0,audits/paper_extras/v4_runs/v2/bench2_seed404_det.json,True
404,det,flat_pit0_cit0.30,2,449.89103758074924,444.01351850679885,443.89748194853,839.0470235994047,986.7315244057146,0.5440593246965448,0.5500158781546806,0.5501334750444108,0.1496703988405122,0.0,0.0,nan,0.0,0.0,0.0,6.679235942108619e-07,0,audits/paper_extras/v4_runs/v2/bench2_seed404_det.json,True
404,det,flat_pit0_cit0.30,3,476.7473262171177,471.0838342619626,471.0005338394423,847.6871212104998,984.0374875288511,0.5155191420457548,0.521274504038495,0.5213591557144484,0.13856216663123183,0.0,0.0,nan,0.0,0.0,0.0,0.0,0,audits/paper_extras/v4_runs/v2/bench2_seed404_det.json,True
404,det,flat_pit0_cit0.30,4,466.0852569829882,460.97161308883506,461.1343983924877,789.0612036210819,906.2565418542404,0.4857027392824581,0.4913453400891683,0.4911657162231495,0.12931806041738655,0.0,0.0,nan,0.0,0.0,0.0,6.6098629412092436e-06,0,audits/paper_extras/v4_runs/v2/bench2_seed404_det.json,True
404,det,flat_pit0_cit0.30,5,530.4360379855522,525.4152286769938,525.4118434527722,856.073240415649,986.9863790106863,0.4625700523676538,0.4676570620927433,0.4676604919518515,0.1326392555956639,0.0,0.0,nan,0.0,0.0,0.0,4.152907563836905e-06,0,audits/paper_extras/v4_runs/v2/bench2_seed404_det.json,True
404,det,flat_pit0_cit0.30,6,448.06988574160476,442.54687831818484,442.5285546397589,775.4634430926718,901.723625447195,0.5030962114146761,0.5092211562065805,0.5092414769322539,0.1400209319035049,0.0,0.0,nan,0.0,0.0,0.0,4.732139081409237e-05,0,audits/paper_extras/v4_runs/v2/bench2_seed404_det.json,True
404,det,flat_pit0_cit0.30,7,492.14570535894046,486.51468489596516,486.5046013382787,818.0140228855926,956.853763464467,0.4856625702374463,0.49154750341948983,0.491558041662711,0.14510027120150445,0.0,0.0,nan,0.0,0.0,0.0,4.52804015875774e-05,0,audits/paper_extras/v4_runs/v2/bench2_seed404_det.json,True
404,det,flat_pit0_cit0.30,8,483.9094212444046,478.61720699504946,478.60330960987625,800.5002438530247,923.1985474373013,0.4758338576380081,0.4815663344319174,0.4815813879490745,0.13290565060449208,0.0,0.0,nan,0.0,0.0,0.0,0.0,0,audits/paper_extras/v4_runs/v2/bench2_seed404_det.json,True
404,det,flat_pit0_cit0.30,9,431.70637745176373,426.50257273170223,426.5156484183318,746.8821413672459,858.3818952479936,0.49706956793742696,0.5031319100591211,0.5031166771112898,0.1298952767969721,0.0,0.0,nan,0.0,0.0,0.0,4.599643044489454e-05,0,audits/paper_extras/v4_runs/v2/bench2_seed404_det.json,True
404,det,flat_pit0_cit0.50,0,499.42824335141245,493.7058326874526,493.69105304451716,847.7987690991434,974.0864075298819,0.48728548156433277,0.4931601253533483,0.49317529817869643,0.12964726481604696,0.0,0.0,nan,0.0,0.0,0.0,0.03073791070076415,0,audits/paper_extras/v4_runs/v2/bench2_seed404_det.json,True
404,det,flat_pit0_cit0.50,1,577.725790190433,572.327515709439,572.3076681143436,925.1627315494413,1061.9284260776424,0.4559654153676522,0.4610488789499702,0.4610675690938707,0.12878993646809253,0.0,0.0,nan,0.0,0.0,0.0,5.254702112877929e-05,0,audits/paper_extras/v4_runs/v2/bench2_seed404_det.json,True
404,det,flat_pit0_cit0.50,2,466.8054373312826,460.62587325251906,460.49330577552763,831.5881230828844,968.3115644885316,0.5179181428264237,0.5242999359448686,0.5244368417527233,0.14119777809104805,0.0,0.0,nan,0.0,0.0,0.0,0.0,0,audits/paper_extras/v4_runs/v2/bench2_seed404_det.json,True
404,det,flat_pit0_cit0.50,3,524.5441583905362,518.7943529064568,518.7709153599872,867.1993333513676,1002.4004690481255,0.4767119783087884,0.48244801461525527,0.4824713960353496,0.1348773667525757,0.0,0.0,nan,0.0,0.0,0.0,0.0,0,audits/paper_extras/v4_runs/v2/bench2_seed404_det.json,True
404,det,flat_pit0_cit0.50,4,409.4278768001163,403.2660219770232,403.1653561031398,782.1420229976629,903.262915929297,0.5467234737751989,0.5535452470534185,0.5536566939777946,0.13409262219851262,0.0,0.0,nan,0.0,0.0,0.0,0.0,0,audits/paper_extras/v4_runs/v2/bench2_seed404_det.json,True
404,det,flat_pit0_cit0.50,5,526.5932194725032,521.2036732907599,521.2820360556465,880.2715304266447,1000.5739729442658,0.4737088574041536,0.4790953119067469,0.4790169940941658,0.12023343178078272,0.0,0.0,nan,0.0,0.0,0.0,0.0,0,audits/paper_extras/v4_runs/v2/bench2_seed404_det.json,True
404,det,flat_pit0_cit0.50,6,493.5715735331495,488.0383119109781,488.0052987774871,847.5762972738208,965.149246124855,0.488605958596688,0.49433902179327427,0.4943732270041507,0.12181841235756875,0.0,0.0,nan,0.0,0.0,0.0,0.01349903589894419,1,audits/paper_extras/v4_runs/v2/bench2_seed404_det.json,True
404,det,flat_pit0_cit0.50,7,513.2691607165639,507.634583096078,507.56549026263355,841.5884243101676,967.4369555737223,0.4694546680696333,0.4752789004271251,0.4753503188622453,0.13008447789646652,0.0,0.0,nan,0.0,0.0,0.0,0.0,0,audits/paper_extras/v4_runs/v2/bench2_seed404_det.json,True
404,det,flat_pit0_cit0.50,8,487.2085639924651,481.51937068403424,481.4917805559766,831.5929029617785,946.5885925931159,0.4853006176022152,0.491310824520984,0.49133997142627484,0.1214843391639809,0.0,0.0,nan,0.0,0.0,0.0,0.0,1,audits/paper_extras/v4_runs/v2/bench2_seed404_det.json,True
404,det,flat_pit0_cit0.50,9,448.12640645177567,442.5610288997557,442.50600786908257,791.8699629120434,901.0256977955224,0.5026485842210986,0.5088252976773701,0.5088863625624312,0.12114608401352234,0.0,0.0,nan,0.0,0.0,0.0,0.03239871956714935,0,audits/paper_extras/v4_runs/v2/bench2_seed404_det.json,True
404,exp,rl_learned,0,445.38377641961506,439.08996915611124,438.8583451141276,784.5859771797128,943.4905055905778,0.5279403727111942,0.5346111417610261,0.5348566387115636,0.16842196871011295,0.10416666666666667,0.0021676642152407503,1.0,0.0,6.950227770641664e-20,3.644020195379768e-18,-4.440892098500626e-16,0,audits/paper_extras/v4_runs/v2/bench2_seed404_exp.json,True
404,exp,rl_learned,1,530.468013021313,524.2151618330287,524.1869651422701,866.3920748443078,1041.9085785847876,0.49086894577464607,0.49687028919076165,0.4968973517290095,0.1684567219696779,0.004166666666666667,5.9523809523809524e-05,1.0,0.0,1.9927495296241216e-05,0.0013949524686456426,-0.14832231765994036,0,audits/paper_extras/v4_runs/v2/bench2_seed404_exp.json,True
404,exp,rl_learned,2,461.5437196557876,455.1093049798584,454.76975428910384,839.6166373103409,1019.5563043971251,0.5473092386705377,0.5536202336084131,0.5539532713124518,0.17648820993087236,0.0,0.0,nan,0.0,0.0,0.0,0.0,0,audits/paper_extras/v4_runs/v2/bench2_seed404_exp.json,True
404,exp,rl_learned,3,487.0995473029887,480.48690872619096,480.2175835819068,851.5991963059863,1040.7720793189053,0.531982499355908,0.5383360888768002,0.5385948632517434,0.18176206565487055,0.008333333333333333,9.66183574879227e-05,1.0,0.0,2.424661282930247e-05,0.0016730974191125664,-0.402457309503667,0,audits/paper_extras/v4_runs/v2/bench2_seed404_exp.json,True
404,exp,rl_learned,4,399.51777753802776,393.19836486405427,392.55744374384307,741.0204676282402,899.0502816957538,0.5556224321686738,0.5626514190925799,0.5633643059391334,0.17577416667891352,0.0,0.0,nan,0.0,0.0,0.0,0.0,0,audits/paper_extras/v4_runs/v2/bench2_seed404_exp.json,True
404,exp,rl_learned,5,454.67985157736035,448.12361091006755,447.65992775068287,815.1518776365178,989.8451212640899,0.5406555613501356,0.547279062872192,0.5477475029841082,0.17648543178601378,0.12083333333333333,0.001607371944568396,1.0,0.0,7.067215448845071e-20,5.3700355264584544e-18,-4.440892098500626e-16,0,audits/paper_extras/v4_runs/v2/bench2_seed404_exp.json,True
404,exp,rl_learned,6,422.4919423260661,416.03308886426106,415.8326866837327,761.9399419303576,924.7067600695261,0.5431071118218059,0.5500918703860447,0.5503085900956673,0.17601992887662093,0.075,0.0013840060063645798,1.0,0.0,1.3560299114926288e-05,0.00042392148968354627,-0.3267054595547925,0,audits/paper_extras/v4_runs/v2/bench2_seed404_exp.json,True
404,exp,rl_learned,7,495.89238128942026,489.6529100597059,488.9026129110208,832.5233482035536,1002.9526376439843,0.50556749872625,0.5117886012943347,0.5125366896093,0.16992755494495004,0.016666666666666666,0.00017472543146484097,1.0,0.0,1.1798499869537108e-19,1.31650293458217e-17,-1.1102230246251565e-16,0,audits/paper_extras/v4_runs/v2/bench2_seed404_exp.json,True
404,exp,rl_learned,8,374.5764136075193,367.4577180487348,367.29795524088007,717.5108325446308,891.4841612446893,0.5798283021825804,0.5878135203931265,0.5879927303160843,0.19515021832486307,0.008333333333333333,0.00012782982045277127,1.0,0.0,4.06483098040825e-05,0.0025115517881832065,-0.381480380260407,0,audits/paper_extras/v4_runs/v2/bench2_seed404_exp.json,True
404,exp,rl_learned,9,422.49873428229785,416.4960945941941,416.5048036224585,770.5654225535307,918.9086379379379,0.5402168215216702,0.5467491789729766,0.5467397013950055,0.16143412876963967,0.04583333333333333,0.0009377514278087098,1.0,0.0,4.531014875180381e-06,0.00028999345352697064,-0.2528219979848102,0,audits/paper_extras/v4_runs/v2/bench2_seed404_exp.json,True
404,exp,free_market,0,436.83597964891595,430.91572364501866,431.01619923575066,754.2370264746345,922.667325169768,0.5265509379899852,0.5329673958425574,0.5328584989650035,0.18254715876509747,0.0,0.0,nan,0.0,0.0,0.0,0.00014307900781784788,0,audits/paper_extras/v4_runs/v2/bench2_seed404_exp.json,True
404,exp,free_market,1,513.781394917693,508.10442473854414,508.1376885962727,829.4604548695887,1009.8230511292754,0.49121641227823415,0.4968381597445851,0.49680521946094686,0.17860811956905606,0.0,0.0,nan,0.0,0.0,0.0,2.968301990868838e-07,0,audits/paper_extras/v4_runs/v2/bench2_seed404_exp.json,True
404,exp,free_market,2,452.2658839692318,446.33193533912726,445.09623738633513,789.3362686093812,972.6150997653987,0.5350001412909162,0.5411011658704604,0.5423716560706333,0.18843922040715336,0.0,0.0,nan,0.0,0.0,0.0,5.5409132171391207e-08,0,audits/paper_extras/v4_runs/v2/bench2_seed404_exp.json,True
404,exp,free_market,3,469.8294137253908,463.92507051635323,463.38397196637646,769.426963541125,950.0720047895435,0.5054802042825526,0.5116948313626816,0.5122643656161371,0.19013826356080699,0.0,0.0,nan,0.0,0.0,0.0,9.42819511795534e-07,0,audits/paper_extras/v4_runs/v2/bench2_seed404_exp.json,True
404,exp,free_market,4,367.4129113780696,361.1348373059711,360.5309376241136,676.5288803041991,845.5159001677857,0.5654571235086655,0.5728822636755775,0.5735965017895356,0.19986261622052595,0.0,0.0,nan,0.0,0.0,0.0,0.0,1,audits/paper_extras/v4_runs/v2/bench2_seed404_exp.json,True
404,exp,free_market,5,482.824569977523,477.16283848715256,476.737925872519,785.1911029894194,956.7948041072453,0.4953729180960267,0.5012903117378674,0.5017344117818994,0.17935266828496624,0.0,0.0,nan,0.0,0.0,0.0,0.0,0,audits/paper_extras/v4_runs/v2/bench2_seed404_exp.json,True
404,exp,free_market,6,430.87702167351176,425.03737163257347,425.1687160524219,722.179444111749,889.7587710137003,0.5157372585576038,0.5223004420081981,0.5221528239974211,0.18834242758970335,0.0,0.0,nan,0.0,0.0,0.0,0.0,0,audits/paper_extras/v4_runs/v2/bench2_seed404_exp.json,True
404,exp,free_market,7,438.07382024011156,431.7203629719799,431.2007313963374,758.2359503898217,941.1353857968514,0.5345262468595864,0.5412770898987653,0.5418292225499062,0.19433913352665028,0.0,0.0,nan,0.0,0.0,0.0,4.376250799409398e-05,0,audits/paper_extras/v4_runs/v2/bench2_seed404_exp.json,True
404,exp,free_market,8,396.80776962245204,390.4021799301695,390.4647444084224,686.496629344704,867.6612835472183,0.5426697293669694,0.5500523218759896,0.5499802148459316,0.20879651730208296,0.0,0.0,nan,0.0,0.0,0.0,0.021576474097836362,0,audits/paper_extras/v4_runs/v2/bench2_seed404_exp.json,True
404,exp,free_market,9,356.5814842113589,350.4581617225442,349.81154858769844,664.3189411053739,819.026240099658,0.564627521374687,0.5721038660740577,0.5728933562065925,0.18889174903048228,0.0,0.0,nan,0.0,0.0,0.0,0.0,0,audits/paper_extras/v4_runs/v2/bench2_seed404_exp.json,True
404,exp,us_federal,0,375.57546993915463,355.6359169009876,354.02089180485615,732.4233285076613,903.8806316715235,0.5844855429144306,0.6065454835077956,0.6083322516268832,0.18969020593658534,0.7375,0.07096062724922216,1.0,0.0,0.007186396766768347,0.04880642039239789,-0.5762765233368154,0,audits/paper_extras/v4_runs/v2/bench2_seed404_exp.json,True
404,exp,us_federal,1,403.5885845675976,378.74837615608726,374.84252296337604,795.1343097087855,975.5709588991692,0.5863052493659656,0.6117674755473804,0.6157711342839203,0.18495492054620785,0.775,0.08569143114473365,1.0,0.0,0.012778401620570186,0.06791903057160144,-0.5620755575427444,0,audits/paper_extras/v4_runs/v2/bench2_seed404_exp.json,True
404,exp,us_federal,2,340.08868901616603,325.60103973077116,325.27665084209264,740.5969683824716,973.7978800906147,0.6507604956127859,0.6656379661655527,0.6659710834328119,0.2394756822498352,0.6833333333333333,0.08032953703325343,1.0,0.0,0.003694785663399274,0.01980680750895285,-0.46482921135046457,0,audits/paper_extras/v4_runs/v2/bench2_seed404_exp.json,True
404,exp,us_federal,3,390.5934292697095,368.7106430659144,365.9312308768047,777.8698921328029,969.0293179163103,0.5969230011434568,0.619505172600198,0.6223734162515729,0.19726898066877346,0.7875,0.06410876867948077,1.0,0.0,0.009497508668972334,0.054631595479717604,-0.7844398722258772,0,audits/paper_extras/v4_runs/v2/bench2_seed404_exp.json,True
404,exp,us_federal,4,348.4977065682836,325.2294842557499,322.0677390718158,711.7371801071457,872.842290160746,0.6007323310330175,0.6273903224878639,0.631012678117942,0.18457527994425024,0.75,0.10390201111440044,1.0,0.0,0.021561057099241394,0.09794841594815712,-0.7164022600765775,0,audits/paper_extras/v4_runs/v2/bench2_seed404_exp.json,True
404,exp,us_federal,5,415.146209423781,393.16207694371633,391.3280298103132,773.3137115854008,949.779131967229,0.562902368086452,0.5860489415793124,0.5879799664583328,0.18579627035637677,0.7083333333333334,0.056141357663336236,1.0,0.0,0.006952042759090655,0.06027213687967251,-0.8114453680242453,0,audits/paper_extras/v4_runs/v2/bench2_seed404_exp.json,True
404,exp,us_federal,6,331.6243973040775,315.41803956235475,314.7286345599584,695.748261524361,876.3442030688033,0.6215820266251695,0.6400751685721019,0.6408618514758995,0.20607877693722051,0.7583333333333333,0.04841259009973332,1.0,0.0,0.0014213290531150055,0.023107636443593527,-0.7263811910397524,0,audits/paper_extras/v4_runs/v2/bench2_seed404_exp.json,True
404,exp,us_federal,7,378.79564291222636,359.16954909502044,355.96945410991145,753.2560663659071,932.1287913684264,0.5936230632291387,0.6146781942356528,0.618111298131533,0.19189700678585667,0.5916666666666667,0.04610228006326523,1.0,0.0,0.006907182681043252,0.054671131254447565,-0.5042612038938987,0,audits/paper_extras/v4_runs/v2/bench2_seed404_exp.json,True
404,exp,us_federal,8,394.3703516520865,367.946610323756,364.6895280858065,740.3354950785397,903.5388884484478,0.5635269752148718,0.5927716946908705,0.5963765005045334,0.18062686117490753,0.625,0.050526340634359276,1.0,0.0,0.011449287438881772,0.09531620186409696,-0.5752157095755253,0,audits/paper_extras/v4_runs/v2/bench2_seed404_exp.json,True
404,exp,us_federal,9,341.1583354499957,317.80232909621736,312.00616747268606,709.3015522312234,860.4959212422727,0.6035328849002847,0.6306753800326962,0.6374112186118769,0.1757060844550832,0.8041666666666667,0.10787854232830328,1.0,0.03333333333333333,0.027925665732982826,0.11678589558075718,-0.8723692223253732,0,audits/paper_extras/v4_runs/v2/bench2_seed404_exp.json,True
404,exp,saez,0,152.9787411238941,138.79599036671462,165.13409017194286,492.0979006138958,722.1232017950857,0.788154236363528,0.8077945840520158,0.7713214452029166,0.318540244392346,0.9458333333333333,0.704978776765121,0.8502202643171806,0.9125,0.09904990270685675,0.2906269036165747,-19.18158045504213,39,audits/paper_extras/v4_runs/v2/bench2_seed404_exp.json,True
404,exp,saez,1,243.50713325150716,263.49394479382283,267.22280637215295,616.8354246092721,826.6361134388753,0.7054240320586804,0.6812455438250018,0.6767346574534667,0.25380053619580545,0.9416666666666667,0.7129453688968392,0.7345132743362832,0.9,inf,inf,-18.103875293974603,55,audits/paper_extras/v4_runs/v2/bench2_seed404_exp.json,True
404,exp,saez,2,220.88097552136801,213.73398383772357,224.09831814586838,589.1940722803324,821.6570277688342,0.7311761865882672,0.7398744529477137,0.7272605106848591,0.28291969475359147,0.9416666666666667,0.6717599442335185,0.8362831858407079,0.9083333333333333,7.855367637655204,inf,-22.08993106099772,51,audits/paper_extras/v4_runs/v2/bench2_seed404_exp.json,True
404,exp,saez,3,262.3995115003231,273.3402656857292,274.93349499587595,603.8619804738528,794.890848227017,0.6698923983266404,0.6561285536304671,0.6541242164139796,0.24032087950093917,0.9416666666666667,0.7179679780791545,0.7477876106194691,0.9,11.523578655600453,inf,-28.02286423548674,52,audits/paper_extras/v4_runs/v2/bench2_seed404_exp.json,True
404,exp,saez,4,197.30390809098512,196.3182364026131,213.5710625250945,515.0071409170322,690.1172371308224,0.7141008839146223,0.7155291509326582,0.6905293027993028,0.2537396355173133,0.9458333333333333,0.719489003725134,0.748898678414097,0.9166666666666666,inf,inf,-26.148140913499454,51,audits/paper_extras/v4_runs/v2/bench2_seed404_exp.json,True
404,exp,saez,5,186.43544882103023,175.80349921727375,198.5477186218559,542.6843110654485,752.395792647742,0.7522109365272382,0.7663417300638977,0.7361126676118824,0.2787249525204038,0.9458333333333333,0.6989153954036527,0.8634361233480177,0.9166666666666666,1.0693138155184843,inf,-20.14113963913863,42,audits/paper_extras/v4_runs/v2/bench2_seed404_exp.json,True
404,exp,saez,6,181.02800840410757,166.05476623576803,184.17996855992288,466.8533092586501,674.8347347993873,0.7317446790021516,0.753932692446348,0.7270739648357382,0.3081960883394143,0.9416666666666667,0.7045364011400775,0.8716814159292036,0.9125,0.51692346692059,inf,-22.546999078405047,40,audits/paper_extras/v4_runs/v2/bench2_seed404_exp.json,True
404,exp,saez,7,223.54165384424056,224.9839841319988,239.4117576185835,572.5203052328897,769.6958987306151,0.709571462946722,0.7076975666584127,0.6889527954956989,0.25617337161716486,0.9458333333333333,0.7205961191410177,0.748898678414097,0.9041666666666667,inf,inf,-18.966651414988252,53,audits/paper_extras/v4_runs/v2/bench2_seed404_exp.json,True
404,exp,saez,8,161.01085593158166,141.2693151646638,166.06051906506028,515.7909329650275,748.9003193532102,0.7850036222836183,0.8113643277830734,0.778260851579715,0.31126891037983295,0.9416666666666667,0.6812656503589184,0.9469026548672567,0.9083333333333333,0.08244755107364855,0.21712338009107682,-20.486233580457167,44,audits/paper_extras/v4_runs/v2/bench2_seed404_exp.json,True
404,exp,saez,9,176.6404998077943,167.7264190146967,194.33423449854627,450.0940395228136,620.6491342065877,0.7153939479290433,0.7297564601792103,0.6868855142334563,0.2748011481588623,0.9458333333333333,0.7089525557842445,0.8193832599118943,0.9208333333333333,0.8455200172778513,inf,-16.539168991943953,56,audits/paper_extras/v4_runs/v2/bench2_seed404_exp.json,True
404,exp,free_market+rl_aux,0,418.6993620294517,412.65259830555595,412.5956953791966,737.4836434662441,905.8941237757289,0.5378054112059694,0.5444803233896284,0.5445431374921442,0.18590525745719264,0.0,0.0,nan,0.0,0.0,0.0,0.0006807493327642966,0,audits/paper_extras/v4_runs/v2/bench2_seed404_exp.json,True
404,exp,free_market+rl_aux,1,505.7216961879062,500.1150962804051,500.0968015176046,811.031634805952,984.846730631458,0.48649705537058474,0.49218992080143836,0.49220849705521635,0.17648948858677754,0.0,0.0,nan,0.0,0.0,0.0,3.472544503058117e-07,0,audits/paper_extras/v4_runs/v2/bench2_seed404_exp.json,True
404,exp,free_market+rl_aux,2,430.43837278651955,424.527188245304,424.4446812930113,710.005351486119,878.8326625806403,0.5102157770029135,0.5169419545710728,0.5170358370083168,0.19210404697382297,0.0,0.0,nan,0.0,0.0,0.0,0.01057959253676799,0,audits/paper_extras/v4_runs/v2/bench2_seed404_exp.json,True
404,exp,free_market+rl_aux,3,456.82516067811054,450.777627295786,450.703134527523,757.5351052867501,938.2198992271211,0.5130937202947516,0.5195394729240728,0.5196188709077697,0.19258256416135924,0.0,0.0,nan,0.0,0.0,0.0,5.946110030352614e-06,0,audits/paper_extras/v4_runs/v2/bench2_seed404_exp.json,True
404,exp,free_market+rl_aux,4,368.50426763102945,362.2236732942391,361.7640805437431,677.9997691900925,846.781088167087,0.5648175510996815,0.5722345735445085,0.572777326278265,0.19932107759082418,0.0,0.0,nan,0.0,0.0,0.0,0.0,1,audits/paper_extras/v4_runs/v2/bench2_seed404_exp.json,True
404,exp,free_market+rl_aux,5,466.37066970630497,460.68266218154264,459.8099460950251,765.0074413861803,932.9610811940875,0.5001177657813959,0.5062144911855063,0.5071499172221429,0.18002212867544812,0.0,0.0,nan,0.0,0.0,0.0,0.0,0,audits/paper_extras/v4_runs/v2/bench2_seed404_exp.json,True
404,exp,free_market+rl_aux,6,430.2539863185368,424.3599169646267,424.40006172868044,722.8015110839743,891.2778483592308,0.5172616630037434,0.5238747179167098,0.5238296761105798,0.1890278520726253,0.0,0.0,nan,0.0,0.0,0.0,0.0,0,audits/paper_extras/v4_runs/v2/bench2_seed404_exp.json,True
404,exp,free_market+rl_aux,7,440.1796655830978,433.81947590058894,433.4008148938455,761.0412809608033,944.0939910565281,0.5337544039545298,0.5404912222615621,0.5409346749375769,0.1938924639175724,0.0,0.0,nan,0.0,0.0,0.0,4.4596008014208266e-05,0,audits/paper_extras/v4_runs/v2/bench2_seed404_exp.json,True
404,exp,free_market+rl_aux,8,402.49131134047974,396.15636508271535,396.28553134607375,687.0694027278391,866.9069522496344,0.5357156724882529,0.5430231998316721,0.5428742031452074,0.20744734951670948,0.0,0.0,nan,0.0,0.0,0.0,0.03577636570506448,0,audits/paper_extras/v4_runs/v2/bench2_seed404_exp.json,True
404,exp,free_market+rl_aux,9,368.7050345330628,362.6082696148397,362.35290270206565,692.2072179461326,848.7585643366598,0.5655949170642877,0.5727780727629733,0.5730789438510591,0.18444744238060035,0.0,0.0,nan,0.0,0.0,0.0,0.0,0,audits/paper_extras/v4_runs/v2/bench2_seed404_exp.json,True
404,exp,us_federal+rl_aux,0,375.5429101566255,355.5785950031396,353.95560681303965,732.3625666688129,904.0553184959522,0.5846018462881185,0.6066849143759209,0.608480145438551,0.18991398901648965,0.7375,0.07122274333739918,1.0,0.0,0.0072061970416189185,0.04891913785002438,-0.5732857080332227,0,audits/paper_extras/v4_runs/v2/bench2_seed404_exp.json,True
404,exp,us_federal+rl_aux,1,421.8155311737431,394.4946073100344,388.70286599655924,823.7138037891657,1008.1794741477316,0.581606705958454,0.6087059720755356,0.6144507243364078,0.1829690795029374,0.7125,0.07153383042085353,1.0,0.0,0.014002829765877222,0.08237325923945471,-0.5365503655469562,0,audits/paper_extras/v4_runs/v2/bench2_seed404_exp.json,True
404,exp,us_federal+rl_aux,2,341.8685820357806,327.1514474414662,326.8505409326298,733.2621098015499,964.9856040407897,0.6457267542601289,0.660977898456154,0.661289723324397,0.24013155560965752,0.6833333333333333,0.07252276503189838,1.0,0.0,0.0034505320012634642,0.01992089340529153,-0.4605023722133832,0,audits/paper_extras/v4_runs/v2/bench2_seed404_exp.json,True
404,exp,us_federal+rl_aux,3,408.5319830366475,387.41327267620113,383.5074141982789,768.2587727346562,955.9644402925879,0.572649393829325,0.5947409167671266,0.5988266947660726,0.19635214412419089,0.7791666666666667,0.05555702516354568,1.0,0.0,0.006036023781482597,0.04868845138984676,-0.7807871395581227,0,audits/paper_extras/v4_runs/v2/bench2_seed404_exp.json,True
404,exp,us_federal+rl_aux,4,337.1522254968778,313.91041356194717,310.6129491119612,703.6853490174807,866.101230533887,0.6107242275951409,0.6375592107536382,0.6413664613771632,0.18752528664148074,0.75,0.10450184893989142,1.0,0.0,0.01518930701209972,0.07730932907067212,-0.7133746276636046,0,audits/paper_extras/v4_runs/v2/bench2_seed404_exp.json,True
404,exp,us_federal+rl_aux,5,413.26380846300236,391.8936422197698,390.5876491671861,775.2883415790413,954.5538723419556,0.5670607804993992,0.5894483762783591,0.5908165474108898,0.18780032846453634,0.7083333333333334,0.05535178500039259,1.0,0.0,0.005485053124061821,0.051368941420527454,-0.8123590922480359,0,audits/paper_extras/v4_runs/v2/bench2_seed404_exp.json,True
404,exp,us_federal+rl_aux,6,301.41829601669036,287.8467317186718,287.13579007915087,678.8384344295113,867.1863779604739,0.6524180917998358,0.6680682042127376,0.6688880298668178,0.2171943059967525,0.7583333333333333,0.06279924642813538,1.0,0.0,0.00084747780278681,0.013035049893875616,-0.7183836660649212,0,audits/paper_extras/v4_runs/v2/bench2_seed404_exp.json,True
404,exp,us_federal+rl_aux,7,378.64277470611023,359.00158595289,355.8131569077436,753.3332581684635,932.5801228892244,0.5939836530795468,0.6150447804520345,0.6184637135462424,0.19220532404812213,0.5916666666666667,0.04619965325167103,1.0,0.0,0.006899443103641476,0.05455710481550742,-0.5018494709222739,0,audits/paper_extras/v4_runs/v2/bench2_seed404_exp.json,True
404,exp,us_federal+rl_aux,8,390.2652535372672,366.05165294335006,363.10837680650184,740.9593308999721,904.8517358680689,0.5686970162433667,0.5954567600047994,0.5987095317243835,0.1811262535854747,0.6166666666666667,0.04809765263572041,1.0,0.0,0.011038034474818832,0.08547866985747307,-0.5796827588068894,0,audits/paper_extras/v4_runs/v2/bench2_seed404_exp.json,True
404,exp,us_federal+rl_aux,9,319.93123736475866,298.1005955822699,294.7882773828194,697.8804268788817,854.9408702468534,0.6257855385105375,0.6513202187933803,0.655194543106001,0.18370912987540577,0.8,0.11335199492081245,1.0,0.0,0.018231236503925195,0.08009948326108154,-0.7197800077502,0,audits/paper_extras/v4_runs/v2/bench2_seed404_exp.json,True
404,exp,saez+rl_aux,0,166.91606562108126,147.98237670877143,177.7593200235216,514.3553240477335,724.8463150418164,0.7697221298401001,0.7958430999263143,0.7547627457921661,0.29039395886552827,0.9458333333333333,0.7004419468636217,0.9295154185022027,0.9083333333333333,0.11257765228191649,0.34725733655447866,-16.497113275196497,45,audits/paper_extras/v4_runs/v2/bench2_seed404_exp.json,True
404,exp,saez+rl_aux,1,251.1868822289226,258.80020160947254,261.2469579756139,584.2751087660414,790.8728761954767,0.6823928474608126,0.672766370678382,0.6696726290167491,0.26122752928799564,0.9416666666666667,0.7055627751353105,0.7787610619469026,0.8958333333333334,inf,inf,-22.67362720927732,62,audits/paper_extras/v4_runs/v2/bench2_seed404_exp.json,True
404,exp,saez+rl_aux,2,230.27256991614297,234.10537240916673,234.32482347954718,579.3503860085189,790.8324731282434,0.7088225664213444,0.7039760248044296,0.7036985310521657,0.2674170501410734,0.9416666666666667,0.6546693578629248,0.8451327433628318,0.9083333333333333,4.87912649411372,inf,-17.817341328145815,53,audits/paper_extras/v4_runs/v2/bench2_seed404_exp.json,True
404,exp,saez+rl_aux,3,184.8096828771637,174.5608226394421,205.68001011623295,548.4019078530722,762.8292011951113,0.7577312423441243,0.7711665699661724,0.7303721333766489,0.2810947627674708,0.9416666666666667,0.6931640192006108,0.8362831858407079,0.9,0.2329734720096697,inf,-18.728576122999,55,audits/paper_extras/v4_runs/v2/bench2_seed404_exp.json,True
404,exp,saez+rl_aux,4,152.62807120251256,136.75630930509635,158.99460213659756,467.9880337003662,681.8538256304327,0.7761571975321914,0.7994345647637111,0.7668201069494721,0.3136534311182152,0.9416666666666667,0.6893518088943805,0.9247787610619469,0.9208333333333333,0.09274953062775057,0.26960011363503633,-19.36710683232034,45,audits/paper_extras/v4_runs/v2/bench2_seed404_exp.json,True
404,exp,saez+rl_aux,5,183.47187643232797,168.011151146041,192.9603490181756,560.2188915392178,803.1199983070499,0.7715511046679443,0.7908019330857121,0.7597365905158263,0.30244684141829303,0.9416666666666667,0.6866151658431539,0.8938053097345132,0.9125,0.17686085164202736,inf,-20.304458993854816,37,audits/paper_extras/v4_runs/v2/bench2_seed404_exp.json,True
404,exp,saez+rl_aux,6,202.63689722329596,194.03146658672244,212.52804027296935,537.6008998061437,748.977378242754,0.7294485746702772,0.7409381481694977,0.7162423773444249,0.28222011048256274,0.9375,0.6938589209602112,0.8311111111111111,0.9083333333333333,1.2519083765241905,inf,-27.25282006217966,43,audits/paper_extras/v4_runs/v2/bench2_seed404_exp.json,True
404,exp,saez+rl_aux,7,218.6601686094889,210.34615695357033,230.17373098007084,580.8439205491259,800.1100151051029,0.7267123714471121,0.7371034570465423,0.7123223973770219,0.2740449318424968,0.9416666666666667,0.7011425975719884,0.8407079646017699,0.9,inf,inf,-21.5787889629914,47,audits/paper_extras/v4_runs/v2/bench2_seed404_exp.json,True
404,exp,saez+rl_aux,8,186.01245312704592,167.60732182224154,192.48889854067977,538.806926544174,759.9735867474193,0.7552382656834783,0.7794563853994223,0.7467163308076201,0.2910188775767955,0.9416666666666667,0.6755301978239632,0.8716814159292036,0.9041666666666667,0.13712772206173926,inf,-17.450888547646514,46,audits/paper_extras/v4_runs/v2/bench2_seed404_exp.json,True
404,exp,saez+rl_aux,9,170.3501515937614,162.40375953677386,184.51217310482792,455.74997860240836,638.4347889828003,0.733175330459082,0.7456220081685601,0.710992921612549,0.2861448240805586,0.9458333333333333,0.7129409439771697,0.8061674008810573,0.9166666666666666,inf,inf,-23.31048943334065,53,audits/paper_extras/v4_runs/v2/bench2_seed404_exp.json,True
404,exp,rl_mean_fixed,0,460.59858077945313,454.3135634991718,453.7685905168363,796.2454695163655,956.2120175916498,0.5183091486974475,0.5248819768617609,0.5254519058861922,0.16729192389589684,0.0875,0.0010859880283124984,1.0,0.0,2.7510841217576543e-05,0.002561896680752292,-0.033958246981009535,0,audits/paper_extras/v4_runs/v2/bench2_seed404_exp.json,True
404,exp,rl_mean_fixed,1,506.8704883481588,500.2674680848811,500.3696017149394,875.0171116455001,1059.0201532238355,0.5213778634852606,0.5276128914431111,0.5275164498128481,0.17374838525801337,0.0375,0.0003903084727860081,1.0,0.0,1.6270126228617882e-05,0.0017242114078898736,-0.03894157681244149,0,audits/paper_extras/v4_runs/v2/bench2_seed404_exp.json,True
404,exp,rl_mean_fixed,2,460.14832652456937,453.3423299038191,453.23311739623966,821.9503863579462,1020.3726332469648,0.5490389378042072,0.5557090467418535,0.5558160787260727,0.19446057295520758,0.12083333333333333,0.0018092439808031606,1.0,0.0,2.3035294493743616e-05,0.0014368948641604944,-0.050438477932548846,0,audits/paper_extras/v4_runs/v2/bench2_seed404_exp.json,True
404,exp,rl_mean_fixed,3,521.3505921925267,515.3699530506368,515.1947958464071,842.9166414450724,1020.7205120596067,0.48923276643030605,0.4950919992675322,0.4952636008001361,0.17419447195761964,0.04583333333333333,0.0006471306471306471,1.0,0.0,1.818946267449757e-05,0.0013376440761648743,-0.05899838460310722,0,audits/paper_extras/v4_runs/v2/bench2_seed404_exp.json,True
404,exp,rl_mean_fixed,4,390.067181821503,383.5050942620033,383.5612105856967,735.0352103444856,888.9359090564127,0.5611976320817647,0.5685795900976864,0.5685164625728315,0.1731291279202452,0.225,0.003397084638331175,1.0,0.0,1.3275396443892977e-05,0.0010761860082332856,-0.06246823534715674,0,audits/paper_extras/v4_runs/v2/bench2_seed404_exp.json,True
404,exp,rl_mean_fixed,5,530.8140789225799,525.1149626694631,525.0706015026868,851.9068284544664,1015.5798923211,0.4773290777652082,0.48294076454259355,0.48298444516989997,0.16116217454104972,0.08333333333333333,0.0019515646052022221,1.0,0.0,3.205141543657259e-05,0.001211555948138826,-0.05120896181813453,0,audits/paper_extras/v4_runs/v2/bench2_seed404_exp.json,True
404,exp,rl_mean_fixed,6,392.5811236814979,385.84740882010095,385.73061403839154,722.8310485994897,880.9500156481348,0.554366176618242,0.5620098734702623,0.5621424516865456,0.17948687693967902,0.21666666666666667,0.003294911966408272,1.0,0.0,9.961786081961193e-06,0.0006828553627938247,-0.08454036256550834,0,audits/paper_extras/v4_runs/v2/bench2_seed404_exp.json,True
404,exp,rl_mean_fixed,7,443.9150514912003,437.19526076833324,436.9619595973434,783.1858107584163,954.1268173480995,0.5347420872992356,0.5417849568640425,0.5420294748534208,0.17915962897342796,0.0125,0.00015403091060985796,1.0,0.0,5.139883693813307e-06,0.00042889044592109255,-0.031121786971466614,0,audits/paper_extras/v4_runs/v2/bench2_seed404_exp.json,True
404,exp,rl_mean_fixed,8,522.7976437091489,517.0007374184902,516.3567382459087,859.2704267846851,1024.669869565973,0.48978919041447544,0.4954465308543912,0.49607502515456436,0.1614172990675985,0.04583333333333333,0.0003732399258295127,1.0,0.0,4.195127557218121e-05,0.00522808188094108,-0.013851424599201002,1,audits/paper_extras/v4_runs/v2/bench2_seed404_exp.json,True
404,exp,rl_mean_fixed,9,446.55482610784577,440.9785805521761,440.782294256316,781.3068794121947,919.811595786919,0.5145148983191408,0.5205772762900328,0.5207906746606983,0.15057944149554944,0.016666666666666666,0.0002076381571244585,1.0,0.0,2.345897144145553e-05,0.0025208427044706282,-0.07472520845530171,0,audits/paper_extras/v4_runs/v2/bench2_seed404_exp.json,True
404,exp,flat_pit0.10_cit0,0,377.76684350930356,356.24409731836204,352.9905800351993,720.1191030554738,891.037789459398,0.5760372366041864,0.6001919317759811,0.6038433114611644,0.19181979532834675,0.7375,0.08568003983233342,1.0,0.0,0.011677780914170592,0.06951117246642602,-0.5382462666520802,0,audits/paper_extras/v4_runs/v2/bench2_seed404_exp.json,True
404,exp,flat_pit0.10_cit0,1,420.69510709491306,392.73886334587905,386.0097962716134,799.1742152556619,981.5802114998836,0.571410362427663,0.5998912175034963,0.6067465585091828,0.18582892575381071,0.775,0.08554422200166525,1.0,0.0,0.013931913584701397,0.08221621004603251,-0.5406193732485419,0,audits/paper_extras/v4_runs/v2/bench2_seed404_exp.json,True
404,exp,flat_pit0.10_cit0,2,361.4236470139497,339.76019678639904,337.3711498967106,767.1460189117704,971.1134650620704,0.6278255219220458,0.6501333685403253,0.6525934795115348,0.2100346184956493,0.6708333333333333,0.11092159203416424,1.0,0.0,0.015499660414206837,0.06524492620427721,-0.537184809606396,0,audits/paper_extras/v4_runs/v2/bench2_seed404_exp.json,True
404,exp,flat_pit0.10_cit0,3,392.9390160424512,370.32091460633234,366.9802969685523,769.4287662371465,960.7009767369055,0.5909871796143076,0.6145305109773536,0.6180077819687152,0.1990965088319466,0.8083333333333333,0.07541100756756221,1.0,0.0,0.009072995420991945,0.05433211284412453,-0.651929577292563,0,audits/paper_extras/v4_runs/v2/bench2_seed404_exp.json,True
404,exp,flat_pit0.10_cit0,4,316.94018907131033,296.9013352173362,293.99493290104044,693.7555435441852,868.4140284074888,0.6350356181457361,0.6581108486215975,0.6614576419957506,0.2011235184484468,0.7458333333333333,0.10542888281205336,1.0,0.0,0.015316042585931989,0.06767361646073244,-0.6243401073072286,1,audits/paper_extras/v4_runs/v2/bench2_seed404_exp.json,True
404,exp,flat_pit0.10_cit0,5,415.9453653678013,389.7734695257224,384.42092372286135,776.4655023393714,953.0067863738963,0.5635441727016075,0.5910066170580224,0.596623099416167,0.1852466179241475,0.7458333333333333,0.061512966145237526,1.0,0.0,0.008050284910798875,0.07120279170166921,-0.8435545296052783,0,audits/paper_extras/v4_runs/v2/bench2_seed404_exp.json,True
404,exp,flat_pit0.10_cit0,6,345.654405508023,325.5344685589205,324.0841346114797,729.7008705948418,913.4051326173901,0.6215760201417526,0.6436034165627124,0.6451912486162555,0.20112024277347576,0.8,0.07553624965111469,1.0,0.0,0.0053983613721757225,0.03784214527187902,-0.6020044379246325,0,audits/paper_extras/v4_runs/v2/bench2_seed404_exp.json,True
404,exp,flat_pit0.10_cit0,7,442.2179796723272,416.716722891634,411.70073387488947,787.3070922695186,954.4575985992772,0.5366813776522832,0.5633994391126538,0.5686547684474569,0.1751261727865771,0.7166666666666667,0.06604076647148142,1.0,0.0,0.017252464905435777,0.09880566518802662,-0.5943191016053393,0,audits/paper_extras/v4_runs/v2/bench2_seed404_exp.json,True
404,exp,flat_pit0.10_cit0,8,327.7589303567985,313.5565790755645,312.8936112368857,667.2425907067233,867.0299190639817,0.6219750632012367,0.6383555259384008,0.6391201683389706,0.230427259733946,0.6208333333333333,0.03891893541776406,1.0,0.0,0.0019910083157039923,0.021439326934542213,-0.4526985460119875,0,audits/paper_extras/v4_runs/v2/bench2_seed404_exp.json,True
404,exp,flat_pit0.10_cit0,9,303.1788051246228,284.4687779978611,282.86711972478946,667.6001853132622,839.3014030467455,0.638772431424451,0.6610648129918384,0.6629731361130169,0.20457635017669604,0.7666666666666667,0.10098576326801292,1.0,0.0,0.010528651167869657,0.05283753178954998,-0.630371349627693,0,audits/paper_extras/v4_runs/v2/bench2_seed404_exp.json,True
404,exp,flat_pit0.20_cit0,0,286.40411639285037,277.43330168119707,264.9745093642816,707.7795948144527,887.7452966463165,0.6773803055056279,0.6874854727709943,0.7015196697011067,0.20272222507033272,0.85,0.3082401604259936,0.8774509803921569,0.175,0.32290144026946765,inf,-1.8107108042073872,0,audits/paper_extras/v4_runs/v2/bench2_seed404_exp.json,True
404,exp,flat_pit0.20_cit0,1,319.1662519332171,287.9079570966,281.6828143227505,752.4528898061432,950.0352770092957,0.6640479994196108,0.6969502458867294,0.7035027844339781,0.20797373738072183,0.8375,0.25280937915476487,1.0,0.2125,0.11968348403650748,0.7228420687405115,-1.4645243847233642,3,audits/paper_extras/v4_runs/v2/bench2_seed404_exp.json,True
404,exp,flat_pit0.20_cit0,2,285.58142416864337,272.7269645533959,271.81133415687316,692.6274672831562,908.7441998651225,0.6857405811106911,0.6998858814241956,0.7008934591305057,0.23781910532583614,0.8291666666666667,0.2979632168019657,0.8693467336683417,0.225,0.0838928521248524,0.27544961502587206,-1.6869937514385058,1,audits/paper_extras/v4_runs/v2/bench2_seed404_exp.json,True
404,exp,flat_pit0.20_cit0,3,371.11421380639956,346.6273395164616,329.49412230309844,768.276460301741,946.8130080047791,0.6080385348861553,0.6339009534238339,0.6519966249751448,0.18856579513970603,0.8541666666666666,0.27435030347885164,0.8585365853658536,0.2375,0.3016368140075625,inf,-1.6301639427502663,0,audits/paper_extras/v4_runs/v2/bench2_seed404_exp.json,True
404,exp,flat_pit0.20_cit0,4,235.62081602429575,220.39715597525023,221.25378243588582,624.8246331767355,826.2190853504576,0.7148204148245348,0.7332461088310925,0.7322093057895939,0.24375429682587943,0.8625,0.3266511522462515,0.9710144927536232,0.175,0.04279928268083698,0.35124431446777626,-1.737709256796263,5,audits/paper_extras/v4_runs/v2/bench2_seed404_exp.json,True
404,exp,flat_pit0.20_cit0,5,310.264059102856,283.83443369432723,277.49598178476305,724.7274309040293,922.5363878996278,0.6636836625932496,0.6923325329849119,0.6992032125512705,0.21441859593848356,0.85,0.2676506990780575,0.9852941176470589,0.12916666666666668,0.1316008284327316,inf,-1.4518595610692815,2,audits/paper_extras/v4_runs/v2/bench2_seed404_exp.json,True
404,exp,flat_pit0.20_cit0,6,288.17231974455206,266.2864179757659,259.4975377626841,682.941841477076,879.3072418376887,0.6722734602500342,0.6971633971542797,0.7048841117009875,0.22331830220142762,0.8666666666666667,0.3009683842536888,0.9807692307692307,0.09583333333333334,0.11411396723763804,inf,-1.4711645248060676,2,audits/paper_extras/v4_runs/v2/bench2_seed404_exp.json,True
404,exp,flat_pit0.20_cit0,7,372.30528162473615,333.94915572430875,311.21208018660616,768.9161656340849,946.6707942324749,0.6067214876671174,0.6472383454112344,0.6712562782303586,0.18776815518271775,0.775,0.26390751874832774,1.0,0.21666666666666667,0.4943430119678354,inf,-1.546908412487932,3,audits/paper_extras/v4_runs/v2/bench2_seed404_exp.json,True
404,exp,flat_pit0.20_cit0,8,308.90139384750415,283.35792418787037,278.8355674324713,696.2219407449558,879.1693057746265,0.6486440190546297,0.6776981153383116,0.6828420127943476,0.20809116495312346,0.8125,0.274835546232303,1.0,0.19166666666666668,0.1608851233540759,inf,-1.73443011779095,1,audits/paper_extras/v4_runs/v2/bench2_seed404_exp.json,True
404,exp,flat_pit0.20_cit0,9,294.22438179490683,295.48137538445854,272.9159758051473,684.6557876422319,842.4599947902711,0.6507556636346234,0.6492636122644398,0.6760487411950176,0.1873135912967884,0.8583333333333333,0.40076245936934285,0.8009708737864077,0.24166666666666667,0.9205540090978321,inf,-2.128852238968305,4,audits/paper_extras/v4_runs/v2/bench2_seed404_exp.json,True
404,exp,flat_pit0.30_cit0,0,274.725910501345,295.03217763178253,273.6997297394267,674.5723271218848,864.6647851288642,0.6822746627059623,0.6587901083680506,0.6834614587679361,0.21984526405646226,0.8791666666666667,0.5362044512571748,0.7630331753554502,0.6,2.905864277609239,inf,-3.6377656149588056,11,audits/paper_extras/v4_runs/v2/bench2_seed404_exp.json,True
404,exp,flat_pit0.30_cit0,1,320.40240130360604,342.31658732816,306.1761634736254,730.4257341589674,945.1921666626918,0.6610187720504594,0.6378338718815032,0.6760699313085932,0.2272198607633694,0.8666666666666667,0.5016123101561499,0.7355769230769231,0.6333333333333333,2.9128278616077665,inf,-2.889710180439712,17,audits/paper_extras/v4_runs/v2/bench2_seed404_exp.json,True
404,exp,flat_pit0.30_cit0,2,261.0849841071895,257.3691526383186,275.9534437077569,679.3863811143955,922.1775522143466,0.716882086882002,0.720911496901741,0.7007588798435471,0.26328028752918275,0.8583333333333333,0.49591528883334846,0.7621359223300971,0.6458333333333334,0.17106195963005613,inf,-3.400246796895397,11,audits/paper_extras/v4_runs/v2/bench2_seed404_exp.json,True
404,exp,flat_pit0.30_cit0,3,308.2779878255589,313.009615596727,304.78815994727296,709.3696038025773,930.5979738601148,0.6687312926904153,0.66364679014036,0.6724813845413681,0.23772711339557684,0.8875,0.46449950601781786,0.784037558685446,0.6291666666666667,0.7550965970469997,inf,-2.8075117266333818,8,audits/paper_extras/v4_runs/v2/bench2_seed404_exp.json,True
404,exp,flat_pit0.30_cit0,4,202.6320532371053,199.67879522044024,199.6758669160793,564.0687143009918,766.0681495704715,0.7354908263047882,0.7393459115453389,0.7393497340569034,0.26368337514454704,0.8875,0.5087998378577279,0.8544600938967136,0.6375,0.447211780993386,inf,-2.90253871945188,30,audits/paper_extras/v4_runs/v2/bench2_seed404_exp.json,True
404,exp,flat_pit0.30_cit0,5,301.48247032231245,335.5601751457515,305.1630168439694,702.9058137561044,894.0862114228119,0.6628038029548116,0.6246892404125606,0.658687257509155,0.2138276994144343,0.8791666666666667,0.5268307166209655,0.7156398104265402,0.6166666666666667,5.386920837382138,inf,-3.5503413258250403,9,audits/paper_extras/v4_runs/v2/bench2_seed404_exp.json,True
404,exp,flat_pit0.30_cit0,6,297.9544019177436,324.6214888913532,291.39172906277673,665.1493594766313,845.4369483119386,0.647573479592226,0.6160311072995849,0.6553359423850699,0.2132478231466967,0.8625,0.5539489391315089,0.7101449275362319,0.6708333333333333,5.182097169867713,inf,-3.6645400482863346,18,audits/paper_extras/v4_runs/v2/bench2_seed404_exp.json,True
404,exp,flat_pit0.30_cit0,7,299.2069747108616,313.287758775331,291.220772240469,690.5324725226835,902.5904557935216,0.6685019514771949,0.65290153827308,0.6773500424570308,0.23494374653497221,0.8333333333333334,0.4881557816827003,0.775,0.5875,inf,inf,-2.860076598474113,10,audits/paper_extras/v4_runs/v2/bench2_seed404_exp.json,True
404,exp,flat_pit0.30_cit0,8,249.45223180733706,239.40818198421354,243.3504375243389,628.9146626441419,860.7928631434023,0.7102064358475286,0.7218748060829011,0.7172950102819354,0.2693774663192474,0.8708333333333333,0.4686377575991916,0.9043062200956937,0.6458333333333334,0.18385665630818046,inf,-2.5839701320084316,9,audits/paper_extras/v4_runs/v2/bench2_seed404_exp.json,True
404,exp,flat_pit0.30_cit0,9,289.16068825431296,322.9538023441037,287.000323934323,625.8605683421081,787.2056599011718,0.6326745309597811,0.5897465950833632,0.6354188764720595,0.20495926258878702,0.8916666666666667,0.5924617380535301,0.705607476635514,0.7333333333333333,inf,inf,-3.6917118528107893,24,audits/paper_extras/v4_runs/v2/bench2_seed404_exp.json,True
404,exp,flat_pit0.50_cit0,0,278.13731286235384,298.8818831898393,289.3575619592538,510.29604036600426,685.7810217130221,0.5944225575569433,0.5641730031501047,0.5780612866240254,0.25589069366292966,0.9125,0.7038431195671582,0.6621004566210046,0.8541666666666666,inf,inf,-9.044270630522835,78,audits/paper_extras/v4_runs/v2/bench2_seed404_exp.json,True
404,exp,flat_pit0.50_cit0,1,286.8020462754636,307.18237409911137,309.04987241269436,565.7469665640461,772.7775884333367,0.6288685767183005,0.6024957520806644,0.6000791469131038,0.2679045367878833,0.9125,0.7051452351674058,0.6529680365296804,0.8375,inf,inf,-8.089007197149128,76,audits/paper_extras/v4_runs/v2/bench2_seed404_exp.json,True
404,exp,flat_pit0.50_cit0,2,274.8230517474186,220.0493194845858,226.91958539067653,543.9587222367277,803.7735312652259,0.6580839738342495,0.7262297016198026,0.7176821871286546,0.3232437980627724,0.9,0.5496492850865591,1.0,0.8458333333333333,0.46915797146047955,inf,-7.151653314295322,68,audits/paper_extras/v4_runs/v2/bench2_seed404_exp.json,True
404,exp,flat_pit0.50_cit0,3,240.5500222182867,255.07041776037622,246.74422718133286,512.9027536239024,733.1224969677965,0.671882907408783,0.652076673659108,0.663433835134142,0.3003860122349616,0.9208333333333333,0.6652292198612959,0.7375565610859729,0.8375,inf,inf,-8.921700250680093,63,audits/paper_extras/v4_runs/v2/bench2_seed404_exp.json,True
404,exp,flat_pit0.50_cit0,4,193.14226223238967,192.77484104685223,201.38186551159566,457.02389315000227,680.1589015900958,0.7160336183488065,0.7165738173885875,0.7039193855424091,0.3280630569098513,0.9208333333333333,0.6351740714585711,0.8371040723981901,0.8458333333333333,2.1326706650019593,inf,-7.505441686626078,54,audits/paper_extras/v4_runs/v2/bench2_seed404_exp.json,True
404,exp,flat_pit0.50_cit0,5,238.0677247576246,266.737802887225,265.2231174634661,510.91780177464136,716.3909680013292,0.6676846367538474,0.6276644809866865,0.6297788089045617,0.2868170809019838,0.9166666666666666,0.6771255254518119,0.6772727272727272,0.8541666666666666,11.546650190565007,inf,-6.828670657690903,55,audits/paper_extras/v4_runs/v2/bench2_seed404_exp.json,True
404,exp,flat_pit0.50_cit0,6,237.99798923255864,254.8471703707931,258.0174546373356,506.66698168496254,707.5648299736656,0.6636379040470164,0.6398249890680998,0.6353444324713842,0.28392853881132013,0.9041666666666667,0.6773788939412397,0.7004608294930875,0.85,inf,inf,-9.151051366050805,64,audits/paper_extras/v4_runs/v2/bench2_seed404_exp.json,True
404,exp,flat_pit0.50_cit0,7,246.96871545458268,258.62898340432,270.8986817904298,528.6590433664019,750.3048145053768,0.6708421555079694,0.6553014476192374,0.638948495926933,0.29540763547557725,0.9125,0.6701395671518838,0.730593607305936,0.8333333333333334,inf,inf,-9.423699931185066,61,audits/paper_extras/v4_runs/v2/bench2_seed404_exp.json,True
404,exp,flat_pit0.50_cit0,8,223.56277123056566,241.16618616660767,234.14685085093828,476.48417763622774,671.104126825127,0.6668731985180885,0.6406426714919463,0.6511020548202483,0.28999963107008625,0.9125,0.6618608725950222,0.7168949771689498,0.8375,inf,inf,-6.86756238444385,60,audits/paper_extras/v4_runs/v2/bench2_seed404_exp.json,True
404,exp,flat_pit0.50_cit0,9,217.93605227987743,233.54014930454696,238.3242594000463,438.8684154516256,589.4128396849613,0.6302488890531069,0.6037749204286538,0.5956581815770596,0.25541422598428826,0.925,0.7006381579205601,0.6351351351351351,0.8708333333333333,inf,inf,-10.03366958263091,77,audits/paper_extras/v4_runs/v2/bench2_seed404_exp.json,True
404,exp,flat_pit0_cit0.10,0,435.523365809786,429.43331372220155,429.4890665522311,759.3643601722938,929.4979327126545,0.5314423513145952,0.5379943315538747,0.5379343498927355,0.18303813978783304,0.0,0.0,nan,0.0,0.0,0.0,0.002805902620151901,0,audits/paper_extras/v4_runs/v2/bench2_seed404_exp.json,True
404,exp,flat_pit0_cit0.10,1,500.1436102798833,494.35693774144454,494.1387211259782,813.6587051268464,990.0209618715679,0.49481513064693555,0.5006601306633992,0.5008805468200974,0.17813992181672653,0.0,0.0,nan,0.0,0.0,0.0,1.4831708297080581e-06,0,audits/paper_extras/v4_runs/v2/bench2_seed404_exp.json,True
404,exp,flat_pit0_cit0.10,2,475.81168291535016,470.0765128614979,469.6731533609581,797.4846859425957,970.8973554379288,0.5099258636864527,0.5158329454410068,0.5162483956410517,0.17861071360845807,0.0,0.0,nan,0.0,0.0,0.0,1.8380334032563894e-07,0,audits/paper_extras/v4_runs/v2/bench2_seed404_exp.json,True
404,exp,flat_pit0_cit0.10,3,472.6457297300498,466.5210765856948,466.1447906303156,794.1157322639001,979.9911753955427,0.5177040961218031,0.5239537984641564,0.5243377671822699,0.18967052744798416,0.0,0.0,nan,0.0,0.0,0.0,4.154934503119989e-06,0,audits/paper_extras/v4_runs/v2/bench2_seed404_exp.json,True
404,exp,flat_pit0_cit0.10,4,374.9252096193595,368.4867138942198,368.55873317863325,696.6090440688873,867.7859613153765,0.5679519762556959,0.5753714276090923,0.5752884356184126,0.19725707130249245,0.0,0.0,nan,0.0,0.0,0.0,0.0,0,audits/paper_extras/v4_runs/v2/bench2_seed404_exp.json,True
404,exp,flat_pit0_cit0.10,5,493.5816315255457,487.90090406461724,487.9664650371542,801.9622607788757,972.3065636178961,0.49236007449239344,0.4982026016062605,0.4981351733125617,0.17519608445836177,0.0,0.0,nan,0.0,0.0,0.0,0.0,0,audits/paper_extras/v4_runs/v2/bench2_seed404_exp.json,True
404,exp,flat_pit0_cit0.10,6,413.1416588751,406.856248747065,406.8268208933751,729.3968610730357,903.4165922501796,0.5426897597197436,0.5496471370603343,0.5496797110178444,0.19262401495605186,0.0,0.0,nan,0.0,0.0,0.0,0.0,1,audits/paper_extras/v4_runs/v2/bench2_seed404_exp.json,True
404,exp,flat_pit0_cit0.10,7,444.56699705985415,438.13916526124393,438.17280613267906,772.6988751618778,954.8057550182901,0.5343901157661769,0.5411221989829219,0.541086965773174,0.19072662570296703,0.0,0.0,nan,0.0,0.0,0.0,0.0018913622354974624,1,audits/paper_extras/v4_runs/v2/bench2_seed404_exp.json,True
404,exp,flat_pit0_cit0.10,8,381.74510773990187,374.82446927491793,374.7386357613176,710.7473930885558,898.10963481432,0.5749459832720468,0.5826517668386765,0.582747338147872,0.2086184519827588,0.0,0.0,nan,0.0,0.0,0.0,0.06685224661583034,0,audits/paper_extras/v4_runs/v2/bench2_seed404_exp.json,True
404,exp,flat_pit0_cit0.10,9,415.0808526100389,409.3887154680822,409.3295146522487,722.1700892921085,873.0919809725743,0.5245851964558618,0.5311047124587644,0.5311725183911561,0.17285909728817747,0.0,0.0,nan,0.0,0.0,0.0,0.0,0,audits/paper_extras/v4_runs/v2/bench2_seed404_exp.json,True
404,exp,flat_pit0_cit0.20,0,442.55711084874804,436.5094559678492,436.4217695095816,756.3795780941371,923.1869546024407,0.5206202723701507,0.5271711176250029,0.5272660999661533,0.18068645324406382,0.0125,0.00017689470154258886,1.0,0.0,7.578942691528719e-20,5.3554704459085645e-18,-4.440892098500626e-16,0,audits/paper_extras/v4_runs/v2/bench2_seed404_exp.json,True
404,exp,flat_pit0_cit0.20,1,487.828596013338,481.5513767412389,481.5568733617863,827.8592576853756,1010.4149226933781,0.5171997314598499,0.5234122478539728,0.5234068078902273,0.18067395968517483,0.0,0.0,nan,0.0,0.0,0.0,0.0,0,audits/paper_extras/v4_runs/v2/bench2_seed404_exp.json,True
404,exp,flat_pit0_cit0.20,2,483.93025164473136,478.11410144269627,477.76268296555816,816.3407148896913,994.7780834451954,0.5135294396829239,0.5193761207656957,0.5197293839537236,0.1793740448498075,0.0,0.0,nan,0.0,0.0,0.0,3.6386168678070874e-07,0,audits/paper_extras/v4_runs/v2/bench2_seed404_exp.json,True
404,exp,flat_pit0_cit0.20,3,486.32166073508694,480.23267958656004,480.2074794198543,804.1162824996833,988.0604111598894,0.5078016938618244,0.5139642534378922,0.513989758120016,0.1861668847194,0.0,0.0,nan,0.0,0.0,0.0,0.00034254784893406054,0,audits/paper_extras/v4_runs/v2/bench2_seed404_exp.json,True
404,exp,flat_pit0_cit0.20,4,369.5784070895082,363.13030171394183,363.18013909524535,701.1527631352336,865.1749633614764,0.5728281298691539,0.5802810794442472,0.5802234756260439,0.18958269387380908,0.0,0.0,nan,0.0,0.0,0.0,0.0,0,audits/paper_extras/v4_runs/v2/bench2_seed404_exp.json,True
404,exp,flat_pit0_cit0.20,5,546.8509170546247,541.4757096728587,540.8243105306549,849.0948294653917,1015.7978764097269,0.46165380952809776,0.4669454206907085,0.4675866891529995,0.1641104503324387,0.0,0.0,nan,0.0,0.0,0.0,0.0,0,audits/paper_extras/v4_runs/v2/bench2_seed404_exp.json,True
404,exp,flat_pit0_cit0.20,6,410.0124633114237,403.6928917846779,403.46029825957964,733.7100659270718,901.9085765294408,0.545394650875637,0.5524015379273863,0.5526594282847364,0.18649175202391313,0.0,0.0,nan,0.0,0.0,0.0,0.0,0,audits/paper_extras/v4_runs/v2/bench2_seed404_exp.json,True
404,exp,flat_pit0_cit0.20,7,470.2530172709439,464.0702494758135,463.943026376922,798.0504135982625,975.1514746553534,0.5177641325547451,0.524104447834805,0.524234912795581,0.18161389861988717,0.0,0.0,nan,0.0,0.0,0.0,0.0,0,audits/paper_extras/v4_runs/v2/bench2_seed404_exp.json,True
404,exp,flat_pit0_cit0.20,8,413.2162695370919,406.64767425829484,406.483592608966,743.0581012323952,924.3417810746745,0.5529616014363528,0.5600678422374125,0.5602453541195845,0.19612191459257863,0.0,0.0,nan,0.0,0.0,0.0,0.005610685066873566,0,audits/paper_extras/v4_runs/v2/bench2_seed404_exp.json,True
404,exp,flat_pit0_cit0.20,9,390.40447476237745,384.4052030829602,384.3165978846746,714.2943169970313,864.7199893788752,0.5485191974770892,0.5554570175264748,0.5555594844514609,0.17395882393084725,0.0,0.0,nan,0.0,0.0,0.0,0.0,0,audits/paper_extras/v4_runs/v2/bench2_seed404_exp.json,True
404,exp,flat_pit0_cit0.30,0,437.9450620009457,431.73740582430526,431.7989339792581,761.9933427826043,927.0502737276885,0.5275929748232968,0.5342891124034944,0.5342227425887212,0.17804528580892046,0.0,0.0,nan,0.0,0.0,0.0,0.0,0,audits/paper_extras/v4_runs/v2/bench2_seed404_exp.json,True
404,exp,flat_pit0_cit0.30,1,515.8861357629988,509.62150479562234,509.2965752949874,868.6458579183532,1053.7088223395433,0.5104092090473533,0.5163545241425304,0.5166628915906775,0.17563007967447397,0.0,0.0,nan,0.0,0.0,0.0,0.0,0,audits/paper_extras/v4_runs/v2/bench2_seed404_exp.json,True
404,exp,flat_pit0_cit0.30,2,459.4989164350192,453.1052965492713,453.1236467815778,801.892195227869,995.654489039301,0.5384956111849744,0.5449171358766544,0.5448987055551839,0.1946079648557519,0.0,0.0,nan,0.0,0.0,0.0,0.0,0,audits/paper_extras/v4_runs/v2/bench2_seed404_exp.json,True
404,exp,flat_pit0_cit0.30,3,524.0345577076686,518.1895081693434,517.4773322712737,843.6437366048397,1021.5533651318232,0.48702184771321644,0.49274357477891007,0.49344072474912026,0.17415598107694136,0.0,0.0,nan,0.0,0.0,0.0,0.0,0,audits/paper_extras/v4_runs/v2/bench2_seed404_exp.json,True
404,exp,flat_pit0_cit0.30,4,403.23169054258614,397.06011359746105,396.6808113582614,731.5860766068912,894.077796690141,0.5489970872385578,0.5558998164730519,0.556324054990778,0.18174226077953287,0.0,0.0,nan,0.0,0.0,0.0,0.0,2,audits/paper_extras/v4_runs/v2/bench2_seed404_exp.json,True
404,exp,flat_pit0_cit0.30,5,550.1185534307111,544.7870393374457,544.7033489189369,837.3645443880197,1003.8093261017207,0.45196907507615136,0.45728035676544415,0.4573637295896776,0.1658131453710307,0.0,0.0,nan,0.0,0.0,0.0,0.0,0,audits/paper_extras/v4_runs/v2/bench2_seed404_exp.json,True
404,exp,flat_pit0_cit0.30,6,385.84906250243836,379.20126473215527,379.1554569782009,708.8890603268337,877.0709130524082,0.5600708485935362,0.5676503928143646,0.56770262092189,0.19175399642460267,0.0,0.0,nan,0.0,0.0,0.0,0.0,0,audits/paper_extras/v4_runs/v2/bench2_seed404_exp.json,True
404,exp,flat_pit0_cit0.30,7,438.3371092519433,431.7448748978065,431.53627480578274,770.4310194581897,947.2572405373436,0.5372565228392543,0.5442158091577175,0.5444360239875408,0.1866718073105961,0.0,0.0,nan,0.0,0.0,0.0,0.0,0,audits/paper_extras/v4_runs/v2/bench2_seed404_exp.json,True
404,exp,flat_pit0_cit0.30,8,407.5026403506534,401.0440090277518,400.86469539234474,721.8335920999411,888.6208238635625,0.5414212345610969,0.5486893866789154,0.5488911753728012,0.187692238674377,0.0,0.0,nan,0.0,0.0,0.0,0.0,0,audits/paper_extras/v4_runs/v2/bench2_seed404_exp.json,True
404,exp,flat_pit0_cit0.30,9,442.44932853904794,436.88893096325864,436.45825982184857,755.3008825829194,899.8560585730881,0.5083109967158027,0.5144902045155552,0.5149688045508686,0.16064255456521734,0.0,0.0,nan,0.0,0.0,0.0,0.0,0,audits/paper_extras/v4_runs/v2/bench2_seed404_exp.json,True
404,exp,flat_pit0_cit0.50,0,509.8499578209124,504.10957686189556,503.5050329587266,867.388184206969,1013.612572954436,0.49699720443006856,0.5026604934540839,0.5032569184781016,0.14426063039180576,0.0,0.0,nan,0.0,0.0,0.0,0.0,0,audits/paper_extras/v4_runs/v2/bench2_seed404_exp.json,True
404,exp,flat_pit0_cit0.50,1,529.4726081395885,523.2123069048536,522.7629339107011,879.4280122986931,1050.9608490416208,0.4962013964436271,0.5021581371161686,0.5025857201175357,0.1632152490735975,0.0,0.0,nan,0.0,0.0,0.0,0.0,0,audits/paper_extras/v4_runs/v2/bench2_seed404_exp.json,True
404,exp,flat_pit0_cit0.50,2,447.2887269259444,440.3827525100761,440.386180719877,847.5274772467604,1036.7958140726175,0.5685855200659441,0.5752464019118507,0.5752430953689863,0.18255121621526987,0.0,0.0,nan,0.0,0.0,0.0,0.0,0,audits/paper_extras/v4_runs/v2/bench2_seed404_exp.json,True
404,exp,flat_pit0_cit0.50,3,543.616842374556,537.7109599570766,537.4267633356458,865.0619065575961,1036.4428642074631,0.4754975299190819,0.4811957527748062,0.48146995662264513,0.16535494967290543,0.0,0.0,nan,0.0,0.0,0.0,0.0,0,audits/paper_extras/v4_runs/v2/bench2_seed404_exp.json,True
404,exp,flat_pit0_cit0.50,4,436.62645446376877,430.5828510624666,430.1051299679457,787.330510098011,928.3686402347072,0.5296841841260577,0.5361941017809391,0.536708683030043,0.1519203945762745,0.0,0.0,nan,0.0,0.0,0.0,0.0,0,audits/paper_extras/v4_runs/v2/bench2_seed404_exp.json,True
404,exp,flat_pit0_cit0.50,5,528.7635166310183,523.0961676764105,522.3590245246968,837.5728203193888,993.6429966287287,0.46785362708233424,0.4735572338846127,0.47429909303746204,0.15706866232526268,0.0,0.0,nan,0.0,0.0,0.0,0.0,0,audits/paper_extras/v4_runs/v2/bench2_seed404_exp.json,True
404,exp,flat_pit0_cit0.50,6,430.70945754969256,424.3975448329192,424.1478419345871,785.2720653927132,931.6811676371979,0.5377072409416637,0.5444819970878899,0.544750010338566,0.15714506993394248,0.0,0.0,nan,0.0,0.0,0.0,0.0,0,audits/paper_extras/v4_runs/v2/bench2_seed404_exp.json,True
404,exp,flat_pit0_cit0.50,7,514.0614466982199,508.064957587738,507.8945776580182,844.8505170751589,1006.8750811820947,0.48944863538116384,0.49540417964137323,0.49557339619355945,0.16091823815593412,0.0,0.0,nan,0.0,0.0,0.0,0.0,0,audits/paper_extras/v4_runs/v2/bench2_seed404_exp.json,True
404,exp,flat_pit0_cit0.50,8,441.8084527922741,435.3431982519086,434.8805761705215,779.017324604171,937.815560811098,0.5288962230375418,0.5357901740557718,0.5362834715661979,0.1693277898583657,0.0,0.0,nan,0.0,0.0,0.0,0.0,0,audits/paper_extras/v4_runs/v2/bench2_seed404_exp.json,True
404,exp,flat_pit0_cit0.50,9,396.73455545129065,390.35386177698274,389.4174040211406,764.2111462217362,904.0199122300781,0.5611440079095078,0.5682021419041094,0.5692380236841158,0.154652308115045,0.0,0.0,nan,0.0,0.0,0.0,0.0,0,audits/paper_extras/v4_runs/v2/bench2_seed404_exp.json,True
505,det,rl_learned,0,464.8437856214356,459.87422604351383,459.91140359568703,726.670222428516,854.9334632936569,0.4562807451347022,0.462093547874668,0.4620500619734026,0.15002716161208962,0.0,0.0,nan,0.0,0.0,0.0,4.0989061034224505e-09,0,audits/paper_extras/v4_runs/v2/bench2_seed505_det.json,True
505,det,rl_learned,1,517.7701991480582,513.0784236193077,513.0287247095139,770.0500273083811,895.2751289163656,0.42166359544158977,0.42690419174233724,0.42695970418559476,0.13987331666362285,0.0,0.0,nan,0.0,0.0,0.0,1.7522894246724263e-10,0,audits/paper_extras/v4_runs/v2/bench2_seed505_det.json,True
505,det,rl_learned,2,374.97816566896716,368.4815064974327,368.61550017872264,727.2850816513555,903.2625537868397,0.5848624919776559,0.5920549291536441,0.591906585041815,0.19482427495495724,0.0,0.0,nan,0.0,0.0,0.0,2.212227290243618e-09,0,audits/paper_extras/v4_runs/v2/bench2_seed505_det.json,True
505,det,rl_learned,3,453.8186361797287,448.1283825615933,448.2179429951762,750.9052774624926,903.5575303173849,0.4977424005084439,0.5040400112606188,0.5039408914695952,0.16894580337487916,0.0,0.0,nan,0.0,0.0,0.0,7.620474917757747e-09,0,audits/paper_extras/v4_runs/v2/bench2_seed505_det.json,True
505,det,rl_learned,4,395.485826841067,390.03296787366696,390.09678024748666,707.0227308502238,837.4664188871282,0.5277591818348841,0.5342703192899789,0.5341941223555341,0.15575990283914334,0.0,0.0,nan,0.0,0.0,0.0,0.0,0,audits/paper_extras/v4_runs/v2/bench2_seed505_det.json,True
505,det,rl_learned,5,494.61947765242206,490.0048571968119,490.02196306626365,755.5795817655974,875.0077125637332,0.43472557950008317,0.43999938496413965,0.4399798355713673,0.13648808928576964,0.0,0.0,nan,0.0,0.0,0.0,2.840168100703977e-10,0,audits/paper_extras/v4_runs/v2/bench2_seed505_det.json,True
505,det,rl_learned,6,422.65007413945614,417.23375506739757,417.33399855550476,716.6010052911545,849.8044149189631,0.5026501784181012,0.5090237850703744,0.5089058244121955,0.15674596094033091,0.0,0.0,nan,0.0,0.0,0.0,7.870571971935192e-09,0,audits/paper_extras/v4_runs/v2/bench2_seed505_det.json,True
505,det,rl_learned,7,444.0647654113153,438.5539099146285,438.52958904882024,720.4253644681759,860.3911968849831,0.4838803941520594,0.4902854521264305,0.4903137193447567,0.1626769694105992,0.0,0.0,nan,0.0,0.0,0.0,0.0,0,audits/paper_extras/v4_runs/v2/bench2_seed505_det.json,True
505,det,rl_learned,8,436.99943422022824,431.7337144695501,431.8071171859868,722.899358410291,849.9759970388271,0.48586850011922633,0.49206363947495296,0.4919772808993079,0.1495061496692255,0.0,0.0,nan,0.0,0.0,0.0,1.3614607219381014e-09,0,audits/paper_extras/v4_runs/v2/bench2_seed505_det.json,True
505,det,rl_learned,9,392.8713744410853,387.4577170792873,387.4969413705437,679.6489863328446,807.1872216038181,0.5132834565189467,0.5199902739919011,0.519941680195807,0.1580032882799668,0.0,0.0,nan,0.0,0.0,0.0,3.543653059878693e-08,0,audits/paper_extras/v4_runs/v2/bench2_seed505_det.json,True
505,det,free_market,0,498.5795795667178,493.8691707177571,493.92624437304227,755.4532653429526,881.4146027918708,0.4343415936297486,0.43968574022550566,0.4396209878886322,0.1429081581470708,0.0,0.0,nan,0.0,0.0,0.0,4.856353097437704e-10,0,audits/paper_extras/v4_runs/v2/bench2_seed505_det.json,True
505,det,free_market,1,505.3281789509133,500.5738775777578,500.6500810659708,765.4496564480812,893.7115122900873,0.43457349267434503,0.439893219798563,0.43980795348257057,0.1435159490262602,0.0,0.0,nan,0.0,0.0,0.0,7.756240094636269e-12,0,audits/paper_extras/v4_runs/v2/bench2_seed505_det.json,True
505,det,free_market,2,379.46191767743517,372.8738184277002,372.93084636338864,740.795420839353,930.2515167135904,0.5920867519592925,0.5991688143170186,0.5991075105355532,0.20366115235538806,0.0,0.0,nan,0.0,0.0,0.0,2.684878985803607e-10,0,audits/paper_extras/v4_runs/v2/bench2_seed505_det.json,True
505,det,free_market,3,476.46113949558685,471.2177029412133,471.29871312787765,759.7420035336061,901.2498965775441,0.4713329329579659,0.4771508937414125,0.4770610072549097,0.1570129367906813,0.0,0.0,nan,0.0,0.0,0.0,8.888576541465909e-10,0,audits/paper_extras/v4_runs/v2/bench2_seed505_det.json,True
505,det,free_market,4,391.8182045231384,386.4656809568567,386.5112037484557,700.8688832298602,827.6656503298286,0.5265984466469075,0.533065458494202,0.5330104570675016,0.15319805412903068,0.0,0.0,nan,0.0,0.0,0.0,3.89190457639188e-10,0,audits/paper_extras/v4_runs/v2/bench2_seed505_det.json,True
505,det,free_market,5,461.00309534625546,456.11045746793826,456.1215618957445,729.3400898784827,854.2670929776315,0.4603525066857203,0.4660797996114768,0.466066800834048,0.14623880999993058,0.0,0.0,nan,0.0,0.0,0.0,6.575939792696772e-11,0,audits/paper_extras/v4_runs/v2/bench2_seed505_det.json,True
505,det,free_market,6,420.8914696898319,415.61019256483235,415.69103343408136,706.7127874021148,837.1764184704315,0.497248775283441,0.5035572151874803,0.503460651467498,0.15583768031436082,0.0,0.0,nan,0.0,0.0,0.0,2.7329805085685166e-10,0,audits/paper_extras/v4_runs/v2/bench2_seed505_det.json,True
505,det,free_market,7,473.6494288136152,468.3709119559806,468.4695132199235,751.0743545274653,892.5415230413545,0.4693250492149154,0.47523907867054,0.47512860620354835,0.15849925730271558,0.0,0.0,nan,0.0,0.0,0.0,8.827958364321375e-10,0,audits/paper_extras/v4_runs/v2/bench2_seed505_det.json,True
505,det,free_market,8,434.951311836733,429.7872811071216,429.834572902426,710.2407553109771,836.0006024133094,0.4797236861060323,0.48590075190563126,0.48584418281325525,0.15043033071901774,0.0,0.0,nan,0.0,0.0,0.0,3.253639579980927e-10,0,audits/paper_extras/v4_runs/v2/bench2_seed505_det.json,True
505,det,free_market,9,415.975633234677,411.1299421225674,411.0999032611229,679.132830979737,794.4433616143804,0.4763935941394525,0.48249307378298895,0.48253088498879143,0.1451463203120257,0.0,0.0,nan,0.0,0.0,0.0,9.667679989888711e-10,0,audits/paper_extras/v4_runs/v2/bench2_seed505_det.json,True
505,det,us_federal,0,399.1726637293327,369.5771439637204,369.1544277011907,736.5106963776288,876.2638948849963,0.5444606743933899,0.5782353396949843,0.5787177471808995,0.15948756912517673,0.6875,0.083492035870846,1.0,0.0,0.02511237165632278,0.13904846434228071,-0.5033820220415137,0,audits/paper_extras/v4_runs/v2/bench2_seed505_det.json,True
505,det,us_federal,1,439.3701508685062,407.56161567557774,406.5190973109645,758.0629821864208,889.5432118263525,0.5060721671222471,0.5418304470686718,0.5430024175258155,0.14780645604611492,0.75,0.07518284803109133,1.0,0.0,0.01606064907000282,0.12052696015413047,-0.6207668672863969,0,audits/paper_extras/v4_runs/v2/bench2_seed505_det.json,True
505,det,us_federal,2,355.5787446527815,326.4516148415408,324.364934969941,735.0957635577169,893.9321594106276,0.6022307275674972,0.63481388223378,0.63714815318447,0.1776828299337974,0.825,0.13348457825719506,1.0,0.0,0.02256057998118756,0.10029992150464961,-0.6300000093877318,0,audits/paper_extras/v4_runs/v2/bench2_seed505_det.json,True
505,det,us_federal,3,372.11343428451346,343.43639955220027,338.81273461295194,722.3447092616577,875.9995474760708,0.5752127551245358,0.6079491130541004,0.6132272721040337,0.17540515706557525,0.7208333333333333,0.09494616356935195,1.0,0.0,0.019152690709793356,0.10996169052497268,-0.6433098432233914,0,audits/paper_extras/v4_runs/v2/bench2_seed505_det.json,True
505,det,us_federal,4,315.19673203987213,287.9380867725147,279.6910767721475,682.41589355275,811.3271004650634,0.6115047409864687,0.6451023432996817,0.6552671830981304,0.15888931460371503,0.7833333333333333,0.15315424400676217,1.0,0.0,0.043242167317686514,0.16518157274722312,-0.6300000093877316,0,audits/paper_extras/v4_runs/v2/bench2_seed505_det.json,True
505,det,us_federal,5,395.38921399224165,363.73597163873274,355.53133996286465,728.5442479114469,858.8426239818731,0.5396255344674337,0.5764812301090335,0.5860343559632544,0.15171391408861462,0.8291666666666667,0.09927973383455428,1.0,0.0,0.01975795497022183,0.11956424292733725,-0.7597898844691253,0,audits/paper_extras/v4_runs/v2/bench2_seed505_det.json,True
505,det,us_federal,6,392.1819712525003,359.9452892521177,354.0873702182169,746.7561808852078,872.9845978745224,0.5507572845988856,0.5876842614079497,0.5943944817808672,0.14459409398132123,0.7791666666666667,0.13136712371454526,1.0,0.0,0.0412600224717667,0.17347771042739726,-0.6934346288916007,1,audits/paper_extras/v4_runs/v2/bench2_seed505_det.json,True
505,det,us_federal,7,403.1077111210696,376.00631986163495,375.8996054432064,739.4703230541213,889.809220699122,0.5469728771698406,0.5774304074235067,0.5775503369723877,0.16895632698308022,0.6333333333333333,0.0701540710687476,1.0,0.0,0.022902344472253606,0.13183385623051008,-0.42385138119609045,0,audits/paper_extras/v4_runs/v2/bench2_seed505_det.json,True
505,det,us_federal,8,396.49292385195247,357.3832823397536,357.2069313264515,721.2184592535474,842.3128218090084,0.5292806738945072,0.5757119290049356,0.5759212942297499,0.14376412114372236,0.7625,0.08046192762906618,1.0,0.0,0.022639506043965377,0.1663638634123691,-0.6573407964509046,0,audits/paper_extras/v4_runs/v2/bench2_seed505_det.json,True
505,det,us_federal,9,354.41276111538417,319.89845230190775,313.0635168153158,687.8729372360601,795.39731329421,0.5544204698812074,0.5978130087251372,0.606406117316722,0.1351832276285018,0.8,0.14240647257213548,1.0,0.0,0.05173410297935693,0.21918252747745173,-0.6335380070852841,0,audits/paper_extras/v4_runs/v2/bench2_seed505_det.json,True
505,det,saez,0,203.7609557459766,257.64397237201183,217.1176555454861,474.31375030950295,614.9003231288686,0.6686276651975785,0.5809988014626304,0.646905933565458,0.2286331093534034,0.9458333333333333,0.7380496846110807,0.5682819383259912,0.9041666666666667,13.117358004670026,inf,-18.486803302089168,49,audits/paper_extras/v4_runs/v2/bench2_seed505_det.json,True
505,det,saez,1,135.63531926624452,148.37941072205962,175.74704655122184,492.4895184419549,701.9827772625841,0.806782554131654,0.7886281323016608,0.7496419395977834,0.29843076725836265,0.95,0.7294592363161759,0.6535087719298246,0.9125,1.0212871072908387,inf,-16.81622878298552,44,audits/paper_extras/v4_runs/v2/bench2_seed505_det.json,True
505,det,saez,2,322.3686788446442,170.76614149664053,166.98845420987797,549.7941252319764,746.830507324789,0.5683509502050251,0.7713455197373504,0.7764038124151557,0.26383011963265113,0.9458333333333333,0.48698469516362386,1.0,0.4,0.4012036907577202,inf,-18.427162098601144,49,audits/paper_extras/v4_runs/v2/bench2_seed505_det.json,True
505,det,saez,3,236.77970223919922,302.4644640690646,255.12589189461266,535.4000808829444,692.763582074807,0.6582099458374373,0.5633943932745538,0.6317273331104993,0.22715325294751126,0.9458333333333333,0.73558405059967,0.5682819383259912,0.8916666666666667,32.6999146039833,inf,-18.72479710562166,49,audits/paper_extras/v4_runs/v2/bench2_seed505_det.json,True
505,det,saez,4,186.34432349340693,215.26297475120583,206.85666061550168,435.2003143287656,578.379998948141,0.6778167920185721,0.6278173948914391,0.6423516356172458,0.2475529666996891,0.9458333333333333,0.7642839960167715,0.6211453744493393,0.9166666666666666,inf,inf,-18.077875813221887,45,audits/paper_extras/v4_runs/v2/bench2_seed505_det.json,True
505,det,saez,5,208.46718787901756,271.4272620835277,238.91538894065584,494.21996546990454,646.3778316125387,0.6774840075208829,0.5800795621248492,0.6303781205728757,0.23540081157028733,0.9416666666666667,0.779939512505369,0.41150442477876104,0.9125,inf,inf,-17.288080802742776,40,audits/paper_extras/v4_runs/v2/bench2_seed505_det.json,True
505,det,saez,6,177.39839201377288,221.0133197154294,195.9114669372498,472.3540044179912,636.6607897280538,0.7213612101201526,0.6528554557131844,0.6922828135514167,0.2580758670252732,0.9458333333333333,0.7536834631154916,0.5814977973568282,0.9083333333333333,51.488457361376,inf,-16.875609254964587,42,audits/paper_extras/v4_runs/v2/bench2_seed505_det.json,True
505,det,saez,7,257.81301649233797,316.3010764129185,268.37766573081683,533.2255850923374,671.4706527635086,0.6160472309083336,0.528942813641746,0.600313633028815,0.20588400565565887,0.9416666666666667,0.7469978105718428,0.588495575221239,0.9083333333333333,inf,inf,-17.412582118481723,47,audits/paper_extras/v4_runs/v2/bench2_seed505_det.json,True
505,det,saez,8,185.13670046944105,219.3053216895093,215.61715807803438,479.27629978881725,634.3330814878997,0.7081396101316645,0.6542741848255746,0.6600884229902056,0.2444406357230798,0.95,0.7484693983659164,0.6052631578947368,0.9166666666666666,inf,inf,-16.51378758790371,49,audits/paper_extras/v4_runs/v2/bench2_seed505_det.json,True
505,det,saez,9,147.74059710950897,179.54795430528532,189.44968620700638,399.467487248543,538.1363769006256,0.7254588177806992,0.666352318831549,0.6479522768965479,0.25768354566688156,0.95,0.7689459815633647,0.4780701754385965,0.9125,inf,inf,-16.86618833424103,41,audits/paper_extras/v4_runs/v2/bench2_seed505_det.json,True
505,det,free_market+rl_aux,0,499.89458490810796,495.1793252199597,495.2374871281706,757.0000877874261,883.0721347373468,0.4339142123912762,0.4392538211306582,0.43918795798548244,0.14276528721792198,0.0,0.0,nan,0.0,0.0,0.0,4.860445379506473e-10,0,audits/paper_extras/v4_runs/v2/bench2_seed505_det.json,True
505,det,free_market+rl_aux,1,513.6240551404587,508.8418810436425,508.9442160021537,779.6470607852556,909.3902008812438,0.435199483519031,0.44045814376430525,0.44034561235764175,0.14267048399054746,0.0,0.0,nan,0.0,0.0,0.0,1.5349055360047714e-11,0,audits/paper_extras/v4_runs/v2/bench2_seed505_det.json,True
505,det,free_market+rl_aux,2,379.7039106357887,373.10847687861235,373.16753373229545,741.8007703132689,931.2115846967616,0.5922474366988949,0.5993300738412626,0.5992666544694961,0.20340255372270974,0.0,0.0,nan,0.0,0.0,0.0,2.72198263928658e-10,0,audits/paper_extras/v4_runs/v2/bench2_seed505_det.json,True
505,det,free_market+rl_aux,3,477.3051913657858,472.06108351397916,472.1415281170429,760.7182789242794,902.0852015510583,0.47088679589788146,0.47670011357872794,0.47661093729812215,0.1567112755909426,0.0,0.0,nan,0.0,0.0,0.0,8.946792195985154e-10,0,audits/paper_extras/v4_runs/v2/bench2_seed505_det.json,True
505,det,free_market+rl_aux,4,393.5149880660327,388.15629611662547,388.20221120702655,702.6672755417183,829.7534527731783,0.5257446814462319,0.5322028551742201,0.5321475193509733,0.15316137197949126,0.0,0.0,nan,0.0,0.0,0.0,4.24821289257693e-10,0,audits/paper_extras/v4_runs/v2/bench2_seed505_det.json,True
505,det,free_market+rl_aux,5,461.71735371235206,456.8142586237333,456.82407674030367,730.7205488410191,855.8906224482936,0.4605416374447478,0.46627028426014744,0.4662588130320337,0.14624540837849445,0.0,0.0,nan,0.0,0.0,0.0,6.7556404914626e-11,0,audits/paper_extras/v4_runs/v2/bench2_seed505_det.json,True
505,det,free_market+rl_aux,6,421.91120682438,416.6242966582546,416.70560236775316,708.067406105363,838.6107231847021,0.49689266406929194,0.503197031542734,0.503100078680994,0.15566616723381344,0.0,0.0,nan,0.0,0.0,0.0,2.7288282744564185e-10,0,audits/paper_extras/v4_runs/v2/bench2_seed505_det.json,True
505,det,free_market+rl_aux,7,474.5397692431916,469.25576506982213,469.35494544401877,752.3675214052778,893.8870273557392,0.4691278039385401,0.4750390701407137,0.4749281161038372,0.15831923008111967,0.0,0.0,nan,0.0,0.0,0.0,9.192215877362742e-10,0,audits/paper_extras/v4_runs/v2/bench2_seed505_det.json,True
505,det,free_market+rl_aux,8,436.02504479871504,430.8559922494403,430.9036444997292,711.6322509814449,837.4372901435703,0.4793340947070044,0.4855065599293121,0.4854496574593006,0.15022622068878408,0.0,0.0,nan,0.0,0.0,0.0,3.280844484976342e-10,0,audits/paper_extras/v4_runs/v2/bench2_seed505_det.json,True
505,det,free_market+rl_aux,9,417.09281011295155,412.24383488354175,412.21655502508173,680.4022128413038,795.7618640146868,0.47585725205693746,0.4819507524478036,0.4819850338826067,0.14496755422706936,0.0,0.0,nan,0.0,0.0,0.0,1.0032328301434745e-09,0,audits/paper_extras/v4_runs/v2/bench2_seed505_det.json,True
505,det,us_federal+rl_aux,0,362.9250025716217,337.3652913167757,337.0262491610742,718.9792010290707,877.4085068335219,0.5863671257515144,0.6154980391809822,0.6158844522976331,0.1805650441847281,0.6833333333333333,0.0856446802651798,1.0,0.0,0.022607116234368563,0.11382276115594517,-0.38214657844915273,0,audits/paper_extras/v4_runs/v2/bench2_seed505_det.json,True
505,det,us_federal+rl_aux,1,398.91825294133616,366.63597911736684,366.2224406847631,762.7099151042805,914.9726987438705,0.5640107584750943,0.5992929847844567,0.5997449528411773,0.16641237913286971,0.7375,0.07388801710873717,1.0,0.0,0.015347623019002552,0.11274953233792673,-0.505623035179189,0,audits/paper_extras/v4_runs/v2/bench2_seed505_det.json,True
505,det,us_federal+rl_aux,2,304.12122587784734,286.65393997461877,285.3664417310055,736.5463582292491,936.852992343995,0.6753799919911238,0.6940246310604036,0.6953989109678541,0.21380796747372396,0.8,0.16078425080258654,1.0,0.058333333333333334,0.020395079100722198,0.06155532165617583,-0.49905279652703277,0,audits/paper_extras/v4_runs/v2/bench2_seed505_det.json,True
505,det,us_federal+rl_aux,3,365.11516328500466,337.1397086599201,335.1418133550354,737.1050188036947,910.0983883698731,0.5988179212810361,0.6295568556452568,0.6317521076426404,0.19008205242076753,0.8,0.07743121321450881,1.0,0.0,0.01311797621266207,0.08217411704128814,-0.5348783169974073,0,audits/paper_extras/v4_runs/v2/bench2_seed505_det.json,True
505,det,us_federal+rl_aux,4,298.8759003235209,275.8786235786889,271.25252527469064,738.6442192628309,882.6439769658406,0.6613856683745458,0.6874406546940435,0.6926818373506123,0.16314591325714395,0.8125,0.17457935587089618,1.0,0.0,0.03407029725208718,0.1275747565813991,-0.5858148292676904,1,audits/paper_extras/v4_runs/v2/bench2_seed505_det.json,True
505,det,us_federal+rl_aux,5,370.2541582779273,334.8858856784808,324.1190998050595,737.1777658398,883.333780768456,0.5808445614342692,0.620884095039197,0.6330729030615221,0.16545955573159166,0.8083333333333333,0.12017079100080139,1.0,0.0,0.029290322928626614,0.14810403343678497,-0.750311345746091,0,audits/paper_extras/v4_runs/v2/bench2_seed505_det.json,True
505,det,us_federal+rl_aux,6,315.97187019387235,290.9625459752498,286.75436175182045,694.9608812400675,862.671299718891,0.63372854724988,0.6627191074166227,0.6675971927601372,0.1944082508986602,0.7458333333333333,0.1012942121838759,1.0,0.0,0.022764328251919614,0.10265482949222096,-0.48199988945138766,0,audits/paper_extras/v4_runs/v2/bench2_seed505_det.json,True
505,det,us_federal+rl_aux,7,310.1731789931738,291.3015532469797,291.4063162431446,702.3292644099836,877.7393023464681,0.6466226610065368,0.6681229238929591,0.6680035684124824,0.19984298010532206,0.6208333333333333,0.0646456640256877,1.0,0.0,0.010162239357690079,0.05548768943562771,-0.35064592114242793,0,audits/paper_extras/v4_runs/v2/bench2_seed505_det.json,True
505,det,us_federal+rl_aux,8,347.9224970420194,315.9731744887517,315.2776118468764,717.2381111044047,857.1075713773131,0.5940737094610752,0.6313494536269182,0.6321609767835245,0.1631877548907284,0.7541666666666667,0.09813530206686455,1.0,0.0,0.032592712077467605,0.1545892355043654,-0.630000009387732,0,audits/paper_extras/v4_runs/v2/bench2_seed505_det.json,True
505,det,us_federal+rl_aux,9,331.7909195261328,299.83376183673823,296.4248463513816,704.1492389661215,824.835021454948,0.5977487486638502,0.6364924451099886,0.6406252903416855,0.14631505616231683,0.7916666666666666,0.15889726331820986,1.0,0.0,0.06942871595229089,0.2577529378706011,-0.5858777802640289,0,audits/paper_extras/v4_runs/v2/bench2_seed505_det.json,True
505,det,saez+rl_aux,0,131.24568278457025,115.06878766660947,151.61518213408613,445.44468444042866,734.0473600627083,0.8212027044503529,0.8432406491363454,0.7934531334311536,0.3931662877959603,0.9375,0.7085226654792754,0.76,0.9083333333333333,0.07130811224965321,0.17444761991092056,-14.560582937916903,39,audits/paper_extras/v4_runs/v2/bench2_seed505_det.json,True
505,det,saez+rl_aux,1,200.3241434369248,224.79386798972584,222.75318298697385,535.8644662769494,777.986219891778,0.7425093937206356,0.711056748510281,0.7136797834054696,0.31121599255126775,0.9458333333333333,0.6979940763925823,0.7048458149779736,0.8875,inf,inf,-12.520695169845684,50,audits/paper_extras/v4_runs/v2/bench2_seed505_det.json,True
505,det,saez+rl_aux,2,212.7591524427664,151.77128713495443,169.56782321377594,636.4749817671618,980.0526985156301,0.7829104978079163,0.8451396671170597,0.8269809128931533,0.3505706553013373,0.9416666666666667,0.5389870062024885,1.0,0.7208333333333333,0.05219104329218665,0.19732060101063068,-12.839559209312515,58,audits/paper_extras/v4_runs/v2/bench2_seed505_det.json,True
505,det,saez+rl_aux,3,155.65225140828667,133.31873875476714,170.06969896766947,517.4121208649728,832.714193253336,0.8130784215408075,0.8398985632346395,0.7957646208680278,0.3786438071344836,0.9375,0.6806963065896376,0.9111111111111111,0.8916666666666667,0.0591185169446695,0.15278645411036926,-16.364559336251848,41,audits/paper_extras/v4_runs/v2/bench2_seed505_det.json,True
505,det,saez+rl_aux,4,212.23600959296365,251.67810441120554,237.36580486934656,503.8863778511439,686.9257441847159,0.6910350043076957,0.6336167241629413,0.6544520177343676,0.2664616487052963,0.9458333333333333,0.7468894143972787,0.5638766519823789,0.9125,inf,inf,-17.474947594701895,48,audits/paper_extras/v4_runs/v2/bench2_seed505_det.json,True
505,det,saez+rl_aux,5,133.7287129541193,130.37257692267025,155.22246113038292,481.63817244410444,750.643869904669,0.8218479916833229,0.8263190013937936,0.7932142426606428,0.3583666079824618,0.9416666666666667,0.6987826852881849,0.7300884955752213,0.9083333333333333,0.12422982905934601,inf,-15.688240497348211,45,audits/paper_extras/v4_runs/v2/bench2_seed505_det.json,True
505,det,saez+rl_aux,6,152.60212915858398,131.54477140004605,174.49230823697636,512.2640619014189,814.1783219768945,0.8125691571005563,0.8384324811293868,0.7856829351421515,0.370820804148165,0.9416666666666667,0.6837145872384075,0.8761061946902655,0.9041666666666667,0.06403989636578922,0.16203694069183294,-15.855237565797854,36,audits/paper_extras/v4_runs/v2/bench2_seed505_det.json,True
505,det,saez+rl_aux,7,198.30661014535534,246.40813189617862,243.525912854402,546.9389855028735,780.7464248181001,0.746003819112515,0.6843941591489359,0.6880857790528606,0.2994665513450151,0.9333333333333333,0.7199624153365742,0.59375,0.8916666666666667,15.632245556587666,inf,-14.099324567654751,48,audits/paper_extras/v4_runs/v2/bench2_seed505_det.json,True
505,det,saez+rl_aux,8,205.61186328753536,246.42890743346084,226.97614974865064,514.3042787109157,725.0028811743924,0.7163985569899033,0.6600994094888504,0.6869306927705109,0.29061760709444023,0.9458333333333333,0.7293612874999905,0.6519823788546255,0.9083333333333333,39.708577773395554,inf,-15.946433963696258,46,audits/paper_extras/v4_runs/v2/bench2_seed505_det.json,True
505,det,saez+rl_aux,9,135.96440543755767,115.63397679124017,154.43203021230153,442.32759774032655,718.7539583530522,0.8108331733586476,0.8391188313505736,0.7851392282191169,0.3845910793258476,0.9458333333333333,0.6976606121936755,0.9691629955947136,0.9166666666666666,0.0699779616309774,0.18377955868701934,-17.650090770336387,41,audits/paper_extras/v4_runs/v2/bench2_seed505_det.json,True
505,det,rl_mean_fixed,0,486.9764110734219,482.1098615325815,482.0566446284762,746.8495376503092,874.3961638646598,0.44307119450172167,0.4486368062255096,0.44869766754478857,0.14586823625874518,0.0,0.0,nan,0.0,0.0,0.0,7.485378983318469e-08,0,audits/paper_extras/v4_runs/v2/bench2_seed505_det.json,True
505,det,rl_mean_fixed,1,525.7899382654982,521.1155729461736,521.1091580304885,780.7291863039123,905.5344671711571,0.41935955247729134,0.4245215485015034,0.42452863262244817,0.13782499219177163,0.0,0.0,nan,0.0,0.0,0.0,6.984284262046003e-10,0,audits/paper_extras/v4_runs/v2/bench2_seed505_det.json,True
505,det,rl_mean_fixed,2,392.9743935683349,386.8154723573923,387.1813438709709,736.8547684663075,900.3678257424266,0.5635401639943147,0.5703806141246424,0.5699742562971879,0.1816069528487307,0.0,0.0,nan,0.0,0.0,0.0,0.0,0,audits/paper_extras/v4_runs/v2/bench2_seed505_det.json,True
505,det,rl_mean_fixed,3,473.0077068856352,467.76583163412874,467.78918157880685,749.1166278733692,888.7314941369657,0.46777208863857567,0.47367024267732355,0.47364396933736413,0.1570945411349177,0.0,0.0,nan,0.0,0.0,0.0,2.675152988018681e-09,0,audits/paper_extras/v4_runs/v2/bench2_seed505_det.json,True
505,det,rl_mean_fixed,4,397.5615352110038,392.14681686964184,392.3372132053152,710.321678396304,837.147330658965,0.5250996800072681,0.531567739025147,0.5313403043446547,0.15149740985595628,0.0,0.0,nan,0.0,0.0,0.0,0.0,0,audits/paper_extras/v4_runs/v2/bench2_seed505_det.json,True
505,det,rl_mean_fixed,5,448.5914728649282,443.33260611560974,443.4062706518197,740.1861194406125,874.1415509559966,0.48682055855332546,0.49283659422119547,0.4927523235031071,0.15324226536181124,0.0,0.0,nan,0.0,0.0,0.0,1.338300359421396e-09,0,audits/paper_extras/v4_runs/v2/bench2_seed505_det.json,True
505,det,rl_mean_fixed,6,418.20596688635567,412.52544036745394,412.57666949458905,723.7051594305515,867.9369469770397,0.5181608890565885,0.5247057498770509,0.5246467258577214,0.16617772529310665,0.0,0.0,nan,0.0,0.0,0.0,3.9378549532287366e-08,0,audits/paper_extras/v4_runs/v2/bench2_seed505_det.json,True
505,det,rl_mean_fixed,7,430.62495860899315,424.51483638257906,424.51109717092487,724.2144635542435,881.8669452662303,0.511689421039599,0.518618042482111,0.5186222825907513,0.17877127899877526,0.0,0.0,nan,0.0,0.0,0.0,0.0,0,audits/paper_extras/v4_runs/v2/bench2_seed505_det.json,True
505,det,rl_mean_fixed,8,433.7364378509084,428.3180338321479,428.3832872362159,727.5736173747588,859.1579773884807,0.495161018967309,0.5014676635674447,0.5013917131534517,0.15315502326322944,0.0,0.0,nan,0.0,0.0,0.0,0.0,0,audits/paper_extras/v4_runs/v2/bench2_seed505_det.json,True
505,det,rl_mean_fixed,9,387.7747934540458,382.20261122967827,382.3089026672912,690.3969533003707,821.8109624951443,0.528145995671922,0.5349263654633513,0.5347970274008725,0.15990783183979496,0.0,0.0,nan,0.0,0.0,0.0,0.0,0,audits/paper_extras/v4_runs/v2/bench2_seed505_det.json,True
505,det,flat_pit0.10_cit0,0,375.2461581670014,348.50225080659635,348.21709283544646,694.8759234162991,839.3800809212189,0.5529484595879747,0.5848099582919392,0.5851496827834197,0.17215580973321,0.6666666666666666,0.08574039883079922,1.0,0.0,0.025095083977222033,0.13485600024610267,-0.39453290531835433,0,audits/paper_extras/v4_runs/v2/bench2_seed505_det.json,True
505,det,flat_pit0.10_cit0,1,437.780771150925,407.4177368156373,405.6489258662328,766.1075545279002,914.6141931519819,0.5213492482089891,0.5545468899716315,0.5564808321328708,0.16237080042710889,0.7458333333333333,0.07851499335815033,1.0,0.0,0.014998895624577954,0.1133707760739136,-0.4578413195531008,0,audits/paper_extras/v4_runs/v2/bench2_seed505_det.json,True
505,det,flat_pit0.10_cit0,2,314.1874567834792,295.09882154059926,293.5848861501595,747.8110569345075,961.4713937471574,0.673222252032906,0.6930758174816767,0.6946504201170598,0.2222222503988893,0.7541666666666667,0.16564899815123393,1.0,0.0,0.013642870842681572,0.05193585721931615,-0.43361690342535186,0,audits/paper_extras/v4_runs/v2/bench2_seed505_det.json,True
505,det,flat_pit0.10_cit0,3,356.29911527429897,327.7515448102128,319.7262344978091,706.9167187949969,873.1409968385308,0.5919340443703973,0.6246293027163589,0.6338206135601535,0.190375069599754,0.8041666666666667,0.07806697681445206,1.0,0.0,0.011431914360516972,0.08512003847602853,-0.500095564778963,0,audits/paper_extras/v4_runs/v2/bench2_seed505_det.json,True
505,det,flat_pit0.10_cit0,4,284.728107279767,259.94252711455795,249.62857638849982,666.4311780892474,819.4896489944138,0.6525543579114714,0.6827994991351869,0.6953853209801781,0.18677291542728156,0.7333333333333333,0.1379407489606345,1.0,0.0,0.036710257168426665,0.14288928373396373,-0.5962159739832302,0,audits/paper_extras/v4_runs/v2/bench2_seed505_det.json,True
505,det,flat_pit0.10_cit0,5,321.30903285678426,290.7723567800061,288.8437501644821,734.5279349955389,888.1309043684182,0.6382188354482736,0.6726019156074917,0.6747734497879124,0.17295082134554468,0.7666666666666667,0.14196248009036633,1.0,0.0,0.03967982045932058,0.15829532252299955,-0.6985062712059268,0,audits/paper_extras/v4_runs/v2/bench2_seed505_det.json,True
505,det,flat_pit0.10_cit0,6,264.8356867244935,244.50500732635706,241.57742475998583,672.7546057179862,844.3296028281027,0.6863361348015989,0.7104152140261557,0.7138825596653057,0.20320855331309218,0.7375,0.10811829034876115,1.0,0.0,0.012940309512485444,0.05904926265202398,-0.45390636081734714,1,audits/paper_extras/v4_runs/v2/bench2_seed505_det.json,True
505,det,flat_pit0.10_cit0,7,395.68704329553844,369.9047131312501,369.59120091758155,714.5118087406312,873.5053588072046,0.5470124604205521,0.5765283985934957,0.5768873113471583,0.18201783018673579,0.6416666666666667,0.054112439184614676,1.0,0.0,0.017261452606165188,0.12020812663167833,-0.3450065353286133,0,audits/paper_extras/v4_runs/v2/bench2_seed505_det.json,True
505,det,flat_pit0.10_cit0,8,382.29480232144556,348.06957595413786,342.3481954631281,714.7331002310783,849.5504966903812,0.5500034385115863,0.5902897151963036,0.5970243125078215,0.1586926227275659,0.7375,0.0848242444535622,1.0,0.0,0.02573309373797476,0.1565937327827005,-0.6300000093877316,0,audits/paper_extras/v4_runs/v2/bench2_seed505_det.json,True
505,det,flat_pit0.10_cit0,9,301.90138813266645,271.968718994907,264.74402826048555,687.4439259284999,816.0743534783459,0.6300565177108249,0.666735368124611,0.6755883491105074,0.15762096554264415,0.7833333333333333,0.15825392429443602,1.0,0.0,0.06220778011386601,0.2256237980929818,-0.5816694269048855,3,audits/paper_extras/v4_runs/v2/bench2_seed505_det.json,True
505,det,flat_pit0.20_cit0,0,253.57771234111786,228.94844653433628,211.13638993185222,631.602728365416,839.9621559384282,0.698108170054621,0.7274300456089609,0.7486358302702757,0.24805811321371665,0.8291666666666667,0.28805286711314526,1.0,0.1625,0.19281603905907974,inf,-1.0116507471174563,8,audits/paper_extras/v4_runs/v2/bench2_seed505_det.json,True
505,det,flat_pit0.20_cit0,1,294.8405252144808,272.4636743714873,247.600396573911,702.2696583113616,872.4862148237429,0.6620685574109115,0.687715783077983,0.7162128267849704,0.19509369159118223,0.8458333333333333,0.3132473117307704,0.9655172413793104,0.31666666666666665,0.3169861702760421,4.3258900273456735,-1.3220999323940537,4,audits/paper_extras/v4_runs/v2/bench2_seed505_det.json,True
505,det,flat_pit0.20_cit0,2,231.7848598658548,216.67945424094222,213.10597093212408,677.8017038125397,901.5070565912005,0.7428917963856155,0.7596475228266591,0.7636114222578297,0.24814598082519795,0.85,0.3469144603605651,0.9264705882352942,0.3375,0.060663659433881474,0.16723543506883626,-1.2600000187754636,7,audits/paper_extras/v4_runs/v2/bench2_seed505_det.json,True
505,det,flat_pit0.20_cit0,3,272.68719474469486,256.0820022273272,243.11341816015613,709.3642462815569,910.1568296437248,0.7003953759799434,0.7186396960537351,0.7328884317054223,0.22061316997507655,0.8583333333333333,0.2979951214652174,0.9563106796116505,0.29583333333333334,0.13695559983255584,0.6620084529982689,-1.2600000187754636,9,audits/paper_extras/v4_runs/v2/bench2_seed505_det.json,True
505,det,flat_pit0.20_cit0,4,250.45209722091195,234.5893497415864,200.1259453768846,637.8576059235451,791.0290487482973,0.683384450144757,0.7034377560308384,0.7470055673763708,0.19363567376839894,0.8958333333333334,0.36519585432569934,0.827906976744186,0.3,0.45512646375641025,inf,-2.4822412870595203,13,audits/paper_extras/v4_runs/v2/bench2_seed505_det.json,True
505,det,flat_pit0.20_cit0,5,232.50764403187458,248.05189891432934,215.5631899441771,680.2930141511829,856.85264472325,0.7286492076978173,0.7105081014315522,0.7484244329854398,0.20605600234692995,0.875,0.3488501646613032,0.6952380952380952,0.29583333333333334,0.4474901636590064,inf,-1.5266484947277437,9,audits/paper_extras/v4_runs/v2/bench2_seed505_det.json,True
505,det,flat_pit0.20_cit0,6,256.64152585158394,241.5735226535717,213.5736792626343,665.658121604614,847.8713308160075,0.6973107634095999,0.7150823316303468,0.7481060256429629,0.21490667579953188,0.8375,0.3229537821821099,0.8258706467661692,0.24583333333333332,0.3794823767434786,inf,-1.4186832198134391,9,audits/paper_extras/v4_runs/v2/bench2_seed505_det.json,True
505,det,flat_pit0.20_cit0,7,275.5029941270247,244.30246580958098,224.6076203854643,668.4026954945101,859.6423946630532,0.6795144168814391,0.7158091930711047,0.7387197027741962,0.22246424833840547,0.8083333333333333,0.2591914296228587,1.0,0.20833333333333334,0.3192559881803436,inf,-1.1854369286669695,6,audits/paper_extras/v4_runs/v2/bench2_seed505_det.json,True
505,det,flat_pit0.20_cit0,8,201.3007550279016,200.0299602853389,194.88138907192015,656.780415984483,850.4641847487889,0.7633048414762321,0.7647990781123558,0.7708529147179967,0.22773888922966973,0.8916666666666667,0.3019703977245844,0.794392523364486,0.24166666666666667,0.15659518050535473,inf,-1.7536161296153319,3,audits/paper_extras/v4_runs/v2/bench2_seed505_det.json,True
505,det,flat_pit0.20_cit0,9,238.70861272613925,280.321556486838,225.084837996573,656.7575275283458,804.3443846638385,0.7032258603683753,0.6514906278558861,0.7201635987169311,0.18348714797974755,0.8708333333333333,0.4183911939581476,0.6602870813397129,0.32083333333333336,0.9124274944516136,inf,-1.899190903529052,13,audits/paper_extras/v4_runs/v2/bench2_seed505_det.json,True
505,det,flat_pit0.30_cit0,0,224.07508561590925,260.8650291044127,220.56383417064114,584.7660839242373,792.5331618413242,0.7172672433096596,0.6708465441391317,0.7216976591134732,0.2621556900336805,0.875,0.5187453954914607,0.780952380952381,0.6791666666666667,16.846737149641186,inf,-2.3595292541641006,27,audits/paper_extras/v4_runs/v2/bench2_seed505_det.json,True
505,det,flat_pit0.30_cit0,1,211.20681086798638,270.3675494124932,234.10175236307745,667.0967757129271,862.3209462433582,0.7550716913602826,0.6864652881385628,0.7285213198369753,0.22639386342279144,0.9083333333333333,0.5530883826959776,0.5871559633027523,0.6291666666666667,6.186210769672999,inf,-2.9366988950149486,22,audits/paper_extras/v4_runs/v2/bench2_seed505_det.json,True
505,det,flat_pit0.30_cit0,2,215.94867822596137,216.21354861398027,210.97990369933873,591.595834695632,827.3394772776378,0.7389841967452817,0.7386640495804317,0.7449899231285705,0.2849418516299026,0.8875,0.493533825550476,0.6431924882629108,0.5958333333333333,0.19538971255716592,0.8480016167946658,-2.3520773196865186,34,audits/paper_extras/v4_runs/v2/bench2_seed505_det.json,True
505,det,flat_pit0.30_cit0,3,209.76916556585655,234.1968416582156,221.64682470537903,642.5576922863431,876.6358665740348,0.7607111760260828,0.7328459277242715,0.7471620393863269,0.2670187055002535,0.8916666666666667,0.49804963439311095,0.7289719626168224,0.6666666666666666,0.9302069356996866,inf,-2.624915055549059,20,audits/paper_extras/v4_runs/v2/bench2_seed505_det.json,True
505,det,flat_pit0.30_cit0,4,196.3350917184723,267.1083852247528,204.04897381442447,566.9124286731815,735.4183922264945,0.7330293968796949,0.6367939827883872,0.7225402900291058,0.2291293844897701,0.9083333333333333,0.5871641226234715,0.6743119266055045,0.675,3.4486974556200884,inf,-4.104783330655574,31,audits/paper_extras/v4_runs/v2/bench2_seed505_det.json,True
505,det,flat_pit0.30_cit0,5,222.77520719628947,287.2878316172706,226.300629012672,635.0716832198258,832.1490828793086,0.7322893075535603,0.6547639869730678,0.7280527808434853,0.23682943803480244,0.9125,0.5457355045819376,0.684931506849315,0.6333333333333333,4.72496248515948,inf,-3.4517230205120764,25,audits/paper_extras/v4_runs/v2/bench2_seed505_det.json,True
505,det,flat_pit0.30_cit0,6,246.71096584076128,306.4260199661646,241.90172180804785,635.6640371664929,820.8499014678886,0.6994444838214888,0.6266966476840689,0.705303343064955,0.22560259064444807,0.8791666666666667,0.554200176103695,0.6540284360189573,0.7125,5.071096545458123,inf,-3.213016894132095,28,audits/paper_extras/v4_runs/v2/bench2_seed505_det.json,True
505,det,flat_pit0.30_cit0,7,220.98432089283452,261.52979135945714,232.9618255171611,607.4422150906339,833.3685053868869,0.7348300068164398,0.6861774957069642,0.7204576078753903,0.2711001061785602,0.8625,0.5190808302124051,0.7729468599033816,0.5791666666666667,5.923951754728889,inf,-2.1988856586380248,19,audits/paper_extras/v4_runs/v2/bench2_seed505_det.json,True
505,det,flat_pit0.30_cit0,8,174.6727118974324,219.56955540688125,196.74466361774887,588.9436707212587,788.0093895977349,0.7783367632375551,0.7213617524037782,0.7503270059787186,0.25261846052125814,0.9083333333333333,0.5596231265390202,0.7064220183486238,0.6833333333333333,1.2243119038103438,inf,-3.2492625128653927,26,audits/paper_extras/v4_runs/v2/bench2_seed505_det.json,True
505,det,flat_pit0.30_cit0,9,171.5190349605855,193.92275170445927,180.4471753749367,540.6075048405197,746.4262544662663,0.7702130197935889,0.740198377878436,0.7582518376125906,0.27573889368738475,0.8958333333333334,0.5763166665010455,0.8046511627906977,0.7208333333333333,33.459571608578706,inf,-3.739844402794192,35,audits/paper_extras/v4_runs/v2/bench2_seed505_det.json,True
505,det,flat_pit0.50_cit0,0,183.22286126951965,228.1646052309189,212.41212564207467,455.525066322752,677.261543181301,0.7294651333532585,0.6631071001622783,0.6863661789442361,0.32740154684848355,0.9166666666666666,0.7186356079775494,0.6409090909090909,0.8666666666666667,inf,inf,-7.158238703507353,50,audits/paper_extras/v4_runs/v2/bench2_seed505_det.json,True
505,det,flat_pit0.50_cit0,1,226.46572516235574,288.35691982532194,244.21699210798633,487.3208761259175,687.9611589214556,0.6708161177043844,0.5808529070487196,0.6450134009151692,0.2916447828393248,0.925,0.7159762380249178,0.581081081081081,0.8625,inf,inf,-6.931684305617846,48,audits/paper_extras/v4_runs/v2/bench2_seed505_det.json,True
505,det,flat_pit0.50_cit0,2,191.41094532406552,137.72659033370738,153.44349716686494,561.7456304495811,875.6380199496157,0.7814040265918566,0.8427128708485817,0.8247637794716884,0.3584727733933892,0.9125,0.5110600255821593,1.0,0.6541666666666667,0.05346180750671239,0.1957599699211102,-7.073791486019529,63,audits/paper_extras/v4_runs/v2/bench2_seed505_det.json,True
505,det,flat_pit0.50_cit0,3,167.4625135122902,192.82350332870016,182.42774675000982,446.8551694423629,713.5944810597151,0.765325380230517,0.7297856017014736,0.7443537589036596,0.3737967693096983,0.9166666666666666,0.6982471890228859,0.7227272727272728,0.8541666666666666,4.258103857499712,inf,-7.851895054097868,51,audits/paper_extras/v4_runs/v2/bench2_seed505_det.json,True
505,det,flat_pit0.50_cit0,4,183.95654893686202,232.73930645332968,209.73350858938107,410.2715587284171,581.5974393881091,0.6837046787372375,0.5998274911626303,0.6393837139138046,0.2945781206326178,0.925,0.76038471041032,0.581081081081081,0.8833333333333333,inf,inf,-9.326021536015626,58,audits/paper_extras/v4_runs/v2/bench2_seed505_det.json,True
505,det,flat_pit0.50_cit0,5,171.59931779075066,241.42908159781808,233.87927959051197,503.95984599424133,731.6788175091041,0.7654717976188842,0.6700340698399212,0.6803525344812899,0.3112280498841,0.9291666666666667,0.7370507544205843,0.515695067264574,0.8791666666666667,39.15379063691617,inf,-7.854611610206899,61,audits/paper_extras/v4_runs/v2/bench2_seed505_det.json,True
505,det,flat_pit0.50_cit0,6,171.81993167236502,212.7908091532131,202.8019158975848,453.83686022336605,682.9187568368001,0.7484035546655434,0.688409774921346,0.7030365415105311,0.3354453136922386,0.9166666666666666,0.7040938980209962,0.7,0.875,inf,inf,-9.252266508025677,55,audits/paper_extras/v4_runs/v2/bench2_seed505_det.json,True
505,det,flat_pit0.50_cit0,7,162.8515185519948,199.39404830408498,191.9582114345347,414.0985642506683,645.7172845128849,0.7477974920946302,0.691205341584586,0.7027209646721106,0.35869989206955305,0.9083333333333333,0.6956925697199057,0.6743119266055045,0.85,42.79474935060041,inf,-6.496435027885173,48,audits/paper_extras/v4_runs/v2/bench2_seed505_det.json,True
505,det,flat_pit0.50_cit0,8,192.613710061889,244.20014671233733,224.7988621230985,448.2225760772245,637.4963161614261,0.6978591010193138,0.6169387327871221,0.6473722962405712,0.2969017001131562,0.925,0.7387414596081878,0.527027027027027,0.8708333333333333,inf,inf,-8.77858016449297,50,audits/paper_extras/v4_runs/v2/bench2_seed505_det.json,True
505,det,flat_pit0.50_cit0,9,168.04601357837785,225.3195649086613,199.9580222991835,397.2700260817737,556.2762862267531,0.6979090827001786,0.5949502603517148,0.6405418903338345,0.2858404431070142,0.9208333333333333,0.7592686772875699,0.5294117647058824,0.8833333333333333,inf,inf,-9.90544181581907,47,audits/paper_extras/v4_runs/v2/bench2_seed505_det.json,True
505,det,flat_pit0_cit0.10,0,489.2261891996255,484.4003042044284,484.4364423016605,749.5471022547197,876.096316877331,0.44158401333842634,0.44709240882215345,0.44705115982185983,0.14444669174465935,0.0,0.0,nan,0.0,0.0,0.0,2.8010289643276565e-08,0,audits/paper_extras/v4_runs/v2/bench2_seed505_det.json,True
505,det,flat_pit0_cit0.10,1,511.513428093242,506.83984075821326,506.7605061091877,763.6208137125864,887.9711057529719,0.42395262100392955,0.4292158410622733,0.4293051847903649,0.14003866931564216,0.0,0.0,nan,0.0,0.0,0.0,0.018542881717988235,0,audits/paper_extras/v4_runs/v2/bench2_seed505_det.json,True
505,det,flat_pit0_cit0.10,2,422.824261272969,416.9053699348752,417.1069976397236,746.9378672634194,912.7293374071594,0.5367473752140922,0.5432322016522431,0.5430112953040137,0.18164363009817666,0.0,0.0,nan,0.0,0.0,0.0,0.0,0,audits/paper_extras/v4_runs/v2/bench2_seed505_det.json,True
505,det,flat_pit0_cit0.10,3,487.4762731762652,482.29620830695166,482.3656680609572,774.6608888977895,914.0755022337573,0.4667002102288018,0.47236720913278163,0.47229122005547264,0.15251980060211176,0.0,0.0,nan,0.0,0.0,0.0,2.1534818372970221e-10,0,audits/paper_extras/v4_runs/v2/bench2_seed505_det.json,True
505,det,flat_pit0_cit0.10,4,394.72979362113944,389.3308297543809,389.39486295491884,702.0715021445924,828.2527311678346,0.5234186634500181,0.5299371615648942,0.529859850379397,0.15234628788404586,0.0,0.0,nan,0.0,0.0,0.0,1.8145519531387322e-08,0,audits/paper_extras/v4_runs/v2/bench2_seed505_det.json,True
505,det,flat_pit0_cit0.10,5,443.61695162872235,438.36822581870797,438.4629244307033,731.2611497416215,863.1093436907054,0.48602462147867537,0.49210580441150126,0.4919960864334865,0.15275954884846152,0.0,0.0,nan,0.0,0.0,0.0,5.291627136472243e-10,0,audits/paper_extras/v4_runs/v2/bench2_seed505_det.json,True
505,det,flat_pit0_cit0.10,6,419.77144998696895,414.13264902414664,414.2510278583032,723.4000044006558,865.6542666094962,0.5150818679250716,0.5215957859871956,0.5214590352788323,0.16433149779993225,0.0,0.0,nan,0.0,0.0,0.0,1.3706038970440204e-08,0,audits/paper_extras/v4_runs/v2/bench2_seed505_det.json,True
505,det,flat_pit0_cit0.10,7,409.5626843846625,403.1419700105043,403.20630587699594,716.5927172424026,881.6107199301991,0.5354381756870092,0.5427211116007951,0.5426481362330536,0.18717785407698054,0.0,0.0,nan,0.0,0.0,0.0,0.00040680413061799925,0,audits/paper_extras/v4_runs/v2/bench2_seed505_det.json,True
505,det,flat_pit0_cit0.10,8,443.4916496023986,438.2338649712614,438.32896755179667,730.8370723891246,858.545541935263,0.4834384107304127,0.48956247098618605,0.48945169924969695,0.14874979055655965,0.0,0.0,nan,0.0,0.0,0.0,1.13651354993749e-09,0,audits/paper_extras/v4_runs/v2/bench2_seed505_det.json,True
505,det,flat_pit0_cit0.10,9,392.4937316138185,387.05853247151174,387.0923650015069,685.6029900312301,812.6162691343529,0.5169999094013634,0.5236884281386226,0.5236467940595619,0.15630166897645914,0.0,0.0,nan,0.0,0.0,0.0,0.0,0,audits/paper_extras/v4_runs/v2/bench2_seed505_det.json,True
505,det,flat_pit0_cit0.20,0,475.62447673076923,470.66971883903665,470.7187936921163,734.7124110323344,862.1866504768971,0.44835091512065345,0.45409764976215133,0.45404073070285883,0.14784993408799985,0.0,0.0,nan,0.0,0.0,0.0,6.192846502273142e-08,0,audits/paper_extras/v4_runs/v2/bench2_seed505_det.json,True
505,det,flat_pit0_cit0.20,1,523.445795538152,518.7425341070112,518.6455977189423,778.850702728277,903.4049716103273,0.4205856598230744,0.42579180942258027,0.4258991105678199,0.13787202062883394,0.0,0.0,nan,0.0,0.0,0.0,0.0003437923448788016,0,audits/paper_extras/v4_runs/v2/bench2_seed505_det.json,True
505,det,flat_pit0_cit0.20,2,451.54636325601655,446.11039957002316,446.09764967264846,747.186601631361,888.8567455475121,0.49199197112705045,0.4981076514244925,0.4981219955777416,0.1593846754562076,0.0,0.0,nan,0.0,0.0,0.0,2.572394297573055e-09,0,audits/paper_extras/v4_runs/v2/bench2_seed505_det.json,True
505,det,flat_pit0_cit0.20,3,481.55260415960504,476.20512606944334,476.2210120821155,765.3717583201147,907.2314586215059,0.4692064526826475,0.4751007347198764,0.47508322429018257,0.1563654996233708,0.0,0.0,nan,0.0,0.0,0.0,8.1712345778584e-09,0,audits/paper_extras/v4_runs/v2/bench2_seed505_det.json,True
505,det,flat_pit0_cit0.20,4,406.8249384400313,401.3502299132133,401.391471307616,722.0539131583461,851.982465534089,0.5224961135966552,0.5289219600762374,0.5288735536875251,0.1525014394448759,0.0,0.0,nan,0.0,0.0,0.0,0.0,0,audits/paper_extras/v4_runs/v2/bench2_seed505_det.json,True
505,det,flat_pit0_cit0.20,5,492.5361927121401,487.814215618513,487.8887702410599,757.1080498293337,878.291624052019,0.4392111011604405,0.4445874214671766,0.4445025355130069,0.13797646579344805,0.0,0.0,nan,0.0,0.0,0.0,0.0,0,audits/paper_extras/v4_runs/v2/bench2_seed505_det.json,True
505,det,flat_pit0_cit0.20,6,424.9549080703078,419.34713131984927,419.38505220744236,726.5022821594158,866.0120254143075,0.5092967584751427,0.5157721613401037,0.5157283733943475,0.1610944642346612,0.0,0.0,nan,0.0,0.0,0.0,2.2924909015564765e-07,0,audits/paper_extras/v4_runs/v2/bench2_seed505_det.json,True
505,det,flat_pit0_cit0.20,7,435.93915963195946,429.6868173085133,429.7498453308184,742.8934806910748,904.0437440200891,0.5177897502023173,0.524705723422422,0.5246360055324173,0.17825493997935707,0.0,0.0,nan,0.0,0.0,0.0,0.0,0,audits/paper_extras/v4_runs/v2/bench2_seed505_det.json,True
505,det,flat_pit0_cit0.20,8,415.7431963690245,409.83354646769845,409.8761921707961,731.7918305928099,874.9662329764985,0.5248465818449576,0.5316007280949475,0.5315519882676372,0.16363420322705666,0.0,0.0,nan,0.0,0.0,0.0,0.0,1,audits/paper_extras/v4_runs/v2/bench2_seed505_det.json,True
505,det,flat_pit0_cit0.20,9,367.95203175888093,362.0371127148041,362.104902345827,689.0391416535871,827.1253719421613,0.5551435801142238,0.5622947560359443,0.5622127979273884,0.1669471581609641,0.0,0.0,nan,0.0,0.0,0.0,1.7814166886065408e-06,0,audits/paper_extras/v4_runs/v2/bench2_seed505_det.json,True
505,det,flat_pit0_cit0.30,0,471.3012845511208,466.06451009038614,466.11478844655,757.6691618452081,889.8141670330082,0.4703374007601774,0.4762226458537638,0.47616614152058195,0.1485085426639404,0.0,0.0,nan,0.0,0.0,0.0,4.635659156981831e-06,0,audits/paper_extras/v4_runs/v2/bench2_seed505_det.json,True
505,det,flat_pit0_cit0.30,1,530.9948398291259,525.9388285675744,525.9961354824736,814.2895216524308,950.5657048874671,0.44139070334755265,0.44670965314297995,0.4466493659743976,0.1433632441548787,0.0,0.0,nan,0.0,0.0,0.0,6.624853998715707e-09,0,audits/paper_extras/v4_runs/v2/bench2_seed505_det.json,True
505,det,flat_pit0_cit0.30,2,420.1892021786289,414.14810577897066,414.2535920278981,752.2927630936441,909.059792740005,0.5377760566088475,0.5444214901082763,0.5443054512626802,0.1724496352146959,0.0,0.0,nan,0.0,0.0,0.0,0.0,0,audits/paper_extras/v4_runs/v2/bench2_seed505_det.json,True
505,det,flat_pit0_cit0.30,3,459.2383574057718,453.44861862641636,453.53180576981174,768.8224312503503,918.8490135352625,0.500202589717263,0.5065036671457291,0.5064131330730252,0.16327664292492014,0.0,0.0,nan,0.0,0.0,0.0,1.6701374128125224e-07,0,audits/paper_extras/v4_runs/v2/bench2_seed505_det.json,True
505,det,flat_pit0_cit0.30,4,426.96468428034984,421.76338748944534,421.49944783703495,726.5375772553253,847.7250377556043,0.4963405995288745,0.5024761936888338,0.50278754423371,0.14295609437362966,0.0,0.0,nan,0.0,0.0,0.0,0.0,0,audits/paper_extras/v4_runs/v2/bench2_seed505_det.json,True
505,det,flat_pit0_cit0.30,5,491.1771722843642,486.23898982696164,486.17624419595643,776.4525931995988,900.6902635274996,0.4546658355551684,0.46014849997086055,0.4602181639092265,0.13793606454824034,0.0,0.0,nan,0.0,0.0,0.0,0.0,0,audits/paper_extras/v4_runs/v2/bench2_seed505_det.json,True
505,det,flat_pit0_cit0.30,6,438.61806554432854,433.1980550906042,433.17146135939873,732.0342548535748,862.9189432992672,0.4917042105167782,0.4979852297200438,0.49801604806215105,0.1516766892905033,0.0,0.0,nan,0.0,0.0,0.0,0.0,0,audits/paper_extras/v4_runs/v2/bench2_seed505_det.json,True
505,det,flat_pit0_cit0.30,7,404.0511714405187,397.32245550836274,397.3022986262141,739.0849280202376,905.783327613381,0.553920723507751,0.561349338858715,0.5613715923950013,0.18403783168803908,0.0,0.0,nan,0.0,0.0,0.0,0.00032211783576041597,0,audits/paper_extras/v4_runs/v2/bench2_seed505_det.json,True
505,det,flat_pit0_cit0.30,8,414.9849665202242,408.8228780078726,408.78038704535334,743.4968708852076,894.1294233060668,0.5358781897750255,0.5427699085259499,0.542817430687073,0.16846839897505153,0.0,0.0,nan,0.0,0.0,0.0,0.0,1,audits/paper_extras/v4_runs/v2/bench2_seed505_det.json,True
505,det,flat_pit0_cit0.30,9,373.512915201513,367.5404480460517,367.48622259438673,700.1144728725151,837.0275087496798,0.5537626764985866,0.5608980060941249,0.5609627894508225,0.16357053316166426,0.0,0.0,nan,0.0,0.0,0.0,3.673701745032787e-05,0,audits/paper_extras/v4_runs/v2/bench2_seed505_det.json,True
505,det,flat_pit0_cit0.50,0,489.48988701389607,484.0446022070921,484.14735195382946,800.4774382391533,933.4995202813625,0.47563991584445503,0.48147311092222295,0.4813630415065404,0.1424982864502336,0.0,0.0,nan,0.0,0.0,0.0,5.38520438186918e-05,0,audits/paper_extras/v4_runs/v2/bench2_seed505_det.json,True
505,det,flat_pit0_cit0.50,1,532.846951883373,527.4010974634797,527.3290835249351,858.2732636131564,997.2686580687921,0.465693674846626,0.47115444449563826,0.47122665566758487,0.13937607818218206,0.0,0.0,nan,0.0,0.0,0.0,0.0,0,audits/paper_extras/v4_runs/v2/bench2_seed505_det.json,True
505,det,flat_pit0_cit0.50,2,445.71543541409034,439.21838484194865,439.22677117548795,818.1066537442888,986.4744991186268,0.5481733832832798,0.5547595145800812,0.5547510132619561,0.17067632820186188,0.0,0.0,nan,0.0,0.0,0.0,0.0,0,audits/paper_extras/v4_runs/v2/bench2_seed505_det.json,True
505,det,flat_pit0_cit0.50,3,436.100813728199,429.15356428379516,428.82908549607794,827.055874781267,1005.7285368855161,0.5663831762408854,0.573290854793905,0.573613485380407,0.17765495911804657,0.0,0.0,nan,0.0,0.0,0.0,0.0,0,audits/paper_extras/v4_runs/v2/bench2_seed505_det.json,True
505,det,flat_pit0_cit0.50,4,429.85951973667113,423.9873117482424,423.0879018695686,785.3240052672459,923.8268742035045,0.534696887761267,0.5410532821814786,0.542026851909518,0.149922970205507,0.0,0.0,nan,0.0,0.0,0.0,0.0,3,audits/paper_extras/v4_runs/v2/bench2_seed505_det.json,True
505,det,flat_pit0_cit0.50,5,406.2231657729945,399.3198657422188,398.9805769096244,794.5423989343114,963.8275075699872,0.5785312593980961,0.5856936406090043,0.5860456629677039,0.17563838685459324,0.0,0.0,nan,0.0,0.0,0.0,0.0,0,audits/paper_extras/v4_runs/v2/bench2_seed505_det.json,True
505,det,flat_pit0_cit0.50,6,411.80541989972096,405.3502139692837,405.57940964385784,790.2453935564976,937.8823152531804,0.5609199435767648,0.5678026897651228,0.5675583140360504,0.15741518876686403,0.0,0.0,nan,0.0,0.0,0.0,0.004843031206834603,0,audits/paper_extras/v4_runs/v2/bench2_seed505_det.json,True
505,det,flat_pit0_cit0.50,7,397.38115725247775,390.14412433694633,390.0851278173594,771.1162341816145,941.2003801670513,0.5777932461290044,0.5854823982670931,0.5855450804767799,0.18070981437050532,0.0,0.0,nan,0.0,0.0,0.0,0.0,0,audits/paper_extras/v4_runs/v2/bench2_seed505_det.json,True
505,det,flat_pit0_cit0.50,8,436.35499386741026,429.85140217473173,429.602910154138,800.2045417752889,957.5372626566701,0.5442945033212064,0.5510865018640458,0.5513460134572598,0.16430976319904705,0.0,0.0,nan,0.0,0.0,0.0,0.0,0,audits/paper_extras/v4_runs/v2/bench2_seed505_det.json,True
505,det,flat_pit0_cit0.50,9,371.6152913410756,365.274696859793,365.2754377270563,733.6401071349018,870.6264004498022,0.573163309602048,0.5804461056188088,0.5804452546599326,0.15734222307539436,0.0,0.0,nan,0.0,0.0,0.0,0.0,0,audits/paper_extras/v4_runs/v2/bench2_seed505_det.json,True
505,exp,rl_learned,0,393.2754234811707,387.2932912896829,387.0569675722549,685.637684948655,843.5403207519502,0.5337799346324116,0.5408716314302069,0.5411517884204706,0.18719038310170802,0.0,0.0,nan,0.0,0.0,0.0,2.7170839020929094e-06,0,audits/paper_extras/v4_runs/v2/bench2_seed505_exp.json,True
505,exp,rl_learned,1,511.34675924049196,506.1882355457789,504.64807449931857,757.0284520360709,907.575266538364,0.43657922588519893,0.4422630781065011,0.44396008451825014,0.1658780489650213,0.020833333333333332,0.0002916666666666667,1.0,0.0,0.0003642734848212369,0.02521272509977921,-0.06351493299007416,0,audits/paper_extras/v4_runs/v2/bench2_seed505_exp.json,True
505,exp,rl_learned,2,404.34643740672624,397.99807850502816,397.47655741145354,726.3272391506988,916.8417296007788,0.5589790207489889,0.5659031808267182,0.5664720042961754,0.20779430549374742,0.0,0.0,nan,0.0,0.0,0.0,0.0,0,audits/paper_extras/v4_runs/v2/bench2_seed505_exp.json,True
505,exp,rl_learned,3,480.0030294750931,474.5452448283865,473.2913450708231,757.8316058237674,916.3179863061306,0.47616107437759053,0.48211728688053185,0.48348569803943325,0.17296002354079612,0.008333333333333333,0.00015432098765432098,1.0,0.0,0.0003664934571862598,0.019830074692818042,-0.03135088007185449,0,audits/paper_extras/v4_runs/v2/bench2_seed505_exp.json,True
505,exp,rl_learned,4,392.3668680870616,386.6407110346522,386.69050590733764,668.6672444138674,818.6663603785128,0.5207243303540044,0.5277188244843873,0.5276580001057449,0.18322374440216765,0.004166666666666667,8.169934640522875e-05,1.0,0.0,0.0005957779973673238,0.03438300419918387,-0.024080581707422555,0,audits/paper_extras/v4_runs/v2/bench2_seed505_exp.json,True
505,exp,rl_learned,5,499.3025704034335,494.542788663492,493.28591749418155,734.9601304716992,878.239704124505,0.4314734712419138,0.43689315531858214,0.43832428074300533,0.1631440402659061,0.004166666666666667,8.250825082508251e-05,1.0,0.0,0.00020059663597133987,0.010272630131299062,-0.00888173582392704,0,audits/paper_extras/v4_runs/v2/bench2_seed505_exp.json,True
505,exp,rl_learned,6,382.70341801560323,376.71136120561096,376.585952513753,677.0867136314806,835.655431050096,0.5420320340230508,0.5492025215079015,0.5493525937592125,0.18975370891726967,0.004166666666666667,0.00021043771043771043,1.0,0.0,0.0005503726342625298,0.012200850533155854,-0.009094044990297201,0,audits/paper_extras/v4_runs/v2/bench2_seed505_exp.json,True
505,exp,rl_learned,7,495.0323499700964,490.0322159293845,488.50913278977134,762.5525017923721,909.2161986343417,0.4555394517677495,0.46103884129492934,0.46271400188038836,0.16130783532262288,0.004166666666666667,0.00015015015015015014,1.0,0.0,0.0002674382001137236,0.007503030097272323,-0.005609027902691688,0,audits/paper_extras/v4_runs/v2/bench2_seed505_exp.json,True
505,exp,rl_learned,8,410.2297139846866,404.25593740636816,403.90873986483786,702.0815931058636,865.6443981627019,0.5260990369077835,0.5329999959979105,0.5334010816426247,0.1889491867607465,0.0,0.0,nan,0.0,0.0,0.0,4.356502258939798e-06,0,audits/paper_extras/v4_runs/v2/bench2_seed505_exp.json,True
505,exp,rl_learned,9,359.97161094457005,354.20232024074653,354.02712758930943,659.5136899185038,803.9641040796722,0.5522541253795864,0.5594301804727773,0.5596480915095363,0.17967271601824328,0.016666666666666666,0.0002427184466019417,1.0,0.0,1.3667260922104387e-06,6.21590488363216e-05,-0.00014817716234416523,0,audits/paper_extras/v4_runs/v2/bench2_seed505_exp.json,True
505,exp,free_market,0,422.7580912426272,417.35891374361904,414.2351374580921,699.0732104742372,849.1176828688832,0.5021207309989474,0.5084793048550071,0.5121581544992317,0.1767063334350737,0.0,0.0,nan,0.0,0.0,0.0,1.4557248739777151e-09,0,audits/paper_extras/v4_runs/v2/bench2_seed505_exp.json,True
505,exp,free_market,1,492.12233127765984,487.1908863068574,487.09893944920555,727.4800765913503,874.7419315625109,0.4374085504297198,0.44304615026672955,0.44315126339133726,0.1683489148715136,0.0,0.0,nan,0.0,0.0,0.0,1.3683995936375482e-08,0,audits/paper_extras/v4_runs/v2/bench2_seed505_exp.json,True
505,exp,free_market,2,381.3487811436296,374.4337442792439,374.41704228535934,709.9608028447601,932.9224217467835,0.5912320550409749,0.5986442864368482,0.5986621893122591,0.23899266831271446,0.0,0.0,nan,0.0,0.0,0.0,7.088944986577417e-10,0,audits/paper_extras/v4_runs/v2/bench2_seed505_exp.json,True
505,exp,free_market,3,516.0461224911602,511.5999820733956,510.70436868638143,763.6035425940792,899.3298566767003,0.42618815703716445,0.43113199425635157,0.43212786176854984,0.15091939078301203,0.0,0.0,nan,0.0,0.0,0.0,2.7133850721838826e-12,0,audits/paper_extras/v4_runs/v2/bench2_seed505_exp.json,True
505,exp,free_market,4,376.82386646008587,371.3101518730855,370.96300153793675,647.4298606084801,793.0340345994009,0.5248326679315378,0.5317853513555041,0.5322231009601905,0.1836039408629825,0.0,0.0,nan,0.0,0.0,0.0,5.472808428663711e-09,0,audits/paper_extras/v4_runs/v2/bench2_seed505_exp.json,True
505,exp,free_market,5,446.9413773136078,441.66295233678875,441.5061075158262,704.7111128755953,854.7725636093036,0.4771224576671202,0.48329769679099993,0.48348118983656546,0.17555716821334225,0.0,0.0,nan,0.0,0.0,0.0,1.407820304777374e-09,0,audits/paper_extras/v4_runs/v2/bench2_seed505_exp.json,True
505,exp,free_market,6,371.1819885401665,365.32168991587054,364.9233886286076,653.7267474745063,810.2876167853613,0.5419132899836853,0.5491456584697612,0.5496372139113254,0.19321641608195367,0.0,0.0,nan,0.0,0.0,0.0,2.6461705493474597e-08,0,audits/paper_extras/v4_runs/v2/bench2_seed505_exp.json,True
505,exp,free_market,7,488.4928049383774,483.78375583735516,482.6542704076934,730.7275936622013,867.5440721148764,0.43692450834510077,0.44235253125757673,0.44365446560992416,0.15770550782411247,0.0,0.0,nan,0.0,0.0,0.0,1.4225953748336906e-11,0,audits/paper_extras/v4_runs/v2/bench2_seed505_exp.json,True
505,exp,free_market,8,446.166158726577,440.9420429791056,440.8779037460577,710.0240074522874,857.9394218912768,0.47995610489254587,0.48604524780190783,0.4861200074310977,0.17240776057698654,0.0,0.0,nan,0.0,0.0,0.0,1.0243809800414283e-08,0,audits/paper_extras/v4_runs/v2/bench2_seed505_exp.json,True
505,exp,free_market,9,368.91825901664254,363.4564032671953,361.9169541384991,645.0493443524673,783.6556795816629,0.5292342432666585,0.5362039569964983,0.5381684028223972,0.17687147409330004,0.0,0.0,nan,0.0,0.0,0.0,4.344663362410017e-08,0,audits/paper_extras/v4_runs/v2/bench2_seed505_exp.json,True
505,exp,us_federal,0,330.1165982615102,303.29475887301027,292.9782393086409,673.0588096800726,835.9834335375762,0.6051158611306716,0.6372000368600873,0.6495406158123682,0.19488977570771482,0.7083333333333334,0.0779484391638438,1.0,0.0,0.01656639456841612,0.10632849145280368,-0.39382162906485546,0,audits/paper_extras/v4_runs/v2/bench2_seed505_exp.json,True
505,exp,us_federal,1,439.5342308168722,406.814074681781,395.5029042671606,756.9133555612327,907.1965487457804,0.5155027524911353,0.5515700812087407,0.564038349998187,0.16565670735004195,0.75,0.07150444373330443,1.0,0.0,0.015545934425064023,0.11955606472723296,-0.535141943033636,0,audits/paper_extras/v4_runs/v2/bench2_seed505_exp.json,True
505,exp,us_federal,2,322.1634043406955,300.7168612296447,297.1564880074034,701.5983253678668,893.0906988934919,0.6392713475352003,0.6632851942112684,0.6672717694008348,0.2144153709840193,0.7458333333333333,0.13895629510037638,1.0,0.0,0.022822642728507255,0.08198922821931451,-0.7501838753788818,0,audits/paper_extras/v4_runs/v2/bench2_seed505_exp.json,True
505,exp,us_federal,3,372.6649087935007,346.4859729563784,336.9886090709698,698.3823402275511,867.7117209166546,0.5705199090778493,0.6006899934573328,0.6116352920587802,0.195144742899431,0.875,0.0848340563798895,1.0,0.0,0.01209796087975152,0.0784020121946028,-0.7284955054545743,0,audits/paper_extras/v4_runs/v2/bench2_seed505_exp.json,True
505,exp,us_federal,4,318.1517423242053,290.18278949349104,277.7357109320353,663.575048349664,810.8354120201832,0.6076247563836223,0.642118751608905,0.65746968273122,0.18161560470530316,0.7833333333333333,0.1352800771262534,1.0,0.0,0.03269288826654174,0.13962036402108835,-0.6300000093877318,0,audits/paper_extras/v4_runs/v2/bench2_seed505_exp.json,True
505,exp,us_federal,5,335.9130213325538,310.98563338544756,305.78751714348476,680.5791442029628,867.335569912209,0.6127069694990664,0.6414471582009196,0.6474403590130215,0.21532199553184425,0.6958333333333333,0.06535058630491539,1.0,0.0,0.01158406324629607,0.08226058914458637,-0.39727167757371984,0,audits/paper_extras/v4_runs/v2/bench2_seed505_exp.json,True
505,exp,us_federal,6,338.8467040369271,313.9841242384185,304.7505455231708,669.1341464327683,828.5558135966743,0.5910393742021688,0.6210465015320499,0.6321906858630555,0.1924090864462988,0.7,0.08905116824914859,1.0,0.0,0.02132176836935339,0.10944328197154016,-0.7098637281934939,0,audits/paper_extras/v4_runs/v2/bench2_seed505_exp.json,True
505,exp,us_federal,7,460.85873112914874,430.22769209855835,408.2445890118568,771.4924328427818,908.3993244116568,0.49266944751678093,0.5263892425534288,0.5505890657984971,0.15071223402499284,0.5916666666666667,0.08274982706709158,1.0,0.0,0.03131146177687883,0.18777337930882393,-0.23355337738579773,0,audits/paper_extras/v4_runs/v2/bench2_seed505_exp.json,True
505,exp,us_federal,8,387.26566294960946,355.2876182473495,344.9220229875528,710.1680689041094,840.666822817599,0.5393351415348585,0.5773740456932046,0.5897042518800684,0.15523243022260222,0.6166666666666667,0.10050612074010505,1.0,0.0,0.039184967872879034,0.1966461653983255,-0.6300000093877316,0,audits/paper_extras/v4_runs/v2/bench2_seed505_exp.json,True
505,exp,us_federal,9,329.5332228780024,299.3456414686373,284.1857300733881,670.2289601640936,799.6062141466228,0.5878806129218297,0.6256336729597418,0.6445928945453677,0.16180121126323002,0.7291666666666666,0.1300602629710744,1.0,0.0,0.05831174093410967,0.23324559227186342,-0.5867009387776846,0,audits/paper_extras/v4_runs/v2/bench2_seed505_exp.json,True
505,exp,saez,0,237.6931530256957,283.7559753220531,268.7901668598549,509.6081461757258,657.745153618807,0.6386242426600233,0.5685928299724083,0.5913460321508793,0.2252194586734018,0.95,0.7654768114896319,0.49122807017543857,0.9083333333333333,inf,inf,-27.575279786244735,42,audits/paper_extras/v4_runs/v2/bench2_seed505_exp.json,True
505,exp,saez,1,281.91825528208403,351.78331522409604,291.93669076513305,530.2081388356762,665.4282316276856,0.5763355958125017,0.47134296607222603,0.5612799744744301,0.20320762835873568,0.95,0.7484499686036798,0.4956140350877193,0.8708333333333333,inf,inf,-29.8785135228255,44,audits/paper_extras/v4_runs/v2/bench2_seed505_exp.json,True
505,exp,saez,2,323.6902335439523,198.6137208252331,196.19689702311584,564.43655460131,790.4477409485911,0.5904976170145012,0.7487326352696219,0.7517901730129987,0.2859280565164905,0.9458333333333333,0.5247479419012137,1.0,0.725,0.47352590834164715,inf,-29.976605102408964,45,audits/paper_extras/v4_runs/v2/bench2_seed505_exp.json,True
505,exp,saez,3,262.8224900035837,276.80964257088533,253.1142335366128,530.7754029730708,715.7957491245229,0.6328247404024999,0.6132840368087596,0.6463876268527826,0.25848204097013316,0.95,0.7065739087025964,0.6754385964912281,0.8666666666666667,inf,inf,-23.928099398665182,52,audits/paper_extras/v4_runs/v2/bench2_seed505_exp.json,True
505,exp,saez,4,185.28315221741738,224.876572926592,216.4631245047444,445.9556410749309,600.8810468536768,0.6916475345867641,0.6257552570444901,0.6397571105992027,0.2578304085142371,0.95,0.7404874703093337,0.5350877192982456,0.8875,inf,inf,-30.49555059164791,34,audits/paper_extras/v4_runs/v2/bench2_seed505_exp.json,True
505,exp,saez,5,270.09727473306725,341.7731259871515,315.69820877645003,571.7345038367553,714.3063982759969,0.6218747649678676,0.521531478911525,0.5580353059437819,0.1995948724291758,0.9416666666666667,0.741983727496282,0.4424778761061947,0.9083333333333333,inf,inf,-25.10340224445124,39,audits/paper_extras/v4_runs/v2/bench2_seed505_exp.json,True
505,exp,saez,6,289.0139803967139,359.80470472251886,302.70614757486334,518.9660248032175,635.598694865531,0.5452885873878981,0.43391214042904835,0.5237464299090409,0.18350048702820052,0.9458333333333333,0.736903890672016,0.43612334801762115,0.8,inf,inf,-30.69354271873153,41,audits/paper_extras/v4_runs/v2/bench2_seed505_exp.json,True
505,exp,saez,7,280.1862327138305,301.3732522970969,303.47382170891177,539.2843650793767,693.5063327806511,0.5959860502060469,0.5654354718164943,0.5624065601648984,0.22238004241852144,0.95,0.7381924887326418,0.5526315789473685,0.8916666666666667,inf,inf,-24.96662449796549,63,audits/paper_extras/v4_runs/v2/bench2_seed505_exp.json,True
505,exp,saez,8,253.75436428084905,299.75452025152583,255.90588625272204,527.1237766657425,684.7579665127865,0.629424735906142,0.5622474875640188,0.6262827177375475,0.23020424377070828,0.95,0.7616281217436501,0.4956140350877193,0.875,inf,inf,-26.915009252761415,40,audits/paper_extras/v4_runs/v2/bench2_seed505_exp.json,True
505,exp,saez,9,192.94018369397276,207.45908201502252,214.44981461005972,445.6143485067809,597.2637146987149,0.6769598103054026,0.6526507857259106,0.6409461861947577,0.25390687975818577,0.9458333333333333,0.7249674576047157,0.6651982378854625,0.9166666666666666,inf,inf,-22.312008535728946,46,audits/paper_extras/v4_runs/v2/bench2_seed505_exp.json,True
505,exp,free_market+rl_aux,0,423.97162956159036,418.57065700771705,416.40676452628696,700.423083057159,850.3555321449145,0.5014183908556749,0.5077698195813163,0.5103145110657968,0.1763173677597766,0.0,0.0,nan,0.0,0.0,0.0,1.456874176852807e-09,0,audits/paper_extras/v4_runs/v2/bench2_seed505_exp.json,True
505,exp,free_market+rl_aux,1,493.1288518470912,488.1990879560035,488.13798888550104,728.3972496747805,875.5459870199242,0.4367756129800302,0.4424061155055082,0.4424758994704948,0.16806511539843896,0.0,0.0,nan,0.0,0.0,0.0,2.0773418984987302e-08,0,audits/paper_extras/v4_runs/v2/bench2_seed505_exp.json,True
505,exp,free_market+rl_aux,2,381.87841934500454,374.95820392916556,374.9419007648459,710.7961419827623,933.8770808864399,0.5910827804206052,0.5984929798542077,0.5985104373597545,0.2388761256373573,0.0,0.0,nan,0.0,0.0,0.0,9.108536147550694e-10,0,audits/paper_extras/v4_runs/v2/bench2_seed505_exp.json,True
505,exp,free_market+rl_aux,3,517.9029649026969,513.4671339603409,512.633409542454,764.6734677959917,900.0070993172209,0.42455680039013294,0.4294854625592662,0.43041181571639053,0.15036951555593106,0.0,0.0,nan,0.0,0.0,0.0,2.7604585284279892e-12,0,audits/paper_extras/v4_runs/v2/bench2_seed505_exp.json,True
505,exp,free_market+rl_aux,4,377.45004276340586,371.932950851142,371.62699375697207,648.3523480185174,793.8998907935401,0.5245621681769891,0.5315115228453079,0.531896907826107,0.18333236276118023,0.0,0.0,nan,0.0,0.0,0.0,5.5859763481436175e-09,0,audits/paper_extras/v4_runs/v2/bench2_seed505_exp.json,True
505,exp,free_market+rl_aux,5,447.6467381622538,442.36517547297143,442.2162394941444,705.6509337333396,855.7166953455784,0.4768750678850865,0.4830471604923827,0.48322120872544533,0.17536850972813525,0.0,0.0,nan,0.0,0.0,0.0,1.422075790458166e-09,0,audits/paper_extras/v4_runs/v2/bench2_seed505_exp.json,True
505,exp,free_market+rl_aux,6,383.54113475844287,377.7247413029947,377.80339161933927,665.6479012212659,822.5021715501291,0.5336898211033269,0.5407614054184008,0.5406657821859462,0.1907037765423132,0.0,0.0,nan,0.0,0.0,0.0,1.5239422390678214e-08,0,audits/paper_extras/v4_runs/v2/bench2_seed505_exp.json,True
505,exp,free_market+rl_aux,7,488.99615306759745,484.303890568798,483.5733191661796,729.3616390420401,865.4255183341198,0.4349644854373154,0.44038639916575695,0.44123057510827446,0.1572219404322542,0.0,0.0,nan,0.0,0.0,0.0,1.7992274337075287e-11,0,audits/paper_extras/v4_runs/v2/bench2_seed505_exp.json,True
505,exp,free_market+rl_aux,8,445.25863303513825,440.0166916427051,439.9799164240321,710.5662730353795,858.7300736308617,0.4814917437880026,0.48759603843587634,0.487638863556135,0.17253826917813603,0.0,0.0,nan,0.0,0.0,0.0,1.3640053753150028e-08,0,audits/paper_extras/v4_runs/v2/bench2_seed505_exp.json,True
505,exp,free_market+rl_aux,9,385.92520988132446,380.7769564384825,380.0392443134031,655.9784138381466,785.9501356422683,0.5089698539641432,0.5155202102900377,0.5164588348816302,0.16536891580012314,0.0,0.0,nan,0.0,0.0,0.0,7.936764578886368e-10,0,audits/paper_extras/v4_runs/v2/bench2_seed505_exp.json,True
505,exp,us_federal+rl_aux,0,326.2427221738841,302.07489565223733,295.11863390316313,672.6543037013499,855.3380671468091,0.6185803780929018,0.6468356697137512,0.6549684326717691,0.21358077053070465,0.7208333333333333,0.07082755741583333,1.0,0.0,0.011501746356261269,0.0827557356491982,-0.5928689315413733,0,audits/paper_extras/v4_runs/v2/bench2_seed505_exp.json,True
505,exp,us_federal+rl_aux,1,349.4444881106886,324.42612625391695,319.49909871814367,711.6120648449013,906.5027779466453,0.6145136047986208,0.6421123750014455,0.6475475790136535,0.2149918542370036,0.725,0.061467142318186584,1.0,0.0,0.008391143665745924,0.06973753750113086,-0.354925672544389,0,audits/paper_extras/v4_runs/v2/bench2_seed505_exp.json,True
505,exp,us_federal+rl_aux,2,336.90864654825106,317.0428003137191,313.42517860678527,738.6399080972183,972.3700812664044,0.6535180863345108,0.6739484210571288,0.6776688375699675,0.24037162153814784,0.7458333333333333,0.13738318703865193,1.0,0.0,0.01579016671883063,0.057751682166714745,-0.4911570830275052,0,audits/paper_extras/v4_runs/v2/bench2_seed505_exp.json,True
505,exp,us_federal+rl_aux,3,307.5764072732035,285.604351182432,278.6805360159571,675.3096918329904,876.8039411306103,0.6492073166589629,0.6742665745615212,0.6821632260724015,0.22980536451261788,0.8125,0.09209953677545744,1.0,0.0,0.011719509215150971,0.06034195446431915,-0.6134996782463633,0,audits/paper_extras/v4_runs/v2/bench2_seed505_exp.json,True
505,exp,us_federal+rl_aux,4,291.16089762624773,267.10042679723585,256.2819095816206,649.6373980161922,821.3448325402952,0.6455071169977035,0.6748011112809529,0.687972822828897,0.20905644952198452,0.8125,0.14109014825797495,1.0,0.0,0.02611722336004634,0.1070265429297456,-0.5758956960798948,1,audits/paper_extras/v4_runs/v2/bench2_seed505_exp.json,True
505,exp,us_federal+rl_aux,5,342.08186529808404,315.7877392181273,309.3458367725527,706.356550539861,901.1434520648477,0.620391332240999,0.6495699563764874,0.6567185434641635,0.21615526482344063,0.7125,0.07144569808648295,1.0,0.0,0.014355301967419354,0.08813795749816061,-0.4407115091227499,0,audits/paper_extras/v4_runs/v2/bench2_seed505_exp.json,True
505,exp,us_federal+rl_aux,6,318.9228930492129,297.0953242245453,290.75860110546597,679.8390955777734,852.5683038503147,0.6259268710683782,0.6515290060833574,0.6589615168751166,0.20259867449032842,0.75,0.10938078812576472,1.0,0.0,0.027970173209895113,0.10590885881997887,-0.6300000093877317,0,audits/paper_extras/v4_runs/v2/bench2_seed505_exp.json,True
505,exp,us_federal+rl_aux,7,410.2097906059815,377.74586890487126,361.7043929711398,740.535373451518,897.2878040570391,0.5428336496370064,0.5790137041906583,0.5968914418141954,0.17469582211724413,0.7208333333333333,0.06979025779749781,1.0,0.0,0.022096097678285853,0.1493104903928267,-0.4141570606632185,0,audits/paper_extras/v4_runs/v2/bench2_seed505_exp.json,True
505,exp,us_federal+rl_aux,8,341.865457586851,315.0432603180031,308.90936306475663,691.5126812439805,864.5280255220661,0.6045640540335204,0.635589303044564,0.6426843850687035,0.20012693535713436,0.6291666666666667,0.07410817605351995,1.0,0.0,0.01893840481417007,0.11527076777951925,-0.6300000093877318,0,audits/paper_extras/v4_runs/v2/bench2_seed505_exp.json,True
505,exp,us_federal+rl_aux,9,278.83824488745773,252.19171785596208,243.95406531053186,649.3399271180018,809.7367196506885,0.6556433244033376,0.6885509675728244,0.6987242156737428,0.19808511660664235,0.7,0.11523098114371305,1.0,0.0,0.03893919516302418,0.1630575766941248,-0.48192094686742354,0,audits/paper_extras/v4_runs/v2/bench2_seed505_exp.json,True
505,exp,saez+rl_aux,0,168.6598318070985,161.64592617493204,205.60481128574682,555.7284708604486,873.2741188055911,0.8068649600680017,0.8148966942979816,0.764558679962988,0.36362654189209376,0.9458333333333333,0.6791848801423629,0.6387665198237885,0.8333333333333334,0.13019770765214536,inf,-18.971097633763897,33,audits/paper_extras/v4_runs/v2/bench2_seed505_exp.json,True
505,exp,saez+rl_aux,1,170.37956744869248,171.19917871032774,201.91881907972464,579.368734875882,929.4677989983262,0.8166912639337177,0.8158094568797041,0.7827586719009205,0.3766661572350768,0.9333333333333333,0.681143980238884,0.6785714285714286,0.8208333333333333,0.11446406437073746,inf,-29.872641460783278,39,audits/paper_extras/v4_runs/v2/bench2_seed505_exp.json,True
505,exp,saez+rl_aux,2,224.77108951073652,167.75288087236328,188.12195768747858,565.72284852351,955.7973710932005,0.7648339529814223,0.8244890748334088,0.8031779921383204,0.4081142450973052,0.9291666666666667,0.5261548590975943,1.0,0.6041666666666666,0.05747381278439538,0.2379584968792461,-20.781058817093594,47,audits/paper_extras/v4_runs/v2/bench2_seed505_exp.json,True
505,exp,saez+rl_aux,3,160.3331922086433,132.9687650031074,160.9389107965262,501.51350565879187,846.7640243328084,0.810651860965663,0.8429683345275827,0.8099365275664198,0.40772931862102907,0.9458333333333333,0.6645526127652917,0.920704845814978,0.825,0.05020962363313297,0.14184443635834734,-19.17671507342692,32,audits/paper_extras/v4_runs/v2/bench2_seed505_exp.json,True
505,exp,saez+rl_aux,4,143.66041000651987,114.3432219121615,141.1368069532636,434.0323769388251,755.258080494773,0.8097863316968323,0.8486037754971721,0.8131277101188984,0.4253191218364874,0.9458333333333333,0.6653049420435736,0.9647577092511013,0.9,0.05298832722063498,0.1639265715013516,-30.15183759769195,42,audits/paper_extras/v4_runs/v2/bench2_seed505_exp.json,True
505,exp,saez+rl_aux,5,160.7260504074893,150.31005913241566,190.11758775074344,560.1171177694699,871.0077901303029,0.8154711677338217,0.8274297189581631,0.7817268801668217,0.35693213755794734,0.9375,0.6783640672629088,0.7511111111111111,0.8583333333333333,0.09747922570370754,0.27765350500075353,-19.913998374024622,36,audits/paper_extras/v4_runs/v2/bench2_seed505_exp.json,True
505,exp,saez+rl_aux,6,167.97875609690217,144.2654523919975,169.67293371624677,524.5694221883741,867.4584854785816,0.8063552793489277,0.8336918079573509,0.8044022433850108,0.3952800843270715,0.9416666666666667,0.6589731687726043,0.8893805309734514,0.875,0.07056418794693375,0.2048573797829093,-21.828991832923506,39,audits/paper_extras/v4_runs/v2/bench2_seed505_exp.json,True
505,exp,saez+rl_aux,7,167.13072234927617,176.28697271527233,200.89882275783413,480.8526717663963,741.1724936787177,0.7745049583265785,0.7621512209117559,0.7289445783926792,0.35122704111731967,0.9375,0.7038083841484005,0.7155555555555555,0.8458333333333333,inf,inf,-18.289305951737294,38,audits/paper_extras/v4_runs/v2/bench2_seed505_exp.json,True
505,exp,saez+rl_aux,8,156.4548213109937,131.2817794071135,165.8700379180401,501.2894761094655,813.7885025566073,0.8077451072121645,0.8386782573178693,0.7961754959710774,0.38400521199966725,0.9291666666666667,0.6635809392979247,0.8116591928251121,0.8625,0.063604188169602,0.17203286689388003,-21.542537115592253,37,audits/paper_extras/v4_runs/v2/bench2_seed505_exp.json,True
505,exp,saez+rl_aux,9,145.10497791110086,119.24627008144695,153.54241123709113,470.765465176439,756.0631076792544,0.8080782193479821,0.842280004314091,0.7969185248194538,0.3773463347240156,0.9458333333333333,0.6879845264624883,0.8546255506607929,0.9,0.07317271872785504,0.2111206654669052,-20.96281188497118,34,audits/paper_extras/v4_runs/v2/bench2_seed505_exp.json,True
505,exp,rl_mean_fixed,0,418.6983423853936,413.028954388347,412.5805441474431,697.4698771790613,849.5237704294816,0.5071375787710822,0.5138111860253918,0.5143390232166657,0.1789872144172594,0.2125,0.010312886221137036,1.0,0.0,6.269643829890831e-05,0.0012959264431359023,-0.0010899620158718651,0,audits/paper_extras/v4_runs/v2/bench2_seed505_exp.json,True
505,exp,rl_mean_fixed,1,480.77347132753863,475.3041265918507,474.77036480938546,749.3136185428377,906.4566607904309,0.46961229132752597,0.4756460544099425,0.4762348986487833,0.1733596861769037,0.25833333333333336,0.004600974787475359,1.0,0.0,2.1073789018910175e-05,0.0011927194665431924,-0.0010899574263021905,0,audits/paper_extras/v4_runs/v2/bench2_seed505_exp.json,True
505,exp,rl_mean_fixed,2,345.92685177092767,338.6631815399381,338.24974807352726,680.2237332875329,886.8428993679152,0.6099344630063767,0.6181249443601392,0.6185911300472609,0.2329828273165937,0.1375,0.0066561989474027946,1.0,0.0,5.011409147419741e-05,0.0009984615595688734,-0.0010901152499207742,0,audits/paper_extras/v4_runs/v2/bench2_seed505_exp.json,True
505,exp,rl_mean_fixed,3,406.17320059630003,399.7729065735856,399.9925537767972,703.8496624097238,884.0517059794649,0.5405549269923192,0.5477946551433139,0.5475461999887953,0.2038365429882751,0.12916666666666668,0.0024763490614006078,1.0,0.0,1.7197895329023297e-05,0.0008749608065602507,-0.003389566618314176,0,audits/paper_extras/v4_runs/v2/bench2_seed505_exp.json,True
505,exp,rl_mean_fixed,4,365.18837579617855,359.29697355400924,358.66341411628275,668.0884106216179,816.3472346651018,0.5526555854066274,0.559872370117837,0.5606484607454807,0.1816124533138226,0.19583333333333333,0.009769027110053905,1.0,0.0,7.5187654044013e-05,0.0013011592815936207,-0.00686673178570385,0,audits/paper_extras/v4_runs/v2/bench2_seed505_exp.json,True
505,exp,rl_mean_fixed,5,508.2591774444418,503.58077869106876,502.67572336757974,738.5487271227748,876.6082756260447,0.4201980615783488,0.4255349935734659,0.42656744483893294,0.15749286464889037,0.225,0.006330128205128206,1.0,0.0,3.565035859180489e-05,0.0012932629049354422,-0.001090329752328793,0,audits/paper_extras/v4_runs/v2/bench2_seed505_exp.json,True
505,exp,rl_mean_fixed,6,378.83096879450204,372.72982852381983,371.7632054747632,669.1383142791991,829.5433525823877,0.5433258941618995,0.5506807120284875,0.5518459592045964,0.19336546764414894,0.11666666666666667,0.0019373153301724733,1.0,0.0,2.3349569199728007e-05,0.0014075588003763105,-0.0010899574263021836,0,audits/paper_extras/v4_runs/v2/bench2_seed505_exp.json,True
505,exp,rl_mean_fixed,7,466.3012450668579,461.0679444078942,460.06452608307217,733.3663851250928,878.6145002450577,0.4692766339085002,0.4752329442784112,0.4763749904483095,0.16531495334922547,0.22083333333333333,0.008048598977544813,1.0,0.0,4.845595174282988e-05,0.001355979821738704,-0.0010899574263021836,0,audits/paper_extras/v4_runs/v2/bench2_seed505_exp.json,True
505,exp,rl_mean_fixed,8,446.89772420318593,441.4854961815791,441.4945478491183,713.5272589050935,863.0073843949808,0.48216234034140076,0.48843369806031667,0.488423209543413,0.17320839681421935,0.19583333333333333,0.00193976897689769,1.0,0.0,1.20172148772605e-05,0.0012134860571775441,-0.0010899574263021836,0,audits/paper_extras/v4_runs/v2/bench2_seed505_exp.json,True
505,exp,rl_mean_fixed,9,400.31725617253556,395.0159729212227,394.14640010344,675.0696986117491,807.2494894131394,0.5040972321164782,0.5106643260828885,0.511741530626449,0.16374094073132628,0.2,0.0079028327140517,1.0,0.0,7.082604704448203e-05,0.001693321331856486,-0.004364752590762676,0,audits/paper_extras/v4_runs/v2/bench2_seed505_exp.json,True
505,exp,flat_pit0.10_cit0,0,272.25163249184146,250.68713389256985,245.92169536343138,665.1301946344522,849.8716043616868,0.6796555725657859,0.7050294037287509,0.7106366489934255,0.21737567037080646,0.7625,0.0992229263112847,1.0,0.0,0.01175530126421996,0.05913810201464014,-0.4521385603065901,0,audits/paper_extras/v4_runs/v2/bench2_seed505_exp.json,True
505,exp,flat_pit0.10_cit0,1,404.0520523339319,368.6366409368812,353.8636684090875,738.4489292007621,893.189326786889,0.5476300038341849,0.5872805127855762,0.6038200885336846,0.17324479026499515,0.7166666666666667,0.08825423275204683,1.0,0.0,0.023776347045672178,0.1489327226720799,-0.34945943211947467,0,audits/paper_extras/v4_runs/v2/bench2_seed505_exp.json,True
505,exp,flat_pit0.10_cit0,2,287.5102726815041,270.66848714870235,267.8907579724549,675.7685024480713,914.5151656669487,0.6856145381997847,0.7040306193814665,0.7070679983999125,0.2610636457239736,0.6791666666666667,0.1256262928750865,1.0,0.0,0.014202709493381652,0.049455857929303335,-0.306161933549814,0,audits/paper_extras/v4_runs/v2/bench2_seed505_exp.json,True
505,exp,flat_pit0.10_cit0,3,352.4436756643142,324.2357831734086,314.02879442440684,684.7103522952399,852.7959536254155,0.586719807750023,0.6197967617048206,0.6317656139321438,0.1970994358212046,0.8125,0.07305006846949388,1.0,0.0,0.013632976004545704,0.09047839481960743,-0.5277101775803246,0,audits/paper_extras/v4_runs/v2/bench2_seed505_exp.json,True
505,exp,flat_pit0.10_cit0,4,258.5899877645479,240.08017968633015,236.63153274732022,643.5846585243943,811.3698914417781,0.6812921079619533,0.7041051409244242,0.7083555413587832,0.206792530370131,0.8625,0.1781410761450654,1.0,0.0,0.01801685520332227,0.0657131993653925,-0.6537393814073551,1,audits/paper_extras/v4_runs/v2/bench2_seed505_exp.json,True
505,exp,flat_pit0.10_cit0,5,349.33344461770565,322.6124952255357,314.9768591187171,680.8892063436691,862.8694379708555,0.5951491277299071,0.6261166741700819,0.6349657952199301,0.21090123675620673,0.7041666666666667,0.06442010206742174,1.0,0.0,0.012488332471425468,0.0969173212278827,-0.39407341007430247,0,audits/paper_extras/v4_runs/v2/bench2_seed505_exp.json,True
505,exp,flat_pit0.10_cit0,6,294.87839946873834,271.54541149713845,266.37161168978656,643.4022331670036,834.5114654371762,0.6466454786043471,0.6746055354016212,0.6808053301577561,0.22900731767664334,0.7416666666666667,0.09344503008753201,1.0,0.0,0.01978861975481358,0.09366587648666844,-0.42247532549167743,0,audits/paper_extras/v4_runs/v2/bench2_seed505_exp.json,True
505,exp,flat_pit0.10_cit0,7,416.2737946745023,382.0464534261866,366.35667277707154,757.6624199976469,905.9374229822232,0.5405049133480043,0.5782860452231442,0.5956048801129387,0.16367024832297483,0.5625,0.08962864435439426,1.0,0.0,0.03640776132756511,0.2103648832392429,-0.3305242872054518,0,audits/paper_extras/v4_runs/v2/bench2_seed505_exp.json,True
505,exp,flat_pit0.10_cit0,8,303.9643241199784,277.30136328159574,272.2325656102501,683.4520383261452,843.80071430879,0.6397676382995544,0.671366285214927,0.6773733880596998,0.19003145323715037,0.6166666666666667,0.08539284179952245,1.0,0.0,0.017060449203245988,0.10358039626630387,-0.36239729631079176,0,audits/paper_extras/v4_runs/v2/bench2_seed505_exp.json,True
505,exp,flat_pit0.10_cit0,9,206.33157094525257,191.4483677059473,191.034946945149,608.0331981422299,797.3718400195991,0.7412354430021243,0.7599007663711305,0.7604192456301775,0.2374533841986634,0.65,0.0970344002555792,1.0,0.0,0.004903870153778358,0.025886616893562316,-0.34423152625881526,0,audits/paper_extras/v4_runs/v2/bench2_seed505_exp.json,True
505,exp,flat_pit0.20_cit0,0,266.46019923074726,252.33844069077512,227.72207966000633,671.0107527824417,851.4858774339812,0.6870644525147666,0.7036492942769449,0.7325591819018015,0.21195316262368932,0.875,0.31927127732717897,0.8,0.26666666666666666,0.4852415637933867,inf,-1.5319329477910255,5,audits/paper_extras/v4_runs/v2/bench2_seed505_exp.json,True
505,exp,flat_pit0.20_cit0,1,217.35005411014072,194.65241040240264,195.69395212373036,663.2867155411562,917.6157845082306,0.7631360992480931,0.7878715539895372,0.7867365018915767,0.2771629185774901,0.8541666666666666,0.24993052055816023,1.0,0.18333333333333332,0.019016856457068996,0.06336956953854939,-1.2402299945837472,1,audits/paper_extras/v4_runs/v2/bench2_seed505_exp.json,True
505,exp,flat_pit0.20_cit0,2,224.6912312010591,219.29600726879477,228.198350114648,660.1802611914467,882.1405274455642,0.7452886198849712,0.7514046793612175,0.7413129280258243,0.25161554122998203,0.825,0.33576557341193314,0.7171717171717171,0.30416666666666664,0.07927069987914075,0.2302606003025518,-1.4221499903167298,4,audits/paper_extras/v4_runs/v2/bench2_seed505_exp.json,True
505,exp,flat_pit0.20_cit0,3,267.26646238326623,245.52192494227845,242.88245600547395,690.0497460720755,909.4070465334934,0.7061090922903654,0.7300197685094186,0.7329221750245932,0.24120914973946045,0.9,0.28441159552210843,1.0,0.25416666666666665,0.11600123396563282,0.5107411192654064,-1.4722652561672487,1,audits/paper_extras/v4_runs/v2/bench2_seed505_exp.json,True
505,exp,flat_pit0.20_cit0,4,210.0888716124453,191.22223186309114,190.17090657664224,605.7839979450926,812.4239726145302,0.7414048837870446,0.7646275364724865,0.7659215963745664,0.2543499227434562,0.8958333333333334,0.3517275672959462,0.986046511627907,0.2625,0.17222122924372835,inf,-1.60218082978005,5,audits/paper_extras/v4_runs/v2/bench2_seed505_exp.json,True
505,exp,flat_pit0.20_cit0,5,206.0335403738508,187.27320877903526,187.78980661225106,609.3922493807579,870.062212916887,0.7631967722364099,0.7847588298873467,0.784165081732851,0.2995992236718705,0.8416666666666667,0.2710505321568411,1.0,0.14166666666666666,0.010457251678956706,0.03740774506079057,-1.4601802994182376,1,audits/paper_extras/v4_runs/v2/bench2_seed505_exp.json,True
505,exp,flat_pit0.20_cit0,6,226.82793960639538,215.74003240062785,208.32625825005027,638.6862359099005,838.5591053796973,0.7295027408906516,0.742725311768046,0.7515663989412878,0.23835275079303433,0.8875,0.32171125003270845,0.8309859154929577,0.2125,0.22849088610297308,inf,-1.4901365854973547,5,audits/paper_extras/v4_runs/v2/bench2_seed505_exp.json,True
505,exp,flat_pit0.20_cit0,7,270.53038754893316,267.2647656565879,244.17689575609418,680.175987379206,857.6992565973903,0.6845859600926273,0.6883933807791048,0.7153117553992326,0.206976125783813,0.8125,0.3032106155984732,0.7230769230769231,0.2708333333333333,0.6275527984697064,inf,-1.080394643961904,0,audits/paper_extras/v4_runs/v2/bench2_seed505_exp.json,True
505,exp,flat_pit0.20_cit0,8,278.44631737832344,261.2967298066632,245.8350708385302,681.2921189116103,858.6010713228396,0.6756976823365437,0.6956715539568504,0.7136795200362677,0.2065091208633725,0.8166666666666667,0.30963810013954024,0.8724489795918368,0.2833333333333333,0.44422072154920045,inf,-1.6177693150002854,3,audits/paper_extras/v4_runs/v2/bench2_seed505_exp.json,True
505,exp,flat_pit0.20_cit0,9,247.391244251325,277.26421165089147,236.69237157488777,639.8544012315376,800.6319791452123,0.6910050426471223,0.6536933086948261,0.7043680770438494,0.20081333509226978,0.8541666666666666,0.4118786195098313,0.7024390243902439,0.3458333333333333,1.4435013385631739,inf,-2.6107824145288614,4,audits/paper_extras/v4_runs/v2/bench2_seed505_exp.json,True
505,exp,flat_pit0.30_cit0,0,213.26630768776744,266.5201610145907,241.45295194824737,612.2418832296614,829.9800237871974,0.7430464570525039,0.6788836437310145,0.70908582733534,0.26234142306702424,0.9125,0.5711902283531575,0.7397260273972602,0.5875,17.83238792241597,inf,-5.181251507121857,12,audits/paper_extras/v4_runs/v2/bench2_seed505_exp.json,True
505,exp,flat_pit0.30_cit0,1,186.16100555750504,190.17233560876528,205.2635610471179,633.7379781267987,896.5422800678341,0.7923566911496692,0.7878824681928258,0.7710497701998089,0.29313096301621294,0.875,0.5124891281346893,0.7476190476190476,0.6291666666666667,0.14070750410514613,inf,-2.5650015277319977,11,audits/paper_extras/v4_runs/v2/bench2_seed505_exp.json,True
505,exp,flat_pit0.30_cit0,2,248.16468219692754,226.0165085199951,230.57704155465922,598.6433400966937,881.6836574213262,0.7185331948618185,0.7436535126657229,0.7384809850859304,0.3210225288199679,0.875,0.4498563344236797,1.0,0.6333333333333333,0.09066354951330609,0.2991318114659725,-3.579982217609407,34,audits/paper_extras/v4_runs/v2/bench2_seed505_exp.json,True
505,exp,flat_pit0.30_cit0,3,224.427908396515,250.38468825536614,235.9405647477509,634.8460889773442,880.1176981821884,0.7450023913164653,0.7155099951148405,0.7319215768128888,0.2786804647962799,0.9125,0.5079771965362235,0.7671232876712328,0.65,1.4266621176831662,inf,-2.772285416738619,16,audits/paper_extras/v4_runs/v2/bench2_seed505_exp.json,True
505,exp,flat_pit0.30_cit0,4,198.65120203849187,237.19129798900016,218.9291958519676,580.1198905224092,790.6224244195497,0.7487407441240547,0.6999942189052649,0.7230926051551111,0.2662491315645201,0.9041666666666667,0.5680548870630842,0.7695852534562212,0.7083333333333334,5.503850749747247,inf,-4.505422571615696,21,audits/paper_extras/v4_runs/v2/bench2_seed505_exp.json,True
505,exp,flat_pit0.30_cit0,5,228.51416883936184,279.6587603864094,250.74083116961154,625.9592740694154,847.6295563698473,0.7304079746605084,0.670069597874681,0.7041858329675735,0.26151787727858583,0.8875,0.5541365999175968,0.7230046948356808,0.7,5.174214464681332,inf,-3.196814474188722,10,audits/paper_extras/v4_runs/v2/bench2_seed505_exp.json,True
505,exp,flat_pit0.30_cit0,6,173.15415504153825,180.50333198025405,184.62250786886585,568.7434301132597,823.7873857718761,0.7898072269226416,0.780886020959006,0.7758857308844594,0.30959924862122534,0.9041666666666667,0.5534439003929552,0.8847926267281107,0.6625,0.46059602892730267,inf,-5.669927000996542,17,audits/paper_extras/v4_runs/v2/bench2_seed505_exp.json,True
505,exp,flat_pit0.30_cit0,7,283.27206511372106,382.9343665839473,330.98060621725824,690.0837839078572,860.8294654936143,0.6709312628474119,0.5551565299122676,0.6155096688895654,0.19835018250432293,0.8833333333333333,0.5650815032596923,0.5613207547169812,0.5375,14.37098498580607,inf,-5.938281843898535,21,audits/paper_extras/v4_runs/v2/bench2_seed505_exp.json,True
505,exp,flat_pit0.30_cit0,8,174.8310433324661,185.9135660282153,217.61110759163995,606.2079807574727,826.5471509887446,0.7884802541230381,0.7750720381700923,0.7367226935192676,0.26657785943329965,0.9083333333333333,0.555019968149453,0.7064220183486238,0.7166666666666667,0.1185526090628736,inf,-2.633595774307648,11,audits/paper_extras/v4_runs/v2/bench2_seed505_exp.json,True
505,exp,flat_pit0.30_cit0,9,181.52814509953217,205.2170703826231,200.74430365514982,543.0080597387747,743.84547384403,0.7559598713944785,0.7241133036380442,0.7301263357592978,0.2699988386934341,0.8958333333333334,0.5579189251966395,0.7069767441860465,0.6833333333333333,0.70154244035242,inf,-3.935767922824715,41,audits/paper_extras/v4_runs/v2/bench2_seed505_exp.json,True
505,exp,flat_pit0.50_cit0,0,179.6794578483032,204.62277571808826,220.57495102516492,431.8501012204756,661.6202844202994,0.7284251071507952,0.6907247547626577,0.6666139835503547,0.3472840670251586,0.9291666666666667,0.7023699939337628,0.6816143497757847,0.8666666666666667,inf,inf,-12.266771378695978,57,audits/paper_extras/v4_runs/v2/bench2_seed505_exp.json,True
505,exp,flat_pit0.50_cit0,1,164.79190616362703,194.10513621503924,238.0423449698529,496.34184852627016,757.9503589224362,0.7825821912692164,0.743907851048458,0.6859393993713873,0.3451525648303537,0.9125,0.6993013244434229,0.6210045662100456,0.85,1.1956783013358259,inf,-9.967651293563826,55,audits/paper_extras/v4_runs/v2/bench2_seed505_exp.json,True
505,exp,flat_pit0.50_cit0,2,221.76902998628316,208.86225307968488,216.66027682887585,470.4984812867648,759.21709352946,0.7078977385041215,0.7248978521957101,0.7146267139196482,0.38028465731783745,0.9125,0.5892674639841528,0.8310502283105022,0.8583333333333333,0.8215610524100279,inf,-9.200109841237841,48,audits/paper_extras/v4_runs/v2/bench2_seed505_exp.json,True
505,exp,flat_pit0.50_cit0,3,182.4628842225088,214.6123409162146,235.31373790085902,496.82229121065666,742.7372970905051,0.7543372536463925,0.7110521556451966,0.6831803938988333,0.3310928464790463,0.9333333333333333,0.7074813894778923,0.5758928571428571,0.8291666666666667,inf,inf,-12.31522919877766,59,audits/paper_extras/v4_runs/v2/bench2_seed505_exp.json,True
505,exp,flat_pit0.50_cit0,4,200.6363566373682,288.2303668684087,243.6814162696011,439.4739753520744,598.198910098708,0.6645992607972798,0.5181696890406434,0.5926414907218879,0.2653380540603837,0.925,0.7429497076079172,0.4954954954954955,0.8541666666666666,inf,inf,-16.518354586435365,42,audits/paper_extras/v4_runs/v2/bench2_seed505_exp.json,True
505,exp,flat_pit0.50_cit0,5,214.1242604370081,270.99787633624413,258.0136827873435,461.0719434854373,666.5958887843876,0.6787795063850638,0.5934600244378357,0.6129383827166105,0.30831865116021984,0.9208333333333333,0.7226559876423605,0.5656108597285068,0.8625,inf,inf,-8.62745824041221,52,audits/paper_extras/v4_runs/v2/bench2_seed505_exp.json,True
505,exp,flat_pit0.50_cit0,6,161.58919793035219,192.0220628705988,198.8533270269028,424.23512934333627,639.9265578560187,0.747487901624628,0.6999310928523721,0.6892560176075015,0.33705653541763503,0.9208333333333333,0.6899281426031685,0.6832579185520362,0.8541666666666666,3.654416113101203,inf,-11.962481185708777,58,audits/paper_extras/v4_runs/v2/bench2_seed505_exp.json,True
505,exp,flat_pit0.50_cit0,7,154.02374132867018,188.18572837144336,229.87109682935773,466.3666997947006,691.6034515690328,0.7772947185569443,0.72789937941387,0.6676258681071475,0.32567326155377074,0.925,0.7054066298375233,0.5990990990990991,0.8458333333333333,inf,inf,-9.707149407093347,59,audits/paper_extras/v4_runs/v2/bench2_seed505_exp.json,True
505,exp,flat_pit0.50_cit0,8,170.7789587123822,182.83948010281125,200.75665101502827,439.3700801706006,684.6799090689108,0.7505710968726645,0.7329562651378908,0.7067875829918316,0.3582839596270679,0.925,0.6711882920077694,0.7477477477477478,0.85,inf,inf,-10.50670769253989,53,audits/paper_extras/v4_runs/v2/bench2_seed505_exp.json,True
505,exp,flat_pit0.50_cit0,9,147.00630068478907,150.859266092773,168.88431153578688,381.9459350801986,625.3468047041189,0.7649203616634058,0.7587590358534707,0.729934957266322,0.389225415070418,0.925,0.6928860039416971,0.8063063063063063,0.875,inf,inf,-11.361916002841937,44,audits/paper_extras/v4_runs/v2/bench2_seed505_exp.json,True
505,exp,flat_pit0_cit0.10,0,374.5673947665279,368.56446224381364,367.6422398338379,667.9336215791302,825.8399978259862,0.5464407200516177,0.5537096008741946,0.5548263092104383,0.1912069852060237,0.0,0.0,nan,0.0,0.0,0.0,1.81759644002355e-07,0,audits/paper_extras/v4_runs/v2/bench2_seed505_exp.json,True
505,exp,flat_pit0_cit0.10,1,491.24672622258066,485.992907914888,483.9894614739535,755.5289376599011,913.9469086732203,0.4624997124442106,0.46824820642984016,0.4704402882914035,0.17333388789869092,0.0,0.0,nan,0.0,0.0,0.0,5.203681929799586e-11,0,audits/paper_extras/v4_runs/v2/bench2_seed505_exp.json,True
505,exp,flat_pit0_cit0.10,2,405.492210029978,399.14937522131095,398.1770598589399,723.1791456818046,921.0531747140477,0.5597515744344858,0.5666380767372831,0.5676937327939194,0.2148345334064731,0.0,0.0,nan,0.0,0.0,0.0,0.0,0,audits/paper_extras/v4_runs/v2/bench2_seed505_exp.json,True
505,exp,flat_pit0_cit0.10,3,442.44578059543335,437.05100399180657,436.14544271047276,702.8205500508917,855.5914211974103,0.4828772593626228,0.489182578081313,0.4902409819630004,0.17855587066629772,0.0,0.0,nan,0.0,0.0,0.0,4.701949274377171e-09,0,audits/paper_extras/v4_runs/v2/bench2_seed505_exp.json,True
505,exp,flat_pit0_cit0.10,4,352.58596675244127,346.52901720421335,346.25570647713465,654.8001763027346,811.5874087303819,0.5655600826730246,0.5730231722713505,0.5733599329506546,0.1931858857604994,0.0,0.0,nan,0.0,0.0,0.0,2.736993260921139e-07,0,audits/paper_extras/v4_runs/v2/bench2_seed505_exp.json,True
505,exp,flat_pit0_cit0.10,5,497.1718346146038,492.41654503900577,491.9749331468357,744.5635085011303,886.7068475068406,0.43930529462752527,0.44466816014386656,0.44516619609950586,0.16030477198340762,0.0,0.0,nan,0.0,0.0,0.0,2.681624033940011e-09,0,audits/paper_extras/v4_runs/v2/bench2_seed505_exp.json,True
505,exp,flat_pit0_cit0.10,6,423.5781890116422,418.24460583895177,418.35602356663964,687.9959313278268,833.9920491340533,0.49210764125215595,0.4985028858809607,0.49836929020963083,0.17505696602001966,0.0,0.0,nan,0.0,0.0,0.0,1.945197292130274e-08,0,audits/paper_extras/v4_runs/v2/bench2_seed505_exp.json,True
505,exp,flat_pit0_cit0.10,7,546.0977067168861,541.9999561749626,540.3860832396474,759.8323981809442,886.8830862251915,0.38425062423817097,0.38887101964943604,0.3906907329356418,0.14325528360790882,0.0,0.0,nan,0.0,0.0,0.0,8.237632798113736e-11,0,audits/paper_extras/v4_runs/v2/bench2_seed505_exp.json,True
505,exp,flat_pit0_cit0.10,8,468.8361220212263,463.8490032838829,460.78419124190646,722.6102114476101,864.1956057593105,0.4574884217221961,0.46325924340204205,0.46680567666501105,0.16383489266564694,0.0,0.0,nan,0.0,0.0,0.0,4.971477243209677e-07,0,audits/paper_extras/v4_runs/v2/bench2_seed505_exp.json,True
505,exp,flat_pit0_cit0.10,9,398.3075631792292,393.3439234941913,392.5932543753626,665.5268524898743,789.2796795387492,0.4953530750823358,0.5016418974272093,0.5025929786957242,0.15679211090445835,0.0,0.0,nan,0.0,0.0,0.0,0.0,0,audits/paper_extras/v4_runs/v2/bench2_seed505_exp.json,True
505,exp,flat_pit0_cit0.20,0,430.5629440968877,424.97582421184643,423.67444373504736,708.1883299054152,861.604419173763,0.5002776976123489,0.5067622510346712,0.5082726663109148,0.17805861466619016,0.0,0.0,nan,0.0,0.0,0.0,4.838047407140778e-07,0,audits/paper_extras/v4_runs/v2/bench2_seed505_exp.json,True
505,exp,flat_pit0_cit0.20,1,468.89975409346016,463.3269555801722,463.1748380078151,744.872142452889,906.5995660045884,0.48279287606554283,0.48893979993607534,0.4891075890880463,0.1783890370303584,0.0,0.0,nan,0.0,0.0,0.0,1.2000023197344944e-10,0,audits/paper_extras/v4_runs/v2/bench2_seed505_exp.json,True
505,exp,flat_pit0_cit0.20,2,396.4921858870205,389.49886114353444,389.5565678728879,723.6945505718719,939.4579029372729,0.5779564101303919,0.5854004102517608,0.5853389846900906,0.22966793050630974,0.0,0.0,nan,0.0,0.0,0.0,3.9102064453011565e-07,0,audits/paper_extras/v4_runs/v2/bench2_seed505_exp.json,True
505,exp,flat_pit0_cit0.20,3,468.12044892132616,462.82275572683994,462.3220639868547,744.022672507544,900.5640627860172,0.4801919505058507,0.4860745894134006,0.48663056511871167,0.17382593504141294,0.0,0.0,nan,0.0,0.0,0.0,7.959661818546238e-10,0,audits/paper_extras/v4_runs/v2/bench2_seed505_exp.json,True
505,exp,flat_pit0_cit0.20,4,369.44453830623115,363.5693425278745,362.75438144609336,672.5067834022112,824.6657485026085,0.5520069325335117,0.5591312684102285,0.5601195004099944,0.18450986399845118,0.0,0.0,nan,0.0,0.0,0.0,0.0,0,audits/paper_extras/v4_runs/v2/bench2_seed505_exp.json,True
505,exp,flat_pit0_cit0.20,5,517.5150256708797,512.7702188736803,512.2883765115013,760.7688451479015,905.8767962212407,0.4287136751602059,0.4339514810262926,0.4344833881953348,0.16018508441615906,0.0,0.0,nan,0.0,0.0,0.0,7.162249460179737e-09,0,audits/paper_extras/v4_runs/v2/bench2_seed505_exp.json,True
505,exp,flat_pit0_cit0.20,6,375.9929713369798,369.66370115652177,369.31513300449535,684.9187560229113,854.9879896358567,0.5602359613295657,0.567638720499497,0.5680464082755263,0.19891417853176943,0.0,0.0,nan,0.0,0.0,0.0,0.0,0,audits/paper_extras/v4_runs/v2/bench2_seed505_exp.json,True
505,exp,flat_pit0_cit0.20,7,509.5987886544505,504.6677400465207,503.87387138907513,764.0906784082595,910.6422410746595,0.44039627674961906,0.4458111898576587,0.44668295773931194,0.16093209391808222,0.0,0.0,nan,0.0,0.0,0.0,1.5515400075827301e-09,0,audits/paper_extras/v4_runs/v2/bench2_seed505_exp.json,True
505,exp,flat_pit0_cit0.20,8,418.87191955308066,412.8644986091902,412.73313927291235,704.4709901739769,871.9331720963055,0.5196054778532775,0.5264952500699341,0.5266459030562887,0.19205850549270329,0.0,0.0,nan,0.0,0.0,0.0,0.0,0,audits/paper_extras/v4_runs/v2/bench2_seed505_exp.json,True
505,exp,flat_pit0_cit0.20,9,400.2264180290213,394.96100281878,394.8173116128732,689.3322978757618,822.6609893659402,0.5134977552083844,0.5198982230539542,0.5200728894204942,0.16207003032067982,0.0,0.0,nan,0.0,0.0,0.0,1.519662129467747e-08,0,audits/paper_extras/v4_runs/v2/bench2_seed505_exp.json,True
505,exp,flat_pit0_cit0.30,0,453.90945126505545,448.45392466320703,448.2142238127089,746.9169811845355,898.4579182315302,0.49479052713063837,0.5008626274384488,0.5011294188436266,0.1686678184608564,0.0,0.0,nan,0.0,0.0,0.0,3.882166410562604e-08,0,audits/paper_extras/v4_runs/v2/bench2_seed505_exp.json,True
505,exp,flat_pit0_cit0.30,1,514.6717422661496,509.36088682842166,508.6126571203608,787.8323049700455,948.8025442485726,0.45755653229855486,0.46315396189011865,0.4639425661287945,0.16965620534461312,0.0,0.0,nan,0.0,0.0,0.0,8.189720235307618e-09,0,audits/paper_extras/v4_runs/v2/bench2_seed505_exp.json,True
505,exp,flat_pit0_cit0.30,2,405.70479285753794,399.0448542982649,398.6846572289675,752.6382749089483,953.7984997048717,0.574643079242552,0.581625621741134,0.5820032665680118,0.21090432083733324,0.0,0.0,nan,0.0,0.0,0.0,3.015504994596796e-07,0,audits/paper_extras/v4_runs/v2/bench2_seed505_exp.json,True
505,exp,flat_pit0_cit0.30,3,432.73946969024394,426.5184157185973,425.81597225967926,732.0716823670112,911.0591339327865,0.5250149484564969,0.5318433240689471,0.5326143425821864,0.1964608496850656,0.0,0.0,nan,0.0,0.0,0.0,0.0,0,audits/paper_extras/v4_runs/v2/bench2_seed505_exp.json,True
505,exp,flat_pit0_cit0.30,4,384.7709917544296,378.7468107087343,378.58365020101286,698.2310281735224,853.5554175004017,0.5492138133441716,0.5562715636931025,0.5564627176643341,0.18197340927404546,0.03333333333333333,0.00042062864175205946,1.0,0.0,1.1054593438750115e-19,8.776783702795637e-18,-4.440892098500626e-16,0,audits/paper_extras/v4_runs/v2/bench2_seed505_exp.json,True
505,exp,flat_pit0_cit0.30,5,417.4174668385036,411.04587772225585,410.50442026570585,723.6785019322007,904.1020740065829,0.5383071460187091,0.5453545683169587,0.545953458057528,0.19956106424446554,0.0,0.0,nan,0.0,0.0,0.0,1.8251874651209476e-05,0,audits/paper_extras/v4_runs/v2/bench2_seed505_exp.json,True
505,exp,flat_pit0_cit0.30,6,411.732957362428,405.85142964358386,405.3089484256738,708.8572880403159,867.6284908464132,0.5254501647810542,0.5322290197643736,0.5328542657350089,0.18299445497831504,0.0,0.0,nan,0.0,0.0,0.0,0.0,1,audits/paper_extras/v4_runs/v2/bench2_seed505_exp.json,True
505,exp,flat_pit0_cit0.30,7,506.1786163159681,501.04833982010814,500.1447809359064,762.107458434667,913.1214726691888,0.4456612493885032,0.45127964370888146,0.4522691712922823,0.16538217395445282,0.0,0.0,nan,0.0,0.0,0.0,6.787992568035861e-08,0,audits/paper_extras/v4_runs/v2/bench2_seed505_exp.json,True
505,exp,flat_pit0_cit0.30,8,428.5544611019377,422.6236024903976,421.99974685811077,728.4337352749654,892.755575040129,0.5199643966573109,0.526607714019147,0.5273065118197194,0.18406139861717177,0.0,0.0,nan,0.0,0.0,0.0,0.0,0,audits/paper_extras/v4_runs/v2/bench2_seed505_exp.json,True
505,exp,flat_pit0_cit0.30,9,396.7165542186253,391.2724603917215,389.95475622080227,706.6441003269086,843.181469997167,0.5295003883091048,0.5359569982093699,0.5375197746908356,0.16193117914547764,0.0,0.0,nan,0.0,0.0,0.0,7.772438890274458e-07,0,audits/paper_extras/v4_runs/v2/bench2_seed505_exp.json,True
505,exp,flat_pit0_cit0.50,0,377.4767936381242,370.6658403056739,370.0406605375761,716.1632502635089,889.764796516404,0.5757566548867559,0.5834114343960335,0.5841140692615007,0.19510947941813128,0.0,0.0,nan,0.0,0.0,0.0,0.0,0,audits/paper_extras/v4_runs/v2/bench2_seed505_exp.json,True
505,exp,flat_pit0_cit0.50,1,404.4266030105485,396.7536275520537,396.35522827471635,799.246210497609,1017.5217680899152,0.6025376402809197,0.6100784867759274,0.6104700256007775,0.21451684321412762,0.0,0.0,nan,0.0,0.0,0.0,0.0,0,audits/paper_extras/v4_runs/v2/bench2_seed505_exp.json,True
505,exp,flat_pit0_cit0.50,2,386.858987751575,379.3008443167879,378.81117888340066,768.035001548636,993.6352979062705,0.6106629982180168,0.6182695551214533,0.618762357092578,0.22704537251545506,0.0,0.0,nan,0.0,0.0,0.0,0.0,0,audits/paper_extras/v4_runs/v2/bench2_seed505_exp.json,True
505,exp,flat_pit0_cit0.50,3,438.52514329366306,431.7804495464626,431.58690746979465,778.1275330149934,969.2357443725409,0.5475557460197124,0.5545145213087591,0.5547142065533363,0.19717412659111755,0.0,0.0,nan,0.0,0.0,0.0,0.0,0,audits/paper_extras/v4_runs/v2/bench2_seed505_exp.json,True
505,exp,flat_pit0_cit0.50,4,365.1073766608426,358.3082752479428,357.8028313815944,705.7317490856644,877.5040127592428,0.5839251201680651,0.5916733484542476,0.5922493502263182,0.1957509722758462,0.0,0.0,nan,0.0,0.0,0.0,0.0,0,audits/paper_extras/v4_runs/v2/bench2_seed505_exp.json,True
505,exp,flat_pit0_cit0.50,5,440.7285161198899,434.46922184006627,433.9754470814034,780.368911078049,952.7869753503659,0.5374322618570411,0.5440017201323517,0.5445199626896466,0.18096181909803497,0.0,0.0,nan,0.0,0.0,0.0,0.0,0,audits/paper_extras/v4_runs/v2/bench2_seed505_exp.json,True
505,exp,flat_pit0_cit0.50,6,433.8692852705101,427.933638869633,425.9787721752249,767.0528974310466,924.5161048863717,0.5307066226565788,0.5371268963213697,0.5392413718660097,0.1703195938102974,0.0,0.0,nan,0.0,0.0,0.0,0.0,0,audits/paper_extras/v4_runs/v2/bench2_seed505_exp.json,True
505,exp,flat_pit0_cit0.50,7,472.2827473323422,466.24924064732465,465.74089686849885,822.8633284647955,991.6656137529101,0.5237479844188494,0.5298321993007026,0.5303448154202653,0.17022097262129574,0.0,0.0,nan,0.0,0.0,0.0,0.0,0,audits/paper_extras/v4_runs/v2/bench2_seed505_exp.json,True
505,exp,flat_pit0_cit0.50,8,393.46235377826827,386.53077892861,386.27693559047725,760.7707032580212,944.2477864536958,0.583306035319403,0.5906468784212874,0.5909157096981772,0.19431031327566897,0.0,0.0,nan,0.0,0.0,0.0,0.0,0,audits/paper_extras/v4_runs/v2/bench2_seed505_exp.json,True
505,exp,flat_pit0_cit0.50,9,320.94354744824165,313.88347469227017,312.79202188783677,691.4375973813276,861.1649252964368,0.6273146548116042,0.6355129366372849,0.6367803510109691,0.1970903864398382,0.020833333333333332,0.0002659347231715653,1.0,0.0,1.4206952054643084e-19,1.1118555744437412e-17,-4.440892098500626e-16,0,audits/paper_extras/v4_runs/v2/bench2_seed505_exp.json,True
606,det,rl_learned,0,360.0778721497838,353.1497550430024,353.2521636172923,719.6408680163141,865.1852111261535,0.5838141157300937,0.5918217850911586,0.5917034190199718,0.1682233367354882,0.0,0.0,nan,0.0,0.0,0.0,0.0,0,audits/paper_extras/v4_runs/v2/bench2_seed606_det.json,True
606,det,rl_learned,1,442.60148828187306,436.6305292196819,436.53201385956055,769.5962804864663,903.2940184649004,0.5100139276533122,0.5166241331236623,0.5167331954645031,0.1480113177386541,0.0,0.0,nan,0.0,0.0,0.0,0.0,0,audits/paper_extras/v4_runs/v2/bench2_seed606_det.json,True
606,det,rl_learned,2,369.2980389371804,361.67395261779313,361.6066624795585,773.5858917724167,975.0719871790868,0.6212607440343241,0.6290797424463737,0.6291487528775207,0.2066371489038214,0.0,0.0,nan,0.0,0.0,0.0,0.0,0,audits/paper_extras/v4_runs/v2/bench2_seed606_det.json,True
606,det,rl_learned,3,407.9981652625028,401.58850444856284,401.57710309385976,758.9825512649439,901.1653004838633,0.5472549097890963,0.5543675458509802,0.5543801976416084,0.15777654681397196,0.0,0.0,nan,0.0,0.0,0.0,0.0,0,audits/paper_extras/v4_runs/v2/bench2_seed606_det.json,True
606,det,rl_learned,4,378.11791033606363,372.40447247226035,372.41876358448644,707.7948924823188,822.8856120171744,0.5404976040240063,0.5474407778751053,0.547423410804862,0.13986235493014504,0.0,0.0,nan,0.0,0.0,0.0,0.0,0,audits/paper_extras/v4_runs/v2/bench2_seed606_det.json,True
606,det,rl_learned,5,406.91073949748,401.16423369319875,401.1792488215632,737.0161339111364,857.6402158800357,0.5255461066737133,0.5322464755438748,0.5322289680528706,0.14064648524571027,0.004166666666666667,7.309941520467836e-05,1.0,0.0,1.2199834995978148e-19,6.953905947707544e-18,-8.881784197001252e-16,0,audits/paper_extras/v4_runs/v2/bench2_seed606_det.json,True
606,det,rl_learned,6,418.51257888693794,412.91633798910897,413.2032655333187,750.8329887457479,868.8089681858247,0.5182915989451151,0.5247328778714994,0.5244026239782772,0.1357904715077062,0.0,0.0,nan,0.0,0.0,0.0,0.0,0,audits/paper_extras/v4_runs/v2/bench2_seed606_det.json,True
606,det,rl_learned,7,477.9090704105199,472.46958497546404,472.2868464653265,774.2113589014607,890.9001030005347,0.46356603978276445,0.4696716462550679,0.4698767629786176,0.13097848311619736,0.0,0.0,nan,0.0,0.0,0.0,0.0,0,audits/paper_extras/v4_runs/v2/bench2_seed606_det.json,True
606,det,rl_learned,8,412.9322881493289,406.85538152511117,406.98493373460303,761.6958468074888,893.0811405244341,0.5376318349899907,0.5444362633319095,0.5442912012500748,0.14711462123116095,0.004166666666666667,7.575757575757576e-05,1.0,0.0,1.5510625934056545e-19,8.5308442637311e-18,-8.881784197001252e-16,0,audits/paper_extras/v4_runs/v2/bench2_seed606_det.json,True
606,det,rl_learned,9,411.02437554840736,405.8760612995182,406.1016314739021,721.9988113398408,823.5783742060667,0.5009286445329059,0.5071797973194906,0.5069059069631522,0.12333927898987028,0.0,0.0,nan,0.0,0.0,0.0,4.374278717023117e-14,0,audits/paper_extras/v4_runs/v2/bench2_seed606_det.json,True
606,det,free_market,0,321.80391702854087,314.6495415568874,314.663037405772,663.706230749885,827.8663652011326,0.6112851897898308,0.6199271346403324,0.6199108326748802,0.19829303538786053,0.0,0.0,nan,0.0,0.0,0.0,1.2715936748008971e-08,0,audits/paper_extras/v4_runs/v2/bench2_seed606_det.json,True
606,det,free_market,1,408.72899246641157,402.3695447730913,402.3697434639532,732.7255702731453,885.799643101946,0.538576250680007,0.5457555803883035,0.5457553560815278,0.17280891228715872,0.0,0.0,nan,0.0,0.0,0.0,6.661338147750939e-16,0,audits/paper_extras/v4_runs/v2/bench2_seed606_det.json,True
606,det,free_market,2,307.3264828783392,299.5831885937207,299.7987690679147,720.4817449131522,918.1946013666379,0.6652926488340103,0.6737258222300349,0.6734910348833514,0.21532783590669186,0.0,0.0,nan,0.0,0.0,0.0,0.0,0,audits/paper_extras/v4_runs/v2/bench2_seed606_det.json,True
606,det,free_market,3,406.72821237079796,400.747896861593,400.7111489430055,718.7033178832875,859.7307743994232,0.5269121165810035,0.5338681494313834,0.5339108929502636,0.16403676675951542,0.0,0.0,nan,0.0,0.0,0.0,0.0,0,audits/paper_extras/v4_runs/v2/bench2_seed606_det.json,True
606,det,free_market,4,390.5255079229347,385.2441931441352,385.31288559254114,711.9202263745705,824.3097206208761,0.526239351358385,0.532646305742984,0.5325629724439975,0.13634376913771315,0.0,0.0,nan,0.0,0.0,0.0,0.0,0,audits/paper_extras/v4_runs/v2/bench2_seed606_det.json,True
606,det,free_market,5,402.61318772774354,396.62973128694154,396.65402465735394,741.0091857268097,881.0192753359611,0.5430143255671516,0.5498058414945646,0.5497782673300797,0.15891830465997578,0.0,0.0,nan,0.0,0.0,0.0,0.0,0,audits/paper_extras/v4_runs/v2/bench2_seed606_det.json,True
606,det,free_market,6,366.943778884191,361.1487398328096,361.18843550676166,685.8388553780496,810.3324570632977,0.5471688494201241,0.5543202833789501,0.5542712964802938,0.1536327473990389,0.0,0.0,nan,0.0,0.0,0.0,2.220446049250313e-16,0,audits/paper_extras/v4_runs/v2/bench2_seed606_det.json,True
606,det,free_market,7,393.6960968127539,387.32886338546706,387.32455793308696,713.216622984691,860.6100130519387,0.5425383264870357,0.5499368383922215,0.5499418411836309,0.17126618076932884,0.0,0.0,nan,0.0,0.0,0.0,1.2212453270876722e-14,0,audits/paper_extras/v4_runs/v2/bench2_seed606_det.json,True
606,det,free_market,8,411.9169485087622,406.3489798091244,406.2871707190025,720.621508893539,844.8592557324442,0.512443113200371,0.5190335229779269,0.519106682015604,0.14705141240501435,0.0,0.0,nan,0.0,0.0,0.0,0.0,0,audits/paper_extras/v4_runs/v2/bench2_seed606_det.json,True
606,det,free_market,9,351.0456817263125,345.2085764874183,345.57670936279624,695.7701727841144,816.0982508325999,0.5698487512157162,0.5770012052651387,0.5765501163490647,0.14744312700796056,0.0,0.0,nan,0.0,0.0,0.0,6.661338147750939e-16,0,audits/paper_extras/v4_runs/v2/bench2_seed606_det.json,True
606,det,us_federal,0,269.6017551446416,237.95794110100374,221.47533314083688,652.8211012193244,821.616754214891,0.6718643409331838,0.7103784217151362,0.7304396094594356,0.20544329473522233,0.7541666666666667,0.08741213109503164,1.0,0.0,0.018236548309908167,0.12754339355477773,-0.37808302944019645,0,audits/paper_extras/v4_runs/v2/bench2_seed606_det.json,True
606,det,us_federal,1,347.2869866714753,297.23946768432353,263.2865945839065,723.6800321882884,876.2365364752101,0.6036606872517687,0.6607771357263726,0.6995256604534942,0.17410424917979644,0.8041666666666667,0.08795034679308632,1.0,0.0,0.026682661822058966,0.20406373221831228,-0.6300000093877323,0,audits/paper_extras/v4_runs/v2/bench2_seed606_det.json,True
606,det,us_federal,2,282.66377779752025,256.35985869435495,245.62418687778106,725.2595048771,936.423452804728,0.6981453455155356,0.72623511518585,0.7376996633925603,0.22550049050476098,0.8708333333333333,0.1799002214998965,1.0,0.07916666666666666,0.02417299727439546,0.08515313865766085,-0.7043344128764377,0,audits/paper_extras/v4_runs/v2/bench2_seed606_det.json,True
606,det,us_federal,3,328.37099362618966,283.9358041113494,260.3197516171691,707.738204809753,867.3541651379387,0.6214107145332408,0.6726414473766965,0.6998691398734801,0.1840262798562815,0.9125,0.12631836805060603,1.0,0.0,0.02203006977792795,0.14116685924129485,-0.7050323056529116,0,audits/paper_extras/v4_runs/v2/bench2_seed606_det.json,True
606,det,us_federal,4,273.0771155445425,232.93688571425707,204.83985538930153,652.4438147801194,778.0679101163149,0.6490317721704785,0.7006213947579012,0.736732677538803,0.16145646633520175,0.9291666666666667,0.18295930363893592,1.0,0.0,0.05859270098551121,0.2487118116958452,-0.9752984737630562,0,audits/paper_extras/v4_runs/v2/bench2_seed606_det.json,True
606,det,us_federal,5,322.1108417257249,273.6656964638733,237.49428299202216,713.656392942719,850.9021306551774,0.6214478373938186,0.6783817003100506,0.7208911877924711,0.16129438717797312,0.8791666666666667,0.1439698431180321,1.0,0.0,0.044288468200049155,0.22549745911090205,-0.7651213787187116,0,audits/paper_extras/v4_runs/v2/bench2_seed606_det.json,True
606,det,us_federal,6,314.37499801953953,267.30673331109347,240.14107033750335,703.2560455010007,846.1796254071284,0.6284772303891363,0.6841016667324242,0.716205563065924,0.16890453943199338,0.8,0.14171005046895735,1.0,0.0,0.06070962269498197,0.30038791529776004,-0.771131298491842,0,audits/paper_extras/v4_runs/v2/bench2_seed606_det.json,True
606,det,us_federal,7,356.0489422367706,320.66477597425865,304.5983118430925,704.7533423538064,852.8281665424753,0.58250799374948,0.6239983755762974,0.6428374157973804,0.1736279710237432,0.7166666666666667,0.06822841368860659,1.0,0.0,0.020446806528893836,0.19002981302100794,-0.7415297853020453,0,audits/paper_extras/v4_runs/v2/bench2_seed606_det.json,True
606,det,us_federal,8,324.9105450807089,275.3550990360125,252.12213508777089,705.9256796845401,846.739923972946,0.6162805887831385,0.6748055793282633,0.7022437138610387,0.1663016474145904,0.8708333333333333,0.10632362655451257,1.0,0.0,0.03813270266426735,0.2277690659888965,-0.7429948415829635,0,audits/paper_extras/v4_runs/v2/bench2_seed606_det.json,True
606,det,us_federal,9,274.96674378422273,236.3136566822408,210.9443401086177,672.2131305135835,803.6681229644287,0.65786033323062,0.7059561653253474,0.737523071923615,0.16356875269104534,0.8666666666666667,0.20543092674728058,1.0,0.0,0.08172878676930194,0.32261379332846685,-0.9100146023950897,0,audits/paper_extras/v4_runs/v2/bench2_seed606_det.json,True
606,det,saez,0,322.27722847902623,396.37260615993324,374.57442313982324,414.3669242662072,463.0272002767697,0.30397776137905425,0.14395394930793348,0.191031492499954,0.10509161444830098,0.9458333333333333,0.9106842646347364,0.04405286343612335,0.9208333333333333,inf,inf,-16.30754811595814,20,audits/paper_extras/v4_runs/v2/bench2_seed606_det.json,True
606,det,saez,1,323.83302666448526,419.97823254230025,365.9513093091026,462.910492547247,532.6305836123285,0.39201195607613687,0.2115018448734469,0.3129359812063331,0.13089764878358306,0.9541666666666667,0.8973536688617224,0.05240174672489083,0.9208333333333333,inf,inf,-14.024252342473092,25,audits/paper_extras/v4_runs/v2/bench2_seed606_det.json,True
606,det,saez,2,142.17524391923607,180.4166601473332,244.90088487297575,401.91528876626813,609.5367359049073,0.7667486870858321,0.7040101941034123,0.5982180064842191,0.34062171302999183,0.95,0.8583009161655278,0.20614035087719298,0.925,2.1494107320592835,inf,-14.673281865126004,41,audits/paper_extras/v4_runs/v2/bench2_seed606_det.json,True
606,det,saez,3,332.3593647360889,422.64316211694756,393.0046585800967,450.0321708557166,514.892175710398,0.35450686490325495,0.17916180890916478,0.23672435294269664,0.1259681306386019,0.95,0.9002184316076651,0.05263157894736842,0.9208333333333333,inf,inf,-16.182445784064754,23,audits/paper_extras/v4_runs/v2/bench2_seed606_det.json,True
606,det,saez,4,227.2522804770685,282.9562320878102,332.18023776057004,414.1222190746382,541.524889766943,0.580347487675273,0.4774824990785068,0.3865836196309813,0.23526650962827458,0.95,0.8818118361157512,0.09210526315789473,0.9208333333333333,inf,inf,-16.088420706665538,32,audits/paper_extras/v4_runs/v2/bench2_seed606_det.json,True
606,det,saez,5,313.6366319109207,402.072017906454,361.87010694691725,422.85142837723987,486.67566174513667,0.3555530786432329,0.1738398906888179,0.25644503025010085,0.13114326107665614,0.9541666666666667,0.9004670813339904,0.05240174672489083,0.925,inf,inf,-16.23043245880526,26,audits/paper_extras/v4_runs/v2/bench2_seed606_det.json,True
606,det,saez,6,311.10636445390037,382.4358131108832,366.2450964228457,423.34813315581965,484.1021641279998,0.35735390686739055,0.21001011470429068,0.24345494905491055,0.12549836682018295,0.9458333333333333,0.896637546301207,0.05286343612334802,0.9208333333333333,inf,inf,-15.376623464672225,26,audits/paper_extras/v4_runs/v2/bench2_seed606_det.json,True
606,det,saez,7,312.1102929816471,397.41235172827953,381.11177106616645,433.38480999949513,486.88069509335213,0.3589593998550208,0.183758247691292,0.21723786770166773,0.10987473036613207,0.9416666666666667,0.8974304567981038,0.04424778761061947,0.9166666666666666,inf,inf,-13.42138614968657,18,audits/paper_extras/v4_runs/v2/bench2_seed606_det.json,True
606,det,saez,8,307.1813477157445,387.5616287196691,370.33627634704845,422.5639263786649,480.733798652329,0.3610157043734285,0.1938123972016431,0.2296437708660486,0.1210022520503766,0.9541666666666667,0.8980934186099,0.056768558951965066,0.9166666666666666,inf,inf,-13.778410580708472,27,audits/paper_extras/v4_runs/v2/bench2_seed606_det.json,True
606,det,saez,9,311.5427684709512,369.7676209368727,369.2915812385153,407.3512239954761,457.17089345570037,0.3185419874042362,0.19118293349376805,0.19222420647324207,0.10897384364005178,0.9458333333333333,0.9036324705617269,0.04405286343612335,0.9208333333333333,inf,inf,-15.807777741017542,26,audits/paper_extras/v4_runs/v2/bench2_seed606_det.json,True
606,det,free_market+rl_aux,0,322.2929768466462,315.1317523285106,315.145327541503,664.7148873466272,828.8417616044763,0.6111525845141421,0.6197926227577182,0.6197762442236948,0.19801955193489712,0.0,0.0,nan,0.0,0.0,0.0,1.4121934732713726e-08,0,audits/paper_extras/v4_runs/v2/bench2_seed606_det.json,True
606,det,free_market+rl_aux,1,409.49948606064817,403.13260471212294,403.1328407846325,733.9812314073864,887.1156987238295,0.5383922450591976,0.5455693036522136,0.5455690375397889,0.17262062607700038,0.0,0.0,nan,0.0,0.0,0.0,0.0,0,audits/paper_extras/v4_runs/v2/bench2_seed606_det.json,True
606,det,free_market+rl_aux,2,307.9334576945052,300.1813491349089,300.39727120771454,721.6720280629062,919.4862541596551,0.6651027067545078,0.6735336196958668,0.6732987906575545,0.215135599038984,0.0,0.0,nan,0.0,0.0,0.0,0.0,0,audits/paper_extras/v4_runs/v2/bench2_seed606_det.json,True
606,det,free_market+rl_aux,3,407.4884286250796,401.5000514590736,401.4620224910415,719.9525114918697,861.0953282861228,0.5267789578697142,0.5337333297833616,0.5337774932653628,0.16391079147436108,0.0,0.0,nan,0.0,0.0,0.0,0.0,0,audits/paper_extras/v4_runs/v2/bench2_seed606_det.json,True
606,det,free_market+rl_aux,4,388.79768319266805,383.4918082435953,383.5283525600375,713.4846584886466,826.0437251829111,0.5293255413246115,0.5357487787239367,0.5357045385519844,0.13626284331297409,0.0,0.0,nan,0.0,0.0,0.0,0.0,0,audits/paper_extras/v4_runs/v2/bench2_seed606_det.json,True
606,det,free_market+rl_aux,5,403.3573715796482,397.3655239688312,397.3886041668771,742.300750057807,882.4295124040965,0.5429013128983653,0.549691484267966,0.5496653289799555,0.1587988166494135,0.0,0.0,nan,0.0,0.0,0.0,0.0,0,audits/paper_extras/v4_runs/v2/bench2_seed606_det.json,True
606,det,free_market+rl_aux,6,367.6376779714842,361.834427583341,361.87399099818145,687.0621375633798,811.6478244436387,0.5470477873534753,0.5541977484737692,0.5541490039152933,0.1534972227217621,0.0,0.0,nan,0.0,0.0,0.0,6.661338147750939e-16,0,audits/paper_extras/v4_runs/v2/bench2_seed606_det.json,True
606,det,free_market+rl_aux,7,394.342587676642,387.9682480274969,387.9639904409012,714.3479385933629,861.7735839011801,0.5424058069969091,0.5498025754384398,0.5498075159317146,0.17107236524985275,0.0,0.0,nan,0.0,0.0,0.0,1.2212453270876722e-14,0,audits/paper_extras/v4_runs/v2/bench2_seed606_det.json,True
606,det,free_market+rl_aux,8,412.69294737154695,407.1171407682317,407.052247784832,721.8865208792523,846.2359086968175,0.5123192680311995,0.5189082186370677,0.5189849029076509,0.14694411633874083,0.0,0.0,nan,0.0,0.0,0.0,0.0,0,audits/paper_extras/v4_runs/v2/bench2_seed606_det.json,True
606,det,free_market+rl_aux,9,351.69998138035845,345.85457904222113,346.22325988406493,696.9779309933386,817.422443916151,0.5697451372934961,0.5768961549608516,0.5764451264325945,0.1473467162777918,0.0,0.0,nan,0.0,0.0,0.0,6.661338147750939e-16,0,audits/paper_extras/v4_runs/v2/bench2_seed606_det.json,True
606,det,us_federal+rl_aux,0,180.09611591947086,162.23802515276472,161.77610934128057,638.8899463176663,854.4069131348052,0.7892150529790295,0.8101162073261837,0.8106568347536812,0.2522415999964357,0.7541666666666667,0.0890428686042237,1.0,0.0,0.002179545073540488,0.01934258932458254,-0.3593249006747964,0,audits/paper_extras/v4_runs/v2/bench2_seed606_det.json,True
606,det,us_federal+rl_aux,1,330.8521672199822,287.8091872398274,261.0962749282239,715.4094044587711,880.5671904526658,0.6242737966992572,0.6731547684715851,0.7034907980230284,0.18755841437720777,0.8041666666666667,0.11598227956296298,1.0,0.0,0.03379623560436674,0.18958240476887686,-0.630000009387732,0,audits/paper_extras/v4_runs/v2/bench2_seed606_det.json,True
606,det,us_federal+rl_aux,2,293.02964117753635,270.85880606212044,259.29640198697894,761.1038662554553,1000.6768823970408,0.7071685712618768,0.7293244094804109,0.7408789924617272,0.23941096307502138,0.8625,0.2007057831834503,1.0,0.0,0.024123906007856123,0.07449075696556345,-0.6907505680433506,0,audits/paper_extras/v4_runs/v2/bench2_seed606_det.json,True
606,det,us_federal+rl_aux,3,309.11767303828975,272.34442910476554,250.75306113749855,720.8969221355057,905.5245205560328,0.6586313611380975,0.6992412431443228,0.723085288752286,0.2038902252002601,0.9125,0.13615642364232242,1.0,0.0,0.02517933835873832,0.12296746473720355,-0.7126005806819078,0,audits/paper_extras/v4_runs/v2/bench2_seed606_det.json,True
606,det,us_federal+rl_aux,4,279.48818733764585,238.32760571450308,211.6999343747407,682.6433360900932,826.6969955132912,0.6619218542531253,0.7117110537379818,0.7439207647739212,0.1742520659988077,0.9291666666666667,0.18698169315782714,1.0,0.0,0.06136845388238274,0.2671156460150873,-0.9948188262373068,0,audits/paper_extras/v4_runs/v2/bench2_seed606_det.json,True
606,det,us_federal+rl_aux,5,298.19142917094,250.5310228716186,217.7070662279558,703.7206616745203,846.6445487341173,0.6477961978060466,0.7040894868499341,0.7428589523744454,0.16881215059294166,0.875,0.14419081317021507,1.0,0.0,0.04621977144660693,0.2295058614268171,-0.7652697409470155,0,audits/paper_extras/v4_runs/v2/bench2_seed606_det.json,True
606,det,us_federal+rl_aux,6,291.4671304285968,254.87550200505237,233.32308403292595,693.4122344419716,852.7475539629902,0.6582023260294844,0.7011125967813516,0.7263866862489384,0.18684934220043967,0.8,0.14390231922366972,1.0,0.0,0.04748077288869725,0.20453719219469538,-0.7712852535301827,0,audits/paper_extras/v4_runs/v2/bench2_seed606_det.json,True
606,det,us_federal+rl_aux,7,253.20085120233193,222.31959156652005,216.23379327286753,699.5751407008943,882.5939155341646,0.7131173841719842,0.7481065893911499,0.7550019443064048,0.20736464597368476,0.7166666666666667,0.061491068520813194,1.0,0.0,0.010917207589438056,0.09467129869317986,-0.7415297853020452,0,audits/paper_extras/v4_runs/v2/bench2_seed606_det.json,True
606,det,us_federal+rl_aux,8,285.63417190772594,239.40684157317585,221.38146987667747,696.7678077723814,849.8847144435553,0.6639142144182001,0.7183066861839931,0.7395158824316278,0.18016197264051761,0.8708333333333333,0.09896763968500859,1.0,0.0,0.03663679558502487,0.2059982111560931,-0.7065552327721528,0,audits/paper_extras/v4_runs/v2/bench2_seed606_det.json,True
606,det,us_federal+rl_aux,9,237.70544736944493,202.1060560087791,185.43290438996314,647.3413745764191,796.580135749385,0.701592549573405,0.7462828321488996,0.7672137477850655,0.1873493380958705,0.7875,0.16802308105003766,1.0,0.0,0.0701154741435742,0.30416913890354286,-0.5579096169471572,0,audits/paper_extras/v4_runs/v2/bench2_seed606_det.json,True
606,det,saez+rl_aux,0,257.64629822892766,326.8458805737656,331.48112781683653,388.4570213468333,461.37103682191656,0.4415637791143446,0.29157694244269605,0.2815302622804559,0.15803769559818978,0.9458333333333333,0.8979611643828437,0.06607929515418502,0.9208333333333333,inf,inf,-13.075516372336928,24,audits/paper_extras/v4_runs/v2/bench2_seed606_det.json,True
606,det,saez+rl_aux,1,255.33551836728375,337.92323751888324,333.3420269339563,423.40918524735844,508.8192255294932,0.49818028573591405,0.33586778847196724,0.34487139988260046,0.1678593024728073,0.9541666666666667,0.8924496591094133,0.05240174672489083,0.9166666666666666,inf,inf,-11.078613778238047,22,audits/paper_extras/v4_runs/v2/bench2_seed606_det.json,True
606,det,saez+rl_aux,2,235.03526733542932,312.23824831079304,311.3001103661131,388.36986737394415,477.7254105553603,0.5080117947626052,0.34640644727729025,0.34837020705215627,0.187043730995049,0.95,0.8976117071660068,0.04824561403508772,0.9208333333333333,inf,inf,-11.400950784965985,23,audits/paper_extras/v4_runs/v2/bench2_seed606_det.json,True
606,det,saez+rl_aux,3,97.11654592800085,136.59560701014712,218.68484856958707,400.62331399699684,615.5042800552177,0.8422162947115682,0.7780752929973241,0.6447062097602821,0.3491136829120727,0.95,0.8552496634701086,0.13157894736842105,0.9166666666666666,0.3341773222339873,inf,-12.50905965414219,39,audits/paper_extras/v4_runs/v2/bench2_seed606_det.json,True
606,det,saez+rl_aux,4,149.70342741103403,196.9420067556543,243.48856822242627,373.1473094733351,547.4906560785192,0.7265644157595192,0.6402824330075698,0.5552644314216278,0.31844077094199824,0.95,0.8538011932831125,0.21929824561403508,0.925,inf,inf,-14.084279538466182,41,audits/paper_extras/v4_runs/v2/bench2_seed606_det.json,True
606,det,saez+rl_aux,5,280.86658400807113,366.1893785361958,330.7753431175369,399.64362029812423,457.2740142289094,0.38578057079913025,0.19919049160558028,0.27663647435703137,0.1260303278505033,0.9541666666666667,0.8994555030466207,0.056768558951965066,0.925,inf,inf,-13.846488743177154,29,audits/paper_extras/v4_runs/v2/bench2_seed606_det.json,True
606,det,saez+rl_aux,6,274.1417485693338,348.5430473686578,331.06602815679736,382.90268295655113,440.1731882078996,0.3771957131567653,0.20816838302282897,0.24787325301505975,0.13010902705027746,0.9458333333333333,0.8922338724793201,0.048458149779735685,0.9166666666666666,inf,inf,-12.444687777829962,27,audits/paper_extras/v4_runs/v2/bench2_seed606_det.json,True
606,det,saez+rl_aux,7,295.9862059627653,376.9240195666912,355.6259287628522,391.30603552510655,439.3785251268442,0.3263525888587362,0.1421428267167199,0.190616044195181,0.10941019383653218,0.9416666666666667,0.896017271845599,0.04424778761061947,0.9125,inf,inf,-11.23592332015451,19,audits/paper_extras/v4_runs/v2/bench2_seed606_det.json,True
606,det,saez+rl_aux,8,135.67179136611392,168.0143340711678,238.9063882202526,386.72571317830767,593.8108477275758,0.771523555210705,0.7170574860426797,0.5976725768238974,0.34873922452200323,0.9541666666666667,0.8339258762186323,0.27510917030567683,0.9166666666666666,1.4077397068585056,inf,-11.50977642786857,38,audits/paper_extras/v4_runs/v2/bench2_seed606_det.json,True
606,det,saez+rl_aux,9,291.72141339818336,341.02942442313565,337.4197450649917,374.841819312402,418.26736949429846,0.30254799997693854,0.18466165592727568,0.19329173233631564,0.10382246703681353,0.95,0.9041046030293118,0.043859649122807015,0.9208333333333333,inf,inf,-14.027600890273396,27,audits/paper_extras/v4_runs/v2/bench2_seed606_det.json,True
606,det,rl_mean_fixed,0,353.4579527114208,346.5748052108059,346.5980942094867,708.178152433116,854.5869415928087,0.5863990712839192,0.5944534273308134,0.5944261755702875,0.1713211167102682,0.12083333333333333,0.0013135662049999686,1.0,0.0,1.9206932706377248e-06,0.00019246258008803754,-0.0005258454865687927,0,audits/paper_extras/v4_runs/v2/bench2_seed606_det.json,True
606,det,rl_mean_fixed,1,437.74780693571637,431.324976816077,431.20646758075577,795.1194392935756,946.2530928584849,0.5373882418567874,0.5441758869045166,0.5443011274307729,0.1597180021978663,0.2625,0.007370643204176599,1.0,0.0,6.112889183374567e-06,0.0002118250595724628,-0.0008813746942910151,0,audits/paper_extras/v4_runs/v2/bench2_seed606_det.json,True
606,det,rl_mean_fixed,2,335.79575346223476,327.6051390710706,327.54083518970464,760.3516852531294,981.7394203126819,0.6579583680613695,0.6663013297696357,0.6663668297180289,0.2255055980018007,0.225,0.0172872547515437,1.0,0.0,1.019871102109247e-05,0.00011330663215913945,-0.000881374694290971,0,audits/paper_extras/v4_runs/v2/bench2_seed606_det.json,True
606,det,rl_mean_fixed,3,396.47597849265844,389.719947688261,389.44056784651224,758.0616585760404,912.8823117218654,0.5656877415613069,0.5730885102229916,0.5733945516898503,0.1695954135137142,0.3458333333333333,0.012223791894902523,1.0,0.0,5.943657936748093e-06,0.00012355566495900585,-0.0008813746942909291,0,audits/paper_extras/v4_runs/v2/bench2_seed606_det.json,True
606,det,rl_mean_fixed,4,406.19336293340876,400.615639539201,400.660589177194,737.9035008266466,856.4700014274853,0.5257354463595887,0.5322479025867902,0.5321954201438347,0.13843625626492806,0.29583333333333334,0.013992473182325086,1.0,0.0,1.3868565199295682e-05,0.00024672321472452816,-0.0008813746942912815,0,audits/paper_extras/v4_runs/v2/bench2_seed606_det.json,True
606,det,rl_mean_fixed,5,370.96057369311825,364.37967412033504,364.38787233330186,746.936104791874,890.2888648033427,0.5833256054763076,0.5907174755006922,0.5907082670142212,0.16101825562328484,0.24166666666666667,0.011505894825945742,1.0,0.0,1.2184809514568772e-05,0.00021756702734472403,-0.0010706180538511134,0,audits/paper_extras/v4_runs/v2/bench2_seed606_det.json,True
606,det,rl_mean_fixed,6,438.12506051852114,432.64062626482877,432.6722679385949,755.1914928181625,877.8964231992371,0.500937640317633,0.5071848855606492,0.5071488429559295,0.1397715347032767,0.22916666666666666,0.009642857142857142,1.0,0.0,1.2734721445139201e-05,0.0003001113816909015,-0.00013990074512554296,0,audits/paper_extras/v4_runs/v2/bench2_seed606_det.json,True
606,det,rl_mean_fixed,7,433.28922697194827,426.8909387784125,426.82581645946476,772.4762415593444,912.9618374999386,0.525402695737567,0.532410971363914,0.5324823021865978,0.1538789357562863,0.19583333333333333,0.002513648417736468,1.0,0.0,1.9728326813364278e-06,0.00020829302357261716,-0.0010374056795068205,0,audits/paper_extras/v4_runs/v2/bench2_seed606_det.json,True
606,det,rl_mean_fixed,8,415.6631105994379,409.62752012816856,409.2439399485121,751.3281613686042,885.4277486077896,0.5305510683926389,0.5373676499609933,0.5378008645064597,0.15145175588865156,0.07916666666666666,0.004026058170251983,1.0,0.0,5.026960391742881e-07,1.0051454096399908e-05,-0.0008813746942909291,0,audits/paper_extras/v4_runs/v2/bench2_seed606_det.json,True
606,det,rl_mean_fixed,9,367.36117435241204,361.3190120672932,361.3558153377237,721.0071537357526,842.8621812109933,0.5641503646247349,0.5713189888907302,0.5712753242546237,0.14457289719674435,0.15,0.005738993710691824,1.0,0.0,1.3634423157115378e-05,0.00035251475635150005,-0.00013990074512548745,0,audits/paper_extras/v4_runs/v2/bench2_seed606_det.json,True
606,det,flat_pit0.10_cit0,0,221.25286220671455,195.66000293252037,184.81456405191096,635.0202905907679,839.9555905753529,0.7365898094027081,0.767059109876872,0.7799710292715396,0.24398349422760363,0.7541666666666667,0.10149014805752593,1.0,0.0,0.012090663783033424,0.0785326537141572,-0.33887708239848546,0,audits/paper_extras/v4_runs/v2/bench2_seed606_det.json,True
606,det,flat_pit0.10_cit0,1,209.81183050001547,184.12429655187816,179.2330829582429,671.4237398031707,894.2842529203583,0.7653857486421596,0.7941098750753967,0.7995792921848477,0.24920545384693776,0.775,0.08337311789021898,1.0,0.0,0.007442601372042258,0.053847230716593655,-0.630000009387732,0,audits/paper_extras/v4_runs/v2/bench2_seed606_det.json,True
606,det,flat_pit0.10_cit0,2,303.2970364031589,276.39665437655333,259.85462059328285,732.8683813045338,970.2706331225313,0.687409856539627,0.7151344738868868,0.7321833602682408,0.2446763240210496,0.9,0.19128906853859265,1.0,0.0,0.0238002674764874,0.08423272397684699,-0.6506101301508691,1,audits/paper_extras/v4_runs/v2/bench2_seed606_det.json,True
606,det,flat_pit0.10_cit0,3,312.9589468464695,268.94531748720806,235.21409904950013,699.8655838577782,869.2580798160003,0.6399700455902407,0.6906036035418424,0.729408210851156,0.19487020010682918,0.9083333333333333,0.1298441183709822,1.0,0.0,0.02560363827258337,0.1519643922325915,-0.630000009387732,0,audits/paper_extras/v4_runs/v2/bench2_seed606_det.json,True
606,det,flat_pit0.10_cit0,4,303.5295943027504,254.3059426021884,222.76787340132543,712.1152237765182,838.4183289852753,0.6379735702222689,0.6966837033370072,0.7342998528301046,0.15064449433210717,0.925,0.21446420181439718,1.0,0.0,0.09862875641485865,0.41185404930105635,-0.9783377264277037,0,audits/paper_extras/v4_runs/v2/bench2_seed606_det.json,True
606,det,flat_pit0.10_cit0,5,286.62771505537154,247.39291650443505,222.0805890326583,690.7064494642494,846.3653130175044,0.6613427905812067,0.7076996035879385,0.7376066981751823,0.18391451204243245,0.8708333333333333,0.1490634052123841,1.0,0.0,0.04725921967876004,0.2056157046844278,-0.7652697409470156,0,audits/paper_extras/v4_runs/v2/bench2_seed606_det.json,True
606,det,flat_pit0.10_cit0,6,329.2931550892854,282.38171747067315,249.19635312576477,692.3112401896386,827.265922139706,0.6019500546600838,0.6586566545128576,0.698771161174845,0.1631333750591466,0.825,0.14901598719357415,1.0,0.0,0.05784349531708215,0.27296546259234594,-0.6242858270745864,0,audits/paper_extras/v4_runs/v2/bench2_seed606_det.json,True
606,det,flat_pit0.10_cit0,7,273.3534081972034,238.76907640291714,228.77650692499228,686.1387693578333,864.4053537445036,0.6837671041565532,0.7237764951725516,0.7353365455987066,0.20623031036820888,0.7041666666666667,0.061850571491681904,1.0,0.0,0.014574992687802796,0.13203777002229877,-0.630000009387732,0,audits/paper_extras/v4_runs/v2/bench2_seed606_det.json,True
606,det,flat_pit0.10_cit0,8,292.36675636179933,243.2787638662469,220.04688703676186,689.467802418369,836.0180723840477,0.6502865595619652,0.7090029846214974,0.7367917102446593,0.17529557650322752,0.925,0.14983969479671325,1.0,0.0,0.051938178177726856,0.25119331667294187,-0.6718279917305429,0,audits/paper_extras/v4_runs/v2/bench2_seed606_det.json,True
606,det,flat_pit0.10_cit0,9,238.40603774170052,201.17465416161286,180.83735200303425,651.8976336227093,795.3002738684683,0.7002314150074974,0.747045662158436,0.7726175157423091,0.18031257495766406,0.825,0.19907486144377748,1.0,0.0,0.0774247901483848,0.30818806733007487,-0.5808692217038408,0,audits/paper_extras/v4_runs/v2/bench2_seed606_det.json,True
606,det,flat_pit0.20_cit0,0,137.18669084118477,119.25184596845416,122.76317150054236,575.7328427570368,826.7068806629358,0.8340564303381933,0.8557507518592005,0.851503387268171,0.3035828584185039,0.9041666666666667,0.42159136058767804,1.0,0.37916666666666665,0.01019895960072897,0.033290500912681584,-1.4217996878526298,0,audits/paper_extras/v4_runs/v2/bench2_seed606_det.json,True
606,det,flat_pit0.20_cit0,1,195.28728123998172,180.88333774849747,163.58737639871185,669.3316614808203,875.6331356785599,0.7769759123052755,0.7934256592421843,0.8131781796129243,0.23560263515823793,0.9333333333333333,0.3952274897478563,0.8571428571428571,0.37916666666666665,0.3098349788515936,inf,-1.4929403553987135,0,audits/paper_extras/v4_runs/v2/bench2_seed606_det.json,True
606,det,flat_pit0.20_cit0,2,235.6356149799498,217.4063441147569,226.25629617602783,700.8465376074764,980.6506130890785,0.759715017933155,0.7783039736956667,0.7692794016991293,0.2853249381043172,0.9041666666666667,0.4090971129600132,1.0,0.4583333333333333,0.09228881671419889,0.283452234176632,-1.462960090702148,0,audits/paper_extras/v4_runs/v2/bench2_seed606_det.json,True
606,det,flat_pit0.20_cit0,3,225.25010441640933,228.65906414868127,184.90185910307312,677.3993733649745,853.790976573613,0.7361765225952953,0.7321837892146351,0.7834342782057605,0.20659811130415492,0.9166666666666666,0.4340124772653286,0.7,0.325,0.7357866167875405,inf,-1.7685558048656373,0,audits/paper_extras/v4_runs/v2/bench2_seed606_det.json,True
606,det,flat_pit0.20_cit0,4,144.22422857151827,135.31204006019684,139.9490995492759,601.2614561310587,812.0648274117965,0.8223981341105635,0.8333728595394757,0.8276626510283421,0.2595893383938422,0.9333333333333333,0.48857295224444713,0.875,0.5583333333333333,0.34698082823712495,inf,-2.5517572613751334,0,audits/paper_extras/v4_runs/v2/bench2_seed606_det.json,True
606,det,flat_pit0.20_cit0,5,224.37692129594151,223.78003373674517,175.14706382118655,661.8700252856231,850.9478892821867,0.7363211964892308,0.7370226349283105,0.794174160336738,0.22219676008134806,0.9291666666666667,0.4361114541241681,0.7488789237668162,0.43333333333333335,0.998177516601892,inf,-2.0938728857005007,0,audits/paper_extras/v4_runs/v2/bench2_seed606_det.json,True
606,det,flat_pit0.20_cit0,6,159.32790212059473,153.42620388881105,144.62661549174237,601.7522467404444,815.5976297425045,0.8046488901998198,0.8118849316209393,0.822674061059492,0.26219470876781975,0.9,0.45484143001626265,0.8518518518518519,0.4708333333333333,0.4256207634961086,inf,-1.6597256721037528,0,audits/paper_extras/v4_runs/v2/bench2_seed606_det.json,True
606,det,flat_pit0.20_cit0,7,148.35439391998253,130.0268391019797,132.97127267369834,616.5658648894643,856.1087656620172,0.8267108107399623,0.8481187854659662,0.8446794636299823,0.2798042846662335,0.9083333333333333,0.3885292133851815,1.0,0.36666666666666664,0.013269289098603474,0.04037537044989554,-1.6184429322136278,0,audits/paper_extras/v4_runs/v2/bench2_seed606_det.json,True
606,det,flat_pit0.20_cit0,8,138.42299288235037,118.77028779183581,120.87364480568996,603.8510646985184,855.534634860165,0.8382029350512791,0.8611741910235481,0.8587156616687454,0.29418279506917183,0.9333333333333333,0.40909421272474755,0.9955357142857143,0.39166666666666666,0.011113770076766992,0.037087204751093374,-1.7529567561456731,0,audits/paper_extras/v4_runs/v2/bench2_seed606_det.json,True
606,det,flat_pit0.20_cit0,9,125.12344617977226,110.02706536734593,123.65164713811794,567.9571829376354,805.6344662872982,0.8446895565970587,0.8634280558099794,0.8465164385183809,0.29501876259711124,0.925,0.48766006337868884,0.9459459459459459,0.6,0.019043738943269797,0.049367649031984775,-2.2403792834482887,0,audits/paper_extras/v4_runs/v2/bench2_seed606_det.json,True
606,det,flat_pit0.30_cit0,0,110.55608049363647,107.9403218558091,136.4218117295711,511.3236133794302,752.174957331463,0.8530181317311294,0.8564957250919978,0.818630213090897,0.3202065445072991,0.9291666666666667,0.7096586600127532,0.5381165919282511,0.8333333333333334,0.05228012937268901,0.11141577459841345,-3.587103726857274,1,audits/paper_extras/v4_runs/v2/bench2_seed606_det.json,True
606,det,flat_pit0.30_cit0,1,123.05906755622071,129.95592561543373,158.03035026924314,589.4118731662979,858.5800576076168,0.8566714117503292,0.8486385463254896,0.815939877861145,0.31350388592921696,0.9375,0.6913982594350748,0.5777777777777777,0.8041666666666667,0.07493370081368333,inf,-3.3046723448395414,3,audits/paper_extras/v4_runs/v2/bench2_seed606_det.json,True
606,det,flat_pit0.30_cit0,2,144.99617833165115,135.82899169464613,169.04363654044514,574.1924592598597,936.4763169279352,0.8451683446653472,0.8549573659906035,0.8194896833109624,0.3868585367503259,0.9208333333333333,0.6371061485916629,0.9366515837104072,0.8541666666666666,0.037318022886691046,0.09646782372252877,-2.56729524626063,7,audits/paper_extras/v4_runs/v2/bench2_seed606_det.json,True
606,det,flat_pit0.30_cit0,3,136.2013167117755,137.6019323228283,173.27827663986426,593.5960518361869,893.6878674004116,0.8475963234143904,0.8460290921000312,0.8061087288295613,0.33579041017658834,0.925,0.6624180795368138,0.6486486486486487,0.8166666666666667,0.09513976528604301,inf,-3.4541620145820646,8,audits/paper_extras/v4_runs/v2/bench2_seed606_det.json,True
606,det,flat_pit0.30_cit0,4,156.95850890425285,200.31418235179763,193.34074579866743,527.2671268305753,696.8271994348454,0.7747526086358965,0.712533921588795,0.722541333123227,0.24333159317229586,0.9375,0.7482179328231133,0.4266666666666667,0.875,inf,inf,-3.9529136117559682,3,audits/paper_extras/v4_runs/v2/bench2_seed606_det.json,True
606,det,flat_pit0.30_cit0,5,106.81022976747224,103.88478549889817,137.94799708550616,543.4358410428206,812.0133878155707,0.8684624768874727,0.8720651813655896,0.830116105035404,0.3307550722719748,0.9375,0.7134290137448478,0.5466666666666666,0.8,0.04087660353432118,0.07631871299426388,-3.362593617032699,3,audits/paper_extras/v4_runs/v2/bench2_seed606_det.json,True
606,det,flat_pit0.30_cit0,6,104.93228849516876,102.80210788233822,139.80920675908357,521.9982100547655,769.46665824825,0.8636298436451357,0.8663982295004502,0.818303749408233,0.3216103589944565,0.9291666666666667,0.708507310189443,0.5291479820627802,0.7958333333333333,0.04441071649155929,0.08254366665523777,-3.4837270938122256,6,audits/paper_extras/v4_runs/v2/bench2_seed606_det.json,True
606,det,flat_pit0.30_cit0,7,115.00822238984817,112.70619339507793,132.1090676286895,543.7619535467614,797.7256987354992,0.8558298641097417,0.8587156041559998,0.8343928648179445,0.318359738931946,0.9208333333333333,0.6914338512878137,0.5746606334841629,0.7666666666666667,0.036607164491971114,0.06532829406616043,-2.8371424422997458,0,audits/paper_extras/v4_runs/v2/bench2_seed606_det.json,True
606,det,flat_pit0.30_cit0,8,92.8734304257008,99.50142754824351,136.23855463576317,510.3181775498841,719.4437287838315,0.8709093891433362,0.8616967198860103,0.8106334808615752,0.29067673101753116,0.9375,0.7266019406397035,0.52,0.8166666666666667,0.06557915068452619,0.11780366637134022,-3.7244181157411482,1,audits/paper_extras/v4_runs/v2/bench2_seed606_det.json,True
606,det,flat_pit0.30_cit0,9,91.06560274447159,119.4016342363756,170.34401623301392,479.1548406612642,647.8442272899181,0.8594328715015027,0.8156939134336966,0.7370602236503638,0.26038572163299284,0.9375,0.7568993229347932,0.4444444444444444,0.8666666666666667,0.19597355158887753,inf,-4.038619458263254,1,audits/paper_extras/v4_runs/v2/bench2_seed606_det.json,True
606,det,flat_pit0.50_cit0,0,234.75432378925242,303.5719411348625,304.9755541732795,372.943884987492,442.1087218758392,0.4690122312149718,0.31335455259324885,0.31017973841527574,0.15644305001467776,0.9416666666666667,0.8935633081589339,0.04424778761061947,0.9125,inf,inf,-9.086755896581087,24,audits/paper_extras/v4_runs/v2/bench2_seed606_det.json,True
606,det,flat_pit0.50_cit0,1,285.78930726421106,367.78470618313685,315.6180153686896,402.6321300607314,464.80028788140197,0.38513526192752107,0.20872530466895822,0.32095994000498035,0.1337524081666088,0.9458333333333333,0.8884216370646775,0.05286343612334802,0.9083333333333333,inf,inf,-7.409678958141988,26,audits/paper_extras/v4_runs/v2/bench2_seed606_det.json,True
606,det,flat_pit0.50_cit0,2,273.2155785196487,344.24939436530906,314.63189926247736,369.2671591257949,430.9426441171315,0.36600477523085906,0.20117120209681308,0.2698984341476322,0.14311761862809066,0.9416666666666667,0.8969505323550696,0.04424778761061947,0.9125,inf,inf,-8.192146956093152,23,audits/paper_extras/v4_runs/v2/bench2_seed606_det.json,True
606,det,flat_pit0.50_cit0,3,247.92396694443403,326.35512414501324,328.8637193999368,404.50708967237983,475.1390514808782,0.47820755593184155,0.31313765280320843,0.30785794521633464,0.14865534960420096,0.9416666666666667,0.8893117976201143,0.048672566371681415,0.9083333333333333,inf,inf,-8.652959926270166,23,audits/paper_extras/v4_runs/v2/bench2_seed606_det.json,True
606,det,flat_pit0.50_cit0,4,257.12773427664234,342.1741924174426,335.30046920889106,379.6426725535184,431.952914724788,0.404732030942615,0.20784377011218105,0.22375690085915387,0.12110172286856366,0.9458333333333333,0.8938285802122401,0.05286343612334802,0.9166666666666666,inf,inf,-9.75407722204024,31,audits/paper_extras/v4_runs/v2/bench2_seed606_det.json,True
606,det,flat_pit0.50_cit0,5,240.0835222682128,314.0071021790592,322.8965434899651,399.5212977042768,476.6287140334071,0.4962881689679627,0.3411913866417827,0.3225407240837506,0.16177669128789804,0.9458333333333333,0.890722988143159,0.05286343612334802,0.9166666666666666,inf,inf,-8.781797991800993,27,audits/paper_extras/v4_runs/v2/bench2_seed606_det.json,True
606,det,flat_pit0.50_cit0,6,258.56670917602406,338.75102249917296,317.1631755528373,374.16535061040474,430.97542637201815,0.40004303411761316,0.21398993592093352,0.2640806037997584,0.1318174361815584,0.9375,0.8872883411375426,0.044444444444444446,0.9125,inf,inf,-8.39896527525599,31,audits/paper_extras/v4_runs/v2/bench2_seed606_det.json,True
606,det,flat_pit0.50_cit0,7,197.9312361617461,255.66958880865218,304.31927609165837,388.6994609176747,508.81867468294666,0.610998483329881,0.4975231815774762,0.4019101671508328,0.23607469564697134,0.9375,0.8716984123441781,0.08,0.9041666666666667,inf,inf,-7.753983776658815,20,audits/paper_extras/v4_runs/v2/bench2_seed606_det.json,True
606,det,flat_pit0.50_cit0,8,239.97190466257567,303.28856225510066,311.8606521020289,384.77684259451854,452.0421073876194,0.469138160492639,0.3290701080750534,0.3101070740858815,0.14880309531745,0.9458333333333333,0.886239855747484,0.05726872246696035,0.9083333333333333,inf,inf,-7.973770889049371,27,audits/paper_extras/v4_runs/v2/bench2_seed606_det.json,True
606,det,flat_pit0.50_cit0,9,240.63411564272607,297.7445759345537,319.36581569007643,372.4753158475338,425.65523987132815,0.43467366755436243,0.3005029703744296,0.249707778091448,0.12493661311410181,0.9416666666666667,0.8946897411171861,0.03982300884955752,0.9166666666666666,inf,inf,-10.086758817497033,28,audits/paper_extras/v4_runs/v2/bench2_seed606_det.json,True
606,det,flat_pit0_cit0.10,0,338.00742600240676,331.0732572179851,331.02792830731835,674.6891714895833,831.5806432583953,0.5935362027211372,0.6018747431148281,0.6019292524531998,0.18866657496266603,0.0,0.0,nan,0.0,0.0,0.0,0.0,0,audits/paper_extras/v4_runs/v2/bench2_seed606_det.json,True
606,det,flat_pit0_cit0.10,1,438.15621160381266,431.90592818499005,431.9402121283078,766.6636790619688,919.0836371826066,0.5232684013971208,0.5300689613961895,0.5300316590855719,0.1658390509354205,0.0,0.0,nan,0.0,0.0,0.0,0.0,0,audits/paper_extras/v4_runs/v2/bench2_seed606_det.json,True
606,det,flat_pit0_cit0.10,2,336.6424492605305,328.92803159931134,329.07429844956357,746.5486335441478,955.5595233042036,0.6477012252502454,0.6557744195129572,0.6556213501889799,0.2187314182556861,0.0,0.0,nan,0.0,0.0,0.0,0.0,0,audits/paper_extras/v4_runs/v2/bench2_seed606_det.json,True
606,det,flat_pit0_cit0.10,3,402.09722161771083,395.63772164521345,395.3233422488696,746.1757737286645,897.8252435679642,0.5521431096994183,0.5593377169114268,0.5596878734687257,0.16890755848726605,0.0,0.0,nan,0.0,0.0,0.0,0.0,0,audits/paper_extras/v4_runs/v2/bench2_seed606_det.json,True
606,det,flat_pit0_cit0.10,4,389.9353383500958,384.52332293514667,384.482874171146,707.4387289272445,821.6190548504819,0.52540616475715,0.5319931777810069,0.532042408338358,0.1389699097765155,0.0,0.0,nan,0.0,0.0,0.0,0.0,0,audits/paper_extras/v4_runs/v2/bench2_seed606_det.json,True
606,det,flat_pit0_cit0.10,5,401.4031208837102,395.43234687547715,395.44202058814045,734.4262465271659,870.5982621398621,0.5389341578777186,0.545792400385069,0.5457812888160665,0.15641200026978697,0.0,0.0,nan,0.0,0.0,0.0,0.0,0,audits/paper_extras/v4_runs/v2/bench2_seed606_det.json,True
606,det,flat_pit0_cit0.10,6,381.6419931124226,375.80240533077745,375.8845070121393,700.4039291733133,827.2119692415685,0.5386406298468673,0.5456999906863861,0.545600739606355,0.15329570265348005,0.0,0.0,nan,0.0,0.0,0.0,2.6645352591003757e-15,0,audits/paper_extras/v4_runs/v2/bench2_seed606_det.json,True
606,det,flat_pit0_cit0.10,7,415.2765926884876,408.86913498159066,408.9988423916087,736.905015218511,886.6063880442787,0.531611097902728,0.538838045275655,0.5386917487772684,0.16884761360222827,0.0,0.0,nan,0.0,0.0,0.0,1.1520473464088354e-10,0,audits/paper_extras/v4_runs/v2/bench2_seed606_det.json,True
606,det,flat_pit0_cit0.10,8,399.47817682773746,393.630523349137,393.3187301440268,725.4393431804489,854.0667688394453,0.5322635285639655,0.5391103626663468,0.5394754315537991,0.15060581953537738,0.0,0.0,nan,0.0,0.0,0.0,0.0,0,audits/paper_extras/v4_runs/v2/bench2_seed606_det.json,True
606,det,flat_pit0_cit0.10,9,361.23854271429553,355.5175622630157,355.6276931218842,691.0841365976781,807.1515566099832,0.5524526468963418,0.5595405108847454,0.5594040670434784,0.14379879350017669,0.0,0.0,nan,0.0,0.0,0.0,3.1086244689504383e-15,0,audits/paper_extras/v4_runs/v2/bench2_seed606_det.json,True
606,det,flat_pit0_cit0.20,0,252.81827452400643,244.36011321179473,244.3319886092383,662.0255150065246,846.3249106052884,0.7012751588001921,0.7112691471682793,0.711302378616632,0.21776435183380533,0.0,0.0,nan,0.0,0.0,0.0,0.0,0,audits/paper_extras/v4_runs/v2/bench2_seed606_det.json,True
606,det,flat_pit0_cit0.20,1,433.40889234820173,427.19819837749816,427.13143279143105,767.1562879918154,915.5737104629283,0.5266258877954638,0.5334092782529763,0.5334822003839901,0.1621031936315327,0.0,0.0,nan,0.0,0.0,0.0,0.0,0,audits/paper_extras/v4_runs/v2/bench2_seed606_det.json,True
606,det,flat_pit0_cit0.20,2,347.91097080398185,340.048897772826,340.20954672807346,766.8323257957953,982.8939742932139,0.646034079052972,0.6540329815152741,0.6538695366682722,0.2198219280495495,0.0,0.0,nan,0.0,0.0,0.0,0.0,0,audits/paper_extras/v4_runs/v2/bench2_seed606_det.json,True
606,det,flat_pit0_cit0.20,3,369.8820678505606,362.9728112850143,362.734825734862,734.3161732032249,893.993111671081,0.5862584811652911,0.5939870156196911,0.5942532207470522,0.1786109270678637,0.0,0.0,nan,0.0,0.0,0.0,0.0,0,audits/paper_extras/v4_runs/v2/bench2_seed606_det.json,True
606,det,flat_pit0_cit0.20,4,384.57812573928265,378.92106377776696,378.9403803474188,719.2932993710848,839.5163874849015,0.5419051593603357,0.5486436364715016,0.5486206273082026,0.1432051713415527,0.004166666666666667,6.830601092896175e-05,1.0,0.0,1.5831522725577734e-19,9.65722886260242e-18,-8.881784197001252e-16,0,audits/paper_extras/v4_runs/v2/bench2_seed606_det.json,True
606,det,flat_pit0_cit0.20,5,372.24742349947684,365.7541055768586,365.820888102357,743.4616477346799,888.7782802212033,0.581169531497968,0.5884754232677378,0.5884002835765634,0.1635015568228742,0.004166666666666667,7.183908045977011e-05,1.0,0.0,1.6294311351537051e-19,9.45070058389149e-18,-8.881784197001252e-16,0,audits/paper_extras/v4_runs/v2/bench2_seed606_det.json,True
606,det,flat_pit0_cit0.20,6,382.09824321729377,375.98013854781607,376.1188976051267,726.8233007365425,861.3889149566498,0.5564161128814582,0.5635187172489472,0.5633576296671345,0.15621934747892544,0.0,0.0,nan,0.0,0.0,0.0,5.440092820663267e-14,0,audits/paper_extras/v4_runs/v2/bench2_seed606_det.json,True
606,det,flat_pit0_cit0.20,7,445.40164749904665,439.18311464547156,439.29627378537197,806.6729828698452,950.6457264102858,0.5314746228535431,0.5380160006568776,0.5378969666815946,0.15144731579880244,0.0,0.0,nan,0.0,0.0,0.0,0.0,0,audits/paper_extras/v4_runs/v2/bench2_seed606_det.json,True
606,det,flat_pit0_cit0.20,8,419.52390647809165,413.65495466944157,413.13680967148406,754.4519443812053,885.0651699995565,0.5259965924562348,0.5326276881174198,0.5332131195811365,0.14757469850318097,0.008333333333333333,0.00015151515151515152,1.0,0.0,1.8543435141737351e-19,1.0198889327955544e-17,-8.881784197001252e-16,0,audits/paper_extras/v4_runs/v2/bench2_seed606_det.json,True
606,det,flat_pit0_cit0.20,9,346.7032621932275,340.82229458811037,340.91000195284386,676.5866438911743,792.916158726412,0.5627491527602302,0.5701660373077253,0.570055423639725,0.1467109902541109,0.0,0.0,nan,0.0,0.0,0.0,2.788658193253468e-12,0,audits/paper_extras/v4_runs/v2/bench2_seed606_det.json,True
606,det,flat_pit0_cit0.30,0,335.4314190927293,328.45844964102537,328.44025785141486,702.6949676292257,849.5816242162641,0.6051804682073209,0.6133880014836396,0.6134094141285132,0.1728929303556216,0.0,0.0,nan,0.0,0.0,0.0,9.396301514641436e-10,0,audits/paper_extras/v4_runs/v2/bench2_seed606_det.json,True
606,det,flat_pit0_cit0.30,1,427.64047963063433,421.0347547640722,420.9300119227444,803.655848614465,962.0870022187187,0.55550747630471,0.5623735132133558,0.5624823836596733,0.16467445588484975,0.0,0.0,nan,0.0,0.0,0.0,0.0,0,audits/paper_extras/v4_runs/v2/bench2_seed606_det.json,True
606,det,flat_pit0_cit0.30,2,339.4141630057666,331.63744910975674,331.6412158797948,756.0286927537054,957.5894804892033,0.6455535801914091,0.653674715661733,0.6536707820658499,0.21048767957697975,0.0,0.0,nan,0.0,0.0,0.0,0.0,0,audits/paper_extras/v4_runs/v2/bench2_seed606_det.json,True
606,det,flat_pit0_cit0.30,3,383.69982755053144,376.87113532547204,376.61319974198545,752.7421645959137,907.4587215271152,0.5771710399071124,0.5846961119165232,0.5849803513836942,0.17049431920257163,0.0,0.0,nan,0.0,0.0,0.0,0.0,0,audits/paper_extras/v4_runs/v2/bench2_seed606_det.json,True
606,det,flat_pit0_cit0.30,4,409.9648954676035,404.5557152596797,404.58601949364754,729.5739195529876,843.6632274079911,0.5140657051900324,0.5204772448093928,0.520441324986194,0.13523086481500812,0.004166666666666667,6.510416666666667e-05,1.0,0.0,1.6387543690279505e-19,1.0488027961778887e-17,-8.881784197001252e-16,0,audits/paper_extras/v4_runs/v2/bench2_seed606_det.json,True
606,det,flat_pit0_cit0.30,5,378.82713881656866,372.30998456703276,372.4202637454191,755.9207255304182,899.8310615992073,0.5790019316033551,0.5862445736143492,0.5861220181891227,0.15993039383751348,0.004166666666666667,7.062146892655367e-05,1.0,0.0,1.6393147862093737e-19,9.671957238635303e-18,-8.881784197001252e-16,0,audits/paper_extras/v4_runs/v2/bench2_seed606_det.json,True
606,det,flat_pit0_cit0.30,6,438.0650477085582,432.5488971533831,432.62310460247886,756.4512268720827,882.9556883283307,0.5038651956159527,0.510112565249664,0.5100285208858565,0.14327385069091583,0.0,0.0,nan,0.0,0.0,0.0,8.72635297355373e-13,0,audits/paper_extras/v4_runs/v2/bench2_seed606_det.json,True
606,det,flat_pit0_cit0.30,7,463.64147047889287,457.94298820091467,457.9076974032052,769.0595622313248,897.5807413335443,0.48345430207197143,0.48980301480115934,0.48984233248711717,0.14318620396341658,0.0,0.0,nan,0.0,0.0,0.0,0.0,0,audits/paper_extras/v4_runs/v2/bench2_seed606_det.json,True
606,det,flat_pit0_cit0.30,8,413.313883810802,407.3944337011224,406.9488499426448,747.1415662108329,875.9969921904012,0.5281788779007969,0.5349362642416771,0.5354449232467308,0.14709574020039687,0.004166666666666667,7.575757575757576e-05,1.0,0.0,2.096146976289883e-19,1.1528808369594357e-17,-8.881784197001252e-16,0,audits/paper_extras/v4_runs/v2/bench2_seed606_det.json,True
606,det,flat_pit0_cit0.30,9,342.85689174659,336.6782827307302,336.75622336554176,705.3943967614264,829.0614091849947,0.5864517538168444,0.5939042886320082,0.593810277942392,0.14916508120325922,0.0,0.0,nan,0.0,0.0,0.0,0.0,0,audits/paper_extras/v4_runs/v2/bench2_seed606_det.json,True
606,det,flat_pit0_cit0.50,0,318.14104650475986,310.4632316352696,310.53163613456246,720.4885023227251,880.6858618508169,0.6387576316529411,0.6474756265726674,0.6473979547236507,0.1819006827149773,0.0,0.0,nan,0.0,0.0,0.0,0.00047082849026680584,0,audits/paper_extras/v4_runs/v2/bench2_seed606_det.json,True
606,det,flat_pit0_cit0.50,1,414.73281723313164,407.58048173643607,407.60284222381557,850.9934684949609,1016.6837226009119,0.5920729249287583,0.599107891002965,0.5990858974499235,0.16297128637220334,0.0,0.0,nan,0.0,0.0,0.0,0.0,0,audits/paper_extras/v4_runs/v2/bench2_seed606_det.json,True
606,det,flat_pit0_cit0.50,2,323.8862661095331,315.32963582662234,315.1583204179348,788.0257243681407,1014.4617965376019,0.6807309381043528,0.689165588193804,0.6893344613926492,0.22320808229772324,0.0,0.0,nan,0.0,0.0,0.0,0.0,0,audits/paper_extras/v4_runs/v2/bench2_seed606_det.json,True
606,det,flat_pit0_cit0.50,3,384.52000269032226,377.40648992232195,377.3382314845334,780.6565007223941,938.8181142267756,0.5904211935588625,0.5979982872048016,0.5980709939802187,0.1684688557960408,0.0,0.0,nan,0.0,0.0,0.0,0.0,0,audits/paper_extras/v4_runs/v2/bench2_seed606_det.json,True
606,det,flat_pit0_cit0.50,4,397.4931293247725,391.5897224277378,391.6137641760351,750.3034837816297,875.041075716141,0.545743462386082,0.5524898964231394,0.5524624214291483,0.14255055607809608,0.0,0.0,nan,0.0,0.0,0.0,0.0,0,audits/paper_extras/v4_runs/v2/bench2_seed606_det.json,True
606,det,flat_pit0_cit0.50,5,447.12925522711316,441.02280831172556,441.15192719983787,818.2833939359317,958.0653781638441,0.5332998504924086,0.5396735772281464,0.5395388067927928,0.1459002563017234,0.004166666666666667,7.309941520467836e-05,1.0,0.0,1.3026086932405602e-19,7.424869551471193e-18,-8.881784197001252e-16,0,audits/paper_extras/v4_runs/v2/bench2_seed606_det.json,True
606,det,flat_pit0_cit0.50,6,364.080070377966,357.3757216187149,357.44216257745677,755.4401499304603,899.9082914226212,0.5954253629529187,0.6028753984989326,0.6028015676881987,0.16053651563069646,0.0,0.0,nan,0.0,0.0,0.0,0.0,0,audits/paper_extras/v4_runs/v2/bench2_seed606_det.json,True
606,det,flat_pit0_cit0.50,7,454.2389432926103,448.0831398268524,447.8807881777625,793.359166211924,929.164892652383,0.5111320424559463,0.5177571350680721,0.517974913043424,0.14615890840730064,0.004166666666666667,7.861635220125786e-05,1.0,0.0,1.9009435222447427e-19,1.0075000667897135e-17,-8.881784197001252e-16,0,audits/paper_extras/v4_runs/v2/bench2_seed606_det.json,True
606,det,flat_pit0_cit0.50,8,394.4330698363298,387.7051180921949,387.6207902962715,779.9127181948247,923.936140670606,0.5730948791005787,0.5803767154180234,0.5804679855742727,0.15588027801493626,0.008333333333333333,0.00015291806958473624,1.0,0.0,1.730494907791153e-19,9.435665543964564e-18,-8.881784197001252e-16,0,audits/paper_extras/v4_runs/v2/bench2_seed606_det.json,True
606,det,flat_pit0_cit0.50,9,322.38719156621585,315.8367176388064,315.86677561162907,721.0489378390266,844.9133096658754,0.6184375510740797,0.6261903866046264,0.6261548113894194,0.14660009542970923,0.0,0.0,nan,0.0,0.0,0.0,1.080653181162461e-06,0,audits/paper_extras/v4_runs/v2/bench2_seed606_det.json,True
606,exp,rl_learned,0,365.6006868626452,358.76733765669394,355.20363608968376,704.9296399550865,861.9287093088791,0.5758341926494187,0.5837621675876598,0.5878967340877914,0.18214855551067474,0.0625,0.0015393324145028021,1.0,0.0,0.00012126117951444076,0.004938826137657543,-0.8908204346895222,0,audits/paper_extras/v4_runs/v2/bench2_seed606_exp.json,True
606,exp,rl_learned,1,397.84415652435723,390.2864582341579,389.66353942882955,762.4004844160673,945.9617583739624,0.5794289219384284,0.5874183551510251,0.5880768583091223,0.194047245919775,0.0625,0.0012666906864331265,1.0,0.0,0.00028328492783847605,0.0123565397972518,-1.3207365835775071,0,audits/paper_extras/v4_runs/v2/bench2_seed606_exp.json,True
606,exp,rl_learned,2,343.9046265733847,335.83021900913735,334.8701971780938,773.747893568091,999.9032566278817,0.6560620997143424,0.6641372884995833,0.665097403215362,0.2261772442090919,0.016666666666666666,0.000349925843529848,1.0,0.0,6.598441811193622e-05,0.002366890490705153,-0.5767329409718513,1,audits/paper_extras/v4_runs/v2/bench2_seed606_exp.json,True
606,exp,rl_learned,3,389.2985796934823,382.50712734204336,381.1804008918889,744.0880180424685,893.6547073115379,0.564374722688314,0.5719743607765755,0.573458968242188,0.1673651893123512,0.10416666666666667,0.0020814382099809212,1.0,0.0,0.0004516387009064151,0.009909294023518518,-0.7658955324705167,0,audits/paper_extras/v4_runs/v2/bench2_seed606_exp.json,True
606,exp,rl_learned,4,394.15718852022474,387.95106658924146,383.5138788876456,734.6970133936742,877.0498721617504,0.5505874853516516,0.5576636187939682,0.5627228381638532,0.16230873897422185,0.2375,0.005477105300090285,1.0,0.0,0.00016166247207638877,0.0020909875070461437,-1.2873419440385638,0,audits/paper_extras/v4_runs/v2/bench2_seed606_exp.json,True
606,exp,rl_learned,5,415.62062553080693,409.152697819318,407.84744185594604,744.9113321282827,899.8851991953906,0.5381403917939493,0.5453278949524323,0.5467783643729084,0.17221515278357044,0.09166666666666666,0.0013714601682269468,1.0,0.0,0.00018847562653176434,0.005186711804751675,-0.9816076844930651,0,audits/paper_extras/v4_runs/v2/bench2_seed606_exp.json,True
606,exp,rl_learned,6,373.4326270820516,367.1513007588804,366.1379197566008,709.0665638890976,847.0849834309079,0.5591556521642548,0.5665708778453078,0.5677671934713683,0.1629333800521417,0.05,0.0010479392466393944,1.0,0.0,0.00041959597395825377,0.010072503320962286,-1.573081710397075,0,audits/paper_extras/v4_runs/v2/bench2_seed606_exp.json,True
606,exp,rl_learned,7,468.8667331471456,463.2055407934587,462.96946021022586,759.5912489296859,891.4411255420611,0.474035110437562,0.4803857175516824,0.4806505478096416,0.14790643244353435,0.1,0.0015193809751737973,1.0,0.0,0.00010649446055069802,0.009748828475909408,-0.8824160687036873,0,audits/paper_extras/v4_runs/v2/bench2_seed606_exp.json,True
606,exp,rl_learned,8,322.9974757768735,315.26436724283883,312.93871365296206,709.1913450439862,886.8211103734708,0.6357805740090601,0.6445006060917177,0.6471230668819185,0.20029943271724626,0.020833333333333332,0.00030734871759621724,1.0,0.0,0.00011708479428549064,0.00944513555344748,-0.7524885702121251,0,audits/paper_extras/v4_runs/v2/bench2_seed606_exp.json,True
606,exp,rl_learned,9,353.0658281027178,346.7485363467248,344.301858017131,713.3733724999453,844.168356755118,0.5817589876741406,0.5892424377530749,0.5921407675826821,0.15493945397092707,0.08333333333333333,0.001411821047237714,1.0,0.0,0.00044829591797947735,0.007629162043584453,-0.296583896026713,0,audits/paper_extras/v4_runs/v2/bench2_seed606_exp.json,True
606,exp,free_market,0,415.1646743946024,409.6851786863838,409.55128811306724,701.8786380059087,835.6958225113912,0.5032107817088635,0.5097675880977621,0.5099278025797661,0.1601266643924841,0.0,0.0,nan,0.0,0.0,0.0,0.0,0,audits/paper_extras/v4_runs/v2/bench2_seed606_exp.json,True
606,exp,free_market,1,387.3986204811669,380.4438934886993,379.7944303152293,722.0076295513344,905.0006376505627,0.5719355275960053,0.5796203033885644,0.580337941748639,0.20220207642537075,0.0,0.0,nan,0.0,0.0,0.0,1.3864465131518955e-12,0,audits/paper_extras/v4_runs/v2/bench2_seed606_exp.json,True
606,exp,free_market,2,365.20502655986803,358.11404554714164,357.53018662475006,755.6141465308782,965.698041685053,0.6218227532877468,0.6291656086179216,0.6297702064292341,0.2175461542695044,0.0,0.0,nan,0.0,0.0,0.0,8.881784197001252e-16,0,audits/paper_extras/v4_runs/v2/bench2_seed606_exp.json,True
606,exp,free_market,3,413.6142965781784,407.63778459448275,406.0100884548345,721.541978409077,877.8019599703988,0.5288068203993002,0.535615317368135,0.5374696036580666,0.17801279637902742,0.0,0.0,nan,0.0,0.0,0.0,1.7985612998927536e-14,0,audits/paper_extras/v4_runs/v2/bench2_seed606_exp.json,True
606,exp,free_market,4,354.90228106689966,348.9495056601504,346.60015668584157,673.3456202480814,811.4718036759346,0.562643730245208,0.5699795062756053,0.5728746764634867,0.17021686126633984,0.0,0.0,nan,0.0,0.0,0.0,0.0,0,audits/paper_extras/v4_runs/v2/bench2_seed606_exp.json,True
606,exp,free_market,5,390.1204060994626,384.22053099148803,381.90303277500595,693.0620604147354,837.082053011786,0.5339520125944335,0.5410001569032824,0.5437687005701115,0.17205003031527522,0.0,0.0,nan,0.0,0.0,0.0,2.615685446016869e-13,0,audits/paper_extras/v4_runs/v2/bench2_seed606_exp.json,True
606,exp,free_market,6,359.30242841967527,353.0223510702748,352.3463248522229,667.669376635747,822.7958885189902,0.5633152359737605,0.5709478425983566,0.5717694634006539,0.18853583743893845,0.0,0.0,nan,0.0,0.0,0.0,0.0,0,audits/paper_extras/v4_runs/v2/bench2_seed606_exp.json,True
606,exp,free_market,7,441.55939518090827,435.97833154456447,434.6314447896797,743.457352460398,882.4234550640685,0.49960600815075934,0.5059307081622052,0.5074570578383786,0.15748233096725753,0.0,0.0,nan,0.0,0.0,0.0,2.475797344914099e-13,0,audits/paper_extras/v4_runs/v2/bench2_seed606_exp.json,True
606,exp,free_market,8,316.53679309070594,309.3315686563483,309.3522269774743,644.9793381283151,815.8542381319772,0.6120179582379014,0.6208494677129948,0.6208241466198872,0.20944292744609166,0.0,0.0,nan,0.0,0.0,0.0,0.0,0,audits/paper_extras/v4_runs/v2/bench2_seed606_exp.json,True
606,exp,free_market,9,392.5472116341419,387.34107215802874,386.6510846148018,688.0262228916341,805.404682823693,0.5126087294924849,0.5190727339701604,0.5199294306816917,0.1457384870429833,0.0,0.0,nan,0.0,0.0,0.0,0.0,0,audits/paper_extras/v4_runs/v2/bench2_seed606_exp.json,True
606,exp,us_federal,0,323.3939171476061,281.19130436412433,265.1214738377609,678.6446755272292,816.6592537361323,0.6040038539107809,0.6556809917016149,0.67535851381729,0.16899897671825864,0.8916666666666667,0.11041265749379854,1.0,0.0,0.024620128014930343,0.16091578992031957,-0.8260444900740918,0,audits/paper_extras/v4_runs/v2/bench2_seed606_exp.json,True
606,exp,us_federal,1,364.11951446037875,328.8280915098993,307.2738924001152,740.4777887063963,913.8555415460287,0.6015568129680823,0.6401749767215948,0.663760979245932,0.18972118125619505,0.8125,0.08470356917455081,1.0,0.0,0.017339805791496524,0.11924633618462814,-0.7101910642455915,0,audits/paper_extras/v4_runs/v2/bench2_seed606_exp.json,True
606,exp,us_federal,2,294.96439035843355,273.0907431764184,264.2521928457951,724.4315368096856,978.5331972066031,0.6985647587629507,0.720918264238756,0.7299507123517629,0.25967607549983573,0.8708333333333333,0.16804943465486183,1.0,0.0,0.014620650534463452,0.05376441161350032,-0.630000009387732,0,audits/paper_extras/v4_runs/v2/bench2_seed606_exp.json,True
606,exp,us_federal,3,309.5992939456046,275.4051250432785,258.8243543938889,687.984974803548,860.2806384039723,0.6401182589439816,0.6798659498437378,0.6991396262572288,0.20027843927776204,0.9333333333333333,0.09302873580220658,1.0,0.0,0.011551186238407769,0.09017975551130611,-1.1664459909867397,0,audits/paper_extras/v4_runs/v2/bench2_seed606_exp.json,True
606,exp,us_federal,4,307.9624793048692,267.9944896548531,244.8931177451662,685.0374075558416,816.5650706116174,0.6228561686159299,0.6718026532115537,0.7000935668706253,0.16107431947494394,0.925,0.18287729711335382,1.0,0.0,0.058143016458961,0.2403279759842148,-1.0129093019229405,0,audits/paper_extras/v4_runs/v2/bench2_seed606_exp.json,True
606,exp,us_federal,5,340.6125203707903,303.22145648097126,283.1217036970634,693.4839947913172,853.5644402817638,0.6009527760336956,0.6447585651753756,0.6683065854950515,0.1875434799481615,0.8875,0.09375774777162732,1.0,0.0,0.013219321183474735,0.11604458734420722,-0.7803142391449146,0,audits/paper_extras/v4_runs/v2/bench2_seed606_exp.json,True
606,exp,us_federal,6,303.90153739440393,267.55203040285045,250.44879337814803,651.6172537217099,799.6191088214673,0.6199421273932353,0.6654006545726668,0.6867898845648194,0.18509044302091848,0.8958333333333334,0.10008724476770095,1.0,0.0,0.02023929305190273,0.1342368487540612,-0.7928329324471868,0,audits/paper_extras/v4_runs/v2/bench2_seed606_exp.json,True
606,exp,us_federal,7,370.83236432039587,331.51953585548546,316.45622871433847,715.4383417877501,847.0329509209308,0.5621984198876668,0.6086108155591313,0.6263944296732806,0.15535949220169704,0.7958333333333333,0.06343050099946616,1.0,0.0,0.017487706923255797,0.1674394441255018,-1.6403660493044123,0,audits/paper_extras/v4_runs/v2/bench2_seed606_exp.json,True
606,exp,us_federal,8,260.70586180100076,234.9313251025364,229.6313174546688,642.4059470150894,818.1266347003303,0.6813380096144968,0.7128423459913528,0.7193205700499167,0.2147842158318257,0.7416666666666667,0.053206127034709526,1.0,0.0,0.007699383439195636,0.08048500726104682,-0.43254019477216493,0,audits/paper_extras/v4_runs/v2/bench2_seed606_exp.json,True
606,exp,us_federal,9,247.93484411977224,215.5764668870931,203.1543306053387,626.0866956816543,779.5500097857946,0.6819513296037287,0.7234603756257673,0.7393953844460067,0.19686141001564364,0.8541666666666666,0.11375485972279199,1.0,0.0,0.018816524072807143,0.11773318136411111,-0.8932221977736632,0,audits/paper_extras/v4_runs/v2/bench2_seed606_exp.json,True
606,exp,saez,0,245.02992690599552,276.6587148045846,301.21979434498945,429.452157027902,555.88501125507,0.5592075304337311,0.5023094539283438,0.4581257126093411,0.22744425855575703,0.9541666666666667,0.8481632914115973,0.2925764192139738,0.925,inf,inf,-21.843971274593642,18,audits/paper_extras/v4_runs/v2/bench2_seed606_exp.json,True
606,exp,saez,1,143.73580052641506,162.62117802217202,250.12760470749544,444.84536822886935,650.5452284105959,0.7790533321140659,0.7500232560009915,0.615510814953475,0.3161960939814898,0.95,0.8436195289822479,0.33771929824561403,0.9208333333333333,0.6194363733011958,inf,-18.017876797411635,31,audits/paper_extras/v4_runs/v2/bench2_seed606_exp.json,True
606,exp,saez,2,125.5874942135753,125.36811281194224,193.20972317968582,382.09271796893614,583.4684629476865,0.7847570139796306,0.7851330092828296,0.6688600405177187,0.3451356118913415,0.9416666666666667,0.8108248611205366,0.4026548672566372,0.9208333333333333,0.4751534122329279,inf,-19.672035149384158,34,audits/paper_extras/v4_runs/v2/bench2_seed606_exp.json,True
606,exp,saez,3,135.48444530349775,137.79214992028466,209.71368052715013,456.81414286322405,707.9786749726122,0.8086320250977349,0.8053724571215156,0.703785314529053,0.35476284948710407,0.9583333333333334,0.8123379790821182,0.3869565217391304,0.9166666666666666,0.24929336277546482,inf,-18.033295738928395,25,audits/paper_extras/v4_runs/v2/bench2_seed606_exp.json,True
606,exp,saez,4,287.9028035099791,346.7277996629561,301.9434956763067,399.4314296036887,480.7098663438428,0.40108821626713276,0.2787171141294026,0.3718799699851964,0.1690800260837941,0.9541666666666667,0.8567532920487425,0.28820960698689957,0.925,inf,inf,-23.153854232571575,20,audits/paper_extras/v4_runs/v2/bench2_seed606_exp.json,True
606,exp,saez,5,313.8182541859435,386.82680619053417,337.45851044784865,450.6491538325218,531.5196357977642,0.40958295225550806,0.272224805749761,0.365106220504247,0.15214956610937413,0.95,0.8599683205044096,0.25,0.925,inf,inf,-21.814442469471878,21,audits/paper_extras/v4_runs/v2/bench2_seed606_exp.json,True
606,exp,saez,6,177.24016313122627,157.73544448318162,219.40678149188335,420.8445426730593,679.2004407519178,0.7390458655547835,0.7677630416308939,0.6769631344040558,0.3803824063966185,0.95,0.8055495625604652,0.5701754385964912,0.9208333333333333,1.256776335360063,inf,-24.065455002004644,29,audits/paper_extras/v4_runs/v2/bench2_seed606_exp.json,True
606,exp,saez,7,141.36518411526944,160.35259234600272,227.71187752158204,443.32078886317106,655.0065310953876,0.7841774434235639,0.7551893229555434,0.6523517450417289,0.3231811168023134,0.9541666666666667,0.8229319358948717,0.3231441048034934,0.9208333333333333,0.7806761062384366,inf,-19.077332034237028,22,audits/paper_extras/v4_runs/v2/bench2_seed606_exp.json,True
606,exp,saez,8,257.9510854580561,293.2904846261617,299.9115318680224,454.3823960104062,601.025007754799,0.5708147213014259,0.5120161709713487,0.5009999118200125,0.2439875377102758,0.9541666666666667,0.8396779496623137,0.3537117903930131,0.925,inf,inf,-24.942940904221707,18,audits/paper_extras/v4_runs/v2/bench2_seed606_exp.json,True
606,exp,saez,9,160.10854406165086,179.48032630646858,235.4118443262625,370.39305258016367,520.0323753406764,0.6921181225365771,0.6548670144067666,0.5473130991660995,0.28775001299194697,0.95,0.8411415262790082,0.37280701754385964,0.925,inf,inf,-26.889164462979824,26,audits/paper_extras/v4_runs/v2/bench2_seed606_exp.json,True
606,exp,free_market+rl_aux,0,415.79951216531674,410.31353404522827,410.17827504844325,702.9430652653285,836.8323626485837,0.5031268737632151,0.5096825214233095,0.5098441535527803,0.1599953627026255,0.0,0.0,nan,0.0,0.0,0.0,0.0,0,audits/paper_extras/v4_runs/v2/bench2_seed606_exp.json,True
606,exp,free_market+rl_aux,1,384.1829889607705,377.2227555841557,376.4233184155495,719.1499226040901,901.3577254728028,0.5737730114209104,0.5814949548623601,0.5823818803815117,0.20214815685208276,0.0,0.0,nan,0.0,0.0,0.0,1.7084333947536834e-11,0,audits/paper_extras/v4_runs/v2/bench2_seed606_exp.json,True
606,exp,free_market+rl_aux,2,352.64848761327863,345.39662222843276,344.949681557209,744.752386743319,961.3288261451622,0.6331655953485076,0.6407091800071776,0.6411740996674108,0.22528861458393418,0.0,0.0,nan,0.0,0.0,0.0,0.0,0,audits/paper_extras/v4_runs/v2/bench2_seed606_exp.json,True
606,exp,free_market+rl_aux,3,417.2439600908498,411.2600464759872,411.36405171007584,734.8651598642015,889.5494107313374,0.5309490905650589,0.5376759947062723,0.5375590756989255,0.17389056639356684,0.0,0.0,nan,0.0,0.0,0.0,3.730349362740526e-14,0,audits/paper_extras/v4_runs/v2/bench2_seed606_exp.json,True
606,exp,free_market+rl_aux,4,341.20776498274194,334.9351473286906,332.20020725500024,667.8244740474728,816.7562943132486,0.5822404218266369,0.5899203352815133,0.593268873998304,0.18234548212573234,0.0,0.0,nan,0.0,0.0,0.0,0.0,0,audits/paper_extras/v4_runs/v2/bench2_seed606_exp.json,True
606,exp,free_market+rl_aux,5,391.1336789852708,385.2288960792079,383.51905369308685,694.4989117077638,838.4112672335444,0.5334823203463483,0.540525144240577,0.542564528076344,0.17164888062709321,0.0,0.0,nan,0.0,0.0,0.0,2.666755705149626e-13,0,audits/paper_extras/v4_runs/v2/bench2_seed606_exp.json,True
606,exp,free_market+rl_aux,6,362.87979349696735,356.63317292972647,355.22879248663224,672.6964356459538,824.5482213515921,0.5599047040546179,0.5674805139411537,0.5691837259628741,0.1841636204814367,0.0,0.0,nan,0.0,0.0,0.0,0.0,0,audits/paper_extras/v4_runs/v2/bench2_seed606_exp.json,True
606,exp,free_market+rl_aux,7,437.97329358822736,432.41889848472135,431.0652098696862,736.0763749726005,873.4200501315322,0.49855365293907433,0.5049130158855393,0.5064628871242763,0.1572481363786513,0.0,0.0,nan,0.0,0.0,0.0,1.2656542480726785e-14,0,audits/paper_extras/v4_runs/v2/bench2_seed606_exp.json,True
606,exp,free_market+rl_aux,8,317.0033669627587,309.7939632959825,309.8141945001815,645.7777186658107,816.5916699588025,0.6117969621478606,0.6206256141314646,0.6206008389531922,0.20917914984561328,0.0,0.0,nan,0.0,0.0,0.0,0.0,0,audits/paper_extras/v4_runs/v2/bench2_seed606_exp.json,True
606,exp,free_market+rl_aux,9,385.53523467604833,380.3440296240588,378.2986036374071,681.611556186249,795.8531787281768,0.5155699003525276,0.5220927178655335,0.5246628225548436,0.14354610322031142,0.0,0.0,nan,0.0,0.0,0.0,0.0,0,audits/paper_extras/v4_runs/v2/bench2_seed606_exp.json,True
606,exp,us_federal+rl_aux,0,220.9294423669294,191.84466110117035,183.69632812318693,648.4206838106664,824.7721888341265,0.7321327690750233,0.7673967870178112,0.777276282335787,0.2138184427299196,0.8333333333333334,0.09431646656306301,1.0,0.0,0.016432953032324442,0.09188372287753137,-0.7893504200007242,0,audits/paper_extras/v4_runs/v2/bench2_seed606_exp.json,True
606,exp,us_federal+rl_aux,1,341.9522623405433,309.9335598055847,292.1176648564432,710.5900935156435,895.9314371949823,0.6183276441206919,0.6540655378988185,0.673950870871306,0.2068700081109028,0.8291666666666667,0.08183326017005015,1.0,0.0,0.012761584628499719,0.1005970967274022,-0.7116095518595977,0,audits/paper_extras/v4_runs/v2/bench2_seed606_exp.json,True
606,exp,us_federal+rl_aux,2,240.58785099381728,221.84229164764776,216.99247275828932,686.4907839071788,979.2442993854735,0.7543127377460368,0.7734556210468978,0.7784082349067916,0.298958610902318,0.85,0.15745261266030253,1.0,0.0,0.006907995956464121,0.02882630866549184,-1.329737066902539,0,audits/paper_extras/v4_runs/v2/bench2_seed606_exp.json,True
606,exp,us_federal+rl_aux,3,296.23494320465534,265.34744749021235,250.96812877931043,711.9671979451534,905.828738026934,0.6729680448757775,0.7070666491900123,0.7229408626116606,0.2140156653718535,0.9208333333333333,0.10154271217584468,1.0,0.0,0.0131056775382856,0.07716521497848917,-0.8180434360010777,0,audits/paper_extras/v4_runs/v2/bench2_seed606_exp.json,True
606,exp,us_federal+rl_aux,4,257.82623370352434,226.49190166095764,208.37196294513862,654.0017737810142,809.4202668189484,0.6814680280779342,0.7201800956243916,0.7425664126695911,0.19201210966551982,0.9208333333333333,0.1510759789257628,1.0,0.0,0.029625739589803354,0.12920769772455726,-1.0783478643337645,0,audits/paper_extras/v4_runs/v2/bench2_seed606_exp.json,True
606,exp,us_federal+rl_aux,5,215.4934464802961,191.71815909471914,187.62789952370923,662.0601144122672,868.2175882647961,0.7517978794797542,0.7791818990008212,0.7838929986448455,0.23744908723232785,0.9041666666666667,0.08285225070829044,1.0,0.0,0.0043229734320511925,0.036168230400500795,-0.7611143622653556,0,audits/paper_extras/v4_runs/v2/bench2_seed606_exp.json,True
606,exp,us_federal+rl_aux,6,321.55455997007135,285.7276849669638,261.835707502129,722.2766174863618,885.1861889239316,0.636737938307684,0.6772117679396851,0.7042026742188249,0.18403989293552947,0.9166666666666666,0.15354337894620823,1.0,0.0,0.03550858456969,0.15467584628391187,-1.1916692831667006,0,audits/paper_extras/v4_runs/v2/bench2_seed606_exp.json,True
606,exp,us_federal+rl_aux,7,358.388369648094,315.8908595954243,294.9236738681699,753.1985536062472,915.2848591741549,0.6084406225495073,0.6548715337862718,0.6777793591666378,0.1770883719350009,0.85,0.09158651034725293,1.0,0.0,0.02446915565052426,0.15576766163235276,-0.630000009387732,0,audits/paper_extras/v4_runs/v2/bench2_seed606_exp.json,True
606,exp,us_federal+rl_aux,8,185.23184764414117,168.5036608917116,167.13764653224658,620.5735028274589,841.6022612257107,0.779905715350183,0.7997823097025635,0.8014054212629763,0.26262852249986257,0.7125,0.04859130338207304,1.0,0.0,0.0010098725765252802,0.01675923809175957,-0.6597432135106918,0,audits/paper_extras/v4_runs/v2/bench2_seed606_exp.json,True
606,exp,us_federal+rl_aux,9,252.397865269455,216.9475894220597,199.6982449524791,647.6386974298919,792.4665668959282,0.6815034528736131,0.7262375493368282,0.7480042019505099,0.18275581017041956,0.8958333333333334,0.13851767052657876,1.0,0.0,0.0400275692206846,0.18167478896480382,-0.8694476448736239,0,audits/paper_extras/v4_runs/v2/bench2_seed606_exp.json,True
606,exp,saez+rl_aux,0,199.15688720347788,238.99219980198595,279.1709032877098,370.61483326763926,484.8810914183985,0.5892665423993042,0.5071117351619673,0.424248731846678,0.23565830916710293,0.9541666666666667,0.8629271127971283,0.2445414847161572,0.9208333333333333,inf,inf,-15.817663102327746,23,audits/paper_extras/v4_runs/v2/bench2_seed606_exp.json,True
606,exp,saez+rl_aux,1,109.60489034666601,145.24931440503906,231.11485890441105,419.3122885955885,616.5898696536422,0.8222402025381401,0.7644312345147186,0.6251724683147397,0.3199494360309077,0.95,0.8457859489657148,0.21052631578947367,0.9166666666666666,0.47181216617847205,inf,-15.801858669843897,20,audits/paper_extras/v4_runs/v2/bench2_seed606_exp.json,True
606,exp,saez+rl_aux,2,152.31952200600085,127.83460454289195,180.0009472229005,411.7513148666012,762.2270986264086,0.8001651708782169,0.8322880349265204,0.7638486645944812,0.4598049379133745,0.9458333333333333,0.7240377951085232,0.8281938325991189,0.9208333333333333,0.11505874600897752,inf,-16.290795986376168,44,audits/paper_extras/v4_runs/v2/bench2_seed606_exp.json,True
606,exp,saez+rl_aux,3,236.2208704755713,288.40350413061685,282.9275628191249,421.79042068265176,539.9174788053507,0.562487084140625,0.46583780771692496,0.47597998967333854,0.21878724575480119,0.9541666666666667,0.854666431532099,0.29694323144104806,0.9166666666666666,inf,inf,-18.99467350349627,20,audits/paper_extras/v4_runs/v2/bench2_seed606_exp.json,True
606,exp,saez+rl_aux,4,112.99131757994294,119.12798834252226,175.77247391049812,320.02479855352925,488.3268208548981,0.7686153765174465,0.7560486476373165,0.6400515670984877,0.34465037576008606,0.95,0.8396805929323399,0.40789473684210525,0.925,1.1437604148485818,inf,-21.436898106594914,38,audits/paper_extras/v4_runs/v2/bench2_seed606_exp.json,True
606,exp,saez+rl_aux,5,149.97792336784102,192.28674033755877,225.41398866118436,421.1358558129956,611.7731627424852,0.7548471680328163,0.6856894809253044,0.6315399197135617,0.3116143671207998,0.95,0.8379673397123706,0.3157894736842105,0.9208333333333333,inf,inf,-15.113111864379478,25,audits/paper_extras/v4_runs/v2/bench2_seed606_exp.json,True
606,exp,saez+rl_aux,6,193.1561602645135,224.00698139701632,266.958437100589,419.06718193427264,567.9063914204094,0.6598802845282226,0.60555650582353,0.5299252814660345,0.2620840542292015,0.95,0.8355574130182577,0.34210526315789475,0.9166666666666666,inf,inf,-16.63623288164038,24,audits/paper_extras/v4_runs/v2/bench2_seed606_exp.json,True
606,exp,saez+rl_aux,7,153.0722297744739,188.84421542985098,245.1280092493017,419.6034406556257,615.1530342293694,0.7511639848021971,0.6930126246285612,0.601517028106047,0.31788771686498746,0.95,0.8336189594570141,0.2807017543859649,0.9125,inf,inf,-16.90767421921528,25,audits/paper_extras/v4_runs/v2/bench2_seed606_exp.json,True
606,exp,saez+rl_aux,8,99.15281990098137,123.92562207076776,201.6533748471718,366.9104822282356,550.8314757982758,0.8199942736436999,0.775020804881979,0.6339109442594366,0.3338970295833191,0.95,0.8371675560575967,0.31140350877192985,0.9166666666666666,0.5387428305691453,inf,-21.688876427608392,30,audits/paper_extras/v4_runs/v2/bench2_seed606_exp.json,True
606,exp,saez+rl_aux,9,249.31995268494478,296.74509781966685,283.9810990068078,339.31931171063815,397.4765092361734,0.372742924697461,0.2534273323726253,0.2855399189438101,0.1463160618907904,0.95,0.8766913212954017,0.2412280701754386,0.925,inf,inf,-24.992168440033463,34,audits/paper_extras/v4_runs/v2/bench2_seed606_exp.json,True
606,exp,rl_mean_fixed,0,393.3055591561999,386.2030400965403,382.3438816239204,730.0249162306995,880.3074713673533,0.5532179699153399,0.5612861952691784,0.5656700709014341,0.1707159827954484,0.30416666666666664,0.014446930562121839,1.0,0.0,0.0004602301339686504,0.008145619073697569,-0.044520774157718074,0,audits/paper_extras/v4_runs/v2/bench2_seed606_exp.json,True
606,exp,rl_mean_fixed,1,421.5271225152917,414.01902399537784,413.4979814929222,769.1416685540725,942.32169675059,0.5526717426025055,0.5606394022094148,0.5611923370556062,0.18378015575115658,0.3375,0.007782380992821253,1.0,0.0,0.0001638052997807536,0.006629895608546898,-0.05161581325288703,0,audits/paper_extras/v4_runs/v2/bench2_seed606_exp.json,True
606,exp,rl_mean_fixed,2,345.73371252165293,337.01022983535717,336.0419842035037,791.1736471333866,1021.9554567790585,0.6616939513084876,0.6702300206923627,0.6711774647570043,0.22582374614744663,0.3625,0.03445462612897057,1.0,0.0,0.0005296026270930043,0.004462099244422818,-0.05536165182335057,0,audits/paper_extras/v4_runs/v2/bench2_seed606_exp.json,True
606,exp,rl_mean_fixed,3,355.72216845818605,347.833067842902,346.6735193192006,749.6062701618876,923.0384607122077,0.6146182595861561,0.623165141380439,0.6244213712918196,0.1878927021269531,0.325,0.009879288999111604,1.0,0.0,0.00021754900305337102,0.005586048297515298,-0.04452077415771872,0,audits/paper_extras/v4_runs/v2/bench2_seed606_exp.json,True
606,exp,rl_mean_fixed,4,355.92679841738374,348.6614842700941,345.40202263426966,692.2849817297575,843.6385383131822,0.5781050980328096,0.5867169783788834,0.5905805544103216,0.1794056929713635,0.4625,0.013293594533511205,1.0,0.0,0.00021417367886500315,0.004682957316438678,-0.08761480473476355,0,audits/paper_extras/v4_runs/v2/bench2_seed606_exp.json,True
606,exp,rl_mean_fixed,5,441.25408617706364,434.7335489329326,433.0359348069806,752.1849859708094,896.4888124088382,0.5077974425677133,0.5150708598751871,0.5169644854313059,0.16096556302837592,0.2625,0.011788147648996706,1.0,0.0,0.00045497122556452217,0.009583567630554169,-0.03628982958870822,0,audits/paper_extras/v4_runs/v2/bench2_seed606_exp.json,True
606,exp,rl_mean_fixed,6,358.5655152525706,351.3125176307589,347.5729142346326,706.4068037644349,865.1526472907857,0.5855465317300781,0.5939300206375262,0.5982524987664862,0.1834888259585882,0.3,0.014050761459703041,1.0,0.0,0.00043527641060696803,0.006483277966386892,-0.06747405949284108,0,audits/paper_extras/v4_runs/v2/bench2_seed606_exp.json,True
606,exp,rl_mean_fixed,7,452.87799226929627,446.2113376709651,441.60624578156353,775.7603334038391,920.5739781744453,0.5080482362021778,0.5152900817858989,0.5202924954958038,0.15730799284353053,0.275,0.004691405623224503,1.0,0.0,0.00016020965244819844,0.009745921122887321,-0.04452077415771818,0,audits/paper_extras/v4_runs/v2/bench2_seed606_exp.json,True
606,exp,rl_mean_fixed,8,296.1741681053984,288.14961136525955,287.40673789663174,682.2194879948042,861.855088021168,0.6563527068275263,0.6656635026349321,0.6665254497057946,0.20842900682852578,0.1,0.0014752456357586948,1.0,0.0,5.935496306082289e-05,0.003578257246182327,-0.04452077415771827,0,audits/paper_extras/v4_runs/v2/bench2_seed606_exp.json,True
606,exp,rl_mean_fixed,9,264.98068349125924,257.3169646851981,256.58695657648786,652.3364781348342,806.0424748770155,0.6712571709925218,0.6807650059328957,0.6816706754620624,0.19069218004377936,0.2375,0.007106924011782553,1.0,0.0,0.00019517142475550576,0.004122318087923736,-0.044520774157718254,0,audits/paper_extras/v4_runs/v2/bench2_seed606_exp.json,True
606,exp,flat_pit0.10_cit0,0,251.1762782165603,220.0700334974754,208.13064636182065,669.7079537652235,836.4278123929718,0.699703579322692,0.7368929748188696,0.7511672337073885,0.19932366685748087,0.8791666666666667,0.10851515483659444,1.0,0.0,0.017840642428972684,0.1007928744465836,-0.8368480568806451,0,audits/paper_extras/v4_runs/v2/bench2_seed606_exp.json,True
606,exp,flat_pit0.10_cit0,1,266.8642282053468,238.27111169167495,228.6563620942734,670.1010004705942,884.17076592085,0.6981756935523514,0.7305146009396507,0.7413889138755551,0.24211359807548666,0.825,0.05968112377448917,1.0,0.0,0.006942425127061665,0.06792350010316699,-0.6700421192521175,0,audits/paper_extras/v4_runs/v2/bench2_seed606_exp.json,True
606,exp,flat_pit0.10_cit0,2,256.30696119048326,235.67398104242113,230.6332431618842,678.1162860452764,941.719574293614,0.7278309082799519,0.7497408066311028,0.7550935018687673,0.27991696832474466,0.8,0.15645350725561247,1.0,0.0,0.012115930996562862,0.0472844594961943,-0.4406989615501234,0,audits/paper_extras/v4_runs/v2/bench2_seed606_exp.json,True
606,exp,flat_pit0.10_cit0,3,325.012285226385,287.2157980254016,268.20710987667604,692.054434938583,861.1022568256142,0.6225624974848896,0.6664556436256478,0.6885304761998877,0.19631561820568522,0.8708333333333333,0.08067838333074871,1.0,0.0,0.013575384260786812,0.1133542666348169,-0.6437837527185367,0,audits/paper_extras/v4_runs/v2/bench2_seed606_exp.json,True
606,exp,flat_pit0.10_cit0,4,228.5221529320861,197.471554183705,182.29984263053686,622.9077733414559,781.6302934603751,0.7076339609095882,0.7473593899368028,0.7667697322432673,0.20306597818290123,0.8791666666666667,0.1495752249387078,1.0,0.0,0.02355560251759095,0.11897061203462629,-0.9180246809300647,0,audits/paper_extras/v4_runs/v2/bench2_seed606_exp.json,True
606,exp,flat_pit0.10_cit0,5,270.4273185261349,238.89679824348346,225.82831374201973,675.1436763825471,841.0204553154988,0.6784533398480929,0.7159441286670439,0.7314829712943154,0.1972327520508701,0.8958333333333334,0.08766400192838265,1.0,0.0,0.012304612957794878,0.08720665558991697,-0.7870786877827443,0,audits/paper_extras/v4_runs/v2/bench2_seed606_exp.json,True
606,exp,flat_pit0.10_cit0,6,232.23399199921133,202.6701292976134,193.32674143396702,621.8738062506741,794.125280165759,0.7075600062111903,0.7447882162178369,0.7565538508059917,0.2169071785236841,0.875,0.09371559855833042,1.0,0.0,0.015114462393267575,0.09492060064478741,-0.8078559097773192,0,audits/paper_extras/v4_runs/v2/bench2_seed606_exp.json,True
606,exp,flat_pit0.10_cit0,7,299.11286081664576,261.8469303352626,243.5577285979141,724.9584254874422,895.5898305538728,0.666015791367728,0.7076262800200347,0.7280476840081055,0.19052405380809703,0.85,0.08571527788206228,1.0,0.0,0.01603413347681868,0.1147368809042371,-0.6300000093877319,0,audits/paper_extras/v4_runs/v2/bench2_seed606_exp.json,True
606,exp,flat_pit0.10_cit0,8,255.00779711035,223.64468623232574,214.59524293639092,680.0566386442605,852.0337835620355,0.7007069414028896,0.737516644824398,0.7481376359993048,0.20184310556185073,0.9041666666666667,0.10680679456502604,1.0,0.0,0.016381449039026563,0.08991413290999839,-0.6658104398296609,0,audits/paper_extras/v4_runs/v2/bench2_seed606_exp.json,True
606,exp,flat_pit0.10_cit0,9,242.35633571411776,202.30786466978796,185.81765185476644,645.3454771985165,786.3876734749487,0.6918106121333573,0.7427377469234546,0.7637073187659955,0.17935453597992493,0.9083333333333333,0.168564121220433,1.0,0.0,0.049754588849368404,0.22357743478969191,-1.0513280825309645,0,audits/paper_extras/v4_runs/v2/bench2_seed606_exp.json,True
606,exp,flat_pit0.20_cit0,0,143.01526611021507,121.83422205209058,125.01378934968237,594.6672128665705,842.2666219631438,0.8302019071147839,0.8553495782984716,0.8515745654763074,0.2939679700466723,0.9333333333333333,0.35613581771274705,1.0,0.25,0.01550250407342095,0.05240667952372962,-1.5463049486116685,0,audits/paper_extras/v4_runs/v2/bench2_seed606_exp.json,True
606,exp,flat_pit0.20_cit0,1,260.6434227076083,214.82327109885412,192.40601174974782,704.9982978286935,895.4500976155359,0.7089246811166061,0.7600946477409519,0.7851292749176092,0.21268834555268926,0.9166666666666666,0.3300755295735013,1.0,0.32083333333333336,0.2388043068385426,3.713913533166498,-1.5654018916360801,0,audits/paper_extras/v4_runs/v2/bench2_seed606_exp.json,True
606,exp,flat_pit0.20_cit0,2,267.3593648446013,241.2025659141249,242.51332917139172,700.5209742703971,991.5528982968193,0.7303629838570974,0.7567426142080406,0.7554206844758817,0.2935112433500268,0.8666666666666667,0.3768638413903385,1.0,0.37916666666666665,0.06125428223674194,0.1797762796320648,-1.7761398482445487,0,audits/paper_extras/v4_runs/v2/bench2_seed606_exp.json,True
606,exp,flat_pit0.20_cit0,3,220.6410551780127,184.63092203144936,170.7075729191375,654.5393733920409,890.1208782308099,0.7521223683500657,0.7925776975387671,0.808219785543697,0.2646623740665504,0.9375,0.31694702041117606,1.0,0.22916666666666666,0.10223159803175084,0.5289830583208,-2.3506312434738272,1,audits/paper_extras/v4_runs/v2/bench2_seed606_exp.json,True
606,exp,flat_pit0.20_cit0,4,161.2152058814022,146.6675349103046,135.6750053232703,561.7978077778808,742.4242248020486,0.7828529828422736,0.8024478054317121,0.8172540701248735,0.24329273074612806,0.925,0.4101686874150841,0.8378378378378378,0.3541666666666667,0.2728140748009429,inf,-2.1309679093030787,1,audits/paper_extras/v4_runs/v2/bench2_seed606_exp.json,True
606,exp,flat_pit0.20_cit0,5,143.6471222173586,122.18016189564857,123.05000702320982,578.0415687438856,851.7080092412886,0.8313422902464882,0.8565468909885113,0.8555255959928988,0.3213148608772486,0.9125,0.33484754095906216,1.0,0.3125,0.006289705050938193,0.0294130832193059,-1.6710448704711547,0,audits/paper_extras/v4_runs/v2/bench2_seed606_exp.json,True
606,exp,flat_pit0.20_cit0,6,139.10576491820194,119.29850941571699,122.86480952303391,573.9769620367838,825.7711385485958,0.831544409310915,0.85553078347422,0.8512120322599487,0.3049200495846515,0.9208333333333333,0.3756836483690515,1.0,0.3375,0.009538228936676652,0.03489883464473646,-1.9922585723615522,1,audits/paper_extras/v4_runs/v2/bench2_seed606_exp.json,True
606,exp,flat_pit0.20_cit0,7,265.534090296704,226.66099067325848,187.73353348448575,685.2480954806392,851.1160000823431,0.6880165685159082,0.7336896608084801,0.7794266193253058,0.1948828415699584,0.9083333333333333,0.3450926868843384,1.0,0.3125,0.7278712931919609,inf,-1.5854327162596964,0,audits/paper_extras/v4_runs/v2/bench2_seed606_exp.json,True
606,exp,flat_pit0.20_cit0,8,192.55346072231245,183.77827232217243,165.15263481039207,645.9397689038195,828.3473289204547,0.7675450212735543,0.7781386310961106,0.8006239302713422,0.2202066133953232,0.925,0.38147833172300877,0.8288288288288288,0.2791666666666667,0.46444495859785156,inf,-1.8262839647633857,1,audits/paper_extras/v4_runs/v2/bench2_seed606_exp.json,True
606,exp,flat_pit0.20_cit0,9,158.82569196273155,144.79519318202466,148.62925754790274,610.4948658939973,805.8143511938089,0.802900392965908,0.8203119701609788,0.8155539705544963,0.24238769762594453,0.9208333333333333,0.4447636695076005,0.8461538461538461,0.4708333333333333,0.2421105852156423,inf,-3.0710052232974974,1,audits/paper_extras/v4_runs/v2/bench2_seed606_exp.json,True
606,exp,flat_pit0.30_cit0,0,187.27905144593853,235.64361197106044,175.2354678168109,521.9863885411011,690.4955497888792,0.7287758748000627,0.6587326130586807,0.7462178172322912,0.24404090844510182,0.9416666666666667,0.6550355699690713,0.6504424778761062,0.725,13.83190492813239,inf,-3.0722317146833786,0,audits/paper_extras/v4_runs/v2/bench2_seed606_exp.json,True
606,exp,flat_pit0.30_cit0,1,157.62706548696278,156.84210803855842,161.4526001792078,605.5713633951679,906.0910035785942,0.8260361653913163,0.8269024773238972,0.8218141450013818,0.3316660677531595,0.9333333333333333,0.6018882721678653,0.8348214285714286,0.75,0.3885848471946499,inf,-3.362453643234182,4,audits/paper_extras/v4_runs/v2/bench2_seed606_exp.json,True
606,exp,flat_pit0.30_cit0,2,232.68599156354418,216.57562563451452,234.4857421665533,637.770222197792,945.5684662996712,0.7539194676466707,0.770957224830003,0.7520161146192034,0.3255166125689424,0.925,0.5409231067583394,0.8108108108108109,0.7791666666666667,0.22149490619982673,inf,-4.338206517942256,9,audits/paper_extras/v4_runs/v2/bench2_seed606_exp.json,True
606,exp,flat_pit0.30_cit0,3,178.84654720217145,181.97356252763936,185.13260467645785,619.9119839784306,895.3562059997992,0.8002509548672168,0.7967584729873641,0.7932302211836131,0.30763646934662603,0.9416666666666667,0.5761978648506574,0.7964601769911505,0.7291666666666666,0.48791995700738594,inf,-4.5054070282258785,6,audits/paper_extras/v4_runs/v2/bench2_seed606_exp.json,True
606,exp,flat_pit0.30_cit0,4,100.83701728606087,100.85318569631751,143.70058084700878,489.59093583681454,701.9362819165443,0.8563444861252382,0.8563214521110788,0.7952797361397913,0.302513706087323,0.9375,0.6969661926255704,0.6533333333333333,0.8125,0.08888723187466127,inf,-6.412510492398782,6,audits/paper_extras/v4_runs/v2/bench2_seed606_exp.json,True
606,exp,flat_pit0.30_cit0,5,103.85667223364264,111.37128385332699,130.01771725536756,518.3407549637404,710.9567427631921,0.8539198435195999,0.843350126450066,0.8171228860562698,0.270925045384384,0.9291666666666667,0.6581484211170722,0.57847533632287,0.7208333333333333,0.1233418262156102,inf,-5.249324518133981,1,audits/paper_extras/v4_runs/v2/bench2_seed606_exp.json,True
606,exp,flat_pit0.30_cit0,6,101.2446551078491,91.6844936623287,112.68131084928179,489.29823102223133,732.6446062644294,0.8618093216790742,0.8748581605892045,0.8461992214426918,0.33214791068067784,0.9291666666666667,0.6718864191285602,0.7130044843049327,0.7166666666666667,0.038710382019131274,0.08311328559467539,-3.5859935838246795,2,audits/paper_extras/v4_runs/v2/bench2_seed606_exp.json,True
606,exp,flat_pit0.30_cit0,7,163.0093622933155,189.6156015252057,183.66480059653608,617.3746711266647,870.9817714661915,0.8128441172552795,0.7822967050090945,0.7891289960209399,0.2911738323898676,0.9208333333333333,0.654364641084765,0.6832579185520362,0.7958333333333333,inf,inf,-3.730602807689366,2,audits/paper_extras/v4_runs/v2/bench2_seed606_exp.json,True
606,exp,flat_pit0.30_cit0,8,141.71965936541204,155.0059495677618,175.1508968291804,562.2119997248363,808.4342293693243,0.8246985911569202,0.8082639948475647,0.783345520926521,0.3045668041994842,0.9333333333333333,0.6499137216888377,0.7142857142857143,0.7833333333333333,1.1527900891387863,inf,-3.8452147590697647,2,audits/paper_extras/v4_runs/v2/bench2_seed606_exp.json,True
606,exp,flat_pit0.30_cit0,9,102.45682289269593,100.38459289179103,134.9344603918444,511.56201811003007,741.2743791556125,0.8617828623600822,0.8645783589524039,0.8179696153190286,0.30988844010398464,0.925,0.7104065825467935,0.5765765765765766,0.8125,0.04933989286918111,0.09441998963631532,-5.539595621735576,5,audits/paper_extras/v4_runs/v2/bench2_seed606_exp.json,True
606,exp,flat_pit0.50_cit0,0,94.76257656297172,105.65163774204707,171.0707323013658,341.3686627131019,585.51739370967,0.8381558300726418,0.8195584983860708,0.707829802941445,0.4169794674240365,0.9458333333333333,0.8203394135942352,0.4185022026431718,0.9083333333333333,0.18497751558788264,inf,-9.55986017385349,31,audits/paper_extras/v4_runs/v2/bench2_seed606_exp.json,True
606,exp,flat_pit0.50_cit0,1,210.8196641508826,256.7527514035588,257.5721682464301,416.2838927281076,584.3572365012179,0.6392281108502312,0.5606236470333782,0.5592213937682736,0.28762088201291586,0.9416666666666667,0.8432867425151019,0.28761061946902655,0.9041666666666667,inf,inf,-9.132483191704193,27,audits/paper_extras/v4_runs/v2/bench2_seed606_exp.json,True
606,exp,flat_pit0.50_cit0,2,155.82707690061207,133.98906450055762,162.53587144355868,445.2957061189083,875.3571753428107,0.8219845780785581,0.8469321229381774,0.8143205127896441,0.4912982738223172,0.9333333333333333,0.6680138950073944,0.9776785714285714,0.9125,0.04128013212673792,0.10021027842892245,-10.96145627846984,48,audits/paper_extras/v4_runs/v2/bench2_seed606_exp.json,True
606,exp,flat_pit0.50_cit0,3,261.1118647827943,322.9804140159613,321.32933597443207,412.7409351102755,495.03617055650005,0.47253982574795955,0.3475619899594821,0.3508972574403879,0.16624085337786845,0.95,0.8612361038970299,0.19298245614035087,0.9041666666666667,inf,inf,-12.301946378746306,24,audits/paper_extras/v4_runs/v2/bench2_seed606_exp.json,True
606,exp,flat_pit0.50_cit0,4,107.49401958602297,144.79861188553886,195.30467476730652,336.76681339731954,489.57844701981423,0.780435555853478,0.704238181302784,0.6010758317565353,0.3121290051731181,0.9458333333333333,0.8487728981377402,0.2775330396475771,0.9166666666666666,inf,inf,-18.684891788131,32,audits/paper_extras/v4_runs/v2/bench2_seed606_exp.json,True
606,exp,flat_pit0.50_cit0,5,99.11501863968581,106.70113930463604,174.63895619274643,372.5922949195284,634.0536844583718,0.8436803995164023,0.83171592261027,0.7245675555975541,0.412364750726418,0.9416666666666667,0.8054408173876005,0.4690265486725664,0.9166666666666666,0.12487528301897614,0.2768991146727166,-10.099947328758283,32,audits/paper_extras/v4_runs/v2/bench2_seed606_exp.json,True
606,exp,flat_pit0.50_cit0,6,85.23747141019311,104.32406913208798,173.28975526428482,330.66955288832935,513.1243444824423,0.8338853489865755,0.7966885214980135,0.662285063790782,0.35557617477327874,0.9416666666666667,0.8377673752830487,0.3230088495575221,0.9083333333333333,0.2731444296485715,inf,-10.558847998336272,27,audits/paper_extras/v4_runs/v2/bench2_seed606_exp.json,True
606,exp,flat_pit0.50_cit0,7,243.62902459916512,307.79597296138775,297.73931480723013,405.28550568469547,500.96229696788066,0.5136779233212725,0.38559054279264016,0.4056652234922187,0.19098601204577187,0.9458333333333333,0.8592647215413438,0.18061674008810572,0.9041666666666667,inf,inf,-14.086068659335982,25,audits/paper_extras/v4_runs/v2/bench2_seed606_exp.json,True
606,exp,flat_pit0.50_cit0,8,221.93076437877625,285.2736144525415,282.5775897078784,376.4818799284318,462.7499729760092,0.5204089090453993,0.38352537847186163,0.38935147226355776,0.18642484729448025,0.9416666666666667,0.86694005188993,0.17699115044247787,0.9041666666666667,inf,inf,-10.010776919967032,26,audits/paper_extras/v4_runs/v2/bench2_seed606_exp.json,True
606,exp,flat_pit0.50_cit0,9,79.31455057021981,96.44670939492686,182.5839685928049,305.3185843251597,477.4772292325404,0.8338883077257866,0.7980077300231725,0.617606961307294,0.3605588588676681,0.9416666666666667,0.8402918162668687,0.3230088495575221,0.9166666666666666,0.29039843868562376,inf,-10.92121851205685,37,audits/paper_extras/v4_runs/v2/bench2_seed606_exp.json,True
606,exp,flat_pit0_cit0.10,0,334.79782902466826,327.8173782318246,327.6716079040418,677.9951073669423,841.9413303925081,0.602350167477124,0.6106410667843114,0.61081420275296,0.1947240468039917,0.0,0.0,nan,0.0,0.0,0.0,0.0,0,audits/paper_extras/v4_runs/v2/bench2_seed606_exp.json,True
606,exp,flat_pit0_cit0.10,1,366.95613905718886,359.5506049956364,359.108336882838,724.4664393906125,915.781819922578,0.5992974188019893,0.6073839890968424,0.6078669295780542,0.20890934540296918,0.0,0.0,nan,0.0,0.0,0.0,6.813615265333084e-07,0,audits/paper_extras/v4_runs/v2/bench2_seed606_exp.json,True
606,exp,flat_pit0_cit0.10,2,344.0349292064804,336.41419263367766,336.35757166611546,731.8953909737769,952.4314120057845,0.6387824625796876,0.6467838120487835,0.646843260914968,0.23155055393182292,0.0,0.0,nan,0.0,0.0,0.0,0.0,0,audits/paper_extras/v4_runs/v2/bench2_seed606_exp.json,True
606,exp,flat_pit0_cit0.10,3,393.7508973008812,387.3006208849215,386.32394998910974,724.6110276159957,888.6752836105954,0.5569237666866212,0.5641820718684115,0.5652810907269575,0.1846166524717822,0.0,0.0,nan,0.0,0.0,0.0,1.9029222642075183e-13,0,audits/paper_extras/v4_runs/v2/bench2_seed606_exp.json,True
606,exp,flat_pit0_cit0.10,4,367.8897587656523,362.0382092441404,359.3189278837649,683.0625168460436,816.1860002166416,0.5492574503017661,0.5564268326728907,0.5597585258894537,0.16310434549877437,0.0,0.0,nan,0.0,0.0,0.0,0.0,0,audits/paper_extras/v4_runs/v2/bench2_seed606_exp.json,True
606,exp,flat_pit0_cit0.10,5,342.03877947234474,335.28711722848874,334.14050232385904,682.2625665353075,843.6766730990477,0.5945854728732207,0.6025881384193184,0.6039472075285991,0.1913222348210996,0.0,0.0,nan,0.0,0.0,0.0,0.0,0,audits/paper_extras/v4_runs/v2/bench2_seed606_exp.json,True
606,exp,flat_pit0_cit0.10,6,340.3710551332641,333.67565729040143,333.22529715406694,683.8334999557972,845.1791536368459,0.5972794008600054,0.6052012690391388,0.6057341266402718,0.19090112786948277,0.0,0.0,nan,0.0,0.0,0.0,0.0,0,audits/paper_extras/v4_runs/v2/bench2_seed606_exp.json,True
606,exp,flat_pit0_cit0.10,7,438.24054689381495,432.4359925580384,432.27541025480224,750.7350366037134,895.2118749509699,0.5104616469505422,0.5169456475521813,0.517125026655307,0.1613884292533199,0.0,0.0,nan,0.0,0.0,0.0,0.0,0,audits/paper_extras/v4_runs/v2/bench2_seed606_exp.json,True
606,exp,flat_pit0_cit0.10,8,285.7759735243521,277.52191855270377,276.45771848529495,649.461951091734,851.9081506554149,0.6645460272865208,0.6742349297407326,0.6754841255215103,0.23763852876384522,0.0875,0.0011808709550318681,1.0,0.0,9.623268984063927e-20,7.226590704542222e-18,-2.220446049250313e-16,0,audits/paper_extras/v4_runs/v2/bench2_seed606_exp.json,True
606,exp,flat_pit0_cit0.10,9,405.8482475549426,400.7317831189186,399.0873249449182,687.7861736779181,805.6294586566034,0.49623459868051584,0.5025854891315127,0.5046266982212878,0.1462747963253359,0.0,0.0,nan,0.0,0.0,0.0,0.0,0,audits/paper_extras/v4_runs/v2/bench2_seed606_exp.json,True
606,exp,flat_pit0_cit0.20,0,419.1858616009161,413.62105166596865,410.26332992969367,719.3121732770472,854.777072369184,0.5095962735183579,0.5161065205930992,0.5200347047300092,0.1584797995536649,0.004166666666666667,7.861635220125786e-05,1.0,0.0,1.742953473206448e-19,9.237653407994174e-18,-8.881784197001252e-16,0,audits/paper_extras/v4_runs/v2/bench2_seed606_exp.json,True
606,exp,flat_pit0_cit0.20,1,378.87458794481716,371.57791558029146,371.4675652219715,722.2952555228135,908.6274752488922,0.583025389100153,0.5910558224331611,0.5911772697383835,0.20506998170514087,0.0,0.0,nan,0.0,0.0,0.0,0.0,0,audits/paper_extras/v4_runs/v2/bench2_seed606_exp.json,True
606,exp,flat_pit0_cit0.20,2,358.95355464118273,351.2553739787506,350.6816094398432,764.1571183468269,989.8128949907834,0.6373521132551773,0.645129523209514,0.6457091929044746,0.22797821465647575,0.0,0.0,nan,0.0,0.0,0.0,0.0,0,audits/paper_extras/v4_runs/v2/bench2_seed606_exp.json,True
606,exp,flat_pit0_cit0.20,3,392.01691266938906,385.5544446316146,384.75232336298944,731.3143850459335,891.249815085249,0.5601492353388121,0.5674002528744021,0.5683002488744556,0.17945073012331295,0.0,0.0,nan,0.0,0.0,0.0,0.0,0,audits/paper_extras/v4_runs/v2/bench2_seed606_exp.json,True
606,exp,flat_pit0_cit0.20,4,395.8776244347102,390.1035972585312,388.76493524689636,716.8317402174611,853.6285760086678,0.5362413635615094,0.5430054613652366,0.5445736633318273,0.16025334628654436,0.008333333333333333,0.00015016233766233764,1.0,0.0,1.8322770099762568e-19,1.01670958242235e-17,-8.881784197001252e-16,0,audits/paper_extras/v4_runs/v2/bench2_seed606_exp.json,True
606,exp,flat_pit0_cit0.20,5,421.5170578912499,415.64856967015163,415.0005608797771,726.5552758314741,868.9851876441746,0.5149318263594506,0.5216850924732354,0.5224307999945929,0.16390372797818226,0.0,0.0,nan,0.0,0.0,0.0,0.0,0,audits/paper_extras/v4_runs/v2/bench2_seed606_exp.json,True
606,exp,flat_pit0_cit0.20,6,353.615085584559,346.9832979506344,345.048892193291,693.2102101226849,850.5943508529659,0.5842729437011215,0.5920695950981997,0.5943437763873225,0.18502843402669916,0.0,0.0,nan,0.0,0.0,0.0,0.0,0,audits/paper_extras/v4_runs/v2/bench2_seed606_exp.json,True
606,exp,flat_pit0_cit0.20,7,382.1433470839245,375.4601706798261,375.153916629001,726.2649027625359,886.6751253994056,0.5690153742479391,0.5765527193393422,0.5768981153497322,0.1809120590414808,0.0,0.0,nan,0.0,0.0,0.0,3.0805338280259775e-09,0,audits/paper_extras/v4_runs/v2/bench2_seed606_exp.json,True
606,exp,flat_pit0_cit0.20,8,368.01539549747514,361.5348786487511,359.70584291341316,696.9580543268809,846.0710568709643,0.565030156144909,0.5726896982083038,0.574851497410019,0.17624170137145453,0.0,0.0,nan,0.0,0.0,0.0,0.0,0,audits/paper_extras/v4_runs/v2/bench2_seed606_exp.json,True
606,exp,flat_pit0_cit0.20,9,359.4986008591749,353.55197063008575,351.60804254928803,685.455179306616,815.6242770087491,0.5592350411912536,0.5665259352912895,0.5689092975030262,0.15959443750193436,0.0,0.0,nan,0.0,0.0,0.0,0.0,0,audits/paper_extras/v4_runs/v2/bench2_seed606_exp.json,True
606,exp,flat_pit0_cit0.30,0,411.2654223913982,405.34988433342204,404.36540575613776,746.5370809320966,885.873334649207,0.5357514372477942,0.5424290714270853,0.5435403799390117,0.15728688094250579,0.0,0.0,nan,0.0,0.0,0.0,0.0,0,audits/paper_extras/v4_runs/v2/bench2_seed606_exp.json,True
606,exp,flat_pit0_cit0.30,1,363.9376670363352,356.3452876403341,355.2357592410445,742.0464757580658,934.2163897091906,0.6104353648198955,0.6185623678136714,0.6197500245616278,0.20570171543548368,0.0,0.0,nan,0.0,0.0,0.0,0.0,0,audits/paper_extras/v4_runs/v2/bench2_seed606_exp.json,True
606,exp,flat_pit0_cit0.30,2,337.24264851080864,329.7341341276008,329.0453869327649,733.1737586957845,939.1632467017546,0.6409115777313791,0.6489064757531842,0.6496398383472323,0.21933299533322256,0.0,0.0,nan,0.0,0.0,0.0,0.0,0,audits/paper_extras/v4_runs/v2/bench2_seed606_exp.json,True
606,exp,flat_pit0_cit0.30,3,403.64270758953955,397.04914687665973,396.80912223983603,751.0320548246024,916.2852650493371,0.5594792113482197,0.5666751807306639,0.5669371347814155,0.18035126889859654,0.0,0.0,nan,0.0,0.0,0.0,0.0,0,audits/paper_extras/v4_runs/v2/bench2_seed606_exp.json,True
606,exp,flat_pit0_cit0.30,4,366.30152418342334,359.96724867995925,356.9939778135414,718.2340288229107,864.4602023054176,0.5762656011155417,0.5835930356076922,0.5870324893367227,0.16915315834382932,0.0,0.0,nan,0.0,0.0,0.0,0.0,0,audits/paper_extras/v4_runs/v2/bench2_seed606_exp.json,True
606,exp,flat_pit0_cit0.30,5,393.4928859065831,387.0092608457161,386.5543586504355,743.1866557180309,900.9466692185522,0.5632450850305221,0.5704415432476224,0.5709464590332317,0.17510471916984435,0.0,0.0,nan,0.0,0.0,0.0,2.1032797725695218e-10,0,audits/paper_extras/v4_runs/v2/bench2_seed606_exp.json,True
606,exp,flat_pit0_cit0.30,6,346.3147486930808,339.45711952590113,338.2506070478917,695.2621859584124,857.8209009265425,0.5962854853279722,0.6042797288347143,0.6056862141240168,0.18950192842416017,0.0,0.0,nan,0.0,0.0,0.0,0.0,0,audits/paper_extras/v4_runs/v2/bench2_seed606_exp.json,True
606,exp,flat_pit0_cit0.30,7,362.81249947441495,355.4866043050577,355.0307260171803,739.5133674007474,916.577418540633,0.6041660070001702,0.612158670817943,0.6126560410112903,0.19317959133425472,0.0,0.0,nan,0.0,0.0,0.0,0.0,0,audits/paper_extras/v4_runs/v2/bench2_seed606_exp.json,True
606,exp,flat_pit0_cit0.30,8,409.5652522002755,403.40402103209027,403.30843588516143,736.6306738304942,885.6238367148256,0.5375403921832819,0.5444973313630582,0.5446052610990999,0.16823526728572905,0.0,0.0,nan,0.0,0.0,0.0,0.0,0,audits/paper_extras/v4_runs/v2/bench2_seed606_exp.json,True
606,exp,flat_pit0_cit0.30,9,341.9401910169739,335.8044518501055,333.26727495911297,661.8871011962005,796.6324336879429,0.5707679268919663,0.5784700224976693,0.5816549002200675,0.1691436687657194,0.008333333333333333,0.00014619883040935673,1.0,0.0,2.3658123555732685e-19,1.3485130426767631e-17,-8.881784197001252e-16,0,audits/paper_extras/v4_runs/v2/bench2_seed606_exp.json,True
606,exp,flat_pit0_cit0.50,0,384.1689563031506,377.45285973315714,375.39958274354865,757.8163181972872,914.6777894323209,0.5799953155727346,0.587337897460682,0.5895827065216769,0.17149369214746876,0.0,0.0,nan,0.0,0.0,0.0,0.0,0,audits/paper_extras/v4_runs/v2/bench2_seed606_exp.json,True
606,exp,flat_pit0_cit0.50,1,403.6832085858659,396.0451370956226,394.8221557453819,806.5043374572194,1004.9563933743899,0.5983077362885373,0.6059081372020502,0.6071250868710146,0.1974733005586626,0.0,0.0,nan,0.0,0.0,0.0,0.0,0,audits/paper_extras/v4_runs/v2/bench2_seed606_exp.json,True
606,exp,flat_pit0_cit0.50,2,351.40935058246595,343.5817137380097,342.41083064615,821.8383341896188,1047.6370116093174,0.6645695534919562,0.6720412605409769,0.6731589025094112,0.21553140536037393,0.008333333333333333,0.00014493849566444848,1.0,0.0,1.5464966036534574e-19,8.890663221081416e-18,-8.881784197001252e-16,0,audits/paper_extras/v4_runs/v2/bench2_seed606_exp.json,True
606,exp,flat_pit0_cit0.50,3,336.267319448333,328.42096977651835,327.7565534532428,745.9449701602944,932.7466149506945,0.6394869581315947,0.6478990494177469,0.6486113718348169,0.2002705148388822,0.0,0.0,nan,0.0,0.0,0.0,0.0,0,audits/paper_extras/v4_runs/v2/bench2_seed606_exp.json,True
606,exp,flat_pit0_cit0.50,4,388.474522564518,382.1841555179531,378.8728119329022,742.7606274413449,890.16727053674,0.5635937925124103,0.5706602925453446,0.5743802041784181,0.16559431915140402,0.004166666666666667,7.44047619047619e-05,1.0,0.0,1.6106841410145283e-19,9.019831189681359e-18,-8.881784197001252e-16,0,audits/paper_extras/v4_runs/v2/bench2_seed606_exp.json,True
606,exp,flat_pit0_cit0.50,5,346.91480687722856,339.4564176313593,337.36496146748823,746.5468088503259,920.0750356467919,0.622949440603662,0.6310557242836948,0.6333288608028276,0.18860225533070737,0.041666666666666664,0.0005499393750114731,1.0,0.0,1.313343196208841e-19,9.946795393291559e-18,-4.440892098500626e-16,0,audits/paper_extras/v4_runs/v2/bench2_seed606_exp.json,True
606,exp,flat_pit0_cit0.50,6,393.0474436418718,386.46248373912783,385.696324814815,752.0236885662493,908.9964902557939,0.5676029029207063,0.5748471112024026,0.5756899735594369,0.1726880173600802,0.008333333333333333,0.0001558857808857809,1.0,0.0,1.7080605833672351e-19,9.146476604207424e-18,-8.881784197001252e-16,0,audits/paper_extras/v4_runs/v2/bench2_seed606_exp.json,True
606,exp,flat_pit0_cit0.50,7,355.3570897040776,347.9233694562853,346.35431189183373,743.031574443316,917.7428852077588,0.6127923240465855,0.6208923271821145,0.622602019068308,0.19037065127984254,0.0,0.0,nan,0.0,0.0,0.0,0.0,0,audits/paper_extras/v4_runs/v2/bench2_seed606_exp.json,True
606,exp,flat_pit0_cit0.50,8,352.5250292402309,345.2297829654376,344.1574506149919,745.1613858214417,910.0338575013035,0.6126242706967351,0.620640726584238,0.6218190699410335,0.18117179962134056,0.004166666666666667,7.716049382716049e-05,1.0,0.0,1.562759804227987e-19,8.438902942831129e-18,-8.881784197001252e-16,0,audits/paper_extras/v4_runs/v2/bench2_seed606_exp.json,True
606,exp,flat_pit0_cit0.50,9,258.02348417806377,250.3994176264266,249.76403763886725,687.3905818538111,842.8668404116162,0.693873964656081,0.702919363271969,0.703673195261906,0.1844612352787278,0.0,0.0,nan,0.0,0.0,0.0,0.0,0,audits/paper_extras/v4_runs/v2/bench2_seed606_exp.json,True
707,det,rl_learned,0,319.3421245238872,311.7645677469614,311.95646207375,698.8379050026188,872.946882948955,0.6341792029257288,0.6428596357503786,0.6426398121499548,0.19944968170132898,0.0,0.0,nan,0.0,0.0,0.0,1.5025083033970432e-05,0,audits/paper_extras/v4_runs/v2/bench2_seed707_det.json,True
707,det,rl_learned,1,398.2718420364242,391.544046007104,391.5912224783991,755.4379888333406,912.6256891883808,0.5635978180817849,0.5709697298184613,0.5709180366962382,0.17223676937565807,0.0,0.0,nan,0.0,0.0,0.0,5.111115974898439e-10,0,audits/paper_extras/v4_runs/v2/bench2_seed707_det.json,True
707,det,rl_learned,2,303.8497498863203,295.9337673353839,295.97838372793456,725.6287668881066,927.9321027707613,0.6725517427632481,0.6810825205295304,0.6810344390024258,0.2180152354666754,0.0,0.0,nan,0.0,0.0,0.0,5.52132606301825e-09,0,audits/paper_extras/v4_runs/v2/bench2_seed707_det.json,True
707,det,rl_learned,3,414.94718988421806,408.69197408517385,408.85914912885124,766.8632597178818,915.1558055117969,0.546583010909098,0.5534181484467394,0.5532354745865393,0.16204076387952668,0.0,0.0,nan,0.0,0.0,0.0,0.0,0,audits/paper_extras/v4_runs/v2/bench2_seed707_det.json,True
707,det,rl_learned,4,431.7119445466116,426.5152489266598,426.6726971853512,772.9763159580734,885.3438379854,0.5123793423253815,0.5182490342992669,0.5180711957557135,0.1269196409420084,0.0,0.0,nan,0.0,0.0,0.0,0.0,0,audits/paper_extras/v4_runs/v2/bench2_seed707_det.json,True
707,det,rl_learned,5,381.3935079150249,375.0188900414028,375.24836357795823,742.3569725764465,883.9545072285476,0.5685371760693845,0.575748653381275,0.5754890545731023,0.16018645020098393,0.0,0.0,nan,0.0,0.0,0.0,4.6345705051464847e-10,0,audits/paper_extras/v4_runs/v2/bench2_seed707_det.json,True
707,det,rl_learned,6,395.93150370225254,389.91205198104325,390.03802454382304,742.1216329386107,879.0171575284893,0.5495747718787614,0.5564227061535986,0.5562793954551658,0.1557370335919089,0.0,0.0,nan,0.0,0.0,0.0,0.0,0,audits/paper_extras/v4_runs/v2/bench2_seed707_det.json,True
707,det,rl_learned,7,391.7077831402043,385.23216934319544,385.28685815637516,736.2350592893605,881.3165127355052,0.5555424441959128,0.5628901038657734,0.5628280503215706,0.16461901184153288,0.0,0.0,nan,0.0,0.0,0.0,0.003834400608247801,0,audits/paper_extras/v4_runs/v2/bench2_seed707_det.json,True
707,det,rl_learned,8,389.8765746084236,383.91860648399603,384.1291817986531,718.2023154167015,846.9161294566792,0.5396514943474503,0.5466863918032937,0.5464377540606259,0.1519794104317641,0.0,0.0,nan,0.0,0.0,0.0,8.070242252244952e-10,0,audits/paper_extras/v4_runs/v2/bench2_seed707_det.json,True
707,det,rl_learned,9,397.6922152431094,392.22236299773283,392.2952212341869,728.7676018663259,844.8666561110238,0.5292840445689826,0.5357582641464892,0.5356720277730602,0.13741701534193498,0.0,0.0,nan,0.0,0.0,0.0,0.0,0,audits/paper_extras/v4_runs/v2/bench2_seed707_det.json,True
707,det,free_market,0,328.1022561882377,320.76530557192916,320.9072568087396,694.935479501631,868.6778628042758,0.6222969753953966,0.6307430875049228,0.6305796768288959,0.2000078403538082,0.0,0.0,nan,0.0,0.0,0.0,5.989839224618265e-08,0,audits/paper_extras/v4_runs/v2/bench2_seed707_det.json,True
707,det,free_market,1,419.96236313918547,413.70846986581694,413.75657825702683,752.7682705840151,901.5010658990494,0.5341521169247146,0.5410893170123614,0.5410359522488246,0.16498349357657824,0.0,0.0,nan,0.0,0.0,0.0,0.0,0,audits/paper_extras/v4_runs/v2/bench2_seed707_det.json,True
707,det,free_market,2,298.5731387297226,291.0326714151276,291.1557513944383,692.8318153311661,876.7683181538657,0.6594617613939314,0.6680620576848287,0.6679216785484454,0.20978917578819284,0.0,0.0,nan,0.0,0.0,0.0,1.1406098288091471e-10,0,audits/paper_extras/v4_runs/v2/bench2_seed707_det.json,True
707,det,free_market,3,393.45809499777926,387.2784019412289,387.3296357047377,729.3139939100319,874.0256059838715,0.5498323020469497,0.5569026819239717,0.5568440637746199,0.1655690761038299,0.0,0.0,nan,0.0,0.0,0.0,2.6519653140155697e-10,0,audits/paper_extras/v4_runs/v2/bench2_seed707_det.json,True
707,det,free_market,4,413.3919366388135,408.18737304242603,408.3078716113646,749.707127811824,863.3607050725549,0.5211828217221527,0.5272110826399924,0.5270715134330195,0.13164089654877192,0.0,0.0,nan,0.0,0.0,0.0,0.0,0,audits/paper_extras/v4_runs/v2/bench2_seed707_det.json,True
707,det,free_market,5,387.86937992243105,381.78795643116644,381.8670639868086,739.4131401934236,876.7429315073746,0.5576019309838387,0.5645383125304899,0.5644480836243884,0.15663632563063992,0.0,0.0,nan,0.0,0.0,0.0,3.4542813054372346e-11,0,audits/paper_extras/v4_runs/v2/bench2_seed707_det.json,True
707,det,free_market,6,386.12101178846456,380.3213498342276,380.39494845779706,713.8401551809549,844.1035124221329,0.542566751463336,0.5494375461809116,0.549350354713886,0.15432154389144853,0.0,0.0,nan,0.0,0.0,0.0,3.2009062067572813e-11,0,audits/paper_extras/v4_runs/v2/bench2_seed707_det.json,True
707,det,free_market,7,410.0915286648963,403.81909486726175,403.9144123091629,747.9215666043581,893.053104774026,0.5407982722722139,0.5478218566079088,0.5477151244982598,0.1625116551231198,0.0,0.0,nan,0.0,0.0,0.0,5.1881474893988866e-08,0,audits/paper_extras/v4_runs/v2/bench2_seed707_det.json,True
707,det,free_market,8,410.92055340896775,405.4347850831466,405.5151426682794,709.7994493073863,829.2429175174586,0.5044629930163783,0.5110783866603109,0.5109814819012406,0.14403917801029345,0.0,0.0,nan,0.0,0.0,0.0,0.0,0,audits/paper_extras/v4_runs/v2/bench2_seed707_det.json,True
707,det,free_market,9,385.8075562981912,380.4255176800238,380.43658860944976,702.6961340576325,816.596402820219,0.5275419350786313,0.5341327535044532,0.5341191960978963,0.139481717491306,0.0,0.0,nan,0.0,0.0,0.0,8.208100865658707e-11,0,audits/paper_extras/v4_runs/v2/bench2_seed707_det.json,True
707,det,us_federal,0,350.96960641728316,319.4045009057744,298.2671400702121,709.759025491837,856.6986811450672,0.5903231624587356,0.6271682121900118,0.6518412521990264,0.17151848005278822,0.6958333333333333,0.08847464399689804,1.0,0.0,0.01921978351201421,0.13948914633362883,-0.4000884675002665,0,audits/paper_extras/v4_runs/v2/bench2_seed707_det.json,True
707,det,us_federal,1,342.2206418109465,312.33841082099906,293.4365501892108,736.7500430474578,891.1236006436994,0.61596725576144,0.6495004614450984,0.6707117284546744,0.17323473139386109,0.7208333333333333,0.09031005794389128,1.0,0.0,0.021170934938593778,0.12144616858161644,-0.6300000093877316,0,audits/paper_extras/v4_runs/v2/bench2_seed707_det.json,True
707,det,us_federal,2,293.36545404554033,265.7868521902654,253.70739453516663,730.1064803645263,911.2365322174917,0.6780578437393897,0.708322874694813,0.7215789912222128,0.19877391374134862,0.875,0.14115482118590256,1.0,0.0,0.021395482762010608,0.0852930389429667,-0.6300000093877316,0,audits/paper_extras/v4_runs/v2/bench2_seed707_det.json,True
707,det,us_federal,3,286.663833015125,261.4712807039482,247.6951020535714,714.8433758667773,898.1255550626267,0.6808198682252886,0.7088700135186381,0.7242088250831483,0.20407188968481044,0.825,0.10921622720324856,1.0,0.0,0.01515757925933464,0.07110079541844179,-0.6300000093877316,0,audits/paper_extras/v4_runs/v2/bench2_seed707_det.json,True
707,det,us_federal,4,300.07262438611167,270.0201316706459,243.68161329873215,686.0078729723498,807.6727652902467,0.6284725234256512,0.6656812718284354,0.6982916550229816,0.1506363685225602,0.875,0.17116045724753592,1.0,0.0,0.051189569644924174,0.18980926670525314,-0.9875757710551248,0,audits/paper_extras/v4_runs/v2/bench2_seed707_det.json,True
707,det,us_federal,5,327.68334704703625,291.1791991617457,261.4174651295508,731.0752271785516,869.8206245071077,0.6232748019366393,0.6652422454034759,0.699458189695507,0.159510355835926,0.8166666666666667,0.126476622235754,1.0,0.0,0.03013986726597976,0.15073462895085177,-0.5729144000019303,0,audits/paper_extras/v4_runs/v2/bench2_seed707_det.json,True
707,det,us_federal,6,302.00970255068694,269.97046206528887,252.34748229280075,702.3400062943924,838.5002788337019,0.6398215836364869,0.67803175636292,0.6990490180351528,0.1623854827200527,0.8583333333333333,0.13828579346003023,1.0,0.0,0.03396515267203157,0.142654230532777,-0.9239675093056783,0,audits/paper_extras/v4_runs/v2/bench2_seed707_det.json,True
707,det,us_federal,7,342.76201231508395,314.5181783459898,297.2797863380681,720.5785859541876,872.3550518924283,0.607084281140438,0.6394608162540066,0.6592215684506333,0.17398473890761224,0.7083333333333334,0.06616446491162577,1.0,0.0,0.015020095161713664,0.1124611746256382,-0.6300000093877318,0,audits/paper_extras/v4_runs/v2/bench2_seed707_det.json,True
707,det,us_federal,8,332.25570274248656,295.30342479962945,273.1865425594952,714.9804422418823,842.4822954206919,0.6056229257891107,0.6494841180583264,0.6757361620007931,0.15134069151582796,0.9,0.13498824945368357,1.0,0.0,0.037086298446376544,0.1687220920907388,-0.9686101473784255,0,audits/paper_extras/v4_runs/v2/bench2_seed707_det.json,True
707,det,us_federal,9,260.97315283012256,230.89438373691831,214.61445783463378,658.9889289076447,789.6167813880628,0.6694939127669509,0.7075867823743178,0.728204284795766,0.1654319608694084,0.8083333333333333,0.14638840212837648,1.0,0.0,0.044011852455665176,0.17368033091251192,-0.5023369765465036,0,audits/paper_extras/v4_runs/v2/bench2_seed707_det.json,True
707,det,saez,0,151.01805555597616,117.3738581883257,169.40884147169464,412.35915552728875,628.2153271548702,0.7596078143462002,0.8131630141532822,0.7303331610215055,0.3436022050037753,0.9416666666666667,0.7636628969093929,0.8893805309734514,0.9041666666666667,0.14385917653114577,0.6384256370488572,-16.34136408244586,42,audits/paper_extras/v4_runs/v2/bench2_seed707_det.json,True
707,det,saez,1,152.18917773875904,127.44272350486945,181.8505867753691,463.59647066886566,738.8338055954417,0.7940143282749406,0.8275082670287932,0.7538680750689096,0.3725294279202026,0.95,0.7525105328180591,0.8903508771929824,0.9041666666666667,0.0890878316889303,0.2765476948638515,-11.46309234240324,44,audits/paper_extras/v4_runs/v2/bench2_seed707_det.json,True
707,det,saez,2,282.47007480553816,257.0613930638979,238.0195381380787,589.5149674210614,833.2091968320676,0.6609854093311578,0.6914803700664044,0.7143340003410317,0.29247664372591237,0.9458333333333333,0.7008735573013273,0.7709251101321586,0.9083333333333333,inf,inf,-14.662700653378144,46,audits/paper_extras/v4_runs/v2/bench2_seed707_det.json,True
707,det,saez,3,162.0283804485485,139.10330196026752,185.07380577292065,529.7170848096845,777.6572149039088,0.7916454996581372,0.8211251701979569,0.7620110734833351,0.318829588850225,0.9416666666666667,0.748296111878848,0.8716814159292036,0.8916666666666667,0.13127670073806613,inf,-14.697981335215148,46,audits/paper_extras/v4_runs/v2/bench2_seed707_det.json,True
707,det,saez,4,287.1732553661856,320.72060584070914,307.47477885273497,387.8456048504491,454.46554340884336,0.3681077486927527,0.2942906002618892,0.32343654362344815,0.14658963594619986,0.95,0.8634184112562512,0.42105263157894735,0.9125,inf,inf,-17.736693385499734,30,audits/paper_extras/v4_runs/v2/bench2_seed707_det.json,True
707,det,saez,5,176.82018496789215,138.17530604431306,188.28398985530583,421.74976415870873,658.3358967666146,0.7314134230924729,0.7901142764309914,0.7140001163842749,0.35936994134739936,0.95,0.7509332743310468,0.9824561403508771,0.9041666666666667,1.3889614164047213,inf,-18.455275929583163,41,audits/paper_extras/v4_runs/v2/bench2_seed707_det.json,True
707,det,saez,6,135.06087609150165,119.13984797760355,181.87299475394775,408.0197720296172,607.4178550327711,0.7776475041481701,0.8038585020337017,0.7005800977909425,0.3282716853827026,0.9458333333333333,0.7956991761238809,0.6299559471365639,0.9,0.283152091308289,inf,-19.40187030702556,42,audits/paper_extras/v4_runs/v2/bench2_seed707_det.json,True
707,det,saez,7,158.614522708118,133.4522046049508,192.68259883457245,488.94979216838254,720.3196870223104,0.7797998228206066,0.8147319766357887,0.7325040502070791,0.32120445827376315,0.9375,0.7316472265778019,0.9244444444444444,0.8666666666666667,0.08746489584481973,0.2432380827163592,-9.177272440836184,37,audits/paper_extras/v4_runs/v2/bench2_seed707_det.json,True
707,det,saez,8,164.36978871854356,130.598610672145,198.83612253335912,460.8672782148031,692.9175552165138,0.7627859368244994,0.8115235936960246,0.7130450498238143,0.33488872558468047,0.95,0.738095962385976,0.9385964912280702,0.9041666666666667,0.10452137628466426,0.31874795615592383,-16.340461416581622,49,audits/paper_extras/v4_runs/v2/bench2_seed707_det.json,True
707,det,saez,9,132.32733615047354,101.0141251793456,159.54550299118617,394.82829859358816,575.5025170977159,0.7700664511116198,0.8244766579149572,0.7227718415624296,0.3139416651299384,0.95,0.7566131395413273,0.9078947368421053,0.9125,0.12244172998345751,0.38438124307023336,-20.002727960768638,52,audits/paper_extras/v4_runs/v2/bench2_seed707_det.json,True
707,det,free_market+rl_aux,0,327.89242451928004,320.55851548784204,320.7001688311791,694.5013886664752,868.2515592046412,0.6223531981680002,0.6307999541267872,0.6306368063134199,0.20011501125011416,0.0,0.0,nan,0.0,0.0,0.0,5.999281937896228e-08,0,audits/paper_extras/v4_runs/v2/bench2_seed707_det.json,True
707,det,free_market+rl_aux,1,419.6739445486075,413.4233516718711,413.47118878012026,752.2571627074495,900.9638409329644,0.534194464326085,0.5411321377295634,0.5410790422488395,0.16505288166895402,0.0,0.0,nan,0.0,0.0,0.0,0.0,0,audits/paper_extras/v4_runs/v2/bench2_seed707_det.json,True
707,det,free_market+rl_aux,2,298.3617055861743,290.82529529334516,290.94823502764893,692.3519392567435,876.2511414752303,0.6595020634337075,0.668102805773559,0.6679625038344404,0.20987042813876342,0.0,0.0,nan,0.0,0.0,0.0,1.132589577679255e-10,0,audits/paper_extras/v4_runs/v2/bench2_seed707_det.json,True
707,det,free_market+rl_aux,3,393.1842431493063,387.00820454785986,387.05936804211075,728.8041426825758,873.4702527446233,0.5498596066507812,0.5569302980475861,0.5568717230771276,0.16562225171089306,0.0,0.0,nan,0.0,0.0,0.0,2.638527174525507e-10,0,audits/paper_extras/v4_runs/v2/bench2_seed707_det.json,True
707,det,free_market+rl_aux,4,413.0324287892719,407.8307825080418,407.95173587988813,749.155626490646,862.7612831922683,0.5212668476950806,0.5272959155062643,0.527155722182569,0.13167681363873268,0.0,0.0,nan,0.0,0.0,0.0,0.0,0,audits/paper_extras/v4_runs/v2/bench2_seed707_det.json,True
707,det,free_market+rl_aux,5,387.57418221070924,381.4958938584551,381.57499639362527,738.9010939818863,876.2041740830274,0.5576668159378302,0.564603884411186,0.5645136057552403,0.15670215249183517,0.0,0.0,nan,0.0,0.0,0.0,3.43969297489366e-11,0,audits/paper_extras/v4_runs/v2/bench2_seed707_det.json,True
707,det,free_market+rl_aux,6,385.7986708741067,380.0017593821911,380.0754847486768,713.3449679948396,843.5786248078756,0.5426642407375222,0.54953605009997,0.5494486541367277,0.1543823574746178,0.0,0.0,nan,0.0,0.0,0.0,3.062328168823569e-11,0,audits/paper_extras/v4_runs/v2/bench2_seed707_det.json,True
707,det,free_market+rl_aux,7,410.7637951042638,404.5136291546178,404.62897720824066,747.1524844384029,891.7004203213669,0.5393477610381462,0.546357027611547,0.546227670205187,0.16210369826995177,0.0,0.0,nan,0.0,0.0,0.0,5.188302143466217e-08,0,audits/paper_extras/v4_runs/v2/bench2_seed707_det.json,True
707,det,free_market+rl_aux,8,410.5945261223007,405.1117239193508,405.1923579420709,709.291247441625,828.6987200902167,0.5045310000266429,0.5111471586739652,0.511049856698271,0.14409033072428581,0.0,0.0,nan,0.0,0.0,0.0,0.0,0,audits/paper_extras/v4_runs/v2/bench2_seed707_det.json,True
707,det,free_market+rl_aux,9,385.45699328747804,380.07761717967094,380.0885997278168,702.1825222732373,816.0489188834174,0.5276545506427596,0.5342465281374024,0.5342330699391354,0.13953378771211558,0.0,0.0,nan,0.0,0.0,0.0,7.916156619103276e-11,0,audits/paper_extras/v4_runs/v2/bench2_seed707_det.json,True
707,det,us_federal+rl_aux,0,335.04269107063857,305.48506257184346,286.71225146494464,704.2116800194184,860.8111155457377,0.6107825688818761,0.645119519189559,0.6669278006671945,0.18192078691623104,0.6916666666666667,0.08229397932758029,1.0,0.0,0.017249314668767862,0.12249505913136476,-0.39058926186522586,0,audits/paper_extras/v4_runs/v2/bench2_seed707_det.json,True
707,det,us_federal+rl_aux,1,353.41429210973837,318.5560482431175,300.27401557945757,741.0733521262453,890.7475334627518,0.6032385397287019,0.6423722364913643,0.6628966072887654,0.16803210305242505,0.6791666666666667,0.0773823647334904,1.0,0.0,0.02005483009404341,0.14630754938881266,-0.6300000093877318,0,audits/paper_extras/v4_runs/v2/bench2_seed707_det.json,True
707,det,us_federal+rl_aux,2,298.60746478495656,272.8667779738284,260.8448234930158,729.8798370672296,922.4808488110971,0.6762995511833064,0.70420331400321,0.7172355135294187,0.2087859189619966,0.8708333333333333,0.1396525227503823,1.0,0.0,0.018752540078778912,0.075473676188812,-0.6300000093877316,0,audits/paper_extras/v4_runs/v2/bench2_seed707_det.json,True
707,det,us_federal+rl_aux,3,296.8364427582906,269.23077410488173,253.63371230967502,715.2283544511714,906.3543112948279,0.6724940356556293,0.7029519573639412,0.7201605275674906,0.21087333558397467,0.8333333333333334,0.08551681495751275,1.0,0.0,0.010473333823030073,0.06923874095352324,-0.6300000093877318,0,audits/paper_extras/v4_runs/v2/bench2_seed707_det.json,True
707,det,us_federal+rl_aux,4,298.53554626380094,268.7853491789378,246.77189288367205,694.0623689611804,819.0868919228992,0.63552640237844,0.6718475758439575,0.6987231814876843,0.15263890094518492,0.875,0.1700902840855286,1.0,0.0,0.05649590778130219,0.20486465979859053,-0.9776216740510886,0,audits/paper_extras/v4_runs/v2/bench2_seed707_det.json,True
707,det,us_federal+rl_aux,5,302.806453231031,269.5405853810156,244.92188095591194,705.8834894518502,850.3613116165748,0.6439084785555654,0.6830281649707147,0.711979040426587,0.16990168789554383,0.8125,0.13376509912061746,1.0,0.0,0.03176337073415072,0.14552801968192822,-0.5993311911721705,0,audits/paper_extras/v4_runs/v2/bench2_seed707_det.json,True
707,det,us_federal+rl_aux,6,307.5999813573957,276.05154605509205,256.8661743296585,691.9666955537128,834.4748673064518,0.6313849662719285,0.6691912999775042,0.6921822521045116,0.17077587035392927,0.7958333333333333,0.10158970510404136,1.0,0.0,0.023930645289240028,0.1291060019887869,-0.512646659567665,0,audits/paper_extras/v4_runs/v2/bench2_seed707_det.json,True
707,det,us_federal+rl_aux,7,336.8289797116391,310.5168337235217,293.7756215438827,720.2681862971152,884.6258990488635,0.619241331195715,0.6489851426943472,0.667909766309413,0.18579346696548588,0.7083333333333334,0.06692353000903593,1.0,0.0,0.013255510185600061,0.09761358977885286,-0.6300000093877316,0,audits/paper_extras/v4_runs/v2/bench2_seed707_det.json,True
707,det,us_federal+rl_aux,8,317.6791536976703,281.413478895343,257.88632612505256,704.448036632431,835.5726974512435,0.6198066850835475,0.6632088629107418,0.6913657819221642,0.1569278905579172,0.9,0.12207542156091122,1.0,0.0,0.03404330822828136,0.16049169684079953,-0.9584647505382646,0,audits/paper_extras/v4_runs/v2/bench2_seed707_det.json,True
707,det,us_federal+rl_aux,9,235.56593206772513,213.4733379020982,202.9811821162734,667.701532496904,811.609469552074,0.7097545791355372,0.7369752991917236,0.7499028908222345,0.1773118013699281,0.8041666666666667,0.17440268769051298,1.0,0.14583333333333334,0.0625071321313755,0.2047822475976521,-0.4846274325794227,0,audits/paper_extras/v4_runs/v2/bench2_seed707_det.json,True
707,det,saez+rl_aux,0,150.20872876369262,117.82592008476568,161.32118024533403,417.73302442910114,656.0469830377465,0.771039677572833,0.820400179970058,0.7541011780919169,0.36325745681378074,0.9416666666666667,0.7400614387051135,0.9557522123893806,0.9041666666666667,0.09585722292583927,0.41542893484614996,-16.52499393744216,40,audits/paper_extras/v4_runs/v2/bench2_seed707_det.json,True
707,det,saez+rl_aux,1,149.55127489009783,129.89466590409577,172.1651822899827,512.4402433748561,808.3795180500532,0.8149986837236542,0.8393147488231475,0.7870243141423549,0.3660895261040906,0.95,0.7360415814243039,0.9736842105263158,0.8958333333333334,0.051096828796469956,0.12183776165175612,-11.03533511215345,42,audits/paper_extras/v4_runs/v2/bench2_seed707_det.json,True
707,det,saez+rl_aux,2,233.0849334801779,188.69162877359634,210.5036962176855,632.3320111411678,974.6044448459992,0.7608415037374383,0.8063915778637638,0.7840111469520868,0.3511911273490192,0.9458333333333333,0.6008144343804205,0.9779735682819384,0.7583333333333333,0.047761971732661994,0.1537274059679231,-13.209015381958675,55,audits/paper_extras/v4_runs/v2/bench2_seed707_det.json,True
707,det,saez+rl_aux,3,167.03004093366872,131.71733876088848,181.43453865424155,458.6352591425684,732.4189546250673,0.7719474081344971,0.820161209743246,0.7522803888286592,0.3738074960425506,0.9416666666666667,0.7320343418076547,1.0,0.8916666666666667,0.08557043560282193,0.32407277841507337,-15.933063676396316,43,audits/paper_extras/v4_runs/v2/bench2_seed707_det.json,True
707,det,saez+rl_aux,4,137.253654614701,115.24906085811321,170.68598261122327,355.20506219082375,558.9957086409703,0.7544638491977123,0.7938283620489563,0.6946560054527166,0.36456567250865324,0.9458333333333333,0.7958504293472042,0.8061674008810573,0.9125,0.6055848200834402,inf,-17.76211766646913,51,audits/paper_extras/v4_runs/v2/bench2_seed707_det.json,True
707,det,saez+rl_aux,5,155.82531139221814,120.17472345528813,163.20458451658487,406.90432040942,660.2233635444387,0.7639809191912522,0.8179786870762574,0.7528039849416813,0.3836868810201809,0.95,0.7539763546491415,0.9912280701754386,0.9,0.16515126250497167,inf,-16.112428591438423,41,audits/paper_extras/v4_runs/v2/bench2_seed707_det.json,True
707,det,saez+rl_aux,6,162.0835904308375,131.48352372591205,170.82688340097803,454.2437548413054,697.9054014280148,0.7677570769631655,0.8116026563816846,0.7552291713870652,0.34913277084278566,0.9458333333333333,0.7013987422322514,0.9955947136563876,0.8875,0.060762574094212145,0.17663750393766048,-17.739964984015472,44,audits/paper_extras/v4_runs/v2/bench2_seed707_det.json,True
707,det,saez+rl_aux,7,169.30213736292987,141.978668296785,193.49496316811909,513.7579569463109,776.1316737616709,0.7818641564486415,0.8170688388367683,0.7506931237191897,0.3380530980570804,0.9375,0.7137663749879172,0.9333333333333333,0.8791666666666667,0.06299809787572845,0.1711842774070864,-7.742840392660769,41,audits/paper_extras/v4_runs/v2/bench2_seed707_det.json,True
707,det,saez+rl_aux,8,143.14159075753798,116.06739795657506,160.67570450908477,422.1604233138846,658.025040174989,0.7824678666947503,0.823612490604143,0.7558212914414987,0.35844322398184236,0.95,0.7308118761229995,0.9824561403508771,0.9,0.06526705815759958,0.18389300738359052,-12.519380124562785,51,audits/paper_extras/v4_runs/v2/bench2_seed707_det.json,True
707,det,saez+rl_aux,9,123.68900608203606,110.50690918091719,154.33897683623024,376.2789034129303,564.6281997997334,0.7809372501658489,0.8042837583738952,0.7266537929012891,0.333581100720099,0.9458333333333333,0.7742311079823477,0.7048458149779736,0.9041666666666667,0.17355660913950474,inf,-20.313008699709524,40,audits/paper_extras/v4_runs/v2/bench2_seed707_det.json,True
707,det,rl_mean_fixed,0,346.0107030348894,339.019808867806,339.04307558330294,700.6744612885004,856.7035895233244,0.5961138633405142,0.6042740884785613,0.6042469300590315,0.1821273193469862,0.0,0.0,nan,0.0,0.0,0.0,0.06701876124635864,0,audits/paper_extras/v4_runs/v2/bench2_seed707_det.json,True
707,det,rl_mean_fixed,1,453.7438030112937,447.66898202858744,447.7069500036719,796.6766985031425,942.2490740700471,0.5184460080694521,0.5248931579259821,0.5248528628743558,0.15449458065063879,0.0,0.0,nan,0.0,0.0,0.0,2.389866082808112e-12,0,audits/paper_extras/v4_runs/v2/bench2_seed707_det.json,True
707,det,rl_mean_fixed,2,378.4198649217024,371.7272609670414,371.8654022987131,753.462248117106,919.0356144687896,0.5882424370023654,0.595524640052276,0.5953743288679249,0.18015990212456182,0.0,0.0,nan,0.0,0.0,0.0,0.0,0,audits/paper_extras/v4_runs/v2/bench2_seed707_det.json,True
707,det,rl_mean_fixed,3,381.0517049582308,374.57232933163016,374.79426751438723,731.5950648718392,873.6687739091127,0.5638487761749038,0.5712650600345289,0.5710110299153522,0.16261735943884534,0.0,0.0,nan,0.0,0.0,0.0,0.0,0,audits/paper_extras/v4_runs/v2/bench2_seed707_det.json,True
707,det,rl_mean_fixed,4,371.7565097673049,366.0199560248498,365.95013679394674,727.8117050650688,847.3606353279797,0.5612771065021062,0.5680470147363195,0.5681294108590471,0.14108388480500775,0.0,0.0,nan,0.0,0.0,0.0,0.0,0,audits/paper_extras/v4_runs/v2/bench2_seed707_det.json,True
707,det,rl_mean_fixed,5,335.3974194316447,328.46760772740544,328.56407871270943,717.2410804477316,869.358443362955,0.614201228512579,0.6221724074401483,0.6220614394199485,0.17497657505549152,0.0,0.0,nan,0.0,0.0,0.0,0.0,0,audits/paper_extras/v4_runs/v2/bench2_seed707_det.json,True
707,det,rl_mean_fixed,6,394.3729253811185,388.3525621322461,388.45327313550854,737.024452966109,869.6408554158438,0.5465105820119989,0.5534333975758946,0.5533175899955178,0.15249559818152794,0.0,0.0,nan,0.0,0.0,0.0,2.4843318513489976e-09,0,audits/paper_extras/v4_runs/v2/bench2_seed707_det.json,True
707,det,rl_mean_fixed,7,340.28747718735195,332.65979332550114,332.8551790471403,715.7682977352162,886.8468347083375,0.6162950986916875,0.6248960019856136,0.6246756869165482,0.1929065203569058,0.0,0.0,nan,0.0,0.0,0.0,4.069504483616981e-06,0,audits/paper_extras/v4_runs/v2/bench2_seed707_det.json,True
707,det,rl_mean_fixed,8,430.516734872136,424.8997654430961,424.86792274760705,749.6818174994602,873.1040988952952,0.5069124799472914,0.51334581296697,0.5133822836415772,0.14136032753940395,0.0,0.0,nan,0.0,0.0,0.0,0.0,0,audits/paper_extras/v4_runs/v2/bench2_seed707_det.json,True
707,det,rl_mean_fixed,9,392.28453976167174,386.6762588760669,386.8113311789707,741.7173615147235,859.5579999950212,0.5436206285510181,0.5501452387409498,0.5499880971601553,0.1370944584088337,0.0,0.0,nan,0.0,0.0,0.0,1.2978196295421185e-10,0,audits/paper_extras/v4_runs/v2/bench2_seed707_det.json,True
707,det,flat_pit0.10_cit0,0,278.118219262416,254.21186922621837,242.17762553639764,675.6517858707228,863.3297904229839,0.6778540224748257,0.7055448890490984,0.7194842246579445,0.2173885421703209,0.6958333333333333,0.08201013202174155,1.0,0.0,0.010914831541740288,0.0778924058554897,-0.28957865367596636,0,audits/paper_extras/v4_runs/v2/bench2_seed707_det.json,True
707,det,flat_pit0.10_cit0,1,344.56404078807674,313.3340390561267,299.9238646024332,732.4534798170886,885.0489854536846,0.6106836497739728,0.6459698342058336,0.6611217350317742,0.17241475686046245,0.725,0.0915706191563569,1.0,0.0,0.020836521739617378,0.12565004828419388,-0.333714304099733,0,audits/paper_extras/v4_runs/v2/bench2_seed707_det.json,True
707,det,flat_pit0.10_cit0,2,274.7166709641916,247.49729683165216,237.57259724480858,681.1789170076505,852.8004519327776,0.6778652375927138,0.7097828732727252,0.7214206480468243,0.20124465757043858,0.7833333333333333,0.14497999169580847,1.0,0.0,0.01884557620050231,0.0867082179489854,-0.4192463381952101,0,audits/paper_extras/v4_runs/v2/bench2_seed707_det.json,True
707,det,flat_pit0.10_cit0,3,272.50992996675365,243.8835817264077,232.85530052865477,726.7917070112206,898.2744840743558,0.6966295549989191,0.7284977074933591,0.7407748915760365,0.1909024247080143,0.8125,0.09411767742577552,1.0,0.0,0.011807385965489305,0.0716437170709201,-0.6300000093877318,0,audits/paper_extras/v4_runs/v2/bench2_seed707_det.json,True
707,det,flat_pit0.10_cit0,4,273.4484750194761,244.6135888560162,224.92522208966696,673.8184607155396,808.2972621211467,0.6616981303364949,0.6973717463621029,0.7217295757016242,0.16637295176864217,0.875,0.16832990351251212,1.0,0.0,0.04736246190668171,0.17595080555332868,-0.9309783336049129,0,audits/paper_extras/v4_runs/v2/bench2_seed707_det.json,True
707,det,flat_pit0.10_cit0,5,264.9852753992531,237.76076997214503,220.23297895898284,707.0986973702779,873.3950323125107,0.6966031800093427,0.7277740756749902,0.7478426475865494,0.1904021992224133,0.8916666666666667,0.11825349072883885,1.0,0.0,0.014681571590104331,0.07674132853960003,-0.6296020446658437,0,audits/paper_extras/v4_runs/v2/bench2_seed707_det.json,True
707,det,flat_pit0.10_cit0,6,254.89618523878215,229.30908118976703,219.19257861462108,704.3901238375787,865.4422771298488,0.7054729217942537,0.735038272049469,0.746727673922343,0.18609231088915962,0.75,0.1164012887995322,1.0,0.0,0.016854216862912327,0.08231458586434999,-0.4604921568157465,0,audits/paper_extras/v4_runs/v2/bench2_seed707_det.json,True
707,det,flat_pit0.10_cit0,7,354.62020113074453,326.4429141604315,309.6801836417789,728.2499277499338,884.0283281366206,0.5988587810548754,0.6307325186642866,0.6496942758672323,0.17621426308254265,0.6916666666666667,0.05995625229571447,1.0,0.0,0.014928917184875656,0.11698373836725086,-0.35454408436804463,0,audits/paper_extras/v4_runs/v2/bench2_seed707_det.json,True
707,det,flat_pit0.10_cit0,8,339.0937122153962,297.0922249613204,275.65214479928756,723.2754714575403,847.5943399382842,0.5999339586905611,0.6494877195818077,0.6747829335205818,0.14667260341756877,0.8541666666666666,0.13349776780180425,1.0,0.0,0.04821212144656393,0.22156008320972972,-0.6300000093877318,0,audits/paper_extras/v4_runs/v2/bench2_seed707_det.json,True
707,det,flat_pit0.10_cit0,9,243.92728972574236,219.93128795097786,210.1948296728089,677.7843254906666,827.3447190583532,0.7051684937285035,0.7341721257358192,0.7459404467921869,0.18077155763792105,0.7541666666666667,0.17077734565435634,1.0,0.1125,0.05409016901516734,0.18115819391685023,-0.40621705857176277,0,audits/paper_extras/v4_runs/v2/bench2_seed707_det.json,True
707,det,flat_pit0.20_cit0,0,177.64463952113587,159.20720655161628,165.48530491532296,625.8472964661598,857.7587847680693,0.7928967412800447,0.8143916338966268,0.8070724452445348,0.270369120573468,0.875,0.33980875077758615,0.9904761904761905,0.30833333333333335,0.02076935364159766,0.06466011253731951,-1.2392964950647278,0,audits/paper_extras/v4_runs/v2/bench2_seed707_det.json,True
707,det,flat_pit0.20_cit0,1,235.23307535915674,228.13274885709782,202.70225388034473,686.5586472730006,879.4172635484109,0.7325125567696938,0.7405864561532577,0.76950389504244,0.21930274088233612,0.9125,0.3545163613893693,0.771689497716895,0.275,0.381494422227955,inf,-1.2600000187754632,0,audits/paper_extras/v4_runs/v2/bench2_seed707_det.json,True
707,det,flat_pit0.20_cit0,2,236.1926994081455,222.04571862388326,234.52303108142274,698.036102681381,989.5683654272519,0.7613174514666625,0.7756135640734496,0.7630047207701854,0.2946054794506292,0.9041666666666667,0.38535878580470767,0.9631336405529954,0.44583333333333336,0.040545742050717246,0.10284702937805325,-1.2541060253099507,2,audits/paper_extras/v4_runs/v2/bench2_seed707_det.json,True
707,det,flat_pit0.20_cit0,3,239.4804233295598,234.9172927029726,227.57241488681709,729.8821992137692,920.7891528248634,0.7399182835778805,0.7448739573198964,0.7528506779335378,0.2073297160651991,0.9125,0.36210123935430577,0.7077625570776256,0.3125,0.2133027001537031,4.298628159952478,-1.2600000187754632,1,audits/paper_extras/v4_runs/v2/bench2_seed707_det.json,True
707,det,flat_pit0.20_cit0,4,207.35438899862888,219.6785859184103,196.64826607507305,636.6728147562071,798.5794913195748,0.7403459627344099,0.724913313820002,0.7537524213774499,0.20274334405436906,0.925,0.43049844114862634,0.7567567567567568,0.42916666666666664,0.7450537472065597,inf,-2.4529222834563056,0,audits/paper_extras/v4_runs/v2/bench2_seed707_det.json,True
707,det,flat_pit0.20_cit0,5,236.75224253977558,259.86211478394364,227.46919412133602,719.6820668473862,875.9124666341511,0.7297078742930352,0.7033241052242242,0.7403060205371585,0.17836302797139977,0.9125,0.3978299498468313,0.6529680365296804,0.3416666666666667,0.8964621176816543,inf,-1.3826450849924201,0,audits/paper_extras/v4_runs/v2/bench2_seed707_det.json,True
707,det,flat_pit0.20_cit0,6,209.17962576991727,199.5515928837547,185.44975156098727,648.998349273631,841.3677735069898,0.7513814619996502,0.7628247727483267,0.7795853877454856,0.22863892615178777,0.8791666666666667,0.3704143980242475,0.8530805687203792,0.30833333333333335,0.3060762437606879,inf,-1.5452489141843142,0,audits/paper_extras/v4_runs/v2/bench2_seed707_det.json,True
707,det,flat_pit0.20_cit0,7,257.99516795321824,253.60025487627902,221.56707910859546,686.3823688461489,868.4315354065552,0.7029182411801316,0.7079789890891556,0.7448652310802266,0.20962984315761896,0.9,0.33336492569022946,0.7870370370370371,0.2375,0.6238218517940423,inf,-1.2600000187754636,0,audits/paper_extras/v4_runs/v2/bench2_seed707_det.json,True
707,det,flat_pit0.20_cit0,8,181.27748519086094,182.81094663824405,188.4013723677303,673.8140872231478,855.970238912057,0.788219873834322,0.786428384623982,0.7798972863738937,0.21280664140897076,0.925,0.40133897490944814,0.7432432432432432,0.3125,0.2206402656140183,inf,-1.925021422082385,0,audits/paper_extras/v4_runs/v2/bench2_seed707_det.json,True
707,det,flat_pit0.20_cit0,9,186.7675423502745,208.22041037826733,199.6059272063719,647.7071079439504,814.080696858153,0.7705785887430061,0.7442263264786045,0.7548081805934878,0.20436989791835328,0.9083333333333333,0.4476890416134529,0.7431192660550459,0.3958333333333333,0.691057988062941,inf,-1.5002102106026938,0,audits/paper_extras/v4_runs/v2/bench2_seed707_det.json,True
707,det,flat_pit0.30_cit0,0,155.6090378648653,167.79039664101694,191.28083417100112,612.4609654375776,858.2494062484342,0.8186901887353922,0.8044969266282868,0.7771267503613841,0.28638346734807896,0.9125,0.6100223337593437,0.821917808219178,0.7833333333333333,0.10719422751775332,inf,-3.107110524300651,9,audits/paper_extras/v4_runs/v2/bench2_seed707_det.json,True
707,det,flat_pit0.30_cit0,1,155.75747759253196,161.99106114740542,203.56635378169344,649.6888208424194,897.065973431921,0.8263700974002527,0.8194212399700399,0.7730753815096719,0.2757624967571855,0.9291666666666667,0.5936552772531613,0.7040358744394619,0.775,0.08542167943323532,inf,-1.9458768844798513,5,audits/paper_extras/v4_runs/v2/bench2_seed707_det.json,True
707,det,flat_pit0.30_cit0,2,229.55312956451112,226.06500460763968,278.3556395213338,676.3421129774689,953.7615459766508,0.7593181120240605,0.7629753416236242,0.7081496515606551,0.29086875453245997,0.9166666666666666,0.5437686501099903,0.6681818181818182,0.7708333333333334,0.14531879920157598,0.5926178454941896,-2.06295905985678,13,audits/paper_extras/v4_runs/v2/bench2_seed707_det.json,True
707,det,flat_pit0.30_cit0,3,246.10355018789326,289.14550530478283,272.417412458396,705.3549770352832,927.9305663120192,0.7347823650577534,0.6883974773522474,0.7064247882887448,0.23986233168430224,0.9166666666666666,0.5909358587182575,0.6818181818181818,0.7541666666666667,2.083871871690701,inf,-2.965746369664054,10,audits/paper_extras/v4_runs/v2/bench2_seed707_det.json,True
707,det,flat_pit0.30_cit0,4,254.8588744076187,302.9686331708106,261.2157052476042,625.8924248437637,792.7443488923008,0.6785106386898472,0.6178230300926802,0.6704918734361208,0.21047381073315594,0.9333333333333333,0.6910393412845092,0.6339285714285714,0.7875,inf,inf,-5.470529324322706,10,audits/paper_extras/v4_runs/v2/bench2_seed707_det.json,True
707,det,flat_pit0.30_cit0,5,254.465156374983,318.3851837095104,272.8400244377063,663.3365341948719,844.7153219565769,0.6987563149848205,0.623085819051975,0.6770035805604437,0.21472179211995973,0.925,0.6597963689942463,0.6531531531531531,0.7458333333333333,inf,inf,-3.848962348639564,5,audits/paper_extras/v4_runs/v2/bench2_seed707_det.json,True
707,det,flat_pit0.30_cit0,6,215.5962742772969,260.18881327623404,250.7157772813054,637.8568338861405,829.9599896152816,0.7402329305329115,0.6865043899322887,0.6979182365194233,0.23146074284639717,0.9208333333333333,0.6482455460566664,0.665158371040724,0.7666666666666667,inf,inf,-2.737590296139044,11,audits/paper_extras/v4_runs/v2/bench2_seed707_det.json,True
707,det,flat_pit0.30_cit0,7,242.51171595037707,284.73943322773835,240.53705394587632,635.4406784057296,849.6028100256832,0.7145587172162884,0.6648558245480253,0.7168829350521981,0.2520732383329564,0.9083333333333333,0.6381842013799456,0.7477064220183486,0.7583333333333333,inf,inf,-1.9416695656825662,2,audits/paper_extras/v4_runs/v2/bench2_seed707_det.json,True
707,det,flat_pit0.30_cit0,8,222.63753708715214,275.3527435846361,281.7400389083009,668.9205476745609,847.4381220161198,0.7372816595063242,0.6750762841190683,0.6675391021612057,0.21065558617643024,0.9291666666666667,0.6662917371846038,0.6322869955156951,0.7833333333333333,inf,inf,-3.4445991246383305,4,audits/paper_extras/v4_runs/v2/bench2_seed707_det.json,True
707,det,flat_pit0.30_cit0,9,211.95052322843762,251.7761953060878,243.72955863533002,611.3498720135095,802.4143497437515,0.735859006888245,0.6862267039634925,0.6962547358317255,0.23811199013484466,0.9208333333333333,0.6818821181564428,0.7149321266968326,0.7916666666666666,inf,inf,-4.881643572822501,11,audits/paper_extras/v4_runs/v2/bench2_seed707_det.json,True
707,det,flat_pit0.50_cit0,0,140.23423806926056,121.67260991209997,150.8276520290304,409.7868714354367,687.6334755703981,0.7960625201486373,0.8230560113275878,0.7806569089675026,0.4040620679563123,0.9333333333333333,0.7136243842359754,0.96875,0.8958333333333334,0.04993327581454437,0.12578153738944395,-9.787605577670284,45,audits/paper_extras/v4_runs/v2/bench2_seed707_det.json,True
707,det,flat_pit0.50_cit0,1,188.31115595691398,208.21669138781408,232.67768804956012,496.98095695823537,749.8095858986021,0.7488546965810869,0.7223072426604432,0.68968429795318,0.33719044634160916,0.9416666666666667,0.7516716199016578,0.6814159292035398,0.8916666666666667,inf,inf,-8.098617427808286,49,audits/paper_extras/v4_runs/v2/bench2_seed707_det.json,True
707,det,flat_pit0.50_cit0,2,148.37660676862544,141.67004063643788,177.98415543424807,466.31016376810345,767.0768103525584,0.8065687754262449,0.8153117931288726,0.7679708824042741,0.39209456279380767,0.9333333333333333,0.7267668208950222,0.8883928571428571,0.8958333333333334,0.08759155622962844,inf,-7.037196202083291,40,audits/paper_extras/v4_runs/v2/bench2_seed707_det.json,True
707,det,flat_pit0.50_cit0,3,151.47665012319538,177.06431258636,204.01595717518916,516.2956537301999,750.0604652996049,0.798047414667177,0.7639332816779868,0.7280006524624694,0.3116612891682402,0.9333333333333333,0.7457557430188027,0.6517857142857143,0.8833333333333333,inf,inf,-9.24103122656626,62,audits/paper_extras/v4_runs/v2/bench2_seed707_det.json,True
707,det,flat_pit0.50_cit0,4,117.97360779741088,100.67782657245196,153.53598368357692,351.0640943107806,587.8165498453687,0.7993019968076008,0.8287257706525338,0.7388028905889666,0.4027658894545727,0.9416666666666667,0.7720500385873201,0.8584070796460177,0.9041666666666667,0.10147446281636713,0.4335751056643544,-12.26634868327424,42,audits/paper_extras/v4_runs/v2/bench2_seed707_det.json,True
707,det,flat_pit0.50_cit0,5,137.24733818810512,119.5764806348874,151.08096833486667,399.5446104031854,694.4811653321245,0.8023742830772541,0.8278189724876097,0.7824549089641407,0.424686182508478,0.9375,0.7270261190655364,0.9511111111111111,0.9,0.048749581469635234,0.1193082783434353,-9.131371288889287,50,audits/paper_extras/v4_runs/v2/bench2_seed707_det.json,True
707,det,flat_pit0.50_cit0,6,141.1637857732533,124.99714997919664,156.12836840974185,426.0383830004402,680.4832856829569,0.7925536324796334,0.8163112120325702,0.7705625227031904,0.37391793161700776,0.9333333333333333,0.7136581162652257,0.9017857142857143,0.8916666666666667,0.06215989685912376,0.1556173305225696,-10.50403787253614,49,audits/paper_extras/v4_runs/v2/bench2_seed707_det.json,True
707,det,flat_pit0.50_cit0,7,161.26040341665416,155.82351837683203,199.06070240917055,458.4318205312812,726.4077518667102,0.7780029150263748,0.7854875337213852,0.7259656138062572,0.36890566028072946,0.9291666666666667,0.7238067950093169,0.8071748878923767,0.8791666666666667,0.46187819408629094,inf,-6.7301128221158715,46,audits/paper_extras/v4_runs/v2/bench2_seed707_det.json,True
707,det,flat_pit0.50_cit0,8,131.5313859492868,118.3170188425104,154.75409063274918,403.39822666921515,676.6790500642115,0.805622198682218,0.8251504626435782,0.7713035587283746,0.4038558950052675,0.9416666666666667,0.7278224625924304,0.8761061946902655,0.8916666666666667,0.05125479435876605,0.11974115331951497,-7.019081442039264,45,audits/paper_extras/v4_runs/v2/bench2_seed707_det.json,True
707,det,flat_pit0.50_cit0,9,115.01018173394368,101.55002904344607,141.10118302112664,368.3382283371912,622.0059118634379,0.815097928266646,0.83673783945362,0.7731513795449173,0.4078219815729657,0.9375,0.7553384276478032,0.8844444444444445,0.8958333333333334,0.056876021638339526,0.13581828047829922,-9.29841881608171,51,audits/paper_extras/v4_runs/v2/bench2_seed707_det.json,True
707,det,flat_pit0_cit0.10,0,333.06502809344556,325.7863051248411,325.8847589913355,698.6605215342291,867.1040119347905,0.6158880324515287,0.624282322950039,0.6241687796321218,0.19425984435789806,0.0,0.0,nan,0.0,0.0,0.0,0.010864439241218049,0,audits/paper_extras/v4_runs/v2/bench2_seed707_det.json,True
707,det,flat_pit0_cit0.10,1,425.6811719512116,419.27488227580943,419.30324991396657,771.3723393070252,923.6261218577288,0.539119604916521,0.5460556253730634,0.5460249120384296,0.16484352158043022,0.0,0.0,nan,0.0,0.0,0.0,0.0,0,audits/paper_extras/v4_runs/v2/bench2_seed707_det.json,True
707,det,flat_pit0_cit0.10,2,338.0525293402552,330.8435767700077,331.0044430524046,754.6845669345315,942.1511859675331,0.6411907829919087,0.648842370844918,0.6486716272479318,0.19897721493656514,0.0,0.0,nan,0.0,0.0,0.0,0.0,0,audits/paper_extras/v4_runs/v2/bench2_seed707_det.json,True
707,det,flat_pit0_cit0.10,3,417.0835811759374,410.95153770597506,411.1260077118053,766.8043349974728,910.9819570439158,0.5421604369318689,0.5488916827293823,0.5487001641109495,0.1582661664499824,0.0,0.0,nan,0.0,0.0,0.0,1.1423795243103996e-10,0,audits/paper_extras/v4_runs/v2/bench2_seed707_det.json,True
707,det,flat_pit0_cit0.10,4,414.7536364629812,409.56631220790865,409.5268304937224,750.7912990543269,861.4510348697951,0.5185406718726973,0.5245622842976642,0.5246081159382195,0.12845737173232835,0.0,0.0,nan,0.0,0.0,0.0,0.0,0,audits/paper_extras/v4_runs/v2/bench2_seed707_det.json,True
707,det,flat_pit0_cit0.10,5,383.96605901207215,377.7233246752475,377.714250790927,733.254906255436,876.2500169193646,0.5618076443958506,0.568932020106304,0.5689423754662415,0.16318985210026818,0.0,0.0,nan,0.0,0.0,0.0,0.0,0,audits/paper_extras/v4_runs/v2/bench2_seed707_det.json,True
707,det,flat_pit0_cit0.10,6,351.9572202800222,345.53393858223205,345.66766747740076,703.531668253994,843.9854495105653,0.5829818861401872,0.5905925406858492,0.5904340913959399,0.16641730178881844,0.0,0.0,nan,0.0,0.0,0.0,5.885165244023938e-09,0,audits/paper_extras/v4_runs/v2/bench2_seed707_det.json,True
707,det,flat_pit0_cit0.10,7,409.80853806329833,403.73113587750146,403.88584068616814,740.6242923730006,876.7262105327951,0.5325695375135943,0.5395014646224047,0.5393250072440258,0.15523879236721363,0.0,0.0,nan,0.0,0.0,0.0,2.988236813550316e-08,0,audits/paper_extras/v4_runs/v2/bench2_seed707_det.json,True
707,det,flat_pit0_cit0.10,8,423.61105679190746,418.03074931169675,418.03422149926274,737.0211255260094,861.4724655565568,0.5082709271291308,0.5147485659432809,0.5147445354168221,0.14446351451307868,0.0,0.0,nan,0.0,0.0,0.0,0.0,0,audits/paper_extras/v4_runs/v2/bench2_seed707_det.json,True
707,det,flat_pit0_cit0.10,9,383.0741825266215,377.5867940594982,377.7305169131943,713.782851206333,830.3318731206634,0.5386493100801957,0.5452579790290341,0.545084888174222,0.14036438403394103,0.0,0.0,nan,0.0,0.0,0.0,7.37587768639969e-11,0,audits/paper_extras/v4_runs/v2/bench2_seed707_det.json,True
707,det,flat_pit0_cit0.20,0,342.38870372220686,335.21116838774816,335.3281838905152,711.5211363367749,872.8325786554691,0.6077269431789197,0.6159502101719038,0.6158161460848972,0.18481372747014307,0.0,0.0,nan,0.0,0.0,0.0,0.000582927198367944,0,audits/paper_extras/v4_runs/v2/bench2_seed707_det.json,True
707,det,flat_pit0_cit0.20,1,455.88929345707646,449.8462764758117,449.8993551822638,796.1412290270326,941.315463308597,0.5156891486147619,0.5221089060890781,0.5220525182908096,0.15422484803478795,0.0,0.0,nan,0.0,0.0,0.0,2.169819879327406e-12,0,audits/paper_extras/v4_runs/v2/bench2_seed707_det.json,True
707,det,flat_pit0_cit0.20,2,379.84392729382176,373.1756985221664,373.3227501634482,753.3010594887476,918.0010644530407,0.5862271385054018,0.5934909958470361,0.5933308090597045,0.17941156207964093,0.0,0.0,nan,0.0,0.0,0.0,0.0,0,audits/paper_extras/v4_runs/v2/bench2_seed707_det.json,True
707,det,flat_pit0_cit0.20,3,385.00477159157543,378.4235277238209,379.00254211114134,746.0321310347477,892.3899764030772,0.5685689196741096,0.5759437715233889,0.5752949359216554,0.16400659939979215,0.0,0.0,nan,0.0,0.0,0.0,0.0,0,audits/paper_extras/v4_runs/v2/bench2_seed707_det.json,True
707,det,flat_pit0_cit0.20,4,390.0798841178066,384.7155519677803,384.53160380817945,726.2955428817148,837.1157296854649,0.5340191680971352,0.5404272810495007,0.5406470214665993,0.13238335259258513,0.004166666666666667,6.830601092896175e-05,1.0,0.0,1.2157018717093427e-19,7.41578141742699e-18,-8.881784197001252e-16,0,audits/paper_extras/v4_runs/v2/bench2_seed707_det.json,True
707,det,flat_pit0_cit0.20,5,369.29383350419135,362.738836805778,362.95198449331343,739.2267754796433,884.0831745233901,0.582286096889834,0.5897005539084818,0.5894594592991987,0.1638492884132072,0.0,0.0,nan,0.0,0.0,0.0,0.0,0,audits/paper_extras/v4_runs/v2/bench2_seed707_det.json,True
707,det,flat_pit0_cit0.20,6,386.07114166345,380.0288529353378,380.06251869330794,728.6652671497075,860.8306879270338,0.5515132684301162,0.5585324056575106,0.5584932972028025,0.15353242238098386,0.0,0.0,nan,0.0,0.0,0.0,5.399278801831997e-10,0,audits/paper_extras/v4_runs/v2/bench2_seed707_det.json,True
707,det,flat_pit0_cit0.20,7,339.99945286715894,332.37237017588245,332.56722875260556,715.1784907420155,886.526765179902,0.616481457502117,0.6250847879269223,0.6248649879339875,0.19328043006475384,0.0,0.0,nan,0.0,0.0,0.0,4.042565690864919e-06,0,audits/paper_extras/v4_runs/v2/bench2_seed707_det.json,True
707,det,flat_pit0_cit0.20,8,430.30430088607676,424.68802087409887,424.67029175917287,749.2913039265864,872.852797088545,0.5070138947582186,0.5134482901462053,0.5134686018356278,0.14156051693264401,0.0,0.0,nan,0.0,0.0,0.0,0.0,0,audits/paper_extras/v4_runs/v2/bench2_seed707_det.json,True
707,det,flat_pit0_cit0.20,9,392.01958126110935,386.4115857270419,386.5456169448743,741.3168292186666,859.2807715620964,0.5437817367326253,0.5503081198656642,0.5501521391638166,0.1372821855759461,0.0,0.0,nan,0.0,0.0,0.0,1.2292433737570718e-10,0,audits/paper_extras/v4_runs/v2/bench2_seed707_det.json,True
707,det,flat_pit0_cit0.30,0,363.2251947966205,356.20031795299695,356.2746209214642,735.230122462062,893.8358175080201,0.5936332068127698,0.601492454233855,0.6014093260272965,0.1774438794454945,0.0,0.0,nan,0.0,0.0,0.0,0.0,0,audits/paper_extras/v4_runs/v2/bench2_seed707_det.json,True
707,det,flat_pit0_cit0.30,1,414.9525969858478,408.2229180540497,408.39092871373157,784.7882797695187,942.4768437963429,0.5597211754143493,0.5668615937451494,0.5666833287184936,0.16731293194604865,0.0,0.0,nan,0.0,0.0,0.0,0.0,0,audits/paper_extras/v4_runs/v2/bench2_seed707_det.json,True
707,det,flat_pit0_cit0.30,2,350.5335215908783,343.4573205005776,343.3719085189987,759.1359173392698,929.3479009737874,0.6228177615470127,0.6304319188317993,0.6305238241145136,0.18315206119921984,0.0,0.0,nan,0.0,0.0,0.0,0.0,0,audits/paper_extras/v4_runs/v2/bench2_seed707_det.json,True
707,det,flat_pit0_cit0.30,3,424.3727970974579,418.3558356102963,418.3816663915757,759.7348745469234,893.5519842038391,0.5250720667633266,0.531805823269416,0.5317769152912165,0.14975861731888795,0.0,0.0,nan,0.0,0.0,0.0,0.0,0,audits/paper_extras/v4_runs/v2/bench2_seed707_det.json,True
707,det,flat_pit0_cit0.30,4,349.3883224604364,343.2823683617812,342.88982841569555,720.3159247989341,845.945632592127,0.586984897138308,0.5942028008231411,0.5946668258514197,0.1485080162991578,0.008333333333333333,0.0001366120218579235,1.0,0.0,1.1987567721599267e-19,7.312416310175552e-18,-8.881784197001252e-16,0,audits/paper_extras/v4_runs/v2/bench2_seed707_det.json,True
707,det,flat_pit0_cit0.30,5,402.18513668812636,395.85565958095054,396.0532177233316,793.0940507229143,938.5613080528931,0.5714876234111059,0.5782314312506883,0.5780209408536455,0.1549896166418368,0.0,0.0,nan,0.0,0.0,0.0,0.0,0,audits/paper_extras/v4_runs/v2/bench2_seed707_det.json,True
707,det,flat_pit0_cit0.30,6,438.20899064782327,432.65152827031056,432.796542283854,756.1310724380374,878.9618898801207,0.5014471097175903,0.5077698666442537,0.5076048833665792,0.13974532781943,0.0,0.0,nan,0.0,0.0,0.0,3.6174396811361476e-09,0,audits/paper_extras/v4_runs/v2/bench2_seed707_det.json,True
707,det,flat_pit0_cit0.30,7,323.1762914468893,315.2092535999401,315.38576618160437,732.0060700398838,906.0719827326411,0.6433216150529064,0.6521145564513605,0.6519197456802207,0.19211046805330906,0.0,0.0,nan,0.0,0.0,0.0,0.03261221667261238,0,audits/paper_extras/v4_runs/v2/bench2_seed707_det.json,True
707,det,flat_pit0_cit0.30,8,401.03278724449706,394.8780950193232,394.5660661420495,744.0757994224784,878.7348900600757,0.5436248272592431,0.5506288648760413,0.5509839536301164,0.1532419984238832,0.0,0.0,nan,0.0,0.0,0.0,0.0,0,audits/paper_extras/v4_runs/v2/bench2_seed707_det.json,True
707,det,flat_pit0_cit0.30,9,319.68881782049493,313.35515152016916,313.52023422827955,695.5986808169387,819.8304944731899,0.6100549809068496,0.6177805611859727,0.6175791991858723,0.151533535887904,0.0,0.0,nan,0.0,0.0,0.0,2.4384722463466346e-08,0,audits/paper_extras/v4_runs/v2/bench2_seed707_det.json,True
707,det,flat_pit0_cit0.50,0,421.8035766472126,415.32111912060014,415.4182628848589,761.8772736006366,903.9855316557839,0.5333956552660565,0.5405666301319251,0.540459168495807,0.15720191648958676,0.0,0.0,nan,0.0,0.0,0.0,0.0,0,audits/paper_extras/v4_runs/v2/bench2_seed707_det.json,True
707,det,flat_pit0_cit0.50,1,420.2591870668126,413.7293770737223,413.66222494472004,790.8438717893807,934.6089843610152,0.5503368851582991,0.5573235609792626,0.5573954114858658,0.1538238075786588,0.004166666666666667,7.575757575757576e-05,1.0,0.0,1.2011876566142242e-19,6.6065321113782335e-18,-8.881784197001252e-16,0,audits/paper_extras/v4_runs/v2/bench2_seed707_det.json,True
707,det,flat_pit0_cit0.50,2,333.8658077504339,326.25080188207596,326.1861527135141,765.8431068265924,949.2438541142277,0.6482823604246818,0.6563045412745792,0.6563726472394286,0.19320720012327391,0.0,0.0,nan,0.0,0.0,0.0,0.0,0,audits/paper_extras/v4_runs/v2/bench2_seed707_det.json,True
707,det,flat_pit0_cit0.50,3,365.51824852681375,358.3064080719861,358.2539506422991,793.9103556274412,950.9277706086967,0.615619335322553,0.6232033397840183,0.6232585042573972,0.16512023292867706,0.0,0.0,nan,0.0,0.0,0.0,0.0,0,audits/paper_extras/v4_runs/v2/bench2_seed707_det.json,True
707,det,flat_pit0_cit0.50,4,373.05044443106425,366.8151100631229,365.9158055346706,740.720262517038,868.1807431163264,0.5703078565276589,0.5774899259497007,0.5785257753803438,0.14681330081311203,0.0125,0.00020068617724867724,1.0,0.0,1.2086729895146246e-19,7.543718681638328e-18,-8.881784197001252e-16,0,audits/paper_extras/v4_runs/v2/bench2_seed707_det.json,True
707,det,flat_pit0_cit0.50,5,428.06318539624255,422.1216811707706,422.0116567973763,783.1478161970266,915.3540436412507,0.5323523303688918,0.538843266053009,0.5389634647609938,0.14443179484771992,0.0,0.0,nan,0.0,0.0,0.0,0.0,0,audits/paper_extras/v4_runs/v2/bench2_seed707_det.json,True
707,det,flat_pit0_cit0.50,6,385.7567026776425,379.45836609040504,379.5039599002318,748.6441181672725,879.9860686601975,0.5616331707785244,0.5687904847537636,0.5687386727859944,0.14925457932862116,0.0,0.0,nan,0.0,0.0,0.0,4.570149103599874e-08,0,audits/paper_extras/v4_runs/v2/bench2_seed707_det.json,True
707,det,flat_pit0_cit0.50,7,361.1548005523539,353.67195634048727,353.75351490030107,753.4679023420374,911.8820827408053,0.6039457212857542,0.612151655313294,0.6120622155037424,0.17372222066544965,0.0,0.0,nan,0.0,0.0,0.0,0.0,0,audits/paper_extras/v4_runs/v2/bench2_seed707_det.json,True
707,det,flat_pit0_cit0.50,8,400.18833304483354,393.87572759329316,392.9321540870362,756.4263287354114,888.6366297945531,0.5496603227605479,0.5567640198622528,0.5578258413926966,0.14877881085062614,0.004166666666666667,7.575757575757576e-05,1.0,0.0,1.5652428436427767e-19,8.608835640035273e-18,-8.881784197001252e-16,0,audits/paper_extras/v4_runs/v2/bench2_seed707_det.json,True
707,det,flat_pit0_cit0.50,9,396.85953215151284,391.25812313908847,391.3152471400718,749.2499620347182,860.4476149795839,0.5387754870342348,0.5452853650499433,0.5452189763471462,0.1292323332751688,0.0,0.0,nan,0.0,0.0,0.0,3.0215334678729278e-09,0,audits/paper_extras/v4_runs/v2/bench2_seed707_det.json,True
707,exp,rl_learned,0,326.16778342765735,318.8192179684468,318.0007681441586,710.9460348365077,879.7813682748715,0.62926268367421,0.6376154014336461,0.6385456891776263,0.19190601156901785,0.07083333333333333,0.0012793764531930324,1.0,0.0,3.580313575439774e-05,0.001651024369884507,-0.8211851985768811,0,audits/paper_extras/v4_runs/v2/bench2_seed707_exp.json,True
707,exp,rl_learned,1,348.43093992009364,340.57247146725933,340.5799734589958,717.7188884402365,915.8202897470342,0.6195422357192627,0.6281230332193978,0.6281148416649842,0.21631034333331572,0.03333333333333333,0.0004451246910618508,1.0,0.0,1.1296746438076266e-06,6.326235178022589e-05,-0.034232852707693606,0,audits/paper_extras/v4_runs/v2/bench2_seed707_exp.json,True
707,exp,rl_learned,2,368.4373945054244,361.26704831343574,359.51184280969153,762.3635743183647,953.38711211635,0.6135490087677409,0.6210699266623323,0.6229109474622128,0.20036303760593846,0.041666666666666664,0.0004092712820709758,1.0,0.0,7.321200670402395e-06,0.0004319824658569508,-0.3958935929793857,0,audits/paper_extras/v4_runs/v2/bench2_seed707_exp.json,True
707,exp,rl_learned,3,414.0666593525439,407.5264661226476,407.1006757862753,747.0236173921763,907.3624417351474,0.5436590271901435,0.5508669442573184,0.5513362058409895,0.1767086854910541,0.029166666666666667,0.000767906186584852,1.0,0.0,0.00021856452409623094,0.006189207238479413,-0.2737010033476413,0,audits/paper_extras/v4_runs/v2/bench2_seed707_exp.json,True
707,exp,rl_learned,4,342.44305405246587,335.4950616416406,334.5859995265541,692.025130760398,857.8301125614603,0.6008031788136475,0.6089026757992205,0.609962398583225,0.19328417057542147,0.09583333333333334,0.0017378016047776218,1.0,0.0,3.224468221014099e-05,0.0017643868077185825,-1.8759535368569702,2,audits/paper_extras/v4_runs/v2/bench2_seed707_exp.json,True
707,exp,rl_learned,5,423.9359059038077,417.93100537743265,417.4566653821991,761.9967409588539,907.282027610535,0.5327407652719549,0.5393593252606167,0.5398821395353387,0.1601324419864371,0.06666666666666667,0.0012940150107197035,1.0,0.0,4.2635508111465135e-05,0.001395326243973224,-1.0770978122949602,0,audits/paper_extras/v4_runs/v2/bench2_seed707_exp.json,True
707,exp,rl_learned,6,317.99430897857803,310.2752439432834,309.8613291259632,690.065129887904,872.6838341369549,0.6356133842068243,0.6444585864820888,0.6449328874845011,0.20926101424767724,0.0875,0.0016061433405082002,1.0,0.0,4.846587416389715e-05,0.002784118222170874,-1.6645578324794776,0,audits/paper_extras/v4_runs/v2/bench2_seed707_exp.json,True
707,exp,rl_learned,7,424.13049165360496,417.6984878614662,417.73508061027974,751.2302942968718,908.9470526387345,0.5333826206682495,0.5404589446119448,0.5404186862176772,0.17351589169468162,0.0125,0.0001339485800431895,1.0,0.0,7.99444577745312e-05,0.008075373311245311,-0.012699764390688983,0,audits/paper_extras/v4_runs/v2/bench2_seed707_exp.json,True
707,exp,rl_learned,8,407.44986671047224,401.2983631592398,400.51895775037997,728.4444572406713,872.6269245431082,0.5330766731455076,0.540126081521777,0.5410192529183253,0.1652280754205793,0.008333333333333333,8.250825082508251e-05,1.0,0.0,0.0003452580362729455,0.03488388389120102,-0.0318920761346817,0,audits/paper_extras/v4_runs/v2/bench2_seed707_exp.json,True
707,exp,rl_learned,9,360.1640941426032,353.8978746471849,353.6009468414217,704.9300866801461,843.3466815266346,0.5729347111550489,0.5803648933478277,0.5807169760823274,0.16412775182315928,0.05416666666666667,0.0011339914123075228,1.0,0.0,0.00024037327956159482,0.005783687849191175,-1.0568314441727673,0,audits/paper_extras/v4_runs/v2/bench2_seed707_exp.json,True
707,exp,free_market,0,352.48663987875494,345.66602704102746,345.75376536977774,696.8006218084362,860.1517314620654,0.5902041151744163,0.598133661309415,0.5980316579935568,0.18990964463440527,0.0,0.0,nan,0.0,0.0,0.0,8.18539767744042e-07,0,audits/paper_extras/v4_runs/v2/bench2_seed707_exp.json,True
707,exp,free_market,1,369.1240448778099,361.7601282474427,361.2709099658796,726.3235441048683,917.6770732947583,0.5977625946864566,0.6057871131632323,0.6063202182127098,0.20851946153876189,0.0,0.0,nan,0.0,0.0,0.0,1.4282444560365093e-08,0,audits/paper_extras/v4_runs/v2/bench2_seed707_exp.json,True
707,exp,free_market,2,357.5614340475365,350.9473927567812,350.53800611503397,722.9693571861848,895.0208371395871,0.6004993188870625,0.6078891371083827,0.6083465417013926,0.1922318149633976,0.0,0.0,nan,0.0,0.0,0.0,0.0,0,audits/paper_extras/v4_runs/v2/bench2_seed707_exp.json,True
707,exp,free_market,3,343.6816675872748,336.3201338892439,335.4309844996628,693.3048679315708,877.5066676823724,0.6083429559629558,0.6167321044095128,0.61774537236784,0.20991498587390384,0.0,0.0,nan,0.0,0.0,0.0,0.0,0,audits/paper_extras/v4_runs/v2/bench2_seed707_exp.json,True
707,exp,free_market,4,293.99877369198543,286.7803743313515,286.65039511780884,642.9206820895637,814.9458836444841,0.6392413538219173,0.6480988736959399,0.6482583679840285,0.21108788326608138,0.0,0.0,nan,0.0,0.0,0.0,0.0,0,audits/paper_extras/v4_runs/v2/bench2_seed707_exp.json,True
707,exp,free_market,5,382.26308227779685,375.78338434690335,375.62708996754264,724.8478669237314,883.5336082209212,0.5673474345276804,0.5746812788439606,0.5748581757700157,0.17960351459263518,0.0,0.0,nan,0.0,0.0,0.0,0.0,0,audits/paper_extras/v4_runs/v2/bench2_seed707_exp.json,True
707,exp,free_market,6,398.02711129911063,392.20270043767687,390.9218239027015,722.4344593873722,861.323482239306,0.5378889354504738,0.5446510997029695,0.5461382024714269,0.16125070976916153,0.0,0.0,nan,0.0,0.0,0.0,4.972395828417575e-10,0,audits/paper_extras/v4_runs/v2/bench2_seed707_exp.json,True
707,exp,free_market,7,393.18115856234505,386.52784878896466,384.71977978307314,730.8570661921536,896.1668158372433,0.5612634259448496,0.5686876126652255,0.5707051711977876,0.18446314539179767,0.0,0.0,nan,0.0,0.0,0.0,1.0376315540128189e-07,0,audits/paper_extras/v4_runs/v2/bench2_seed707_exp.json,True
707,exp,free_market,8,365.6339063882383,359.19934663420906,357.64704872443366,713.4151169123024,865.8924245593787,0.5777374925363319,0.5851686232074468,0.5869613377130222,0.17609266846821814,0.0,0.0,nan,0.0,0.0,0.0,4.4583274849685495e-09,0,audits/paper_extras/v4_runs/v2/bench2_seed707_exp.json,True
707,exp,free_market,9,304.23713876331897,297.37806930781096,296.9942781296113,656.7743298531254,812.435539383065,0.6255245813171271,0.6339671827581184,0.6344395786093524,0.19159822777834556,0.0,0.0,nan,0.0,0.0,0.0,0.0,0,audits/paper_extras/v4_runs/v2/bench2_seed707_exp.json,True
707,exp,us_federal,0,303.2657887668735,270.0034669610976,252.477377334803,709.430267821913,864.3551935254208,0.6491421685916503,0.6876244060502,0.7079008962680831,0.17923757138731347,0.8333333333333334,0.1216898949489706,1.0,0.0,0.027687067267826913,0.13307842390104813,-0.9478692803959439,0,audits/paper_extras/v4_runs/v2/bench2_seed707_exp.json,True
707,exp,us_federal,1,306.03807279454344,276.9668747278032,267.73516508115557,726.9973307594119,919.4010758103936,0.6671332230878778,0.6987529359983895,0.70879393974478,0.20927074169604393,0.7416666666666667,0.07628317353710536,1.0,0.0,0.014621946914311157,0.08895165148742207,-0.3222626761202395,0,audits/paper_extras/v4_runs/v2/bench2_seed707_exp.json,True
707,exp,us_federal,2,300.897763337765,278.35838629497783,269.5043811860737,755.2388119166809,978.3949492984866,0.6924577712165113,0.7154948658570223,0.7245443863142287,0.22808390164095757,0.8166666666666667,0.16853197516994384,1.0,0.0,0.018288030093561586,0.06476945169139643,-1.1814280089948772,0,audits/paper_extras/v4_runs/v2/bench2_seed707_exp.json,True
707,exp,us_federal,3,312.8324775666164,286.80981086331394,274.2849793127947,708.9720609250162,901.9193661689576,0.6531480647816436,0.6820006071256868,0.6958874710963767,0.21392966209774938,0.775,0.0663851088416655,1.0,0.0,0.009158735067331506,0.0741232257125543,-0.5432435435436807,0,audits/paper_extras/v4_runs/v2/bench2_seed707_exp.json,True
707,exp,us_federal,4,254.6046305963082,228.25793497295973,214.31266426795042,656.3627263807439,821.8695956362644,0.6902128610814449,0.7222698878448595,0.7392376291739609,0.20137850351720407,0.9,0.12708872267180515,1.0,0.0,0.021048759356464393,0.09492491368269597,-0.8259900267217944,0,audits/paper_extras/v4_runs/v2/bench2_seed707_exp.json,True
707,exp,us_federal,5,315.04742938890973,283.4079906707314,266.6166496240175,710.6223105849177,866.5367408412254,0.6364292308216906,0.6729417492493144,0.6923192785049268,0.17992823951693895,0.8666666666666667,0.11989880679346052,1.0,0.0,0.02134201532568469,0.10684329553771837,-0.7299790745396244,0,audits/paper_extras/v4_runs/v2/bench2_seed707_exp.json,True
707,exp,us_federal,6,321.6283042355797,286.7942919150936,263.16778801374477,699.2525593960324,832.889281364544,0.6138402649285536,0.6556633656694068,0.684030286015219,0.16044956389590107,0.9083333333333333,0.13806571227059122,1.0,0.0,0.03645400526906897,0.16155860954063955,-0.9892120163898329,0,audits/paper_extras/v4_runs/v2/bench2_seed707_exp.json,True
707,exp,us_federal,7,356.0064506137036,325.6342301972428,312.878713787403,737.1789915236374,891.9339674610372,0.6008600820225459,0.6349121772722849,0.6492131422261698,0.17350496963124146,0.7291666666666666,0.0731535964451901,1.0,0.0,0.019360067982337602,0.12517504324637557,-0.6300000093877318,0,audits/paper_extras/v4_runs/v2/bench2_seed707_exp.json,True
707,exp,us_federal,8,326.09897529318624,292.62711410378944,273.0906243400801,709.2588373412214,856.0468782408888,0.6190641148493002,0.6581646151141677,0.680986367357287,0.1714719656490141,0.7208333333333333,0.10519422804147774,1.0,0.0,0.03109793538857159,0.15802886283496934,-0.9278899369911708,0,audits/paper_extras/v4_runs/v2/bench2_seed707_exp.json,True
707,exp,us_federal,9,254.53032852909422,228.23803931178549,220.90585620869936,656.8516083467455,790.5303534550754,0.6780258627430948,0.7112849135845916,0.7205599313888292,0.1691000788572842,0.7958333333333333,0.14897448063376947,1.0,0.14166666666666666,0.07525837745865216,0.2706373405813697,-0.5762188413492549,0,audits/paper_extras/v4_runs/v2/bench2_seed707_exp.json,True
707,exp,saez,0,258.00510273442103,269.0847884395946,279.39969141409796,457.18857230852177,584.7370843326106,0.5587673338199594,0.53981918429765,0.5221789434939111,0.21812967817778525,0.95,0.7836335510659538,0.39035087719298245,0.9041666666666667,inf,inf,-31.170610989604562,23,audits/paper_extras/v4_runs/v2/bench2_seed707_exp.json,True
707,exp,saez,1,243.70222766974013,212.46656232161743,216.24177727139974,529.6690028382667,755.7999730264387,0.6775572421709849,0.7188851946225392,0.7138902024493253,0.2991942025119148,0.9458333333333333,0.7131283737280121,0.8061674008810573,0.9041666666666667,inf,inf,-28.613828447388983,34,audits/paper_extras/v4_runs/v2/bench2_seed707_exp.json,True
707,exp,saez,2,303.07302547441924,284.5301925080133,267.80820643301934,595.2198095088281,821.6317388668448,0.6311327677136681,0.6537010694104591,0.6740532360612461,0.275563757639491,0.9458333333333333,0.653545971159589,0.47577092511013214,0.875,2.686188253835762,inf,-22.79776732387623,40,audits/paper_extras/v4_runs/v2/bench2_seed707_exp.json,True
707,exp,saez,3,311.6717462710817,335.32040402501696,297.11164636858643,541.9758011692575,696.9897087576192,0.5528316381792278,0.5189019295238606,0.5737216164953332,0.2224048728993048,0.9541666666666667,0.7415185370399714,0.5589519650655022,0.8541666666666666,24.933593992285708,inf,-34.89085710850737,39,audits/paper_extras/v4_runs/v2/bench2_seed707_exp.json,True
707,exp,saez,4,137.79647724184193,116.05547812776177,182.29120653945225,435.9758358064412,650.4751128397882,0.7881602623653625,0.8215835228175037,0.7197568316739729,0.329757853604736,0.95,0.7621683174748574,0.6842105263157895,0.8791666666666667,0.2485793894002281,inf,-15.18147155261882,35,audits/paper_extras/v4_runs/v2/bench2_seed707_exp.json,True
707,exp,saez,5,280.2997191675363,328.53843252786294,297.5183089640177,458.27560673278526,567.6622099472092,0.5062209281227241,0.42124307947429523,0.4758884707303558,0.19269664476096907,0.9458333333333333,0.8022777387291318,0.32599118942731276,0.9,inf,inf,-39.02498508183082,30,audits/paper_extras/v4_runs/v2/bench2_seed707_exp.json,True
707,exp,saez,6,264.9105868909149,283.5995545883706,267.6430104278557,480.9935898161865,636.045453664577,0.5835036861522521,0.5541206167665986,0.5792077297529131,0.24377481665038075,0.9458333333333333,0.7600170123156599,0.4845814977973568,0.8791666666666667,inf,inf,-38.529496916779394,35,audits/paper_extras/v4_runs/v2/bench2_seed707_exp.json,True
707,exp,saez,7,330.9655838363913,380.77958948916665,340.12075163356093,553.1683923678302,669.8995579004284,0.5059474514751285,0.4315870416714554,0.4922809731364007,0.17425174290075995,0.9458333333333333,0.7942254145141507,0.4052863436123348,0.875,inf,inf,-29.625450180153347,30,audits/paper_extras/v4_runs/v2/bench2_seed707_exp.json,True
707,exp,saez,8,295.53913030363515,349.4676691229198,314.48082835653366,513.6844890063506,649.4197878922031,0.5449181934186896,0.4618770853022918,0.5157510839371987,0.20901010627717906,0.95,0.7537869936340698,0.44298245614035087,0.8458333333333333,inf,inf,-29.732950965788625,29,audits/paper_extras/v4_runs/v2/bench2_seed707_exp.json,True
707,exp,saez,9,269.7734589101998,274.2506720008982,265.8028693454607,528.1727173772432,703.8553364498063,0.6167203046709613,0.6103593198792836,0.6223615058654659,0.2496004647186353,0.9541666666666667,0.756118285913516,0.5982532751091703,0.8875,inf,inf,-27.022646289435052,27,audits/paper_extras/v4_runs/v2/bench2_seed707_exp.json,True
707,exp,free_market+rl_aux,0,353.44473576729956,346.61558634019633,346.8097598872176,697.9879057070749,862.0646246943305,0.5900020420248384,0.5979238952496181,0.5976986528008978,0.19032995240401343,0.0,0.0,nan,0.0,0.0,0.0,8.037651448855598e-07,0,audits/paper_extras/v4_runs/v2/bench2_seed707_exp.json,True
707,exp,free_market+rl_aux,1,368.94983071984143,361.5895036238828,361.1476376131535,725.9448242997969,917.2284708456283,0.5977558019108452,0.6057803315999126,0.6062620720002317,0.2085452563083652,0.0,0.0,nan,0.0,0.0,0.0,1.3596392900439014e-08,0,audits/paper_extras/v4_runs/v2/bench2_seed707_exp.json,True
707,exp,free_market+rl_aux,2,357.36611114199854,350.75701620902163,350.42478011324715,722.5992613277233,894.4154959794272,0.6004473169925731,0.6078366063806552,0.6082080624849691,0.19209890193545565,0.0,0.0,nan,0.0,0.0,0.0,0.0,0,audits/paper_extras/v4_runs/v2/bench2_seed707_exp.json,True
707,exp,free_market+rl_aux,3,343.63830154276974,336.28101509964034,335.44403786319936,693.1569330161169,877.1337806894504,0.6082258954014279,0.6166137680442377,0.617567986493997,0.20974776222701502,0.0,0.0,nan,0.0,0.0,0.0,0.0,0,audits/paper_extras/v4_runs/v2/bench2_seed707_exp.json,True
707,exp,free_market+rl_aux,4,293.25525591711704,286.0326532748849,285.89691564656624,642.5571775307072,814.6597314830688,0.6400273088455559,0.6488930995101854,0.6490597183119661,0.2112569792041309,0.0,0.0,nan,0.0,0.0,0.0,0.0,0,audits/paper_extras/v4_runs/v2/bench2_seed707_exp.json,True
707,exp,free_market+rl_aux,5,381.7924083282377,375.3282390550073,375.20502828151916,723.4304653162268,881.3911458302804,0.5668297666314938,0.5741638195134762,0.5743036107674172,0.1792174578350828,0.0,0.0,nan,0.0,0.0,0.0,0.0,0,audits/paper_extras/v4_runs/v2/bench2_seed707_exp.json,True
707,exp,free_market+rl_aux,6,396.3748280569732,390.57273008109286,390.0877739750922,716.6494675559109,854.6940288489791,0.536237747453585,0.5430262563000713,0.5435936594755137,0.16151342659895915,0.0,0.0,nan,0.0,0.0,0.0,6.217468762059752e-10,0,audits/paper_extras/v4_runs/v2/bench2_seed707_exp.json,True
707,exp,free_market+rl_aux,7,393.11946262141106,386.47104568722256,384.9530798714312,730.6006208218217,895.6934503789412,0.561100438486969,0.5685230861923595,0.5702178242918166,0.18431845123716564,0.0,0.0,nan,0.0,0.0,0.0,1.0128571004131004e-07,0,audits/paper_extras/v4_runs/v2/bench2_seed707_exp.json,True
707,exp,free_market+rl_aux,8,366.1298666400582,359.70237144790104,358.39463870403887,713.3583211354514,865.6934965785093,0.5770675555642758,0.5844922332562772,0.5860028519094503,0.17596894980167235,0.0,0.0,nan,0.0,0.0,0.0,4.420179999797824e-09,0,audits/paper_extras/v4_runs/v2/bench2_seed707_exp.json,True
707,exp,free_market+rl_aux,9,296.4311290655418,289.5859295231813,289.14079485918944,642.8618373466,796.5693570622004,0.6278652619041246,0.6364586122278253,0.6370174269249328,0.19296187877786777,0.0,0.0,nan,0.0,0.0,0.0,0.0,0,audits/paper_extras/v4_runs/v2/bench2_seed707_exp.json,True
707,exp,us_federal+rl_aux,0,238.28379317723437,215.89764938587032,214.48473681676313,700.8763482648872,876.8615641633146,0.7282538054857035,0.7537836550152863,0.7553949841313656,0.20069897357897,0.7833333333333333,0.10297265218068076,1.0,0.0,0.00776678848482814,0.046186599701536095,-1.0660225204530733,0,audits/paper_extras/v4_runs/v2/bench2_seed707_exp.json,True
707,exp,us_federal+rl_aux,1,352.1932036299756,320.55640072517275,308.0503512661972,735.1059331575291,914.020821184276,0.6146770451315903,0.6492898265601487,0.662972282330436,0.19574487132025167,0.675,0.05766018401062228,1.0,0.0,0.01311904228377319,0.11414714835062086,-0.3220102157425713,0,audits/paper_extras/v4_runs/v2/bench2_seed707_exp.json,True
707,exp,us_federal+rl_aux,2,299.1033014944622,273.9909721152632,267.232782621976,790.5090713908913,991.3243217992426,0.6982790647650075,0.7236111673140707,0.7304285018076108,0.20257270601802027,0.8333333333333334,0.14982822615990468,1.0,0.0,0.01633802774646463,0.06451450257789448,-0.6300000093877318,0,audits/paper_extras/v4_runs/v2/bench2_seed707_exp.json,True
707,exp,us_federal+rl_aux,3,350.347168077854,321.34123109275714,310.3614140323356,728.7118565056754,919.7403153457847,0.6190803401434699,0.6506174343657579,0.6625553878045974,0.20769825531491506,0.7375,0.06968503129922965,1.0,0.0,0.009942745560571826,0.08747027469977439,-0.4386326085225509,0,audits/paper_extras/v4_runs/v2/bench2_seed707_exp.json,True
707,exp,us_federal+rl_aux,4,210.00002454833736,188.86232043663597,180.70282920821705,655.6739162352499,827.8179161046426,0.7463209958821527,0.7718552392229666,0.7817118647799659,0.2079491111758353,0.9291666666666667,0.17757816218927666,1.0,0.0,0.024148014557174267,0.08600006390866269,-0.9220726337590119,0,audits/paper_extras/v4_runs/v2/bench2_seed707_exp.json,True
707,exp,us_federal+rl_aux,5,231.00855045786332,210.6320072010588,209.01421151903304,694.4425814411201,882.6716459948376,0.7382848406810448,0.7613699180699742,0.763202757823428,0.21324924778972493,0.85,0.09092170757764233,1.0,0.0,0.004344514785518415,0.030255137958875328,-1.0303229476884694,0,audits/paper_extras/v4_runs/v2/bench2_seed707_exp.json,True
707,exp,us_federal+rl_aux,6,295.95104700417556,268.3147062406136,251.85648216089754,686.9678564416256,852.5368748420049,0.6528583622156845,0.6852749550682619,0.7045799547291459,0.19420745692796343,0.7958333333333333,0.13370160599376626,1.0,0.0,0.02984755243853898,0.12704094984885497,-0.6300000093877318,0,audits/paper_extras/v4_runs/v2/bench2_seed707_exp.json,True
707,exp,us_federal+rl_aux,7,309.5820701167159,277.88108980966695,263.3409210405793,750.1336247856215,914.4960708186593,0.6614724983568522,0.6961374699391468,0.7120371213789516,0.1797300735102122,0.7625,0.08759280075879537,1.0,0.0,0.021211726984176827,0.11312352314800114,-0.6300000093877318,0,audits/paper_extras/v4_runs/v2/bench2_seed707_exp.json,True
707,exp,us_federal+rl_aux,8,206.39137338418726,187.7300659594738,187.3331469153657,683.3379293496097,871.9955283455655,0.7633114314522083,0.7847121231049734,0.785167307829213,0.21635156702454117,0.6625,0.0934621935617928,1.0,0.0,0.00602057612460814,0.03353403657131948,-0.44057248974966,0,audits/paper_extras/v4_runs/v2/bench2_seed707_exp.json,True
707,exp,us_federal+rl_aux,9,265.5073716055467,233.50960063090648,221.51937254953796,654.468653760496,802.8310770685148,0.6692861310563244,0.7091422999174976,0.724077232587456,0.18479905368107385,0.9166666666666666,0.15282391224655326,1.0,0.0,0.04516756724530143,0.18891491584921616,-1.4817257045359744,0,audits/paper_extras/v4_runs/v2/bench2_seed707_exp.json,True
707,exp,saez+rl_aux,0,156.96631768350363,105.48915648461099,142.9049448250537,420.2364317112665,692.1773248408109,0.7732281713799232,0.8475980753792076,0.7935428687180421,0.39287749449476145,0.95,0.6952057348392615,0.9868421052631579,0.9083333333333333,0.06340104356186692,0.2643642531882018,-28.44727199188707,41,audits/paper_extras/v4_runs/v2/bench2_seed707_exp.json,True
707,exp,saez+rl_aux,1,348.2729712884357,398.07169460107247,342.6948573893529,620.1416211106089,821.2031100068608,0.5758991082175443,0.5152579310156938,0.5826917199735279,0.24483770999670493,0.9416666666666667,0.769762333957786,0.4911504424778761,0.8958333333333334,inf,inf,-26.99502259441487,33,audits/paper_extras/v4_runs/v2/bench2_seed707_exp.json,True
707,exp,saez+rl_aux,2,219.64734845411286,152.16501914818284,171.73524252892423,633.3078757181243,967.595178379254,0.7729966484309816,0.8427389650669167,0.8225133337098837,0.345482604844176,0.9416666666666667,0.564725974176276,1.0,0.7791666666666667,0.07345643257015443,0.2694184366723811,-22.10851007162089,45,audits/paper_extras/v4_runs/v2/bench2_seed707_exp.json,True
707,exp,saez+rl_aux,3,180.7932724976707,150.09382384616478,186.8306275144456,541.4805069121393,819.8521842396459,0.7794806478861266,0.81692574987116,0.772116692367274,0.3395388616128118,0.95,0.6923702572968182,0.7807017543859649,0.8791666666666667,0.11359361255392107,0.4405552824526926,-28.58280277483458,40,audits/paper_extras/v4_runs/v2/bench2_seed707_exp.json,True
707,exp,saez+rl_aux,4,270.72114182111,328.93000541293435,293.1441057389715,531.214379389461,677.3742043512644,0.6003373909397903,0.5144042933728816,0.5672346188327,0.21577412311084948,0.95,0.7848910978580574,0.39035087719298245,0.8,inf,inf,-19.996023965635196,28,audits/paper_extras/v4_runs/v2/bench2_seed707_exp.json,True
707,exp,saez+rl_aux,5,233.94872646905927,270.65474179622504,274.2338723230612,567.7334786380553,754.48227789478,0.6899215086644014,0.6412709089053374,0.6365270857146551,0.24751913295804243,0.9458333333333333,0.7643852469539127,0.42731277533039647,0.9125,inf,inf,-41.960237890014774,26,audits/paper_extras/v4_runs/v2/bench2_seed707_exp.json,True
707,exp,saez+rl_aux,6,240.82542286840405,248.93216967743732,234.3611582150323,511.14289145669085,714.5129811984983,0.6629516478980519,0.6516058123116427,0.6719987398662466,0.2846275646394581,0.9458333333333333,0.7089365995571476,0.6696035242290749,0.8708333333333333,inf,inf,-33.759663617849114,41,audits/paper_extras/v4_runs/v2/bench2_seed707_exp.json,True
707,exp,saez+rl_aux,7,291.12351219867816,329.91863464398335,325.78400388875525,601.3331973286546,787.8296498064196,0.6304740342405099,0.5812309999692842,0.5864791278561238,0.23672179959663836,0.9416666666666667,0.7584596482155624,0.4646017699115044,0.8708333333333333,inf,inf,-30.905127570509165,31,audits/paper_extras/v4_runs/v2/bench2_seed707_exp.json,True
707,exp,saez+rl_aux,8,197.52551002582322,217.89340181391023,264.12658132105844,523.5270782046182,700.527637278757,0.7180332373564542,0.6889581649336054,0.6229605125258519,0.2526674889826023,0.95,0.7683978126787755,0.49122807017543857,0.8875,inf,inf,-26.744273400845312,30,audits/paper_extras/v4_runs/v2/bench2_seed707_exp.json,True
707,exp,saez+rl_aux,9,166.7359582362574,170.50835996847462,193.71537184135806,484.40970442574184,726.3698462426486,0.7704530837854217,0.7652595838738669,0.733310278719023,0.33310873664223994,0.95,0.7359867465952962,0.7105263157894737,0.8916666666666667,inf,inf,-29.72603447628298,33,audits/paper_extras/v4_runs/v2/bench2_seed707_exp.json,True
707,exp,rl_mean_fixed,0,391.13211093655826,384.22326560033986,383.32929399970504,735.0426416287628,879.500162048065,0.5552790916766395,0.5631345141476598,0.5641509683101616,0.1642495665753016,0.3375,0.011421971461601529,1.0,0.0,0.00026199719196574265,0.006975271110662003,-0.04267542483285086,0,audits/paper_extras/v4_runs/v2/bench2_seed707_exp.json,True
707,exp,rl_mean_fixed,1,407.27572600931774,399.78724921100587,399.85971128683326,769.8081551916916,948.404617324927,0.5705675419863719,0.5784634090683288,0.5783870048896653,0.1883125185925234,0.2125,0.005623858090698527,1.0,0.0,0.00017992891921892015,0.007236963722613991,-0.006810090612911514,0,audits/paper_extras/v4_runs/v2/bench2_seed707_exp.json,True
707,exp,rl_mean_fixed,2,297.5533610666854,289.15918694298347,288.9055200466436,699.5855367990217,897.2230656910956,0.6683618907662703,0.6777176178364791,0.6780003422848798,0.220276914905037,0.2625,0.010965175199688941,1.0,0.0,0.00023097584451856117,0.003904418467849607,-0.04267542483285114,0,audits/paper_extras/v4_runs/v2/bench2_seed707_exp.json,True
707,exp,rl_mean_fixed,3,323.2853658825947,315.01209467926196,314.8872434697784,714.7837901613427,910.6750823016065,0.6450047089621304,0.6540894762563262,0.654226573682082,0.21510558040654335,0.2,0.0046068393863239335,1.0,0.0,0.00010279771361659557,0.003869856262467695,-0.014371183511501727,0,audits/paper_extras/v4_runs/v2/bench2_seed707_exp.json,True
707,exp,rl_mean_fixed,4,351.28761399984364,344.06921037439906,342.6198686375741,704.1201634747755,856.8595060769769,0.5900289236351364,0.5984531793903104,0.6001446372390546,0.17825482651350769,0.3625,0.014535946051392095,1.0,0.0,0.00030477874285579626,0.005752460517788306,-0.04267542483285093,0,audits/paper_extras/v4_runs/v2/bench2_seed707_exp.json,True
707,exp,rl_mean_fixed,5,419.327251580348,412.4082152741433,410.7923822961234,776.3009229277603,927.8222938751809,0.5480521923773048,0.5555094784889657,0.5572510113112383,0.1633086119482753,0.32083333333333336,0.023042292541273428,1.0,0.0,0.0005864952533400943,0.007579272755230082,-0.04267542483285114,0,audits/paper_extras/v4_runs/v2/bench2_seed707_exp.json,True
707,exp,rl_mean_fixed,6,416.47978459169036,410.1758855838479,408.1125141582212,730.5024494051638,862.7746865263974,0.5172786231496052,0.5245851645981292,0.5269767176395542,0.15331028968150723,0.3458333333333333,0.007773480348816488,1.0,0.0,0.0001675241163938631,0.00690585598394872,-0.08643111388666991,1,audits/paper_extras/v4_runs/v2/bench2_seed707_exp.json,True
707,exp,rl_mean_fixed,7,406.03822596804093,399.12380227952264,399.05679025127614,748.8042605680788,903.8132595110068,0.550749868188788,0.5584001472876576,0.558474290953444,0.1715055597068724,0.2,0.006916666666666667,1.0,0.0,0.00024583255715815303,0.007975675729698093,-0.006791974593502851,0,audits/paper_extras/v4_runs/v2/bench2_seed707_exp.json,True
707,exp,rl_mean_fixed,8,355.14456195784805,348.0273014876193,347.3522481600565,714.9736627211129,876.2729984914051,0.594710138770376,0.6028323341164404,0.6036027028585162,0.18407429653542426,0.11666666666666667,0.0014310699588477368,1.0,0.0,7.019763350675024e-05,0.006909933139381862,-0.020384741519723783,0,audits/paper_extras/v4_runs/v2/bench2_seed707_exp.json,True
707,exp,rl_mean_fixed,9,332.5171563157023,325.3032360216066,323.9636210975478,694.3269748125734,837.8586753481524,0.6031345546699356,0.6117445034672052,0.6133433589346886,0.1713077691484637,0.30833333333333335,0.009901664178379298,1.0,0.0,0.0002640506975525385,0.006744768502253955,-0.07652064393928276,0,audits/paper_extras/v4_runs/v2/bench2_seed707_exp.json,True
707,exp,flat_pit0.10_cit0,0,273.05641528670117,245.51728233568537,229.2593436272339,686.7472124815218,865.728290709214,0.6845934016283441,0.71640376666615,0.7351832600510003,0.20674047521430647,0.8958333333333334,0.11636841266179626,1.0,0.0,0.020899576832536737,0.0966033091374594,-0.6300000093877318,0,audits/paper_extras/v4_runs/v2/bench2_seed707_exp.json,True
707,exp,flat_pit0.10_cit0,1,290.62823471591696,265.7438579535143,256.91411702903224,731.9113569557483,936.9840393384901,0.6898258427954651,0.716383794390853,0.7258073710514713,0.21886464846031206,0.675,0.07610599773461066,1.0,0.0,0.015775577293084823,0.0813333613611538,-0.32933935771827116,0,audits/paper_extras/v4_runs/v2/bench2_seed707_exp.json,True
707,exp,flat_pit0.10_cit0,2,297.6753038525812,276.9907263018013,271.0455777828989,751.4078896393861,960.5042496754061,0.6900843448082838,0.7116194682164,0.7178090801008987,0.21769436221305874,0.7791666666666667,0.18575601609749723,1.0,0.14583333333333334,0.02638472274680141,0.08160819165155735,-0.993053259149987,0,audits/paper_extras/v4_runs/v2/bench2_seed707_exp.json,True
707,exp,flat_pit0.10_cit0,3,319.32424976262314,292.7427387145189,283.1419705836082,730.2669568922593,938.7203793667327,0.6598302787694441,0.6881470295637928,0.6983745353705672,0.22206125173834787,0.7666666666666667,0.06449968495538837,1.0,0.0,0.010121927236376399,0.07039794612952426,-0.44967612678908553,0,audits/paper_extras/v4_runs/v2/bench2_seed707_exp.json,True
707,exp,flat_pit0.10_cit0,4,258.0321578362843,230.18461657957442,211.5677322523202,654.2048202954843,814.5793368923008,0.6832326255405619,0.7174190331690083,0.7402736324500059,0.1968801678773989,0.8541666666666666,0.16357724114323086,1.0,0.0,0.033749506010589084,0.13364529066054667,-0.7912504104417664,0,audits/paper_extras/v4_runs/v2/bench2_seed707_exp.json,True
707,exp,flat_pit0.10_cit0,5,328.2809330203267,293.74144704795674,274.4579836195784,742.7110716749797,900.320342566854,0.6353731916304558,0.6737367432901865,0.6951551901658845,0.17505910223301535,0.8333333333333334,0.12242020899777337,1.0,0.0,0.026157644743328566,0.12492687775467226,-0.6520196074939855,0,audits/paper_extras/v4_runs/v2/bench2_seed707_exp.json,True
707,exp,flat_pit0.10_cit0,6,287.92041024146005,258.7513348902611,243.1946005219546,673.304835524949,838.5872946416497,0.6566601806619358,0.691443769129805,0.7099948901254484,0.19709630729300545,0.8583333333333333,0.10450660746357196,1.0,0.0,0.018849701136295416,0.10094045757951181,-0.6740103052171381,0,audits/paper_extras/v4_runs/v2/bench2_seed707_exp.json,True
707,exp,flat_pit0.10_cit0,7,320.44230032605213,291.5045428797529,278.30297575972946,702.6700043451925,874.0616420592946,0.6333870691647238,0.6664942964514878,0.6815979990792801,0.19608644226773564,0.7916666666666666,0.06370055521543184,1.0,0.0,0.012346272251028571,0.09196129689755232,-0.630000009387732,0,audits/paper_extras/v4_runs/v2/bench2_seed707_exp.json,True
707,exp,flat_pit0.10_cit0,8,319.3653756471123,286.37650456974194,280.43353289289706,686.1881288968134,840.9482440266935,0.6202318300613814,0.6594600124277663,0.666527001055257,0.18403048728521706,0.7208333333333333,0.06579509148429959,1.0,0.0,0.016126008731350908,0.12722290943026052,-0.569828026552325,1,audits/paper_extras/v4_runs/v2/bench2_seed707_exp.json,True
707,exp,flat_pit0.10_cit0,9,235.01595702787867,210.07292513337072,200.4429284117676,646.4209983791562,799.5419511188976,0.7060617561104932,0.7372584079679749,0.7493028000203578,0.19151084258363227,0.7958333333333333,0.17331619360916128,1.0,0.09166666666666666,0.050544943707193694,0.17941142382090872,-0.7247666106624248,0,audits/paper_extras/v4_runs/v2/bench2_seed707_exp.json,True
707,exp,flat_pit0.20_cit0,0,239.97718313369282,255.87064314297112,214.15848616276145,673.2229500698834,852.6992775897971,0.7185676246706788,0.6999286268117829,0.748846408351497,0.21048021528435407,0.9208333333333333,0.3950799430934976,0.7692307692307693,0.275,0.7680785126220601,inf,-3.3986262470377255,1,audits/paper_extras/v4_runs/v2/bench2_seed707_exp.json,True
707,exp,flat_pit0.20_cit0,1,267.449637462242,250.9392746670306,220.77561018303913,718.686039280878,906.1328504881516,0.7048450044403957,0.7230656911601376,0.756354037860891,0.20686460170414553,0.8916666666666667,0.3261577245717144,0.7850467289719626,0.2916666666666667,0.4332422245927614,inf,-1.3989061698035563,0,audits/paper_extras/v4_runs/v2/bench2_seed707_exp.json,True
707,exp,flat_pit0.20_cit0,2,237.51857004701296,221.36296108923005,240.03241916931756,750.2541143501611,953.9367979085274,0.7510122572399304,0.7679479798089763,0.7483770206835714,0.21351800664879822,0.9,0.3803502791278736,0.75,0.3625,0.12326157742165995,0.533005427316536,-2.016842473693118,0,audits/paper_extras/v4_runs/v2/bench2_seed707_exp.json,True
707,exp,flat_pit0.20_cit0,3,272.35217395295103,247.51584506543165,226.60585899322305,690.0422608585603,902.7470544657398,0.6983073247310306,0.7258192714769748,0.7489818904728168,0.2356194822846158,0.9041666666666667,0.3166703211884309,0.8940092165898618,0.225,0.17839417478025246,1.3639278659702134,-1.2904084174083383,0,audits/paper_extras/v4_runs/v2/bench2_seed707_exp.json,True
707,exp,flat_pit0.20_cit0,4,213.96005944399764,229.65376736136065,203.49904230167823,624.4170194506409,795.5201301772394,0.7310438148229788,0.7113162085412037,0.7441937236002573,0.21508332000156585,0.9291666666666667,0.44294756582723055,0.7488789237668162,0.43333333333333335,0.656193765923989,inf,-1.749624509538302,1,audits/paper_extras/v4_runs/v2/bench2_seed707_exp.json,True
707,exp,flat_pit0.20_cit0,5,219.45594660114148,206.54968043186736,183.4473230587874,654.8614772706655,843.94921400418,0.7399654588693597,0.7552581636377419,0.7826322721619612,0.22405108458644515,0.9083333333333333,0.34883370299520494,0.8211009174311926,0.25416666666666665,0.309135148573151,inf,-2.8827568763491263,0,audits/paper_extras/v4_runs/v2/bench2_seed707_exp.json,True
707,exp,flat_pit0.20_cit0,6,207.38239419751534,230.28250751783614,197.45105551682246,644.2660797137835,834.2545031404492,0.7514159127498268,0.7239661198699369,0.7633203599458653,0.22773436968152702,0.9125,0.40315848617568245,0.8082191780821918,0.3375,0.699121956908685,inf,-2.370263007625241,0,audits/paper_extras/v4_runs/v2/bench2_seed707_exp.json,True
707,exp,flat_pit0.20_cit0,7,257.8829429912276,255.85888658008585,215.61590864458108,691.1802369500252,873.7282227925058,0.7048476445375509,0.7071642189119859,0.7532231384772541,0.20892994077614033,0.8958333333333334,0.35644671590284427,0.7813953488372093,0.24583333333333332,0.8696159606683297,inf,-1.3443123110544737,0,audits/paper_extras/v4_runs/v2/bench2_seed707_exp.json,True
707,exp,flat_pit0.20_cit0,8,242.41418341599376,252.41746836200008,213.0227427168232,677.3803345876505,846.4831530502636,0.7136219633639899,0.7018044984682504,0.7483437893014109,0.19977103838777982,0.8666666666666667,0.3807537498614353,0.7403846153846154,0.26666666666666666,1.2289652343820048,inf,-1.486743077293915,0,audits/paper_extras/v4_runs/v2/bench2_seed707_exp.json,True
707,exp,flat_pit0.20_cit0,9,202.52989401891634,250.31901532562352,212.01742988624707,644.1828663945864,809.8277939022919,0.7499099246236143,0.6908984635864137,0.7381944266637166,0.20454339645409975,0.9,0.45563664232714074,0.7222222222222222,0.4041666666666667,1.1794901029760756,inf,-1.681022590352026,0,audits/paper_extras/v4_runs/v2/bench2_seed707_exp.json,True
707,exp,flat_pit0.30_cit0,0,244.33362625742927,287.7586240251256,254.80373668006146,630.4758690938781,820.7027566731387,0.7022873089303634,0.6493753412117133,0.6895298150173728,0.23178536447273348,0.9291666666666667,0.6378680760600318,0.7130044843049327,0.7833333333333333,inf,inf,-3.862573235039796,9,audits/paper_extras/v4_runs/v2/bench2_seed707_exp.json,True
707,exp,flat_pit0.30_cit0,1,211.77627198522515,241.02470501216587,214.07854342783241,639.255184082131,889.9417128385297,0.7620335478941084,0.7291679875939278,0.7594465566233385,0.28168870515892214,0.925,0.5621486108014696,0.7657657657657657,0.7166666666666667,5.393982041797466,inf,-2.622496240985024,5,audits/paper_extras/v4_runs/v2/bench2_seed707_exp.json,True
707,exp,flat_pit0.30_cit0,2,161.08642936162872,162.7830869254618,201.63623835682714,620.3450366841557,887.3203010243216,0.8184574057691786,0.8165452917762107,0.7727582270753205,0.30087812037205713,0.925,0.5902295006841126,0.7747747747747747,0.7583333333333333,0.08502256272444231,inf,-2.781792493472527,10,audits/paper_extras/v4_runs/v2/bench2_seed707_exp.json,True
707,exp,flat_pit0.30_cit0,3,241.04567076080568,290.57920251051115,273.02092975678346,696.0595086121548,902.3609982360338,0.7328722415618472,0.6779789872583751,0.6974371340400415,0.22862412053176515,0.9208333333333333,0.6031660610249451,0.6515837104072398,0.7375,7.974676844693803,inf,-3.7046198098909713,6,audits/paper_extras/v4_runs/v2/bench2_seed707_exp.json,True
707,exp,flat_pit0.30_cit0,4,160.00849953081774,167.82394947102122,194.55573462751605,571.6571156367712,779.6939401740068,0.794780373058808,0.7847566322837299,0.7504716599642978,0.26681857305548295,0.9375,0.627003922818822,0.76,0.7916666666666666,4.61587225804866,inf,-4.331473350362634,13,audits/paper_extras/v4_runs/v2/bench2_seed707_exp.json,True
707,exp,flat_pit0.30_cit0,5,172.21729045327146,190.20154448756256,204.42816653057645,642.2321516464069,877.5734075382376,0.8037573962771113,0.783264234246666,0.7670529157167184,0.26817272933555286,0.9166666666666666,0.601700583133469,0.7318181818181818,0.7375,0.6387054933638874,inf,-4.415581210917009,7,audits/paper_extras/v4_runs/v2/bench2_seed707_exp.json,True
707,exp,flat_pit0.30_cit0,6,169.48529795114553,175.2902871931266,199.80775432668045,603.9572347990872,832.5795732686943,0.7964335141135532,0.7894612204993936,0.7600136242326504,0.2745951808210227,0.9208333333333333,0.6153547767277732,0.7963800904977375,0.7708333333333334,0.10805199893289573,inf,-3.6001531667931594,10,audits/paper_extras/v4_runs/v2/bench2_seed707_exp.json,True
707,exp,flat_pit0.30_cit0,7,190.29673037866206,214.12557337366158,231.52022947251535,645.1455966368269,863.6153713111638,0.7796510614560409,0.7520590988919402,0.7319174285642749,0.2529711511996947,0.9083333333333333,0.6158820300118298,0.7201834862385321,0.725,3.41926996052006,inf,-8.444672571236977,2,audits/paper_extras/v4_runs/v2/bench2_seed707_exp.json,True
707,exp,flat_pit0.30_cit0,8,155.45376195958164,171.4544525079616,201.74805957502747,620.580208439658,860.2670466877436,0.8192959237970118,0.8006962452320977,0.7654820554247532,0.2786191092300275,0.9041666666666667,0.6271419639570773,0.7373271889400922,0.7666666666666667,0.1686929937314091,inf,-6.827149461433898,5,audits/paper_extras/v4_runs/v2/bench2_seed707_exp.json,True
707,exp,flat_pit0.30_cit0,9,163.3775417454328,178.3223686002743,213.4353594305335,581.0087798120061,779.8721275875289,0.7905072691200954,0.7713440930990827,0.7263200569934735,0.25499481356089804,0.9333333333333333,0.652910370181583,0.7455357142857143,0.7833333333333333,inf,inf,-4.907576989137419,10,audits/paper_extras/v4_runs/v2/bench2_seed707_exp.json,True
707,exp,flat_pit0.50_cit0,0,146.14778175945904,151.74440996224783,208.6301770244375,475.3647561828965,721.7594830928115,0.7975117955732273,0.7897576498586373,0.710942243348939,0.34138065752054825,0.9416666666666667,0.7542688758518116,0.6283185840707964,0.8958333333333334,0.2907006053166168,inf,-12.200185963853459,39,audits/paper_extras/v4_runs/v2/bench2_seed707_exp.json,True
707,exp,flat_pit0.50_cit0,1,151.19617902056623,138.3866347524115,170.62998746217184,447.7035463498556,769.0446525136675,0.8033973989333745,0.8200538365359064,0.7781273338232602,0.41784453622229817,0.9375,0.703184391395839,0.8355555555555556,0.8791666666666667,0.0927857468267061,inf,-10.651978638033016,42,audits/paper_extras/v4_runs/v2/bench2_seed707_exp.json,True
707,exp,flat_pit0.50_cit0,2,167.147825424858,146.4888280690263,179.66568174440286,497.0646476890297,796.9937344151023,0.7902771148539525,0.8161982688903677,0.7745707726595167,0.3763255265064091,0.9333333333333333,0.684726262191869,0.7991071428571429,0.8916666666666667,0.18655628011294628,inf,-13.0320060711563,53,audits/paper_extras/v4_runs/v2/bench2_seed707_exp.json,True
707,exp,flat_pit0.50_cit0,3,166.44148796842978,154.72814162541096,181.23624591909842,442.62780887845764,727.0810465297784,0.7710826203449755,0.7871927175603058,0.7507344651822447,0.3912263137774843,0.9375,0.6935359415042343,0.9111111111111111,0.8791666666666667,inf,inf,-11.94227407134396,46,audits/paper_extras/v4_runs/v2/bench2_seed707_exp.json,True
707,exp,flat_pit0.50_cit0,4,185.89801692382272,203.37736192405194,216.21815122337355,451.07774707207835,674.6879062695974,0.7244681352721031,0.6985608308165158,0.6795286395174018,0.33142754912249317,0.9416666666666667,0.7473196970300955,0.672566371681416,0.8833333333333333,inf,inf,-10.1095442152563,43,audits/paper_extras/v4_runs/v2/bench2_seed707_exp.json,True
707,exp,flat_pit0.50_cit0,5,160.18622313660265,161.9987775888757,205.36337837575246,493.3133058006339,778.8183662305463,0.7943214617396629,0.7919941482980889,0.7363141558028427,0.3665874776576559,0.9375,0.7304835049353021,0.7111111111111111,0.875,0.2409585684257111,inf,-18.621510658542444,39,audits/paper_extras/v4_runs/v2/bench2_seed707_exp.json,True
707,exp,flat_pit0.50_cit0,6,213.96222573495436,257.60299728296053,260.53531903562447,503.3003103181883,673.2395497333202,0.6821900528278414,0.6173679971935684,0.6130124572467167,0.2524201667630004,0.9333333333333333,0.765190870327585,0.42857142857142855,0.8666666666666667,inf,inf,-16.197188763861874,31,audits/paper_extras/v4_runs/v2/bench2_seed707_exp.json,True
707,exp,flat_pit0.50_cit0,7,244.73755459116308,265.3038879150882,322.0909126368996,552.660628663457,753.5660510462301,0.6752274677828489,0.6479354562924542,0.5725777293314667,0.26660625449334086,0.9375,0.7575954798538874,0.5111111111111111,0.8583333333333333,inf,inf,-16.39373009871729,40,audits/paper_extras/v4_runs/v2/bench2_seed707_exp.json,True
707,exp,flat_pit0.50_cit0,8,150.71479236693415,166.5592066470312,227.15533311944992,504.55906981874443,754.3806206579902,0.800213859900753,0.7792106503189942,0.698884983390322,0.33116114597607904,0.9291666666666667,0.7604853742253871,0.5560538116591929,0.8875,2.6383425132064566,inf,-19.901122539785177,36,audits/paper_extras/v4_runs/v2/bench2_seed707_exp.json,True
707,exp,flat_pit0.50_cit0,9,142.09003322756226,118.78801915725661,154.23140543815848,411.9401875463301,682.7511125816515,0.7918860466000787,0.8260156344409464,0.7741030331609842,0.3966466257540292,0.9416666666666667,0.7118256970396062,0.8672566371681416,0.9,0.06950333716617374,0.2073142865307381,-21.054914064327903,46,audits/paper_extras/v4_runs/v2/bench2_seed707_exp.json,True
707,exp,flat_pit0_cit0.10,0,390.2155677047163,384.0571867448273,383.1832064000672,724.8367634387386,869.6008601358852,0.5512704901835762,0.5583523380084814,0.5593573742093696,0.16647188765950116,0.0,0.0,nan,0.0,0.0,0.0,0.0,0,audits/paper_extras/v4_runs/v2/bench2_seed707_exp.json,True
707,exp,flat_pit0_cit0.10,1,452.5701623084331,446.6255304724345,445.9231867088757,783.0338035445151,937.2564175744868,0.5171330344372213,0.5234756230016001,0.5242249843827431,0.1645468744072005,0.0,0.0,nan,0.0,0.0,0.0,1.460831455801781e-12,0,audits/paper_extras/v4_runs/v2/bench2_seed707_exp.json,True
707,exp,flat_pit0_cit0.10,2,350.19426498263823,343.04671041857824,343.3021269257233,731.5914577397348,914.1905408238383,0.6169351471663066,0.6247535988400887,0.6244742079519322,0.19973853910099676,0.0,0.0,nan,0.0,0.0,0.0,0.0,0,audits/paper_extras/v4_runs/v2/bench2_seed707_exp.json,True
707,exp,flat_pit0_cit0.10,3,391.2386117355583,384.2951356954285,383.95329320905296,735.6450346205452,914.8614369446157,0.5723520568948811,0.5799417046379526,0.5803153595681649,0.1958945858758718,0.0,0.0,nan,0.0,0.0,0.0,0.0,0,audits/paper_extras/v4_runs/v2/bench2_seed707_exp.json,True
707,exp,flat_pit0_cit0.10,4,301.92349773177244,295.051235007134,294.3922291894224,665.5988043046333,819.4276942869177,0.6315434542464271,0.6399301157817305,0.6407343427102395,0.18772722847273232,0.0,0.0,nan,0.0,0.0,0.0,0.0,1,audits/paper_extras/v4_runs/v2/bench2_seed707_exp.json,True
707,exp,flat_pit0_cit0.10,5,411.39846446537945,405.2130699674336,404.6894991014163,749.646030108282,903.3468171154772,0.5445841434643708,0.5514313414405553,0.5520109315338587,0.17014593298505762,0.0,0.0,nan,0.0,0.0,0.0,0.0,0,audits/paper_extras/v4_runs/v2/bench2_seed707_exp.json,True
707,exp,flat_pit0_cit0.10,6,385.54028977257747,379.4311798916737,379.1213353594135,718.5088009604365,865.0576692991693,0.5543183958071549,0.5613804797556772,0.5617386576474601,0.1694093625659202,0.0,0.0,nan,0.0,0.0,0.0,0.0,0,audits/paper_extras/v4_runs/v2/bench2_seed707_exp.json,True
707,exp,flat_pit0_cit0.10,7,406.42426236312707,399.8457744814015,398.6203778716248,747.734118884735,907.5201873874586,0.5521595353893682,0.5594083965972533,0.5607586658549591,0.1760688860957581,0.0,0.0,nan,0.0,0.0,0.0,0.05008079765532991,0,audits/paper_extras/v4_runs/v2/bench2_seed707_exp.json,True
707,exp,flat_pit0_cit0.10,8,418.3976901470052,412.4083613835017,411.3113412976258,751.7580456641715,897.1347343758699,0.5336289253831182,0.5403049892272745,0.541527793387944,0.1620455469409909,0.0,0.0,nan,0.0,0.0,0.0,1.5544632248065682e-09,0,audits/paper_extras/v4_runs/v2/bench2_seed707_exp.json,True
707,exp,flat_pit0_cit0.10,9,311.2643206595259,304.62139104839486,304.322548890264,665.0019332135118,810.8332767032882,0.616117974431101,0.6243106939481637,0.6246792557311063,0.17985367359699655,0.0,0.0,nan,0.0,0.0,0.0,0.0,0,audits/paper_extras/v4_runs/v2/bench2_seed707_exp.json,True
707,exp,flat_pit0_cit0.20,0,260.30742157760756,252.01020193327196,251.54523036259982,680.3983796561481,869.256062258101,0.7005399986496538,0.7100851948289955,0.710620102310071,0.21726357836533208,0.0,0.0,nan,0.0,0.0,0.0,0.0,0,audits/paper_extras/v4_runs/v2/bench2_seed707_exp.json,True
707,exp,flat_pit0_cit0.20,1,379.71196570181723,372.34851913070065,372.4045972383383,746.9088447846581,931.5707358717101,0.5923959919731648,0.6003003263275779,0.6002401289582551,0.19822637613691899,0.0,0.0,nan,0.0,0.0,0.0,0.0,0,audits/paper_extras/v4_runs/v2/bench2_seed707_exp.json,True
707,exp,flat_pit0_cit0.20,2,350.1766544408173,342.96422270756324,342.06259156000493,747.0409363800783,934.7266388764626,0.6253699853234865,0.633086071966661,0.6340506653676173,0.20079207619671757,0.0,0.0,nan,0.0,0.0,0.0,0.0,0,audits/paper_extras/v4_runs/v2/bench2_seed707_exp.json,True
707,exp,flat_pit0_cit0.20,3,413.5428976522162,407.01861132837587,407.08921551721903,765.8817027267568,931.0312431144782,0.555822749547227,0.5628303407232388,0.5627545063306066,0.17738345690233182,0.0,0.0,nan,0.0,0.0,0.0,0.0,0,audits/paper_extras/v4_runs/v2/bench2_seed707_exp.json,True
707,exp,flat_pit0_cit0.20,4,317.3946502293905,310.49668915969073,308.7482050768429,689.2015211439092,849.5204227268878,0.6263837316464025,0.6345035612410318,0.636561762593314,0.1887169481674951,0.004166666666666667,7.575757575757576e-05,1.0,0.0,1.3781032974945993e-19,7.579568136220296e-18,-8.881784197001252e-16,0,audits/paper_extras/v4_runs/v2/bench2_seed707_exp.json,True
707,exp,flat_pit0_cit0.20,5,404.02606012868057,397.9110332599561,396.35595753318137,731.0093363802339,876.9234927020539,0.5392687463717503,0.5462420193192936,0.5480153504476263,0.1663932572637739,0.0,0.0,nan,0.0,0.0,0.0,0.0,0,audits/paper_extras/v4_runs/v2/bench2_seed707_exp.json,True
707,exp,flat_pit0_cit0.20,6,298.0524313633288,290.3536572225251,290.10981171576157,671.4311867548564,848.7610104306339,0.6488382151153401,0.6579088180838926,0.6581961139230827,0.20892786249194692,0.0,0.0,nan,0.0,0.0,0.0,0.0,0,audits/paper_extras/v4_runs/v2/bench2_seed707_exp.json,True
707,exp,flat_pit0_cit0.20,7,307.7346984258918,299.4695206700623,299.2578492450523,715.8972006706489,911.927976185567,0.6625449526035033,0.6716083632802996,0.6718404774719219,0.214963002160412,0.0,0.0,nan,0.0,0.0,0.0,0.07158601598518666,0,audits/paper_extras/v4_runs/v2/bench2_seed707_exp.json,True
707,exp,flat_pit0_cit0.20,8,378.81987931862614,372.4555065882964,372.01170333486397,723.62871363364,870.9135944308249,0.5650316153737395,0.5723393124530222,0.5728488960170753,0.16911537693178527,0.0,0.0,nan,0.0,0.0,0.0,2.0255800631030496e-05,0,audits/paper_extras/v4_runs/v2/bench2_seed707_exp.json,True
707,exp,flat_pit0_cit0.20,9,341.60378096723207,335.1326024599243,334.86874979251974,696.1193913377435,840.2601515045739,0.5934547409447483,0.6011561397266855,0.6014701527938673,0.17154301546816333,0.0,0.0,nan,0.0,0.0,0.0,0.0,0,audits/paper_extras/v4_runs/v2/bench2_seed707_exp.json,True
707,exp,flat_pit0_cit0.30,0,358.74716488056214,351.7082630667847,351.72569899219553,731.5929562620423,893.2452360228539,0.5983777462078919,0.6062578910213341,0.6062383712694142,0.18097189130340413,0.004166666666666667,7.716049382716049e-05,1.0,0.0,1.4678203010842479e-19,7.926229625854939e-18,-8.881784197001252e-16,0,audits/paper_extras/v4_runs/v2/bench2_seed707_exp.json,True
707,exp,flat_pit0_cit0.30,1,388.82441254754457,381.50595615591686,380.94566079739104,762.9048254003808,944.3524918067365,0.5882634758514321,0.5960131842019931,0.5966064958768041,0.19213976558605755,0.0,0.0,nan,0.0,0.0,0.0,2.4502452955488252e-08,0,audits/paper_extras/v4_runs/v2/bench2_seed707_exp.json,True
707,exp,flat_pit0_cit0.30,2,338.5850891085051,330.4682626788305,330.085277284363,758.9883331338968,994.4425345948887,0.6595227201877117,0.6676849076920718,0.66807003340939,0.23677004278272348,0.0,0.0,nan,0.0,0.0,0.0,0.0,1,audits/paper_extras/v4_runs/v2/bench2_seed707_exp.json,True
707,exp,flat_pit0_cit0.30,3,394.5935414487238,387.67274433614995,387.6498593773674,754.5623491831586,927.8426143605934,0.5747193162488543,0.5821783367825718,0.5822030014815502,0.1867560968805554,0.0,0.0,nan,0.0,0.0,0.0,0.0,0,audits/paper_extras/v4_runs/v2/bench2_seed707_exp.json,True
707,exp,flat_pit0_cit0.30,4,344.4856891043007,337.8695668979838,337.28230672476764,705.2818153166036,858.1774897727475,0.5985845664682683,0.606294069787994,0.6069783806446813,0.17816323112440519,0.0,0.0,nan,0.0,0.0,0.0,0.0,1,audits/paper_extras/v4_runs/v2/bench2_seed707_exp.json,True
707,exp,flat_pit0_cit0.30,5,375.53791581040315,368.81584388178754,368.366543789818,737.6975801308356,894.5715833285649,0.5802036161118782,0.5877179079292013,0.5882201596219029,0.17536215784322692,0.0,0.0,nan,0.0,0.0,0.0,0.0,0,audits/paper_extras/v4_runs/v2/bench2_seed707_exp.json,True
707,exp,flat_pit0_cit0.30,6,333.590486106769,326.57793180704056,326.2032763446776,693.8383965710154,854.3450231039161,0.6095365723618272,0.617744678115462,0.6181832075763135,0.18787096804258882,0.0,0.0,nan,0.0,0.0,0.0,0.0,0,audits/paper_extras/v4_runs/v2/bench2_seed707_exp.json,True
707,exp,flat_pit0_cit0.30,7,396.8455495591149,389.8595846548433,389.9076045342218,760.9779021034124,926.4632770087172,0.5716553916304004,0.5791958576991983,0.5791440263092553,0.17862054439935215,0.0,0.0,nan,0.0,0.0,0.0,3.915298323331484e-07,0,audits/paper_extras/v4_runs/v2/bench2_seed707_exp.json,True
707,exp,flat_pit0_cit0.30,8,335.36904431880566,328.1893727593459,328.3093721560602,720.4331971587233,878.8625149551721,0.618405565589617,0.6265748428511759,0.626438303409941,0.18026632732712447,0.0,0.0,nan,0.0,0.0,0.0,0.0,0,audits/paper_extras/v4_runs/v2/bench2_seed707_exp.json,True
707,exp,flat_pit0_cit0.30,9,309.8583430929174,302.72345335443,302.0096457041348,690.002500129433,845.7291069016469,0.6336198664982782,0.642056243678941,0.6429002582037694,0.18413296350024294,0.0,0.0,nan,0.0,0.0,0.0,0.00023674333108836265,0,audits/paper_extras/v4_runs/v2/bench2_seed707_exp.json,True
707,exp,flat_pit0_cit0.50,0,367.64718552058304,360.6041859770271,358.81206925247506,748.599416229402,904.0167007100073,0.5933181486228783,0.6011089333927,0.6030913267745308,0.171918598803033,0.0,0.0,nan,0.0,0.0,0.0,0.0,0,audits/paper_extras/v4_runs/v2/bench2_seed707_exp.json,True
707,exp,flat_pit0_cit0.50,1,330.61945139166556,321.9717428244125,322.01648604465873,764.4637656565749,964.7341444395305,0.6572947549360955,0.6662585804802582,0.6662122016716464,0.20759126225319224,0.0,0.0,nan,0.0,0.0,0.0,0.0,0,audits/paper_extras/v4_runs/v2/bench2_seed707_exp.json,True
707,exp,flat_pit0_cit0.50,2,338.5103008114013,330.58129810287477,329.9826133373473,774.3287554464325,976.5659528929805,0.6533666775821972,0.6614859476479185,0.6620989986802158,0.20709015796366867,0.008333333333333333,0.00014493849566444848,1.0,0.0,1.202000916133402e-19,6.91093662183397e-18,-8.881784197001252e-16,0,audits/paper_extras/v4_runs/v2/bench2_seed707_exp.json,True
707,exp,flat_pit0_cit0.50,3,389.1230256391369,382.0973761135273,381.5829472720082,793.6192258695002,958.837331482215,0.5941720113904904,0.6014992704519926,0.6020357836066523,0.17231088130174596,0.0,0.0,nan,0.0,0.0,0.0,6.08488111009109e-08,0,audits/paper_extras/v4_runs/v2/bench2_seed707_exp.json,True
707,exp,flat_pit0_cit0.50,4,331.05076870730903,323.96400254057045,323.5949895233506,716.8152467104253,874.585458320662,0.6214769345205245,0.6295799347468789,0.6300018638033354,0.18039427720783252,0.06666666666666667,0.0009173885316641997,1.0,0.0,7.737387209576309e-20,5.3174510599286864e-18,-8.881784197001252e-16,0,audits/paper_extras/v4_runs/v2/bench2_seed707_exp.json,True
707,exp,flat_pit0_cit0.50,5,358.2031017246198,350.6744817104556,350.2718910697211,784.9590517073527,957.9643631109758,0.6260788861066185,0.6339378632294367,0.6343581196149948,0.18059681347831225,0.0,0.0,nan,0.0,0.0,0.0,3.3559086780599046e-06,0,audits/paper_extras/v4_runs/v2/bench2_seed707_exp.json,True
707,exp,flat_pit0_cit0.50,6,352.9754620080933,345.89090430541484,345.1922272292119,735.3723417574803,895.3285213090346,0.6057587202828992,0.613671522716938,0.6144518810542123,0.17865641018303188,0.0,0.0,nan,0.0,0.0,0.0,0.0,0,audits/paper_extras/v4_runs/v2/bench2_seed707_exp.json,True
707,exp,flat_pit0_cit0.50,7,442.46879756400534,435.81492349053235,436.00893386691644,822.94142750303,979.1323812053131,0.5481011494897904,0.5548968333025166,0.5546986881077419,0.15951975105757582,0.0,0.0,nan,0.0,0.0,0.0,3.3853774645820067e-06,0,audits/paper_extras/v4_runs/v2/bench2_seed707_exp.json,True
707,exp,flat_pit0_cit0.50,8,403.3641538857285,396.8315918026084,396.4014689411727,777.8675740337017,926.9991565700285,0.5648710670048414,0.5719180659549711,0.572382060833917,0.16087563993922688,0.0125,0.00020951035781544258,1.0,0.0,1.3068794913170806e-19,7.80160324215284e-18,-8.881784197001252e-16,0,audits/paper_extras/v4_runs/v2/bench2_seed707_exp.json,True
707,exp,flat_pit0_cit0.50,9,366.5369347018572,360.2994391184937,359.30034135579695,709.5138357436642,840.229822635938,0.563765859259826,0.5711894181663588,0.5723784949353343,0.1555717059437338,0.0,0.0,nan,0.0,0.0,0.0,0.0,0,audits/paper_extras/v4_runs/v2/bench2_seed707_exp.json,True
808,det,rl_learned,0,353.66683684326637,346.6627398212776,346.70634701884103,694.4809355671925,862.1306232452971,0.5897758097120284,0.5978999811927065,0.5978494004612168,0.19445972937027214,0.0,0.0,nan,0.0,0.0,0.0,9.196605699202109e-10,0,audits/paper_extras/v4_runs/v2/bench2_seed808_det.json,True
808,det,rl_learned,1,405.677624411263,399.30903359174397,399.3801512438863,743.7292877179758,898.3126497802651,0.5484004099124117,0.5554899135736112,0.5554107455332193,0.17208191613476853,0.0,0.0,nan,0.0,0.0,0.0,0.0,0,audits/paper_extras/v4_runs/v2/bench2_seed808_det.json,True
808,det,rl_learned,2,387.91189878760395,380.4530372602371,380.59581146553336,790.7303478593683,1018.5968716366845,0.619170341487201,0.6264930240273328,0.6263528564995582,0.223706286679616,0.0,0.0,nan,0.0,0.0,0.0,0.0,0,audits/paper_extras/v4_runs/v2/bench2_seed808_det.json,True
808,det,rl_learned,3,382.8363666304649,376.1979082391064,376.2544155112662,732.9868230076739,895.2884755899543,0.5723876972970157,0.5798025792846164,0.5797394630112582,0.18128419722518033,0.0,0.0,nan,0.0,0.0,0.0,0.0,0,audits/paper_extras/v4_runs/v2/bench2_seed808_det.json,True
808,det,rl_learned,4,355.8170704393702,349.79617303072354,349.8100029674431,689.0498057918926,824.0167991667275,0.5681919703588763,0.575498735724261,0.5754819521626473,0.16379155559852415,0.0,0.0,nan,0.0,0.0,0.0,0.0,0,audits/paper_extras/v4_runs/v2/bench2_seed808_det.json,True
808,det,rl_learned,5,412.3972524442727,406.68238243880364,406.73916155903936,731.707645088536,867.3790095500834,0.5245478067791997,0.53113647210606,0.5310710115408277,0.15641531898716485,0.0,0.0,nan,0.0,0.0,0.0,0.0,0,audits/paper_extras/v4_runs/v2/bench2_seed808_det.json,True
808,det,rl_learned,6,422.5507199640971,416.99403713889774,417.1475101088839,736.252902226968,868.3292765565831,0.5133750163995969,0.5197742971508285,0.5195975520218438,0.15210402078503293,0.0,0.0,nan,0.0,0.0,0.0,1.0036416142611415e-12,0,audits/paper_extras/v4_runs/v2/bench2_seed808_det.json,True
808,det,rl_learned,7,425.2859515009072,419.3295877088948,419.4478915046352,738.7666037794519,878.3112471513066,0.5157912950787442,0.5225729044584841,0.5224382098429659,0.1588783518649572,0.0,0.0,nan,0.0,0.0,0.0,1.4592758112996762e-09,0,audits/paper_extras/v4_runs/v2/bench2_seed808_det.json,True
808,det,rl_learned,8,378.28134525489094,372.1160789101623,372.2988984237725,694.9839161179168,836.4875582268008,0.5477740923525778,0.555144514403801,0.5549259582378279,0.1691640726956485,0.0,0.0,nan,0.0,0.0,0.0,0.0,0,audits/paper_extras/v4_runs/v2/bench2_seed808_det.json,True
808,det,rl_learned,9,398.6316131983544,393.3738938234778,393.39852748216066,712.6327268821641,829.9340880987091,0.5196828050386784,0.5260179097780456,0.5259882283141365,0.14133816516112738,0.0,0.0,nan,0.0,0.0,0.0,2.6423307986078726e-14,0,audits/paper_extras/v4_runs/v2/bench2_seed808_det.json,True
808,det,free_market,0,349.38025209223974,342.40068142523063,342.4449954014519,685.8988359929436,855.7137694349183,0.5917089749263267,0.5998654063363508,0.5998136203562672,0.19844828902790018,0.0,0.0,nan,0.0,0.0,0.0,4.2245894960046826e-07,0,audits/paper_extras/v4_runs/v2/bench2_seed808_det.json,True
808,det,free_market,1,395.0742655203004,388.60608973328203,388.6681792794406,724.0307480064466,880.9023043698057,0.5515118264982459,0.5588544974788215,0.55878401344688,0.17808053808598495,0.0,0.0,nan,0.0,0.0,0.0,1.7566392784829077e-11,0,audits/paper_extras/v4_runs/v2/bench2_seed808_det.json,True
808,det,free_market,2,367.7068509582553,360.5173548120741,360.6337723980089,760.079571577798,973.1114925137493,0.6221328657743092,0.6295210183154011,0.6294013839396585,0.2189183074856568,0.0,0.0,nan,0.0,0.0,0.0,4.440892098500626e-16,0,audits/paper_extras/v4_runs/v2/bench2_seed808_det.json,True
808,det,free_market,3,377.4319970565322,370.9198810158589,370.9852600555952,710.9529410932354,873.3669605807693,0.5678425975656917,0.5752989318840209,0.5752240732705318,0.1859630909091549,0.0,0.0,nan,0.0,0.0,0.0,0.0,0,audits/paper_extras/v4_runs/v2/bench2_seed808_det.json,True
808,det,free_market,4,348.42891182631695,342.50892375005816,342.5720909193853,670.0120882923445,801.3206999565358,0.5651816908695657,0.5725694796494886,0.572490650824362,0.16386524355518786,0.0,0.0,nan,0.0,0.0,0.0,0.0,0,audits/paper_extras/v4_runs/v2/bench2_seed808_det.json,True
808,det,free_market,5,423.8250983850461,418.3784673110232,418.5395609505794,737.7853519838527,868.9471422544295,0.5122544539527938,0.5185225349546968,0.5183371454969005,0.150943347290706,0.0,0.0,nan,0.0,0.0,0.0,0.0,0,audits/paper_extras/v4_runs/v2/bench2_seed808_det.json,True
808,det,free_market,6,403.2348477537075,397.5558805704708,397.6128845967038,715.1389765359538,850.1696073112333,0.5257007022057779,0.5323805071933935,0.5323134570121792,0.1588278734196705,0.0,0.0,nan,0.0,0.0,0.0,3.6415315207705135e-13,0,audits/paper_extras/v4_runs/v2/bench2_seed808_det.json,True
808,det,free_market,7,443.8369887054984,438.0356076358895,438.16421705278657,753.0220910351622,895.2773650171155,0.5042463865966126,0.5107263684394441,0.5105827152857707,0.15889519777955474,0.0,0.0,nan,0.0,0.0,0.0,6.550315845288424e-14,0,audits/paper_extras/v4_runs/v2/bench2_seed808_det.json,True
808,det,free_market,8,374.2322679621519,368.13753941483054,368.12748208758705,683.141440285019,824.5410806077881,0.5461326588042202,0.5535243202879984,0.5535365177727326,0.17148889685222263,0.0,0.0,nan,0.0,0.0,0.0,0.0,0,audits/paper_extras/v4_runs/v2/bench2_seed808_det.json,True
808,det,free_market,9,396.9727251105044,391.8177498739889,391.87828726201343,703.692251455968,818.7463892020345,0.5151456783859512,0.5214418591135873,0.521367919992972,0.1405247574382593,0.0,0.0,nan,0.0,0.0,0.0,7.771561172376096e-15,0,audits/paper_extras/v4_runs/v2/bench2_seed808_det.json,True
808,det,us_federal,0,291.2648548737479,265.1908036020598,265.20580286890987,666.3439487947801,844.1270253951152,0.6549513922535368,0.6858401690457304,0.6858224000768445,0.21061175777083935,0.625,0.06851697958865975,1.0,0.0,0.01609783997493476,0.11328069360491037,-0.28209104662726087,0,audits/paper_extras/v4_runs/v2/bench2_seed808_det.json,True
808,det,us_federal,1,325.38940066534343,292.7453686399399,292.7501718993608,720.8371307145198,903.9548175540893,0.6400379816042373,0.6761504414213456,0.6761451278157011,0.20257393763888257,0.775,0.090123350292181,1.0,0.0,0.018077525279630753,0.11369061069523732,-0.6400005286566571,0,audits/paper_extras/v4_runs/v2/bench2_seed808_det.json,True
808,det,us_federal,2,281.8857013168072,257.1271595286164,257.34843501867994,714.9865764662192,925.1798393290233,0.6953179378387214,0.7220787261046511,0.72183955585833,0.22719178902044015,0.8166666666666667,0.1492551698690639,1.0,0.0,0.021633520445709774,0.07960041411272319,-0.6321513706821308,0,audits/paper_extras/v4_runs/v2/bench2_seed808_det.json,True
808,det,us_federal,3,369.15296981993015,332.20521339895805,330.1853411809009,747.7555739861233,910.2626510483984,0.5944544474116819,0.6350446620913871,0.6372636614271621,0.17852767756109406,0.8916666666666667,0.1173798811139269,1.0,0.0,0.023417411588227653,0.12587730474065664,-0.6452151212578876,0,audits/paper_extras/v4_runs/v2/bench2_seed808_det.json,True
808,det,us_federal,4,302.6872112927378,261.5835621140007,260.1816675080926,703.9114120320572,835.0744435771572,0.6375326611647518,0.6867542000285972,0.688432966055615,0.15706747171335397,0.9291666666666667,0.17988188648271242,1.0,0.0,0.06020595757972591,0.24474713429732897,-0.8607968149407055,0,audits/paper_extras/v4_runs/v2/bench2_seed808_det.json,True
808,det,us_federal,5,360.39402266788716,320.05820404916045,318.2376812797992,749.2339252755386,898.7401427570477,0.5990008618483276,0.6438812635348365,0.6459069021847098,0.16635088427548345,0.8458333333333333,0.12176253547012962,1.0,0.0,0.027531708984325907,0.15532121761772294,-0.8283341734336944,0,audits/paper_extras/v4_runs/v2/bench2_seed808_det.json,True
808,det,us_federal,6,312.29738400138314,272.6707478277743,269.459859664774,688.7066756115038,821.8288969219464,0.6199970758255733,0.6682146991313798,0.6721217023713805,0.16198289182703912,0.8416666666666667,0.14789371115955538,1.0,0.0,0.05822694896675337,0.2463933230524875,-0.6769150066788139,0,audits/paper_extras/v4_runs/v2/bench2_seed808_det.json,True
808,det,us_federal,7,310.64557430803364,282.492164765592,282.76364994739413,692.4529407550772,864.8647769831063,0.6408160182084723,0.673368401299675,0.6730544965263194,0.19935120589538924,0.675,0.07850196215362576,1.0,0.0,0.026376286973019008,0.14305366297895106,-0.6382129983770791,0,audits/paper_extras/v4_runs/v2/bench2_seed808_det.json,True
808,det,us_federal,8,315.6470783710822,275.85677088331647,275.74133881384387,688.2162413338017,839.012985368931,0.6237876124976948,0.671212751538027,0.6713503323281763,0.17973112057237225,0.7916666666666666,0.09057721935253144,1.0,0.0,0.024756508260163488,0.16820738848761202,-0.6450658551671347,1,audits/paper_extras/v4_runs/v2/bench2_seed808_det.json,True
808,det,us_federal,9,324.13181968449464,283.717718086485,283.32300017500165,685.8659029941176,805.870434474583,0.5977866840395698,0.6479363109139682,0.6484261141063892,0.1489129348177499,0.8125,0.17205611916326463,1.0,0.0,0.0715209019410534,0.2923511135315841,-0.621798687558014,0,audits/paper_extras/v4_runs/v2/bench2_seed808_det.json,True
808,det,saez,0,108.5259958139871,130.82054320579013,151.6256660311293,439.2157693650704,658.2904810401877,0.8351396550007811,0.8012723152261354,0.7696675397895162,0.33279337615356336,0.9541666666666667,0.8383292869743758,0.1703056768558952,0.925,0.23987369148033785,inf,-14.440415813228029,38,audits/paper_extras/v4_runs/v2/bench2_seed808_det.json,True
808,det,saez,1,127.1779666206475,139.21915958693796,161.33578623118802,481.5104975032226,745.0417825361222,0.8293008934509234,0.8131391247440701,0.7834540424269885,0.3537134308573127,0.9583333333333334,0.7995101559301074,0.30869565217391304,0.9208333333333333,0.1349157438036254,0.30730549663761614,-12.546165420145005,36,audits/paper_extras/v4_runs/v2/bench2_seed808_det.json,True
808,det,saez,2,165.73310025414833,171.2425164013118,177.44175883203377,532.708977188695,807.8500172419521,0.7948466959003467,0.788026845644017,0.7803530914837008,0.34058430919219984,0.9541666666666667,0.7807485725096105,0.47161572052401746,0.925,10.48594340798284,inf,-12.919878711256413,46,audits/paper_extras/v4_runs/v2/bench2_seed808_det.json,True
808,det,saez,3,137.6112744032951,140.62072556931983,163.21114521173303,506.58601559098713,792.5918621616561,0.826378138645047,0.8225811640485415,0.7940792064574028,0.36084883055780803,0.95,0.7872840510897343,0.4342105263157895,0.9166666666666666,0.10792168781422334,0.22708102362402324,-15.20214199843003,43,audits/paper_extras/v4_runs/v2/bench2_seed808_det.json,True
808,det,saez,4,116.30880612689978,128.73114316853173,156.4904286783644,449.6396794359247,677.498800083462,0.8283261813709906,0.8099905960679589,0.7690174083569061,0.33632402097164904,0.9583333333333334,0.811822452879951,0.28695652173913044,0.9291666666666667,0.20601162883305904,inf,-14.275789253926245,38,audits/paper_extras/v4_runs/v2/bench2_seed808_det.json,True
808,det,saez,5,120.05275319262964,127.23596073629507,154.5341715040874,475.4058430424228,732.7048856102481,0.8361512860766019,0.8263476015581307,0.7890908406112503,0.3511632686242137,0.9583333333333334,0.7967237445600598,0.34782608695652173,0.925,0.1200283403025416,0.2533043480020837,-14.05941253114017,43,audits/paper_extras/v4_runs/v2/bench2_seed808_det.json,True
808,det,saez,6,99.86318666428758,119.31087423193017,143.86444954531788,419.4387749298336,618.2723884795773,0.8384802741881037,0.8070253880731547,0.767312187595662,0.3215954929488357,0.9541666666666667,0.8396780515406697,0.18777292576419213,0.9208333333333333,0.20505551756426812,inf,-13.569884803100202,39,audits/paper_extras/v4_runs/v2/bench2_seed808_det.json,True
808,det,saez,7,109.22770884866868,121.21537229617326,132.96855143130108,425.33598663928376,655.9547453766506,0.8334828589646838,0.8152077210348236,0.7972900533634371,0.3515772396843399,0.9458333333333333,0.8011465587477978,0.28193832599118945,0.9125,0.14769294989344395,0.39211239558542615,-12.54322699371335,38,audits/paper_extras/v4_runs/v2/bench2_seed808_det.json,True
808,det,saez,8,99.21509402648917,111.953186456004,137.8123097857774,435.48913540895484,668.7405216174469,0.8516388781309036,0.8325909933119817,0.7939225972841333,0.3487920630924824,0.9583333333333334,0.8295649948474454,0.2,0.9208333333333333,0.13439494715740738,0.28933415324054146,-13.34270208681566,38,audits/paper_extras/v4_runs/v2/bench2_seed808_det.json,True
808,det,saez,9,95.19464397830069,121.37374908442386,158.1305781272569,399.260624692583,573.7886602536249,0.8340945881777745,0.78846959256606,0.724409718976739,0.30416780192884496,0.9583333333333334,0.8355087756459515,0.20869565217391303,0.925,0.26612244588187933,inf,-14.185610433365623,48,audits/paper_extras/v4_runs/v2/bench2_seed808_det.json,True
808,det,free_market+rl_aux,0,349.4387233348832,342.43787974941586,342.48155547949193,687.5345223915259,857.582148042172,0.5925303201184414,0.6006937871419213,0.6006428582248773,0.1982872731654436,0.0,0.0,nan,0.0,0.0,0.0,2.1831658481019645e-08,0,audits/paper_extras/v4_runs/v2/bench2_seed808_det.json,True
808,det,free_market+rl_aux,1,396.45655349434963,389.9990318994772,390.0469399165587,725.5141303847446,881.3365363313718,0.5501643956068936,0.5574913601983678,0.5574370018288839,0.17680238991934852,0.0,0.0,nan,0.0,0.0,0.0,1.782995973087509e-11,0,audits/paper_extras/v4_runs/v2/bench2_seed808_det.json,True
808,det,free_market+rl_aux,2,368.80503653365594,361.59605305352443,361.7125818749309,762.3714784070534,975.8526070838833,0.6220689130136701,0.6294562822001643,0.6293368698826067,0.2187637017384935,0.0,0.0,nan,0.0,0.0,0.0,4.440892098500626e-16,0,audits/paper_extras/v4_runs/v2/bench2_seed808_det.json,True
808,det,free_market+rl_aux,3,378.58763928077275,372.05951656582766,372.1254550518035,713.1298793334203,875.743767549783,0.5676958794237136,0.5751502547294151,0.5750749604613664,0.18568660633616058,0.0,0.0,nan,0.0,0.0,0.0,0.0,0,audits/paper_extras/v4_runs/v2/bench2_seed808_det.json,True
808,det,free_market+rl_aux,4,349.7975656145888,343.8642543336514,343.9278492770111,672.2253358328419,803.6787631142882,0.5647544993485845,0.5721371894895377,0.5720580596850954,0.16356463964788479,0.0,0.0,nan,0.0,0.0,0.0,0.0,0,audits/paper_extras/v4_runs/v2/bench2_seed808_det.json,True
808,det,free_market+rl_aux,5,433.89134429226783,428.37680364129335,428.5045853470165,764.7788754960715,897.7085388399921,0.5166679099956687,0.5228108176459627,0.522668475560314,0.1480766391235297,0.0,0.0,nan,0.0,0.0,0.0,0.0,0,audits/paper_extras/v4_runs/v2/bench2_seed808_det.json,True
808,det,free_market+rl_aux,6,420.71712434484084,415.03114488261156,415.2369441386147,738.679999010142,875.6180034361158,0.5195197875170963,0.5260134633436739,0.525778430195434,0.15639011976523937,0.0,0.0,nan,0.0,0.0,0.0,4.056088798165547e-12,0,audits/paper_extras/v4_runs/v2/bench2_seed808_det.json,True
808,det,free_market+rl_aux,7,445.20992196065237,439.3952781200117,439.5243844564121,755.2532550968787,897.6885734739803,0.5040485808594768,0.510525931705259,0.51038211085222,0.15866896670622516,0.0,0.0,nan,0.0,0.0,0.0,6.994405055138486e-14,0,audits/paper_extras/v4_runs/v2/bench2_seed808_det.json,True
808,det,free_market+rl_aux,8,375.4960778350047,369.3877494429558,369.3778246342457,685.2699914258562,826.7944692002437,0.5458410864816002,0.5532290512293053,0.5532410551904828,0.17117250180844065,0.0,0.0,nan,0.0,0.0,0.0,0.0,0,audits/paper_extras/v4_runs/v2/bench2_seed808_det.json,True
808,det,free_market+rl_aux,9,398.6418379914074,393.4751076852356,393.5355450051801,706.0658904504907,821.322538014651,0.5146342398504882,0.5209249844325875,0.5208513990661241,0.14033055496415012,0.0,0.0,nan,0.0,0.0,0.0,7.993605777301127e-15,0,audits/paper_extras/v4_runs/v2/bench2_seed808_det.json,True
808,det,us_federal+rl_aux,0,249.70389260514187,226.5300781807111,226.65198269423126,664.153262572637,871.629670122429,0.7135206600182983,0.7401074264155181,0.7399675682650916,0.2380327502167864,0.625,0.07694620611725071,1.0,0.0,0.012762863735975976,0.07804150891931366,-0.2674932185692083,0,audits/paper_extras/v4_runs/v2/bench2_seed808_det.json,True
808,det,us_federal+rl_aux,1,286.3174988564219,257.9837750072516,258.2287089149996,708.2490121415768,920.0024569394758,0.6887861584534248,0.7195836021292021,0.7193173703317755,0.23016617314515456,0.7791666666666667,0.08697796124087781,1.0,0.0,0.01281106329405162,0.08101735509694441,-0.6356074736075716,0,audits/paper_extras/v4_runs/v2/bench2_seed808_det.json,True
808,det,us_federal+rl_aux,2,268.94105340643347,250.47495017089113,250.4760712592115,700.3618314560659,964.3675877568278,0.7211218452167133,0.7402702523904711,0.740269089879065,0.27376050341431923,0.8625,0.17530950829493083,1.0,0.0,0.015026556820965676,0.04785322900379701,-0.6392085505895441,0,audits/paper_extras/v4_runs/v2/bench2_seed808_det.json,True
808,det,us_federal+rl_aux,3,338.9324361321155,298.48480440876244,295.8082721499223,729.7918290774974,896.4898358655774,0.621933877471271,0.667051658069754,0.6700372270653644,0.1859452278420201,0.8833333333333333,0.12237535482339133,1.0,0.0,0.024855499337010728,0.13912459324503879,-0.640180687040781,0,audits/paper_extras/v4_runs/v2/bench2_seed808_det.json,True
808,det,us_federal+rl_aux,4,244.12991809941477,210.26661397100833,210.1282472644062,693.8499998266576,842.5276069173038,0.710241045996518,0.7504335617673754,0.7505977898656194,0.17646615478231953,0.9208333333333333,0.17377460576682802,1.0,0.0,0.0455576900923208,0.17773642738736306,-0.844623307401419,0,audits/paper_extras/v4_runs/v2/bench2_seed808_det.json,True
808,det,us_federal+rl_aux,5,338.7087936502561,300.825420817345,298.35839728965277,717.8910689779235,875.7752965800823,0.6132469196460327,0.6565038749185168,0.6593208344026744,0.18027938013175243,0.8375,0.11456347536155463,1.0,0.0,0.026030748360436062,0.1480975417398195,-0.8306219333088635,0,audits/paper_extras/v4_runs/v2/bench2_seed808_det.json,True
808,det,us_federal+rl_aux,6,247.17797340068856,222.0545182003535,221.39786879563394,691.1519781266393,857.9539314384724,0.7118983148824061,0.7411813034902119,0.7419466702315457,0.19441830988776718,0.8375,0.1547843761928603,1.0,0.0,0.026540830115001527,0.10555096918762033,-0.6405124564316227,0,audits/paper_extras/v4_runs/v2/bench2_seed808_det.json,True
808,det,us_federal+rl_aux,7,287.6932105384002,259.7362703058411,259.8505683232912,690.0376975556853,885.0545759452326,0.6749429714759164,0.7065307865015619,0.7064016441632738,0.2203444665333441,0.7083333333333334,0.06816628679725925,1.0,0.0,0.01484040220463911,0.10174657260618077,-0.635621902516834,0,audits/paper_extras/v4_runs/v2/bench2_seed808_det.json,True
808,det,us_federal+rl_aux,8,294.1587480170392,257.8665910603132,257.9082218649857,685.9009191339997,860.9382879554767,0.6583277197305324,0.7004819106457851,0.7004335554904216,0.20331000638518354,0.85,0.09533615116918638,1.0,0.0,0.01759791705847298,0.12421397677502061,-0.6444557084398488,0,audits/paper_extras/v4_runs/v2/bench2_seed808_det.json,True
808,det,us_federal+rl_aux,9,254.27018046090728,222.3909632400836,221.43205018313859,684.6235355500219,832.6752764455014,0.6946346461175982,0.7329199394637735,0.7340715445180732,0.17780249406164456,0.8083333333333333,0.16379490563265853,1.0,0.0,0.04618319142413265,0.19028930789255052,-0.5857304398258245,0,audits/paper_extras/v4_runs/v2/bench2_seed808_det.json,True
808,det,saez+rl_aux,0,125.84623419196235,125.0971959130462,130.78572440293573,404.02582881143707,687.6316725583454,0.8169859836098746,0.8180752852066573,0.8098026463552134,0.4124385991293099,0.95,0.7672067549595056,0.5131578947368421,0.9166666666666666,0.10301386626721215,0.2692823913975268,-11.264595341361959,43,audits/paper_extras/v4_runs/v2/bench2_seed808_det.json,True
808,det,saez+rl_aux,1,126.18498230475936,127.39164851210407,130.18928055561435,452.99238117591597,793.259998043378,0.8409285951440865,0.8394074467055909,0.8358806937489174,0.4289484125088268,0.9583333333333334,0.7693761593873679,0.46956521739130436,0.9125,0.0648909327505557,0.11944336109236663,-9.400853463485,40,audits/paper_extras/v4_runs/v2/bench2_seed808_det.json,True
808,det,saez+rl_aux,2,188.56856227369826,170.7038372240872,176.43221491157132,511.4568749831105,925.8482113331079,0.7963288582669694,0.8156243808277227,0.8094372136254057,0.4475802094528268,0.95,0.6590271728411181,0.9473684210526315,0.9208333333333333,0.041569050502798056,0.09635087656990593,-10.118857073731895,52,audits/paper_extras/v4_runs/v2/bench2_seed808_det.json,True
808,det,saez+rl_aux,3,126.80047031486319,126.43215404177504,130.6347400635882,461.9948706108637,789.1391592107962,0.8393179848764899,0.8397847165914089,0.8344591843671354,0.41455842709301555,0.95,0.7607470701887737,0.4692982456140351,0.9041666666666667,0.06805606413397865,0.13115204451932203,-10.40930992855389,37,audits/paper_extras/v4_runs/v2/bench2_seed808_det.json,True
808,det,saez+rl_aux,4,104.55828544174321,105.6153549221559,115.90932306285404,380.65260986633587,644.9719974249691,0.8378870929913408,0.8362481544255844,0.8202878209819675,0.4098152921582957,0.9541666666666667,0.7799210339028062,0.462882096069869,0.9291666666666667,0.09093008024517742,0.18928801347019972,-12.603204413531373,42,audits/paper_extras/v4_runs/v2/bench2_seed808_det.json,True
808,det,saez+rl_aux,5,118.44547111029142,117.74113191384264,129.5901115088354,431.156056793386,742.3770403938145,0.8404510583362617,0.8413998204316993,0.8254389556011986,0.4192222639796789,0.9541666666666667,0.7749135854574243,0.4978165938864629,0.9166666666666666,0.07053786588899791,0.13610693548415284,-10.561050190305401,42,audits/paper_extras/v4_runs/v2/bench2_seed808_det.json,True
808,det,saez+rl_aux,6,110.00007688095903,105.84710212737852,115.13301344086767,395.65260075220317,679.824057384824,0.8381933153349824,0.8443022117596785,0.8306429256361326,0.4180073557940618,0.95,0.7615956824929564,0.5657894736842105,0.9083333333333333,0.06410663766958126,0.12479510135598867,-11.056250452008403,47,audits/paper_extras/v4_runs/v2/bench2_seed808_det.json,True
808,det,saez+rl_aux,7,121.82031444262897,122.9444486178942,124.74998470778107,439.97332028446226,748.2333752657267,0.837189413798381,0.835687029365361,0.8332739639374179,0.41198383441769004,0.9458333333333333,0.758887599532456,0.30837004405286345,0.9,0.07146831590583405,0.1398530342030338,-9.416629249140833,30,audits/paper_extras/v4_runs/v2/bench2_seed808_det.json,True
808,det,saez+rl_aux,8,106.59495117962341,104.15298309379168,112.6781670646411,392.9270134594569,673.7163072919698,0.8417806574875912,0.8454052811747442,0.8327513140990225,0.41677675127258973,0.9541666666666667,0.7728720732215676,0.5851528384279476,0.9125,0.06881086655619657,0.13160707456864532,-9.627632446573374,49,audits/paper_extras/v4_runs/v2/bench2_seed808_det.json,True
808,det,saez+rl_aux,9,97.71356619765618,96.54559380776774,104.94271345060642,344.66969524912315,597.1469166349253,0.8363659537115306,0.838321875039016,0.8242598085543416,0.4228058696318412,0.9541666666666667,0.7796911560184258,0.5152838427947598,0.9166666666666666,0.09229556478181786,0.20696271469470662,-12.49599927765222,43,audits/paper_extras/v4_runs/v2/bench2_seed808_det.json,True
808,det,rl_mean_fixed,0,353.01221890662237,345.8970068138683,346.0769597011707,702.9096553142095,873.6370676386373,0.5959280667190751,0.6040724236337671,0.6038664423470655,0.19542143831635797,0.0,0.0,nan,0.0,0.0,0.0,6.562102417007054e-09,0,audits/paper_extras/v4_runs/v2/bench2_seed808_det.json,True
808,det,rl_mean_fixed,1,377.85779758570544,371.02736524752055,371.10619398382596,731.0782446684391,896.0995024215491,0.5783305352088556,0.5859529391045467,0.5858649703732927,0.18415506013246244,0.0,0.0,nan,0.0,0.0,0.0,0.0,0,audits/paper_extras/v4_runs/v2/bench2_seed808_det.json,True
808,det,rl_mean_fixed,2,384.24582026204587,376.93944193000476,377.04838567013974,781.621832767718,1001.3345662509382,0.6162662977862762,0.6235629382681849,0.6234541397269112,0.2194199030857778,0.0,0.0,nan,0.0,0.0,0.0,0.0,0,audits/paper_extras/v4_runs/v2/bench2_seed808_det.json,True
808,det,rl_mean_fixed,3,379.11332490722305,372.3531969093132,372.3985537136488,730.9745531073223,897.4242050307713,0.5775539340459133,0.5850867462433267,0.5850362051457261,0.18547488577906332,0.0,0.0,nan,0.0,0.0,0.0,0.0,0,audits/paper_extras/v4_runs/v2/bench2_seed808_det.json,True
808,det,rl_mean_fixed,4,368.11464865179994,362.0581156073684,362.13863188709666,708.8314785302282,847.3393542264947,0.5655640838400119,0.5727117903807524,0.5726167679091456,0.16346210642217288,0.0,0.0,nan,0.0,0.0,0.0,0.0,0,audits/paper_extras/v4_runs/v2/bench2_seed808_det.json,True
808,det,rl_mean_fixed,5,428.8338057273084,423.1177414251169,423.13150054476347,753.7050262556785,893.1753877939135,0.5198772698086759,0.5262769807504539,0.5262615760272219,0.15615114729338658,0.0,0.0,nan,0.0,0.0,0.0,0.0,0,audits/paper_extras/v4_runs/v2/bench2_seed808_det.json,True
808,det,rl_mean_fixed,6,387.0813295376695,381.1214078672263,381.1954780865763,706.0892618567369,847.0739511239848,0.5430371468464469,0.5500730398313922,0.549985597384069,0.16643728576492622,0.0,0.0,nan,0.0,0.0,0.0,0.0,0,audits/paper_extras/v4_runs/v2/bench2_seed808_det.json,True
808,det,rl_mean_fixed,7,440.18761612655544,434.4530349590296,434.6162120139399,741.5020790207536,880.0361817504856,0.49980736558924727,0.5063236671759833,0.5061382463281885,0.15741864437229486,0.0,0.0,nan,0.0,0.0,0.0,3.33288951992472e-13,0,audits/paper_extras/v4_runs/v2/bench2_seed808_det.json,True
808,det,rl_mean_fixed,8,395.81936690274006,389.8577922692493,389.90709526826794,706.9558221956196,844.8671253219306,0.5315010431351369,0.5385572706232394,0.5384989147024787,0.16323431104478228,0.0,0.0,nan,0.0,0.0,0.0,0.0,0,audits/paper_extras/v4_runs/v2/bench2_seed808_det.json,True
808,det,rl_mean_fixed,9,394.0338917396807,388.5957252549253,388.6560501211701,712.7163080296787,834.4678526135305,0.5278021909345251,0.5343191184203752,0.5342468270000935,0.14590321748468713,0.0,0.0,nan,0.0,0.0,0.0,9.14823772291129e-13,0,audits/paper_extras/v4_runs/v2/bench2_seed808_det.json,True
808,det,flat_pit0.10_cit0,0,213.55822932015957,192.97128234967067,193.03709848862496,658.9895303461916,868.0701584588736,0.7539850584205087,0.7777008223710146,0.7776250034544063,0.2408568317610098,0.6791666666666667,0.09888920769839599,1.0,0.0,0.00956790753529556,0.04807218498481195,-0.277373849193619,0,audits/paper_extras/v4_runs/v2/bench2_seed808_det.json,True
808,det,flat_pit0.10_cit0,1,314.0953869235574,278.3746159251222,278.32807496895214,704.605572591663,889.7671134832068,0.6469914630875088,0.68713766590523,0.6871899728015681,0.20810112903216277,0.7833333333333333,0.08654312116234288,1.0,0.0,0.018366765334805683,0.12389344246712422,-0.631982443992463,0,audits/paper_extras/v4_runs/v2/bench2_seed808_det.json,True
808,det,flat_pit0.10_cit0,2,207.19411603538603,187.6287578275885,187.67603305414147,671.6988529558641,905.1322315378959,0.7710896719661107,0.7927056939417665,0.7926534637538384,0.25789975259792575,0.8583333333333333,0.15300025970781045,1.0,0.0,0.007772161090363307,0.03303684627060862,-0.6387293278062899,0,audits/paper_extras/v4_runs/v2/bench2_seed808_det.json,True
808,det,flat_pit0.10_cit0,3,313.6333738638406,277.407396586037,274.8687271144115,718.0600253492632,886.6606858170198,0.6462757637947589,0.6871324047367477,0.6899955851080374,0.19015240346694548,0.9,0.12208920078675435,1.0,0.0,0.02396471342920192,0.12256082532733582,-0.6359484754236919,0,audits/paper_extras/v4_runs/v2/bench2_seed808_det.json,True
808,det,flat_pit0.10_cit0,4,342.1337609373797,299.55068072615785,298.9783261864995,704.7908131438501,832.8292641791159,0.5891909954982114,0.6403216197963311,0.6410088609443982,0.1537391354294781,0.925,0.15597731585619526,1.0,0.0,0.057460463986035666,0.25617357372472194,-0.830078430063499,0,audits/paper_extras/v4_runs/v2/bench2_seed808_det.json,True
808,det,flat_pit0.10_cit0,5,306.0226543816361,269.21754122926984,264.75240271696157,708.8998922105856,872.2038907095633,0.6491386272850976,0.6913364591732634,0.6964558338514429,0.18723144924992852,0.8208333333333333,0.13715781713591318,1.0,0.0,0.03722321336900669,0.16859101897751688,-0.6344073499601977,0,audits/paper_extras/v4_runs/v2/bench2_seed808_det.json,True
808,det,flat_pit0.10_cit0,6,296.9388387667858,257.3704830785767,254.26685990186616,674.2359850437623,824.1923366027077,0.6397214271722576,0.6877300702170456,0.6914957242262827,0.18194339464142584,0.8333333333333334,0.13615779360913524,1.0,0.0,0.041059374460217714,0.19568151256489003,-0.6029076718428764,0,audits/paper_extras/v4_runs/v2/bench2_seed808_det.json,True
808,det,flat_pit0.10_cit0,7,334.27812293240083,303.6220172175836,303.5987841478956,696.2659496407339,869.6440713556866,0.615615015449602,0.6508663403589151,0.65089305596643,0.1993667609838056,0.5958333333333333,0.06769427418490064,1.0,0.0,0.021902852017785593,0.16218706826045842,-0.280803688637174,0,audits/paper_extras/v4_runs/v2/bench2_seed808_det.json,True
808,det,flat_pit0.10_cit0,8,288.7083525270292,255.7423116417042,255.7621950623299,686.1148422696116,848.0538862625739,0.6595636701821097,0.6984362482332621,0.6984128022931541,0.1909537195880767,0.8666666666666667,0.11147053941350094,1.0,0.0,0.026281849378527265,0.13296607058134574,-0.6471665026720916,0,audits/paper_extras/v4_runs/v2/bench2_seed808_det.json,True
808,det,flat_pit0.10_cit0,9,295.29788076407345,259.15297277216877,257.8592994395987,694.2569011436373,831.3312288321303,0.6447891399690188,0.6882674873934043,0.6898236340744178,0.1648853344304864,0.7958333333333333,0.19770630806484948,1.0,0.0,0.08768534497921475,0.3266842718713718,-0.570281501571293,0,audits/paper_extras/v4_runs/v2/bench2_seed808_det.json,True
808,det,flat_pit0.20_cit0,0,169.4483675050893,151.7063472710899,151.6381187107406,618.2022834662254,858.2381338101402,0.8025625280097671,0.8232351356871187,0.8233146340893237,0.2796844382552404,0.9,0.37149752968922295,0.9305555555555556,0.275,0.03468439581457772,0.18328258356318367,-1.2902983861597448,0,audits/paper_extras/v4_runs/v2/bench2_seed808_det.json,True
808,det,flat_pit0.20_cit0,1,252.00928553225845,235.2567701644473,231.33358187095442,702.6147042701007,910.5927939348544,0.723247002160784,0.7416443752559742,0.7459527646036869,0.2283985674497144,0.9375,0.3538957948347306,0.7955555555555556,0.3625,0.3253328737770359,inf,-1.2704170860020187,0,audits/paper_extras/v4_runs/v2/bench2_seed808_det.json,True
808,det,flat_pit0.20_cit0,2,180.91082259940592,169.82725885972383,169.54868250965256,634.3402342254574,939.2109173297176,0.807379983280267,0.8191809148230923,0.8194775216287961,0.3246030018167185,0.9166666666666666,0.4172569019139907,0.8454545454545455,0.48333333333333334,0.03439902328767675,0.08515870543636817,-1.2799331761648547,0,audits/paper_extras/v4_runs/v2/bench2_seed808_det.json,True
808,det,flat_pit0.20_cit0,3,185.04867910992755,173.1490307940654,172.10570694098078,680.0519191212755,918.4487710837674,0.7985204129659071,0.8114766590740277,0.8126126221085838,0.25956466976506926,0.925,0.36770953334513806,0.8198198198198198,0.32083333333333336,0.08327935698853187,inf,-1.5758946886992282,0,audits/paper_extras/v4_runs/v2/bench2_seed808_det.json,True
808,det,flat_pit0.20_cit0,4,194.3169631045367,225.08087508023917,210.17350069522018,677.580135050445,835.6579589971831,0.7674683032544518,0.7306543034062123,0.7484933896310456,0.18916570140304373,0.9375,0.5041012080956685,0.64,0.38333333333333336,1.8941892708534933,inf,-2.08831119224718,0,audits/paper_extras/v4_runs/v2/bench2_seed808_det.json,True
808,det,flat_pit0.20_cit0,5,191.237959326669,179.40983051400622,177.4501148797019,664.052863421069,882.4354888086823,0.7832839207488734,0.7966878794095016,0.7989086826967198,0.24747715629891215,0.9291666666666667,0.3873374618328787,0.8116591928251121,0.36666666666666664,0.22252019585927976,inf,-1.883541554367649,0,audits/paper_extras/v4_runs/v2/bench2_seed808_det.json,True
808,det,flat_pit0.20_cit0,6,186.01566673789617,186.15887808129614,178.8649342148885,633.8715267423918,829.7748444925473,0.7758239262463362,0.775651335640161,0.7844416043676593,0.23609213878972338,0.9083333333333333,0.41181491610551324,0.7889908256880734,0.32083333333333336,0.37291927650593987,inf,-1.3080167984591804,0,audits/paper_extras/v4_runs/v2/bench2_seed808_det.json,True
808,det,flat_pit0.20_cit0,7,215.6666603300344,202.59019711833875,202.54047670486787,650.0123078826992,883.902717094146,0.7560063385266601,0.7708003457842516,0.7708565967862107,0.2646110309292496,0.9083333333333333,0.3308968635500079,0.8990825688073395,0.25,0.4543478683137029,inf,-1.4885005702639431,0,audits/paper_extras/v4_runs/v2/bench2_seed808_det.json,True
808,det,flat_pit0.20_cit0,8,174.11544296303006,189.0115978815419,184.87578684114004,649.596306263265,844.1346027589141,0.7937349773437049,0.776088319014777,0.7809877876858689,0.2304588579354915,0.9375,0.4429466329843951,0.7466666666666667,0.32083333333333336,0.54268132783372,inf,-1.6903820419990632,0,audits/paper_extras/v4_runs/v2/bench2_seed808_det.json,True
808,det,flat_pit0.20_cit0,9,176.3652250416133,208.23077507820125,187.37051428836392,619.6309208869769,802.3767500256598,0.7801964911919829,0.7404825413104977,0.7664806286044905,0.22775563864835155,0.925,0.4797396087333384,0.7702702702702703,0.5083333333333333,1.2179175492462289,inf,-2.090576228707396,0,audits/paper_extras/v4_runs/v2/bench2_seed808_det.json,True
808,det,flat_pit0.30_cit0,0,140.58777362597633,131.05194144480012,131.03843348466717,550.2413684260571,859.8417776234678,0.83649576319198,0.8475859805195591,0.8476016903402314,0.3600667207089204,0.9291666666666667,0.6333897461014366,0.7668161434977578,0.7875,0.022557333358490132,0.04673411382258386,-3.1178627474109257,1,audits/paper_extras/v4_runs/v2/bench2_seed808_det.json,True
808,det,flat_pit0.30_cit0,1,157.98208247353654,188.38440436726592,184.78454293058041,679.7331798107284,934.4082298895958,0.8309281988107031,0.7983917539023342,0.8022443114050767,0.27255223352319813,0.9416666666666667,0.6415813785610365,0.6371681415929203,0.7666666666666667,0.18255140493407535,inf,-2.9677206544746033,1,audits/paper_extras/v4_runs/v2/bench2_seed808_det.json,True
808,det,flat_pit0.30_cit0,2,179.86141737448455,175.67265946070182,175.2152238540737,663.6950382109652,990.6026937274833,0.8184323356746648,0.8226608300451183,0.8231226050933032,0.33000884975026223,0.9208333333333333,0.5624216496942452,0.7149321266968326,0.7625,0.06790554012053009,0.15825904243950423,-2.7094201762995045,4,audits/paper_extras/v4_runs/v2/bench2_seed808_det.json,True
808,det,flat_pit0.30_cit0,3,199.0241174004254,237.36019412805877,234.05820527087974,669.4179656454945,922.2490679863973,0.7841969980680307,0.7426289682826118,0.7462093339037866,0.27414622699801083,0.9291666666666667,0.5996447843636787,0.6860986547085202,0.75,1.9561101258288884,inf,-2.9848402285687143,2,audits/paper_extras/v4_runs/v2/bench2_seed808_det.json,True
808,det,flat_pit0.30_cit0,4,134.17308493905304,153.488063543979,149.48203209694287,584.4370455389874,839.6936566253455,0.8402118631236506,0.8172094521222967,0.8219802770718813,0.3039877806296784,0.9416666666666667,0.673923050560105,0.5442477876106194,0.7958333333333333,0.4049858191671757,inf,-3.5321702137562894,2,audits/paper_extras/v4_runs/v2/bench2_seed808_det.json,True
808,det,flat_pit0.30_cit0,5,170.42160378854425,212.01876391798984,200.86938274278918,636.566833849325,873.0221259810794,0.8047911974773504,0.7571438826023696,0.7699149004762538,0.27084684923195057,0.9375,0.6643642292145603,0.6444444444444445,0.775,13.017766509991551,inf,-2.8857295344128193,4,audits/paper_extras/v4_runs/v2/bench2_seed808_det.json,True
808,det,flat_pit0.30_cit0,6,143.99916218720185,158.98426591750214,156.89732189362502,594.2133294507394,861.8626664997894,0.8329209887092411,0.8155341075821608,0.8179555421157538,0.3105475471353596,0.9333333333333333,0.6576139027114791,0.59375,0.7791666666666667,0.14527814271985953,inf,-3.004868974520467,1,audits/paper_extras/v4_runs/v2/bench2_seed808_det.json,True
808,det,flat_pit0.30_cit0,7,153.34258154975575,143.51141692700884,143.47828596405472,571.4861894676604,889.6010432530903,0.8276276959062311,0.8386789021714535,0.8387161446670703,0.3575927166431241,0.9166666666666666,0.6066890275477549,0.7818181818181819,0.7291666666666666,0.021161293035113528,0.043402603685475036,-2.456970635798438,0,audits/paper_extras/v4_runs/v2/bench2_seed808_det.json,True
808,det,flat_pit0.30_cit0,8,150.5929102586949,176.55332724168963,176.2860310103304,631.4434706674458,896.4465754931723,0.832011282796359,0.8030520367099843,0.8033502097842828,0.2956150562345975,0.9416666666666667,0.6643777255526385,0.5663716814159292,0.8041666666666667,0.20819891038665267,inf,-3.0059700799142055,0,audits/paper_extras/v4_runs/v2/bench2_seed808_det.json,True
808,det,flat_pit0.30_cit0,9,155.97424220873995,191.201904700379,172.30655989283994,581.9408868148981,821.6947189361257,0.8101798166468871,0.767307857414571,0.7903034351785408,0.29177969213632576,0.9375,0.6862477384285709,0.5022222222222222,0.7958333333333333,5.254637962145959,inf,-3.663316538416222,7,audits/paper_extras/v4_runs/v2/bench2_seed808_det.json,True
808,det,flat_pit0.50_cit0,0,107.12804691313852,109.16202021889544,109.95626545342616,382.086156896061,679.4388900235069,0.8423286501756881,0.8393350427510579,0.8381660704620221,0.43764455861094176,0.9458333333333333,0.7716358522678287,0.43171806167400884,0.9041666666666667,0.08345306498269668,0.1919170394540509,-8.014978371369583,41,audits/paper_extras/v4_runs/v2/bench2_seed808_det.json,True
808,det,flat_pit0.50_cit0,1,126.03428349136645,124.62247665729083,124.86280398897482,424.1774986506353,775.2316168732721,0.8374237057052726,0.8392448476754232,0.8389348405414865,0.45283772047189863,0.95,0.7402868540050883,0.4956140350877193,0.8958333333333334,0.04656163056166263,0.08158752156827213,-6.7787193575457945,43,audits/paper_extras/v4_runs/v2/bench2_seed808_det.json,True
808,det,flat_pit0.50_cit0,2,150.39820372978986,139.56991958439622,140.09148551491052,445.01909770188746,859.1896987033048,0.8249534369921195,0.8375563396592904,0.8369492956836685,0.4820479128491491,0.9416666666666667,0.708967198905931,0.8849557522123894,0.9083333333333333,0.03861417791082337,0.07830220595353547,-6.473907979324798,44,audits/paper_extras/v4_runs/v2/bench2_seed808_det.json,True
808,det,flat_pit0.50_cit0,3,136.62549414247366,133.39866388306544,134.06705902575843,434.75749929957243,794.1463348717523,0.8279592964884268,0.8320225655834473,0.8311809132161907,0.4525473704165846,0.9416666666666667,0.7386753407548654,0.5442477876106194,0.8916666666666667,0.04781646872202715,0.08738465317280696,-7.394329565206621,46,audits/paper_extras/v4_runs/v2/bench2_seed808_det.json,True
808,det,flat_pit0.50_cit0,4,108.12734618528049,108.95343994571479,114.66998471034957,356.4965252985932,628.168437169696,0.8278688648024661,0.8265537815993743,0.8174534441319404,0.43248258873871476,0.95,0.7643338633932918,0.5263157894736842,0.9083333333333333,0.07861156843188277,0.15208638606922645,-8.59892932724819,44,audits/paper_extras/v4_runs/v2/bench2_seed808_det.json,True
808,det,flat_pit0.50_cit0,5,123.32400937715082,122.57754518986387,124.8366105098808,399.45960506596754,716.5242992608568,0.8278857960513442,0.8289275809399473,0.8257747704597622,0.4425037567071527,0.95,0.7441913826985366,0.5789473684210527,0.9041666666666667,0.0575213199556903,0.10483382378714953,-7.356214246089799,48,audits/paper_extras/v4_runs/v2/bench2_seed808_det.json,True
808,det,flat_pit0.50_cit0,6,116.08432826718312,115.95281884333403,119.90153911861144,402.48836348245436,714.4440863165026,0.8375179660794937,0.837702038460199,0.8321750555221274,0.4366411995127778,0.9416666666666667,0.7588420050213747,0.4336283185840708,0.9,0.057013153357859614,0.10229778052584365,-7.251119311685295,42,audits/paper_extras/v4_runs/v2/bench2_seed808_det.json,True
808,det,flat_pit0.50_cit0,7,115.16185146405735,120.43578066168703,120.76605044288834,426.8603069838641,748.4369426409937,0.846130188259163,0.8390835970272822,0.8386423176590619,0.4296643008058754,0.9375,0.7721360099281397,0.26666666666666666,0.8916666666666667,0.06056229842285954,0.10276739382342956,-6.44819732959648,42,audits/paper_extras/v4_runs/v2/bench2_seed808_det.json,True
808,det,flat_pit0.50_cit0,8,98.49350540927207,100.20194904205376,101.91263287255566,363.11423403301234,653.848100456674,0.8493633225507878,0.8467504165385376,0.844134084351739,0.4446504719071623,0.95,0.7744624824904818,0.4605263157894737,0.9,0.06158291998064426,0.107047209959947,-7.28417222715185,47,audits/paper_extras/v4_runs/v2/bench2_seed808_det.json,True
808,det,flat_pit0.50_cit0,9,107.29585027207854,106.19866393817293,111.29898330422384,344.09922570371214,597.5833591313653,0.8204504047300756,0.8222864436979285,0.8137515350728546,0.4241820485030112,0.95,0.757039485638129,0.5307017543859649,0.9041666666666667,0.0772761768861766,0.15581247359863368,-8.712835371498851,46,audits/paper_extras/v4_runs/v2/bench2_seed808_det.json,True
808,det,flat_pit0_cit0.10,0,351.63362967949183,344.55084830592415,344.65092981465153,698.4777773500006,868.4988652563004,0.5951248254357567,0.6032800247767225,0.6031647897283752,0.19576431784528045,0.0,0.0,nan,0.0,0.0,0.0,6.197400148622023e-09,0,audits/paper_extras/v4_runs/v2/bench2_seed808_det.json,True
808,det,flat_pit0_cit0.10,1,376.8805341414366,370.04590357834087,370.12466516643786,729.8037051871383,895.406651135945,0.5790956727166228,0.5867286633297984,0.586640701521611,0.1849471921374683,0.0,0.0,nan,0.0,0.0,0.0,0.0,0,audits/paper_extras/v4_runs/v2/bench2_seed808_det.json,True
808,det,flat_pit0_cit0.10,2,374.7754335827284,367.3628276013338,367.422559867562,776.2790937694749,998.2828247932026,0.6245799043368654,0.632005260956549,0.6319454259431192,0.2223856060728245,0.0,0.0,nan,0.0,0.0,0.0,0.0,0,audits/paper_extras/v4_runs/v2/bench2_seed808_det.json,True
808,det,flat_pit0_cit0.10,3,377.0466166234242,370.38185591068424,370.46353163131124,723.1410517683893,885.7553785159306,0.5743219564128869,0.5818463371554646,0.5817541269102795,0.18358830292399594,0.0,0.0,nan,0.0,0.0,0.0,0.0,0,audits/paper_extras/v4_runs/v2/bench2_seed808_det.json,True
808,det,flat_pit0_cit0.10,4,355.7413039205771,349.72364687462283,349.73712967678836,688.6849547419191,823.7361709332038,0.5681368422639973,0.5754421631401425,0.5754257952754774,0.16394960055995392,0.0,0.0,nan,0.0,0.0,0.0,0.0,0,audits/paper_extras/v4_runs/v2/bench2_seed808_det.json,True
808,det,flat_pit0_cit0.10,5,425.22494561571887,419.5224294616213,419.5362521261011,748.6196222914258,887.9598163746157,0.5211214091288074,0.5275434521637952,0.527527885395767,0.156921733972255,0.0,0.0,nan,0.0,0.0,0.0,0.0,0,audits/paper_extras/v4_runs/v2/bench2_seed808_det.json,True
808,det,flat_pit0_cit0.10,6,386.02481307587726,380.09794608064016,380.16055846042366,704.0446416179332,843.7054885334651,0.5424649734744901,0.549489779020723,0.5494155678408333,0.16553269928146536,0.0,0.0,nan,0.0,0.0,0.0,0.0,0,audits/paper_extras/v4_runs/v2/bench2_seed808_det.json,True
808,det,flat_pit0_cit0.10,7,455.69353200467964,449.99347200686174,450.10081952935855,762.9814875743135,901.9084443054477,0.49474524284379495,0.5010652413245803,0.5009462186863352,0.15403665151191778,0.0,0.0,nan,0.0,0.0,0.0,0.0,0,audits/paper_extras/v4_runs/v2/bench2_seed808_det.json,True
808,det,flat_pit0_cit0.10,8,392.83702155548855,386.73684923895985,386.77939738898425,712.1725350466938,855.2731691082306,0.5406882435408459,0.547820669222911,0.54777092119905,0.16731570594076253,0.0,0.0,nan,0.0,0.0,0.0,0.0,0,audits/paper_extras/v4_runs/v2/bench2_seed808_det.json,True
808,det,flat_pit0_cit0.10,9,394.8720428954193,389.5900625816612,389.62685283734226,692.721766882642,809.6040637945741,0.5122652410553948,0.5187893934775082,0.5187439511961186,0.14436970136255323,0.0,0.0,nan,0.0,0.0,0.0,1.305622276959184e-13,0,audits/paper_extras/v4_runs/v2/bench2_seed808_det.json,True
808,det,flat_pit0_cit0.20,0,356.64651809445843,349.7274504315353,349.7670285413772,698.5366528013537,860.9019042506203,0.5857292029050574,0.5937662018113914,0.5937202289663478,0.18859901534379672,0.0,0.0,nan,0.0,0.0,0.0,4.8248588457866504e-08,0,audits/paper_extras/v4_runs/v2/bench2_seed808_det.json,True
808,det,flat_pit0_cit0.20,1,390.63092329612203,383.75520158432465,383.77224258215176,745.8150662634525,913.5002151439857,0.5723800423686262,0.5799068295524843,0.579888174934188,0.18356333813681988,0.0,0.0,nan,0.0,0.0,0.0,0.0,0,audits/paper_extras/v4_runs/v2/bench2_seed808_det.json,True
808,det,flat_pit0_cit0.20,2,380.5161293183687,373.3831485172719,373.64733469902995,763.9662015197254,954.8829940453686,0.6015049679476336,0.6089749730116865,0.608698304369135,0.19993736794580752,0.0,0.0,nan,0.0,0.0,0.0,0.0,0,audits/paper_extras/v4_runs/v2/bench2_seed808_det.json,True
808,det,flat_pit0_cit0.20,3,398.51206868652133,391.82996513212623,391.9054050886263,754.4203617813146,922.8477652688057,0.5681713889501121,0.575412132012917,0.5753303850993531,0.1825083289207856,0.0,0.0,nan,0.0,0.0,0.0,0.0,0,audits/paper_extras/v4_runs/v2/bench2_seed808_det.json,True
808,det,flat_pit0_cit0.20,4,370.1309787208567,364.02051022218757,364.08512787721673,714.7652956143023,853.7789639602195,0.5664791540376926,0.573636121773611,0.5735604374832305,0.16282161333784556,0.0,0.0,nan,0.0,0.0,0.0,0.0,0,audits/paper_extras/v4_runs/v2/bench2_seed808_det.json,True
808,det,flat_pit0_cit0.20,5,423.69462690027046,417.9466959854486,417.9358786806541,746.2709828190561,885.4390761476851,0.5214864146908272,0.5279780311889714,0.5279902480710651,0.1571741038741064,0.0,0.0,nan,0.0,0.0,0.0,0.0,0,audits/paper_extras/v4_runs/v2/bench2_seed808_det.json,True
808,det,flat_pit0_cit0.20,6,386.9332178002764,380.7223863616934,380.8392323819271,729.4719107480316,876.9515168411514,0.5587746752590834,0.565856972648744,0.5657237315082821,0.16817304407472028,0.0,0.0,nan,0.0,0.0,0.0,0.0,0,audits/paper_extras/v4_runs/v2/bench2_seed808_det.json,True
808,det,flat_pit0_cit0.20,7,406.3645595391195,399.7809844727251,399.88929703792166,747.1612835350013,907.9628490821212,0.5524436270163234,0.5596945570219397,0.5595752651750254,0.17710148131025144,0.0,0.0,nan,0.0,0.0,0.0,2.652245090217775e-10,0,audits/paper_extras/v4_runs/v2/bench2_seed808_det.json,True
808,det,flat_pit0_cit0.20,8,398.5946271944225,392.49684680259213,392.56110529019554,720.5957334807614,862.5261152844299,0.5378752942883586,0.5449449705378939,0.5448704701993364,0.1645519820079477,0.0,0.0,nan,0.0,0.0,0.0,0.0,0,audits/paper_extras/v4_runs/v2/bench2_seed808_det.json,True
808,det,flat_pit0_cit0.20,9,401.22418076749545,395.68182598276195,395.8618736121464,734.0253297574471,858.3042515219432,0.5325385141037743,0.5389958452598367,0.5387860739240136,0.1447958827468523,0.0,0.0,nan,0.0,0.0,0.0,7.489564524121306e-12,0,audits/paper_extras/v4_runs/v2/bench2_seed808_det.json,True
808,det,flat_pit0_cit0.30,0,362.07258432982553,355.0359820496987,355.08756452841817,716.4317487486163,882.9473395180561,0.5899273171518274,0.5978967644395532,0.5978383436522527,0.18859062518986675,0.0,0.0,nan,0.0,0.0,0.0,0.0,0,audits/paper_extras/v4_runs/v2/bench2_seed808_det.json,True
808,det,flat_pit0_cit0.30,1,377.79272110736787,370.5763103762154,370.71630817575186,753.3641919418424,928.2807330740841,0.5930188921876319,0.6007928451245357,0.6006420310501416,0.18843064915609103,0.0,0.0,nan,0.0,0.0,0.0,0.0,0,audits/paper_extras/v4_runs/v2/bench2_seed808_det.json,True
808,det,flat_pit0_cit0.30,2,356.2377708396538,348.643017317034,348.9158888697017,764.0930846164151,968.6110955950832,0.6322179536661275,0.6400588235024924,0.6397771092480217,0.21114564132988664,0.0,0.0,nan,0.0,0.0,0.0,0.0,0,audits/paper_extras/v4_runs/v2/bench2_seed808_det.json,True
808,det,flat_pit0_cit0.30,3,369.3712828376726,362.08888180208436,362.11901524074693,761.7852894136615,945.4560068445727,0.6093194393354835,0.6170219669865511,0.6169900951295377,0.1942668046966099,0.0,0.0,nan,0.0,0.0,0.0,0.0,0,audits/paper_extras/v4_runs/v2/bench2_seed808_det.json,True
808,det,flat_pit0_cit0.30,4,360.4786139051945,354.08157258928645,354.03171142182725,731.627082504943,877.2824195754824,0.5890962751999176,0.5963881588318768,0.5964449947678839,0.16603015610528496,0.0,0.0,nan,0.0,0.0,0.0,0.0,0,audits/paper_extras/v4_runs/v2/bench2_seed808_det.json,True
808,det,flat_pit0_cit0.30,5,456.16675729472894,450.34187105892016,450.4397680893192,799.746186466674,944.0644598957499,0.5168054972166816,0.5229755062396375,0.5228718088391339,0.1528690884571723,0.0,0.0,nan,0.0,0.0,0.0,0.0,0,audits/paper_extras/v4_runs/v2/bench2_seed808_det.json,True
808,det,flat_pit0_cit0.30,6,397.1861280618709,390.99360434791225,391.0945324232336,748.9798783556838,896.6901226125817,0.557053079937319,0.5639590595592604,0.5638465033118164,0.16472830527733678,0.0,0.0,nan,0.0,0.0,0.0,0.0,0,audits/paper_extras/v4_runs/v2/bench2_seed808_det.json,True
808,det,flat_pit0_cit0.30,7,413.20912215865906,406.6142889296742,406.80717656525997,770.3469014614669,928.0562549114009,0.5547585397200873,0.5618646102778623,0.5616567698214622,0.1699351225912378,0.0,0.0,nan,0.0,0.0,0.0,0.0,0,audits/paper_extras/v4_runs/v2/bench2_seed808_det.json,True
808,det,flat_pit0_cit0.30,8,371.81612490320606,365.30900265304945,365.3768037612402,715.3541968139235,863.5354621735319,0.5694257605039876,0.576961203499899,0.5768826877803244,0.1715983556559842,0.0,0.0,nan,0.0,0.0,0.0,0.0,0,audits/paper_extras/v4_runs/v2/bench2_seed808_det.json,True
808,det,flat_pit0_cit0.30,9,358.26540034823137,352.15581734129006,352.112846081292,719.7953358083404,853.8829911394027,0.5804279929851163,0.5875830517816252,0.5876333763113839,0.15703282150185333,0.0,0.0,nan,0.0,0.0,0.0,7.936828971821797e-10,0,audits/paper_extras/v4_runs/v2/bench2_seed808_det.json,True
808,det,flat_pit0_cit0.50,0,311.1697101702981,302.8910332517571,302.82227758976126,748.2207687117327,938.9277917922188,0.6685903720281412,0.6774075324007602,0.6774807602491602,0.2031114903058369,0.0,0.0,nan,0.0,0.0,0.0,0.0,0,audits/paper_extras/v4_runs/v2/bench2_seed808_det.json,True
808,det,flat_pit0_cit0.50,1,357.6512220184404,349.43415239035124,349.597027375516,801.253164415878,1001.5083951494123,0.6428874448275759,0.6510921385354737,0.6509295088601224,0.19995362166051409,0.0,0.0,nan,0.0,0.0,0.0,0.0,0,audits/paper_extras/v4_runs/v2/bench2_seed808_det.json,True
808,det,flat_pit0_cit0.50,2,334.20024646691036,325.5949920135425,325.67153815954225,784.5720169366485,1026.3451446647618,0.6743783042145426,0.6827626713040158,0.6826880900129193,0.23556707895479384,0.0,0.0,nan,0.0,0.0,0.0,0.0,0,audits/paper_extras/v4_runs/v2/bench2_seed808_det.json,True
808,det,flat_pit0_cit0.50,3,338.8241224495725,330.8578198855408,330.93635041315343,769.964904391572,959.211978074508,0.6467682533221516,0.6550733024104908,0.6549914325742004,0.19729431867898967,0.0,0.0,nan,0.0,0.0,0.0,0.0,0,audits/paper_extras/v4_runs/v2/bench2_seed808_det.json,True
808,det,flat_pit0_cit0.50,4,334.8794715291197,327.88885415384647,327.56697360273097,743.1556798849069,899.337987592032,0.6276378000825297,0.6354108703539084,0.6357687786770932,0.17366363910113655,0.0,0.0,nan,0.0,0.0,0.0,0.0,0,audits/paper_extras/v4_runs/v2/bench2_seed808_det.json,True
808,det,flat_pit0_cit0.50,5,392.9535580090439,386.0993232912974,386.3575220806249,808.8367878510542,971.6824904522844,0.5955946907861459,0.6026486768207775,0.6023829534061184,0.16759147581781692,0.0,0.0,nan,0.0,0.0,0.0,0.0,0,audits/paper_extras/v4_runs/v2/bench2_seed808_det.json,True
808,det,flat_pit0_cit0.50,6,353.21523760411804,345.9719357290474,346.06020846076666,757.0158427697668,929.2336481228907,0.6198854418179598,0.6276803617390179,0.6275853665438939,0.1853331567372904,0.0,0.0,nan,0.0,0.0,0.0,0.0,0,audits/paper_extras/v4_runs/v2/bench2_seed808_det.json,True
808,det,flat_pit0_cit0.50,7,388.5255848193231,381.16471568413596,381.2533253179945,780.8001038963938,956.1880867089451,0.5936724267747683,0.6013705661236093,0.6012778964542312,0.18342414557392178,0.0,0.0,nan,0.0,0.0,0.0,0.0,0,audits/paper_extras/v4_runs/v2/bench2_seed808_det.json,True
808,det,flat_pit0_cit0.50,8,390.33944874269946,383.5899766895515,383.6542304109232,777.3373147195349,933.0480676920902,0.5816512972282226,0.5888850853757538,0.5888162210550435,0.16688395631932268,0.0,0.0,nan,0.0,0.0,0.0,0.0,0,audits/paper_extras/v4_runs/v2/bench2_seed808_det.json,True
808,det,flat_pit0_cit0.50,9,347.918182363899,341.23009027778716,341.3800257213422,737.0671178987843,883.0760409246618,0.6060156020090901,0.613589233017252,0.6134194453244526,0.1653412800929269,0.0,0.0,nan,0.0,0.0,0.0,0.0,0,audits/paper_extras/v4_runs/v2/bench2_seed808_det.json,True
808,exp,rl_learned,0,391.46152179257405,385.27157912880796,384.7622253558778,711.2577433156538,869.2718473811744,0.5496673187197805,0.5567881551789553,0.5573741097045328,0.1817775469682635,0.041666666666666664,0.0007578727847119179,1.0,0.0,0.00012603420969197455,0.003725007506385282,-0.45076635558749173,1,audits/paper_extras/v4_runs/v2/bench2_seed808_exp.json,True
808,exp,rl_learned,1,402.13287752381257,395.344543941767,395.33651026958546,721.9990775061952,900.8081725763758,0.5535865573092174,0.5611223832360964,0.561131301530164,0.19849852667163725,0.0125,0.00021162714097496706,1.0,0.0,0.0005730311323054819,0.04820493726238162,-0.15283987373113628,0,audits/paper_extras/v4_runs/v2/bench2_seed808_exp.json,True
808,exp,rl_learned,2,362.3059759718185,355.19773154509807,354.42491053645557,739.2851031986354,944.2638652436949,0.6163085454103289,0.6238363611918699,0.6246547987463379,0.21707784189344012,0.016666666666666666,0.0004950495049504951,1.0,0.0,0.0006955931844810488,0.01584330066544481,-0.04213938117027283,0,audits/paper_extras/v4_runs/v2/bench2_seed808_exp.json,True
808,exp,rl_learned,3,376.65406395883025,369.63355960415157,369.6350667877386,722.7322688058804,905.2752508478278,0.5839342082907071,0.591689312992955,0.5916876481030935,0.2016436237166413,0.03333333333333333,0.0008826047834668524,1.0,0.0,0.0006756265072643522,0.01638492772055405,-0.3964988778403353,0,audits/paper_extras/v4_runs/v2/bench2_seed808_exp.json,True
808,exp,rl_learned,4,282.61875125208195,275.3632559030108,274.8829831341785,641.3146055221094,809.7486022460282,0.6509796368055809,0.6599398194214525,0.6605329328488794,0.20800776470218957,0.058333333333333334,0.001005836413298074,1.0,0.0,5.7271787982116075e-05,0.001776290397670977,-1.2162927324926507,0,audits/paper_extras/v4_runs/v2/bench2_seed808_exp.json,True
808,exp,rl_learned,5,334.4179412924144,327.2975227846288,325.78844059346375,679.7450824377023,853.5660919554379,0.6082108410301362,0.6165528060811065,0.6183207795343489,0.20364094960652465,0.020833333333333332,0.0005033614347325489,1.0,0.0,0.0003497060365567343,0.016556978258561915,-0.8541506113747728,0,audits/paper_extras/v4_runs/v2/bench2_seed808_exp.json,True
808,exp,rl_learned,6,361.5527320272289,355.3923782435971,355.4274653740807,669.1923656145651,820.0854766812062,0.5591279905475315,0.5666398340794546,0.5665970493558113,0.1839968093049136,0.008333333333333333,0.00020881336405529952,1.0,0.0,0.00012373736573470588,0.004552467857265201,-0.26367419534326153,1,audits/paper_extras/v4_runs/v2/bench2_seed808_exp.json,True
808,exp,rl_learned,7,397.5355708143676,391.21649225041693,391.14780972887655,700.044824913894,855.9412297375728,0.5355573992664777,0.5429400072591878,0.543020249358942,0.1821344730309064,0.020833333333333332,0.0004629629629629629,1.0,0.0,0.0006788955955477625,0.031337592813331594,-0.03778323531150818,0,audits/paper_extras/v4_runs/v2/bench2_seed808_exp.json,True
808,exp,rl_learned,8,356.91376458871554,350.07743803531247,349.49181723467393,706.1747011890203,876.2874262527879,0.5926978364679234,0.6004993024579546,0.6011676000770848,0.19412891246335678,0.004166666666666667,3.968253968253969e-05,1.0,0.0,0.00023794643157735003,0.024990321673487928,-0.016300317350914362,0,audits/paper_extras/v4_runs/v2/bench2_seed808_exp.json,True
808,exp,rl_learned,9,340.16443232450257,333.71842570840334,333.5059642226251,654.4872411818302,795.0275677015363,0.5721350477091824,0.5802429509794237,0.5805101888645104,0.17677415504724595,0.10833333333333334,0.003588102684150979,1.0,0.0,0.000623713983089966,0.013318915227702248,-0.3389429211616517,0,audits/paper_extras/v4_runs/v2/bench2_seed808_exp.json,True
808,exp,free_market,0,382.8547786181548,376.6713003965979,376.6802834736214,698.5221651888121,856.7083011722019,0.5531095262012649,0.5603272433788575,0.560316757806334,0.18464410321103417,0.0,0.0,nan,0.0,0.0,0.0,5.814149162119975e-11,0,audits/paper_extras/v4_runs/v2/bench2_seed808_exp.json,True
808,exp,free_market,1,396.8465027635716,390.30376922164834,389.7692930524322,708.5968148997124,889.2026019564522,0.5537051939676997,0.5610631723716402,0.5616642459268009,0.2031098274559308,0.0,0.0,nan,0.0,0.0,0.0,0.0,0,audits/paper_extras/v4_runs/v2/bench2_seed808_exp.json,True
808,exp,free_market,2,378.56410795594815,371.98400863335405,371.41224934339215,728.3802283033217,921.4582883348776,0.5891684813644328,0.5963094441251939,0.5969299380718002,0.20953532295038316,0.0,0.0,nan,0.0,0.0,0.0,2.55351295663786e-14,0,audits/paper_extras/v4_runs/v2/bench2_seed808_exp.json,True
808,exp,free_market,3,439.9793810154308,434.50944940009646,433.63397341745406,728.8835108769842,878.5828793777632,0.4992169875572394,0.5054428448368717,0.5064393085777341,0.17038730439045238,0.0,0.0,nan,0.0,0.0,0.0,2.220446049250313e-15,0,audits/paper_extras/v4_runs/v2/bench2_seed808_exp.json,True
808,exp,free_market,4,297.6818207732441,290.87152100110677,290.8297080370502,626.8889342174724,788.8915848456456,0.6226581364390033,0.6312908812964222,0.6313438834640962,0.20535477084581988,0.0,0.0,nan,0.0,0.0,0.0,0.0,0,audits/paper_extras/v4_runs/v2/bench2_seed808_exp.json,True
808,exp,free_market,5,404.28235780057105,398.4273964558742,397.8495922289624,708.4080141469889,862.4745805101156,0.5312530166843226,0.5380415777352858,0.5387115154238494,0.17863316768362406,0.0,0.0,nan,0.0,0.0,0.0,2.5695001681924623e-12,0,audits/paper_extras/v4_runs/v2/bench2_seed808_exp.json,True
808,exp,free_market,6,345.23229027851863,338.86273910598595,338.9582427041775,668.731825770171,827.949453316853,0.5830273347056616,0.590720499000916,0.5906051494493112,0.19230356020991302,0.0,0.0,nan,0.0,0.0,0.0,0.0,0,audits/paper_extras/v4_runs/v2/bench2_seed808_exp.json,True
808,exp,free_market,7,388.04787562777693,381.4800374737181,381.01133581217533,698.8364759543167,872.4864244170775,0.5552390676026414,0.5627667929290806,0.5633039951690535,0.19902882566772215,0.0,0.0,nan,0.0,0.0,0.0,0.01819737095492857,0,audits/paper_extras/v4_runs/v2/bench2_seed808_exp.json,True
808,exp,free_market,8,420.41893521312863,414.766853262316,413.9696475576508,694.1391805984923,842.8952783743355,0.5012204410208859,0.5079259975660758,0.5088717920498256,0.1764823004617421,0.0,0.0,nan,0.0,0.0,0.0,0.0,0,audits/paper_extras/v4_runs/v2/bench2_seed808_exp.json,True
808,exp,free_market,9,339.03244388417727,332.9476401733888,333.0476889575104,654.9119148569697,800.8920461894118,0.5766814697470528,0.5842790026976415,0.5841540810123812,0.1822719204504593,0.0,0.0,nan,0.0,0.0,0.0,0.0,0,audits/paper_extras/v4_runs/v2/bench2_seed808_exp.json,True
808,exp,us_federal,0,321.24494018852926,285.8676193648678,274.13772633683357,679.075984351371,836.8824849419117,0.6161409206564683,0.6584136667829654,0.672429843772078,0.18856470702872247,0.7708333333333334,0.1023807395495147,1.0,0.0,0.02588892395993885,0.15006495653199908,-0.5495977805082178,0,audits/paper_extras/v4_runs/v2/bench2_seed808_exp.json,True
808,exp,us_federal,1,360.9994431770378,323.2520849673547,313.312852793359,723.0771242935648,889.6133112054083,0.5942063381584402,0.6366375357745552,0.6478100666357764,0.18720064640915757,0.8083333333333333,0.08554977353790202,1.0,0.0,0.016962980960401903,0.12787449695997935,-0.8026886734235548,0,audits/paper_extras/v4_runs/v2/bench2_seed808_exp.json,True
808,exp,us_federal,2,285.72239918087934,262.9537884327136,258.85286591118967,714.7834975290809,948.5329100509591,0.6987743955393924,0.7227784237675141,0.7271018610231637,0.246432580298474,0.7916666666666666,0.17471466950461473,1.0,0.0,0.023028235549687102,0.07741659462700455,-0.9859126048981155,0,audits/paper_extras/v4_runs/v2/bench2_seed808_exp.json,True
808,exp,us_federal,3,302.03844676857426,271.35037708873347,259.61561837789134,683.7406505955541,863.3782592268074,0.6501667217807143,0.6857108987991666,0.6993025761264959,0.2080636229966301,0.8833333333333333,0.11770305221564097,1.0,0.0,0.020664816107368932,0.10233154048122976,-1.0107419236114912,0,audits/paper_extras/v4_runs/v2/bench2_seed808_exp.json,True
808,exp,us_federal,4,279.9289020168846,246.4234641426048,231.78902108911328,649.8302244920516,793.6549219729808,0.6472914181380022,0.6895080502619323,0.7079473525938716,0.18121817618592886,0.9375,0.17638512172417523,1.0,0.0,0.04905778710103601,0.18939876878370498,-1.0325488080652858,0,audits/paper_extras/v4_runs/v2/bench2_seed808_exp.json,True
808,exp,us_federal,5,333.21387546311234,295.52553184212354,283.7209413479801,697.9290482076569,863.3167427483997,0.6140305649554368,0.6576858559451686,0.6713593895506482,0.19157243958251655,0.8583333333333333,0.09205324865820377,1.0,0.0,0.01548440960290457,0.12019620365141633,-0.9086658875445406,0,audits/paper_extras/v4_runs/v2/bench2_seed808_exp.json,True
808,exp,us_federal,6,303.45694365184534,268.6570931490194,256.96060250872165,656.6333356198561,804.6096213335029,0.6228519575133624,0.6661025595197754,0.6806394110937259,0.1839106590204593,0.8958333333333334,0.12277275077575418,1.0,0.0,0.030815549834265123,0.15414856813378724,-0.9891962532579335,0,audits/paper_extras/v4_runs/v2/bench2_seed808_exp.json,True
808,exp,us_federal,7,323.1767770246777,292.48493352859253,286.08230644488555,693.5269914508123,872.0153600881463,0.6293909582143027,0.664587406466066,0.6719297393844446,0.2046848906644165,0.5458333333333333,0.06359269096973069,1.0,0.0,0.019363440631471097,0.15575642857756677,-0.6016289323811074,0,audits/paper_extras/v4_runs/v2/bench2_seed808_exp.json,True
808,exp,us_federal,8,297.4495233436285,263.98671835088993,259.770590944818,673.2452550639936,848.1653213262309,0.6493024226945254,0.6887555860712297,0.6937264653326918,0.20623345692644468,0.775,0.0869393452811587,1.0,0.0,0.01879966514685972,0.12483675517805315,-0.6967610510701097,0,audits/paper_extras/v4_runs/v2/bench2_seed808_exp.json,True
808,exp,us_federal,9,229.03154581826323,198.88693600600507,193.52965853588665,620.1040515793349,785.8840559132162,0.7085682753136873,0.7469258543807793,0.7537427345933357,0.2109471531920075,0.8708333333333333,0.12374368185642913,1.0,0.0,0.03480225724050388,0.16045645737946443,-1.0245980653851936,0,audits/paper_extras/v4_runs/v2/bench2_seed808_exp.json,True
808,exp,saez,0,117.4329924764999,120.51987227844474,180.19706136702155,442.36622438815886,673.7752727315788,0.8257089607928023,0.8211274928659219,0.7325561375434905,0.34345138165319633,0.9541666666666667,0.8130450718263478,0.44541484716157204,0.925,0.16715739022921305,inf,-16.374604530439292,36,audits/paper_extras/v4_runs/v2/bench2_seed808_exp.json,True
808,exp,saez,1,129.45827949896935,125.14910891536842,178.32535866407312,460.03234800476605,725.6291889705993,0.821591686957049,0.827530216786195,0.7542472637890282,0.36602281854540253,0.9583333333333334,0.7920280396803444,0.5652173913043478,0.9208333333333333,0.12986823723623644,0.34239869486564034,-16.035909736968804,39,audits/paper_extras/v4_runs/v2/bench2_seed808_exp.json,True
808,exp,saez,2,177.04895283933197,143.53868589703927,181.2280330870002,501.2256405876991,864.7278109123644,0.7952547025722121,0.8340070897620452,0.7904218751842981,0.4203659992629801,0.9541666666666667,0.6655753512714792,0.9563318777292577,0.8958333333333334,0.09656004444806458,0.3727942758441844,-22.36499643203798,43,audits/paper_extras/v4_runs/v2/bench2_seed808_exp.json,True
808,exp,saez,3,146.5536694514765,141.4890691560005,193.30031246352397,518.5462923941648,793.7711756528811,0.8153703813558922,0.821750809936346,0.7564785439525019,0.3467307603256598,0.9625,0.77891220537496,0.5584415584415584,0.9208333333333333,0.29539512359152786,inf,-19.938652683775736,41,audits/paper_extras/v4_runs/v2/bench2_seed808_exp.json,True
808,exp,saez,4,103.80999630252359,97.96783775457735,160.53629019287297,401.6428449947662,624.5538551005126,0.8337853566113735,0.8431394875645898,0.7429584512499133,0.35691239159811466,0.9583333333333334,0.8186288447822595,0.5608695652173913,0.9375,0.13443116533350757,0.33856452052544106,-19.072904914505596,46,audits/paper_extras/v4_runs/v2/bench2_seed808_exp.json,True
808,exp,saez,5,94.49163607606918,104.69120093020173,155.61874346240486,397.8022083789298,594.7206666193534,0.841115936640978,0.8239657593785814,0.7383330491152958,0.3311108378993996,0.9583333333333334,0.8315644880613268,0.3347826086956522,0.925,0.18478847227619016,0.48316133186723925,-18.45465623900013,34,audits/paper_extras/v4_runs/v2/bench2_seed808_exp.json,True
808,exp,saez,6,103.968248332521,109.82807572968929,171.34479787392445,395.8470987677986,588.5338250426308,0.8233436313962244,0.813386977848327,0.7088615971027443,0.3274012776765632,0.9541666666666667,0.8232787067082558,0.4366812227074236,0.9208333333333333,0.1895256490358425,inf,-23.41113518197647,40,audits/paper_extras/v4_runs/v2/bench2_seed808_exp.json,True
808,exp,saez,7,146.16559986531465,133.68201867875786,193.55830862455136,504.8795396142044,788.8780177720163,0.8147171088907739,0.8305415847987393,0.7546410164004732,0.360003031850086,0.9583333333333334,0.7816998403269526,0.5695652173913044,0.9166666666666666,0.10806774700922073,0.2803016955303819,-20.895801455142152,31,audits/paper_extras/v4_runs/v2/bench2_seed808_exp.json,True
808,exp,saez,8,111.0520007014048,106.24681902262506,172.35296336383112,454.7578411273389,710.2983681254689,0.843654433566447,0.8504194521761067,0.7573513172799712,0.35976504869709997,0.9583333333333334,0.815035577229456,0.48695652173913045,0.9208333333333333,0.10445861558520579,0.23384830019168007,-22.200395864993077,40,audits/paper_extras/v4_runs/v2/bench2_seed808_exp.json,True
808,exp,saez,9,264.89769100247474,324.52004895903076,294.1052754708625,371.7471494706803,426.3953268037506,0.37875095163884265,0.23892212564423387,0.3102521135129017,0.12816317135253738,0.9583333333333334,0.8893041907368087,0.1608695652173913,0.9291666666666667,inf,inf,-20.707960254316625,37,audits/paper_extras/v4_runs/v2/bench2_seed808_exp.json,True
808,exp,free_market+rl_aux,0,382.6968914819823,376.45964759716486,374.16931646156723,696.6091925310394,857.4124761163253,0.5536606917414837,0.560935188041175,0.5636064007881271,0.18754483759514323,0.0,0.0,nan,0.0,0.0,0.0,4.88506612938977e-09,0,audits/paper_extras/v4_runs/v2/bench2_seed808_exp.json,True
808,exp,free_market+rl_aux,1,397.98695132607617,391.43259117620704,390.9747074148021,710.5438638547101,891.1892998558534,0.5534204109155607,0.5607750326002345,0.5612888221637751,0.202701531571757,0.0,0.0,nan,0.0,0.0,0.0,0.0,0,audits/paper_extras/v4_runs/v2/bench2_seed808_exp.json,True
808,exp,free_market+rl_aux,2,371.46619661943436,364.5662220513815,363.97655372304126,755.1432402430505,961.3046063590513,0.6135811748303532,0.6207588940698215,0.621372298316966,0.21445997944068798,0.0,0.0,nan,0.0,0.0,0.0,4.218847493575595e-15,0,audits/paper_extras/v4_runs/v2/bench2_seed808_exp.json,True
808,exp,free_market+rl_aux,3,440.0730847817063,434.59235739127416,433.7623791516372,730.2046921542585,879.6349494913977,0.4997094135059604,0.5059400974886751,0.5068836459915135,0.16987758094825509,0.0,0.0,nan,0.0,0.0,0.0,2.4424906541753444e-15,0,audits/paper_extras/v4_runs/v2/bench2_seed808_exp.json,True
808,exp,free_market+rl_aux,4,316.61675859356063,309.782916250254,309.89481810998467,654.5496032558763,822.6195884451298,0.6151115739998215,0.6234189890423244,0.6232829579274537,0.20431070150776517,0.0,0.0,nan,0.0,0.0,0.0,0.0,0,audits/paper_extras/v4_runs/v2/bench2_seed808_exp.json,True
808,exp,free_market+rl_aux,5,405.03917339487424,399.1697058017041,398.576948060576,710.1562303191588,864.4198713804439,0.5314323666020739,0.5382224321564403,0.5389081611184335,0.1784591564455039,0.0,0.0,nan,0.0,0.0,0.0,3.518074720432196e-12,0,audits/paper_extras/v4_runs/v2/bench2_seed808_exp.json,True
808,exp,free_market+rl_aux,6,346.2420185944818,339.86283870382556,339.95880569520716,670.3035023857915,829.6467522666467,0.5826633230968156,0.5903523544504946,0.5902366823392986,0.19206156047199544,0.0,0.0,nan,0.0,0.0,0.0,0.0,0,audits/paper_extras/v4_runs/v2/bench2_seed808_exp.json,True
808,exp,free_market+rl_aux,7,389.2071489403837,382.6300085995381,382.6342542408065,700.6745831218041,874.2870976326043,0.5548291287904404,0.5623519898261977,0.5623471337082475,0.19857609128729964,0.0,0.0,nan,0.0,0.0,0.0,0.018198791298470463,0,audits/paper_extras/v4_runs/v2/bench2_seed808_exp.json,True
808,exp,free_market+rl_aux,8,421.661570009499,416.0002328106363,415.26968261715865,695.9305232446737,844.7929127328666,0.5008699011862647,0.5075713508711922,0.5084361192451531,0.1762116931197136,0.0,0.0,nan,0.0,0.0,0.0,0.0,0,audits/paper_extras/v4_runs/v2/bench2_seed808_exp.json,True
808,exp,free_market+rl_aux,9,344.2396365558304,338.22174121459796,338.3120113906002,653.6294575768383,797.74934386046,0.5684864685817357,0.5760300602970365,0.5759169042327953,0.18065810695148732,0.0,0.0,nan,0.0,0.0,0.0,0.0,0,audits/paper_extras/v4_runs/v2/bench2_seed808_exp.json,True
808,exp,us_federal+rl_aux,0,235.61680351665265,212.35599177498585,211.1747070142804,685.865812319099,886.3654911470185,0.7341764702371838,0.7604193824150549,0.7617521111511171,0.22620429250743848,0.7666666666666667,0.10396068226170048,1.0,0.0,0.0076759588693650835,0.047022174396028654,-0.6239326808442578,0,audits/paper_extras/v4_runs/v2/bench2_seed808_exp.json,True
808,exp,us_federal+rl_aux,1,361.2214513810003,317.75496325988104,303.19076572840737,738.2606208033098,899.8489194908672,0.5985754457699647,0.6468796523757941,0.6630648110352212,0.17957269846918714,0.825,0.0994885341017715,1.0,0.0,0.02435323806321578,0.1563154389891545,-0.7758152412020964,0,audits/paper_extras/v4_runs/v2/bench2_seed808_exp.json,True
808,exp,us_federal+rl_aux,2,251.47849225916437,231.3379188908927,229.10706985888146,715.4455967871535,986.9718376410402,0.7452019574740626,0.7656083891473408,0.767868685689685,0.27511042412604314,0.8916666666666667,0.1642169849923704,1.0,0.0,0.009334961307831503,0.036042553817705686,-0.630000009387732,0,audits/paper_extras/v4_runs/v2/bench2_seed808_exp.json,True
808,exp,us_federal+rl_aux,3,255.06644926399716,231.0836692209708,226.9760738201821,700.4571523005795,911.3792991254794,0.7201313991784233,0.7464462168026981,0.7509532265677105,0.231431794673515,0.8666666666666667,0.13010978999260833,1.0,0.0,0.015675547448855513,0.06516641207944576,-1.0027282554317747,0,audits/paper_extras/v4_runs/v2/bench2_seed808_exp.json,True
808,exp,us_federal+rl_aux,4,274.6124479980205,237.73632436698085,224.14677525205835,645.5573669078013,795.5588440933626,0.654818182166053,0.7011706599303654,0.7182524248002029,0.188548563439712,0.9375,0.1565043461483438,1.0,0.0,0.03935816839728753,0.17574393537683186,-1.0300316981095392,0,audits/paper_extras/v4_runs/v2/bench2_seed808_exp.json,True
808,exp,us_federal+rl_aux,5,298.39588321347054,265.89440149694565,257.7842450559606,686.9913607883681,884.5030747394296,0.6626400837539468,0.6993855543404676,0.7085547213819436,0.22330246167798515,0.8416666666666667,0.1027044317016124,1.0,0.0,0.015189216765998353,0.10054389902969839,-0.7480252007845817,0,audits/paper_extras/v4_runs/v2/bench2_seed808_exp.json,True
808,exp,us_federal+rl_aux,6,254.74744252555337,224.63983985297807,213.9835711740954,680.8289638643047,865.0330006138346,0.7055055213560841,0.7403106705830046,0.7526295863599991,0.21294451959499477,0.8416666666666667,0.12671934772789806,1.0,0.0,0.03016501765602703,0.12953178832984746,-0.630000009387732,0,audits/paper_extras/v4_runs/v2/bench2_seed808_exp.json,True
808,exp,us_federal+rl_aux,7,319.14145471102233,289.48623542252267,277.5683717081436,681.9828939848093,869.4705714176922,0.6329473760214165,0.6670545905302941,0.680761625714874,0.2156342993037475,0.7083333333333334,0.0864272685249186,1.0,0.0,0.01873969787973302,0.11973128954686132,-0.4085065189955642,0,audits/paper_extras/v4_runs/v2/bench2_seed808_exp.json,True
808,exp,us_federal+rl_aux,8,256.2856805639822,232.89944440484473,227.7688481064517,656.3437852862398,874.5164581773536,0.7069401288363094,0.7336820339662352,0.7395488146887914,0.24947806396442676,0.6875,0.07711904048339567,1.0,0.0,0.00855272891188599,0.06635747414243807,-0.6300000093877315,0,audits/paper_extras/v4_runs/v2/bench2_seed808_exp.json,True
808,exp,us_federal+rl_aux,9,248.96135626185438,217.06201437076163,210.18360029216936,631.193253548825,805.9412443406972,0.6910924239080009,0.7306726564808953,0.739207291141787,0.21682472763237884,0.8375,0.1409973071911309,1.0,0.0,0.03400204054691638,0.15969857415607866,-0.9169789868143048,0,audits/paper_extras/v4_runs/v2/bench2_seed808_exp.json,True
808,exp,saez+rl_aux,0,114.3968723981982,104.57841991707475,138.35115920003733,402.27601954782,699.4506743031702,0.8364475486249743,0.8504849251575012,0.8022002633168235,0.42486863716503137,0.9541666666666667,0.7769730758207819,0.6681222707423581,0.9125,0.0744696442914097,0.17410461079595446,-16.393890253265205,38,audits/paper_extras/v4_runs/v2/bench2_seed808_exp.json,True
808,exp,saez+rl_aux,1,117.71481643157516,114.50893389908855,152.21554305104186,424.31510579621266,738.4985081731969,0.8406024993567516,0.8449435812912526,0.7938851042129074,0.42543539208247133,0.9583333333333334,0.7802342914193116,0.5956521739130435,0.9083333333333333,0.07771477838907856,0.163230330572996,-11.210807899218475,42,audits/paper_extras/v4_runs/v2/bench2_seed808_exp.json,True
808,exp,saez+rl_aux,2,210.87216353765325,183.6238547002233,203.19183817935587,553.7564552745906,1030.7486882869819,0.7954184507495177,0.8218539040729794,0.8028696611614964,0.4627628814207975,0.95,0.6439160695173088,1.0,0.9125,0.03104170382241976,0.08574626738086083,-15.829899125068236,49,audits/paper_extras/v4_runs/v2/bench2_seed808_exp.json,True
808,exp,saez+rl_aux,3,131.890660810669,119.38367304612402,149.13434146528053,423.804291306543,741.7169227840517,0.8221819446755855,0.8390441563635698,0.7989336135064826,0.42861720113411494,0.9583333333333334,0.7532036807160855,0.7478260869565218,0.9083333333333333,0.06241275923286338,0.1406205875055783,-15.498750928008455,41,audits/paper_extras/v4_runs/v2/bench2_seed808_exp.json,True
808,exp,saez+rl_aux,4,101.65684780556344,91.12137316524863,130.95414005202733,368.37257952246455,650.33422920008,0.8436852263941224,0.8598853188500793,0.7986356335370772,0.4335642151643043,0.9583333333333334,0.7749392144582139,0.7782608695652173,0.9208333333333333,0.06000093004755628,0.1296689480966537,-13.636244753212612,42,audits/paper_extras/v4_runs/v2/bench2_seed808_exp.json,True
808,exp,saez+rl_aux,5,121.75702296990511,111.31721250501937,143.45659092212694,413.82080891125986,720.0864557996281,0.8309133271577804,0.8454113230314741,0.8007786568311107,0.42531788290375777,0.9541666666666667,0.7545182311015967,0.7947598253275109,0.9208333333333333,0.06303433206279946,0.13593596510926495,-14.404552153487138,41,audits/paper_extras/v4_runs/v2/bench2_seed808_exp.json,True
808,exp,saez+rl_aux,6,116.16774653266175,103.88202088050775,135.09686770076863,384.8834920628769,677.6672564459072,0.8285770111692943,0.8467064479028731,0.8006442447739065,0.4320464971534314,0.95,0.7627462797041015,0.8289473684210527,0.9166666666666666,0.06144265457227428,0.13710852026224096,-19.314205132026053,47,audits/paper_extras/v4_runs/v2/bench2_seed808_exp.json,True
808,exp,saez+rl_aux,7,127.74375462203525,117.0572733098236,159.77905908666048,428.105905824284,740.8373629178069,0.8275684232246154,0.8419932914171735,0.7843264026838946,0.4221324041511919,0.9541666666666667,0.7589579077755311,0.6550218340611353,0.9041666666666667,0.07060494105106159,0.1685902442503107,-12.38022754549032,43,audits/paper_extras/v4_runs/v2/bench2_seed808_exp.json,True
808,exp,saez+rl_aux,8,120.45699464836801,109.50857843563651,141.2364779316712,405.9354061900387,719.3855581499265,0.8325557230282017,0.847774844525286,0.8036706793296006,0.4357192723829492,0.9541666666666667,0.7532164634457452,0.7903930131004366,0.9166666666666666,0.056304275023768134,0.1231268835127838,-11.82098241899864,44,audits/paper_extras/v4_runs/v2/bench2_seed808_exp.json,True
808,exp,saez+rl_aux,9,115.13666458469369,101.63400271893732,145.67711627442802,374.99040916882836,635.5580669703561,0.8188416282188989,0.8400869912588526,0.770788659848412,0.4099824569037863,0.9583333333333334,0.7620329840495954,0.8391304347826087,0.925,0.07725922940187421,0.19176659973801635,-15.54938556465353,45,audits/paper_extras/v4_runs/v2/bench2_seed808_exp.json,True
808,exp,rl_mean_fixed,0,428.76667034592805,422.81732043351127,422.35796048509127,729.0908043952118,871.6731188060716,0.5081107113487581,0.514935918853798,0.5154629053336027,0.16357314609650275,0.30833333333333335,0.009834462318238217,1.0,0.0,0.00015956532499812164,0.004694134574915949,-0.0210968892322856,0,audits/paper_extras/v4_runs/v2/bench2_seed808_exp.json,True
808,exp,rl_mean_fixed,1,426.6005778586085,419.70130422115295,419.21783968683343,754.8320119110907,937.3560084743998,0.5448894827559433,0.5522498384533314,0.5527656131749406,0.1947221705660982,0.3333333333333333,0.006000222147058512,1.0,0.0,6.147562764012382e-05,0.0034160479259892095,-0.02109688923228553,0,audits/paper_extras/v4_runs/v2/bench2_seed808_exp.json,True
808,exp,rl_mean_fixed,2,281.8219632379355,273.11024206133874,272.971935807489,683.4715727286958,922.3590202032883,0.6944552424111147,0.7039002860283785,0.704050234422464,0.2589961633615742,0.31666666666666665,0.015413554233945838,1.0,0.0,0.00011449206616459399,0.001810225562081597,-0.021096889232285757,0,audits/paper_extras/v4_runs/v2/bench2_seed808_exp.json,True
808,exp,rl_mean_fixed,3,411.13998541289794,404.2325200369391,404.1552908611855,748.1018425097732,929.093525241875,0.5574826707506502,0.5649172994379619,0.5650004225828934,0.19480458943569043,0.26666666666666666,0.009260257562144355,1.0,0.0,0.00013733822787579932,0.004000479325981429,-0.003348712576553281,0,audits/paper_extras/v4_runs/v2/bench2_seed808_exp.json,True
808,exp,rl_mean_fixed,4,309.89950428465187,302.76344537018474,302.6376509441063,655.9622388205765,819.5631290713357,0.6218723203961047,0.6305794701705866,0.6307329597818395,0.19961963203022418,0.2833333333333333,0.009332445346773055,1.0,0.0,0.00012162533593243884,0.003414310336357724,-0.02109688923228581,0,audits/paper_extras/v4_runs/v2/bench2_seed808_exp.json,True
808,exp,rl_mean_fixed,5,367.6305696195439,360.6973487077091,360.4727168831817,699.9581642519919,872.2516623291237,0.578526948704367,0.5864755961088574,0.5867331270878499,0.19752727970396342,0.3,0.005634691090835694,1.0,0.0,6.121848269814904e-05,0.003160945152597454,-0.021096889232285726,0,audits/paper_extras/v4_runs/v2/bench2_seed808_exp.json,True
808,exp,rl_mean_fixed,6,356.6293623625583,349.66568650948847,349.45996506682786,684.3050635732003,855.1070697484363,0.5829418619267468,0.5910854922385842,0.5913260719857744,0.19974341485152752,0.4083333333333333,0.007465361172986873,1.0,0.0,4.9499971427736064e-05,0.0027772723862306064,-0.021096889232285646,0,audits/paper_extras/v4_runs/v2/bench2_seed808_exp.json,True
808,exp,rl_mean_fixed,7,445.5136277040102,439.67202441985836,439.5714745567454,738.8855976188252,894.4545914531525,0.50191588040236,0.5084467913507419,0.5085592060714821,0.17392609453945126,0.0,0.0,nan,0.0,0.0,0.0,0.030197578098131228,0,audits/paper_extras/v4_runs/v2/bench2_seed808_exp.json,True
808,exp,rl_mean_fixed,8,342.3939711191569,335.23353783380264,333.6411382378927,682.2365098882431,855.6549032104966,0.5998457207053183,0.6082140865716128,0.6100751167485394,0.20267328881254773,0.30416666666666664,0.010858759383769926,1.0,0.0,0.000123282712950211,0.0032058008039958074,-0.021096889232285653,0,audits/paper_extras/v4_runs/v2/bench2_seed808_exp.json,True
808,exp,rl_mean_fixed,9,310.18823806714954,303.04440997676323,301.3686637319662,653.3050757800271,819.7789136648083,0.6216196429346321,0.630333977947776,0.6323781220662258,0.2030716271300059,0.1875,0.002645148744181488,1.0,0.0,6.734996079512363e-05,0.004702485224932308,-0.019049780444382214,0,audits/paper_extras/v4_runs/v2/bench2_seed808_exp.json,True
808,exp,flat_pit0.10_cit0,0,278.70740675250556,246.8657120698982,238.80744254126836,664.6986393928842,846.3775028028116,0.6707055588912095,0.7083267085285314,0.7178476013948287,0.21465464619308866,0.7,0.09405412784625893,1.0,0.0,0.02664916602474841,0.14309362466827688,-0.6300000093877314,0,audits/paper_extras/v4_runs/v2/bench2_seed808_exp.json,True
808,exp,flat_pit0.10_cit0,1,331.5949629527712,295.5897890006769,283.3907491955521,762.1375564964127,946.5436183703932,0.6496780956342423,0.6877166743677635,0.700604659208998,0.19482045866144157,0.7958333333333333,0.11359744892311421,1.0,0.0,0.02541376695273359,0.12763531533321534,-0.6300000093877319,0,audits/paper_extras/v4_runs/v2/bench2_seed808_exp.json,True
808,exp,flat_pit0.10_cit0,2,282.2656407863565,263.059229384701,258.5585992514525,729.2619611171364,993.87737588802,0.7159955064535453,0.7353202359097267,0.7398485914618663,0.2662455361099776,0.8375,0.18500167227378878,1.0,0.0125,0.017935399834250666,0.05593365966880891,-0.6300000093877319,0,audits/paper_extras/v4_runs/v2/bench2_seed808_exp.json,True
808,exp,flat_pit0.10_cit0,3,275.05981207170015,246.57974291570483,236.26520868811804,669.8884878151993,860.2063734356299,0.6802397418039089,0.7133481562908268,0.7253389233278007,0.2212467746086426,0.8291666666666667,0.11929242663624436,1.0,0.0,0.020856998935866594,0.09935302323844196,-0.9946765857141701,0,audits/paper_extras/v4_runs/v2/bench2_seed808_exp.json,True
808,exp,flat_pit0.10_cit0,4,240.24770438064846,209.48023908950688,200.82561451494635,640.3579687139497,812.6980543810091,0.7043825771631348,0.7422409984123103,0.7528902481895259,0.21205918328218726,0.9333333333333333,0.1665764184135724,1.0,0.0,0.041215429425672044,0.16126763083175605,-1.1783875855563217,0,audits/paper_extras/v4_runs/v2/bench2_seed808_exp.json,True
808,exp,flat_pit0.10_cit0,5,322.4239915523861,286.76959549406166,270.4700613825454,695.9780636596624,876.7111295799972,0.6322346315976979,0.6729029827288228,0.6914946642548971,0.2061489352905989,0.8208333333333333,0.11185693923513022,1.0,0.0,0.021865217284750275,0.13147058252879903,-0.895991248130668,0,audits/paper_extras/v4_runs/v2/bench2_seed808_exp.json,True
808,exp,flat_pit0.10_cit0,6,274.25278984271523,240.09864303245786,231.34064016581524,654.4664215863207,837.081513583425,0.6723702705263689,0.7131717292326404,0.7236342740679108,0.2181568808219828,0.8083333333333333,0.1084061671938444,1.0,0.0,0.024560404455699163,0.13855806868353263,-0.630000009387732,0,audits/paper_extras/v4_runs/v2/bench2_seed808_exp.json,True
808,exp,flat_pit0.10_cit0,7,249.3580469809349,225.36540940701693,223.23295733691512,670.8189926716553,890.3509100343421,0.7199328442632615,0.7468802391651127,0.7492753083968828,0.24656785868194261,0.625,0.07309551157850866,1.0,0.0,0.012596699654800708,0.07639113727847699,-0.2505726337902128,0,audits/paper_extras/v4_runs/v2/bench2_seed808_exp.json,True
808,exp,flat_pit0.10_cit0,8,307.4574101035379,271.8474023834308,263.1169264589328,678.4628303958402,852.3809159731547,0.6392957604494033,0.6810728662630071,0.691315324489011,0.2040379862080253,0.8083333333333333,0.10387065754954637,1.0,0.0,0.026982056796326266,0.14868028653411428,-0.630000009387732,0,audits/paper_extras/v4_runs/v2/bench2_seed808_exp.json,True
808,exp,flat_pit0.10_cit0,9,310.5993146781959,272.3878424847467,258.7073353333497,683.2454797098625,839.6561050262303,0.6300874693592646,0.6755959483242994,0.691888936691209,0.18627938793046905,0.8166666666666667,0.15156859906938866,1.0,0.0,0.06350918723435145,0.26951603441763505,-0.7575409060350191,0,audits/paper_extras/v4_runs/v2/bench2_seed808_exp.json,True
808,exp,flat_pit0.20_cit0,0,204.2287613906454,193.3807175397515,176.7271546413757,647.5489701013299,858.4655784638896,0.7621002326545396,0.7747367834062949,0.7941360037316749,0.24569023342784113,0.8791666666666667,0.3659254127150035,0.8767772511848341,0.2833333333333333,0.41323541657462687,inf,-1.476078480298991,1,audits/paper_extras/v4_runs/v2/bench2_seed808_exp.json,True
808,exp,flat_pit0.20_cit0,1,194.75016626057928,187.90717657763312,177.24697689212232,640.1196672036755,885.7174399656423,0.7801215630707985,0.7878474916504724,0.7998831581107877,0.2772868204689451,0.9375,0.3441462660196197,0.8755555555555555,0.2875,0.21404681600017894,inf,-1.6886128898351371,1,audits/paper_extras/v4_runs/v2/bench2_seed808_exp.json,True
808,exp,flat_pit0.20_cit0,2,226.30818188029667,210.77802824702752,222.69414051935044,732.8139552378627,1020.0339794642699,0.7781366244297513,0.7933617580487565,0.7816796842039407,0.2815788787519191,0.9083333333333333,0.3945063395676266,0.8256880733944955,0.38333333333333336,0.04937716131050861,0.12317347256409322,-1.396278141330352,5,audits/paper_extras/v4_runs/v2/bench2_seed808_exp.json,True
808,exp,flat_pit0.20_cit0,3,207.11238245757147,191.59366693303824,183.5086973392137,659.9328365626001,908.6538879928846,0.7720668065207318,0.7891456037719188,0.7980433476771183,0.27372474240954564,0.9333333333333333,0.33473301697202007,0.875,0.275,0.13596625433536128,inf,-1.8902045597337842,0,audits/paper_extras/v4_runs/v2/bench2_seed808_exp.json,True
808,exp,flat_pit0.20_cit0,4,183.94113965756688,195.2417879893051,170.44446292005352,617.3618418191711,818.4020042238861,0.7752435371513985,0.7614353496427976,0.7917350372550824,0.2456496457329269,0.9416666666666667,0.4483731202527218,0.8097345132743363,0.44583333333333336,0.7395125402738615,inf,-3.6444361879133766,2,audits/paper_extras/v4_runs/v2/bench2_seed808_exp.json,True
808,exp,flat_pit0.20_cit0,5,170.79125232834204,156.93619271769586,159.03708537791917,615.1162987413728,856.0697098157609,0.8004937560924812,0.816678255382414,0.8142241413819602,0.2814647082026123,0.9166666666666666,0.3717013514631245,0.8590909090909091,0.37083333333333335,0.0629300700418065,inf,-1.6210129454199402,0,audits/paper_extras/v4_runs/v2/bench2_seed808_exp.json,True
808,exp,flat_pit0.20_cit0,6,168.400471522968,159.09029846837046,154.44330519855166,600.2315228158366,837.3702515675787,0.798893654022557,0.8100120010586126,0.8155615094882702,0.28319459439574357,0.9333333333333333,0.38500095149796804,0.90625,0.35833333333333334,0.1253193055029501,inf,-3.0950383002845023,0,audits/paper_extras/v4_runs/v2/bench2_seed808_exp.json,True
808,exp,flat_pit0.20_cit0,7,233.3775067048035,224.36451389219985,199.7698535227415,673.3282646375509,882.6554393411868,0.7355961383085157,0.7458073627692531,0.773671758402294,0.23715616012050805,0.9041666666666667,0.3258683803391331,0.8110599078341014,0.24166666666666667,0.6256325656197559,inf,-2.046061078996376,0,audits/paper_extras/v4_runs/v2/bench2_seed808_exp.json,True
808,exp,flat_pit0.20_cit0,8,205.4120508316504,195.40828595158635,186.27598919421894,653.6193162923408,849.8912108598355,0.7583078302176641,0.7700784718624262,0.7808237256557067,0.23093766832689822,0.9041666666666667,0.38000369308863824,0.7557603686635944,0.3458333333333333,0.32126258230121946,inf,-1.610985939969317,0,audits/paper_extras/v4_runs/v2/bench2_seed808_exp.json,True
808,exp,flat_pit0.20_cit0,9,185.89022235696095,218.10657562767082,182.42681217214906,604.8597855691437,786.6550747400122,0.76369538781861,0.7227417929010951,0.7680980927601074,0.23109911193409827,0.925,0.4802594350408083,0.7837837837837838,0.5291666666666667,4.25104753145763,inf,-2.3514048520906297,0,audits/paper_extras/v4_runs/v2/bench2_seed808_exp.json,True
808,exp,flat_pit0.30_cit0,0,134.05536074976715,125.43425821130577,135.19419644476625,549.8705187822072,846.2513117292176,0.8415891840972862,0.8517765863724391,0.8402434423782311,0.3502278682929191,0.9291666666666667,0.6380458952329626,0.726457399103139,0.7916666666666666,0.025048384664540745,0.05097208599295646,-3.122750821863172,8,audits/paper_extras/v4_runs/v2/bench2_seed808_exp.json,True
808,exp,flat_pit0.30_cit0,1,155.3431112640277,170.85474106541488,190.97274336746835,640.4401859362371,904.5225111602653,0.8282595409761961,0.8111105705415191,0.788868998824031,0.2919577146679077,0.9416666666666667,0.6177524238082908,0.7212389380530974,0.7125,0.10806656333890834,inf,-4.05648432638185,6,audits/paper_extras/v4_runs/v2/bench2_seed808_exp.json,True
808,exp,flat_pit0.30_cit0,2,158.69790183932574,150.75629904280612,173.9398234374435,596.3848636994811,938.0871568476495,0.8308281904502194,0.8392939313342611,0.814580316799186,0.36425431331607355,0.925,0.5854148771666906,0.7837837837837838,0.7708333333333334,0.03896156890338875,0.08280556937432412,-3.4383326826945058,11,audits/paper_extras/v4_runs/v2/bench2_seed808_exp.json,True
808,exp,flat_pit0.30_cit0,3,188.90659803081348,198.13393003363916,205.70645514390588,672.0481207586441,949.7460723298633,0.8010977844136817,0.7913822064590504,0.7834089962180328,0.2923917873016167,0.9416666666666667,0.5951397081065823,0.7212389380530974,0.7541666666666667,0.7849940116368388,inf,-2.9944341774146825,11,audits/paper_extras/v4_runs/v2/bench2_seed808_exp.json,True
808,exp,flat_pit0.30_cit0,4,120.09962771689929,112.7907819871924,136.58410784410526,523.8501130539915,796.1275405657773,0.8491452416888516,0.8583257377240884,0.828439413429863,0.34200227179465315,0.9458333333333333,0.6506114943313804,0.8281938325991189,0.7875,0.031754350706269766,0.06421333287167887,-4.617934562169307,15,audits/paper_extras/v4_runs/v2/bench2_seed808_exp.json,True
808,exp,flat_pit0.30_cit0,5,149.22124337320045,156.58035942781706,175.28248909967493,623.4991686567286,892.3509723926708,0.8327774071079994,0.824530521877534,0.8035722551747907,0.30128482183984945,0.9291666666666667,0.6286195284913826,0.726457399103139,0.7541666666666667,0.10312613820870041,inf,-3.5815084178654137,12,audits/paper_extras/v4_runs/v2/bench2_seed808_exp.json,True
808,exp,flat_pit0.30_cit0,6,156.15696897016144,178.18598072001657,185.07736869531755,580.2847793886747,837.7875681004067,0.8136079181453711,0.7873136490625731,0.7790879505231134,0.3073604795731117,0.9375,0.6436916527374462,0.7466666666666667,0.7958333333333333,0.39537725730924755,inf,-4.630905260877017,12,audits/paper_extras/v4_runs/v2/bench2_seed808_exp.json,True
808,exp,flat_pit0.30_cit0,7,204.0184646003155,248.99263720069987,221.96209825840128,639.1239412329982,875.687499648831,0.7670190967872316,0.7156603956313741,0.7465281868846904,0.2701460949376344,0.9375,0.627268644317615,0.7066666666666667,0.7083333333333334,inf,inf,-4.221766274999496,12,audits/paper_extras/v4_runs/v2/bench2_seed808_exp.json,True
808,exp,flat_pit0.30_cit0,8,154.76082398703292,177.3808073358948,183.69077882784464,602.7790889929291,860.4808621430842,0.8201461173679204,0.7938585096545713,0.7865254337320755,0.2994857695130277,0.925,0.6357930668298207,0.7522522522522522,0.7666666666666667,0.5396221532255955,inf,-4.151714021991021,9,audits/paper_extras/v4_runs/v2/bench2_seed808_exp.json,True
808,exp,flat_pit0.30_cit0,9,162.14609414938633,190.62515570909767,188.74946388441325,568.32239290159,798.8340255047561,0.7970215476901704,0.7613707608553002,0.7637187978251817,0.2885601079116699,0.9458333333333333,0.6853491236548971,0.5726872246696035,0.8,inf,inf,-3.8007329486798156,16,audits/paper_extras/v4_runs/v2/bench2_seed808_exp.json,True
808,exp,flat_pit0.50_cit0,0,103.41061858996368,98.2020266234025,126.04535223592275,349.1280674952139,636.5406263582793,0.8375427831188286,0.8457254375337716,0.8019838058773366,0.45152272606288313,0.95,0.7772307819718222,0.6578947368421053,0.8958333333333334,0.06582158898588054,0.13591668430749734,-8.046042164718308,39,audits/paper_extras/v4_runs/v2/bench2_seed808_exp.json,True
808,exp,flat_pit0.50_cit0,1,131.59908310112323,122.43443398830202,151.84746950813184,411.5663675372883,779.513393004493,0.8311779062654736,0.8429347910028836,0.805202231455109,0.4720214287133921,0.95,0.7424844870621581,0.793859649122807,0.8916666666666667,0.04541423844563059,0.09284466131807696,-9.694373952189917,38,audits/paper_extras/v4_runs/v2/bench2_seed808_exp.json,True
808,exp,flat_pit0.50_cit0,2,157.28200652683753,140.00042569300658,158.92902632856197,424.799704852157,834.9267229435252,0.8116217840383148,0.8323201044524763,0.809649132119931,0.4912131889197052,0.9416666666666667,0.6576806210896476,0.9247787610619469,0.9041666666666667,0.03792012702811994,0.08889200309931987,-9.554962125616223,45,audits/paper_extras/v4_runs/v2/bench2_seed808_exp.json,True
808,exp,flat_pit0.50_cit0,3,115.9662472518521,109.54902466673585,145.01710236333713,393.3390224214626,724.7603631764531,0.8399936680538109,0.848847936183198,0.7999102741659857,0.45728403151415353,0.9541666666666667,0.7634380073033609,0.7205240174672489,0.8875,0.05315950351645045,0.10615061902785902,-11.88398937711875,49,audits/paper_extras/v4_runs/v2/bench2_seed808_exp.json,True
808,exp,flat_pit0.50_cit0,4,101.56757354087293,92.03753290635537,120.178666742433,338.22146206865904,627.3962746594933,0.8381125651471286,0.8533023917677757,0.8084485490328142,0.4609125432690496,0.95,0.7674315097394329,0.7675438596491229,0.9041666666666667,0.060895493639721264,0.137006649912779,-11.453024323195322,44,audits/paper_extras/v4_runs/v2/bench2_seed808_exp.json,True
808,exp,flat_pit0.50_cit0,5,121.42569028565035,113.08325522160685,145.7951360078751,410.89729140529226,771.4580929492207,0.8426023508011304,0.8534162046452856,0.8110135374294768,0.4673757457978491,0.9416666666666667,0.7522104453021877,0.8185840707964602,0.9041666666666667,0.045869942950602836,0.09256979465978937,-10.150890788346178,41,audits/paper_extras/v4_runs/v2/bench2_seed808_exp.json,True
808,exp,flat_pit0.50_cit0,6,115.56036990634207,108.72485065637886,139.9826511977092,355.24205391678515,629.6133088189788,0.8164581842732822,0.8273148786191898,0.7776688496939701,0.4357774066384588,0.9458333333333333,0.7542458360378921,0.7312775330396476,0.9,0.06958395738173055,0.14657119488974102,-9.715989823855022,43,audits/paper_extras/v4_runs/v2/bench2_seed808_exp.json,True
808,exp,flat_pit0.50_cit0,7,139.4155941489247,131.33554643378886,160.56760427081184,409.63290915278515,743.7873338841534,0.8125598705467617,0.8234232549404442,0.7841216205816425,0.44926070868452517,0.95,0.7412919562234584,0.7456140350877193,0.8875,0.053555526509133485,0.11094356621333284,-10.206196536861597,44,audits/paper_extras/v4_runs/v2/bench2_seed808_exp.json,True
808,exp,flat_pit0.50_cit0,8,121.28322951972056,112.84295160696286,149.79637333725796,396.7060061211845,729.5798132175585,0.8337629039037648,0.8453315873566893,0.7946813074821341,0.4562541356898974,0.9416666666666667,0.7536594792704258,0.7876106194690266,0.8958333333333334,0.05128631170319454,0.10593472448596089,-10.704232654399707,44,audits/paper_extras/v4_runs/v2/bench2_seed808_exp.json,True
808,exp,flat_pit0.50_cit0,9,96.5750485369593,88.99407423558243,126.00870986265791,315.8279596460399,578.2921961499528,0.8329995646147071,0.8461088099959315,0.7821020053502789,0.45386093440530395,0.95,0.7674492321686853,0.7982456140350878,0.9125,0.06749620262775369,0.1471616016728393,-11.462845438227603,43,audits/paper_extras/v4_runs/v2/bench2_seed808_exp.json,True
808,exp,flat_pit0_cit0.10,0,344.99028141166696,338.4134647787342,338.4748346807817,670.259714125075,830.896245465591,0.5847974000431879,0.5927127284236254,0.5926388685375296,0.19332922999369642,0.0,0.0,nan,0.0,0.0,0.0,0.0,0,audits/paper_extras/v4_runs/v2/bench2_seed808_exp.json,True
808,exp,flat_pit0_cit0.10,1,397.3240755110966,390.3463955686684,390.3603677232418,729.979422699767,922.7197024147061,0.5693989469702212,0.5769610266832348,0.5769458843225191,0.20888280504962511,0.0,0.0,nan,0.0,0.0,0.0,0.0,0,audits/paper_extras/v4_runs/v2/bench2_seed808_exp.json,True
808,exp,flat_pit0_cit0.10,2,329.1832910977466,321.2515141556754,321.22162403064345,732.5708302740263,973.0564534331894,0.6617017543675862,0.6698531590616158,0.6698838768323335,0.2471445745112413,0.0,0.0,nan,0.0,0.0,0.0,0.0,0,audits/paper_extras/v4_runs/v2/bench2_seed808_exp.json,True
808,exp,flat_pit0_cit0.10,3,417.4169986913272,411.3164901645374,410.4524649250336,734.0892663778625,900.1436958992097,0.5362773737204888,0.5430546344562823,0.5440145092445412,0.18447546794788697,0.0,0.0,nan,0.0,0.0,0.0,3.0953017926549364e-13,0,audits/paper_extras/v4_runs/v2/bench2_seed808_exp.json,True
808,exp,flat_pit0_cit0.10,4,376.0054092097494,370.0719515958416,368.0064925802215,691.609145644417,838.0154140473361,0.5513144473157502,0.5583948154264645,0.5608595183197498,0.17470593732378434,0.0,0.0,nan,0.0,0.0,0.0,0.0,0,audits/paper_extras/v4_runs/v2/bench2_seed808_exp.json,True
808,exp,flat_pit0_cit0.10,5,351.78117570222236,345.1679662387573,344.19440379082795,684.9501288625204,851.3624888413034,0.5868021197633533,0.5945699149741401,0.5957134495562831,0.195465929213382,0.0,0.0,nan,0.0,0.0,0.0,3.696154493582071e-12,0,audits/paper_extras/v4_runs/v2/bench2_seed808_exp.json,True
808,exp,flat_pit0_cit0.10,6,354.26995275676717,347.8316987014869,346.08538167857273,676.743985585129,839.8281295240417,0.5781637452920949,0.585829902007909,0.5879092763007228,0.19418752266768907,0.0,0.0,nan,0.0,0.0,0.0,0.0,0,audits/paper_extras/v4_runs/v2/bench2_seed808_exp.json,True
808,exp,flat_pit0_cit0.10,7,452.1599578760705,446.4359785966012,445.0566231001149,737.841671346288,890.8316927206099,0.49242942121292405,0.49885485412717995,0.5004032448139479,0.17173841324289735,0.0,0.0,nan,0.0,0.0,0.0,0.013648774195054392,0,audits/paper_extras/v4_runs/v2/bench2_seed808_exp.json,True
808,exp,flat_pit0_cit0.10,8,424.26266859546917,418.3940640728635,417.8834244226403,728.6671073591801,884.1073181961079,0.5201231119078221,0.5267609989627328,0.5273385755076991,0.17581599839494705,0.0,0.0,nan,0.0,0.0,0.0,0.0,0,audits/paper_extras/v4_runs/v2/bench2_seed808_exp.json,True
808,exp,flat_pit0_cit0.10,9,294.3425719624633,287.3876176927415,287.5974535290595,649.3228386405933,811.8479311626725,0.6374412489529582,0.6460080679380868,0.6457496010155716,0.20019154608095385,0.0,0.0,nan,0.0,0.0,0.0,0.0,0,audits/paper_extras/v4_runs/v2/bench2_seed808_exp.json,True
808,exp,flat_pit0_cit0.20,0,338.40727230909533,331.49832548888213,331.24358098893777,681.8924028522837,852.4099507262947,0.6029993877702203,0.6111045803648474,0.6114034324602826,0.20004171435202253,0.0,0.0,nan,0.0,0.0,0.0,0.0,0,audits/paper_extras/v4_runs/v2/bench2_seed808_exp.json,True
808,exp,flat_pit0_cit0.20,1,360.20558330271297,352.350130177337,351.68049739568664,725.7886145386911,940.5614585275083,0.6170313167343353,0.6253831932163613,0.6260951432708518,0.22834535908483194,0.0,0.0,nan,0.0,0.0,0.0,0.0,0,audits/paper_extras/v4_runs/v2/bench2_seed808_exp.json,True
808,exp,flat_pit0_cit0.20,2,352.4575918002167,345.1812043253618,344.68583771859267,742.9572000214581,956.889250370527,0.6316631296006953,0.6392673402990987,0.6397850246670413,0.2235703350896983,0.0,0.0,nan,0.0,0.0,0.0,0.0,0,audits/paper_extras/v4_runs/v2/bench2_seed808_exp.json,True
808,exp,flat_pit0_cit0.20,3,404.71071102484774,398.260945345922,397.9994057791894,730.4471423592613,904.8364341271377,0.5527250055804205,0.5598531067881792,0.5601421530255635,0.19273018325804195,0.0,0.0,nan,0.0,0.0,0.0,0.0,0,audits/paper_extras/v4_runs/v2/bench2_seed808_exp.json,True
808,exp,flat_pit0_cit0.20,4,310.7508560593038,303.8137601262219,303.61934516514833,659.4498262903969,825.5327196557902,0.623575360902869,0.6319785359290199,0.6322140383584749,0.201182690172041,0.0,0.0,nan,0.0,0.0,0.0,0.0,0,audits/paper_extras/v4_runs/v2/bench2_seed808_exp.json,True
808,exp,flat_pit0_cit0.20,5,401.1472976373748,394.76081461887424,394.7903872664233,736.9730465072985,906.4504223489545,0.5574525779381833,0.5644981734401974,0.5644655487683786,0.18696816909464975,0.0,0.0,nan,0.0,0.0,0.0,0.0,0,audits/paper_extras/v4_runs/v2/bench2_seed808_exp.json,True
808,exp,flat_pit0_cit0.20,6,229.72805045065607,221.07924283347808,219.98463860841022,618.0173497405837,830.6142055128249,0.7234238844869972,0.7338364292758721,0.7351542543477321,0.2559513843625911,0.0,0.0,nan,0.0,0.0,0.0,0.0,0,audits/paper_extras/v4_runs/v2/bench2_seed808_exp.json,True
808,exp,flat_pit0_cit0.20,7,458.9310458206713,453.03998423046744,452.36152666666305,760.9922482377477,919.2475943093342,0.5007536069044775,0.507162175854424,0.5079002333353513,0.17215747645278295,0.0,0.0,nan,0.0,0.0,0.0,2.2891244455536253e-11,0,audits/paper_extras/v4_runs/v2/bench2_seed808_exp.json,True
808,exp,flat_pit0_cit0.20,8,379.53229626608976,372.90501344193507,371.728685553745,714.1774417343805,884.1100192020057,0.5707182499654804,0.5782142433149692,0.5795447653796912,0.1922075010766257,0.0,0.0,nan,0.0,0.0,0.0,3.639897272478265e-10,1,audits/paper_extras/v4_runs/v2/bench2_seed808_exp.json,True
808,exp,flat_pit0_cit0.20,9,327.57650818682794,321.29681595559737,320.5504780136952,653.3273834607479,800.1932977193926,0.590628278041763,0.5984759971480441,0.5994086942151519,0.18353804596617207,0.0,0.0,nan,0.0,0.0,0.0,0.0,0,audits/paper_extras/v4_runs/v2/bench2_seed808_exp.json,True
808,exp,flat_pit0_cit0.30,0,357.1122732702674,350.0894202234053,348.8019405483804,711.1070267955987,888.3348010323298,0.597998105156672,0.6059037428044382,0.6073530608695739,0.19950560760512304,0.0,0.0,nan,0.0,0.0,0.0,0.0,0,audits/paper_extras/v4_runs/v2/bench2_seed808_exp.json,True
808,exp,flat_pit0_cit0.30,1,369.32420145072643,361.4705665537146,360.8688540499581,756.1307481338812,971.9769985225987,0.6200278380948337,0.6281079005952317,0.6287269610304798,0.22206929867353126,0.0,0.0,nan,0.0,0.0,0.0,0.0,0,audits/paper_extras/v4_runs/v2/bench2_seed808_exp.json,True
808,exp,flat_pit0_cit0.30,2,369.431712638214,361.5425436877215,361.28310493392473,773.5825236204447,1019.0128355647234,0.6374611783633914,0.6452031504712505,0.6454577485928267,0.24085105052505493,0.0,0.0,nan,0.0,0.0,0.0,0.0,0,audits/paper_extras/v4_runs/v2/bench2_seed808_exp.json,True
808,exp,flat_pit0_cit0.30,3,418.771980595992,411.94597564039367,410.7982465717063,774.0435417709011,964.9127682765824,0.566000166684544,0.5730743864275267,0.5742638504976699,0.19780982569708375,0.0,0.0,nan,0.0,0.0,0.0,0.0,0,audits/paper_extras/v4_runs/v2/bench2_seed808_exp.json,True
808,exp,flat_pit0_cit0.30,4,262.24840147884834,254.2769751675037,254.0820117863374,658.6826020242287,852.5961319882658,0.6924119267732526,0.7017615191679015,0.7019901894302351,0.22743890417591756,0.0,0.0,nan,0.0,0.0,0.0,0.0,0,audits/paper_extras/v4_runs/v2/bench2_seed808_exp.json,True
808,exp,flat_pit0_cit0.30,5,407.86424284425027,401.6097210780287,400.73508329549014,745.7296892195028,910.7408119271005,0.5521621107752691,0.5590296209211988,0.5599899795337527,0.18118340646054834,0.0,0.0,nan,0.0,0.0,0.0,0.0,0,audits/paper_extras/v4_runs/v2/bench2_seed808_exp.json,True
808,exp,flat_pit0_cit0.30,6,279.49180890673915,271.4138684824057,271.3834014361009,665.6752927513305,866.3431655762021,0.6773890301069668,0.6867132110381581,0.6867483784493127,0.23162631252640858,0.0,0.0,nan,0.0,0.0,0.0,0.0,0,audits/paper_extras/v4_runs/v2/bench2_seed808_exp.json,True
808,exp,flat_pit0_cit0.30,7,425.2810272410504,418.9429400806119,418.09851475887797,736.2730896218724,904.9614634114881,0.5300562019095899,0.5370599113676098,0.5379930177548703,0.1864039305648453,0.0,0.0,nan,0.0,0.0,0.0,0.0,0,audits/paper_extras/v4_runs/v2/bench2_seed808_exp.json,True
808,exp,flat_pit0_cit0.30,8,316.6507424367903,308.8583821179761,308.4238556114723,689.1561312700159,883.0608299060698,0.6414168404791863,0.650241102698634,0.6507331712988799,0.21958249315245845,0.0,0.0,nan,0.0,0.0,0.0,0.0,2,audits/paper_extras/v4_runs/v2/bench2_seed808_exp.json,True
808,exp,flat_pit0_cit0.30,9,302.0199118880521,295.02437329810425,294.11101201956683,664.1327600515701,829.0962259479462,0.6357239335606214,0.6441614808211333,0.6452631156494587,0.19896781668227392,0.0,0.0,nan,0.0,0.0,0.0,0.0,0,audits/paper_extras/v4_runs/v2/bench2_seed808_exp.json,True
808,exp,flat_pit0_cit0.50,0,318.3636703790581,310.49664258895655,310.5145725034713,745.3521970544887,937.1884334565548,0.6602991895612031,0.6686934756079123,0.6686743440076122,0.2046933461337463,0.0,0.0,nan,0.0,0.0,0.0,0.0,0,audits/paper_extras/v4_runs/v2/bench2_seed808_exp.json,True
808,exp,flat_pit0_cit0.50,1,407.4662789793494,400.28750495987913,399.5836855990156,795.7268172916324,990.943108689649,0.5888096143903224,0.5960540000230788,0.5967642520594386,0.19700050354672363,0.0,0.0,nan,0.0,0.0,0.0,0.0,0,audits/paper_extras/v4_runs/v2/bench2_seed808_exp.json,True
808,exp,flat_pit0_cit0.50,2,327.44899481560645,318.737947548849,318.3834027350236,747.7370612145827,997.081461078095,0.6715925352161778,0.6803290804301854,0.6806846630256556,0.25007425129929545,0.0,0.0,nan,0.0,0.0,0.0,0.0,0,audits/paper_extras/v4_runs/v2/bench2_seed808_exp.json,True
808,exp,flat_pit0_cit0.50,3,404.6927801520882,397.510926241198,397.48176549346357,788.9358630695756,983.0523271437669,0.5883303777654313,0.595636045747274,0.5956657092218717,0.19746300244076695,0.004166666666666667,7.575757575757576e-05,1.0,0.0,1.3164939743557624e-19,7.240716858956694e-18,-8.881784197001252e-16,0,audits/paper_extras/v4_runs/v2/bench2_seed808_exp.json,True
808,exp,flat_pit0_cit0.50,4,345.90721927087,339.0023689466475,337.98780515598645,728.8369942160544,896.6173401406717,0.6142086442176101,0.6219096444270631,0.623041190455943,0.1871259214084505,0.0,0.0,nan,0.0,0.0,0.0,0.0,0,audits/paper_extras/v4_runs/v2/bench2_seed808_exp.json,True
808,exp,flat_pit0_cit0.50,5,374.46824826465206,367.205096799577,366.76736828509104,757.8511829911695,946.2106790907036,0.6042443226021172,0.611920363071302,0.6123829751767864,0.1990671847844131,0.008333333333333333,0.00015016233766233764,1.0,0.0,1.651517519607085e-19,9.166836374559615e-18,-8.881784197001252e-16,0,audits/paper_extras/v4_runs/v2/bench2_seed808_exp.json,True
808,exp,flat_pit0_cit0.50,6,286.1064531300551,277.77968555538763,277.3088110412194,696.2415576992672,898.1964090599348,0.681465601238043,0.6907361432828307,0.6912603877681333,0.22484486613794907,0.0,0.0,nan,0.0,0.0,0.0,0.0,0,audits/paper_extras/v4_runs/v2/bench2_seed808_exp.json,True
808,exp,flat_pit0_cit0.50,7,360.8607227673925,353.0241905803181,352.4354502687316,753.0741229834687,955.8338108013933,0.6224649947621769,0.6306636293977356,0.6312795736183034,0.21212859968609615,0.004166666666666667,7.575757575757576e-05,1.0,0.0,1.2206138314822852e-19,6.713376073152568e-18,-8.881784197001252e-16,0,audits/paper_extras/v4_runs/v2/bench2_seed808_exp.json,True
808,exp,flat_pit0_cit0.50,8,344.94444874960857,337.38262044856197,337.3663100671599,761.8111527364356,952.9663313468646,0.6380308124190651,0.6459658548778676,0.6459829702584069,0.20058964553371147,0.0,0.0,nan,0.0,0.0,0.0,0.0,0,audits/paper_extras/v4_runs/v2/bench2_seed808_exp.json,True
808,exp,flat_pit0_cit0.50,9,292.971293458494,285.6045923862822,284.3290901172825,710.2036635888844,884.8348610070937,0.6688972074121916,0.677222716947188,0.6786642314322163,0.1973602138815473,0.0,0.0,nan,0.0,0.0,0.0,0.0,0,audits/paper_extras/v4_runs/v2/bench2_seed808_exp.json,True
909,det,rl_learned,0,372.5266331317591,366.00810249558805,365.98273833096533,766.6381433917443,908.5941176902354,0.5899966488020302,0.5971709530477389,0.5971988688840061,0.15623695061922885,0.0,0.0,nan,0.0,0.0,0.0,0.0026020615554338544,0,audits/paper_extras/v4_runs/v2/bench2_seed909_det.json,True
909,det,rl_learned,1,431.7398891777971,425.3614763543907,425.4100785550941,848.8447566047575,992.881516813148,0.5651647433587517,0.5715888863359311,0.5715399356808122,0.14506943453908308,0.0,0.0,nan,0.0,0.0,0.0,5.9235377000366185e-05,0,audits/paper_extras/v4_runs/v2/bench2_seed909_det.json,True
909,det,rl_learned,2,398.96050913833176,392.19451068992674,392.1750840926044,809.6360154166675,976.907664405078,0.5916087838441797,0.598534718295237,0.5985546041022893,0.1712256491408288,0.0,0.0,nan,0.0,0.0,0.0,0.00016475836867657634,0,audits/paper_extras/v4_runs/v2/bench2_seed909_det.json,True
909,det,rl_learned,3,411.96552089452183,405.2233602139272,405.1572244458565,824.8429927724048,984.4257156833042,0.58151690439276,0.5883657306405737,0.5884329127214734,0.16210743011739662,0.0,0.0,nan,0.0,0.0,0.0,0.003288611333991831,2,audits/paper_extras/v4_runs/v2/bench2_seed909_det.json,True
909,det,rl_learned,4,362.7651917570199,356.6127270998548,356.6725538496952,772.9663491852327,902.801412825641,0.5981783074290767,0.6049931667876911,0.6049268988920161,0.1438135361729695,0.0,0.0,nan,0.0,0.0,0.0,0.00039832468097444895,0,audits/paper_extras/v4_runs/v2/bench2_seed909_det.json,True
909,det,rl_learned,5,384.523280325512,377.947838932187,377.9194561666505,783.1325102153966,928.6020197263936,0.5859116476627854,0.592992658961105,0.5930232240093534,0.15665431091121107,0.0,0.0,nan,0.0,0.0,0.0,0.0009148012397421912,0,audits/paper_extras/v4_runs/v2/bench2_seed909_det.json,True
909,det,rl_learned,6,417.64118965763606,411.21828283647886,411.2674754977695,861.6908826957305,1013.495464781469,0.5879200211836287,0.5942574021037714,0.5942088644802693,0.1497831883426047,0.0,0.0,nan,0.0,0.0,0.0,1.3789018156185051e-06,0,audits/paper_extras/v4_runs/v2/bench2_seed909_det.json,True
909,det,rl_learned,7,453.5603770557714,447.9111352021938,448.0264801783998,841.8595748886243,960.1533284332464,0.5276167215960397,0.5335004088012862,0.5333802769715146,0.1232029823170544,0.0,0.0,nan,0.0,0.0,0.0,3.2910812310937843e-06,0,audits/paper_extras/v4_runs/v2/bench2_seed909_det.json,True
909,det,rl_learned,8,388.733614769548,382.37541668172247,382.33256899036184,769.1578201655366,905.1242553068683,0.5705190613439545,0.5775437301124098,0.577591069128141,0.1502185300461697,0.0,0.0,nan,0.0,0.0,0.0,0.007384229696802969,1,audits/paper_extras/v4_runs/v2/bench2_seed909_det.json,True
909,det,rl_learned,9,321.99034066569493,315.2881249891971,315.2461051727467,702.6030008351245,838.7617733850573,0.6161122849385314,0.6241028919132021,0.624152989351812,0.1623330686619468,0.0,0.0,nan,0.0,0.0,0.0,0.03175968943380103,0,audits/paper_extras/v4_runs/v2/bench2_seed909_det.json,True
909,det,free_market,0,366.76407349308005,360.2595321771595,360.23726440628906,755.0952487707782,901.3488671259776,0.5930942092793255,0.6003106618130274,0.6003353667543465,0.16226083339022832,0.0,0.0,nan,0.0,0.0,0.0,0.0004965456048866557,0,audits/paper_extras/v4_runs/v2/bench2_seed909_det.json,True
909,det,free_market,1,441.88671213661263,435.66736892169894,435.69636948552727,843.4954562004812,986.7303463662512,0.5521707488130758,0.5584737304106492,0.5584443398441837,0.14516112805615958,0.0,0.0,nan,0.0,0.0,0.0,2.574343022110348e-05,0,audits/paper_extras/v4_runs/v2/bench2_seed909_det.json,True
909,det,free_market,2,402.63417087348614,396.0628684019027,395.9874046588651,791.155407197816,953.5846937796725,0.577767791891052,0.5846589495558601,0.5847380864626601,0.17033545907500294,0.0,0.0,nan,0.0,0.0,0.0,2.054186587940876e-05,0,audits/paper_extras/v4_runs/v2/bench2_seed909_det.json,True
909,det,free_market,3,416.21990401515103,409.62116620761486,409.65989211425256,806.1284883242917,965.6965607745648,0.5689951472113457,0.5758282851509108,0.5757881836239812,0.16523624390076205,0.0,0.0,nan,0.0,0.0,0.0,0.00039796691458593436,0,audits/paper_extras/v4_runs/v2/bench2_seed909_det.json,True
909,det,free_market,4,378.07481166654605,372.2014113946574,372.3559755033068,778.0217643089323,905.8315671363376,0.5826212892295444,0.5891052764132286,0.5889346441298583,0.14109665357706452,0.0,0.0,nan,0.0,0.0,0.0,3.38283963894348e-05,0,audits/paper_extras/v4_runs/v2/bench2_seed909_det.json,True
909,det,free_market,5,389.2193214608424,382.7995248567817,382.764379740729,767.9547624840312,913.1725889769955,0.5737724432827368,0.5808026549662179,0.5808411417938745,0.15902560835257684,0.0,0.0,nan,0.0,0.0,0.0,6.889936121257101e-05,0,audits/paper_extras/v4_runs/v2/bench2_seed909_det.json,True
909,det,free_market,6,418.79570059146545,412.64462706729404,412.7675173793026,791.082881241692,937.2289333537531,0.5531553863869109,0.5597184291028038,0.5595873081913219,0.15593420872005756,0.0,0.0,nan,0.0,0.0,0.0,5.296620752215375e-06,0,audits/paper_extras/v4_runs/v2/bench2_seed909_det.json,True
909,det,free_market,7,445.31213208615276,439.68312336930865,439.70632282287494,823.8006480902551,947.3405160718842,0.5299344591186445,0.535876365562364,0.5358518765289354,0.13040703515340288,0.0,0.0,nan,0.0,0.0,0.0,3.802824639853597e-06,0,audits/paper_extras/v4_runs/v2/bench2_seed909_det.json,True
909,det,free_market,8,382.04219674532834,375.69947728826247,375.670786149134,777.5883321328962,916.5743172082242,0.5831847024592799,0.5901047299333041,0.5901360325113818,0.15163635121117372,0.0,0.0,nan,0.0,0.0,0.0,7.680468724924339e-05,0,audits/paper_extras/v4_runs/v2/bench2_seed909_det.json,True
909,det,free_market,9,321.6451569422593,315.0245975835665,315.01388393861976,690.4980292143578,829.1261676773964,0.6120672950857731,0.6200522792978125,0.620065200907773,0.1671978811757601,0.0,0.0,nan,0.0,0.0,0.0,0.0,0,audits/paper_extras/v4_runs/v2/bench2_seed909_det.json,True
909,det,us_federal,0,309.69737487859436,298.94345281491235,298.6399229028398,718.665935548638,880.4152535438693,0.6482371544200389,0.6604517565869086,0.6607965142576222,0.18371934986831948,0.7,0.07098851067900411,1.0,0.0,0.0012324796366495494,0.009446689527625174,-0.3865304990015528,0,audits/paper_extras/v4_runs/v2/bench2_seed909_det.json,True
909,det,us_federal,1,400.7425446246513,384.5242711139831,379.58223023236184,849.5296493795711,1006.856419703187,0.6019864036395707,0.6180942350972568,0.6230026220180832,0.15625541759965605,0.7416666666666667,0.07529877203345167,1.0,0.0,0.007628777214651455,0.036649162974665604,-0.5026706641678778,1,audits/paper_extras/v4_runs/v2/bench2_seed909_det.json,True
909,det,us_federal,2,358.83274533076275,344.4288319438248,343.2956908557014,773.6797861379133,939.9272994939914,0.618233510693923,0.6335580080190802,0.634763570501129,0.17687273626968517,0.7333333333333333,0.06369371652157714,1.0,0.0,0.003858928923086036,0.02324386380796979,-0.43690605153489265,0,audits/paper_extras/v4_runs/v2/bench2_seed909_det.json,True
909,det,us_federal,3,372.470430628361,360.2119355739996,359.8558906722312,799.6023653791096,975.2458688493001,0.6180753566607345,0.6306450023735898,0.6310100845678763,0.18010176621146173,0.7666666666666667,0.05745279323226476,1.0,0.0,0.001825569022792546,0.012729648366528654,-0.5066577802498649,0,audits/paper_extras/v4_runs/v2/bench2_seed909_det.json,True
909,det,us_federal,4,300.83084210185535,286.5635077818249,285.07053177823997,734.9271967233071,867.5473054731159,0.6532398404052473,0.6696854385069552,0.6714063544664264,0.1528678700436797,0.8041666666666667,0.10951122554646892,1.0,0.0,0.011266711448910682,0.03970465829789753,-0.5507796614264686,0,audits/paper_extras/v4_runs/v2/bench2_seed909_det.json,True
909,det,us_federal,5,340.43999340483066,326.23721303548126,325.07466358488756,788.8980595874136,938.7526364733765,0.6373485621475687,0.6524779794376284,0.653716377504835,0.15963159096833363,0.7791666666666667,0.08929114860162216,1.0,0.0,0.005626342623205355,0.02541479365008847,-0.5179573416335048,0,audits/paper_extras/v4_runs/v2/bench2_seed909_det.json,True
909,det,us_federal,6,370.75178674709485,356.18111260324304,353.441233326916,770.5917121370686,926.3661244911957,0.5997783414730009,0.6155071918256136,0.618464855328078,0.16815642134980469,0.4708333333333333,0.05170177272789914,1.0,0.0,0.007465499963954146,0.046549957527826,-0.14416596782334956,0,audits/paper_extras/v4_runs/v2/bench2_seed909_det.json,True
909,det,us_federal,7,362.54812176795673,346.8858626964259,342.8171158541455,798.5664919017992,934.2953420511033,0.6119555504022556,0.628719263509448,0.6330741464454455,0.1452740306414587,0.6208333333333333,0.06870621584656812,1.0,0.0,0.009089618786961875,0.04514676762877309,-0.6043817023605815,0,audits/paper_extras/v4_runs/v2/bench2_seed909_det.json,True
909,det,us_federal,8,352.7606636141265,339.5799544193744,338.49649919627933,760.4877670300099,914.2831165034964,0.6141669278951654,0.6285833695387114,0.6297684020560333,0.1682141414375538,0.6708333333333333,0.050725369747872735,1.0,0.0,0.0030529375569370684,0.020655807906436743,-0.4065609324744879,0,audits/paper_extras/v4_runs/v2/bench2_seed909_det.json,True
909,det,us_federal,9,276.04624351194093,263.10102164011283,262.97805974976245,707.5804157492639,848.7676116754093,0.6747681700918765,0.69001995596796,0.6901648270594801,0.16634376003986706,0.7708333333333334,0.10405732039044804,1.0,0.0,0.005391222171400953,0.022700549949877344,-0.5316664530311968,0,audits/paper_extras/v4_runs/v2/bench2_seed909_det.json,True
909,det,saez,0,157.0437253100407,154.35502795813503,169.94944035035104,471.01391513258807,661.0280817274355,0.7624250320808682,0.7664924800853152,0.7429013304454031,0.28745248779490856,0.9291666666666667,0.6761255125985663,0.7130044843049327,0.9,0.10047777996623092,0.28356427590237543,-11.578015269928574,56,audits/paper_extras/v4_runs/v2/bench2_seed909_det.json,True
909,det,saez,1,193.0456230303381,211.9172287398464,217.37834019120197,581.8221300768189,785.7017455566097,0.7543016492936769,0.7302828586823118,0.7233322422655355,0.2594872884434763,0.9291666666666667,0.6836535378487734,0.6905829596412556,0.8875,inf,inf,-10.003149620439181,58,audits/paper_extras/v4_runs/v2/bench2_seed909_det.json,True
909,det,saez,2,204.34974281145676,221.17774784633505,229.26285119075374,555.0181503453198,755.1152280427848,0.729379391088272,0.707094043885706,0.6963869318527851,0.26498879941291237,0.925,0.6743563337466143,0.6396396396396397,0.8958333333333334,2.6826094729621666,inf,-9.336784453726775,68,audits/paper_extras/v4_runs/v2/bench2_seed909_det.json,True
909,det,saez,3,178.4595935359337,174.45814347944452,189.20746502747718,542.2979096531224,760.3303890916138,0.7652867804624461,0.7705495584782898,0.7511509894356213,0.2867601802671341,0.9291666666666667,0.65888535255032,0.7533632286995515,0.8875,0.07984106620101497,0.1739128172721923,-10.916891612182344,56,audits/paper_extras/v4_runs/v2/bench2_seed909_det.json,True
909,det,saez,4,156.8206203889647,149.9986742123644,164.56366671398698,465.86702933727656,653.9169974258401,0.7601826821962224,0.7706151165930267,0.7483416590151414,0.28757467511752516,0.9416666666666667,0.6747852564334633,0.8053097345132744,0.9083333333333333,0.08956398879422889,0.21743586534689546,-11.502156557844872,48,audits/paper_extras/v4_runs/v2/bench2_seed909_det.json,True
909,det,saez,5,184.28283918373543,198.73911716782527,208.8735520234223,538.2685822291172,722.3734763078539,0.7448925725711452,0.7248803787985031,0.7108510225333818,0.2548610934882619,0.9375,0.6826080328459205,0.5955555555555555,0.9,0.505924341145373,inf,-10.532472879637734,61,audits/paper_extras/v4_runs/v2/bench2_seed909_det.json,True
909,det,saez,6,199.1801011493113,220.7895977743537,218.22019334320444,533.8095159153171,725.4523462939978,0.7254401310205546,0.6956525140455246,0.6991943103389341,0.2641701158700441,0.9375,0.7019829980382483,0.6222222222222222,0.8916666666666667,inf,inf,-10.96769847987483,59,audits/paper_extras/v4_runs/v2/bench2_seed909_det.json,True
909,det,saez,7,163.6136153705046,159.264315937104,177.14195791027245,514.6632448966537,728.4965699869252,0.7754092165822537,0.7813794566802663,0.7568389952564201,0.293526879740984,0.9333333333333333,0.6648197499037226,0.8303571428571429,0.8833333333333333,0.06548539996970493,0.13585570933443783,-10.565209559639047,55,audits/paper_extras/v4_runs/v2/bench2_seed909_det.json,True
909,det,saez,8,164.81009923179604,162.0362061922898,179.7409633709208,491.9266899208017,678.8146407523377,0.7572089796868035,0.7612953574296758,0.7352134845357609,0.2753151443881735,0.9291666666666667,0.6709862844029232,0.7354260089686099,0.8916666666666667,0.09327796871490622,0.21579056199498808,-10.335879838156444,57,audits/paper_extras/v4_runs/v2/bench2_seed909_det.json,True
909,det,saez,9,156.92545059212807,167.09471554199607,188.36607584815766,456.31081120170063,628.4548642390266,0.7502995687969677,0.7341181920131606,0.7002711148138803,0.2739163348600524,0.9333333333333333,0.6919079307169937,0.5892857142857143,0.9083333333333333,0.22211945110135264,inf,-11.911934203193287,51,audits/paper_extras/v4_runs/v2/bench2_seed909_det.json,True
909,det,free_market+rl_aux,0,367.0705473177274,360.56418714296075,360.5327586333389,755.476157076134,901.7422004065572,0.5929318300150188,0.6001471518351945,0.6001820049335719,0.16220383526963483,0.0,0.0,nan,0.0,0.0,0.0,0.000563707675304892,0,audits/paper_extras/v4_runs/v2/bench2_seed909_det.json,True
909,det,free_market+rl_aux,1,442.1932295254484,435.971099328311,436.00018274487365,844.0560044990771,987.2825983761581,0.5521107834243715,0.5584130622322541,0.5583836041858847,0.14507152674690543,0.0,0.0,nan,0.0,0.0,0.0,2.7399373767389434e-05,0,audits/paper_extras/v4_runs/v2/bench2_seed909_det.json,True
909,det,free_market+rl_aux,2,402.82631807604605,396.2516723881335,396.17627067853897,791.637920553859,954.0635062076748,0.577778297298837,0.5846695007094425,0.584748532879842,0.17024609430817073,0.0,0.0,nan,0.0,0.0,0.0,2.0535982981684242e-05,0,audits/paper_extras/v4_runs/v2/bench2_seed909_det.json,True
909,det,free_market+rl_aux,3,416.4600559278656,409.85910668014924,409.89812708612965,806.5738946281799,966.1020388040308,0.5689274639732517,0.57576002304319,0.5757196335145345,0.16512556414158483,0.0,0.0,nan,0.0,0.0,0.0,0.0003983072274484911,0,audits/paper_extras/v4_runs/v2/bench2_seed909_det.json,True
909,det,free_market+rl_aux,4,386.0431570790067,380.2042309330547,380.34665139210443,782.0368699631975,910.7583314734053,0.576129974617444,0.5825410344388852,0.5823846587526816,0.14133437714697034,0.0,0.0,nan,0.0,0.0,0.0,0.00011590055735521965,0,audits/paper_extras/v4_runs/v2/bench2_seed909_det.json,True
909,det,free_market+rl_aux,5,391.2238558050583,384.8059329490991,384.7876580690414,771.4075759780528,916.9659444815599,0.5733496340191228,0.5803487193118572,0.580368649037893,0.15873912153390143,0.0,0.0,nan,0.0,0.0,0.0,7.489504902213895e-05,0,audits/paper_extras/v4_runs/v2/bench2_seed909_det.json,True
909,det,free_market+rl_aux,6,419.0350601385091,412.87937545705,413.00268132434235,791.6860180815464,937.8641440399078,0.5532028142866304,0.5597663285446157,0.5596348533538048,0.15586279408091042,0.0,0.0,nan,0.0,0.0,0.0,5.38376080516656e-06,0,audits/paper_extras/v4_runs/v2/bench2_seed909_det.json,True
909,det,free_market+rl_aux,7,445.70534875567967,440.07386290790487,440.1037909307924,824.3856691075089,947.9281197029886,0.5298110273431585,0.5357518637111516,0.5357202916728657,0.13032892265522084,0.0,0.0,nan,0.0,0.0,0.0,3.8056334401570524e-06,0,audits/paper_extras/v4_runs/v2/bench2_seed909_det.json,True
909,det,free_market+rl_aux,8,386.24773295147986,379.92001280421977,379.8966377930909,780.5088472922205,919.4167458890641,0.5798991755604981,0.5867814954394354,0.5868069191781625,0.15108262843583684,0.0,0.0,nan,0.0,0.0,0.0,7.718743864182365e-05,0,audits/paper_extras/v4_runs/v2/bench2_seed909_det.json,True
909,det,free_market+rl_aux,9,313.8336462056181,307.14936336675163,307.0906053938337,677.6761897067196,816.9068074532959,0.6158268686926561,0.6240092987787815,0.6240812261668041,0.17043635390997328,0.0,0.0,nan,0.0,0.0,0.0,0.0,0,audits/paper_extras/v4_runs/v2/bench2_seed909_det.json,True
909,det,us_federal+rl_aux,0,320.188428372561,309.70666646409353,309.33807512658024,742.3457895181763,909.0672800219824,0.6477835739893548,0.659313811782331,0.6597192727923283,0.18339840644113228,0.7,0.07728490152708838,1.0,0.0,0.001209332679964838,0.008903089551257633,-0.4684709192334946,0,audits/paper_extras/v4_runs/v2/bench2_seed909_det.json,True
909,det,us_federal+rl_aux,1,385.34649981003247,370.1464903840422,368.27609258561375,827.8310259835761,987.1562190132266,0.6096397992657844,0.6250375743425441,0.6269323076810001,0.16139815559174006,0.7708333333333334,0.06151496942262829,1.0,0.0,0.00444385909546586,0.025254375344417237,-0.4720911000914756,0,audits/paper_extras/v4_runs/v2/bench2_seed909_det.json,True
909,det,us_federal+rl_aux,2,339.5161655336434,328.19265288004465,327.6987885129955,758.5021428215374,942.6729668775595,0.6398367435334104,0.6518488761090436,0.6523727739871009,0.19537085556410508,0.7333333333333333,0.0770972782591242,1.0,0.0,0.001863891527326232,0.011033938049998136,-0.42180757422538173,0,audits/paper_extras/v4_runs/v2/bench2_seed909_det.json,True
909,det,us_federal+rl_aux,3,364.45322010888106,353.9683701195376,353.6901803965053,788.2172354693163,976.4572861924358,0.6267596900935447,0.6374973333449231,0.6377822303158055,0.1927785817003182,0.75,0.056141858949875514,1.0,0.0,0.0006497860142196746,0.006759287545316342,-0.48951102981277866,0,audits/paper_extras/v4_runs/v2/bench2_seed909_det.json,True
909,det,us_federal+rl_aux,4,270.0735662435969,259.0594761133981,258.8626827516901,693.702518239643,847.4189239847691,0.6812986368375566,0.6942958567703,0.694528083542842,0.1813936429721374,0.7375,0.08706896475623413,1.0,0.0,0.0017136605773890405,0.010835546683642661,-0.5145127465003924,1,audits/paper_extras/v4_runs/v2/bench2_seed909_det.json,True
909,det,us_federal+rl_aux,5,329.92304139943406,318.097448176992,317.46701728449074,751.0749588422459,914.4864317994056,0.6392258759375412,0.6521572796317143,0.6528466620769637,0.1786920694226378,0.775,0.07209421243966084,1.0,0.0,0.001466954009361092,0.011506190604915948,-0.4880351110437104,0,audits/paper_extras/v4_runs/v2/bench2_seed909_det.json,True
909,det,us_federal+rl_aux,6,326.35721338106816,313.8582481490165,313.34077781415175,747.5561930882327,913.8987606645179,0.6428956604079801,0.656572191956139,0.6571384147776783,0.18201421725895925,0.5666666666666667,0.06481212805234085,1.0,0.0,0.003671424875955288,0.020658021380643217,-0.22993178673431885,0,audits/paper_extras/v4_runs/v2/bench2_seed909_det.json,True
909,det,us_federal+rl_aux,7,333.4869689660298,319.2135335608874,318.95990397249204,814.7546886143879,959.5051117337446,0.6524385697503507,0.6673144002494207,0.667578734003659,0.15085946010001444,0.7666666666666667,0.07785625558704855,1.0,0.0,0.004118725145191261,0.021428936101122013,-0.574757564731008,0,audits/paper_extras/v4_runs/v2/bench2_seed909_det.json,True
909,det,us_federal+rl_aux,8,323.21460474620284,312.99372528938676,312.8501124312838,719.7506813489409,889.9007998232635,0.6367970398381549,0.6482824542336089,0.6484438349831615,0.19120121985294844,0.6375,0.023864808542503627,1.0,0.0,0.00029861954878968413,0.006920452963943791,-0.38370669067412044,0,audits/paper_extras/v4_runs/v2/bench2_seed909_det.json,True
909,det,us_federal+rl_aux,9,267.0525804760166,256.5594162034345,256.31039477825533,680.8444218116985,838.2591731748686,0.6814200321070546,0.6939378363952435,0.694234906123972,0.1877876871504656,0.6875,0.07147816517826015,1.0,0.0,0.001174430903433941,0.009136234434801797,-0.3929742936659911,0,audits/paper_extras/v4_runs/v2/bench2_seed909_det.json,True
909,det,saez+rl_aux,0,189.06695023583814,178.44275261100728,184.8557407901037,480.0635708913878,703.1853571292671,0.7311278622073443,0.7462365352152747,0.7371166237807174,0.3173015250897249,0.925,0.584389503022651,0.918918918918919,0.875,0.03544376072557225,0.07889159600514578,-8.987260867368969,60,audits/paper_extras/v4_runs/v2/bench2_seed909_det.json,True
909,det,saez+rl_aux,1,223.66020496969028,210.79244944040883,218.5588896889697,559.6340376647171,837.576047500377,0.7329672862098058,0.748330375409507,0.7390578558911436,0.33184092437353846,0.9208333333333333,0.5677580602208484,1.0,0.8666666666666667,0.024411315369763865,0.05504115704364922,-7.063915303481093,57,audits/paper_extras/v4_runs/v2/bench2_seed909_det.json,True
909,det,saez+rl_aux,2,223.98721454457097,210.7552702693205,215.7058745949794,525.3632532461501,781.9293103446728,0.7135454425594586,0.7304676171092499,0.72413634871943,0.32811924774303314,0.9166666666666666,0.5437932392114078,0.9954545454545455,0.6833333333333333,0.022791892213122694,0.05273729613910472,-7.99106250072391,56,audits/paper_extras/v4_runs/v2/bench2_seed909_det.json,True
909,det,saez+rl_aux,3,236.25562025544542,222.60148963119016,227.329378417082,559.6743748502819,834.4586517614526,0.7168755818437077,0.7332384424784831,0.7275726269513605,0.3292964562487676,0.925,0.5394546367648416,1.0,0.8291666666666667,0.022445104584594526,0.052447232241628096,-8.182600934304613,61,audits/paper_extras/v4_runs/v2/bench2_seed909_det.json,True
909,det,saez+rl_aux,4,196.03750351062902,184.30520194917403,188.0074595461543,461.3113812953189,669.6776445330157,0.7072658687190742,0.7247851956030352,0.7192567781215737,0.3111441227562498,0.9375,0.5525096551630584,0.9333333333333333,0.7875,0.03417909274938805,0.08017255098938213,-8.58499640628923,61,audits/paper_extras/v4_runs/v2/bench2_seed909_det.json,True
909,det,saez+rl_aux,5,202.6872457260464,190.60479100338208,196.7304964775117,493.4896278672308,747.867983698949,0.7289799133751429,0.7451357790974654,0.7369448876465011,0.3401380475917219,0.9291666666666667,0.5632439732452681,0.9506726457399103,0.8666666666666667,0.024698608139982873,0.0550451028118192,-8.427958345761162,52,audits/paper_extras/v4_runs/v2/bench2_seed909_det.json,True
909,det,saez+rl_aux,6,206.77512605823892,194.37964466983865,201.45710790055608,537.4255810548708,796.635499761277,0.7404394781299578,0.7559992685135332,0.7471150758898825,0.32538082822580966,0.9291666666666667,0.5864859265932876,0.9820627802690582,0.7916666666666666,0.030519932583897756,0.06863554471872807,-8.442590892391697,54,audits/paper_extras/v4_runs/v2/bench2_seed909_det.json,True
909,det,saez+rl_aux,7,209.9071758241984,198.36724839568336,204.5616422652371,523.3144901872289,761.4927246710769,0.7243477593106792,0.7395021095160599,0.7313675684116397,0.3127780827935394,0.925,0.5661184583261729,0.954954954954955,0.8583333333333333,0.02964155614059699,0.0667683733996787,-8.647935300799974,64,audits/paper_extras/v4_runs/v2/bench2_seed909_det.json,True
909,det,saez+rl_aux,8,183.68113603901358,173.44893161176202,181.44960128093413,465.03970715363215,686.651199447278,0.7324971744214992,0.747398778664655,0.7357470555254363,0.3227424527504396,0.9208333333333333,0.5937015586524607,0.9049773755656109,0.875,0.031044780690037042,0.0676363946766923,-7.757180458015946,52,audits/paper_extras/v4_runs/v2/bench2_seed909_det.json,True
909,det,saez+rl_aux,9,167.28937402107945,157.28151174490642,165.37498453629124,434.93645471074376,620.9024783900136,0.7305706131905656,0.7466888646462905,0.7336538501744994,0.2995092307595158,0.925,0.5934280985822257,0.8918918918918919,0.75,0.04473610567119598,0.10146621909438942,-9.913091269250604,60,audits/paper_extras/v4_runs/v2/bench2_seed909_det.json,True
909,det,rl_mean_fixed,0,372.55686186118123,366.0086344017093,365.9723983530659,762.183135908573,906.326901628281,0.5889376546234518,0.5961626718304966,0.5962026530432117,0.15904169396356155,0.0,0.0,nan,0.0,0.0,0.0,0.002423027103753972,0,audits/paper_extras/v4_runs/v2/bench2_seed909_det.json,True
909,det,rl_mean_fixed,1,436.04171114956785,429.64675254954847,429.7452092375289,855.1353012997758,1000.9242161042132,0.5643609135097911,0.5707499672434592,0.5706516014667137,0.14565429875587935,0.0,0.0,nan,0.0,0.0,0.0,3.8019337865735636e-05,0,audits/paper_extras/v4_runs/v2/bench2_seed909_det.json,True
909,det,rl_mean_fixed,2,410.18362077220206,403.56129014708944,403.5056529211915,815.1606133840401,977.5834836144234,0.5804106476353011,0.5871848318723628,0.5872417448898498,0.16614731422206178,0.0,0.0,nan,0.0,0.0,0.0,0.0001182449966985466,0,audits/paper_extras/v4_runs/v2/bench2_seed909_det.json,True
909,det,rl_mean_fixed,3,412.85265790153403,406.13941397481165,406.11691340385687,815.1155514628673,974.5966529832845,0.5763861320087922,0.5832743599810234,0.5832974470405633,0.16363805583801083,0.0,0.0,nan,0.0,0.0,0.0,0.0,0,audits/paper_extras/v4_runs/v2/bench2_seed909_det.json,True
909,det,rl_mean_fixed,4,370.0759682017074,364.0778270941859,364.1517676217249,756.4586524283583,877.215546583653,0.5781242482044677,0.5849619531800366,0.5848776631468436,0.13765931831188666,0.0,0.0,nan,0.0,0.0,0.0,0.00058392052567946,0,audits/paper_extras/v4_runs/v2/bench2_seed909_det.json,True
909,det,rl_mean_fixed,5,379.9482765218368,373.210778138819,373.19206251885237,769.6214884629013,920.2786084367685,0.5871377721500709,0.594458922855141,0.5944792597615899,0.1637081624985079,0.0,0.0,nan,0.0,0.0,0.0,0.0,0,audits/paper_extras/v4_runs/v2/bench2_seed909_det.json,True
909,det,rl_mean_fixed,6,428.8398992156335,422.61619217783016,422.6816552790188,829.4464936343252,975.8132006446515,0.5605307461178748,0.566908715829385,0.5668416301400897,0.14999459621332456,0.0,0.0,nan,0.0,0.0,0.0,1.257613732486007e-06,0,audits/paper_extras/v4_runs/v2/bench2_seed909_det.json,True
909,det,rl_mean_fixed,7,458.06946372698906,452.495191813044,452.5984780798441,843.3526824323801,960.9226879984346,0.5233024784947785,0.5291034362446221,0.5289959496922801,0.12235116001990592,0.0,0.0,nan,0.0,0.0,0.0,6.076619213812862e-06,0,audits/paper_extras/v4_runs/v2/bench2_seed909_det.json,True
909,det,rl_mean_fixed,8,387.2987455731452,380.8875194024119,380.8609722831271,771.365424569609,909.7786562159289,0.5742934361814453,0.5813404537465746,0.5813696335026651,0.15213945798863485,0.0,0.0,nan,0.0,0.0,0.0,0.002971675722762912,0,audits/paper_extras/v4_runs/v2/bench2_seed909_det.json,True
909,det,rl_mean_fixed,9,327.9907042149341,321.3099081228171,321.29512057452104,711.6259135663947,847.83243470344,0.6131420658261786,0.6210219201684507,0.6210393617614952,0.1606526426235254,0.0,0.0,nan,0.0,0.0,0.0,0.06517747723522382,0,audits/paper_extras/v4_runs/v2/bench2_seed909_det.json,True
909,det,flat_pit0.10_cit0,0,337.32151274695417,325.1632599332064,324.52421266179743,757.4162106145577,919.9855832558885,0.6333404361042795,0.6465561353880867,0.6472507628725167,0.17670860891753026,0.7291666666666666,0.07352413475787878,1.0,0.0,0.0022847051541200545,0.014866088673089445,-0.4360861703351471,0,audits/paper_extras/v4_runs/v2/bench2_seed909_det.json,True
909,det,flat_pit0.10_cit0,1,396.5415290816794,380.2818547953775,376.7495953792319,809.7702382836031,963.8433590815443,0.5885830147135654,0.6054526379081433,0.6091174029167559,0.15985286337891982,0.7666666666666667,0.05664057833738045,1.0,0.0,0.004694447047368739,0.0311690494045223,-0.44673443760857934,0,audits/paper_extras/v4_runs/v2/bench2_seed909_det.json,True
909,det,flat_pit0.10_cit0,2,348.44150344463475,336.5393591182337,335.99263692729477,783.1008891220737,967.213554199439,0.6397470838453674,0.6520526851003585,0.6526179399901035,0.19035368588248863,0.7125,0.09245222787015785,1.0,0.0,0.003333725939004825,0.015507032310368023,-0.39735146483630746,0,audits/paper_extras/v4_runs/v2/bench2_seed909_det.json,True
909,det,flat_pit0.10_cit0,3,358.6968392597181,347.9280132834021,347.64498579563315,775.5455347570265,959.1110906894563,0.6260111651906046,0.637239088713598,0.6375341822543947,0.191391339037143,0.7458333333333333,0.05526555865321777,1.0,0.0,0.0009092591553399175,0.008103338861706319,-0.45769418281365504,1,audits/paper_extras/v4_runs/v2/bench2_seed909_det.json,True
909,det,flat_pit0.10_cit0,4,281.47328420664655,270.5423251301563,270.76821706978944,723.9058960927422,877.8935333215107,0.6793765148927658,0.691827864243903,0.6915705529287387,0.17540582244199493,0.7125,0.12016797119589791,1.0,0.0,0.00354101151298125,0.01502182385612246,-0.42077156567704477,4,audits/paper_extras/v4_runs/v2/bench2_seed909_det.json,True
909,det,flat_pit0.10_cit0,5,339.15660105265914,326.7399463625817,325.6611802639911,752.430380406551,921.1578022669457,0.6318148744786144,0.6452942747068059,0.6464653727487871,0.18316885711130163,0.7708333333333334,0.0703710911399121,1.0,0.0,0.001614748551011032,0.013351554065807063,-0.45558629053933064,0,audits/paper_extras/v4_runs/v2/bench2_seed909_det.json,True
909,det,flat_pit0.10_cit0,6,340.04117927217186,326.46478264466646,324.97759469360176,750.8764743364504,913.8863701312418,0.6279174409578523,0.6427731134694751,0.6444004360772639,0.17836998244254568,0.5458333333333333,0.06046470255343619,1.0,0.0,0.00562397057112399,0.030752459909862664,-0.20516969483596015,0,audits/paper_extras/v4_runs/v2/bench2_seed909_det.json,True
909,det,flat_pit0.10_cit0,7,340.8154353480005,325.43504823576586,325.22012676949436,826.8683416534877,970.561403765516,0.6488471167040759,0.6646940142342712,0.6649154545938792,0.14805149015254276,0.7666666666666667,0.08440961527237835,1.0,0.0,0.005054025063575831,0.02536859483866832,-0.5487983445085123,0,audits/paper_extras/v4_runs/v2/bench2_seed909_det.json,True
909,det,flat_pit0.10_cit0,8,324.2515956735487,313.87320741001065,313.67914144998707,721.4401806174342,891.0389391807445,0.6360971654373735,0.6477446791510618,0.647962476546316,0.1903382120642741,0.6125,0.03094129461909406,1.0,0.0,0.0006289268481497615,0.008425481911274714,-0.3069424635405118,0,audits/paper_extras/v4_runs/v2/bench2_seed909_det.json,True
909,det,flat_pit0.10_cit0,9,275.3614727623766,264.2757158325789,263.9310973031243,687.5454058707999,835.1101652977756,0.6702692839762154,0.6835438882026469,0.6839565505599919,0.17670094983738888,0.6291666666666667,0.08584901968711474,1.0,0.0,0.004321554829647745,0.018609845819840192,-0.36011794132568026,3,audits/paper_extras/v4_runs/v2/bench2_seed909_det.json,True
909,det,flat_pit0.20_cit0,0,261.6450196703626,249.7145538992717,251.16367684767073,686.5404216949521,881.331270729914,0.7031252284357622,0.7166620972242828,0.7150178540247888,0.2210188784900791,0.8416666666666667,0.25963076813220815,1.0,0.1125,0.006179033792441085,0.01990214769573134,-1.317502157409109,0,audits/paper_extras/v4_runs/v2/bench2_seed909_det.json,True
909,det,flat_pit0.20_cit0,1,299.37195973392795,287.82794561305315,291.3517231853492,783.9006972214747,974.5880332002018,0.6928220442529994,0.7046670636125829,0.701051405044803,0.19565942683759155,0.8333333333333334,0.23089887612109786,0.93,0.17083333333333334,0.01841497031748105,0.04727370783588613,-1.1025960899566716,1,audits/paper_extras/v4_runs/v2/bench2_seed909_det.json,True
909,det,flat_pit0.20_cit0,2,285.1009688614835,276.2282369285606,281.33182382384695,739.3130790360334,953.3875852645413,0.7009600573072544,0.7102665891627756,0.7049134809682,0.22454089977383915,0.7791666666666667,0.30605603506957496,0.8716577540106952,0.17916666666666667,0.011281409068956,0.02561261419441143,-0.984856953393108,2,audits/paper_extras/v4_runs/v2/bench2_seed909_det.json,True
909,det,flat_pit0.20_cit0,3,303.9996275950806,291.8807461089851,293.5077362854873,743.5481776238901,955.0443221468162,0.6816905555631924,0.6943798949007153,0.6926763193296414,0.22145165372797587,0.8208333333333333,0.2265555305963452,1.0,0.09583333333333334,0.0063731916206932705,0.02015971022396269,-1.083206034033925,1,audits/paper_extras/v4_runs/v2/bench2_seed909_det.json,True
909,det,flat_pit0.20_cit0,4,230.30621429436084,222.25403518172453,228.66707570952386,671.2037468623745,847.19722978162,0.7281551376723383,0.7376596294595835,0.7300899156994802,0.20773614069136054,0.8791666666666667,0.3351925365665494,0.9004739336492891,0.175,0.0167627801824178,0.03760406534315094,-1.3992198752562366,1,audits/paper_extras/v4_runs/v2/bench2_seed909_det.json,True
909,det,flat_pit0.20_cit0,5,282.6162817399356,272.46216688307635,276.1514806012565,751.1608983920008,940.3521980299988,0.6994569882093054,0.7102551921993973,0.7063318603606361,0.2011919576881368,0.8166666666666667,0.25692395802085566,0.9030612244897959,0.15833333333333333,0.014646151780964305,0.03596658790422119,-1.230866440787847,1,audits/paper_extras/v4_runs/v2/bench2_seed909_det.json,True
909,det,flat_pit0.20_cit0,6,275.03353057420117,265.61046920110533,271.57622313771276,747.0412628575644,927.081723347805,0.7033341035124481,0.7134983221954224,0.7070633404819826,0.19420128339936696,0.8416666666666667,0.2858991767134789,0.8960396039603961,0.24583333333333332,0.020162849558868413,0.047508636692237566,-1.2079968739469,0,audits/paper_extras/v4_runs/v2/bench2_seed909_det.json,True
909,det,flat_pit0.20_cit0,7,272.5867252409454,262.06132620587204,268.1053468399691,771.9122572511856,940.5783452045515,0.7101924293380741,0.721382777371001,0.7149569217632125,0.17932167885141503,0.8208333333333333,0.2721447619281394,0.8578680203045685,0.2125,0.017853315076844754,0.043718142969906344,-1.2528647138938847,2,audits/paper_extras/v4_runs/v2/bench2_seed909_det.json,True
909,det,flat_pit0.20_cit0,8,276.79637028828284,265.3421905296673,265.59746957045996,689.0010567473473,885.7141656628402,0.6874879266708608,0.700420066860855,0.7001318485499266,0.22209547565300486,0.7833333333333333,0.23766016638559934,1.0,0.08333333333333333,0.004823662355151896,0.016356355957882342,-0.9856012716948264,3,audits/paper_extras/v4_runs/v2/bench2_seed909_det.json,True
909,det,flat_pit0.20_cit0,9,232.10370064624408,223.32368308277927,229.71477148014156,670.9579711548557,855.3741227722359,0.7286524171505159,0.7389169520829137,0.7314452642831367,0.21559706648559138,0.8416666666666667,0.35029365976534804,0.9207920792079208,0.37083333333333335,0.014110132368506846,0.03212818856576726,-1.3850067904920627,1,audits/paper_extras/v4_runs/v2/bench2_seed909_det.json,True
909,det,flat_pit0.30_cit0,0,230.92822119696388,219.81630685384036,225.163059487893,633.8806171241661,882.951734150425,0.7384588395206418,0.7510438018842023,0.7449882583847637,0.2820891645520293,0.8708333333333333,0.4641476878013053,0.9856459330143541,0.6333333333333333,0.01000183283113033,0.024846287645884826,-2.1632771422196475,12,audits/paper_extras/v4_runs/v2/bench2_seed909_det.json,True
909,det,flat_pit0.30_cit0,1,253.9915063786422,246.80759216771793,258.18818614393587,710.5924707077627,958.0261206374755,0.7348803953177864,0.7423790574692359,0.7304998469434882,0.2582744296836804,0.8625,0.4477957328162282,0.8454106280193237,0.5791666666666667,0.016373549914335796,0.0330855135884249,-2.037477117598221,5,audits/paper_extras/v4_runs/v2/bench2_seed909_det.json,True
909,det,flat_pit0.30_cit0,2,255.40962689304385,247.9436871093575,260.58268503795364,682.7958449930958,933.5610632704366,0.7264135824192401,0.7344108523112939,0.7208723721562632,0.26861147935932983,0.8291666666666667,0.45235697473179354,0.8492462311557789,0.5833333333333334,0.017587059283063297,0.03575564916198471,-2.1999473183431615,11,audits/paper_extras/v4_runs/v2/bench2_seed909_det.json,True
909,det,flat_pit0.30_cit0,3,261.0713003420136,251.196204767877,259.9865159046331,687.6883323897722,932.1089103373539,0.7199133090064279,0.7305076670955085,0.7210771048089891,0.2622231964922637,0.8666666666666667,0.4328225737695056,0.9134615384615384,0.5791666666666667,0.012904847151479298,0.029768496460562788,-2.1485315135006493,9,audits/paper_extras/v4_runs/v2/bench2_seed909_det.json,True
909,det,flat_pit0.30_cit0,4,198.50442224051582,189.51493069105805,203.03661097569397,605.789192319863,817.5224449383965,0.7571878014242485,0.7681838194603468,0.7516439918771972,0.25899380980847364,0.9,0.49758616037806613,0.8935185185185185,0.6458333333333334,0.01777471836721857,0.03915615488768639,-2.7131038328064627,20,audits/paper_extras/v4_runs/v2/bench2_seed909_det.json,True
909,det,flat_pit0.30_cit0,5,246.4649654953179,244.3880337255061,259.5068175744717,701.5347009461243,916.3530985673427,0.7310371232654208,0.7333036423322074,0.7168047797511752,0.23442753449196907,0.8541666666666666,0.4990444152419081,0.7560975609756098,0.6833333333333333,0.026005242678303644,0.04696217333868673,-2.103177228906116,12,audits/paper_extras/v4_runs/v2/bench2_seed909_det.json,True
909,det,flat_pit0.30_cit0,6,233.3441784981783,232.24210123289177,252.39218878842883,701.7771659397844,922.0136441722955,0.7469189529102309,0.7481142467892883,0.7262598114640648,0.23886466282201332,0.875,0.4994891990513834,0.7095238095238096,0.5583333333333333,0.030789846087403643,0.05701386733046491,-2.369486541428177,5,audits/paper_extras/v4_runs/v2/bench2_seed909_det.json,True
909,det,flat_pit0.30_cit0,7,234.8435332397457,235.97154219080127,253.33935926620248,699.234361441879,914.3178430778156,0.7431489114888041,0.7419151950524515,0.7229198126404263,0.23523929152679937,0.85,0.49468472057946106,0.7549019607843137,0.6166666666666667,0.03321348530183934,0.05944859338981618,-2.3336733075713685,14,audits/paper_extras/v4_runs/v2/bench2_seed909_det.json,True
909,det,flat_pit0.30_cit0,8,241.3154314858488,231.34843248552423,239.24511186490895,631.8113569390669,871.6382910300506,0.7231472802776063,0.7345820681969693,0.7255224852706009,0.2751450189362039,0.8458333333333333,0.4673481627884885,1.0,0.625,0.010681547486781311,0.02466790107893255,-2.1351539112162614,7,audits/paper_extras/v4_runs/v2/bench2_seed909_det.json,True
909,det,flat_pit0.30_cit0,9,192.18101326456014,183.1006156316305,198.87529289227706,593.2029542188976,812.388568845078,0.7634370784687777,0.7746144854156021,0.7551968349640793,0.26980391284651234,0.8791666666666667,0.5198670246438016,0.966824644549763,0.6708333333333333,0.015287331624292093,0.033476387013906955,-2.7337525083120595,21,audits/paper_extras/v4_runs/v2/bench2_seed909_det.json,True
909,det,flat_pit0.50_cit0,0,190.07918761829208,179.04761445057545,186.67914202844054,473.0684125995514,708.5529780796288,0.7317360966663942,0.7473052545261426,0.7365346730538177,0.3323457423301002,0.9083333333333333,0.5643585654067582,0.9678899082568807,0.7625,0.02665166071203237,0.05913679101440772,-5.893389000527028,63,audits/paper_extras/v4_runs/v2/bench2_seed909_det.json,True
909,det,flat_pit0.50_cit0,1,197.13672600348792,188.12207578365198,201.6572319206317,522.3519116040231,777.6970897735853,0.7465121978778636,0.7581036649649533,0.7406995158239037,0.3283350053989556,0.9041666666666667,0.5763155887611878,0.9170506912442397,0.825,0.02894487144428914,0.059869217612279695,-5.261438645271218,72,audits/paper_extras/v4_runs/v2/bench2_seed909_det.json,True
909,det,flat_pit0.50_cit0,2,211.20796026807517,202.34542296619543,216.11377843648026,534.2715790833805,778.1244376815555,0.7285678870369687,0.7399575014388579,0.7222632165616112,0.3133854262754447,0.8916666666666667,0.5530075124760223,0.8878504672897196,0.725,0.03203646731839404,0.06735403710697647,-5.2921489184146875,66,audits/paper_extras/v4_runs/v2/bench2_seed909_det.json,True
909,det,flat_pit0.50_cit0,3,213.48464707524988,201.49003839811914,208.06275207290724,503.5748455578321,757.7925465498603,0.7182808830105017,0.7341092369996519,0.7254357369702403,0.33547136633825614,0.9083333333333333,0.5449402019181677,0.981651376146789,0.7291666666666666,0.022398276868106585,0.05117357340139017,-5.390465529709794,70,audits/paper_extras/v4_runs/v2/bench2_seed909_det.json,True
909,det,flat_pit0.50_cit0,4,179.79603027303892,169.17220832995895,176.19866964467573,433.75120800012616,654.1278610855836,0.7251362600965332,0.7413774609000715,0.7306357363340887,0.33690149311133566,0.9208333333333333,0.5560519086538495,0.9457013574660633,0.725,0.02669844154580939,0.05908242279495661,-6.039548136947283,62,audits/paper_extras/v4_runs/v2/bench2_seed909_det.json,True
909,det,flat_pit0.50_cit0,5,193.50337353157107,184.50590357167565,196.47104578286422,497.8209260058625,735.3590215170947,0.7368586392911034,0.749094118419833,0.7328229612556716,0.3230232968668492,0.9041666666666667,0.575189869368076,0.9124423963133641,0.8458333333333333,0.030196606960699472,0.06346459168280859,-5.438981091223973,71,audits/paper_extras/v4_runs/v2/bench2_seed909_det.json,True
909,det,flat_pit0.50_cit0,6,189.7055117543759,182.55141570207877,195.15148893334185,492.308604906152,744.8361217464802,0.745305703878113,0.7549106301745476,0.7379940590478431,0.3390376882477256,0.9125,0.5722890574722268,0.8767123287671232,0.8375,0.03583041878487852,0.0733912101706714,-5.678300197068337,58,audits/paper_extras/v4_runs/v2/bench2_seed909_det.json,True
909,det,flat_pit0.50_cit0,7,190.83454300885714,181.7212403966384,194.4790302577297,493.730694441256,733.8204871132463,0.7399438331851769,0.7523628140834471,0.7349773770656298,0.3271778273954603,0.9041666666666667,0.5579123167639959,0.9308755760368663,0.825,0.03023735042396868,0.06336005778097535,-5.8302166029439215,76,audits/paper_extras/v4_runs/v2/bench2_seed909_det.json,True
909,det,flat_pit0.50_cit0,8,200.53766907274587,189.9108651014863,196.2063683094376,467.3654402616999,695.2929321175745,0.7115781567605022,0.7268620802413504,0.7178076185646326,0.3278150565427176,0.9,0.5462927451348579,0.9583333333333334,0.6583333333333333,0.023806578514931204,0.052611451947480306,-5.21461171496036,59,audits/paper_extras/v4_runs/v2/bench2_seed909_det.json,True
909,det,flat_pit0.50_cit0,9,167.62524265438478,157.44324644765607,164.3399316682105,408.5032829094005,611.1718745448704,0.7257314192031292,0.7423912110404272,0.7311068481503804,0.33160654159092945,0.9125,0.5589366018105336,0.958904109589041,0.8,0.025336870281101327,0.0549735107846204,-6.353300851098195,65,audits/paper_extras/v4_runs/v2/bench2_seed909_det.json,True
909,det,flat_pit0_cit0.10,0,372.16761326965116,365.6590892438571,365.65051449363256,759.6010703663487,903.0475745182055,0.587875961608988,0.59508324969596,0.5950927450431228,0.15884711747151142,0.0,0.0,nan,0.0,0.0,0.0,0.001112176751401961,0,audits/paper_extras/v4_runs/v2/bench2_seed909_det.json,True
909,det,flat_pit0_cit0.10,1,437.5648157222456,431.2977261168398,431.40232445823455,844.6021194228015,986.967487743532,0.55665731530566,0.5630071593311547,0.5629011798103563,0.1442452462605586,0.0,0.0,nan,0.0,0.0,0.0,4.916892291650932e-05,0,audits/paper_extras/v4_runs/v2/bench2_seed909_det.json,True
909,det,flat_pit0_cit0.10,2,403.66085388531866,396.9532407066543,396.89778608244137,815.1774278135831,984.133310517262,0.5898311239224756,0.5966468805958666,0.5967032292872687,0.17167987395414486,0.0,0.0,nan,0.0,0.0,0.0,8.654564871823922e-05,0,audits/paper_extras/v4_runs/v2/bench2_seed909_det.json,True
909,det,flat_pit0_cit0.10,3,419.7654958128001,413.2040382121835,413.1827512579344,806.7763761474599,961.9484862975497,0.5636299637744236,0.5704509710259357,0.570473100021981,0.1613102077298679,0.0,0.0,nan,0.0,0.0,0.0,0.0,0,audits/paper_extras/v4_runs/v2/bench2_seed909_det.json,True
909,det,flat_pit0_cit0.10,4,372.11262165913234,366.08565334259697,366.2539233203117,787.1777753716692,914.9705558728391,0.5933064520265854,0.5998935146132999,0.5997096070802819,0.1396687354373513,0.0,0.0,nan,0.0,0.0,0.0,0.00030427772916574725,0,audits/paper_extras/v4_runs/v2/bench2_seed909_det.json,True
909,det,flat_pit0_cit0.10,5,392.43609039599914,386.0409935332724,385.98367148915275,818.6934001614412,963.8431497670206,0.5928423722357123,0.5994773697083535,0.599536842086337,0.15059478260613757,0.0,0.0,nan,0.0,0.0,0.0,0.0001498615870401121,0,audits/paper_extras/v4_runs/v2/bench2_seed909_det.json,True
909,det,flat_pit0_cit0.10,6,438.59503535494713,432.48956484653,432.66093880059975,842.9497396078723,989.5753455509039,0.5567845972246024,0.5629543856453296,0.5627812063570216,0.14817022938400312,0.0,0.0,nan,0.0,0.0,0.0,8.281993684189359e-07,0,audits/paper_extras/v4_runs/v2/bench2_seed909_det.json,True
909,det,flat_pit0_cit0.10,7,447.56841323202895,441.96509140199277,441.9941354333201,822.555073291321,941.749105516852,0.5247477161272228,0.5306976255003365,0.5306667849811821,0.12656665297294303,0.0,0.0,nan,0.0,0.0,0.0,8.16067342590543e-06,0,audits/paper_extras/v4_runs/v2/bench2_seed909_det.json,True
909,det,flat_pit0_cit0.10,8,376.46712111331374,369.90605025753104,369.89525976693506,748.8278620768426,889.0170158446159,0.5765355281128687,0.5839156690312619,0.5839278065836413,0.1576900680968246,0.0,0.0,nan,0.0,0.0,0.0,0.0031578279187189917,0,audits/paper_extras/v4_runs/v2/bench2_seed909_det.json,True
909,det,flat_pit0_cit0.10,9,326.336717605281,319.6832015835585,319.6689961482527,706.1700945874676,843.5030660363899,0.6131173308726273,0.6210052880000237,0.6210221290002261,0.16281265235258507,0.0,0.0,nan,0.0,0.0,0.0,0.01824665304233619,0,audits/paper_extras/v4_runs/v2/bench2_seed909_det.json,True
909,det,flat_pit0_cit0.20,0,374.1801193765188,367.6297909584834,367.5732656572896,768.4075726401494,911.6211024583473,0.5895442543316779,0.5967296171983023,0.5967916224557951,0.1570976466341085,0.0,0.0,nan,0.0,0.0,0.0,0.0024138629818115653,0,audits/paper_extras/v4_runs/v2/bench2_seed909_det.json,True
909,det,flat_pit0_cit0.20,1,434.9935300283382,428.55994954436386,428.5994974318233,858.0661796048292,1003.6793264829979,0.5666010860733746,0.5730110820892518,0.5729716791779673,0.14507935257410648,0.0,0.0,nan,0.0,0.0,0.0,9.481723069892922e-05,0,audits/paper_extras/v4_runs/v2/bench2_seed909_det.json,True
909,det,flat_pit0_cit0.20,2,406.7320759453269,399.9096459259458,399.8324117875335,811.7821142458838,981.8233208003578,0.5857380168829468,0.5926867518282725,0.5927654158167682,0.17318921128891163,0.0,0.0,nan,0.0,0.0,0.0,0.0008185947713221786,0,audits/paper_extras/v4_runs/v2/bench2_seed909_det.json,True
909,det,flat_pit0_cit0.20,3,416.2134695110302,409.5269741950605,409.46269868647056,825.0186777055774,981.0649636438278,0.5757534058038841,0.5825689537683482,0.5826344698258692,0.15905805601157166,0.0,0.0,nan,0.0,0.0,0.0,0.0014940239420984103,1,audits/paper_extras/v4_runs/v2/bench2_seed909_det.json,True
909,det,flat_pit0_cit0.20,4,352.44528125679153,346.1581322820855,346.14181986937456,760.154612085776,889.8921415139941,0.6039460685008767,0.6110111370427896,0.6110294678178915,0.14579017318603663,0.0,0.0,nan,0.0,0.0,0.0,0.000766691131298014,0,audits/paper_extras/v4_runs/v2/bench2_seed909_det.json,True
909,det,flat_pit0_cit0.20,5,380.70221536742025,373.94349576915295,373.9428465621619,773.390063367649,923.4146861103426,0.5877234561093729,0.5950427241478062,0.5950434271981268,0.16246722626281318,0.0,0.0,nan,0.0,0.0,0.0,0.0,0,audits/paper_extras/v4_runs/v2/bench2_seed909_det.json,True
909,det,flat_pit0_cit0.20,6,418.694851347523,412.4126954599662,412.46354210078437,828.9183195977009,977.297820731864,0.5715790596627166,0.5780071471446393,0.577955119359721,0.15182628875919,0.0,0.0,nan,0.0,0.0,0.0,1.6069877564195423e-06,0,audits/paper_extras/v4_runs/v2/bench2_seed909_det.json,True
909,det,flat_pit0_cit0.20,7,445.7244113398895,439.9601168535149,440.09027311716056,848.7920824400302,971.0821796443813,0.5410023778799878,0.5469383270789377,0.546804294896725,0.12593176949157356,0.0,0.0,nan,0.0,0.0,0.0,7.2551869525483426e-06,0,audits/paper_extras/v4_runs/v2/bench2_seed909_det.json,True
909,det,flat_pit0_cit0.20,8,388.572464741677,382.1786112872661,382.1252944314964,769.6196349344607,905.2386424520807,0.5707513505067298,0.5778145194376223,0.5778734175593654,0.14981575151305926,0.0,0.0,nan,0.0,0.0,0.0,0.00847513329725369,0,audits/paper_extras/v4_runs/v2/bench2_seed909_det.json,True
909,det,flat_pit0_cit0.20,9,328.2625700005342,321.5879591826129,321.5389652055489,712.1824900397345,845.6894579994735,0.6118402956363462,0.6197328036424298,0.6197907374106713,0.1578676034055779,0.0,0.0,nan,0.0,0.0,0.0,0.10034604211927922,0,audits/paper_extras/v4_runs/v2/bench2_seed909_det.json,True
909,det,flat_pit0_cit0.30,0,380.7742018222438,374.13432555060524,374.0897522289844,783.2650452933027,926.8354306699676,0.5891674085581738,0.5963314379553225,0.5963795299036294,0.15490385954805844,0.0,0.0,nan,0.0,0.0,0.0,0.058973573563828374,0,audits/paper_extras/v4_runs/v2/bench2_seed909_det.json,True
909,det,flat_pit0_cit0.30,1,433.22378213217746,426.6884902462892,426.6622208999937,849.2913590751966,995.0165845903697,0.5646064710463817,0.5711744941196643,0.5712008950326765,0.1464550719776851,0.0,0.0,nan,0.0,0.0,0.0,0.00020927992483721347,0,audits/paper_extras/v4_runs/v2/bench2_seed909_det.json,True
909,det,flat_pit0_cit0.30,2,417.164279675457,410.44777859356765,410.4528289552818,839.4356466116308,1005.2345664729587,0.5850080234117387,0.5916895496006515,0.5916845255377287,0.16493555374151367,0.0,0.0,nan,0.0,0.0,0.0,0.003690787532002915,0,audits/paper_extras/v4_runs/v2/bench2_seed909_det.json,True
909,det,flat_pit0_cit0.30,3,427.87665003830773,421.2111548351502,421.1769964205691,843.7790841086444,1002.6756841476529,0.5732651576147137,0.5799128656508608,0.5799469329122107,0.1584725774756193,0.0,0.0,nan,0.0,0.0,0.0,0.006306053915085874,0,audits/paper_extras/v4_runs/v2/bench2_seed909_det.json,True
909,det,flat_pit0_cit0.30,4,330.0736372949428,323.35884686263176,323.34622404784017,744.0296806473164,879.014921881146,0.6244959794441659,0.6321349742611605,0.6321493344437665,0.15356422044002727,0.0,0.0,nan,0.0,0.0,0.0,0.013873469827609508,0,audits/paper_extras/v4_runs/v2/bench2_seed909_det.json,True
909,det,flat_pit0_cit0.30,5,379.01290398252746,372.114998554996,372.04636742194134,779.2551846324525,931.6525581377517,0.5931821356878756,0.6005860818985954,0.6006597479154546,0.16357747550215612,0.0,0.0,nan,0.0,0.0,0.0,0.0,0,audits/paper_extras/v4_runs/v2/bench2_seed909_det.json,True
909,det,flat_pit0_cit0.30,6,437.8860950016174,431.66963202372943,431.7940985901568,835.7963900636789,979.5900352784881,0.552990455974646,0.5593364402680864,0.5592093804145304,0.14678961610091315,0.0,0.0,nan,0.0,0.0,0.0,2.5923640738056974e-05,0,audits/paper_extras/v4_runs/v2/bench2_seed909_det.json,True
909,det,flat_pit0_cit0.30,7,454.2433587170765,448.47959350252154,448.5429041688438,846.0926912699817,967.5530333883758,0.5305235547385823,0.5364806082701806,0.5364151744757141,0.1255335241863066,0.0,0.0,nan,0.0,0.0,0.0,1.3447888626449966e-05,0,audits/paper_extras/v4_runs/v2/bench2_seed909_det.json,True
909,det,flat_pit0_cit0.30,8,383.70622014553726,377.0534063664772,376.98280193694126,777.832307345595,920.5550008638736,0.5831794734856071,0.5904064330619679,0.5904831307383367,0.1550398329098682,0.0,0.0,nan,0.0,0.0,0.0,0.06784681461292674,0,audits/paper_extras/v4_runs/v2/bench2_seed909_det.json,True
909,det,flat_pit0_cit0.30,9,330.51964382396227,323.8250662570725,323.79396738681504,736.7984353146878,869.0635390930828,0.6196829932954289,0.6273862017097135,0.6274219860555738,0.15219267387102806,0.0,0.0,nan,0.0,0.0,0.0,0.0,0,audits/paper_extras/v4_runs/v2/bench2_seed909_det.json,True
909,det,flat_pit0_cit0.50,0,398.4055252006815,391.81101814414825,391.7387420184284,814.9562878714647,954.9772462259775,0.582811499671683,0.5897169071906521,0.5897925908009218,0.14662229797397655,0.0,0.0,nan,0.0,0.0,0.0,0.1471702462945066,0,audits/paper_extras/v4_runs/v2/bench2_seed909_det.json,True
909,det,flat_pit0_cit0.50,1,443.22882426527127,436.43814072034945,436.38846494630906,877.2197712347551,1027.3149579585304,0.568556049114625,0.5751661772864334,0.5752145322467652,0.14610435247827305,0.0,0.0,nan,0.0,0.0,0.0,0.01494344603863329,0,audits/paper_extras/v4_runs/v2/bench2_seed909_det.json,True
909,det,flat_pit0_cit0.50,2,413.5025126506862,406.5442685419272,406.5124333191481,846.3553899310439,1014.3236624619068,0.5923367185903391,0.5991967026035981,0.5992280882687041,0.16559632664309548,0.0,0.0,nan,0.0,0.0,0.0,0.049743033756131094,0,audits/paper_extras/v4_runs/v2/bench2_seed909_det.json,True
909,det,flat_pit0_cit0.50,3,436.85219494750487,430.0773903535755,430.03571934263215,861.5883974283792,1016.4761007913313,0.5702287593309735,0.5768937508528157,0.5769347464167162,0.1523771225337923,0.0,0.0,nan,0.0,0.0,0.0,0.0333843190074834,0,audits/paper_extras/v4_runs/v2/bench2_seed909_det.json,True
909,det,flat_pit0_cit0.50,4,337.7952132562759,331.05867384075066,331.04710105216105,764.3080120444371,893.5817900783252,0.6219761671433937,0.6295149727572981,0.6295279237694137,0.14466921715420908,0.0,0.0,nan,0.0,0.0,0.0,0.07182760244622521,0,audits/paper_extras/v4_runs/v2/bench2_seed909_det.json,True
909,det,flat_pit0_cit0.50,5,402.7798255246162,396.0607168282284,396.02222771529165,814.4342687236586,955.6334597231565,0.5785205913140589,0.5855516434690705,0.5855919194896987,0.1477545491557012,0.0,0.0,nan,0.0,0.0,0.0,0.03816098202274709,0,audits/paper_extras/v4_runs/v2/bench2_seed909_det.json,True
909,det,flat_pit0_cit0.50,6,408.53865696396775,401.59902626694077,401.5966129368703,840.9934557992704,992.9523753458644,0.5885616801896809,0.5955505659301574,0.5955529963891909,0.1530374701945437,0.0,0.0,nan,0.0,0.0,0.0,0.001042403418547444,0,audits/paper_extras/v4_runs/v2/bench2_seed909_det.json,True
909,det,flat_pit0_cit0.50,7,434.51180925012176,428.371425223029,428.38990738223924,868.0725216466834,992.7524985275218,0.5623160758652315,0.5685012872207308,0.5684826701341582,0.12559019198215787,0.0,0.0,nan,0.0,0.0,0.0,0.0003047429183677952,0,audits/paper_extras/v4_runs/v2/bench2_seed909_det.json,True
909,det,flat_pit0_cit0.50,8,381.2747498897402,374.48607739872443,374.43455933228233,782.7345417917783,918.9258644498872,0.5850864964846871,0.5924741136512578,0.5925301770056971,0.14820708386485518,0.0,0.0,nan,0.0,0.0,0.0,0.21621253881595415,0,audits/paper_extras/v4_runs/v2/bench2_seed909_det.json,True
909,det,flat_pit0_cit0.50,9,320.9646911856066,314.11547681275573,314.0673212996804,725.7825657532763,851.189331493622,0.6229220934637483,0.6309687337580201,0.6310253081431699,0.14733122361894324,0.0,0.0,nan,0.0,0.0,0.0,0.007779435809457613,0,audits/paper_extras/v4_runs/v2/bench2_seed909_det.json,True
909,exp,rl_learned,0,371.41077459063507,365.0048680119552,364.8609542291694,762.4343360653237,924.835310173079,0.5984033367831435,0.6053298744144554,0.6054854845876427,0.17559988499721388,0.0,0.0,nan,0.0,0.0,0.0,0.00024115239260225074,0,audits/paper_extras/v4_runs/v2/bench2_seed909_exp.json,True
909,exp,rl_learned,1,400.7901875336316,393.68929956802236,393.4897713580827,763.7809511138448,962.5208295068228,0.5836036216078682,0.5909810078918072,0.5911883054419723,0.20647852212695328,0.0,0.0,nan,0.0,0.0,0.0,0.0003347738607104578,0,audits/paper_extras/v4_runs/v2/bench2_seed909_exp.json,True
909,exp,rl_learned,2,406.4306544445928,399.97525561771914,399.9511443555938,795.8894887423454,981.4835733738325,0.5859017252346929,0.5924789100210702,0.5925034761603103,0.18909545678233897,0.0,0.0,nan,0.0,0.0,0.0,4.071643191938534e-05,0,audits/paper_extras/v4_runs/v2/bench2_seed909_exp.json,True
909,exp,rl_learned,3,424.8825565814109,418.51485688568016,418.5321340872381,802.195357546806,984.6125487812254,0.5684774106247786,0.5749446242547621,0.5749270770463913,0.1852679934459695,0.008333333333333333,7.064176245210729e-05,1.0,0.0,1.5951632309835923e-05,0.001860846633081272,-0.010860389719755892,0,audits/paper_extras/v4_runs/v2/bench2_seed909_exp.json,True
909,exp,rl_learned,4,326.42791866519923,319.5316506030513,319.34567073363837,683.3648220410762,857.0596004649693,0.6191304332999635,0.6271768609444431,0.6273938585363399,0.20266359344164714,0.0,0.0,nan,0.0,0.0,0.0,0.052510514483961046,0,audits/paper_extras/v4_runs/v2/bench2_seed909_exp.json,True
909,exp,rl_learned,5,363.1580999830935,356.0682869333132,356.03234693890755,743.4909424970404,931.9740178139954,0.6103345232360619,0.6179418308586605,0.6179803941594808,0.20224069739524939,0.0,0.0,nan,0.0,0.0,0.0,0.001975945922602529,0,audits/paper_extras/v4_runs/v2/bench2_seed909_exp.json,True
909,exp,rl_learned,6,372.2213676477225,365.8661739825689,365.8068879874689,740.5830592187508,904.0752025277412,0.588284949518565,0.5953144462323172,0.5953800226300928,0.180839097070549,0.004166666666666667,4.901960784313725e-05,1.0,0.0,5.857229577428827e-06,0.0004978674302052882,-0.03302937355769531,0,audits/paper_extras/v4_runs/v2/bench2_seed909_exp.json,True
909,exp,rl_learned,7,410.94076517679196,404.42257014168786,404.20609224293713,776.4453724662727,956.7328539579289,0.570474910026595,0.5772878829564352,0.5775141508198781,0.1884407760701653,0.0,0.0,nan,0.0,0.0,0.0,0.0001531600464159677,0,audits/paper_extras/v4_runs/v2/bench2_seed909_exp.json,True
909,exp,rl_learned,8,386.9276824867607,380.45690469180425,379.9753404650891,763.6544182665913,937.3441750795171,0.5872085272691466,0.5941118376720811,0.5946255915732821,0.18529987322766614,0.0,0.0,nan,0.0,0.0,0.0,0.0002901826129074192,0,audits/paper_extras/v4_runs/v2/bench2_seed909_exp.json,True
909,exp,rl_learned,9,348.6607500031392,342.2613529195831,342.01728488524424,711.6644368368379,872.361578513232,0.6003254171310908,0.607661133468418,0.6079409119918542,0.18420932974864695,0.0,0.0,nan,0.0,0.0,0.0,0.016794452458483766,0,audits/paper_extras/v4_runs/v2/bench2_seed909_exp.json,True
909,exp,free_market,0,375.644175016876,369.49139808060755,369.3723852328054,737.7726785156917,895.9387072122804,0.5807255875955003,0.5875929959201309,0.5877258318461202,0.17653666196510626,0.0,0.0,nan,0.0,0.0,0.0,9.213110214956188e-05,0,audits/paper_extras/v4_runs/v2/bench2_seed909_exp.json,True
909,exp,free_market,1,402.992627887684,395.9888589543284,395.8218647744212,750.1495208832648,951.6248229072023,0.5765215259344051,0.583881326524683,0.5840568097360153,0.21171715698675542,0.0,0.0,nan,0.0,0.0,0.0,8.673218953392237e-05,0,audits/paper_extras/v4_runs/v2/bench2_seed909_exp.json,True
909,exp,free_market,2,374.0565515392243,367.3352046023125,367.1696032808125,734.3310313374429,926.535946997532,0.5962849010323172,0.6035391764424538,0.6037179081171791,0.2074446396633989,0.0,0.0,nan,0.0,0.0,0.0,4.689365072718665e-05,0,audits/paper_extras/v4_runs/v2/bench2_seed909_exp.json,True
909,exp,free_market,3,415.00098851125796,408.68601312527096,408.15977383497386,768.6543167879937,949.5708038265824,0.5629594056189532,0.5696097526605207,0.5701639391289509,0.19052448359778024,0.0,0.0,nan,0.0,0.0,0.0,5.7048741731291486e-05,0,audits/paper_extras/v4_runs/v2/bench2_seed909_exp.json,True
909,exp,free_market,4,343.45865870781466,336.94562416481335,336.94758490222887,694.364676663644,865.7637221014124,0.6032882298715871,0.610811107507523,0.6108088427586481,0.19797439077458992,0.0,0.0,nan,0.0,0.0,0.0,0.0007257073281208282,0,audits/paper_extras/v4_runs/v2/bench2_seed909_exp.json,True
909,exp,free_market,5,350.13406617928854,342.9997882867679,342.89360744457895,712.7794558719893,904.9941275369401,0.6131090185831104,0.620992249728419,0.621109577387194,0.21239328059297827,0.0,0.0,nan,0.0,0.0,0.0,0.041721629214769074,0,audits/paper_extras/v4_runs/v2/bench2_seed909_exp.json,True
909,exp,free_market,6,363.90030699886785,357.6577074816977,357.694355076643,717.8238042544555,883.5769001474331,0.5881509499194154,0.5952160955973168,0.5951746191905217,0.18759328799261302,0.0,0.0,nan,0.0,0.0,0.0,0.001355205703985396,0,audits/paper_extras/v4_runs/v2/bench2_seed909_exp.json,True
909,exp,free_market,7,423.4943072961307,417.24501080818806,417.3002203180743,782.4599714286265,962.3147815449106,0.5599212280453093,0.5664152532933783,0.5663578817233421,0.18689810607246743,0.0,0.0,nan,0.0,0.0,0.0,2.212990670424908e-05,0,audits/paper_extras/v4_runs/v2/bench2_seed909_exp.json,True
909,exp,free_market,8,401.90620455924153,395.8560515433855,395.7180077636137,745.38565786467,909.9187316443412,0.5583053842259683,0.5649544978285893,0.5651062078384738,0.18082172402620897,0.0,0.0,nan,0.0,0.0,0.0,0.00013452199472707704,0,audits/paper_extras/v4_runs/v2/bench2_seed909_exp.json,True
909,exp,free_market,9,326.9147969089966,320.35847209576997,320.194446261268,667.9813355471575,833.7922029013739,0.6079181410291191,0.6157814009521699,0.6159781236295123,0.1988635379141697,0.0,0.0,nan,0.0,0.0,0.0,0.0,0,audits/paper_extras/v4_runs/v2/bench2_seed909_exp.json,True
909,exp,us_federal,0,331.65330819247237,314.5777012995275,311.2067121416099,764.7265597889948,918.5084636591316,0.6389218811645567,0.6575124631445196,0.6611825318388116,0.1674256797346256,0.7875,0.10876637103761952,1.0,0.0,0.015655776087522916,0.05667917995211718,-0.6503511416890603,1,audits/paper_extras/v4_runs/v2/bench2_seed909_exp.json,True
909,exp,us_federal,1,365.92721200281846,353.20027190114973,352.51072387653085,770.9408335527997,973.0893587799478,0.623953125474915,0.6370320272086938,0.6377406445811861,0.2077389125707843,0.7041666666666667,0.0445727047497384,1.0,0.0,0.0014550942947842817,0.013280510395853722,-0.3785843479554221,0,audits/paper_extras/v4_runs/v2/bench2_seed909_exp.json,True
909,exp,us_federal,2,369.7776660251774,349.86676095526985,345.5840897361439,773.6838122782069,943.531858744529,0.6080920187292812,0.6291945441876172,0.6337335231096692,0.1800130487298259,0.7458333333333333,0.07415698268984337,1.0,0.0,0.00867340649885592,0.04826610781566535,-0.5494313334249948,0,audits/paper_extras/v4_runs/v2/bench2_seed909_exp.json,True
909,exp,us_federal,3,378.8387284594234,363.52941972938277,362.45358134363073,781.273670840705,966.1065132916714,0.6078706402996266,0.6237170387240399,0.6248306202711579,0.19131725116023993,0.6708333333333333,0.04625427781784502,1.0,0.0,0.003944692446790806,0.027078588580159803,-0.47563077059767966,0,audits/paper_extras/v4_runs/v2/bench2_seed909_exp.json,True
909,exp,us_federal,4,288.44507873000987,276.1125984440084,275.9012497114052,685.0222602273028,850.7352707557734,0.6609461384224002,0.6754423991393745,0.6756908298085479,0.19478798660981222,0.7375,0.08661609399565592,1.0,0.0,0.003080417529447134,0.01687694361803093,-0.5242185058179417,0,audits/paper_extras/v4_runs/v2/bench2_seed909_exp.json,True
909,exp,us_federal,5,346.78258004504625,331.42230148173576,329.90106418861245,766.0291927374025,944.775575796084,0.6329471369400703,0.6492052610457529,0.6508154183488156,0.1891945427442563,0.5958333333333333,0.04900884664643048,1.0,0.0,0.004723489465527064,0.03197937605284937,-0.3520391293675423,0,audits/paper_extras/v4_runs/v2/bench2_seed909_exp.json,True
909,exp,us_federal,6,314.8196315692402,302.81360080414106,302.4518330534081,703.8909562841717,875.6812423194017,0.6404860394915131,0.6541965430227968,0.6546096702353597,0.19617901781270553,0.7625,0.06742515318036371,1.0,0.0,0.0029680163864311874,0.016058362596921526,-0.5664236833547256,0,audits/paper_extras/v4_runs/v2/bench2_seed909_exp.json,True
909,exp,us_federal,7,352.7748057283466,340.14524660428606,339.33099890024863,751.8087478240855,941.6997306837438,0.6253850412888979,0.6387964915766564,0.6396611490439005,0.2016470608118189,0.55,0.04660209703581961,1.0,0.0,0.0024519447526070094,0.01901945824598641,-0.30518802779291954,0,audits/paper_extras/v4_runs/v2/bench2_seed909_exp.json,True
909,exp,us_federal,8,332.9153138677465,319.7310649633505,318.8812236044568,751.273787375136,935.8437882770232,0.6442618757125321,0.6583499629227592,0.6592580646482173,0.197223087030046,0.5708333333333333,0.061061404915672565,1.0,0.0,0.006318598733647997,0.028770463301285864,-0.33448341386724006,0,audits/paper_extras/v4_runs/v2/bench2_seed909_exp.json,True
909,exp,us_federal,9,271.0244091548209,259.5998624033153,259.0949202924396,678.7213872288936,849.1283579118285,0.6808204476631513,0.6942748879077343,0.6948695472500714,0.2006845833084632,0.6625,0.07803465547751642,1.0,0.0,0.002048439494854732,0.013094725266001058,-0.5126665452494511,0,audits/paper_extras/v4_runs/v2/bench2_seed909_exp.json,True
909,exp,saez,0,224.7499631648285,229.87784648223715,239.3108828769488,502.4115284287935,675.4536314288547,0.6672607079047123,0.6596689457484246,0.6457034624705318,0.2561865018535883,0.9333333333333333,0.6940981448353961,0.7232142857142857,0.8958333333333334,inf,inf,-11.48679556899724,63,audits/paper_extras/v4_runs/v2/bench2_seed909_exp.json,True
909,exp,saez,1,217.11685369135878,233.98972735145009,233.911000914846,581.93522902073,795.0581672535678,0.7269170198686686,0.7056948321658788,0.7057938518852486,0.268059554647486,0.9291666666666667,0.6807436341196743,0.7668161434977578,0.8833333333333333,inf,inf,-10.650355718799684,56,audits/paper_extras/v4_runs/v2/bench2_seed909_exp.json,True
909,exp,saez,2,185.52946781487975,174.3427927921723,201.62542923657452,555.0832267090062,806.4177204468583,0.7699337909984508,0.7838058510227626,0.7499739599907994,0.31166787059017104,0.9291666666666667,0.6293846847152262,0.8654708520179372,0.8958333333333334,0.14308594091224683,inf,-11.795994052482397,70,audits/paper_extras/v4_runs/v2/bench2_seed909_exp.json,True
909,exp,saez,3,174.2347006624961,169.44924028915983,193.77441687384385,546.9069463568208,768.216822993058,0.7731959318677006,0.7794252413934821,0.7477607739454635,0.2880825699364269,0.9416666666666667,0.6617209514136246,0.8672566371681416,0.8833333333333333,0.10720914313720926,inf,-12.383758991352561,55,audits/paper_extras/v4_runs/v2/bench2_seed909_exp.json,True
909,exp,saez,4,154.1535856532471,141.08535783354446,158.46315008150907,462.8787271614035,650.9803189016961,0.763197778523738,0.783272468096152,0.7565776637474068,0.28895127283978256,0.9375,0.646049561437468,0.8844444444444445,0.9,0.07650601754996669,0.18798230935700572,-12.10787946573792,55,audits/paper_extras/v4_runs/v2/bench2_seed909_exp.json,True
909,exp,saez,5,252.28715271690055,286.579026768088,273.3703491133315,551.4268651254881,722.2726624047235,0.6507037219476928,0.6032259814265208,0.6215136425028515,0.23653919935225576,0.9375,0.7071586715836712,0.6533333333333333,0.8791666666666667,inf,inf,-10.788641333199505,56,audits/paper_extras/v4_runs/v2/bench2_seed909_exp.json,True
909,exp,saez,6,169.31450592419256,169.38300273414472,183.818197500093,507.5013619760396,707.8234764107332,0.7607955774753883,0.7606988064410345,0.7403050285472198,0.28301140201014097,0.9333333333333333,0.6530662787531453,0.8392857142857143,0.8916666666666667,0.1808985512706707,inf,-11.52381669075395,53,audits/paper_extras/v4_runs/v2/bench2_seed909_exp.json,True
909,exp,saez,7,211.94519888016222,225.51861149689756,228.8070626727608,574.9024264816652,781.6626484379971,0.7288533623760914,0.711488566138406,0.7072815707262106,0.2645133707866207,0.9375,0.6670789365635769,0.76,0.8791666666666667,inf,inf,-10.955717012423008,59,audits/paper_extras/v4_runs/v2/bench2_seed909_exp.json,True
909,exp,saez,8,164.4755925731802,158.7443942002877,182.39448996241347,487.99485754476024,681.9245572593427,0.7588067612138677,0.7672112075882969,0.732529811368786,0.28438585713056974,0.9291666666666667,0.6777545248242679,0.8026905829596412,0.8916666666666667,0.17891351467392982,inf,-12.106744090430109,58,audits/paper_extras/v4_runs/v2/bench2_seed909_exp.json,True
909,exp,saez,9,157.55463517719815,172.49620046117056,192.3742553863337,485.2598380448746,671.9679326868533,0.7655325090481351,0.7432969758371546,0.7137151253377103,0.27785268546287506,0.9375,0.7248515486606271,0.7244444444444444,0.9041666666666667,inf,inf,-13.09634077116497,55,audits/paper_extras/v4_runs/v2/bench2_seed909_exp.json,True
909,exp,free_market+rl_aux,0,374.9898564856602,368.8277817411893,368.71502215637594,738.1338694863674,896.2037005139393,0.5815796606612788,0.5884554130610258,0.5885812322076648,0.1763771237910809,0.0,0.0,nan,0.0,0.0,0.0,9.363571382792202e-05,0,audits/paper_extras/v4_runs/v2/bench2_seed909_exp.json,True
909,exp,free_market+rl_aux,1,409.11332020235744,402.2619192190676,402.22867109181584,765.1064770686836,963.2062169122504,0.5752588459054472,0.5823719654669606,0.582406483648704,0.2056670070907714,0.0,0.0,nan,0.0,0.0,0.0,0.005018613791099247,0,audits/paper_extras/v4_runs/v2/bench2_seed909_exp.json,True
909,exp,free_market+rl_aux,2,377.12434252249096,370.42235799456006,370.2629199412625,737.4947316104531,929.9277247940944,0.5944584375027702,0.6016654325726449,0.601836884664078,0.20693327884836432,0.0,0.0,nan,0.0,0.0,0.0,1.9477173032633743e-05,0,audits/paper_extras/v4_runs/v2/bench2_seed909_exp.json,True
909,exp,free_market+rl_aux,3,415.4494556216326,409.131750989105,408.7365670132061,769.4749183396353,950.2354452617067,0.5627931396442356,0.569441707285056,0.5698575873470654,0.1902270935307908,0.0,0.0,nan,0.0,0.0,0.0,5.7030975306071596e-05,0,audits/paper_extras/v4_runs/v2/bench2_seed909_exp.json,True
909,exp,free_market+rl_aux,4,343.39032641969806,336.8750936879351,336.8895780228179,694.3556152812848,865.654984645935,0.603317334838487,0.6108436967809736,0.6108269645549255,0.19788411365148445,0.0,0.0,nan,0.0,0.0,0.0,0.0007249655942389577,0,audits/paper_extras/v4_runs/v2/bench2_seed909_exp.json,True
909,exp,free_market+rl_aux,5,350.0969550939993,342.9601247946811,342.87427652870934,713.2253383990566,905.1797174229997,0.6132293418032969,0.6211137764210283,0.6212086175496123,0.21206217431652954,0.0,0.0,nan,0.0,0.0,0.0,0.04234016499240423,0,audits/paper_extras/v4_runs/v2/bench2_seed909_exp.json,True
909,exp,free_market+rl_aux,6,371.27935502757254,365.1166429780022,364.9766086428841,719.6800767137702,882.9019274655216,0.579478372990559,0.5864584370926516,0.5866170439897053,0.1848697411051076,0.0,0.0,nan,0.0,0.0,0.0,0.0026660930597504073,0,audits/paper_extras/v4_runs/v2/bench2_seed909_exp.json,True
909,exp,free_market+rl_aux,7,422.0358397502811,415.77324807923605,415.86967693721283,782.646612931085,962.2778578954014,0.5614199825055561,0.5679280733024721,0.5678278643480775,0.18667294845294286,0.0,0.0,nan,0.0,0.0,0.0,2.2504911629361857e-05,0,audits/paper_extras/v4_runs/v2/bench2_seed909_exp.json,True
909,exp,free_market+rl_aux,8,410.3551368707587,404.3780646415802,404.51805816419534,747.257877920223,910.0805649998864,0.549100208649319,0.5556678384384237,0.5555140130212034,0.17891019030791383,0.0,0.0,nan,0.0,0.0,0.0,0.00012416903565726223,0,audits/paper_extras/v4_runs/v2/bench2_seed909_exp.json,True
909,exp,free_market+rl_aux,9,327.1195656104224,320.5615950666626,320.40230098592747,668.4437240226653,834.0956809743901,0.6078152985658893,0.6156776705854864,0.6158686487722443,0.1986006650438597,0.0,0.0,nan,0.0,0.0,0.0,0.0,0,audits/paper_extras/v4_runs/v2/bench2_seed909_exp.json,True
909,exp,us_federal+rl_aux,0,310.9931519376898,298.23442875149817,298.171549985355,768.0496405623468,939.2581160694897,0.6688949005422473,0.6824787311931689,0.68254567633324,0.1822805388401629,0.7708333333333334,0.08182117975612738,1.0,0.0,0.0021641279714658943,0.014383651842899586,-0.6094365012239381,1,audits/paper_extras/v4_runs/v2/bench2_seed909_exp.json,True
909,exp,us_federal+rl_aux,1,357.96809755494917,347.3823005126553,347.1779684144606,765.643645867301,985.9562228893742,0.6369330714238884,0.6476696505909348,0.6478768931575428,0.22345066840436442,0.7041666666666667,0.05228081956410582,1.0,0.0,0.0008181473495896099,0.0071220843444521845,-0.3563716270462291,0,audits/paper_extras/v4_runs/v2/bench2_seed909_exp.json,True
909,exp,us_federal+rl_aux,2,322.49438035322993,310.82832497681557,310.74340648339785,768.9985734967318,964.152126822472,0.6655150454150164,0.6776148531651293,0.6777029289895301,0.20240950353851542,0.7375,0.10177579988510004,1.0,0.0,0.002579129190601239,0.013147457919842677,-0.5534454330527466,0,audits/paper_extras/v4_runs/v2/bench2_seed909_exp.json,True
909,exp,us_federal+rl_aux,3,360.8672703697625,348.5523592739366,348.14155324257473,765.3177627637924,966.1297725618119,0.6264815756449793,0.6392282184310425,0.6396534263513746,0.2078520044626528,0.7083333333333334,0.04524292436622547,1.0,0.0,0.001096131229991564,0.011835290298424218,-0.4632738363969698,0,audits/paper_extras/v4_runs/v2/bench2_seed909_exp.json,True
909,exp,us_federal+rl_aux,4,303.81682426988226,291.8297878240825,291.1169101937492,700.6633899823236,877.6306719051136,0.6538215515982674,0.6674799580664221,0.668292233267317,0.20164208885115523,0.725,0.08764901882564081,1.0,0.0,0.0024117832342984147,0.014889552119024721,-0.47038951858440753,0,audits/paper_extras/v4_runs/v2/bench2_seed909_exp.json,True
909,exp,us_federal+rl_aux,5,322.2184312163744,309.58850005755914,309.13808555469785,740.2670257221174,931.2855482000089,0.6540068383546174,0.6675686628489698,0.6680523109671349,0.2051127313712668,0.6416666666666667,0.04621622798917915,1.0,0.0,0.0014657572053689255,0.014240199132552003,-0.426552488882549,0,audits/paper_extras/v4_runs/v2/bench2_seed909_exp.json,True
909,exp,us_federal+rl_aux,6,309.4937438872236,298.41561871953223,298.48071277984707,715.0845485447096,888.9999925216272,0.6518630523163987,0.6643243855682344,0.6642511639024724,0.19563042231711444,0.6916666666666667,0.07902084335047196,1.0,0.0,0.002946560674765654,0.01446395750906351,-0.47066855123403933,0,audits/paper_extras/v4_runs/v2/bench2_seed909_exp.json,True
909,exp,us_federal+rl_aux,7,346.986070295857,336.2650810043887,335.9222008323076,743.5162392110313,948.1504917621813,0.6340390335599917,0.6453462990042598,0.6457079295418803,0.21582465476638396,0.6333333333333333,0.048295847969246415,1.0,0.0,0.000886903083600632,0.00879796433526993,-0.32501388258978464,0,audits/paper_extras/v4_runs/v2/bench2_seed909_exp.json,True
909,exp,us_federal+rl_aux,8,324.1804999568048,313.04595680780733,312.66054513003587,735.7023078403546,936.3734894018152,0.6537914586156198,0.6656825931629152,0.6660941935361997,0.21430677377427215,0.5708333333333333,0.041775998321731796,1.0,0.0,0.0012714728444776927,0.01132480564761282,-0.3015969068835702,0,audits/paper_extras/v4_runs/v2/bench2_seed909_exp.json,True
909,exp,us_federal+rl_aux,9,274.09875601971294,263.59308865946355,263.302468192527,662.8386613224683,848.7054399987758,0.6770390018707688,0.689417463071942,0.6897598910254342,0.21900033853509354,0.7458333333333333,0.06969582731428706,1.0,0.0,0.0006284377101396109,0.007320037465228364,-0.48763311532091935,0,audits/paper_extras/v4_runs/v2/bench2_seed909_exp.json,True
909,exp,saez+rl_aux,0,200.70755732704438,185.9946892501473,192.1605144334279,491.6589026525985,740.7941462356149,0.7290643313706641,0.7489252713519818,0.7406020074403911,0.33630833187466513,0.925,0.5579508990247618,1.0,0.8666666666666667,0.0239984754868524,0.060232208630298635,-8.681895697759721,56,audits/paper_extras/v4_runs/v2/bench2_seed909_exp.json,True
909,exp,saez+rl_aux,1,213.29445000285156,200.03978840336785,209.21484651830644,519.458461278966,819.7739918095756,0.7398131044240331,0.7559817822936802,0.7447896022457556,0.36633942224452704,0.9208333333333333,0.5643430718193081,1.0,0.85,0.019768056595440498,0.04613634862574045,-7.089360267622668,50,audits/paper_extras/v4_runs/v2/bench2_seed909_exp.json,True
909,exp,saez+rl_aux,2,230.6629707000721,214.1263396572845,218.07705106403318,554.5069176884246,839.2416444020778,0.7251530923916327,0.7448573470042231,0.7401498692079284,0.33927621277244185,0.9166666666666666,0.5302026027732858,0.9772727272727273,0.7875,0.021863143029393777,0.05706623505823927,-9.91178439063849,60,audits/paper_extras/v4_runs/v2/bench2_seed909_exp.json,True
909,exp,saez+rl_aux,3,238.75173792575347,222.4147897725866,228.02205338823617,585.7811354769889,872.1656212010349,0.7262541286631143,0.7449856032317516,0.7385564761492968,0.3283602090732193,0.9333333333333333,0.5413389909493844,1.0,0.7958333333333333,0.023372274620911775,0.05997906508040091,-8.426917195786167,74,audits/paper_extras/v4_runs/v2/bench2_seed909_exp.json,True
909,exp,saez+rl_aux,4,186.93504381296125,173.0376617967951,179.8696077568948,465.5243690334744,690.0921347697009,0.7291158174475563,0.7492542617450036,0.7393542127285347,0.32541707754888377,0.9333333333333333,0.5698101564814844,1.0,0.8666666666666667,0.027193403913920982,0.06739388206049,-11.20638148083438,73,audits/paper_extras/v4_runs/v2/bench2_seed909_exp.json,True
909,exp,saez+rl_aux,5,202.99581794871122,188.94857521082736,196.16163919252858,512.5415198987686,785.6021526983889,0.7416048094427179,0.7594856702443773,0.750304096648982,0.34758131945248716,0.9291666666666667,0.571235826209433,1.0,0.8625,0.02275434531298953,0.05487089045677431,-7.559083154550828,56,audits/paper_extras/v4_runs/v2/bench2_seed909_exp.json,True
909,exp,saez+rl_aux,6,191.25551595542012,176.68752422116148,181.93031460067434,452.07874488090846,683.033984584942,0.7199912152663385,0.7413195709016897,0.733643832215424,0.3381314032922939,0.9208333333333333,0.5572782069818263,1.0,0.8416666666666667,0.027592403382580875,0.06968236392807045,-8.456892421412006,56,audits/paper_extras/v4_runs/v2/bench2_seed909_exp.json,True
909,exp,saez+rl_aux,7,223.95986048006284,210.37516437678744,217.2747740053043,526.8180316660769,808.9541593349444,0.7231488856374949,0.739941797753113,0.7314127487966318,0.34876652083823473,0.9291666666666667,0.5452327166135132,1.0,0.85,0.020412379527047032,0.049537238809431824,-7.527800579192051,57,audits/paper_extras/v4_runs/v2/bench2_seed909_exp.json,True
909,exp,saez+rl_aux,8,192.94059406448216,179.36464919296577,187.46336300729703,477.4603806378989,724.4154954672163,0.7336603161145194,0.7524008661944988,0.7412212132674062,0.34090258473839263,0.9208333333333333,0.5686911517857083,1.0,0.8666666666666667,0.02726452209106335,0.0655436111155176,-9.009262735764935,55,audits/paper_extras/v4_runs/v2/bench2_seed909_exp.json,True
909,exp,saez+rl_aux,9,165.51030912943153,152.96034251714593,161.63815572560833,419.8727513067622,619.6969981300605,0.7329173618254406,0.7531691407595894,0.7391658242441831,0.3224547600299327,0.9291666666666667,0.5810869753986274,0.9955156950672646,0.8583333333333333,0.031100161447795205,0.07446826715607077,-9.491888255890832,60,audits/paper_extras/v4_runs/v2/bench2_seed909_exp.json,True
909,exp,rl_mean_fixed,0,383.1823809505287,376.8946887500323,376.91144758386196,763.1830303497294,921.6298592465051,0.5842339773324985,0.591056338975205,0.5910381550658389,0.17192024249986518,0.1,0.0036601349232265852,1.0,0.0,5.5654212779865355e-05,0.0014570443240788653,-0.003096662956824714,2,audits/paper_extras/v4_runs/v2/bench2_seed909_exp.json,True
909,exp,rl_mean_fixed,1,416.6471815657081,409.6257144686027,409.56140057484737,775.7486136993282,977.4408026780167,0.5737366596277056,0.5809201812055523,0.5809859794550004,0.20634721655376703,0.058333333333333334,0.000567548318718442,1.0,0.0,4.690979894006382e-06,0.0004825575760458072,-0.0030911555513739586,0,audits/paper_extras/v4_runs/v2/bench2_seed909_exp.json,True
909,exp,rl_mean_fixed,2,391.8029693482345,385.1002509054117,385.03039198059304,764.9068861247964,955.1824932169366,0.5898134941432076,0.5968307065507015,0.5969038432814464,0.19920340714298004,0.12083333333333333,0.0045459329760292,1.0,0.0,3.934011294389382e-05,0.0009001585545239894,-0.003091155551374014,0,audits/paper_extras/v4_runs/v2/bench2_seed909_exp.json,True
909,exp,rl_mean_fixed,3,429.964345029506,423.60705568295003,423.40857422959584,802.8306889978358,984.5155601040232,0.5632731848503478,0.5697304615092198,0.5699320646746723,0.18454240691431098,0.05416666666666667,0.0005823791010575764,1.0,0.0,1.5074265798699035e-05,0.0013923756805771911,-0.0030935212142753784,1,audits/paper_extras/v4_runs/v2/bench2_seed909_exp.json,True
909,exp,rl_mean_fixed,4,332.3090996985284,325.47307033252406,325.4399813348483,696.4465246651795,870.8023248303533,0.6183874454362903,0.6262377108422034,0.6262757091303708,0.2002243163500296,0.0,0.0,nan,0.0,0.0,0.0,0.0379287310892372,0,audits/paper_extras/v4_runs/v2/bench2_seed909_exp.json,True
909,exp,rl_mean_fixed,5,378.60675474818726,371.7710037370778,371.6259380871815,754.258721392116,938.211449239696,0.5964590337764466,0.6037449723744556,0.603899591730267,0.1960674515288115,0.03333333333333333,0.000521868624744731,1.0,0.0,1.350654219542351e-05,0.0008235601025694829,-0.003091155551374014,0,audits/paper_extras/v4_runs/v2/bench2_seed909_exp.json,True
909,exp,rl_mean_fixed,6,363.54646318891616,356.9794588126303,356.78022144239094,712.0300231978821,883.511190348492,0.5885208165325909,0.5959536645236793,0.5961791708584216,0.19409054353117014,0.0,0.0,nan,0.0,0.0,0.0,0.03742910260528576,0,audits/paper_extras/v4_runs/v2/bench2_seed909_exp.json,True
909,exp,rl_mean_fixed,7,420.94416117357235,414.41230786478144,414.4477340470517,796.4304077777246,979.70401944534,0.5703353739306999,0.5770025439934388,0.5769663839067523,0.18707038863776013,0.075,0.0020927330632376268,1.0,0.0,3.2010956649952784e-05,0.0011083083667791896,-0.003091155551374014,0,audits/paper_extras/v4_runs/v2/bench2_seed909_exp.json,True
909,exp,rl_mean_fixed,8,389.4312261905886,383.01695860232195,382.9864710539237,755.5714653615712,923.7610335894744,0.5784286065007864,0.5853722503167013,0.5854052540344266,0.18207042959407596,0.07916666666666666,0.0007201260608179568,1.0,0.0,1.0479080803896881e-05,0.0011549112542555394,-0.0030911555513739863,0,audits/paper_extras/v4_runs/v2/bench2_seed909_exp.json,True
909,exp,rl_mean_fixed,9,349.4025726654038,342.87340716684486,342.7009949247643,713.1348329322583,882.8046184537695,0.6042130213620974,0.6116089562746206,0.6118042568411067,0.1921940392866176,0.0,0.0,nan,0.0,0.0,0.0,0.00277709308402202,0,audits/paper_extras/v4_runs/v2/bench2_seed909_exp.json,True
909,exp,flat_pit0.10_cit0,0,322.1369843029884,306.66461235856315,304.4839550351479,742.4365701904985,907.4011436640372,0.6449894442470984,0.6620407473586953,0.6644439373245024,0.18179894815585154,0.7625,0.09464385340128811,1.0,0.0,0.009288016618175996,0.0378506639186562,-0.5665953566431926,0,audits/paper_extras/v4_runs/v2/bench2_seed909_exp.json,True
909,exp,flat_pit0.10_cit0,1,338.6688993833463,328.4132621425416,328.1893575854017,715.7754467925297,943.5836162291853,0.6410822596340126,0.6519510762014186,0.6521883678979772,0.24142870384612916,0.7,0.0323817897270972,1.0,0.0,0.0002628793157143982,0.005008731540845713,-0.3554028122325338,0,audits/paper_extras/v4_runs/v2/bench2_seed909_exp.json,True
909,exp,flat_pit0.10_cit0,2,322.66689606860143,311.3277784006708,311.22646479776176,740.1000611396878,956.4112519273974,0.6626274571547015,0.6744833587295519,0.6745892897322506,0.2261696423497641,0.7041666666666667,0.08985122915763735,1.0,0.0,0.0021872395585250106,0.011552044656574575,-0.37799983574063717,0,audits/paper_extras/v4_runs/v2/bench2_seed909_exp.json,True
909,exp,flat_pit0.10_cit0,3,353.6011394017491,342.4214144536623,342.2339879927857,743.7333492144597,946.9385725052564,0.6265849235962069,0.6383911011801544,0.6385890300282535,0.21459176887597822,0.6708333333333333,0.05334428183146276,1.0,0.0,0.0014602172709964776,0.010968122250198232,-0.4359631254925989,0,audits/paper_extras/v4_runs/v2/bench2_seed909_exp.json,True
909,exp,flat_pit0.10_cit0,4,272.3832781222328,262.6121857545604,262.30369073325096,642.3888434924152,836.1501477987484,0.6742411888112322,0.6859269995395993,0.6862959464591467,0.23173027573627766,0.6625,0.06940416338170279,1.0,0.0,0.0005176202786264962,0.0059451351890263794,-0.3176254468365879,0,audits/paper_extras/v4_runs/v2/bench2_seed909_exp.json,True
909,exp,flat_pit0.10_cit0,5,330.3576343951804,316.78827470789673,316.2721819938207,774.2786629302285,969.4129221697129,0.6592188665529822,0.673216368935056,0.6737487454923242,0.2012911678572846,0.6666666666666666,0.0669830737211285,1.0,0.0,0.0034818521309201893,0.01965880455986372,-0.36424542783588526,0,audits/paper_extras/v4_runs/v2/bench2_seed909_exp.json,True
909,exp,flat_pit0.10_cit0,6,296.1039237819341,286.38361571798663,286.19242745427607,669.1481868022406,861.2012294026523,0.6561733614949457,0.6674602799665899,0.6676822818137577,0.2230060014354878,0.6541666666666667,0.06052010724829713,1.0,0.0,0.0005845269577327807,0.006380251930097642,-0.40843868171784786,0,audits/paper_extras/v4_runs/v2/bench2_seed909_exp.json,True
909,exp,flat_pit0.10_cit0,7,344.842086994717,333.98415071697815,333.73726757511605,741.6472330297862,945.5705122703097,0.6353079093311053,0.646790856543227,0.6470519509181661,0.21566163135830538,0.6375,0.05210909657308479,1.0,0.0,0.0011399842975444569,0.00959664892270848,-0.32445823643743016,0,audits/paper_extras/v4_runs/v2/bench2_seed909_exp.json,True
909,exp,flat_pit0.10_cit0,8,307.79226166102706,296.2555636178582,296.13637016813914,727.502186931059,916.9063528044234,0.664314397299547,0.6768965961335752,0.6770265913608462,0.20656871369039845,0.6166666666666667,0.05588607046516097,1.0,0.0,0.0019815520382302264,0.01328149710161585,-0.314293769182047,0,audits/paper_extras/v4_runs/v2/bench2_seed909_exp.json,True
909,exp,flat_pit0.10_cit0,9,274.91305211346463,264.5480812801112,264.2882347127013,656.8108885004788,841.785489216133,0.6734167366445548,0.6857298151736291,0.6860385001898698,0.2197407808584367,0.7375,0.08229257356579417,1.0,0.0,0.0009200013708806618,0.007981799894030259,-0.46499914980410423,0,audits/paper_extras/v4_runs/v2/bench2_seed909_exp.json,True
909,exp,flat_pit0.20_cit0,0,251.99506243183578,241.2093585086712,243.78293488567056,691.9964515918732,906.0319373306614,0.7218695588433007,0.7337738896717937,0.7309333977741442,0.23623393052719152,0.8375,0.28407256818903137,0.9253731343283582,0.13333333333333333,0.010221377957246357,0.026601568187427073,-1.4109608085172847,1,audits/paper_extras/v4_runs/v2/bench2_seed909_exp.json,True
909,exp,flat_pit0.20_cit0,1,311.00546788675484,298.4769685626775,298.41693195143233,729.0970919526136,978.2290118114112,0.6820729459752393,0.6948802734750422,0.694941646231851,0.2546764784633342,0.7958333333333333,0.19979590861680782,1.0,0.09166666666666666,0.004234055975073523,0.01583407706351166,-0.9917154976813566,0,audits/paper_extras/v4_runs/v2/bench2_seed909_exp.json,True
909,exp,flat_pit0.20_cit0,2,289.68521505773117,282.23226548406,293.6534733758607,775.2861531794939,1021.48781065858,0.7164085444436546,0.7237047152798647,0.7125237616036411,0.24102260928630498,0.8041666666666667,0.351324451972922,0.7668393782383419,0.2833333333333333,0.013433744959976249,0.028395479917782827,-1.287392549275267,1,audits/paper_extras/v4_runs/v2/bench2_seed909_exp.json,True
909,exp,flat_pit0.20_cit0,3,308.3300946350453,296.3467775166549,297.64084578189835,741.3362294560762,976.0530396352935,0.6841051847446178,0.6963825063980271,0.6950566888320812,0.24047546664771435,0.8208333333333333,0.23629293732994852,1.0,0.12916666666666668,0.0071752070967848495,0.021695407338917984,-1.1100448979435862,1,audits/paper_extras/v4_runs/v2/bench2_seed909_exp.json,True
909,exp,flat_pit0.20_cit0,4,240.10296524898556,229.2326142138977,231.69204443314825,644.9919128817057,858.7474553181861,0.7204032876463992,0.7330616669729034,0.7301976931654477,0.24891548861391258,0.8666666666666667,0.3156734373639154,1.0,0.125,0.0061176725162842786,0.01803990919614558,-1.3153164593689544,1,audits/paper_extras/v4_runs/v2/bench2_seed909_exp.json,True
909,exp,flat_pit0.20_cit0,5,263.27375317330416,251.03439983833928,252.41939167196767,707.8617704029331,923.5181185249984,0.7149230232821061,0.72817598831815,0.7266762972933107,0.23351609870578607,0.8125,0.2374248533589708,0.9897435897435898,0.15833333333333333,0.007748706797466613,0.02339558245223703,-1.1646258860861995,0,audits/paper_extras/v4_runs/v2/bench2_seed909_exp.json,True
909,exp,flat_pit0.20_cit0,6,258.9968002633213,248.23560474162946,249.82052032102402,660.7862498776055,875.9487723825517,0.7043242613847628,0.7166094495840929,0.7148000794138675,0.2456336823439015,0.8125,0.28975896120073685,1.0,0.11666666666666667,0.006229808114860074,0.018277239811056577,-1.3394536905665517,0,audits/paper_extras/v4_runs/v2/bench2_seed909_exp.json,True
909,exp,flat_pit0.20_cit0,7,299.31989563429926,287.03835525428855,289.2141470591962,725.2173725698749,943.7289248475507,0.6828327629327975,0.6958466062692139,0.6935410800236778,0.23154059023143117,0.775,0.22295879417878678,0.9946236559139785,0.12083333333333333,0.01161774385840701,0.03290968637391346,-1.0352585471501987,0,audits/paper_extras/v4_runs/v2/bench2_seed909_exp.json,True
909,exp,flat_pit0.20_cit0,8,269.2882268229269,258.7225184213993,263.5207855036597,723.6183019382254,933.1470799144623,0.7114193114684435,0.7227419728462149,0.717599946272333,0.22453992782728693,0.8291666666666667,0.2637047587895308,0.8994974874371859,0.15,0.015132330650999799,0.03773059526263929,-1.3335796564251106,2,audits/paper_extras/v4_runs/v2/bench2_seed909_exp.json,True
909,exp,flat_pit0.20_cit0,9,226.30727425212535,215.18980786854843,216.00298770972793,632.3788758633116,840.8527735132477,0.7308598111574643,0.7440814674732614,0.7431143780293129,0.24793150979200718,0.8541666666666666,0.3205783410028677,0.9853658536585366,0.2875,0.005486325421500993,0.016973161857523917,-1.4852800751074906,1,audits/paper_extras/v4_runs/v2/bench2_seed909_exp.json,True
909,exp,flat_pit0.30_cit0,0,219.98887912605497,210.98051043689205,224.579654697907,640.6988102303907,888.943950089198,0.75252784036161,0.7626616274111299,0.7473635377400653,0.27925848399541736,0.8708333333333333,0.48806472293896525,0.9043062200956937,0.5583333333333333,0.01593338184819112,0.03494515303889636,-2.5128748412057713,19,audits/paper_extras/v4_runs/v2/bench2_seed909_exp.json,True
909,exp,flat_pit0.30_cit0,1,270.2109728630616,259.131016168265,262.19726573156817,664.8699757250439,953.4515840093383,0.7165970696416452,0.7282179603933334,0.7250020136009337,0.30267043772771995,0.8416666666666667,0.41009173868769966,0.9653465346534653,0.5375,0.008688890384942444,0.02171194830335743,-1.817615276656146,5,audits/paper_extras/v4_runs/v2/bench2_seed909_exp.json,True
909,exp,flat_pit0.30_cit0,2,245.6005796351799,240.12398650461128,256.306668299084,679.8974256356137,944.5686600605937,0.739986525045808,0.7457845081487169,0.7286521571839553,0.2802032775552828,0.8416666666666667,0.46195082859248005,0.7871287128712872,0.5208333333333334,0.021497536043891294,0.04210157765011002,-2.5998642652149693,11,audits/paper_extras/v4_runs/v2/bench2_seed909_exp.json,True
909,exp,flat_pit0.30_cit0,3,261.91839073224116,253.3752017303132,261.03094374214174,672.1679024523023,937.4659394707945,0.7206102326447233,0.7297232986690214,0.7215568771602567,0.28299485437119426,0.8708333333333333,0.44244107899561314,0.8803827751196173,0.5458333333333333,0.013181743806899562,0.028577200533804963,-2.1882236422834382,11,audits/paper_extras/v4_runs/v2/bench2_seed909_exp.json,True
909,exp,flat_pit0.30_cit0,4,213.98675012177864,203.83200877137838,212.30127208595272,584.3341971576956,834.7950513772516,0.7436655263244055,0.7558298789204672,0.745684558460551,0.3000267596296165,0.8916666666666667,0.48757936240940153,1.0,0.675,0.010579554774573582,0.025253281019093323,-2.331323606919102,12,audits/paper_extras/v4_runs/v2/bench2_seed909_exp.json,True
909,exp,flat_pit0.30_cit0,5,227.29681391935998,216.40774953014287,220.50213484430114,627.1286981721647,901.6189096975237,0.747901456508256,0.7599786925467839,0.7554375440969007,0.3044414980354008,0.8666666666666667,0.46887787551196874,1.0,0.5875,0.009048701944739739,0.022063856534232353,-2.3583925229766547,3,audits/paper_extras/v4_runs/v2/bench2_seed909_exp.json,True
909,exp,flat_pit0.30_cit0,6,233.59491562483507,222.78741720598325,230.13684095996317,611.5620813008269,871.0057937947452,0.7318101472010617,0.7442182143986017,0.7357803557685685,0.29786680449459435,0.85,0.4494701305438529,1.0,0.5666666666666667,0.010329930855089922,0.025487941337065494,-2.358577561869726,10,audits/paper_extras/v4_runs/v2/bench2_seed909_exp.json,True
909,exp,flat_pit0.30_cit0,7,260.33901011996306,254.66976284041044,262.29115147704437,678.2326096222113,924.6358040379951,0.7184415647944504,0.7245728948324982,0.7163303104513284,0.2664867543953106,0.8375,0.44381465172717743,0.8308457711442786,0.5583333333333333,0.020409592338787755,0.040203403911291236,-1.988417450466073,10,audits/paper_extras/v4_runs/v2/bench2_seed909_exp.json,True
909,exp,flat_pit0.30_cit0,8,229.42057750476013,222.98391902143572,237.6206470805274,661.5611942583698,905.6561067587858,0.7466802511542447,0.753787428409815,0.7376259649692665,0.2695227368079004,0.8666666666666667,0.48831681283675,0.8221153846153846,0.6416666666666667,0.01874133948157855,0.03742203743537665,-2.27980704033078,10,audits/paper_extras/v4_runs/v2/bench2_seed909_exp.json,True
909,exp,flat_pit0.30_cit0,9,202.37938586000482,196.5355804688695,214.96704733501764,611.4219240873806,834.1991899216506,0.7573968084540904,0.76440209623396,0.7423072931116036,0.26705524115312745,0.8875,0.5443834194037989,0.8262910798122066,0.675,0.019744978877761398,0.038517604101695704,-2.8049732757187433,15,audits/paper_extras/v4_runs/v2/bench2_seed909_exp.json,True
909,exp,flat_pit0.50_cit0,0,200.54192403691124,188.60882382711358,195.0032304485929,472.26630992331997,735.1578798473248,0.7272124403011784,0.7434444641111876,0.7347464595100436,0.3575987922194363,0.9083333333333333,0.5468031796934617,0.981651376146789,0.8541666666666666,0.021094978658980693,0.048415041159828025,-6.183405933309155,60,audits/paper_extras/v4_runs/v2/bench2_seed909_exp.json,True
909,exp,flat_pit0.50_cit0,1,227.80924413883844,214.87543343086497,221.46311700906784,513.1639596240703,817.3620220843583,0.7212872167000112,0.7371110626318186,0.7290513737788871,0.37217053672808426,0.9,0.5396502142808883,1.0,0.7666666666666667,0.018397628522753964,0.04392138897734106,-5.757983611431597,50,audits/paper_extras/v4_runs/v2/bench2_seed909_exp.json,True
909,exp,flat_pit0.50_cit0,2,214.12803052967823,202.08715055118796,210.8958174345999,513.7423889586387,803.5533101543931,0.7335235536662327,0.7485080977236478,0.7375459539901854,0.3606617227923195,0.9125,0.5430550464014345,0.9634703196347032,0.7333333333333333,0.020744928687243754,0.048016740393230645,-5.941430655792346,63,audits/paper_extras/v4_runs/v2/bench2_seed909_exp.json,True
909,exp,flat_pit0.50_cit0,3,219.16270994064115,208.9080600667546,220.33634281019548,530.4743453046631,814.3338422363811,0.7308687192236036,0.7434614046089052,0.7294275008820802,0.34857877962208106,0.9125,0.5569269967726168,0.9223744292237442,0.7416666666666667,0.02546199231188995,0.056054301187713026,-5.644646116585216,66,audits/paper_extras/v4_runs/v2/bench2_seed909_exp.json,True
909,exp,flat_pit0.50_cit0,4,195.06978831969462,183.0079640331099,188.70576667889918,449.34814790691644,700.5639624668635,0.7215532074575969,0.7387705137034277,0.7306373482095506,0.35859083255631996,0.9208333333333333,0.5459898262336419,1.0,0.775,0.020986013371795478,0.049483893800973504,-6.557381076282127,60,audits/paper_extras/v4_runs/v2/bench2_seed909_exp.json,True
909,exp,flat_pit0.50_cit0,5,189.8971545916079,179.29854890567688,187.23454589516936,477.03434697293187,740.3973167977306,0.743519931416113,0.7578346857317697,0.7471161204298097,0.3557049220057438,0.9083333333333333,0.5648949884284207,0.9357798165137615,0.8208333333333333,0.02529492228014795,0.05546877085815524,-5.989170923789315,67,audits/paper_extras/v4_runs/v2/bench2_seed909_exp.json,True
909,exp,flat_pit0.50_cit0,6,182.09520753674255,170.85698279558827,179.003319886493,427.62126490942876,671.7608921254141,0.728928537413657,0.7456580387479743,0.7335311983998705,0.36343233147071297,0.8958333333333334,0.5607447933091642,1.0,0.8416666666666667,0.020856911708226,0.04734727591122915,-5.958140531540202,50,audits/paper_extras/v4_runs/v2/bench2_seed909_exp.json,True
909,exp,flat_pit0.50_cit0,7,208.57120550302926,197.82055346322664,210.67420389126235,510.8613433041147,791.7538719014018,0.7365706529452843,0.7501489282418545,0.7339145265114688,0.3547725354632266,0.9208333333333333,0.550704056819347,0.9457013574660633,0.8208333333333333,0.02350421709556226,0.052095050502383757,-5.2458923323139235,62,audits/paper_extras/v4_runs/v2/bench2_seed909_exp.json,True
909,exp,flat_pit0.50_cit0,8,202.8290835501641,190.4556389051354,196.6613745293345,480.89213125014476,751.1445466832054,0.7299732994857152,0.746446087179729,0.738184380892169,0.3597874957974491,0.9041666666666667,0.5441893930856243,1.0,0.7833333333333333,0.020555382403128413,0.04824702215136592,-6.394173784115504,64,audits/paper_extras/v4_runs/v2/bench2_seed909_exp.json,True
909,exp,flat_pit0.50_cit0,9,167.43518265316092,156.470641527309,163.49296355046403,406.13001066775894,626.1820477027727,0.732609417233506,0.7501195665041163,0.7389050609958263,0.3514186295220411,0.9166666666666666,0.5613163723017122,1.0,0.8416666666666667,0.02324295721222147,0.053292281488823805,-6.530277945146468,61,audits/paper_extras/v4_runs/v2/bench2_seed909_exp.json,True
909,exp,flat_pit0_cit0.10,0,374.02745232230535,367.7745019741084,367.7078280259936,737.012357382465,896.8804081994259,0.5829684215388297,0.5899403101998278,0.5900146500421359,0.17824901665308032,0.0,0.0,nan,0.0,0.0,0.0,7.767134072755866e-05,0,audits/paper_extras/v4_runs/v2/bench2_seed909_exp.json,True
909,exp,flat_pit0_cit0.10,1,409.65443462395245,402.60868988916525,402.53762161152963,777.9269516891703,981.0721833676411,0.5824421061274336,0.5896237843507443,0.5896962237480082,0.20706451076938273,0.0,0.0,nan,0.0,0.0,0.0,0.0008908641504659087,0,audits/paper_extras/v4_runs/v2/bench2_seed909_exp.json,True
909,exp,flat_pit0_cit0.10,2,387.85890953622646,381.1226796848662,381.07843129499975,755.3412759673344,949.1915112713992,0.5913797111220401,0.5984765190594998,0.5985231359848948,0.20422668450164622,0.0,0.0,nan,0.0,0.0,0.0,0.00023442569650877765,0,audits/paper_extras/v4_runs/v2/bench2_seed909_exp.json,True
909,exp,flat_pit0_cit0.10,3,415.953177078963,409.4432778517422,409.1276980326711,774.6382828190802,961.4987376806034,0.5673908235362272,0.5741613984440262,0.5744896150154097,0.19434290190778766,0.0,0.0,nan,0.0,0.0,0.0,1.7062552111202223e-05,0,audits/paper_extras/v4_runs/v2/bench2_seed909_exp.json,True
909,exp,flat_pit0_cit0.10,4,334.67784264099976,327.9852333959808,327.92257376421844,682.9156042642205,851.4366127340952,0.6069257092829292,0.6147860821455995,0.6148596749777906,0.19792548963654213,0.0,0.0,nan,0.0,0.0,0.0,0.0,0,audits/paper_extras/v4_runs/v2/bench2_seed909_exp.json,True
909,exp,flat_pit0_cit0.10,5,388.6159338988768,382.06569774081487,381.88291690736946,768.3180049066343,946.6873240170911,0.5894991682682963,0.5964182808325875,0.5966113549646778,0.1884141834218081,0.0,0.0,nan,0.0,0.0,0.0,0.00020856849967398894,0,audits/paper_extras/v4_runs/v2/bench2_seed909_exp.json,True
909,exp,flat_pit0_cit0.10,6,367.9643796462284,361.48912301789466,361.44789262169513,728.5489234400684,902.1082285508312,0.5921061708556462,0.5992840863467129,0.599329790836368,0.19239299633656237,0.0,0.0,nan,0.0,0.0,0.0,0.006966020781108195,1,audits/paper_extras/v4_runs/v2/bench2_seed909_exp.json,True
909,exp,flat_pit0_cit0.10,7,426.09117400230144,419.8585777762221,419.8679588542162,781.1757333890827,955.1132145018358,0.5538841180995068,0.5604096232767439,0.5603998013228104,0.18211189885324203,0.0,0.0,nan,0.0,0.0,0.0,0.0006312278838427332,0,audits/paper_extras/v4_runs/v2/bench2_seed909_exp.json,True
909,exp,flat_pit0_cit0.10,8,394.5042175051027,388.20318319418743,388.1907026317601,756.915689059375,926.4921808539361,0.5741958478899486,0.5809968057837407,0.5810102765530416,0.183030677753011,0.0,0.0,nan,0.0,0.0,0.0,0.009164969897771158,0,audits/paper_extras/v4_runs/v2/bench2_seed909_exp.json,True
909,exp,flat_pit0_cit0.10,9,337.3795608715931,330.80073206600116,330.6875692233597,681.9226148316721,848.4083665571824,0.602338243974809,0.6100925626082857,0.6102259451244209,0.19623303857917476,0.0,0.0,nan,0.0,0.0,0.0,0.0,0,audits/paper_extras/v4_runs/v2/bench2_seed909_exp.json,True
909,exp,flat_pit0_cit0.20,0,372.3143384865908,365.9552714546447,365.78576145383414,755.2450086952532,919.1317212233363,0.5949282024658535,0.601846761454855,0.6020311855117083,0.17830601288567735,0.0,0.0,nan,0.0,0.0,0.0,0.00014847892463509815,3,audits/paper_extras/v4_runs/v2/bench2_seed909_exp.json,True
909,exp,flat_pit0_cit0.20,1,425.8010835525024,418.89105195356876,418.78131623712574,780.1928843962024,979.1255716555485,0.5651210673289441,0.5721784170693353,0.5722904922919826,0.20317382470461057,0.0,0.0,nan,0.0,0.0,0.0,0.001939282229242778,0,audits/paper_extras/v4_runs/v2/bench2_seed909_exp.json,True
909,exp,flat_pit0_cit0.20,2,391.1732107221961,384.48645311772077,384.420569683679,757.7822356054219,948.5382347049634,0.587604171966913,0.5946537113105275,0.594723169168557,0.2011052292044664,0.0,0.0,nan,0.0,0.0,0.0,0.00011743077981551941,0,audits/paper_extras/v4_runs/v2/bench2_seed909_exp.json,True
909,exp,flat_pit0_cit0.20,3,426.7095057020561,420.4286746971917,420.41934967600446,796.7364645653995,977.6430475150945,0.5635324091071513,0.569956871512759,0.5699664097805459,0.18504359378354998,0.0,0.0,nan,0.0,0.0,0.0,0.0014176722723910906,0,audits/paper_extras/v4_runs/v2/bench2_seed909_exp.json,True
909,exp,flat_pit0_cit0.20,4,337.2296216304961,330.446380497527,330.35091397939357,697.4792518362536,869.5447327191499,0.6121767990291348,0.619977710101021,0.6200874991832168,0.19787996454746035,0.0,0.0,nan,0.0,0.0,0.0,0.05462941149857259,0,audits/paper_extras/v4_runs/v2/bench2_seed909_exp.json,True
909,exp,flat_pit0_cit0.20,5,389.8504086252465,383.16571333129923,383.1501279868054,762.2020521439981,942.393084029746,0.5863186867223008,0.593412006279956,0.5934285443305402,0.19120580884914498,0.0,0.0,nan,0.0,0.0,0.0,0.0004746835055016163,0,audits/paper_extras/v4_runs/v2/bench2_seed909_exp.json,True
909,exp,flat_pit0_cit0.20,6,374.4545774039095,367.9534108804461,367.84150430679483,723.1357238598907,893.4390182377814,0.580884011376083,0.5881605757422625,0.5882858294768397,0.1906154655230938,0.0,0.0,nan,0.0,0.0,0.0,0.10751955706669247,0,audits/paper_extras/v4_runs/v2/bench2_seed909_exp.json,True
909,exp,flat_pit0_cit0.20,7,430.28416630697706,423.8573171444387,423.8230027039433,806.4186419340837,989.9614981823385,0.5653526252313662,0.5718446445415502,0.5718793069406014,0.1854040349905089,0.0,0.0,nan,0.0,0.0,0.0,0.00027566333969475387,0,audits/paper_extras/v4_runs/v2/bench2_seed909_exp.json,True
909,exp,flat_pit0_cit0.20,8,370.64640459402517,363.9378256574545,363.98232852668656,743.7421588227803,920.7987566455078,0.5974729527825395,0.6047585609440994,0.6047102302215491,0.19228587847766962,0.0,0.0,nan,0.0,0.0,0.0,0.0,0,audits/paper_extras/v4_runs/v2/bench2_seed909_exp.json,True
909,exp,flat_pit0_cit0.20,9,358.95561020806423,352.5218699008819,352.3317990837452,727.6658456947977,895.2522304498794,0.5990452768515495,0.6062317881925481,0.6064440979871198,0.1871946017614129,0.0,0.0,nan,0.0,0.0,0.0,0.013990905139769083,0,audits/paper_extras/v4_runs/v2/bench2_seed909_exp.json,True
909,exp,flat_pit0_cit0.30,0,377.07276786509414,370.64031158052893,370.50352575599004,774.6689487883528,938.4382372970964,0.5981911724407728,0.6050455993267574,0.6051913583326275,0.1745125912392852,0.0,0.0,nan,0.0,0.0,0.0,0.0042684667321817304,0,audits/paper_extras/v4_runs/v2/bench2_seed909_exp.json,True
909,exp,flat_pit0_cit0.30,1,421.53213158037045,414.4276547663899,414.35099341013375,792.3651954035657,994.6796414304016,0.5762131705297747,0.5833556478843569,0.5834327192881165,0.2033965888111443,0.0,0.0,nan,0.0,0.0,0.0,0.007070804683671383,0,audits/paper_extras/v4_runs/v2/bench2_seed909_exp.json,True
909,exp,flat_pit0_cit0.30,2,397.9159890145399,391.1342215253956,391.03779174248757,792.0422978485042,988.9239309498461,0.5976273032119389,0.6044850273269075,0.6045825371351851,0.1990867314862531,0.0,0.0,nan,0.0,0.0,0.0,0.0012349447629234067,0,audits/paper_extras/v4_runs/v2/bench2_seed909_exp.json,True
909,exp,flat_pit0_cit0.30,3,427.8808750355916,421.3635498641124,421.29898842752635,817.9037308976893,1007.6648838719223,0.5753738352065301,0.5818415858206396,0.5819056561654729,0.18831771952306336,0.0,0.0,nan,0.0,0.0,0.0,0.0034082660250664976,0,audits/paper_extras/v4_runs/v2/bench2_seed909_exp.json,True
909,exp,flat_pit0_cit0.30,4,342.8611756768493,336.1378121102466,336.0311039468817,706.4920554798242,871.6311660354567,0.6066441987884331,0.6143577407412564,0.6144801642702936,0.18945985066912438,0.0,0.0,nan,0.0,0.0,0.0,0.040118123091981595,0,audits/paper_extras/v4_runs/v2/bench2_seed909_exp.json,True
909,exp,flat_pit0_cit0.30,5,363.8117252339212,356.6276595265387,356.5749918798325,746.5537382430267,933.8982533265898,0.6104375140032583,0.6181300711761543,0.6181864666630487,0.20060484578082588,0.0,0.0,nan,0.0,0.0,0.0,0.1115758221959462,0,audits/paper_extras/v4_runs/v2/bench2_seed909_exp.json,True
909,exp,flat_pit0_cit0.30,6,349.10199013692903,342.4011813116899,342.3586381526455,693.5889300779236,859.5144628348329,0.5938381432401637,0.6016341828822875,0.6016836796166463,0.19304565534552745,0.0,0.0,nan,0.0,0.0,0.0,0.0,0,audits/paper_extras/v4_runs/v2/bench2_seed909_exp.json,True
909,exp,flat_pit0_cit0.30,7,412.3633994377277,405.7754588682083,405.65726840762653,783.5630080353602,964.6068231896395,0.5725062382679642,0.5793359023457438,0.5794584294290491,0.18768664164703566,0.0,0.0,nan,0.0,0.0,0.0,0.03707625342879317,0,audits/paper_extras/v4_runs/v2/bench2_seed909_exp.json,True
909,exp,flat_pit0_cit0.30,8,389.67292906043707,383.11711006320934,383.16432879168036,767.5105913834357,939.7797988917787,0.5853571980160107,0.5923331076971494,0.5922828632371954,0.18330805547372792,0.0,0.0,nan,0.0,0.0,0.0,0.005269074983304867,0,audits/paper_extras/v4_runs/v2/bench2_seed909_exp.json,True
909,exp,flat_pit0_cit0.30,9,355.5383497796874,349.27248166380633,349.1092276477829,715.133598710695,870.2140852900404,0.5914357676005816,0.5986361430275005,0.5988237451575774,0.1782095799192419,0.0,0.0,nan,0.0,0.0,0.0,0.05680673637609379,2,audits/paper_extras/v4_runs/v2/bench2_seed909_exp.json,True
909,exp,flat_pit0_cit0.50,0,387.02498714474063,380.4349595052819,380.2690165338244,780.7455843937225,943.5125882831641,0.5898041086563777,0.5967886764526061,0.5969645543089466,0.1725117459064493,0.0,0.0,nan,0.0,0.0,0.0,0.137716594685946,2,audits/paper_extras/v4_runs/v2/bench2_seed909_exp.json,True
909,exp,flat_pit0_cit0.50,1,438.47738469470943,431.5736965286466,431.41877037806955,827.7778608182264,1019.2872715215049,0.5698196210768061,0.5765926755031187,0.5767446700927752,0.187885609929583,0.0,0.0,nan,0.0,0.0,0.0,0.0,0,audits/paper_extras/v4_runs/v2/bench2_seed909_exp.json,True
909,exp,flat_pit0_cit0.50,2,424.92522541742215,418.28186852201964,418.08483429144565,832.3979674824277,1025.7758727474372,0.5857523688100571,0.5922287902895456,0.5924208734100486,0.18851867196590064,0.0,0.0,nan,0.0,0.0,0.0,0.004197823783030685,0,audits/paper_extras/v4_runs/v2/bench2_seed909_exp.json,True
909,exp,flat_pit0_cit0.50,3,447.95776015993323,441.4216463447955,441.0634242535253,855.6586614534767,1040.7505527254627,0.5695820108028335,0.575862203302392,0.5762063992197827,0.17784462452340494,0.0,0.0,nan,0.0,0.0,0.0,0.01967044677749641,0,audits/paper_extras/v4_runs/v2/bench2_seed909_exp.json,True
909,exp,flat_pit0_cit0.50,4,338.499280151605,331.86755864742395,331.8375788197976,722.8512026631324,875.4054263605178,0.613322844525982,0.6208984447044642,0.6209326914965488,0.17426693861337691,0.0,0.0,nan,0.0,0.0,0.0,0.0,0,audits/paper_extras/v4_runs/v2/bench2_seed909_exp.json,True
909,exp,flat_pit0_cit0.50,5,398.7641894225069,391.8476300840672,391.82966457570365,797.5255045349106,975.1493852322606,0.591073741663151,0.598166561946058,0.5981849852857387,0.18215043088505212,0.0,0.0,nan,0.0,0.0,0.0,0.07895329587519262,0,audits/paper_extras/v4_runs/v2/bench2_seed909_exp.json,True
909,exp,flat_pit0_cit0.50,6,371.6551435879813,365.1582520861233,365.06824573349803,748.2855817840612,907.3862294418832,0.5904113027849457,0.5975713095065092,0.5976705024958943,0.17533949986840994,0.0,0.0,nan,0.0,0.0,0.0,0.03859235144174611,1,audits/paper_extras/v4_runs/v2/bench2_seed909_exp.json,True
909,exp,flat_pit0_cit0.50,7,430.7302288467899,424.03217875592327,423.82479229952014,823.539456545998,1004.7657520157734,0.5713127880974709,0.5779790683497873,0.578185471141669,0.18036671244635583,0.0,0.0,nan,0.0,0.0,0.0,0.05146915272541719,1,audits/paper_extras/v4_runs/v2/bench2_seed909_exp.json,True
909,exp,flat_pit0_cit0.50,8,381.2509880454167,374.4189851457578,374.2059212919267,778.4831661462129,951.9536904738338,0.599506791285562,0.6066836140323263,0.606907431488956,0.1822258015946934,0.0,0.0,nan,0.0,0.0,0.0,0.0,0,audits/paper_extras/v4_runs/v2/bench2_seed909_exp.json,True
909,exp,flat_pit0_cit0.50,9,348.9024476493923,342.30338235554814,342.0991175986802,739.3143358448431,895.1329635475195,0.6102227692893244,0.6175949313731462,0.6178231262505401,0.17407316460020467,0.0,0.0,nan,0.0,0.0,0.0,0.13479290676746913,0,audits/paper_extras/v4_runs/v2/bench2_seed909_exp.json,True
