seed,mode,arm,episode,episode_seed,eqprod,real_gdp_mean,one_minus_gini_mean,deaths,births,negwealth_step_share,min_wealth_min,taxes_pit,taxes_cit,taxes_total,fines,gov_purchases,demand_injection,relief_paid,newborn_grants,treasury_end,public_debt_end,unemployment_mean,price_index_mean,commit,checkpoint_sha256,source_json,extended_cols_source
42,det,rl_learned,0,42,385.5937481004185,897.0384087127399,0.429851993354164,0,59,0.008333333333333333,-8.881784197001252e-16,KHONG CO,KHONG CO,9950.387240374117,0.0,9574.190492309132,164.99002799391747,0.0,15165.08801454052,46.11870553055375,0.0,0.0032247431284318476,4.003049578940416,3719961,8ad0cbcd3f4f0046284bca9a6a76b8cefa67495434d85b8ec6ef43e9f7e1d8cd,audits/paper_extras/negwealth_7arms/bench7_seed42_det.json,audits/paper_extras/v4_runs/v2/bench2_seed42_det.json
42,det,rl_learned,1,43,400.3371477808473,950.6445712460784,0.42112179450632803,0,61,0.0,0.0,KHONG CO,KHONG CO,9759.81579703935,0.0,9370.034181280389,165.7412852346897,0.0,15213.783423917002,10.25690660725707,0.0,0.003300159453848173,3.4609388124836564,3719961,8ad0cbcd3f4f0046284bca9a6a76b8cefa67495434d85b8ec6ef43e9f7e1d8cd,audits/paper_extras/negwealth_7arms/bench7_seed42_det.json,audits/paper_extras/v4_runs/v2/bench2_seed42_det.json
42,det,rl_learned,2,44,339.7103539405195,956.1229468557381,0.35529986499924027,0,67,0.008333333333333333,-8.881784197001252e-16,KHONG CO,KHONG CO,9788.22035561026,0.0,9395.325888524843,173.54472211003304,0.0,15126.141027257141,93.20871771823298,0.0,0.003518548658645468,3.6730181464064056,3719961,8ad0cbcd3f4f0046284bca9a6a76b8cefa67495434d85b8ec6ef43e9f7e1d8cd,audits/paper_extras/negwealth_7arms/bench7_seed42_det.json,audits/paper_extras/v4_runs/v2/bench2_seed42_det.json
42,det,rl_learned,3,45,396.4620920560774,929.46918269651,0.42654678545219726,0,59,0.008333333333333333,-8.881784197001252e-16,KHONG CO,KHONG CO,9995.226715884295,0.0,9603.192194902422,167.954660654068,0.0,15086.266742165612,137.8131181621837,0.0,0.003224743128431848,3.8425594373882035,3719961,8ad0cbcd3f4f0046284bca9a6a76b8cefa67495434d85b8ec6ef43e9f7e1d8cd,audits/paper_extras/negwealth_7arms/bench7_seed42_det.json,audits/paper_extras/v4_runs/v2/bench2_seed42_det.json
42,det,rl_learned,4,46,320.11335770031343,841.2238814716761,0.3805328935030854,0,45,0.0,0.0,KHONG CO,KHONG CO,9919.589832206108,0.0,9593.599702377032,173.78479054570198,0.0,15120.283555361199,31.921783922168828,0.0,0.0026547547606639577,4.288484420238058,3719961,8ad0cbcd3f4f0046284bca9a6a76b8cefa67495434d85b8ec6ef43e9f7e1d8cd,audits/paper_extras/negwealth_7arms/bench7_seed42_det.json,audits/paper_extras/v4_runs/v2/bench2_seed42_det.json
42,det,rl_learned,5,47,379.40192933747693,900.1672307495038,0.4214793833603302,0,55,0.008333333333333333,-8.881784197001252e-16,KHONG CO,KHONG CO,9731.751960558167,0.0,9444.64583535825,163.3619483113289,0.0,14689.621841392964,434.122335495628,0.0,0.0030696875957546017,3.7554752960109115,3719961,8ad0cbcd3f4f0046284bca9a6a76b8cefa67495434d85b8ec6ef43e9f7e1d8cd,audits/paper_extras/negwealth_7arms/bench7_seed42_det.json,audits/paper_extras/v4_runs/v2/bench2_seed42_det.json
42,det,rl_learned,6,48,353.7936257943632,862.8379071546727,0.41003486617903306,1,56,0.0125,-8.881784197001252e-16,KHONG CO,KHONG CO,10153.70873450033,0.0,9777.960590303153,167.60211709141728,3.24387120310702,15206.27179324611,0.0,1.178624888834877,0.003604057727989603,4.240472815694838,3719961,8ad0cbcd3f4f0046284bca9a6a76b8cefa67495434d85b8ec6ef43e9f7e1d8cd,audits/paper_extras/negwealth_7arms/bench7_seed42_det.json,audits/paper_extras/v4_runs/v2/bench2_seed42_det.json
42,det,rl_learned,7,49,403.14749301666023,899.8922167848415,0.44799531043510543,0,59,0.0125,-8.881784197001252e-16,KHONG CO,KHONG CO,9851.570054910975,0.0,9520.97623438701,156.19103014469147,0.0,14795.13389501448,379.26889536480917,0.0,0.0032247431284318476,3.740473190580322,3719961,8ad0cbcd3f4f0046284bca9a6a76b8cefa67495434d85b8ec6ef43e9f7e1d8cd,audits/paper_extras/negwealth_7arms/bench7_seed42_det.json,audits/paper_extras/v4_runs/v2/bench2_seed42_det.json
42,det,rl_learned,8,50,395.6471553994408,873.3115619487403,0.45304238789256246,0,54,0.0125,-8.881784197001252e-16,KHONG CO,KHONG CO,9901.68212991356,0.0,9475.517921117953,165.04328709840775,0.0,15224.91178210633,36.20913959086677,0.0,0.0030300050560720616,4.156433093490975,3719961,8ad0cbcd3f4f0046284bca9a6a76b8cefa67495434d85b8ec6ef43e9f7e1d8cd,audits/paper_extras/negwealth_7arms/bench7_seed42_det.json,audits/paper_extras/v4_runs/v2/bench2_seed42_det.json
42,det,rl_learned,9,51,330.41592136714064,800.6397675454454,0.4126898697276935,0,48,0.0,0.0,KHONG CO,KHONG CO,9809.479050002368,0.0,9571.802065817074,158.55410447716713,0.0,14709.378414617368,369.7444650907712,0.0,0.002783629871704938,4.446661552086842,3719961,8ad0cbcd3f4f0046284bca9a6a76b8cefa67495434d85b8ec6ef43e9f7e1d8cd,audits/paper_extras/negwealth_7arms/bench7_seed42_det.json,audits/paper_extras/v4_runs/v2/bench2_seed42_det.json
42,det,free_market,0,42,331.0929312021562,845.6149957419151,0.39154098835684203,0,49,0.0,0.0,KHONG CO,KHONG CO,0.0,0.0,0.0,0.0,0.0,14720.655779756082,279.3442202439211,0.0,0.0028257174137924796,3.1553191439228234,3719961,8ad0cbcd3f4f0046284bca9a6a76b8cefa67495434d85b8ec6ef43e9f7e1d8cd,audits/paper_extras/negwealth_7arms/bench7_seed42_det.json,audits/paper_extras/v4_runs/v2/bench2_seed42_det.json
42,det,free_market,1,43,367.18796774693897,886.2901139428228,0.4142977135482607,0,50,0.0,0.0,KHONG CO,KHONG CO,0.0,0.0,0.0,0.0,0.0,14758.493772622534,241.50622737746744,0.0,0.0028673840804591465,2.813729387893162,3719961,8ad0cbcd3f4f0046284bca9a6a76b8cefa67495434d85b8ec6ef43e9f7e1d8cd,audits/paper_extras/negwealth_7arms/bench7_seed42_det.json,audits/paper_extras/v4_runs/v2/bench2_seed42_det.json
42,det,free_market,2,44,334.76713593298604,913.2785948222775,0.3665553291524709,0,66,0.0,0.0,KHONG CO,KHONG CO,0.0,0.0,0.0,0.0,0.0,14723.228470056081,276.77152994391736,0.0,0.0034829361230329318,2.9169688878580873,3719961,8ad0cbcd3f4f0046284bca9a6a76b8cefa67495434d85b8ec6ef43e9f7e1d8cd,audits/paper_extras/negwealth_7arms/bench7_seed42_det.json,audits/paper_extras/v4_runs/v2/bench2_seed42_det.json
42,det,free_market,3,45,432.5233769443976,954.4993367064004,0.45314162127850677,0,66,0.004166666666666667,-8.881784197001252e-16,KHONG CO,KHONG CO,0.0,0.0,0.0,0.0,0.0,14607.399519989878,392.6004800101159,0.0,0.0034829361230329318,3.018339475977865,3719961,8ad0cbcd3f4f0046284bca9a6a76b8cefa67495434d85b8ec6ef43e9f7e1d8cd,audits/paper_extras/negwealth_7arms/bench7_seed42_det.json,audits/paper_extras/v4_runs/v2/bench2_seed42_det.json
42,det,free_market,4,46,382.82358547062313,814.9232721007679,0.46976641676185404,0,51,0.008333333333333333,-8.881784197001252e-16,KHONG CO,KHONG CO,0.0,0.0,0.0,0.0,0.0,14662.324730495513,337.6752695044888,0.0,0.0029086382058716876,3.4614874204069905,3719961,8ad0cbcd3f4f0046284bca9a6a76b8cefa67495434d85b8ec6ef43e9f7e1d8cd,audits/paper_extras/negwealth_7arms/bench7_seed42_det.json,audits/paper_extras/v4_runs/v2/bench2_seed42_det.json
42,det,free_market,5,47,392.72762000364906,863.1329571012714,0.4550024614082374,0,53,0.0,0.0,KHONG CO,KHONG CO,0.0,0.0,0.0,0.0,0.0,14673.743953183197,326.2560468168029,0.0,0.0029899409535079596,3.1726748727481247,3719961,8ad0cbcd3f4f0046284bca9a6a76b8cefa67495434d85b8ec6ef43e9f7e1d8cd,audits/paper_extras/negwealth_7arms/bench7_seed42_det.json,audits/paper_extras/v4_runs/v2/bench2_seed42_det.json
42,det,free_market,6,48,343.4813606620199,832.0081209247913,0.4128341443112772,0,47,0.0,0.0,KHONG CO,KHONG CO,0.0,0.0,0.0,0.0,0.0,14632.584758682193,367.4152413178065,0.0,0.002741112864902217,3.3525346714860285,3719961,8ad0cbcd3f4f0046284bca9a6a76b8cefa67495434d85b8ec6ef43e9f7e1d8cd,audits/paper_extras/negwealth_7arms/bench7_seed42_det.json,audits/paper_extras/v4_runs/v2/bench2_seed42_det.json
42,det,free_market,7,49,380.638437602026,881.9465635167716,0.43158900249491994,0,52,0.0,0.0,KHONG CO,KHONG CO,0.0,0.0,0.0,0.0,0.0,14745.600681573127,254.39931842687668,0.0,0.002949487879074302,3.0028649187673504,3719961,8ad0cbcd3f4f0046284bca9a6a76b8cefa67495434d85b8ec6ef43e9f7e1d8cd,audits/paper_extras/negwealth_7arms/bench7_seed42_det.json,audits/paper_extras/v4_runs/v2/bench2_seed42_det.json
42,det,free_market,8,50,399.4157752949412,873.1707024940996,0.45743148980383963,0,55,0.004166666666666667,-8.881784197001252e-16,KHONG CO,KHONG CO,0.0,0.0,0.0,0.0,0.0,14741.249512201557,258.7504877984389,0.0,0.0030696875957546017,3.211727474169452,3719961,8ad0cbcd3f4f0046284bca9a6a76b8cefa67495434d85b8ec6ef43e9f7e1d8cd,audits/paper_extras/negwealth_7arms/bench7_seed42_det.json,audits/paper_extras/v4_runs/v2/bench2_seed42_det.json
42,det,free_market,9,51,348.03018014994433,810.1955064708511,0.42956320711520213,0,53,0.0125,-8.881784197001252e-16,KHONG CO,KHONG CO,0.0,0.0,0.0,0.0,0.0,14715.916709903653,284.0832900963505,0.0,0.0029899409535079596,3.483136655518368,3719961,8ad0cbcd3f4f0046284bca9a6a76b8cefa67495434d85b8ec6ef43e9f7e1d8cd,audits/paper_extras/negwealth_7arms/bench7_seed42_det.json,audits/paper_extras/v4_runs/v2/bench2_seed42_det.json
42,det,us_federal,0,42,283.14924685595764,840.9629307074894,0.33669646605915016,0,44,0.7125,-0.8439501509457752,KHONG CO,KHONG CO,10557.745741521043,238.42004400505863,10784.04627951649,0.0,0.0,14756.188986158775,255.93051985083022,0.0,0.002610895111541151,3.4656884019864984,3719961,8ad0cbcd3f4f0046284bca9a6a76b8cefa67495434d85b8ec6ef43e9f7e1d8cd,audits/paper_extras/negwealth_7arms/bench7_seed42_det.json,audits/paper_extras/v4_runs/v2/bench2_seed42_det.json
42,det,us_federal,1,43,324.5728683634002,906.7747943703881,0.35794209364714946,0,52,0.85,-0.827568916055287,KHONG CO,KHONG CO,9869.22176434078,214.32959093593007,10070.425483154926,0.0,0.0,14713.46050772325,299.66536439852615,0.0,0.002949487879074302,2.973881154899069,3719961,8ad0cbcd3f4f0046284bca9a6a76b8cefa67495434d85b8ec6ef43e9f7e1d8cd,audits/paper_extras/negwealth_7arms/bench7_seed42_det.json,audits/paper_extras/v4_runs/v2/bench2_seed42_det.json
42,det,us_federal,2,44,305.0270553405838,1010.3814744910238,0.30189296126419984,0,70,0.8458333333333333,-0.5402556225695551,KHONG CO,KHONG CO,10803.632948132674,253.40661482557954,11037.890824583767,0.0,0.0,14677.676223772683,341.47251460179467,0.0,0.0036235956209332075,3.120042871747108,3719961,8ad0cbcd3f4f0046284bca9a6a76b8cefa67495434d85b8ec6ef43e9f7e1d8cd,audits/paper_extras/negwealth_7arms/bench7_seed42_det.json,audits/paper_extras/v4_runs/v2/bench2_seed42_det.json
42,det,us_federal,3,45,331.8461080495722,910.5342246335156,0.364452097539923,0,53,0.9083333333333333,-0.8361513286008464,KHONG CO,KHONG CO,10746.197981543592,251.43752616349772,10983.915696003876,0.0,0.0,14654.641013473092,359.0787982301204,0.0,0.0029899409535079587,3.282324482511492,3719961,8ad0cbcd3f4f0046284bca9a6a76b8cefa67495434d85b8ec6ef43e9f7e1d8cd,audits/paper_extras/negwealth_7arms/bench7_seed42_det.json,audits/paper_extras/v4_runs/v2/bench2_seed42_det.json
42,det,us_federal,4,46,290.97029591709446,819.3590854765376,0.35511938669462206,0,50,0.9291666666666667,-1.2542957639897503,KHONG CO,KHONG CO,11335.500048931804,335.75956700133946,11658.819258317842,0.0,0.0,14704.984181090631,307.45617652466956,0.0,0.002867384080459147,3.8104094091718923,3719961,8ad0cbcd3f4f0046284bca9a6a76b8cefa67495434d85b8ec6ef43e9f7e1d8cd,audits/paper_extras/negwealth_7arms/bench7_seed42_det.json,audits/paper_extras/v4_runs/v2/bench2_seed42_det.json
42,det,us_federal,5,47,309.3762684797574,851.8580830100468,0.3631781803215086,0,47,0.8166666666666667,-1.2403791464395983,KHONG CO,KHONG CO,10803.991151828777,275.63920687551166,11067.073512442856,0.0,0.0,14690.57968030776,321.97716595367945,0.0,0.0027411128649022167,3.4170030599594545,3719961,8ad0cbcd3f4f0046284bca9a6a76b8cefa67495434d85b8ec6ef43e9f7e1d8cd,audits/paper_extras/negwealth_7arms/bench7_seed42_det.json,audits/paper_extras/v4_runs/v2/bench2_seed42_det.json
42,det,us_federal,6,48,295.3751833054609,819.0314866671553,0.3606395945867926,1,50,0.75,-0.838863065795551,KHONG CO,KHONG CO,11003.55979765481,276.8128591884519,11268.322440967308,0.0,2.9966662837323517,14730.686718746425,278.9415274354246,0.0,0.0034820010850629274,3.694433219969174,3719961,8ad0cbcd3f4f0046284bca9a6a76b8cefa67495434d85b8ec6ef43e9f7e1d8cd,audits/paper_extras/negwealth_7arms/bench7_seed42_det.json,audits/paper_extras/v4_runs/v2/bench2_seed42_det.json
42,det,us_federal,7,49,317.7974396814901,866.2458270502742,0.36686749852942857,0,48,0.7583333333333333,-0.9622592373427619,KHONG CO,KHONG CO,10427.311289051302,253.01006315148038,10667.86224225743,0.0,0.0,14836.1078214363,176.3512885090445,0.0,0.002783629871704938,3.3145420006288804,3719961,8ad0cbcd3f4f0046284bca9a6a76b8cefa67495434d85b8ec6ef43e9f7e1d8cd,audits/paper_extras/negwealth_7arms/bench7_seed42_det.json,audits/paper_extras/v4_runs/v2/bench2_seed42_det.json
42,det,us_federal,8,50,297.30937418872054,833.5242817348587,0.35668951787452985,0,44,0.8291666666666667,-1.0672223712164932,KHONG CO,KHONG CO,10846.050483017181,299.4825517721385,11133.655819674677,0.0,0.0,14700.108880717939,311.76833439670537,0.0,0.002610895111541151,3.5630578589557342,3719961,8ad0cbcd3f4f0046284bca9a6a76b8cefa67495434d85b8ec6ef43e9f7e1d8cd,audits/paper_extras/negwealth_7arms/bench7_seed42_det.json,audits/paper_extras/v4_runs/v2/bench2_seed42_det.json
42,det,us_federal,9,51,246.01330256826822,799.1430910608116,0.3078463735971254,0,50,0.8583333333333333,-1.366415555042846,KHONG CO,KHONG CO,10563.364318220456,279.84886582611296,10831.19612880029,0.0,0.0,14667.841012239365,344.17604300690954,0.0,0.002867384080459147,3.7023676343738163,3719961,8ad0cbcd3f4f0046284bca9a6a76b8cefa67495434d85b8ec6ef43e9f7e1d8cd,audits/paper_extras/negwealth_7arms/bench7_seed42_det.json,audits/paper_extras/v4_runs/v2/bench2_seed42_det.json
42,det,saez,0,42,134.27543213057288,637.9492819203119,0.21047979194582056,36,25,0.9625,-17.93401509023596,KHONG CO,KHONG CO,59750.23307868754,2832.036516515973,62494.34538026145,0.0,73.09523890929583,12338.36017640095,2623.065981887848,0.0,0.003906102566679286,5.002778663930234,3719961,8ad0cbcd3f4f0046284bca9a6a76b8cefa67495434d85b8ec6ef43e9f7e1d8cd,audits/paper_extras/negwealth_7arms/bench7_seed42_det.json,audits/paper_extras/v4_runs/v2/bench2_seed42_det.json
42,det,saez,1,43,136.83034520369063,743.6857637876532,0.18398946418821083,36,28,0.9666666666666667,-17.631999051673333,KHONG CO,KHONG CO,61364.07455248181,2770.090175458107,64040.82337644886,0.0,75.99031693761115,13784.975969929657,1179.7230062005092,0.0,0.004619540424069488,4.4601123772753315,3719961,8ad0cbcd3f4f0046284bca9a6a76b8cefa67495434d85b8ec6ef43e9f7e1d8cd,audits/paper_extras/negwealth_7arms/bench7_seed42_det.json,audits/paper_extras/v4_runs/v2/bench2_seed42_det.json
42,det,saez,2,44,201.39970320601802,828.0285749161509,0.24322796254514822,56,52,0.9625,-16.21844565565503,KHONG CO,KHONG CO,68475.9259410697,3243.0340545539098,71664.15605088782,0.0,47.90085850254272,14792.263290512386,130.12353718277288,0.0,0.005674841195500517,4.853396149331786,3719961,8ad0cbcd3f4f0046284bca9a6a76b8cefa67495434d85b8ec6ef43e9f7e1d8cd,audits/paper_extras/negwealth_7arms/bench7_seed42_det.json,audits/paper_extras/v4_runs/v2/bench2_seed42_det.json
42,det,saez,3,45,159.2829933378575,732.2842331702219,0.2175152572223027,37,37,0.9583333333333334,-18.02541354416086,KHONG CO,KHONG CO,66794.80527769911,2965.6317568491563,69680.37832406412,0.0,22.390612567053008,14757.825410729205,246.47930680823356,0.0,0.004894224996227533,5.0050594367616705,3719961,8ad0cbcd3f4f0046284bca9a6a76b8cefa67495434d85b8ec6ef43e9f7e1d8cd,audits/paper_extras/negwealth_7arms/bench7_seed42_det.json,audits/paper_extras/v4_runs/v2/bench2_seed42_det.json
42,det,saez,4,46,135.01079120129017,570.0154820323945,0.23685460387831603,49,29,0.9666666666666667,-19.400313923719402,KHONG CO,KHONG CO,54097.32724036969,2836.28792255018,56813.84098688764,0.0,0.0,11317.230899620177,3733.8366469604516,0.0,0.0031933129991897203,4.834900950806442,3719961,8ad0cbcd3f4f0046284bca9a6a76b8cefa67495434d85b8ec6ef43e9f7e1d8cd,audits/paper_extras/negwealth_7arms/bench7_seed42_det.json,audits/paper_extras/v4_runs/v2/bench2_seed42_det.json
42,det,saez,5,47,146.64845692969547,679.8761476264723,0.2156987819644247,40,30,0.9625,-17.471054836960217,KHONG CO,KHONG CO,60271.13469312704,2638.7343111965984,62785.21918659638,0.0,39.247693673619096,13798.23898117028,1239.766589813434,0.0,0.004619143701528661,4.7522223906732135,3719961,8ad0cbcd3f4f0046284bca9a6a76b8cefa67495434d85b8ec6ef43e9f7e1d8cd,audits/paper_extras/negwealth_7arms/bench7_seed42_det.json,audits/paper_extras/v4_runs/v2/bench2_seed42_det.json
42,det,saez,6,48,138.6979038055757,606.4654954984306,0.22869875505709558,43,23,0.9583333333333334,-16.897197069065314,KHONG CO,KHONG CO,54327.971050079526,3038.2766761168214,57283.86564715539,0.0,0.0,8898.426905704831,6135.479066514573,0.0,0.002462653868293562,4.668184882235512,3719961,8ad0cbcd3f4f0046284bca9a6a76b8cefa67495434d85b8ec6ef43e9f7e1d8cd,audits/paper_extras/negwealth_7arms/bench7_seed42_det.json,audits/paper_extras/v4_runs/v2/bench2_seed42_det.json
42,det,saez,7,49,137.87326001576804,660.4329151166613,0.20876194517260482,37,25,0.9583333333333334,-17.171759854617903,KHONG CO,KHONG CO,53928.52942175882,2580.9626802527214,56277.01375513214,0.0,0.0,12372.294407099082,2815.4300869565373,0.0,0.0027284085718109257,4.268897124257147,3719961,8ad0cbcd3f4f0046284bca9a6a76b8cefa67495434d85b8ec6ef43e9f7e1d8cd,audits/paper_extras/negwealth_7arms/bench7_seed42_det.json,audits/paper_extras/v4_runs/v2/bench2_seed42_det.json
42,det,saez,8,50,125.22003517089699,653.7856838099646,0.19153070841375996,40,28,0.9625,-16.04443021358184,KHONG CO,KHONG CO,59949.15498514137,2996.7694180739536,62802.08457198337,0.0,0.0,13843.672987827766,1234.8886452910654,0.0,0.0025405225536387454,4.9097752559182135,3719961,8ad0cbcd3f4f0046284bca9a6a76b8cefa67495434d85b8ec6ef43e9f7e1d8cd,audits/paper_extras/negwealth_7arms/bench7_seed42_det.json,audits/paper_extras/v4_runs/v2/bench2_seed42_det.json
42,det,saez,9,51,114.9366627311319,565.2847725715988,0.20332524120234297,42,22,0.9625,-17.057872698519606,KHONG CO,KHONG CO,57708.91023143397,3438.2744440510915,61119.47729124835,0.0,15.280106851397786,10834.093939056978,4103.229542306922,0.0,0.0034440342856938947,5.252727573594994,3719961,8ad0cbcd3f4f0046284bca9a6a76b8cefa67495434d85b8ec6ef43e9f7e1d8cd,audits/paper_extras/negwealth_7arms/bench7_seed42_det.json,audits/paper_extras/v4_runs/v2/bench2_seed42_det.json
42,det,free_market+rl_aux,0,42,332.7287806588044,845.7548193475403,0.3934104459676492,0,48,0.004166666666666667,-8.881784197001252e-16,KHONG CO,KHONG CO,0.0,0.0,0.0,165.6766712665558,0.0,14720.608007935303,113.71532079813852,0.0,0.002783629871704938,3.163795654717674,3719961,8ad0cbcd3f4f0046284bca9a6a76b8cefa67495434d85b8ec6ef43e9f7e1d8cd,audits/paper_extras/negwealth_7arms/bench7_seed42_det.json,audits/paper_extras/v4_runs/v2/bench2_seed42_det.json
42,det,free_market+rl_aux,1,43,370.943367159171,891.3469642405178,0.416160465049923,0,51,0.0,0.0,KHONG CO,KHONG CO,0.0,0.0,0.0,165.6766712665558,0.0,14758.694636417233,75.62869231621352,0.0,0.0029086382058716876,2.820302830387762,3719961,8ad0cbcd3f4f0046284bca9a6a76b8cefa67495434d85b8ec6ef43e9f7e1d8cd,audits/paper_extras/negwealth_7arms/bench7_seed42_det.json,audits/paper_extras/v4_runs/v2/bench2_seed42_det.json
42,det,free_market+rl_aux,2,44,333.8066606056619,928.8206244988837,0.35938764902615816,0,72,0.0,0.0,KHONG CO,KHONG CO,0.0,0.0,0.0,165.6766712665558,0.0,14723.362278365863,110.96105036757638,0.0,0.003692183888105677,2.9241145850777004,3719961,8ad0cbcd3f4f0046284bca9a6a76b8cefa67495434d85b8ec6ef43e9f7e1d8cd,audits/paper_extras/negwealth_7arms/bench7_seed42_det.json,audits/paper_extras/v4_runs/v2/bench2_seed42_det.json
42,det,free_market+rl_aux,3,45,438.1995392459215,960.157002988235,0.45638321428906026,0,70,0.004166666666666667,-8.881784197001252e-16,KHONG CO,KHONG CO,0.0,0.0,0.0,165.6766712665558,0.0,14607.44663815708,226.87669057636373,0.0,0.0036235956209332075,3.0247784487816562,3719961,8ad0cbcd3f4f0046284bca9a6a76b8cefa67495434d85b8ec6ef43e9f7e1d8cd,audits/paper_extras/negwealth_7arms/bench7_seed42_det.json,audits/paper_extras/v4_runs/v2/bench2_seed42_det.json
42,det,free_market+rl_aux,4,46,275.0032729545944,805.3072754962535,0.34148862343895936,0,44,0.0,0.0,KHONG CO,KHONG CO,0.0,0.0,0.0,165.67667126655573,0.0,14632.548737615982,201.77459111746248,0.0,0.002610895111541151,3.2828762393452307,3719961,8ad0cbcd3f4f0046284bca9a6a76b8cefa67495434d85b8ec6ef43e9f7e1d8cd,audits/paper_extras/negwealth_7arms/bench7_seed42_det.json,audits/paper_extras/v4_runs/v2/bench2_seed42_det.json
42,det,free_market+rl_aux,5,47,387.2552155625657,873.4514180366926,0.4433620549074403,0,53,0.0,0.0,KHONG CO,KHONG CO,0.0,0.0,0.0,165.6766712665558,0.0,14673.76163686358,160.56169186986352,0.0,0.002989940953507959,3.1886353680275152,3719961,8ad0cbcd3f4f0046284bca9a6a76b8cefa67495434d85b8ec6ef43e9f7e1d8cd,audits/paper_extras/negwealth_7arms/bench7_seed42_det.json,audits/paper_extras/v4_runs/v2/bench2_seed42_det.json
42,det,free_market+rl_aux,6,48,351.8628559741986,832.2987478670154,0.4227602851451354,0,48,0.0,0.0,KHONG CO,KHONG CO,0.0,0.0,0.0,165.67667126655573,0.0,14636.763953278763,197.55937545467708,0.0,0.0027836298717049384,3.3634838993544176,3719961,8ad0cbcd3f4f0046284bca9a6a76b8cefa67495434d85b8ec6ef43e9f7e1d8cd,audits/paper_extras/negwealth_7arms/bench7_seed42_det.json,audits/paper_extras/v4_runs/v2/bench2_seed42_det.json
42,det,free_market+rl_aux,7,49,379.3524357134342,877.9307443551493,0.43209836100690735,0,49,0.0,0.0,KHONG CO,KHONG CO,0.0,0.0,0.0,165.6766712665558,0.0,14728.986003711198,105.33732502224522,0.0,0.0028257174137924796,3.009906448579662,3719961,8ad0cbcd3f4f0046284bca9a6a76b8cefa67495434d85b8ec6ef43e9f7e1d8cd,audits/paper_extras/negwealth_7arms/bench7_seed42_det.json,audits/paper_extras/v4_runs/v2/bench2_seed42_det.json
42,det,free_market+rl_aux,8,50,400.4929287023933,875.1004276016046,0.457653677304247,0,55,0.0,0.0,KHONG CO,KHONG CO,0.0,0.0,0.0,165.6766712665558,0.0,14741.4108662201,92.91246251334161,0.0,0.0030696875957546017,3.2190340311175643,3719961,8ad0cbcd3f4f0046284bca9a6a76b8cefa67495434d85b8ec6ef43e9f7e1d8cd,audits/paper_extras/negwealth_7arms/bench7_seed42_det.json,audits/paper_extras/v4_runs/v2/bench2_seed42_det.json
42,det,free_market+rl_aux,9,51,348.120584046006,812.0601259181825,0.4286881881466499,0,53,0.0,0.0,KHONG CO,KHONG CO,0.0,0.0,0.0,165.6766712665558,0.0,14716.160568908268,118.16275982517305,0.0,0.0029899409535079596,3.4922036646726182,3719961,8ad0cbcd3f4f0046284bca9a6a76b8cefa67495434d85b8ec6ef43e9f7e1d8cd,audits/paper_extras/negwealth_7arms/bench7_seed42_det.json,audits/paper_extras/v4_runs/v2/bench2_seed42_det.json
42,det,us_federal+rl_aux,0,42,226.24937036488302,865.5696388820826,0.2613878308591011,0,53,0.7041666666666667,-0.8419498615876899,KHONG CO,KHONG CO,10472.351615553975,231.37872707119482,9732.707269724031,165.6766712665558,0.0,15744.134441495442,61.211960139131676,0.0,0.002989940953507959,3.412054160874622,3719961,8ad0cbcd3f4f0046284bca9a6a76b8cefa67495434d85b8ec6ef43e9f7e1d8cd,audits/paper_extras/negwealth_7arms/bench7_seed42_det.json,audits/paper_extras/v4_runs/v2/bench2_seed42_det.json
42,det,us_federal+rl_aux,1,43,302.8668815854696,914.4691681446959,0.3311941967381312,0,53,0.85,-0.8251286763249771,KHONG CO,KHONG CO,9878.217019094867,210.10560892166114,9151.546491190851,165.6766712665558,0.0,15657.695640550237,113.403825008881,0.0,0.0029899409535079587,2.9602574092114975,3719961,8ad0cbcd3f4f0046284bca9a6a76b8cefa67495434d85b8ec6ef43e9f7e1d8cd,audits/paper_extras/negwealth_7arms/bench7_seed42_det.json,audits/paper_extras/v4_runs/v2/bench2_seed42_det.json
42,det,us_federal+rl_aux,2,44,291.3044846393818,1000.4267803553162,0.2911802146439151,0,72,0.8708333333333333,-0.8329206036106719,KHONG CO,KHONG CO,10945.197807712479,261.6609249795215,10167.776763363512,165.6766712665558,0.0,15713.388705612351,160.01659244959055,0.0,0.003692183888105678,3.19471730680341,3719961,8ad0cbcd3f4f0046284bca9a6a76b8cefa67495434d85b8ec6ef43e9f7e1d8cd,audits/paper_extras/negwealth_7arms/bench7_seed42_det.json,audits/paper_extras/v4_runs/v2/bench2_seed42_det.json
42,det,us_federal+rl_aux,3,45,324.96049153946495,916.917774512028,0.3544052701044047,0,53,0.8916666666666667,-0.8345118148852062,KHONG CO,KHONG CO,10747.747618731373,247.81849234956888,10009.911968871756,165.6766712665558,0.0,15596.480309164639,223.49716177800155,0.0,0.0029899409535079587,3.2705252919492076,3719961,8ad0cbcd3f4f0046284bca9a6a76b8cefa67495434d85b8ec6ef43e9f7e1d8cd,audits/paper_extras/negwealth_7arms/bench7_seed42_det.json,audits/paper_extras/v4_runs/v2/bench2_seed42_det.json
42,det,us_federal+rl_aux,4,46,280.1630942088561,809.9591824354484,0.34589779372145624,0,45,0.9291666666666667,-1.1861786810780968,KHONG CO,KHONG CO,11206.150964209413,313.44722299174686,10484.333009415313,165.6766712665558,0.0,15705.624107765216,163.96439875408655,0.0,0.0026547547606639577,3.76788423315065,3719961,8ad0cbcd3f4f0046284bca9a6a76b8cefa67495434d85b8ec6ef43e9f7e1d8cd,audits/paper_extras/negwealth_7arms/bench7_seed42_det.json,audits/paper_extras/v4_runs/v2/bench2_seed42_det.json
42,det,us_federal+rl_aux,5,47,339.1137256254503,885.2610816455087,0.38306634354140057,0,53,0.8833333333333333,-1.225426739910035,KHONG CO,KHONG CO,11025.679664109095,279.9370081109065,10293.073687155284,165.6766712665558,0.0,15662.57890753873,184.28740625944474,0.0,0.002989940953507959,3.4246037372392504,3719961,8ad0cbcd3f4f0046284bca9a6a76b8cefa67495434d85b8ec6ef43e9f7e1d8cd,audits/paper_extras/negwealth_7arms/bench7_seed42_det.json,audits/paper_extras/v4_runs/v2/bench2_seed42_det.json
42,det,us_federal+rl_aux,6,48,336.18969112889357,861.8663606885228,0.3900717169890704,0,55,0.8208333333333333,-1.2341691471087453,KHONG CO,KHONG CO,11541.671220182365,329.4101459445211,10808.497929236859,165.6766712665558,0.0,15579.691080234836,317.21568538862783,0.0,0.0030696875957546012,3.746049764497404,3719961,8ad0cbcd3f4f0046284bca9a6a76b8cefa67495434d85b8ec6ef43e9f7e1d8cd,audits/paper_extras/negwealth_7arms/bench7_seed42_det.json,audits/paper_extras/v4_runs/v2/bench2_seed42_det.json
42,det,us_federal+rl_aux,7,49,243.86526590506858,860.5775801407495,0.2833739473728607,0,47,0.7125,-0.9432322406130054,KHONG CO,KHONG CO,10082.05774773282,247.35438362148432,9404.292642665305,165.6766712665558,0.0,15336.63125798931,422.8115594331492,0.0,0.0027411128649022167,3.2353324713430736,3719961,8ad0cbcd3f4f0046284bca9a6a76b8cefa67495434d85b8ec6ef43e9f7e1d8cd,audits/paper_extras/negwealth_7arms/bench7_seed42_det.json,audits/paper_extras/v4_runs/v2/bench2_seed42_det.json
42,det,us_federal+rl_aux,8,50,289.0304583121789,844.4097056140531,0.34228699219177794,0,46,0.825,-1.0717305874013907,KHONG CO,KHONG CO,10843.558568687935,291.8494232864712,10134.418483611427,165.6766712665558,0.0,15682.711529899903,152.60130719649396,0.0,0.0026981575384417357,3.53674072089236,3719961,8ad0cbcd3f4f0046284bca9a6a76b8cefa67495434d85b8ec6ef43e9f7e1d8cd,audits/paper_extras/negwealth_7arms/bench7_seed42_det.json,audits/paper_extras/v4_runs/v2/bench2_seed42_det.json
42,det,us_federal+rl_aux,9,51,239.26442584890756,813.7946042953575,0.2940108285137625,0,50,0.8583333333333333,-1.3674824590954109,KHONG CO,KHONG CO,10641.332857698075,271.7545773112595,9936.224407257472,165.67667126655576,0.0,15653.653858879401,157.53249760590685,0.0,0.002867384080459147,3.692749392303282,3719961,8ad0cbcd3f4f0046284bca9a6a76b8cefa67495434d85b8ec6ef43e9f7e1d8cd,audits/paper_extras/negwealth_7arms/bench7_seed42_det.json,audits/paper_extras/v4_runs/v2/bench2_seed42_det.json
42,det,saez+rl_aux,0,42,123.63359740652996,648.0488341284112,0.19077821129453942,42,27,0.9625,-19.48956473946497,KHONG CO,KHONG CO,53152.209279307805,2512.724552379114,50648.89208062734,169.81858804821968,29.407772590909843,13329.540640900424,6427.672551008865,0.0,0.0041019907149879515,4.3445834841648,3719961,8ad0cbcd3f4f0046284bca9a6a76b8cefa67495434d85b8ec6ef43e9f7e1d8cd,audits/paper_extras/negwealth_7arms/bench7_seed42_det.json,audits/paper_extras/v4_runs/v2/bench2_seed42_det.json
42,det,saez+rl_aux,1,43,155.1747891529067,837.1552261292694,0.18535963738813876,34,49,0.9666666666666667,-17.997669483454462,KHONG CO,KHONG CO,65927.9320845577,2492.183069205753,62179.95546280206,165.6766712665558,0.0,20737.148593583323,279.3234392147943,0.0,0.0037150897125382888,4.444733509034764,3719961,8ad0cbcd3f4f0046284bca9a6a76b8cefa67495434d85b8ec6ef43e9f7e1d8cd,audits/paper_extras/negwealth_7arms/bench7_seed42_det.json,audits/paper_extras/v4_runs/v2/bench2_seed42_det.json
42,det,saez+rl_aux,2,44,158.98902270256255,879.8885652293819,0.18069222511275052,44,51,0.9541666666666667,-16.94678093211852,KHONG CO,KHONG CO,70906.70213283974,3239.296137471769,67512.66149764645,165.6766712665558,32.33374513153694,21190.753672882493,162.84548322541826,0.0,0.004425572124059447,4.719948835104727,3719961,8ad0cbcd3f4f0046284bca9a6a76b8cefa67495434d85b8ec6ef43e9f7e1d8cd,audits/paper_extras/negwealth_7arms/bench7_seed42_det.json,audits/paper_extras/v4_runs/v2/bench2_seed42_det.json
42,det,saez+rl_aux,3,45,155.5239498868428,788.2482262204559,0.19730326655165364,47,47,0.9583333333333334,-17.06339491572752,KHONG CO,KHONG CO,67513.92743481895,2980.4287217489536,64126.347742959675,165.67667126655581,67.86632759368682,20646.991354776645,415.9477044565764,0.0,0.00442867357301119,4.793832939800798,3719961,8ad0cbcd3f4f0046284bca9a6a76b8cefa67495434d85b8ec6ef43e9f7e1d8cd,audits/paper_extras/negwealth_7arms/bench7_seed42_det.json,audits/paper_extras/v4_runs/v2/bench2_seed42_det.json
42,det,saez+rl_aux,4,46,258.78196575447123,417.4184453417136,0.619958146656943,24,5,0.9625,-17.76297197209484,KHONG CO,KHONG CO,36784.73878936671,2389.339055907844,35683.48474867831,165.6766712665558,0.0,2305.270014606768,15994.46513624387,0.0,0.000393361973319428,3.379154234120207,3719961,8ad0cbcd3f4f0046284bca9a6a76b8cefa67495434d85b8ec6ef43e9f7e1d8cd,audits/paper_extras/negwealth_7arms/bench7_seed42_det.json,audits/paper_extras/v4_runs/v2/bench2_seed42_det.json
42,det,saez+rl_aux,5,47,127.11730318069564,678.4743760900715,0.18735755934255072,40,33,0.9625,-18.352345084906823,KHONG CO,KHONG CO,54595.35279451418,2620.3350844679185,51981.9289718588,165.6766712665558,25.166666904194493,16240.572704775694,3750.964192657645,0.0,0.0038747408754387378,4.25766333787965,3719961,8ad0cbcd3f4f0046284bca9a6a76b8cefa67495434d85b8ec6ef43e9f7e1d8cd,audits/paper_extras/negwealth_7arms/bench7_seed42_det.json,audits/paper_extras/v4_runs/v2/bench2_seed42_det.json
42,det,saez+rl_aux,6,48,122.59308352878661,612.6929642234877,0.20008893636335146,42,24,0.9583333333333334,-16.805619376825295,KHONG CO,KHONG CO,49316.69388367408,2483.0677023243807,47110.27631016333,165.6766712665558,0.0,11350.921772245765,8120.615953641801,0.0,0.002474590570882518,4.21359856884676,3719961,8ad0cbcd3f4f0046284bca9a6a76b8cefa67495434d85b8ec6ef43e9f7e1d8cd,audits/paper_extras/negwealth_7arms/bench7_seed42_det.json,audits/paper_extras/v4_runs/v2/bench2_seed42_det.json
42,det,saez+rl_aux,7,49,131.6821929166237,748.3336004333958,0.17596723284957438,39,37,0.9583333333333334,-16.27259649360801,KHONG CO,KHONG CO,61040.590993276004,2783.234309725523,58014.482677978864,165.6766712665558,0.0,18323.08279096748,2260.792139561281,0.0,0.0029276519184514107,4.502302087674821,3719961,8ad0cbcd3f4f0046284bca9a6a76b8cefa67495434d85b8ec6ef43e9f7e1d8cd,audits/paper_extras/negwealth_7arms/bench7_seed42_det.json,audits/paper_extras/v4_runs/v2/bench2_seed42_det.json
42,det,saez+rl_aux,8,50,138.74054951819602,663.6362860011575,0.20906112647064334,46,35,0.9625,-17.25634402035781,KHONG CO,KHONG CO,58881.07972890912,2760.124133863656,56045.099363914764,165.6766712665558,0.0,17341.02709452039,3009.6206273485377,0.0,0.0030968342082199163,4.770576859317269,3719961,8ad0cbcd3f4f0046284bca9a6a76b8cefa67495434d85b8ec6ef43e9f7e1d8cd,audits/paper_extras/negwealth_7arms/bench7_seed42_det.json,audits/paper_extras/v4_runs/v2/bench2_seed42_det.json
42,det,saez+rl_aux,9,51,119.28625542529987,591.7594268328719,0.20157896945339138,49,32,0.9625,-17.60788386582176,KHONG CO,KHONG CO,52766.27583316298,3012.6364612663356,50738.50654943236,165.6766712665558,5.259526456235049,13381.951993242212,6416.0339903678,0.0,0.004090791803867884,4.699403015379186,3719961,8ad0cbcd3f4f0046284bca9a6a76b8cefa67495434d85b8ec6ef43e9f7e1d8cd,audits/paper_extras/negwealth_7arms/bench7_seed42_det.json,audits/paper_extras/v4_runs/v2/bench2_seed42_det.json
42,exp,rl_learned,0,42,339.96303844707126,887.4551338425632,0.3830763105454992,0,,0.025,,KHONG CO,KHONG CO,12842.614992557146,401.11395421951687,11791.344966911453,144.04714326560497,38.90224567466887,16200.902956830267,,,0.006449793921935913,,3719961,8ad0cbcd3f4f0046284bca9a6a76b8cefa67495434d85b8ec6ef43e9f7e1d8cd,audits/paper_extras/negwealth_7arms/bench7_seed42_exp.json,KHONG CO (che do lay mau v1)
42,exp,rl_learned,1,43,370.444744362649,956.0545318773796,0.3874724003820328,0,,0.10833333333333334,,KHONG CO,KHONG CO,10380.80615593408,414.33142037012857,9602.56703843992,144.70557090640068,14.123699992172469,15749.346864776471,,,0.005526955200409236,,3719961,8ad0cbcd3f4f0046284bca9a6a76b8cefa67495434d85b8ec6ef43e9f7e1d8cd,audits/paper_extras/negwealth_7arms/bench7_seed42_exp.json,KHONG CO (che do lay mau v1)
42,exp,rl_learned,2,44,309.5983096944062,963.4315145302905,0.3213495770328285,0,,0.03333333333333333,,KHONG CO,KHONG CO,9576.549898084317,335.724700330486,8197.247359613622,151.93783678114414,31.854341219408127,16125.915784658639,,,0.008783914327046971,,3719961,8ad0cbcd3f4f0046284bca9a6a76b8cefa67495434d85b8ec6ef43e9f7e1d8cd,audits/paper_extras/negwealth_7arms/bench7_seed42_exp.json,KHONG CO (che do lay mau v1)
42,exp,rl_learned,3,45,379.74268486747894,944.6259767050518,0.4020032205678471,0,,0.0625,,KHONG CO,KHONG CO,10297.15873510088,376.8542384278686,9131.229855403713,145.77192798256874,36.14237458798974,16148.76263901258,,,0.005469141354345412,,3719961,8ad0cbcd3f4f0046284bca9a6a76b8cefa67495434d85b8ec6ef43e9f7e1d8cd,audits/paper_extras/negwealth_7arms/bench7_seed42_exp.json,KHONG CO (che do lay mau v1)
42,exp,rl_learned,4,46,360.1449715073415,852.4837968977464,0.4224654742036582,0,,0.11666666666666667,,KHONG CO,KHONG CO,10763.976962667988,527.6935014687331,9752.5617327612,142.45226633548737,58.52188394591815,16183.469909792284,,,0.007459049533016392,,3719961,8ad0cbcd3f4f0046284bca9a6a76b8cefa67495434d85b8ec6ef43e9f7e1d8cd,audits/paper_extras/negwealth_7arms/bench7_seed42_exp.json,KHONG CO (che do lay mau v1)
42,exp,rl_learned,5,47,381.3755360072564,907.9410597102459,0.4200443761503263,0,,0.03333333333333333,,KHONG CO,KHONG CO,9117.126137175956,284.50116895416636,7810.47905661759,157.80293208360672,0.0,16148.424662966554,,,0.004937844784525088,,3719961,8ad0cbcd3f4f0046284bca9a6a76b8cefa67495434d85b8ec6ef43e9f7e1d8cd,audits/paper_extras/negwealth_7arms/bench7_seed42_exp.json,KHONG CO (che do lay mau v1)
42,exp,rl_learned,6,48,357.8366472618563,875.0708667504073,0.4089230493876338,0,,0.04583333333333333,,KHONG CO,KHONG CO,9294.824530890422,337.051197323921,7685.516508816288,152.4312401264906,44.210094222968216,16608.553978621163,,,0.007461737407391306,,3719961,8ad0cbcd3f4f0046284bca9a6a76b8cefa67495434d85b8ec6ef43e9f7e1d8cd,audits/paper_extras/negwealth_7arms/bench7_seed42_exp.json,KHONG CO (che do lay mau v1)
42,exp,rl_learned,7,49,417.3961646825496,906.8457094140948,0.4602725252482318,0,,0.0875,,KHONG CO,KHONG CO,12153.876185071987,589.9928948342812,11483.321166684074,129.92407697439194,15.586190787420245,15764.379726830208,,,0.004820161487631191,,3719961,8ad0cbcd3f4f0046284bca9a6a76b8cefa67495434d85b8ec6ef43e9f7e1d8cd,audits/paper_extras/negwealth_7arms/bench7_seed42_exp.json,KHONG CO (che do lay mau v1)
42,exp,rl_learned,8,50,358.99593722301506,883.5799999864798,0.40629703844417964,0,,0.04583333333333333,,KHONG CO,KHONG CO,9953.644668962608,498.92812731226564,8585.13719837532,124.72743625938887,31.26996772153575,16652.702658344402,,,0.007239654321820781,,3719961,8ad0cbcd3f4f0046284bca9a6a76b8cefa67495434d85b8ec6ef43e9f7e1d8cd,audits/paper_extras/negwealth_7arms/bench7_seed42_exp.json,KHONG CO (che do lay mau v1)
42,exp,rl_learned,9,51,401.1718694305881,836.4704193177921,0.47960078463716094,1,,0.08333333333333333,,KHONG CO,KHONG CO,10427.465660001439,377.09438107170496,9648.035825178853,147.9754933565855,35.816660194796455,15671.867209069977,,,0.006099294241690234,,3719961,8ad0cbcd3f4f0046284bca9a6a76b8cefa67495434d85b8ec6ef43e9f7e1d8cd,audits/paper_extras/negwealth_7arms/bench7_seed42_exp.json,KHONG CO (che do lay mau v1)
42,exp,free_market,0,42,374.04235362193367,844.7221807786904,0.4427992565284957,0,,0.0,,KHONG CO,KHONG CO,0.0,0.0,0.0,0.0,0.0,14696.728246528533,,,0.003659934514842729,,3719961,8ad0cbcd3f4f0046284bca9a6a76b8cefa67495434d85b8ec6ef43e9f7e1d8cd,audits/paper_extras/negwealth_7arms/bench7_seed42_exp.json,KHONG CO (che do lay mau v1)
42,exp,free_market,1,43,378.68005303332274,919.3304184725318,0.4119085428093415,0,,0.0,,KHONG CO,KHONG CO,0.0,0.0,0.0,0.0,0.0,14743.636955520324,,,0.004409290347917947,,3719961,8ad0cbcd3f4f0046284bca9a6a76b8cefa67495434d85b8ec6ef43e9f7e1d8cd,audits/paper_extras/negwealth_7arms/bench7_seed42_exp.json,KHONG CO (che do lay mau v1)
42,exp,free_market,2,44,300.9721609518313,925.1717267826045,0.32531491423597436,0,,0.0,,KHONG CO,KHONG CO,0.0,0.0,0.0,0.0,0.0,14701.57083032525,,,0.00737981049219748,,3719961,8ad0cbcd3f4f0046284bca9a6a76b8cefa67495434d85b8ec6ef43e9f7e1d8cd,audits/paper_extras/negwealth_7arms/bench7_seed42_exp.json,KHONG CO (che do lay mau v1)
42,exp,free_market,3,45,418.70708368896254,891.5950969705383,0.4696157315261663,0,,0.0,,KHONG CO,KHONG CO,0.0,0.0,0.0,0.0,0.0,14685.86158420215,,,0.004564661061464184,,3719961,8ad0cbcd3f4f0046284bca9a6a76b8cefa67495434d85b8ec6ef43e9f7e1d8cd,audits/paper_extras/negwealth_7arms/bench7_seed42_exp.json,KHONG CO (che do lay mau v1)
42,exp,free_market,4,46,324.3709163067499,805.2098499324248,0.40284022399126374,1,,0.0,,KHONG CO,KHONG CO,0.0,0.0,0.0,0.0,0.0,14634.331524264144,,,0.005188866423754324,,3719961,8ad0cbcd3f4f0046284bca9a6a76b8cefa67495434d85b8ec6ef43e9f7e1d8cd,audits/paper_extras/negwealth_7arms/bench7_seed42_exp.json,KHONG CO (che do lay mau v1)
42,exp,free_market,5,47,354.5317509761222,861.8709253502019,0.41135132947206243,0,,0.004166666666666667,,KHONG CO,KHONG CO,0.0,0.0,0.0,0.0,0.0,14828.63334482838,,,0.004726988735852633,,3719961,8ad0cbcd3f4f0046284bca9a6a76b8cefa67495434d85b8ec6ef43e9f7e1d8cd,audits/paper_extras/negwealth_7arms/bench7_seed42_exp.json,KHONG CO (che do lay mau v1)
42,exp,free_market,6,48,323.1959384333693,829.0657745380657,0.38983148063667905,1,,0.004166666666666667,,KHONG CO,KHONG CO,0.0,0.0,0.0,0.0,0.0,14682.688377025885,,,0.003590354714273872,,3719961,8ad0cbcd3f4f0046284bca9a6a76b8cefa67495434d85b8ec6ef43e9f7e1d8cd,audits/paper_extras/negwealth_7arms/bench7_seed42_exp.json,KHONG CO (che do lay mau v1)
42,exp,free_market,7,49,418.68428720017,909.1594884436905,0.460517975692998,0,,0.0,,KHONG CO,KHONG CO,0.0,0.0,0.0,0.0,0.0,14701.534478216745,,,0.004762493497573703,,3719961,8ad0cbcd3f4f0046284bca9a6a76b8cefa67495434d85b8ec6ef43e9f7e1d8cd,audits/paper_extras/negwealth_7arms/bench7_seed42_exp.json,KHONG CO (che do lay mau v1)
42,exp,free_market,8,50,341.96919076464815,857.5031039046916,0.3987964465754946,0,,0.0,,KHONG CO,KHONG CO,0.0,0.0,0.0,0.0,0.0,14781.148895136026,,,0.005017883106749312,,3719961,8ad0cbcd3f4f0046284bca9a6a76b8cefa67495434d85b8ec6ef43e9f7e1d8cd,audits/paper_extras/negwealth_7arms/bench7_seed42_exp.json,KHONG CO (che do lay mau v1)
42,exp,free_market,9,51,332.523099421152,778.6809502825746,0.42703381828010956,0,,0.0,,KHONG CO,KHONG CO,0.0,0.0,0.0,0.0,0.0,14714.79832868184,,,0.0043188514874180055,,3719961,8ad0cbcd3f4f0046284bca9a6a76b8cefa67495434d85b8ec6ef43e9f7e1d8cd,audits/paper_extras/negwealth_7arms/bench7_seed42_exp.json,KHONG CO (che do lay mau v1)
42,exp,us_federal,0,42,296.56272249474614,818.5878299543207,0.3622857702530162,0,,0.9416666666666667,,KHONG CO,KHONG CO,10259.394211055105,470.7870322293307,10718.534448853847,0.0,41.55572480675271,14768.346339878426,,,0.005560963877033457,,3719961,8ad0cbcd3f4f0046284bca9a6a76b8cefa67495434d85b8ec6ef43e9f7e1d8cd,audits/paper_extras/negwealth_7arms/bench7_seed42_exp.json,KHONG CO (che do lay mau v1)
42,exp,us_federal,1,43,301.83212126087466,912.7574604510257,0.33068162610440754,0,,0.7083333333333334,,KHONG CO,KHONG CO,9425.75088779195,405.2896030276415,9817.99985999566,0.0,1.650000024586916,14720.025583300308,,,0.004112482119674832,,3719961,8ad0cbcd3f4f0046284bca9a6a76b8cefa67495434d85b8ec6ef43e9f7e1d8cd,audits/paper_extras/negwealth_7arms/bench7_seed42_exp.json,KHONG CO (che do lay mau v1)
42,exp,us_federal,2,44,291.08348997801124,967.9665536266835,0.3007164750552669,0,,0.8625,,KHONG CO,KHONG CO,10185.951625844107,412.4301458409402,10581.020513250187,0.0,23.719061349439727,14749.0578253249,,,0.006291546020164004,,3719961,8ad0cbcd3f4f0046284bca9a6a76b8cefa67495434d85b8ec6ef43e9f7e1d8cd,audits/paper_extras/negwealth_7arms/bench7_seed42_exp.json,KHONG CO (che do lay mau v1)
42,exp,us_federal,3,45,311.13034155563963,898.5429905892884,0.34626094111712125,0,,0.875,,KHONG CO,KHONG CO,9901.809072285725,384.72345214517105,10273.504203467342,0.0,11.593571830206367,14672.419024484745,,,0.003629168592243658,,3719961,8ad0cbcd3f4f0046284bca9a6a76b8cefa67495434d85b8ec6ef43e9f7e1d8cd,audits/paper_extras/negwealth_7arms/bench7_seed42_exp.json,KHONG CO (che do lay mau v1)
42,exp,us_federal,4,46,310.0615344308537,825.6462422697527,0.3755379950358344,0,,0.9333333333333333,,KHONG CO,KHONG CO,10680.40080164853,438.1633428774178,11106.210023130696,0.0,7.01096230261329,14769.620550873831,,,0.004728633200867908,,3719961,8ad0cbcd3f4f0046284bca9a6a76b8cefa67495434d85b8ec6ef43e9f7e1d8cd,audits/paper_extras/negwealth_7arms/bench7_seed42_exp.json,KHONG CO (che do lay mau v1)
42,exp,us_federal,5,47,331.45589699249,851.5212203162642,0.38925148203515547,0,,0.9333333333333333,,KHONG CO,KHONG CO,10744.561362874989,538.8504065404713,11271.262663726997,0.0,23.70768038878573,14780.681908173414,,,0.005244291636598518,,3719961,8ad0cbcd3f4f0046284bca9a6a76b8cefa67495434d85b8ec6ef43e9f7e1d8cd,audits/paper_extras/negwealth_7arms/bench7_seed42_exp.json,KHONG CO (che do lay mau v1)
42,exp,us_federal,6,48,297.0452836550279,856.3914142973113,0.3468569146022562,0,,0.8791666666666667,,KHONG CO,KHONG CO,10571.127125865545,531.6164400752477,11090.079621081592,0.0,1.0608618503999099,14691.38739331512,,,0.005120487718803568,,3719961,8ad0cbcd3f4f0046284bca9a6a76b8cefa67495434d85b8ec6ef43e9f7e1d8cd,audits/paper_extras/negwealth_7arms/bench7_seed42_exp.json,KHONG CO (che do lay mau v1)
42,exp,us_federal,7,49,330.6970548245675,877.2254863097289,0.3769806737099356,0,,0.7875,,KHONG CO,KHONG CO,10177.474653524974,456.3423123652416,10621.332412044485,0.0,0.4000000059604645,14642.007365231195,,,0.0037154772060207777,,3719961,8ad0cbcd3f4f0046284bca9a6a76b8cefa67495434d85b8ec6ef43e9f7e1d8cd,audits/paper_extras/negwealth_7arms/bench7_seed42_exp.json,KHONG CO (che do lay mau v1)
42,exp,us_federal,8,50,291.6232005898847,835.0732087769067,0.34921872420863764,0,,0.9041666666666667,,KHONG CO,KHONG CO,10248.276483541922,474.1033950728877,10710.25309119267,0.0,54.210455710277515,14709.202067170852,,,0.0064850417253800915,,3719961,8ad0cbcd3f4f0046284bca9a6a76b8cefa67495434d85b8ec6ef43e9f7e1d8cd,audits/paper_extras/negwealth_7arms/bench7_seed42_exp.json,KHONG CO (che do lay mau v1)
42,exp,us_federal,9,51,300.88711488315295,815.7454830885821,0.3688492564420115,0,,0.8791666666666667,,KHONG CO,KHONG CO,11250.291753502011,568.0217463176158,11806.166390366387,0.0,24.491091621711345,14695.188712040383,,,0.006035629363932257,,3719961,8ad0cbcd3f4f0046284bca9a6a76b8cefa67495434d85b8ec6ef43e9f7e1d8cd,audits/paper_extras/negwealth_7arms/bench7_seed42_exp.json,KHONG CO (che do lay mau v1)
42,exp,saez,0,42,142.83821583865824,681.4876019713847,0.20959767342129276,34,,0.9625,,KHONG CO,KHONG CO,56637.77896187465,4388.0710363920725,60972.842908177954,0.0,357.56054864499066,12284.292915373844,,,0.026164880377515794,,3719961,8ad0cbcd3f4f0046284bca9a6a76b8cefa67495434d85b8ec6ef43e9f7e1d8cd,audits/paper_extras/negwealth_7arms/bench7_seed42_exp.json,KHONG CO (che do lay mau v1)
42,exp,saez,1,43,201.21513033403878,779.8282395716839,0.2580249343683104,33,,0.9625,,KHONG CO,KHONG CO,53101.838075530264,3578.178717295646,56638.679031616826,0.0,162.64544880461983,11324.1726328043,,,0.014694737171789622,,3719961,8ad0cbcd3f4f0046284bca9a6a76b8cefa67495434d85b8ec6ef43e9f7e1d8cd,audits/paper_extras/negwealth_7arms/bench7_seed42_exp.json,KHONG CO (che do lay mau v1)
42,exp,saez,2,44,220.9428481895391,745.4056378910706,0.29640619410209834,37,,0.9666666666666667,,KHONG CO,KHONG CO,54547.85252338685,3662.066709053375,58167.77656199387,0.0,192.16167130020517,10303.062377890901,,,0.01648645686536291,,3719961,8ad0cbcd3f4f0046284bca9a6a76b8cefa67495434d85b8ec6ef43e9f7e1d8cd,audits/paper_extras/negwealth_7arms/bench7_seed42_exp.json,KHONG CO (che do lay mau v1)
42,exp,saez,3,45,225.29940400547912,726.4726820452892,0.31012784041813934,35,,0.9625,,KHONG CO,KHONG CO,57136.743045370255,4450.605500199955,61538.26506048945,0.0,142.5331378787575,10839.30300737013,,,0.017245004220403738,,3719961,8ad0cbcd3f4f0046284bca9a6a76b8cefa67495434d85b8ec6ef43e9f7e1d8cd,audits/paper_extras/negwealth_7arms/bench7_seed42_exp.json,KHONG CO (che do lay mau v1)
42,exp,saez,4,46,131.1632003654331,570.1193946391696,0.2300626879189871,36,,0.9666666666666667,,KHONG CO,KHONG CO,47389.867333753486,4121.87245336191,51391.47031057849,0.0,133.25748906021576,10305.860152717149,,,0.013775851026122565,,3719961,8ad0cbcd3f4f0046284bca9a6a76b8cefa67495434d85b8ec6ef43e9f7e1d8cd,audits/paper_extras/negwealth_7arms/bench7_seed42_exp.json,KHONG CO (che do lay mau v1)
42,exp,saez,5,47,142.26839725855615,714.8390122183075,0.19902159063348412,43,,0.9625,,KHONG CO,KHONG CO,58748.65479142601,4903.606038729598,63566.73550496901,0.0,113.73313098799737,14254.75576152591,,,0.014085826348900175,,3719961,8ad0cbcd3f4f0046284bca9a6a76b8cefa67495434d85b8ec6ef43e9f7e1d8cd,audits/paper_extras/negwealth_7arms/bench7_seed42_exp.json,KHONG CO (che do lay mau v1)
42,exp,saez,6,48,152.12440725750702,677.3137710192085,0.22459960769525356,35,,0.9625,,KHONG CO,KHONG CO,59705.21683474885,4173.841887467869,63759.97342290442,0.0,146.97824572040759,14735.349972135133,,,0.019251997443002596,,3719961,8ad0cbcd3f4f0046284bca9a6a76b8cefa67495434d85b8ec6ef43e9f7e1d8cd,audits/paper_extras/negwealth_7arms/bench7_seed42_exp.json,KHONG CO (che do lay mau v1)
42,exp,saez,7,49,158.365869990866,700.8517138860411,0.22596202142785426,41,,0.9583333333333334,,KHONG CO,KHONG CO,58594.01732113151,4130.061608993005,62645.6685354109,0.0,122.85367759371402,14815.979597613403,,,0.011503037285368634,,3719961,8ad0cbcd3f4f0046284bca9a6a76b8cefa67495434d85b8ec6ef43e9f7e1d8cd,audits/paper_extras/negwealth_7arms/bench7_seed42_exp.json,KHONG CO (che do lay mau v1)
42,exp,saez,8,50,174.3627304630401,744.1083403363103,0.23432438666691247,36,,0.9625,,KHONG CO,KHONG CO,54934.579564469044,4494.984897399024,59309.17179487312,0.0,137.55842433277968,11367.05705803845,,,0.016466392110094888,,3719961,8ad0cbcd3f4f0046284bca9a6a76b8cefa67495434d85b8ec6ef43e9f7e1d8cd,audits/paper_extras/negwealth_7arms/bench7_seed42_exp.json,KHONG CO (che do lay mau v1)
42,exp,saez,9,51,136.47007892859924,644.1637662700383,0.21185618638380532,38,,0.9666666666666667,,KHONG CO,KHONG CO,56556.14874185388,4335.164234610221,60850.15354608072,0.0,385.4704266775379,12338.538084501044,,,0.022290745351452094,,3719961,8ad0cbcd3f4f0046284bca9a6a76b8cefa67495434d85b8ec6ef43e9f7e1d8cd,audits/paper_extras/negwealth_7arms/bench7_seed42_exp.json,KHONG CO (che do lay mau v1)
42,exp,free_market+rl_aux,0,42,364.80711224938227,854.0978245574677,0.427125677832512,0,,0.004166666666666667,,KHONG CO,KHONG CO,0.0,0.0,0.0,140.48104047775269,1.2753888368606567,14763.576113552072,,,0.0030720368986821454,,3719961,8ad0cbcd3f4f0046284bca9a6a76b8cefa67495434d85b8ec6ef43e9f7e1d8cd,audits/paper_extras/negwealth_7arms/bench7_seed42_exp.json,KHONG CO (che do lay mau v1)
42,exp,free_market+rl_aux,1,43,411.59547658269975,918.4925466888902,0.44812064949952657,0,,0.0,,KHONG CO,KHONG CO,0.0,0.0,0.0,140.48104047775263,0.0,14760.489902474286,,,0.003855168454764872,,3719961,8ad0cbcd3f4f0046284bca9a6a76b8cefa67495434d85b8ec6ef43e9f7e1d8cd,audits/paper_extras/negwealth_7arms/bench7_seed42_exp.json,KHONG CO (che do lay mau v1)
42,exp,free_market+rl_aux,2,44,311.7606937806052,883.421016136427,0.3529016042023386,0,,0.0,,KHONG CO,KHONG CO,0.0,0.0,0.0,145.7490794956684,0.0,14747.95851500041,,,0.004667259958032846,,3719961,8ad0cbcd3f4f0046284bca9a6a76b8cefa67495434d85b8ec6ef43e9f7e1d8cd,audits/paper_extras/negwealth_7arms/bench7_seed42_exp.json,KHONG CO (che do lay mau v1)
42,exp,free_market+rl_aux,3,45,415.72119371139485,902.6366562751505,0.4605631632853504,0,,0.0,,KHONG CO,KHONG CO,0.0,0.0,0.0,145.7490794956684,0.0,14525.281298088046,,,0.004737288818836323,,3719961,8ad0cbcd3f4f0046284bca9a6a76b8cefa67495434d85b8ec6ef43e9f7e1d8cd,audits/paper_extras/negwealth_7arms/bench7_seed42_exp.json,KHONG CO (che do lay mau v1)
42,exp,free_market+rl_aux,4,46,316.5045975004921,827.4081633513977,0.3825253502678745,0,,0.0125,,KHONG CO,KHONG CO,0.0,0.0,0.0,140.48104047775269,6.982542167487544,14731.177333422653,,,0.00437154011915225,,3719961,8ad0cbcd3f4f0046284bca9a6a76b8cefa67495434d85b8ec6ef43e9f7e1d8cd,audits/paper_extras/negwealth_7arms/bench7_seed42_exp.json,KHONG CO (che do lay mau v1)
42,exp,free_market+rl_aux,5,47,428.66623421645056,889.7557876150082,0.48177965255555244,0,,0.0,,KHONG CO,KHONG CO,0.0,0.0,0.0,145.7490794956684,19.22486200480302,14570.045208226164,,,0.005256854506731424,,3719961,8ad0cbcd3f4f0046284bca9a6a76b8cefa67495434d85b8ec6ef43e9f7e1d8cd,audits/paper_extras/negwealth_7arms/bench7_seed42_exp.json,KHONG CO (che do lay mau v1)
42,exp,free_market+rl_aux,6,48,327.15971581012775,819.5967587698906,0.3991715588299207,0,,0.004166666666666667,,KHONG CO,KHONG CO,0.0,0.0,0.0,145.1637418270111,58.981531897076486,14663.216817578972,,,0.007612473176322412,,3719961,8ad0cbcd3f4f0046284bca9a6a76b8cefa67495434d85b8ec6ef43e9f7e1d8cd,audits/paper_extras/negwealth_7arms/bench7_seed42_exp.json,KHONG CO (che do lay mau v1)
42,exp,free_market+rl_aux,7,49,400.229993760977,873.7492433191281,0.4580604753837789,0,,0.0,,KHONG CO,KHONG CO,0.0,0.0,0.0,156.28515753149986,1.6581288274521242,14737.77895872629,,,0.006759259502450024,,3719961,8ad0cbcd3f4f0046284bca9a6a76b8cefa67495434d85b8ec6ef43e9f7e1d8cd,audits/paper_extras/negwealth_7arms/bench7_seed42_exp.json,KHONG CO (che do lay mau v1)
42,exp,free_market+rl_aux,8,50,366.43346968196795,854.1921533841776,0.42898248155314356,0,,0.0,,KHONG CO,KHONG CO,0.0,0.0,0.0,140.48104047775269,4.177867628814721,14721.585165525268,,,0.0035358895268683887,,3719961,8ad0cbcd3f4f0046284bca9a6a76b8cefa67495434d85b8ec6ef43e9f7e1d8cd,audits/paper_extras/negwealth_7arms/bench7_seed42_exp.json,KHONG CO (che do lay mau v1)
42,exp,free_market+rl_aux,9,51,284.65825662846953,809.4380792135352,0.35167391297559003,0,,0.004166666666666667,,KHONG CO,KHONG CO,0.0,0.0,0.0,141.6517158150673,34.545304589226085,14720.570856017712,,,0.004608186787915179,,3719961,8ad0cbcd3f4f0046284bca9a6a76b8cefa67495434d85b8ec6ef43e9f7e1d8cd,audits/paper_extras/negwealth_7arms/bench7_seed42_exp.json,KHONG CO (che do lay mau v1)
42,exp,us_federal+rl_aux,0,42,296.15979566156153,858.5380650427419,0.34495825837007865,0,,0.8958333333333334,,KHONG CO,KHONG CO,10882.883131924955,522.9947534781014,9645.985240633547,145.7490794956684,35.641176580968164,16232.397743268331,,,0.005775193040663079,,3719961,8ad0cbcd3f4f0046284bca9a6a76b8cefa67495434d85b8ec6ef43e9f7e1d8cd,audits/paper_extras/negwealth_7arms/bench7_seed42_exp.json,KHONG CO (che do lay mau v1)
42,exp,us_federal+rl_aux,1,43,277.0304752216946,910.266712176494,0.30433989457804145,0,,0.8333333333333334,,KHONG CO,KHONG CO,9707.697086147013,375.23190643309664,8526.069631459723,140.48104047775269,32.9208647702211,16192.711625862343,,,0.004953993256133533,,3719961,8ad0cbcd3f4f0046284bca9a6a76b8cefa67495434d85b8ec6ef43e9f7e1d8cd,audits/paper_extras/negwealth_7arms/bench7_seed42_exp.json,KHONG CO (che do lay mau v1)
42,exp,us_federal+rl_aux,2,44,317.42709775894014,993.0652918305815,0.3196437337708241,0,,0.8666666666666667,,KHONG CO,KHONG CO,10377.698935073277,357.76798536600893,9051.221186398647,145.7490794956684,4.6742617072530415,16044.85722153251,,,0.006187982722372489,,3719961,8ad0cbcd3f4f0046284bca9a6a76b8cefa67495434d85b8ec6ef43e9f7e1d8cd,audits/paper_extras/negwealth_7arms/bench7_seed42_exp.json,KHONG CO (che do lay mau v1)
42,exp,us_federal+rl_aux,3,45,272.77413707115943,923.3767164947695,0.2954093732259542,0,,0.8791666666666667,,KHONG CO,KHONG CO,10131.833827718749,446.37849828714525,8929.356589754472,142.8223911523819,57.16855325293468,16167.828308761094,,,0.007031645873475617,,3719961,8ad0cbcd3f4f0046284bca9a6a76b8cefa67495434d85b8ec6ef43e9f7e1d8cd,audits/paper_extras/negwealth_7arms/bench7_seed42_exp.json,KHONG CO (che do lay mau v1)
42,exp,us_federal+rl_aux,4,46,257.07869480686065,803.0334810629262,0.3201344662075376,0,,0.9458333333333333,,KHONG CO,KHONG CO,10560.949713043598,463.09154382252297,9300.837829730424,143.9930664896965,67.08885958935119,16185.794996395678,,,0.0051469331351401875,,3719961,8ad0cbcd3f4f0046284bca9a6a76b8cefa67495434d85b8ec6ef43e9f7e1d8cd,audits/paper_extras/negwealth_7arms/bench7_seed42_exp.json,KHONG CO (che do lay mau v1)
42,exp,us_federal+rl_aux,5,47,284.0042249120089,872.6813248631796,0.3254386415986793,0,,0.9291666666666667,,KHONG CO,KHONG CO,9995.243111986387,407.296152337802,8788.340488761372,140.48104047775269,0.0,16207.320734692847,,,0.004497696915930213,,3719961,8ad0cbcd3f4f0046284bca9a6a76b8cefa67495434d85b8ec6ef43e9f7e1d8cd,audits/paper_extras/negwealth_7arms/bench7_seed42_exp.json,KHONG CO (che do lay mau v1)
42,exp,us_federal+rl_aux,6,48,300.82506176161115,856.5580011890908,0.3512022085416281,0,,0.7875,,KHONG CO,KHONG CO,10998.85357103176,416.5627656207851,9658.448520785021,145.74907949566847,9.270161400858711,16268.705075139625,,,0.005771124763048777,,3719961,8ad0cbcd3f4f0046284bca9a6a76b8cefa67495434d85b8ec6ef43e9f7e1d8cd,audits/paper_extras/negwealth_7arms/bench7_seed42_exp.json,KHONG CO (che do lay mau v1)
42,exp,us_federal+rl_aux,7,49,348.0224477347282,886.3442497825223,0.39264929830607087,0,,0.7791666666666667,,KHONG CO,KHONG CO,10360.000403146125,506.1173277633932,9184.691559870338,146.91975483298302,1.1173756604808642,16159.709862535225,,,0.00639321496749018,,3719961,8ad0cbcd3f4f0046284bca9a6a76b8cefa67495434d85b8ec6ef43e9f7e1d8cd,audits/paper_extras/negwealth_7arms/bench7_seed42_exp.json,KHONG CO (che do lay mau v1)
42,exp,us_federal+rl_aux,8,50,271.4555078930964,860.4163827416795,0.31549318834227125,0,,0.6375,,KHONG CO,KHONG CO,10393.096539014341,497.24725834749427,9218.98071182336,140.48104047775269,18.13273913337386,16152.325035989346,,,0.005017359366298918,,3719961,8ad0cbcd3f4f0046284bca9a6a76b8cefa67495434d85b8ec6ef43e9f7e1d8cd,audits/paper_extras/negwealth_7arms/bench7_seed42_exp.json,KHONG CO (che do lay mau v1)
42,exp,us_federal+rl_aux,9,51,318.306266599648,825.7805371632553,0.3854610907797642,0,,0.8541666666666666,,KHONG CO,KHONG CO,11209.333871404542,653.5651079518499,10043.381669317943,140.48104047775269,33.434180397786,16121.022151247227,,,0.005635443285006713,,3719961,8ad0cbcd3f4f0046284bca9a6a76b8cefa67495434d85b8ec6ef43e9f7e1d8cd,audits/paper_extras/negwealth_7arms/bench7_seed42_exp.json,KHONG CO (che do lay mau v1)
42,exp,saez+rl_aux,0,42,143.95921886358445,679.365183456343,0.21190255604677377,42,,0.9625,,KHONG CO,KHONG CO,51692.74608732986,3146.494198182157,46344.25452872123,154.52914452552795,144.870505113528,19807.876976848387,,,0.014147972634990014,,3719961,8ad0cbcd3f4f0046284bca9a6a76b8cefa67495434d85b8ec6ef43e9f7e1d8cd,audits/paper_extras/negwealth_7arms/bench7_seed42_exp.json,KHONG CO (che do lay mau v1)
42,exp,saez+rl_aux,1,43,160.65098356291622,845.3920151798709,0.19003134720728954,42,,0.9583333333333334,,KHONG CO,KHONG CO,62052.815118942635,3478.406529443601,55436.55914466128,169.16258624196047,270.0038148777213,23684.397182348144,,,0.014947357765729112,,3719961,8ad0cbcd3f4f0046284bca9a6a76b8cefa67495434d85b8ec6ef43e9f7e1d8cd,audits/paper_extras/negwealth_7arms/bench7_seed42_exp.json,KHONG CO (che do lay mau v1)
42,exp,saez+rl_aux,2,44,216.6655295871591,1002.6461414112125,0.21609371505903863,51,,0.9583333333333334,,KHONG CO,KHONG CO,59444.23852266017,2936.508318219654,52403.47515353309,191.99075531959534,392.29054452812113,21130.946522175815,,,0.020630262670404017,,3719961,8ad0cbcd3f4f0046284bca9a6a76b8cefa67495434d85b8ec6ef43e9f7e1d8cd,audits/paper_extras/negwealth_7arms/bench7_seed42_exp.json,KHONG CO (che do lay mau v1)
42,exp,saez+rl_aux,3,45,156.28668684086026,810.8079078054575,0.19275427056929884,39,,0.9625,,KHONG CO,KHONG CO,59757.85635501545,3873.03010724534,53811.39691189241,154.52914452552795,220.7844708789852,22172.389912794522,,,0.013923665603244758,,3719961,8ad0cbcd3f4f0046284bca9a6a76b8cefa67495434d85b8ec6ef43e9f7e1d8cd,audits/paper_extras/negwealth_7arms/bench7_seed42_exp.json,KHONG CO (che do lay mau v1)
42,exp,saez+rl_aux,4,46,125.9252525679155,663.5348971797906,0.18977939683825695,42,,0.9625,,KHONG CO,KHONG CO,51419.228376541374,3131.5487522286235,46133.12020857735,144.5784041583538,58.93594539880214,18296.252376659344,,,0.00785785370083445,,3719961,8ad0cbcd3f4f0046284bca9a6a76b8cefa67495434d85b8ec6ef43e9f7e1d8cd,audits/paper_extras/negwealth_7arms/bench7_seed42_exp.json,KHONG CO (che do lay mau v1)
42,exp,saez+rl_aux,5,47,129.01969889308577,705.4890056909212,0.18287981506774897,44,,0.9625,,KHONG CO,KHONG CO,49084.928233591934,3084.6379805971405,44053.022427664204,149.84644317626953,75.36132698374331,18743.464063454107,,,0.01034294146156558,,3719961,8ad0cbcd3f4f0046284bca9a6a76b8cefa67495434d85b8ec6ef43e9f7e1d8cd,audits/paper_extras/negwealth_7arms/bench7_seed42_exp.json,KHONG CO (che do lay mau v1)
42,exp,saez+rl_aux,6,48,155.9299649563182,810.0240758873316,0.19250040782492361,38,,0.9583333333333334,,KHONG CO,KHONG CO,60065.80326570059,3876.2688854671255,54062.82412693559,195.50278133153915,254.73485062952207,22157.043556872028,,,0.021022858592815528,,3719961,8ad0cbcd3f4f0046284bca9a6a76b8cefa67495434d85b8ec6ef43e9f7e1d8cd,audits/paper_extras/negwealth_7arms/bench7_seed42_exp.json,KHONG CO (che do lay mau v1)
42,exp,saez+rl_aux,7,49,162.2412860402934,872.2065246334108,0.18601246546336436,33,,0.9666666666666667,,KHONG CO,KHONG CO,58856.98013638571,3336.228541719508,52423.048134702316,182.0400149524212,226.75426586511517,20620.68243303133,,,0.018066639767315765,,3719961,8ad0cbcd3f4f0046284bca9a6a76b8cefa67495434d85b8ec6ef43e9f7e1d8cd,audits/paper_extras/negwealth_7arms/bench7_seed42_exp.json,KHONG CO (che do lay mau v1)
42,exp,saez+rl_aux,8,50,125.33403920612903,711.5520518172909,0.17614177189993085,38,,0.9625,,KHONG CO,KHONG CO,55393.5546142524,3421.620265664882,49761.54122419498,176.77197593450546,273.1094802377592,19253.560323418216,,,0.016192984208642573,,3719961,8ad0cbcd3f4f0046284bca9a6a76b8cefa67495434d85b8ec6ef43e9f7e1d8cd,audits/paper_extras/negwealth_7arms/bench7_seed42_exp.json,KHONG CO (che do lay mau v1)
42,exp,saez+rl_aux,9,51,143.64211390709133,652.219164088429,0.22023596026628878,39,,0.9666666666666667,,KHONG CO,KHONG CO,54738.51985579983,3421.697066035525,49183.543751903606,144.5784041583538,89.93613410696541,18872.123374419625,,,0.007737719996491791,,3719961,8ad0cbcd3f4f0046284bca9a6a76b8cefa67495434d85b8ec6ef43e9f7e1d8cd,audits/paper_extras/negwealth_7arms/bench7_seed42_exp.json,KHONG CO (che do lay mau v1)
202,det,rl_learned,0,42,399.47748734039203,885.8336994705587,0.4509621699638996,0,53,0.0,0.0,KHONG CO,KHONG CO,20202.32696905933,857.1879577868087,21052.6930390832,71.33788025379184,0.0,14790.948641457499,144.53536605165172,0.0,0.002989940953507959,4.24879688275989,3719961,fb47c8da1551968d0622974b615c036abb4ef78b42eb0e25d114d9079f2ae69d,audits/paper_extras/negwealth_7arms/bench7_seed202_det.json,audits/paper_extras/v4_runs/v2/bench2_seed202_det.json
202,det,rl_learned,1,43,543.7750132912006,953.0066080709402,0.5705889221396909,0,57,0.004166666666666667,-0.007767714175768159,KHONG CO,KHONG CO,18824.71717971779,879.5982630921753,19695.362246371926,103.05575475096703,0.0,14660.428566528395,245.4688751586697,0.0,0.003147936581824078,3.779423654273679,3719961,fb47c8da1551968d0622974b615c036abb4ef78b42eb0e25d114d9079f2ae69d,audits/paper_extras/negwealth_7arms/bench7_seed202_det.json,audits/paper_extras/v4_runs/v2/bench2_seed202_det.json
202,det,rl_learned,2,44,412.39626946440626,964.830056480588,0.4274289204553854,0,69,0.0,0.0,KHONG CO,KHONG CO,19698.68928794684,1012.5805120197635,20707.649096517627,86.27028885483742,0.0,14744.929377259241,172.4210373349067,0.0,0.0035888733987109855,3.9296305567022545,3719961,fb47c8da1551968d0622974b615c036abb4ef78b42eb0e25d114d9079f2ae69d,audits/paper_extras/negwealth_7arms/bench7_seed202_det.json,audits/paper_extras/v4_runs/v2/bench2_seed202_det.json
202,det,rl_learned,3,45,497.04559646251147,915.7100758634832,0.5427979985846662,0,54,0.0,0.0,KHONG CO,KHONG CO,19447.925748310045,925.0884993158401,20364.938343783277,96.09007063508034,0.0,14660.49712357193,251.48870963559563,0.0,0.0030300050560720616,4.101592177686058,3719961,fb47c8da1551968d0622974b615c036abb4ef78b42eb0e25d114d9079f2ae69d,audits/paper_extras/negwealth_7arms/bench7_seed202_det.json,audits/paper_extras/v4_runs/v2/bench2_seed202_det.json
202,det,rl_learned,4,46,413.80742734367874,851.436984125561,0.486010632681954,0,52,0.016666666666666666,-8.881784197001252e-16,KHONG CO,KHONG CO,18473.356423024332,873.6520537272057,19343.369450853097,99.9546376168728,0.0,14614.619393732793,289.0649945487879,0.0,0.002949487879074302,4.427520004782968,3719961,fb47c8da1551968d0622974b615c036abb4ef78b42eb0e25d114d9079f2ae69d,audits/paper_extras/negwealth_7arms/bench7_seed202_det.json,audits/paper_extras/v4_runs/v2/bench2_seed202_det.json
202,det,rl_learned,5,47,504.77691703817936,897.8178602403598,0.562226415169601,0,56,0.0,0.0,KHONG CO,KHONG CO,18932.350981122956,1145.1990146010721,20060.57189803925,105.0820603966713,0.0,14597.409073418949,314.48696386915225,0.0,0.0031089957718552297,4.261647168483478,3719961,fb47c8da1551968d0622974b615c036abb4ef78b42eb0e25d114d9079f2ae69d,audits/paper_extras/negwealth_7arms/bench7_seed202_det.json,audits/paper_extras/v4_runs/v2/bench2_seed202_det.json
202,det,rl_learned,6,48,451.8753686736197,879.6941626766621,0.5136732603734574,0,55,0.004166666666666667,-8.881784197001252e-16,KHONG CO,KHONG CO,20150.81992639105,853.1406733300273,20994.524372102056,90.11109611392021,0.0,14590.165978625195,329.15915287993073,0.0,0.0030696875957546017,4.5155597982900675,3719961,fb47c8da1551968d0622974b615c036abb4ef78b42eb0e25d114d9079f2ae69d,audits/paper_extras/negwealth_7arms/bench7_seed202_det.json,audits/paper_extras/v4_runs/v2/bench2_seed202_det.json
202,det,rl_learned,7,49,418.53793500662164,919.6676325200181,0.4550969504708664,0,53,0.029166666666666667,-0.022783515387218678,KHONG CO,KHONG CO,21170.9485190059,941.7610730933106,22108.20481914635,66.92197591066363,0.0,14814.673793498416,122.90900354376706,0.0,0.002989940953507959,4.083416977515,3719961,fb47c8da1551968d0622974b615c036abb4ef78b42eb0e25d114d9079f2ae69d,audits/paper_extras/negwealth_7arms/bench7_seed202_det.json,audits/paper_extras/v4_runs/v2/bench2_seed202_det.json
202,det,rl_learned,8,50,443.3048009106884,870.9736168496133,0.5089761530483095,0,51,0.004166666666666667,-0.03493049042510421,KHONG CO,KHONG CO,19872.42937479766,1038.6042232244272,20906.964550903704,91.18152818083762,0.0,14721.28861229378,191.59890664377278,0.0,0.0029086382058716876,4.266800449754064,3719961,fb47c8da1551968d0622974b615c036abb4ef78b42eb0e25d114d9079f2ae69d,audits/paper_extras/negwealth_7arms/bench7_seed202_det.json,audits/paper_extras/v4_runs/v2/bench2_seed202_det.json
202,det,rl_learned,9,51,466.642824377166,843.5514939577977,0.5531883088580148,0,53,0.0,8.912826032769772e-11,KHONG CO,KHONG CO,18824.437412726325,872.4760768362336,19681.43187304975,101.83008509874345,0.0,14623.979877977928,289.671653436137,0.0,0.002989940953507959,4.715455414546272,3719961,fb47c8da1551968d0622974b615c036abb4ef78b42eb0e25d114d9079f2ae69d,audits/paper_extras/negwealth_7arms/bench7_seed202_det.json,audits/paper_extras/v4_runs/v2/bench2_seed202_det.json
202,det,free_market,0,42,381.4394777575903,859.1425668620792,0.4439769282422529,0,53,0.0,0.0,KHONG CO,KHONG CO,0.0,0.0,0.0,0.0,0.0,14804.624492825984,195.3755071740153,0.0,0.002989940953507959,2.861392143201004,3719961,fb47c8da1551968d0622974b615c036abb4ef78b42eb0e25d114d9079f2ae69d,audits/paper_extras/negwealth_7arms/bench7_seed202_det.json,audits/paper_extras/v4_runs/v2/bench2_seed202_det.json
202,det,free_market,1,43,496.7763264480525,897.9104518375788,0.5532582067971221,0,50,0.0,3.6637359812630166e-12,KHONG CO,KHONG CO,0.0,0.0,0.0,0.0,0.0,14728.888342215148,271.1116577848513,0.0,0.002867384080459147,2.6845773202195193,3719961,fb47c8da1551968d0622974b615c036abb4ef78b42eb0e25d114d9079f2ae69d,audits/paper_extras/negwealth_7arms/bench7_seed202_det.json,audits/paper_extras/v4_runs/v2/bench2_seed202_det.json
202,det,free_market,2,44,367.24300397787385,925.6402984090407,0.3967448312363655,0,69,0.0,2.0523582833220644e-12,KHONG CO,KHONG CO,0.0,0.0,0.0,0.0,0.0,14727.957377695018,272.0426223049813,0.0,0.0035888733987109855,2.7696045235301168,3719961,fb47c8da1551968d0622974b615c036abb4ef78b42eb0e25d114d9079f2ae69d,audits/paper_extras/negwealth_7arms/bench7_seed202_det.json,audits/paper_extras/v4_runs/v2/bench2_seed202_det.json
202,det,free_market,3,45,463.6746278222219,892.3355169310696,0.5196191556029249,0,51,0.0,0.0,KHONG CO,KHONG CO,0.0,0.0,0.0,0.0,0.0,14706.551142560293,293.44885743970866,0.0,0.0029086382058716876,2.8073645843239374,3719961,fb47c8da1551968d0622974b615c036abb4ef78b42eb0e25d114d9079f2ae69d,audits/paper_extras/negwealth_7arms/bench7_seed202_det.json,audits/paper_extras/v4_runs/v2/bench2_seed202_det.json
202,det,free_market,4,46,396.0025649042847,809.8142659334975,0.48900418474080665,0,46,0.0,0.0,KHONG CO,KHONG CO,0.0,0.0,0.0,0.0,0.0,14595.135815789805,404.8641842101902,0.0,0.0026981575384417357,3.1294174272723976,3719961,fb47c8da1551968d0622974b615c036abb4ef78b42eb0e25d114d9079f2ae69d,audits/paper_extras/negwealth_7arms/bench7_seed202_det.json,audits/paper_extras/v4_runs/v2/bench2_seed202_det.json
202,det,free_market,5,47,484.39210018190556,877.5769821459018,0.5519653660439476,0,56,0.0,1.9118040484045196e-12,KHONG CO,KHONG CO,0.0,0.0,0.0,0.0,0.0,14647.527949273413,352.47205072658363,0.0,0.00310899577185523,2.9016746684808252,3719961,fb47c8da1551968d0622974b615c036abb4ef78b42eb0e25d114d9079f2ae69d,audits/paper_extras/negwealth_7arms/bench7_seed202_det.json,audits/paper_extras/v4_runs/v2/bench2_seed202_det.json
202,det,free_market,6,48,383.5550501132157,837.6966108837031,0.4578686903228554,0,47,0.0,0.0,KHONG CO,KHONG CO,0.0,0.0,0.0,0.0,0.0,14683.391921293138,316.60807870685943,0.0,0.0027411128649022167,3.0127783060990416,3719961,fb47c8da1551968d0622974b615c036abb4ef78b42eb0e25d114d9079f2ae69d,audits/paper_extras/negwealth_7arms/bench7_seed202_det.json,audits/paper_extras/v4_runs/v2/bench2_seed202_det.json
202,det,free_market,7,49,445.0985385178265,873.2465728898276,0.5097054512849282,0,52,0.0,2.9426194814163864e-10,KHONG CO,KHONG CO,0.0,0.0,0.0,0.0,0.0,14796.221562367136,203.77843763286296,0.0,0.0029494878790743023,2.8334181142288353,3719961,fb47c8da1551968d0622974b615c036abb4ef78b42eb0e25d114d9079f2ae69d,audits/paper_extras/negwealth_7arms/bench7_seed202_det.json,audits/paper_extras/v4_runs/v2/bench2_seed202_det.json
202,det,free_market,8,50,457.9698046017162,845.2426232310954,0.5418205282301576,0,49,0.0,0.011478514516298555,KHONG CO,KHONG CO,0.0,0.0,0.0,0.0,0.0,14718.076070066147,281.9239299338535,0.0,0.0028257174137924796,2.9629345924020054,3719961,fb47c8da1551968d0622974b615c036abb4ef78b42eb0e25d114d9079f2ae69d,audits/paper_extras/negwealth_7arms/bench7_seed202_det.json,audits/paper_extras/v4_runs/v2/bench2_seed202_det.json
202,det,free_market,9,51,398.9754124142545,807.327345368342,0.4941928632830126,0,53,0.0,1.3109069385563998e-11,KHONG CO,KHONG CO,0.0,0.0,0.0,0.0,0.0,14706.546586361965,293.45341363803436,0.0,0.0029899409535079587,3.2289745001936714,3719961,fb47c8da1551968d0622974b615c036abb4ef78b42eb0e25d114d9079f2ae69d,audits/paper_extras/negwealth_7arms/bench7_seed202_det.json,audits/paper_extras/v4_runs/v2/bench2_seed202_det.json
202,det,us_federal,0,42,318.4508299692405,859.5924111271656,0.37046724220338634,0,44,0.5791666666666667,-0.3605137717946191,KHONG CO,KHONG CO,9580.151258197795,293.5382009346443,9861.55374965857,0.0,0.0,14799.126278834608,213.00943063925897,0.0,0.002610895111541151,3.0587007899257705,3719961,fb47c8da1551968d0622974b615c036abb4ef78b42eb0e25d114d9079f2ae69d,audits/paper_extras/negwealth_7arms/bench7_seed202_det.json,audits/paper_extras/v4_runs/v2/bench2_seed202_det.json
202,det,us_federal,1,43,404.91646088402246,924.2140693847846,0.4381197758150993,0,53,0.675,-0.3299793996447686,KHONG CO,KHONG CO,9628.718052108283,269.6086425515504,9884.817434452998,0.0,0.0,14755.745055577549,257.76420462929633,0.0,0.0029899409535079596,2.7988542906612666,3719961,fb47c8da1551968d0622974b615c036abb4ef78b42eb0e25d114d9079f2ae69d,audits/paper_extras/negwealth_7arms/bench7_seed202_det.json,audits/paper_extras/v4_runs/v2/bench2_seed202_det.json
202,det,us_federal,2,44,348.4411652621283,965.3862449551035,0.36093446232842585,0,78,0.7583333333333333,-0.47551126006631583,KHONG CO,KHONG CO,10232.88882322708,304.80188050027033,10518.884754455632,0.0,0.0,14767.490215160495,251.31573411121752,0.0,0.003891423976082281,2.9977214755564248,3719961,fb47c8da1551968d0622974b615c036abb4ef78b42eb0e25d114d9079f2ae69d,audits/paper_extras/negwealth_7arms/bench7_seed202_det.json,audits/paper_extras/v4_runs/v2/bench2_seed202_det.json
202,det,us_federal,3,45,378.8534626661998,858.7949152083835,0.4411454422436495,0,43,0.775,-0.7116780070692708,KHONG CO,KHONG CO,9915.398108015532,317.5809169311069,10220.890929652955,0.0,0.0,14718.343869998256,293.74422529543494,0.0,0.0025665688704063993,3.0390605480482242,3719961,fb47c8da1551968d0622974b615c036abb4ef78b42eb0e25d114d9079f2ae69d,audits/paper_extras/negwealth_7arms/bench7_seed202_det.json,audits/paper_extras/v4_runs/v2/bench2_seed202_det.json
202,det,us_federal,4,46,341.1555332463364,830.7555982377072,0.4106569175940964,0,51,0.7833333333333333,-0.9293922150219247,KHONG CO,KHONG CO,10382.796503630585,329.5863890041798,10700.090974639474,0.0,0.0,14618.411336663576,393.8805813317163,0.0,0.0029086382058716876,3.3386204983176406,3719961,fb47c8da1551968d0622974b615c036abb4ef78b42eb0e25d114d9079f2ae69d,audits/paper_extras/negwealth_7arms/bench7_seed202_det.json,audits/paper_extras/v4_runs/v2/bench2_seed202_det.json
202,det,us_federal,5,47,349.24967705766403,862.8244524942093,0.4047748948793358,0,47,0.8833333333333333,-0.8893265897020219,KHONG CO,KHONG CO,9912.412194563245,348.3014825686739,10248.02488137447,0.0,0.0,14670.104792786944,342.58400297050537,0.0,0.0027411128649022167,3.0644638167850284,3719961,fb47c8da1551968d0622974b615c036abb4ef78b42eb0e25d114d9079f2ae69d,audits/paper_extras/negwealth_7arms/bench7_seed202_det.json,audits/paper_extras/v4_runs/v2/bench2_seed202_det.json
202,det,us_federal,6,48,364.17807168504214,857.8299881130825,0.4245340880261168,0,51,0.7166666666666667,-0.472054101701432,KHONG CO,KHONG CO,10578.911580495263,331.2466706184516,10897.39726678483,0.0,0.0,14661.536352731438,351.2246315974473,0.0,0.0029086382058716876,3.340941653770426,3719961,fb47c8da1551968d0622974b615c036abb4ef78b42eb0e25d114d9079f2ae69d,audits/paper_extras/negwealth_7arms/bench7_seed202_det.json,audits/paper_extras/v4_runs/v2/bench2_seed202_det.json
202,det,us_federal,7,49,392.74647847353066,867.4067326358524,0.45278237267084975,0,45,0.475,-0.24918314723349708,KHONG CO,KHONG CO,10054.906114319372,313.0176570240812,10355.663731016537,0.0,0.0,14817.023187259176,195.23685306774928,0.0,0.002654754760663958,3.0908696666304794,3719961,fb47c8da1551968d0622974b615c036abb4ef78b42eb0e25d114d9079f2ae69d,audits/paper_extras/negwealth_7arms/bench7_seed202_det.json,audits/paper_extras/v4_runs/v2/bench2_seed202_det.json
202,det,us_federal,8,50,358.9414215983876,878.3717109063905,0.40864410492910397,0,52,0.6875,-0.8024597817962101,KHONG CO,KHONG CO,9895.385570274775,326.9500445671199,10209.241253911088,0.0,0.0,14723.727415286694,289.3669456441134,0.0,0.0029494878790743023,3.098953541893422,3719961,fb47c8da1551968d0622974b615c036abb4ef78b42eb0e25d114d9079f2ae69d,audits/paper_extras/negwealth_7arms/bench7_seed202_det.json,audits/paper_extras/v4_runs/v2/bench2_seed202_det.json
202,det,us_federal,9,51,284.6754165176844,806.7838698851665,0.3528521418731434,0,48,0.7416666666666667,-0.49433288316139146,KHONG CO,KHONG CO,10271.089259077886,338.31563399630437,10597.562245149067,0.0,0.0,14711.9726638551,299.86998407002466,0.0,0.0027836298717049375,3.4418888007004824,3719961,fb47c8da1551968d0622974b615c036abb4ef78b42eb0e25d114d9079f2ae69d,audits/paper_extras/negwealth_7arms/bench7_seed202_det.json,audits/paper_extras/v4_runs/v2/bench2_seed202_det.json
202,det,saez,0,42,138.35135661076927,649.9120239848448,0.21287705336252627,47,28,0.9458333333333333,-17.31037211848752,KHONG CO,KHONG CO,51870.54886400925,2510.0982676369326,54340.43449668947,0.0,0.0,10433.898330550928,4544.909891058184,0.0,0.003132218879354364,3.8672982982360065,3719961,fb47c8da1551968d0622974b615c036abb4ef78b42eb0e25d114d9079f2ae69d,audits/paper_extras/negwealth_7arms/bench7_seed202_det.json,audits/paper_extras/v4_runs/v2/bench2_seed202_det.json
202,det,saez,1,43,141.1929616692268,743.6699801292513,0.18985970315043132,38,22,0.9541666666666667,-16.035835271988432,KHONG CO,KHONG CO,50135.41084933871,2150.4581208837735,52246.07319442345,0.0,0.0,10365.264778637349,4637.024616635996,0.0,0.0022361139352432063,3.355583800785985,3719961,fb47c8da1551968d0622974b615c036abb4ef78b42eb0e25d114d9079f2ae69d,audits/paper_extras/negwealth_7arms/bench7_seed202_det.json,audits/paper_extras/v4_runs/v2/bench2_seed202_det.json
202,det,saez,2,44,151.4876028237707,745.2297482103978,0.20327637642962393,42,23,0.95,-15.940469956109938,KHONG CO,KHONG CO,49580.47241601647,2160.6406794088466,51659.461675072926,0.0,0.0,10880.928846665487,4161.017996781791,0.0,0.002509072459761925,3.4697703925212684,3719961,fb47c8da1551968d0622974b615c036abb4ef78b42eb0e25d114d9079f2ae69d,audits/paper_extras/negwealth_7arms/bench7_seed202_det.json,audits/paper_extras/v4_runs/v2/bench2_seed202_det.json
202,det,saez,3,45,112.06059665601585,656.982088615989,0.17056872416732827,48,28,0.9458333333333333,-17.23555056894274,KHONG CO,KHONG CO,47431.4482853459,2547.7846480903777,49891.406397917825,0.0,0.0,9344.16530197979,5695.097431682501,0.0,0.0032506556460642146,3.3952689843213,3719961,fb47c8da1551968d0622974b615c036abb4ef78b42eb0e25d114d9079f2ae69d,audits/paper_extras/negwealth_7arms/bench7_seed202_det.json,audits/paper_extras/v4_runs/v2/bench2_seed202_det.json
202,det,saez,4,46,119.97310926068364,617.3540848531445,0.1943343572258418,45,26,0.95,-18.33136493625632,KHONG CO,KHONG CO,49516.58138085292,2338.9115559941038,51822.583652427355,0.0,0.0,9324.610064184151,5651.361482229734,0.0,0.002935833155919783,3.8155800539568543,3719961,fb47c8da1551968d0622974b615c036abb4ef78b42eb0e25d114d9079f2ae69d,audits/paper_extras/negwealth_7arms/bench7_seed202_det.json,audits/paper_extras/v4_runs/v2/bench2_seed202_det.json
202,det,saez,5,47,132.96292669002707,685.0680698247088,0.1940871754890705,44,26,0.9541666666666667,-17.520095974637666,KHONG CO,KHONG CO,56037.69362455245,2858.408811351893,58858.46815251782,0.0,0.0,12808.813073815327,2168.9523465002476,0.0,0.0025398680345540847,4.016731505441754,3719961,fb47c8da1551968d0622974b615c036abb4ef78b42eb0e25d114d9079f2ae69d,audits/paper_extras/negwealth_7arms/bench7_seed202_det.json,audits/paper_extras/v4_runs/v2/bench2_seed202_det.json
202,det,saez,6,48,132.74532948588782,638.4222686642876,0.20792716044134663,41,22,0.95,-16.543128628084347,KHONG CO,KHONG CO,52341.277044605704,2378.016045726538,54683.76927427272,0.0,0.0,9370.088613310894,5612.763047369508,0.0,0.0024079796994626915,3.955938241531953,3719961,fb47c8da1551968d0622974b615c036abb4ef78b42eb0e25d114d9079f2ae69d,audits/paper_extras/negwealth_7arms/bench7_seed202_det.json,audits/paper_extras/v4_runs/v2/bench2_seed202_det.json
202,det,saez,7,49,131.24938437015504,659.0822075903249,0.19913962607186264,38,19,0.9458333333333333,-16.560106632194316,KHONG CO,KHONG CO,46646.209577824106,2258.343952825808,48865.37232354771,0.0,0.0,7469.0735123482345,7534.255100893376,0.0,0.0021786542316187293,3.401124440172915,3719961,fb47c8da1551968d0622974b615c036abb4ef78b42eb0e25d114d9079f2ae69d,audits/paper_extras/negwealth_7arms/bench7_seed202_det.json,audits/paper_extras/v4_runs/v2/bench2_seed202_det.json
202,det,saez,8,50,129.4745889480279,633.4767246261033,0.20438728672225115,45,26,0.9541666666666667,-15.911027558409241,KHONG CO,KHONG CO,49371.273657002595,2497.2046035666795,51835.73728041087,0.0,0.0,9918.9469336724,5056.82699686486,0.0,0.002986504617494941,3.7920303172180194,3719961,fb47c8da1551968d0622974b615c036abb4ef78b42eb0e25d114d9079f2ae69d,audits/paper_extras/negwealth_7arms/bench7_seed202_det.json,audits/paper_extras/v4_runs/v2/bench2_seed202_det.json
202,det,saez,9,51,105.1620340034143,500.84001093443084,0.20997131161148774,52,32,0.9541666666666667,-16.76334840607178,KHONG CO,KHONG CO,41821.15488795727,2164.3657601801156,43946.9946988455,0.0,0.0,4033.6491918150964,10957.764513166041,0.0,0.004707233317228928,3.478003957137452,3719961,fb47c8da1551968d0622974b615c036abb4ef78b42eb0e25d114d9079f2ae69d,audits/paper_extras/negwealth_7arms/bench7_seed202_det.json,audits/paper_extras/v4_runs/v2/bench2_seed202_det.json
202,det,free_market+rl_aux,0,42,299.9956024430525,865.2984249439033,0.3466961152304201,0,47,0.0,0.0,KHONG CO,KHONG CO,0.0,0.0,0.0,91.18358373641968,0.0,14811.456964198003,97.35945206557494,0.0,0.0027411128649022167,2.7402349613554606,3719961,fb47c8da1551968d0622974b615c036abb4ef78b42eb0e25d114d9079f2ae69d,audits/paper_extras/negwealth_7arms/bench7_seed202_det.json,audits/paper_extras/v4_runs/v2/bench2_seed202_det.json
202,det,free_market+rl_aux,1,43,497.65533656174307,899.1762019706657,0.5534569703591625,0,50,0.0,3.713473972766224e-12,KHONG CO,KHONG CO,0.0,0.0,0.0,91.18358373641968,0.0,14728.77735278754,180.03906347603765,0.0,0.002867384080459147,2.687074713493435,3719961,fb47c8da1551968d0622974b615c036abb4ef78b42eb0e25d114d9079f2ae69d,audits/paper_extras/negwealth_7arms/bench7_seed202_det.json,audits/paper_extras/v4_runs/v2/bench2_seed202_det.json
202,det,free_market+rl_aux,2,44,362.39712227012245,915.8109079803871,0.3957117338439514,0,65,0.0,1.971312002524428e-12,KHONG CO,KHONG CO,0.0,0.0,0.0,91.18358373641962,0.0,14727.880389819251,180.93602644432724,0.0,0.003447016582803047,2.7719332864259143,3719961,fb47c8da1551968d0622974b615c036abb4ef78b42eb0e25d114d9079f2ae69d,audits/paper_extras/negwealth_7arms/bench7_seed202_det.json,audits/paper_extras/v4_runs/v2/bench2_seed202_det.json
202,det,free_market+rl_aux,3,45,462.8431640170338,892.7450297483222,0.5184494436754423,0,51,0.0,0.0,KHONG CO,KHONG CO,0.0,0.0,0.0,91.18358373641968,0.0,14706.445252445583,202.3711638180007,0.0,0.0029086382058716876,2.8102839750576125,3719961,fb47c8da1551968d0622974b615c036abb4ef78b42eb0e25d114d9079f2ae69d,audits/paper_extras/negwealth_7arms/bench7_seed202_det.json,audits/paper_extras/v4_runs/v2/bench2_seed202_det.json
202,det,free_market+rl_aux,4,46,396.75312768673365,811.024104196404,0.48920016758300044,0,46,0.0,0.0,KHONG CO,KHONG CO,0.0,0.0,0.0,91.18358373641968,0.0,14595.096141743534,313.7202745200513,0.0,0.0026981575384417357,3.1328018630969283,3719961,fb47c8da1551968d0622974b615c036abb4ef78b42eb0e25d114d9079f2ae69d,audits/paper_extras/negwealth_7arms/bench7_seed202_det.json,audits/paper_extras/v4_runs/v2/bench2_seed202_det.json
202,det,free_market+rl_aux,5,47,473.4139831981043,868.8790032717989,0.5448560517810246,0,51,0.0,5.730971253115058e-13,KHONG CO,KHONG CO,0.0,0.0,0.0,91.18358373641968,0.0,14647.079942857521,261.7364734060606,0.0,0.0029086382058716876,2.9026448667878735,3719961,fb47c8da1551968d0622974b615c036abb4ef78b42eb0e25d114d9079f2ae69d,audits/paper_extras/negwealth_7arms/bench7_seed202_det.json,audits/paper_extras/v4_runs/v2/bench2_seed202_det.json
202,det,free_market+rl_aux,6,48,385.4517171388013,838.8364127377847,0.459507612313548,0,47,0.0,0.0,KHONG CO,KHONG CO,0.0,0.0,0.0,91.18358373641965,0.0,14683.282562473052,225.5338537905253,0.0,0.0027411128649022167,3.016588940505072,3719961,fb47c8da1551968d0622974b615c036abb4ef78b42eb0e25d114d9079f2ae69d,audits/paper_extras/negwealth_7arms/bench7_seed202_det.json,audits/paper_extras/v4_runs/v2/bench2_seed202_det.json
202,det,free_market+rl_aux,7,49,445.3411707272847,874.5545159029825,0.509220594747564,0,52,0.0,2.946511923340722e-10,KHONG CO,KHONG CO,0.0,0.0,0.0,91.18358373641968,0.0,14796.088210546404,112.72820571717205,0.0,0.0029494878790743023,2.836684948694967,3719961,fb47c8da1551968d0622974b615c036abb4ef78b42eb0e25d114d9079f2ae69d,audits/paper_extras/negwealth_7arms/bench7_seed202_det.json,audits/paper_extras/v4_runs/v2/bench2_seed202_det.json
202,det,free_market+rl_aux,8,50,463.0314902094167,843.5842483053239,0.5488858891564186,0,48,0.0,0.05966412892622053,KHONG CO,KHONG CO,0.0,0.0,0.0,91.18358373641968,0.0,14717.962398583188,190.85401768039338,0.0,0.002783629871704938,2.9660827814225104,3719961,fb47c8da1551968d0622974b615c036abb4ef78b42eb0e25d114d9079f2ae69d,audits/paper_extras/negwealth_7arms/bench7_seed202_det.json,audits/paper_extras/v4_runs/v2/bench2_seed202_det.json
202,det,free_market+rl_aux,9,51,397.40064494690625,808.5881781925893,0.4914747156397994,0,53,0.0,1.539923744076077e-11,KHONG CO,KHONG CO,0.0,0.0,0.0,91.18358373641979,0.0,14706.5051388644,202.31127739917906,0.0,0.0029899409535079587,3.2326364229706455,3719961,fb47c8da1551968d0622974b615c036abb4ef78b42eb0e25d114d9079f2ae69d,audits/paper_extras/negwealth_7arms/bench7_seed202_det.json,audits/paper_extras/v4_runs/v2/bench2_seed202_det.json
202,det,us_federal+rl_aux,0,42,318.24733001792146,859.5043685349507,0.3702684263959972,0,44,0.5791666666666667,-0.3583854285314193,KHONG CO,KHONG CO,9540.69903589919,291.7929621038635,9582.47407332545,91.18358373641969,0.0,14799.593743732636,359.2405972085539,0.0,0.002610895111541151,3.046963786273699,3719961,fb47c8da1551968d0622974b615c036abb4ef78b42eb0e25d114d9079f2ae69d,audits/paper_extras/negwealth_7arms/bench7_seed202_det.json,audits/paper_extras/v4_runs/v2/bench2_seed202_det.json
202,det,us_federal+rl_aux,1,43,404.58999235411073,924.0470954048152,0.4378456405156105,0,53,0.675,-0.3285497323714065,KHONG CO,KHONG CO,9590.737088813552,268.9301351395117,9607.652427180994,91.18358373641969,0.0,14755.501415494251,405.32979754139126,0.0,0.0029899409535079596,2.7888650487421605,3719961,fb47c8da1551968d0622974b615c036abb4ef78b42eb0e25d114d9079f2ae69d,audits/paper_extras/negwealth_7arms/bench7_seed202_det.json,audits/paper_extras/v4_runs/v2/bench2_seed202_det.json
202,det,us_federal+rl_aux,2,44,340.7561309714938,964.2824822517199,0.35337791284539954,0,83,0.7583333333333333,-0.4687120526552231,KHONG CO,KHONG CO,10223.353610814818,304.90391115705637,10254.445932490427,91.18358373641968,0.0,14759.063165746786,423.56483999823496,0.0,0.004050475592879373,2.989573294372962,3719961,fb47c8da1551968d0622974b615c036abb4ef78b42eb0e25d114d9079f2ae69d,audits/paper_extras/negwealth_7arms/bench7_seed202_det.json,audits/paper_extras/v4_runs/v2/bench2_seed202_det.json
202,det,us_federal+rl_aux,3,45,376.27022058829675,895.4933110243007,0.4201820560311098,0,53,0.775,-0.7088789972199749,KHONG CO,KHONG CO,10131.793670956427,320.3392592245234,10186.213298400748,91.18358373641968,0.0,14717.261019324602,457.475028719183,0.0,0.0029899409535079587,3.0435759192158502,3719961,fb47c8da1551968d0622974b615c036abb4ef78b42eb0e25d114d9079f2ae69d,audits/paper_extras/negwealth_7arms/bench7_seed202_det.json,audits/paper_extras/v4_runs/v2/bench2_seed202_det.json
202,det,us_federal+rl_aux,4,46,334.9801277251553,825.8394867723473,0.4056237720411844,0,48,0.7833333333333333,-0.9345584417078022,KHONG CO,KHONG CO,10432.878973909425,330.19012616401665,10490.682916116535,91.18358373641968,0.0,15112.936599718709,68.26600050178513,0.0,0.002783629871704938,3.357080831562111,3719961,fb47c8da1551968d0622974b615c036abb4ef78b42eb0e25d114d9079f2ae69d,audits/paper_extras/negwealth_7arms/bench7_seed202_det.json,audits/paper_extras/v4_runs/v2/bench2_seed202_det.json
202,det,us_federal+rl_aux,5,47,341.33318545730765,866.0321844432576,0.39413452708658747,0,45,0.8833333333333333,-0.8652531404329751,KHONG CO,KHONG CO,9945.862354642119,347.68038978641033,10019.810280906091,91.18358373641968,0.0,15169.628356821708,12.920522964305857,0.0,0.0026547547606639577,3.0684748033115663,3719961,fb47c8da1551968d0622974b615c036abb4ef78b42eb0e25d114d9079f2ae69d,audits/paper_extras/negwealth_7arms/bench7_seed202_det.json,audits/paper_extras/v4_runs/v2/bench2_seed202_det.json
202,det,us_federal+rl_aux,6,48,354.22633154526625,871.040370472724,0.4066703950277567,0,55,0.7166666666666667,-0.46925823264677613,KHONG CO,KHONG CO,10683.98731105821,330.55571417092665,10726.707910217461,91.18358373641968,0.0,15170.207997519961,26.443533755276157,0.0,0.0030696875957546012,3.3538500310618926,3719961,fb47c8da1551968d0622974b615c036abb4ef78b42eb0e25d114d9079f2ae69d,audits/paper_extras/negwealth_7arms/bench7_seed202_det.json,audits/paper_extras/v4_runs/v2/bench2_seed202_det.json
202,det,us_federal+rl_aux,7,49,392.5297425626555,867.0370803632042,0.45272543868391846,0,45,0.475,-0.24471375918945948,KHONG CO,KHONG CO,10010.993438961426,311.8916802442162,10060.87302920746,91.18358373641968,0.0,14815.13944200537,355.68906425639375,0.0,0.002654754760663958,3.0792468951194354,3719961,fb47c8da1551968d0622974b615c036abb4ef78b42eb0e25d114d9079f2ae69d,audits/paper_extras/negwealth_7arms/bench7_seed202_det.json,audits/paper_extras/v4_runs/v2/bench2_seed202_det.json
202,det,us_federal+rl_aux,8,50,349.9258122846749,868.1645579631147,0.4030639227033984,0,50,0.6916666666666667,-0.7955664710909218,KHONG CO,KHONG CO,9813.259023475352,325.6170561365441,9880.761487349551,91.18358373641968,0.0,14721.296612413118,445.63439611279136,0.0,0.002867384080459147,3.0856983267927283,3719961,fb47c8da1551968d0622974b615c036abb4ef78b42eb0e25d114d9079f2ae69d,audits/paper_extras/negwealth_7arms/bench7_seed202_det.json,audits/paper_extras/v4_runs/v2/bench2_seed202_det.json
202,det,us_federal+rl_aux,9,51,305.7945885429411,801.2991907835034,0.38162348353795017,0,47,0.7416666666666667,-0.4102402984023826,KHONG CO,KHONG CO,10361.860983792058,332.1513024037379,10423.56929073171,91.18358373641968,0.0,14716.74609350252,462.51331822514953,0.0,0.002741112864902217,3.4679688133067077,3719961,fb47c8da1551968d0622974b615c036abb4ef78b42eb0e25d114d9079f2ae69d,audits/paper_extras/negwealth_7arms/bench7_seed202_det.json,audits/paper_extras/v4_runs/v2/bench2_seed202_det.json
202,det,saez+rl_aux,0,42,110.65177648174415,582.1729629575431,0.19006684185334421,30,14,0.9458333333333333,-16.734166436118503,KHONG CO,KHONG CO,46399.2840167727,2396.661878381224,47584.961815497234,91.18358373641962,0.0,6901.662083029242,9173.921949890073,0.0,0.0012403369209323502,3.504132488519347,3719961,fb47c8da1551968d0622974b615c036abb4ef78b42eb0e25d114d9079f2ae69d,audits/paper_extras/negwealth_7arms/bench7_seed202_det.json,audits/paper_extras/v4_runs/v2/bench2_seed202_det.json
202,det,saez+rl_aux,1,43,117.03381130727215,668.3403098190414,0.17511110670394847,32,14,0.9541666666666667,-15.96776060856396,KHONG CO,KHONG CO,44290.171525952675,1985.7550340937703,45124.86842213388,91.18358373641968,0.0,6873.728858980268,9156.863301436793,0.0,0.001261889679743105,3.046160166405173,3719961,fb47c8da1551968d0622974b615c036abb4ef78b42eb0e25d114d9079f2ae69d,audits/paper_extras/negwealth_7arms/bench7_seed202_det.json,audits/paper_extras/v4_runs/v2/bench2_seed202_det.json
202,det,saez+rl_aux,2,44,109.88419551421383,660.5491540269759,0.16635279122577806,48,28,0.95,-15.656533689314664,KHONG CO,KHONG CO,46375.13096541713,2173.916518809337,47295.893490733346,91.18358373641968,0.0,9425.049862487593,6687.430297584813,0.0,0.003230654926060986,3.356922367118093,3719961,fb47c8da1551968d0622974b615c036abb4ef78b42eb0e25d114d9079f2ae69d,audits/paper_extras/negwealth_7arms/bench7_seed202_det.json,audits/paper_extras/v4_runs/v2/bench2_seed202_det.json
202,det,saez+rl_aux,3,45,96.53556321311868,554.027105045223,0.1742433941119882,29,10,0.9458333333333333,-17.231946532387724,KHONG CO,KHONG CO,43038.66790940244,2438.5723398881855,44347.895217563295,91.18358373641968,0.0,4827.649859893881,11177.689755665999,0.0,0.0008712632693792731,3.1816906894948795,3719961,fb47c8da1551968d0622974b615c036abb4ef78b42eb0e25d114d9079f2ae69d,audits/paper_extras/negwealth_7arms/bench7_seed202_det.json,audits/paper_extras/v4_runs/v2/bench2_seed202_det.json
202,det,saez+rl_aux,4,46,181.34270189676062,523.5261539455545,0.34638709170510673,40,20,0.95,-18.360509533029987,KHONG CO,KHONG CO,43023.44048058099,2137.9564617597866,44042.69206356811,91.18358373641968,0.0,5343.7286479339655,10641.44999682631,0.0,0.0022920509915192,3.404202809677774,3719961,fb47c8da1551968d0622974b615c036abb4ef78b42eb0e25d114d9079f2ae69d,audits/paper_extras/negwealth_7arms/bench7_seed202_det.json,audits/paper_extras/v4_runs/v2/bench2_seed202_det.json
202,det,saez+rl_aux,5,47,118.26674765842388,651.3700118137906,0.18156615366602602,41,21,0.9541666666666667,-17.805074457840924,KHONG CO,KHONG CO,51244.7988556595,2735.7839684445194,52645.21482323172,91.18358373641968,0.0,10308.47544362133,5884.261089877333,0.0,0.0018785982321290469,3.6773640388232596,3719961,fb47c8da1551968d0622974b615c036abb4ef78b42eb0e25d114d9079f2ae69d,audits/paper_extras/negwealth_7arms/bench7_seed202_det.json,audits/paper_extras/v4_runs/v2/bench2_seed202_det.json
202,det,saez+rl_aux,6,48,101.01256316043558,558.1362067529436,0.18098192150639014,40,20,0.95,-16.518945771361285,KHONG CO,KHONG CO,45049.68250762296,2147.8029136104387,46027.13355572989,91.18358373641968,0.0,5411.511248760792,10625.94654192324,0.0,0.0023866574017395318,3.4832359151658436,3719961,fb47c8da1551968d0622974b615c036abb4ef78b42eb0e25d114d9079f2ae69d,audits/paper_extras/negwealth_7arms/bench7_seed202_det.json,audits/paper_extras/v4_runs/v2/bench2_seed202_det.json
202,det,saez+rl_aux,7,49,126.5466091049546,723.5241030855727,0.17490310076095372,42,24,0.9458333333333333,-16.194305190974266,KHONG CO,KHONG CO,50658.57687705589,2303.0050203573132,51579.68557076635,91.18358373641968,0.0,10944.909738672093,5302.3612421926255,0.0,0.0024651643320543703,3.578813132225088,3719961,fb47c8da1551968d0622974b615c036abb4ef78b42eb0e25d114d9079f2ae69d,audits/paper_extras/negwealth_7arms/bench7_seed202_det.json,audits/paper_extras/v4_runs/v2/bench2_seed202_det.json
202,det,saez+rl_aux,8,50,105.86173916781667,606.2660479445597,0.17461267957643778,44,25,0.9541666666666667,-15.577670306867638,KHONG CO,KHONG CO,46388.06573324952,2457.272163318027,47631.06965564197,91.18358373641968,0.0,8924.746017917487,7140.97074079684,0.0,0.0027889962365861085,3.5402714111311053,3719961,fb47c8da1551968d0622974b615c036abb4ef78b42eb0e25d114d9079f2ae69d,audits/paper_extras/negwealth_7arms/bench7_seed202_det.json,audits/paper_extras/v4_runs/v2/bench2_seed202_det.json
202,det,saez+rl_aux,9,51,113.18601071437327,572.4899070653333,0.1977083077229802,62,42,0.95,-16.753206810366297,KHONG CO,KHONG CO,46617.72636017777,2208.9033620115897,47616.77737382173,91.18358373641968,0.0,8052.660044456231,8002.455116990229,0.0,0.005467299451467275,3.8565640225950975,3719961,fb47c8da1551968d0622974b615c036abb4ef78b42eb0e25d114d9079f2ae69d,audits/paper_extras/negwealth_7arms/bench7_seed202_det.json,audits/paper_extras/v4_runs/v2/bench2_seed202_det.json
202,exp,rl_learned,0,42,442.3268754417697,898.7325029711436,0.49216744023329473,0,,0.04583333333333333,,KHONG CO,KHONG CO,18080.05651445167,1017.7379589202446,18782.185483569618,102.48453846573828,2.1842117339991405,15221.009814719297,,,0.005269780912836504,,3719961,fb47c8da1551968d0622974b615c036abb4ef78b42eb0e25d114d9079f2ae69d,audits/paper_extras/negwealth_7arms/bench7_seed202_exp.json,KHONG CO (che do lay mau v1)
202,exp,rl_learned,1,43,459.7295342689803,942.6574741166194,0.48769520943946343,0,,0.0125,,KHONG CO,KHONG CO,17774.77617202067,854.9055898563007,18357.926390555396,83.62802168726921,0.0,14782.836777193643,,,0.002989940953507959,,3719961,fb47c8da1551968d0622974b615c036abb4ef78b42eb0e25d114d9079f2ae69d,audits/paper_extras/negwealth_7arms/bench7_seed202_exp.json,KHONG CO (che do lay mau v1)
202,exp,rl_learned,2,44,397.3374806655818,922.4055707436543,0.4307622300516286,0,,0.025,,KHONG CO,KHONG CO,17754.147431511145,1496.3585781932031,19135.98574424377,86.04098144173624,10.326749385876102,14791.6144481087,,,0.0051791457872296205,,3719961,fb47c8da1551968d0622974b615c036abb4ef78b42eb0e25d114d9079f2ae69d,audits/paper_extras/negwealth_7arms/bench7_seed202_exp.json,KHONG CO (che do lay mau v1)
202,exp,rl_learned,3,45,430.842402629689,943.2167939472877,0.4567798255867006,0,,0.0,,KHONG CO,KHONG CO,18447.101905779316,1458.0747789844313,19626.79552744816,90.99260030686855,0.0,15117.406584502573,,,0.0034470165828030474,,3719961,fb47c8da1551968d0622974b615c036abb4ef78b42eb0e25d114d9079f2ae69d,audits/paper_extras/negwealth_7arms/bench7_seed202_exp.json,KHONG CO (che do lay mau v1)
202,exp,rl_learned,4,46,343.6348712420789,849.9587605818706,0.40429593431901445,0,,0.0,,KHONG CO,KHONG CO,17466.96813126162,824.8263132801,18051.922555645688,77.3912765085697,8.970994766372126,14771.761957568347,,,0.004012250250338165,,3719961,fb47c8da1551968d0622974b615c036abb4ef78b42eb0e25d114d9079f2ae69d,audits/paper_extras/negwealth_7arms/bench7_seed202_exp.json,KHONG CO (che do lay mau v1)
202,exp,rl_learned,5,47,447.7971327901123,886.8890772781517,0.5049077097266712,0,,0.0375,,KHONG CO,KHONG CO,16100.155714233544,924.0368794850532,16898.44907740091,80.91088324785233,9.273375477436467,14795.861010412382,,,0.003456019591586451,,3719961,fb47c8da1551968d0622974b615c036abb4ef78b42eb0e25d114d9079f2ae69d,audits/paper_extras/negwealth_7arms/bench7_seed202_exp.json,KHONG CO (che do lay mau v1)
202,exp,rl_learned,6,48,427.96539647291775,878.4203767068531,0.4871988490036344,0,,0.0,,KHONG CO,KHONG CO,17678.97716327722,937.776516594646,18436.45160643265,82.43619494140151,0.0,14792.663536432106,,,0.002949487879074302,,3719961,fb47c8da1551968d0622974b615c036abb4ef78b42eb0e25d114d9079f2ae69d,audits/paper_extras/negwealth_7arms/bench7_seed202_exp.json,KHONG CO (che do lay mau v1)
202,exp,rl_learned,7,49,481.11901823230977,905.6360531297346,0.5312498509413784,0,,0.020833333333333332,,KHONG CO,KHONG CO,19062.70086721964,1030.5472267206444,19765.36001171934,93.65897445380688,1.607174679967211,14803.585249860806,,,0.003160125865578602,,3719961,fb47c8da1551968d0622974b615c036abb4ef78b42eb0e25d114d9079f2ae69d,audits/paper_extras/negwealth_7arms/bench7_seed202_exp.json,KHONG CO (che do lay mau v1)
202,exp,rl_learned,8,50,419.8507954481796,884.8372131605017,0.47449495704247957,0,,0.008333333333333333,,KHONG CO,KHONG CO,17089.010853716878,950.7688385923426,17722.26171764701,102.65275481343271,0.0,15219.622347699138,,,0.0028257174137924796,,3719961,fb47c8da1551968d0622974b615c036abb4ef78b42eb0e25d114d9079f2ae69d,audits/paper_extras/negwealth_7arms/bench7_seed202_exp.json,KHONG CO (che do lay mau v1)
202,exp,rl_learned,9,51,401.32338041816155,822.9032834700532,0.48769203924651294,0,,0.075,,KHONG CO,KHONG CO,16563.96071341865,1224.352406914383,17607.7438322532,85.51848873496056,0.0,14784.730598600157,,,0.002741112864902217,,3719961,fb47c8da1551968d0622974b615c036abb4ef78b42eb0e25d114d9079f2ae69d,audits/paper_extras/negwealth_7arms/bench7_seed202_exp.json,KHONG CO (che do lay mau v1)
202,exp,free_market,0,42,437.87307578953914,857.0282598525631,0.5109202301740524,0,,0.0,,KHONG CO,KHONG CO,0.0,0.0,0.0,0.0,0.0,14758.680641729601,,,0.005001429602068657,,3719961,fb47c8da1551968d0622974b615c036abb4ef78b42eb0e25d114d9079f2ae69d,audits/paper_extras/negwealth_7arms/bench7_seed202_exp.json,KHONG CO (che do lay mau v1)
202,exp,free_market,1,43,487.1822784162986,945.8950051889788,0.5150490019967546,0,,0.0,,KHONG CO,KHONG CO,0.0,0.0,0.0,0.0,0.0,14773.500972655498,,,0.003802764836228782,,3719961,fb47c8da1551968d0622974b615c036abb4ef78b42eb0e25d114d9079f2ae69d,audits/paper_extras/negwealth_7arms/bench7_seed202_exp.json,KHONG CO (che do lay mau v1)
202,exp,free_market,2,44,387.79140181485934,946.3895406225747,0.40975875701220654,0,,0.0,,KHONG CO,KHONG CO,0.0,0.0,0.0,0.0,0.0,14714.43109162985,,,0.004313913151523236,,3719961,fb47c8da1551968d0622974b615c036abb4ef78b42eb0e25d114d9079f2ae69d,audits/paper_extras/negwealth_7arms/bench7_seed202_exp.json,KHONG CO (che do lay mau v1)
202,exp,free_market,3,45,395.0163244503573,900.9228103370662,0.438457457085106,0,,0.008333333333333333,,KHONG CO,KHONG CO,0.0,0.0,0.0,0.0,0.0,14715.775834470563,,,0.004436024602652151,,3719961,fb47c8da1551968d0622974b615c036abb4ef78b42eb0e25d114d9079f2ae69d,audits/paper_extras/negwealth_7arms/bench7_seed202_exp.json,KHONG CO (che do lay mau v1)
202,exp,free_market,4,46,385.78876134969977,813.2486436292946,0.4743798398827148,0,,0.0,,KHONG CO,KHONG CO,0.0,0.0,0.0,0.0,0.0,14839.170108030852,,,0.004826308969507293,,3719961,fb47c8da1551968d0622974b615c036abb4ef78b42eb0e25d114d9079f2ae69d,audits/paper_extras/negwealth_7arms/bench7_seed202_exp.json,KHONG CO (che do lay mau v1)
202,exp,free_market,5,47,425.9871435954356,880.6134394332477,0.4837390897299908,0,,0.0,,KHONG CO,KHONG CO,0.0,0.0,0.0,0.0,0.0,14808.161344018377,,,0.004810202513542926,,3719961,fb47c8da1551968d0622974b615c036abb4ef78b42eb0e25d114d9079f2ae69d,audits/paper_extras/negwealth_7arms/bench7_seed202_exp.json,KHONG CO (che do lay mau v1)
202,exp,free_market,6,48,393.92576188949533,839.0471254791048,0.4694918198600103,0,,0.0,,KHONG CO,KHONG CO,0.0,0.0,0.0,0.0,0.0,14701.975508797255,,,0.003969862745129068,,3719961,fb47c8da1551968d0622974b615c036abb4ef78b42eb0e25d114d9079f2ae69d,audits/paper_extras/negwealth_7arms/bench7_seed202_exp.json,KHONG CO (che do lay mau v1)
202,exp,free_market,7,49,445.49422417093524,878.0797068789255,0.5073505522117281,0,,0.0,,KHONG CO,KHONG CO,0.0,0.0,0.0,0.0,0.0,14819.860821352911,,,0.0031321853162195137,,3719961,fb47c8da1551968d0622974b615c036abb4ef78b42eb0e25d114d9079f2ae69d,audits/paper_extras/negwealth_7arms/bench7_seed202_exp.json,KHONG CO (che do lay mau v1)
202,exp,free_market,8,50,419.45657787130216,847.9984884768481,0.4946430725657527,0,,0.0,,KHONG CO,KHONG CO,0.0,0.0,0.0,0.0,0.0,14782.671354518698,,,0.004252465615433788,,3719961,fb47c8da1551968d0622974b615c036abb4ef78b42eb0e25d114d9079f2ae69d,audits/paper_extras/negwealth_7arms/bench7_seed202_exp.json,KHONG CO (che do lay mau v1)
202,exp,free_market,9,51,333.0370515192033,830.5425216124238,0.4009873580857025,0,,0.05,,KHONG CO,KHONG CO,0.0,0.0,0.0,0.0,0.0,14714.42552137717,,,0.0032664553194461836,,3719961,fb47c8da1551968d0622974b615c036abb4ef78b42eb0e25d114d9079f2ae69d,audits/paper_extras/negwealth_7arms/bench7_seed202_exp.json,KHONG CO (che do lay mau v1)
202,exp,us_federal,0,42,358.40232962059355,859.6793350787661,0.4169023436951125,0,,0.7375,,KHONG CO,KHONG CO,9876.05784255702,415.02118613911983,10279.056891650873,0.0,0.0,14810.100246062684,,,0.004865575370607069,,3719961,fb47c8da1551968d0622974b615c036abb4ef78b42eb0e25d114d9079f2ae69d,audits/paper_extras/negwealth_7arms/bench7_seed202_exp.json,KHONG CO (che do lay mau v1)
202,exp,us_federal,1,43,376.40322901343745,916.1165820576346,0.41086826325970516,0,,0.7041666666666667,,KHONG CO,KHONG CO,9292.593894469712,379.91265540322604,9659.923094568896,0.0,1.650000024586916,14820.284763175034,,,0.003859968794026003,,3719961,fb47c8da1551968d0622974b615c036abb4ef78b42eb0e25d114d9079f2ae69d,audits/paper_extras/negwealth_7arms/bench7_seed202_exp.json,KHONG CO (che do lay mau v1)
202,exp,us_federal,2,44,322.0735984041576,925.1402897602217,0.34813487421203204,0,,0.75,,KHONG CO,KHONG CO,9729.940208808954,395.93389582625684,10109.484329001494,0.0,1.8764597230749112,14768.104383949296,,,0.00406082476284764,,3719961,fb47c8da1551968d0622974b615c036abb4ef78b42eb0e25d114d9079f2ae69d,audits/paper_extras/negwealth_7arms/bench7_seed202_exp.json,KHONG CO (che do lay mau v1)
202,exp,us_federal,3,45,333.05096752246493,917.6198753670493,0.36295090860934554,0,,0.7083333333333334,,KHONG CO,KHONG CO,9571.647470394868,440.5513606636798,9998.812730784422,0.0,1.650000024586916,14762.686103275772,,,0.0032539557194240106,,3719961,fb47c8da1551968d0622974b615c036abb4ef78b42eb0e25d114d9079f2ae69d,audits/paper_extras/negwealth_7arms/bench7_seed202_exp.json,KHONG CO (che do lay mau v1)
202,exp,us_federal,4,46,330.1903393791085,810.8520555719113,0.40721403751787766,0,,0.9083333333333333,,KHONG CO,KHONG CO,10133.378322766583,506.86660036630656,10628.665527527615,0.0,34.79475135867927,14645.12299822084,,,0.006271364785422939,,3719961,fb47c8da1551968d0622974b615c036abb4ef78b42eb0e25d114d9079f2ae69d,audits/paper_extras/negwealth_7arms/bench7_seed202_exp.json,KHONG CO (che do lay mau v1)
202,exp,us_federal,5,47,339.94898487756626,860.5708154249702,0.3950273223124484,0,,0.775,,KHONG CO,KHONG CO,9649.119165930699,433.9796625175677,10071.095270418444,0.0,6.369722117597467,14774.546374904301,,,0.0036334779786481044,,3719961,fb47c8da1551968d0622974b615c036abb4ef78b42eb0e25d114d9079f2ae69d,audits/paper_extras/negwealth_7arms/bench7_seed202_exp.json,KHONG CO (che do lay mau v1)
202,exp,us_federal,6,48,334.66118876029503,825.3994148956099,0.4054536297467819,0,,0.7583333333333333,,KHONG CO,KHONG CO,9804.001309928852,477.00208598881335,10269.437381748101,0.0,1.650000024586916,14751.067655272509,,,0.0030541575228886686,,3719961,fb47c8da1551968d0622974b615c036abb4ef78b42eb0e25d114d9079f2ae69d,audits/paper_extras/negwealth_7arms/bench7_seed202_exp.json,KHONG CO (che do lay mau v1)
202,exp,us_federal,7,49,401.2505295718179,879.937767591166,0.4559987584920274,0,,0.5,,KHONG CO,KHONG CO,9844.298740484224,471.9633324430797,10304.142562770601,0.0,0.0,14738.511905093199,,,0.0026981575384417357,,3719961,fb47c8da1551968d0622974b615c036abb4ef78b42eb0e25d114d9079f2ae69d,audits/paper_extras/negwealth_7arms/bench7_seed202_exp.json,KHONG CO (che do lay mau v1)
202,exp,us_federal,8,50,299.7277459567743,859.1611406184388,0.34886092001440516,0,,0.6333333333333333,,KHONG CO,KHONG CO,9473.183403092824,451.1409466046714,9912.197495328319,0.0,0.0,14724.38475760565,,,0.002783629871704938,,3719961,fb47c8da1551968d0622974b615c036abb4ef78b42eb0e25d114d9079f2ae69d,audits/paper_extras/negwealth_7arms/bench7_seed202_exp.json,KHONG CO (che do lay mau v1)
202,exp,us_federal,9,51,281.5632489602115,791.1478205942343,0.3558920869537734,0,,0.7458333333333333,,KHONG CO,KHONG CO,9839.66103538958,521.201297218639,10349.776945784884,0.0,5.140362298546701,14805.434478312558,,,0.0037377662823598083,,3719961,fb47c8da1551968d0622974b615c036abb4ef78b42eb0e25d114d9079f2ae69d,audits/paper_extras/negwealth_7arms/bench7_seed202_exp.json,KHONG CO (che do lay mau v1)
202,exp,saez,0,42,144.83901013129886,679.903241418051,0.21302885661967585,40,,0.95,,KHONG CO,KHONG CO,47006.05645910704,2976.825196213803,49876.1201684373,0.0,63.56888306176625,11406.649472636684,,,0.0049213178086575105,,3719961,fb47c8da1551968d0622974b615c036abb4ef78b42eb0e25d114d9079f2ae69d,audits/paper_extras/negwealth_7arms/bench7_seed202_exp.json,KHONG CO (che do lay mau v1)
202,exp,saez,1,43,156.35138697934173,830.987535483728,0.18815130227955545,34,,0.95,,KHONG CO,KHONG CO,52988.5910359157,3379.678718494805,56275.44182536154,0.0,17.141952663723647,13398.402047390033,,,0.0038263698571841987,,3719961,fb47c8da1551968d0622974b615c036abb4ef78b42eb0e25d114d9079f2ae69d,audits/paper_extras/negwealth_7arms/bench7_seed202_exp.json,KHONG CO (che do lay mau v1)
202,exp,saez,2,44,151.83327986683122,693.4072014108234,0.2189669786496412,40,,0.95,,KHONG CO,KHONG CO,47682.1571592061,3458.704648975436,51099.10961217662,0.0,104.84213964137489,9849.251581964132,,,0.004994969449946703,,3719961,fb47c8da1551968d0622974b615c036abb4ef78b42eb0e25d114d9079f2ae69d,audits/paper_extras/negwealth_7arms/bench7_seed202_exp.json,KHONG CO (che do lay mau v1)
202,exp,saez,3,45,136.56083418320583,758.4458599586299,0.18005350334518888,35,,0.95,,KHONG CO,KHONG CO,53484.15878360797,3512.0557652742673,56896.54349370901,0.0,7.69371379104248,12388.647918345767,,,0.003636123429341159,,3719961,fb47c8da1551968d0622974b615c036abb4ef78b42eb0e25d114d9079f2ae69d,audits/paper_extras/negwealth_7arms/bench7_seed202_exp.json,KHONG CO (che do lay mau v1)
202,exp,saez,4,46,134.63269015403355,617.6249082309175,0.21798455399032757,43,,0.9541666666666667,,KHONG CO,KHONG CO,46988.149792947646,3095.0573073841038,50046.51471454264,0.0,75.95414089435708,10303.88758226086,,,0.0070395239876048284,,3719961,fb47c8da1551968d0622974b615c036abb4ef78b42eb0e25d114d9079f2ae69d,audits/paper_extras/negwealth_7arms/bench7_seed202_exp.json,KHONG CO (che do lay mau v1)
202,exp,saez,5,47,138.93421557635241,697.4099309459164,0.1992145643637625,37,,0.9458333333333333,,KHONG CO,KHONG CO,49020.3917293368,3321.9825154291257,52247.06340440683,0.0,35.11166738758371,10404.662488673966,,,0.004807656264088248,,3719961,fb47c8da1551968d0622974b615c036abb4ef78b42eb0e25d114d9079f2ae69d,audits/paper_extras/negwealth_7arms/bench7_seed202_exp.json,KHONG CO (che do lay mau v1)
202,exp,saez,6,48,140.67984492905325,670.1655499821019,0.20991804925336788,42,,0.9458333333333333,,KHONG CO,KHONG CO,49323.287644104894,3110.9926003345736,52355.38895114337,0.0,64.58124635780763,11371.092985906975,,,0.0062115237062755424,,3719961,fb47c8da1551968d0622974b615c036abb4ef78b42eb0e25d114d9079f2ae69d,audits/paper_extras/negwealth_7arms/bench7_seed202_exp.json,KHONG CO (che do lay mau v1)
202,exp,saez,7,49,141.7161713386554,737.9230310789358,0.1920473618115004,40,,0.95,,KHONG CO,KHONG CO,50657.880251202005,3515.5815246850925,54120.528316453805,0.0,2.6985289433798467,9916.159686967274,,,0.0025571218766493944,,3719961,fb47c8da1551968d0622974b615c036abb4ef78b42eb0e25d114d9079f2ae69d,audits/paper_extras/negwealth_7arms/bench7_seed202_exp.json,KHONG CO (che do lay mau v1)
202,exp,saez,8,50,135.52893532768064,670.5262344081997,0.2021232404833455,38,,0.9541666666666667,,KHONG CO,KHONG CO,48874.45048878436,3807.7057961710593,52576.554065206445,0.0,36.37942555614386,11380.185557246925,,,0.004097290760389989,,3719961,fb47c8da1551968d0622974b615c036abb4ef78b42eb0e25d114d9079f2ae69d,audits/paper_extras/negwealth_7arms/bench7_seed202_exp.json,KHONG CO (che do lay mau v1)
202,exp,saez,9,51,129.06096464315996,576.6714475146516,0.22380328556128293,44,,0.9541666666666667,,KHONG CO,KHONG CO,48746.28600761293,3553.443561670622,52274.14722304368,0.0,9.942286041470798,8927.245093793921,,,0.00544133314230582,,3719961,fb47c8da1551968d0622974b615c036abb4ef78b42eb0e25d114d9079f2ae69d,audits/paper_extras/negwealth_7arms/bench7_seed202_exp.json,KHONG CO (che do lay mau v1)
202,exp,free_market+rl_aux,0,42,400.70188422341306,865.4880110465543,0.46297797209100733,0,,0.0,,KHONG CO,KHONG CO,0.0,0.0,0.0,88.39164555072786,2.867964416742325,14779.493518272837,,,0.0033579846111004463,,3719961,fb47c8da1551968d0622974b615c036abb4ef78b42eb0e25d114d9079f2ae69d,audits/paper_extras/negwealth_7arms/bench7_seed202_exp.json,KHONG CO (che do lay mau v1)
202,exp,free_market+rl_aux,1,43,424.69643759355824,920.2318789700952,0.46151024247157124,0,,0.0,,KHONG CO,KHONG CO,0.0,0.0,0.0,88.39164555072784,0.0,14760.23018314806,,,0.003715983790485461,,3719961,fb47c8da1551968d0622974b615c036abb4ef78b42eb0e25d114d9079f2ae69d,audits/paper_extras/negwealth_7arms/bench7_seed202_exp.json,KHONG CO (che do lay mau v1)
202,exp,free_market+rl_aux,2,44,362.07976267159677,915.5860631449284,0.3954622915817396,0,,0.0,,KHONG CO,KHONG CO,0.0,0.0,0.0,88.39164555072784,3.4751760125839892,14744.831361474508,,,0.004332520511500706,,3719961,fb47c8da1551968d0622974b615c036abb4ef78b42eb0e25d114d9079f2ae69d,audits/paper_extras/negwealth_7arms/bench7_seed202_exp.json,KHONG CO (che do lay mau v1)
202,exp,free_market+rl_aux,3,45,469.13394087932625,911.6474425498266,0.5146001831225293,0,,0.0,,KHONG CO,KHONG CO,0.0,0.0,0.0,88.39164555072784,7.499329306005146,14613.727437626307,,,0.003939033893846564,,3719961,fb47c8da1551968d0622974b615c036abb4ef78b42eb0e25d114d9079f2ae69d,audits/paper_extras/negwealth_7arms/bench7_seed202_exp.json,KHONG CO (che do lay mau v1)
202,exp,free_market+rl_aux,4,46,412.20663062094457,858.6204396979774,0.4800801513250018,0,,0.0,,KHONG CO,KHONG CO,0.0,0.0,0.0,88.39164555072782,0.0,14677.70216297805,,,0.003835786742356893,,3719961,fb47c8da1551968d0622974b615c036abb4ef78b42eb0e25d114d9079f2ae69d,audits/paper_extras/negwealth_7arms/bench7_seed202_exp.json,KHONG CO (che do lay mau v1)
202,exp,free_market+rl_aux,5,47,424.47470195926064,892.7348316455005,0.4754768010752569,0,,0.0,,KHONG CO,KHONG CO,0.0,0.0,0.0,88.39164555072784,9.262287220267112,14778.408701921278,,,0.00553013163879726,,3719961,fb47c8da1551968d0622974b615c036abb4ef78b42eb0e25d114d9079f2ae69d,audits/paper_extras/negwealth_7arms/bench7_seed202_exp.json,KHONG CO (che do lay mau v1)
202,exp,free_market+rl_aux,6,48,451.9976386239086,830.3614343245674,0.5443384289536188,2,,0.0,,KHONG CO,KHONG CO,0.0,0.0,0.0,90.60143668949605,6.853485539195022,14608.809778291192,,,0.004350944245230457,,3719961,fb47c8da1551968d0622974b615c036abb4ef78b42eb0e25d114d9079f2ae69d,audits/paper_extras/negwealth_7arms/bench7_seed202_exp.json,KHONG CO (che do lay mau v1)
202,exp,free_market+rl_aux,7,49,404.9506189098333,879.4665586915197,0.4604502751216867,0,,0.0,,KHONG CO,KHONG CO,0.0,0.0,0.0,88.39164555072786,0.0,14787.497310913644,,,0.0035864830642640126,,3719961,fb47c8da1551968d0622974b615c036abb4ef78b42eb0e25d114d9079f2ae69d,audits/paper_extras/negwealth_7arms/bench7_seed202_exp.json,KHONG CO (che do lay mau v1)
202,exp,free_market+rl_aux,8,50,390.37417802287746,868.7107885374879,0.4493718544466211,1,,0.0,,KHONG CO,KHONG CO,0.0,0.0,0.0,90.23313816636801,16.310221571124814,14830.248765705885,,,0.005321959687766222,,3719961,fb47c8da1551968d0622974b615c036abb4ef78b42eb0e25d114d9079f2ae69d,audits/paper_extras/negwealth_7arms/bench7_seed202_exp.json,KHONG CO (che do lay mau v1)
202,exp,free_market+rl_aux,9,51,387.1879315666529,813.0075881900525,0.47624147325441935,0,,0.0,,KHONG CO,KHONG CO,0.0,0.0,0.0,88.39164555072783,2.867964416742325,14769.442871157016,,,0.003175588093997291,,3719961,fb47c8da1551968d0622974b615c036abb4ef78b42eb0e25d114d9079f2ae69d,audits/paper_extras/negwealth_7arms/bench7_seed202_exp.json,KHONG CO (che do lay mau v1)
202,exp,us_federal+rl_aux,0,42,325.14933128357444,862.2625045953172,0.3770885658958065,0,,0.6541666666666667,,KHONG CO,KHONG CO,9707.795990862976,458.4367229849433,9639.40031560994,88.39164555072784,0.0,15257.417059519605,,,0.0026981575384417357,,3719961,fb47c8da1551968d0622974b615c036abb4ef78b42eb0e25d114d9079f2ae69d,audits/paper_extras/negwealth_7arms/bench7_seed202_exp.json,KHONG CO (che do lay mau v1)
202,exp,us_federal+rl_aux,1,43,395.7826133835783,933.1733473636712,0.42412550090689216,0,,0.6791666666666667,,KHONG CO,KHONG CO,9609.467827435654,456.91711915058823,9542.9754774534,89.86483964323997,22.161393146035536,15246.972733234472,,,0.0070818743085184896,,3719961,fb47c8da1551968d0622974b615c036abb4ef78b42eb0e25d114d9079f2ae69d,audits/paper_extras/negwealth_7arms/bench7_seed202_exp.json,KHONG CO (che do lay mau v1)
202,exp,us_federal+rl_aux,2,44,335.8798472833586,989.830537753826,0.3393306575947377,0,,0.8041666666666667,,KHONG CO,KHONG CO,9838.078695923916,373.39126734302056,9677.883605221778,88.39164555072784,0.0,15240.111454314245,,,0.0040340321439527975,,3719961,fb47c8da1551968d0622974b615c036abb4ef78b42eb0e25d114d9079f2ae69d,audits/paper_extras/negwealth_7arms/bench7_seed202_exp.json,KHONG CO (che do lay mau v1)
202,exp,us_federal+rl_aux,3,45,336.58722463027954,881.6048429383721,0.3817892192021549,0,,0.8416666666666667,,KHONG CO,KHONG CO,9613.645089706744,443.17511282670756,9535.431219109687,88.39164555072783,6.347407580842724,15199.792846762037,,,0.004945195589755266,,3719961,fb47c8da1551968d0622974b615c036abb4ef78b42eb0e25d114d9079f2ae69d,audits/paper_extras/negwealth_7arms/bench7_seed202_exp.json,KHONG CO (che do lay mau v1)
202,exp,us_federal+rl_aux,4,46,323.6368181488086,825.4348475726601,0.39208039144521334,0,,0.8458333333333333,,KHONG CO,KHONG CO,9965.029443787746,459.13508945345086,9884.184539221738,88.39164555072784,0.0,15157.793664996043,,,0.003911974520114183,,3719961,fb47c8da1551968d0622974b615c036abb4ef78b42eb0e25d114d9079f2ae69d,audits/paper_extras/negwealth_7arms/bench7_seed202_exp.json,KHONG CO (che do lay mau v1)
202,exp,us_federal+rl_aux,5,47,391.8439813211539,877.2762796478717,0.44665972443531177,0,,0.8458333333333333,,KHONG CO,KHONG CO,10195.1015250873,516.6308288763937,10156.399131036638,88.39164555072784,11.938361346600061,15269.314921933597,,,0.0045238349796641285,,3719961,fb47c8da1551968d0622974b615c036abb4ef78b42eb0e25d114d9079f2ae69d,audits/paper_extras/negwealth_7arms/bench7_seed202_exp.json,KHONG CO (che do lay mau v1)
202,exp,us_federal+rl_aux,6,48,352.1326938437078,860.2293590536083,0.4093474491862389,0,,0.8291666666666667,,KHONG CO,KHONG CO,10031.667286956948,516.7634033899955,10001.59570998525,88.39164555072784,2.867964416742325,15243.825710923007,,,0.0033579846111004463,,3719961,fb47c8da1551968d0622974b615c036abb4ef78b42eb0e25d114d9079f2ae69d,audits/paper_extras/negwealth_7arms/bench7_seed202_exp.json,KHONG CO (che do lay mau v1)
202,exp,us_federal+rl_aux,7,49,425.723674595453,886.4198817995033,0.48027315647658975,0,,0.6916666666666667,,KHONG CO,KHONG CO,10099.491604991556,397.4444362516557,9952.755399779277,88.39164555072784,0.0,15211.901257115049,,,0.003645345345841796,,3719961,fb47c8da1551968d0622974b615c036abb4ef78b42eb0e25d114d9079f2ae69d,audits/paper_extras/negwealth_7arms/bench7_seed202_exp.json,KHONG CO (che do lay mau v1)
202,exp,us_federal+rl_aux,8,50,349.77358885533147,878.4755265809149,0.3981597418162274,0,,0.7583333333333333,,KHONG CO,KHONG CO,9759.858648638014,443.46671905080996,9673.947906367814,88.39164555072784,2.867964416742325,15269.85717031848,,,0.0033211794599971004,,3719961,fb47c8da1551968d0622974b615c036abb4ef78b42eb0e25d114d9079f2ae69d,audits/paper_extras/negwealth_7arms/bench7_seed202_exp.json,KHONG CO (che do lay mau v1)
202,exp,us_federal+rl_aux,9,51,269.81273162495586,804.1496975783324,0.33552550282302795,0,,0.8458333333333333,,KHONG CO,KHONG CO,9713.214820238369,446.598862755168,9633.89302917887,88.39164555072784,0.0,15244.581877546876,,,0.0034997327376769427,,3719961,fb47c8da1551968d0622974b615c036abb4ef78b42eb0e25d114d9079f2ae69d,audits/paper_extras/negwealth_7arms/bench7_seed202_exp.json,KHONG CO (che do lay mau v1)
202,exp,saez+rl_aux,0,42,129.86854314400694,695.6109433616582,0.18669709610431817,38,,0.95,,KHONG CO,KHONG CO,47114.3624591263,3311.7542147268377,47815.80770604373,88.39164555072784,54.67142190957401,11378.517943907205,,,0.005433559872062347,,3719961,fb47c8da1551968d0622974b615c036abb4ef78b42eb0e25d114d9079f2ae69d,audits/paper_extras/negwealth_7arms/bench7_seed202_exp.json,KHONG CO (che do lay mau v1)
202,exp,saez+rl_aux,1,43,142.45710647511996,759.6661340486573,0.1875259407917682,38,,0.9541666666666667,,KHONG CO,KHONG CO,48072.569630991304,3855.8079838704516,49223.59450682102,88.39164555072784,40.38919226399404,12340.474418243704,,,0.0029111542318305287,,3719961,fb47c8da1551968d0622974b615c036abb4ef78b42eb0e25d114d9079f2ae69d,audits/paper_extras/negwealth_7arms/bench7_seed202_exp.json,KHONG CO (che do lay mau v1)
202,exp,saez+rl_aux,2,44,207.15323150850477,893.2454846880355,0.2319107513662414,45,,0.95,,KHONG CO,KHONG CO,55299.78411184477,3480.865094762662,55567.07869890602,88.75994407385588,49.164882902247975,17791.739393083593,,,0.007091900746941284,,3719961,fb47c8da1551968d0622974b615c036abb4ef78b42eb0e25d114d9079f2ae69d,audits/paper_extras/negwealth_7arms/bench7_seed202_exp.json,KHONG CO (che do lay mau v1)
202,exp,saez+rl_aux,3,45,131.03315637805554,760.9569318535563,0.17219523325568764,37,,0.95,,KHONG CO,KHONG CO,52429.453812108884,3497.1621065416425,53044.69565613282,88.39164555072784,29.106897465805652,12840.573076744993,,,0.006991760248981236,,3719961,fb47c8da1551968d0622974b615c036abb4ef78b42eb0e25d114d9079f2ae69d,audits/paper_extras/negwealth_7arms/bench7_seed202_exp.json,KHONG CO (che do lay mau v1)
202,exp,saez+rl_aux,4,46,106.69681188716713,542.4925723195441,0.1966788437875967,32,,0.9541666666666667,,KHONG CO,KHONG CO,40924.35289795012,3665.247296792112,42303.787825663654,88.39164555072784,54.013975854961544,5336.422053392569,,,0.0027403286635357266,,3719961,fb47c8da1551968d0622974b615c036abb4ef78b42eb0e25d114d9079f2ae69d,audits/paper_extras/negwealth_7arms/bench7_seed202_exp.json,KHONG CO (che do lay mau v1)
202,exp,saez+rl_aux,5,47,146.30509040206445,762.5839055840719,0.19185441671498127,40,,0.9541666666666667,,KHONG CO,KHONG CO,52401.49731535263,3016.3017064528044,52541.740587927125,90.96973521262407,66.8914008500973,14879.024013961922,,,0.005511542694731602,,3719961,fb47c8da1551968d0622974b615c036abb4ef78b42eb0e25d114d9079f2ae69d,audits/paper_extras/negwealth_7arms/bench7_seed202_exp.json,KHONG CO (che do lay mau v1)
202,exp,saez+rl_aux,6,48,130.6311172162419,675.8598580286315,0.19328136693496,43,,0.9541666666666667,,KHONG CO,KHONG CO,49370.85994177156,3848.1906763897377,50434.53907604897,90.96973521262407,98.82751634312584,12765.424701956154,,,0.007980803487045763,,3719961,fb47c8da1551968d0622974b615c036abb4ef78b42eb0e25d114d9079f2ae69d,audits/paper_extras/negwealth_7arms/bench7_seed202_exp.json,KHONG CO (che do lay mau v1)
202,exp,saez+rl_aux,7,49,147.54033147434893,780.2605037293129,0.18909111863175054,36,,0.95,,KHONG CO,KHONG CO,52476.54987231489,3046.465358016467,52642.590785313485,90.23313816636801,33.92852553843971,14346.794896819843,,,0.006308253368998719,,3719961,fb47c8da1551968d0622974b615c036abb4ef78b42eb0e25d114d9079f2ae69d,audits/paper_extras/negwealth_7arms/bench7_seed202_exp.json,KHONG CO (che do lay mau v1)
202,exp,saez+rl_aux,8,50,123.88329407320937,638.0767124744266,0.19415109758949944,44,,0.95,,KHONG CO,KHONG CO,46200.29214459643,3529.9539759880736,47142.98702835925,90.96973521262407,109.62540837425252,11354.156326794911,,,0.006259407882537817,,3719961,fb47c8da1551968d0622974b615c036abb4ef78b42eb0e25d114d9079f2ae69d,audits/paper_extras/negwealth_7arms/bench7_seed202_exp.json,KHONG CO (che do lay mau v1)
202,exp,saez+rl_aux,9,51,121.91344067386572,589.9939422905973,0.20663507187980268,42,,0.9541666666666667,,KHONG CO,KHONG CO,43710.33564520009,2511.9415741585826,43854.58579421158,88.39164555072784,54.95962848649611,8384.34377569013,,,0.00553955006547636,,3719961,fb47c8da1551968d0622974b615c036abb4ef78b42eb0e25d114d9079f2ae69d,audits/paper_extras/negwealth_7arms/bench7_seed202_exp.json,KHONG CO (che do lay mau v1)
303,det,rl_learned,0,42,428.54379121450745,924.3797159890678,0.4636014657201496,0,64,0.0,2.9278944028598985e-05,KHONG CO,KHONG CO,14642.740341264622,13.060973148380333,14196.409639741134,-87.68280158936977,0.0,15098.649141989967,448.4253342712769,0.0,0.0034107846987450757,4.155033162594738,3719961,d3caadd556870d6a59cc5ef3930e5fabfad7bc9f109956e5ba4992ca49eda5a8,audits/paper_extras/negwealth_7arms/bench7_seed303_det.json,audits/paper_extras/v4_runs/v2/bench2_seed303_det.json
303,det,rl_learned,1,43,465.69666981953884,967.5846081659805,0.4812981375367773,0,61,0.0,2.0226588204330653e-07,KHONG CO,KHONG CO,13890.06074552338,3.7465916428282515,13384.412551014486,-92.38817493617535,0.0,15092.644218897643,509.1387421902487,0.0,0.0033001594538481734,3.637092639497225,3719961,d3caadd556870d6a59cc5ef3930e5fabfad7bc9f109956e5ba4992ca49eda5a8,audits/paper_extras/negwealth_7arms/bench7_seed303_det.json,audits/paper_extras/v4_runs/v2/bench2_seed303_det.json
303,det,rl_learned,2,44,400.8335131076803,946.2051625126245,0.4236222005418748,0,67,0.0,0.0,KHONG CO,KHONG CO,14587.946844259113,17.3690438567691,14202.929079812073,-90.40818831324577,0.0,15088.780267446971,404.0147291700593,0.0,0.003518548658645468,3.8434763164707544,3719961,d3caadd556870d6a59cc5ef3930e5fabfad7bc9f109956e5ba4992ca49eda5a8,audits/paper_extras/negwealth_7arms/bench7_seed303_det.json,audits/paper_extras/v4_runs/v2/bench2_seed303_det.json
303,det,rl_learned,3,45,423.4652760245574,977.2433782054674,0.433326319183841,0,63,0.0,1.3433334913326433e-05,KHONG CO,KHONG CO,14778.883733897872,10.193431851594326,14372.06058702459,-90.00099340081215,0.0,15016.45063216591,490.56693995976156,0.0,0.0033742349911427363,3.8817558079165404,3719961,d3caadd556870d6a59cc5ef3930e5fabfad7bc9f109956e5ba4992ca49eda5a8,audits/paper_extras/negwealth_7arms/bench7_seed303_det.json,audits/paper_extras/v4_runs/v2/bench2_seed303_det.json
303,det,rl_learned,4,46,381.3753716708752,873.052932026447,0.43682960984468966,0,61,0.0,0.0,KHONG CO,KHONG CO,13841.892809640181,13.171208020291843,13547.241132578325,-94.63449195027351,0.0,14940.903680961104,461.55369607130774,0.0,0.0033001594538481734,4.430605110692257,3719961,d3caadd556870d6a59cc5ef3930e5fabfad7bc9f109956e5ba4992ca49eda5a8,audits/paper_extras/negwealth_7arms/bench7_seed303_det.json,audits/paper_extras/v4_runs/v2/bench2_seed303_det.json
303,det,rl_learned,5,47,346.05823411541667,946.045199010858,0.36579460947240094,0,62,0.0,0.0,KHONG CO,KHONG CO,14259.573057171894,18.351746050503213,13874.384989163695,-96.92947433888912,0.0,15362.185114724836,138.2841736727626,0.0,0.003337361834800554,4.038748933323931,3719961,d3caadd556870d6a59cc5ef3930e5fabfad7bc9f109956e5ba4992ca49eda5a8,audits/paper_extras/negwealth_7arms/bench7_seed303_det.json,audits/paper_extras/v4_runs/v2/bench2_seed303_det.json
303,det,rl_learned,6,48,397.13395635367715,912.8414349509883,0.43505250873608714,0,59,0.0,3.0379122626600363e-05,KHONG CO,KHONG CO,14970.217389635402,13.35419523728871,14671.784497676126,-89.22027106583118,0.0,14901.51363012171,499.4937281407112,0.0,0.003224743128431848,4.36391923217615,3719961,d3caadd556870d6a59cc5ef3930e5fabfad7bc9f109956e5ba4992ca49eda5a8,audits/paper_extras/negwealth_7arms/bench7_seed303_det.json,audits/paper_extras/v4_runs/v2/bench2_seed303_det.json
303,det,rl_learned,7,49,366.3948985548988,942.0600392414357,0.3889294559717519,0,59,0.0,0.02289168963729682,KHONG CO,KHONG CO,15646.885053519783,30.70551923268601,15327.942031210729,-82.40873882174492,0.0,15101.731338734146,330.3259416293475,0.0,0.003224743128431848,3.8605246246577605,3719961,d3caadd556870d6a59cc5ef3930e5fabfad7bc9f109956e5ba4992ca49eda5a8,audits/paper_extras/negwealth_7arms/bench7_seed303_det.json,audits/paper_extras/v4_runs/v2/bench2_seed303_det.json
303,det,rl_learned,8,50,414.61005034543876,901.780381287113,0.45976831937024953,1,59,0.0,0.0,KHONG CO,KHONG CO,14778.316359212049,14.18843460541744,14405.78670007404,-89.52936467528343,0.0,15060.476885107293,416.5573005356766,0.0,0.006471375349620974,4.123519948382541,3719961,d3caadd556870d6a59cc5ef3930e5fabfad7bc9f109956e5ba4992ca49eda5a8,audits/paper_extras/negwealth_7arms/bench7_seed303_det.json,audits/paper_extras/v4_runs/v2/bench2_seed303_det.json
303,det,rl_learned,9,51,389.8594454508875,883.0682653063307,0.4414827944424521,0,64,0.0,3.48550938706893e-05,KHONG CO,KHONG CO,14480.327539237695,25.33796071646839,14107.626852598603,-89.42534002661705,0.0,14980.730692557103,506.73329482507,0.0,0.0034107846987450757,4.553880726604847,3719961,d3caadd556870d6a59cc5ef3930e5fabfad7bc9f109956e5ba4992ca49eda5a8,audits/paper_extras/negwealth_7arms/bench7_seed303_det.json,audits/paper_extras/v4_runs/v2/bench2_seed303_det.json
303,det,free_market,0,42,398.7499623466886,911.2266233461248,0.4375969184070091,0,62,0.0,3.7869313838090335e-06,KHONG CO,KHONG CO,0.0,0.0,0.0,0.0,0.0,14597.25879880017,402.7412011998327,0.0,0.0033373618348005543,2.942013079882954,3719961,d3caadd556870d6a59cc5ef3930e5fabfad7bc9f109956e5ba4992ca49eda5a8,audits/paper_extras/negwealth_7arms/bench7_seed303_det.json,audits/paper_extras/v4_runs/v2/bench2_seed303_det.json
303,det,free_market,1,43,418.2560093082526,951.7009021260325,0.43948262355735745,0,60,0.0,8.565533171633888e-09,KHONG CO,KHONG CO,0.0,0.0,0.0,0.0,0.0,14587.98298494327,412.01701505673304,0.0,0.003262621916310636,2.6449335930282225,3719961,d3caadd556870d6a59cc5ef3930e5fabfad7bc9f109956e5ba4992ca49eda5a8,audits/paper_extras/negwealth_7arms/bench7_seed303_det.json,audits/paper_extras/v4_runs/v2/bench2_seed303_det.json
303,det,free_market,2,44,377.4733027443714,954.6781465833932,0.395393258026566,0,72,0.0,2.609779503615073e-09,KHONG CO,KHONG CO,0.0,0.0,0.0,0.0,0.0,14948.287965663189,51.71203433681154,0.0,0.003692183888105678,2.8526899134346246,3719961,d3caadd556870d6a59cc5ef3930e5fabfad7bc9f109956e5ba4992ca49eda5a8,audits/paper_extras/negwealth_7arms/bench7_seed303_det.json,audits/paper_extras/v4_runs/v2/bench2_seed303_det.json
303,det,free_market,3,45,402.35804073559785,928.6214229718369,0.4332853311179754,0,53,0.0,5.2553455143211636e-08,KHONG CO,KHONG CO,0.0,0.0,0.0,0.0,0.0,14955.992775710767,44.00722428923507,0.0,0.0029899409535079587,2.8211526739795674,3719961,d3caadd556870d6a59cc5ef3930e5fabfad7bc9f109956e5ba4992ca49eda5a8,audits/paper_extras/negwealth_7arms/bench7_seed303_det.json,audits/paper_extras/v4_runs/v2/bench2_seed303_det.json
303,det,free_market,4,46,348.39101612215984,878.7872786540722,0.3964452201171442,2,65,0.0,5.474486113321575e-07,KHONG CO,KHONG CO,0.0,0.0,0.0,0.0,0.0,14971.044817963573,29.44969430325865,0.0,0.004480397499062489,3.208056783332425,3719961,d3caadd556870d6a59cc5ef3930e5fabfad7bc9f109956e5ba4992ca49eda5a8,audits/paper_extras/negwealth_7arms/bench7_seed303_det.json,audits/paper_extras/v4_runs/v2/bench2_seed303_det.json
303,det,free_market,5,47,426.0406067814316,910.7874758538991,0.46777170094703135,0,58,0.0,1.801316051874835e-08,KHONG CO,KHONG CO,0.0,0.0,0.0,0.0,0.0,14992.940900911159,7.059099088836319,0.0,0.003186516828737658,2.9816207937008143,3719961,d3caadd556870d6a59cc5ef3930e5fabfad7bc9f109956e5ba4992ca49eda5a8,audits/paper_extras/negwealth_7arms/bench7_seed303_det.json,audits/paper_extras/v4_runs/v2/bench2_seed303_det.json
303,det,free_market,6,48,359.9099417671765,861.7886093787457,0.4176313516450766,0,47,0.0,1.5689142462971262e-06,KHONG CO,KHONG CO,0.0,0.0,0.0,0.0,0.0,14959.556926902762,40.44307309724286,0.0,0.0027411128649022167,3.1438773761777723,3719961,d3caadd556870d6a59cc5ef3930e5fabfad7bc9f109956e5ba4992ca49eda5a8,audits/paper_extras/negwealth_7arms/bench7_seed303_det.json,audits/paper_extras/v4_runs/v2/bench2_seed303_det.json
303,det,free_market,7,49,412.53514127860416,917.5056239908608,0.4496268257018481,0,56,0.0,7.156976855604569e-08,KHONG CO,KHONG CO,0.0,0.0,0.0,0.0,0.0,14617.223539527351,382.77646047264994,0.0,0.0031089957718552306,2.8381024253168987,3719961,d3caadd556870d6a59cc5ef3930e5fabfad7bc9f109956e5ba4992ca49eda5a8,audits/paper_extras/negwealth_7arms/bench7_seed303_det.json,audits/paper_extras/v4_runs/v2/bench2_seed303_det.json
303,det,free_market,8,50,413.08501204579505,916.546654627366,0.4506972012392977,0,67,0.0,1.1672729693934514e-07,KHONG CO,KHONG CO,0.0,0.0,0.0,0.0,0.0,14557.15282746368,442.8471725363212,0.0,0.003518548658645468,3.0002827159716348,3719961,d3caadd556870d6a59cc5ef3930e5fabfad7bc9f109956e5ba4992ca49eda5a8,audits/paper_extras/negwealth_7arms/bench7_seed303_det.json,audits/paper_extras/v4_runs/v2/bench2_seed303_det.json
303,det,free_market,9,51,326.0337647808776,794.9679702439911,0.41012188790551085,0,32,0.0,3.863857274355453e-06,KHONG CO,KHONG CO,0.0,0.0,0.0,0.0,0.0,14997.814076565086,2.1859234349165035,0.0,0.0020450614232485694,3.2959749829941796,3719961,d3caadd556870d6a59cc5ef3930e5fabfad7bc9f109956e5ba4992ca49eda5a8,audits/paper_extras/negwealth_7arms/bench7_seed303_det.json,audits/paper_extras/v4_runs/v2/bench2_seed303_det.json
303,det,us_federal,0,42,320.6945683565885,889.7887661241487,0.36041651745448455,0,57,0.6916666666666667,-0.37743253484926387,KHONG CO,KHONG CO,10258.788485498906,320.1828177898511,10565.70815229162,0.0,0.0,14641.355640283105,371.90751071402633,0.0,0.003147936581824078,3.22143964877893,3719961,d3caadd556870d6a59cc5ef3930e5fabfad7bc9f109956e5ba4992ca49eda5a8,audits/paper_extras/negwealth_7arms/bench7_seed303_det.json,audits/paper_extras/v4_runs/v2/bench2_seed303_det.json
303,det,us_federal,1,43,390.03118422340367,963.996430916872,0.40459816210360755,0,57,0.7125,-0.3598297221071914,KHONG CO,KHONG CO,10234.528914176148,297.82844346177234,10518.518528258019,0.0,0.0,14625.672824328203,388.1660050516827,0.0,0.003147936581824078,2.8875199203685136,3719961,d3caadd556870d6a59cc5ef3930e5fabfad7bc9f109956e5ba4992ca49eda5a8,audits/paper_extras/negwealth_7arms/bench7_seed303_det.json,audits/paper_extras/v4_runs/v2/bench2_seed303_det.json
303,det,us_federal,2,44,279.77787011189366,950.3211988269078,0.2944034821671411,0,68,0.7083333333333334,-0.39940262256686077,KHONG CO,KHONG CO,10120.52521158773,303.0295949555835,10385.292758705005,0.0,0.0,15021.935319563667,16.326728274647568,0.0,0.0035538593931087447,3.015223518380701,3719961,d3caadd556870d6a59cc5ef3930e5fabfad7bc9f109956e5ba4992ca49eda5a8,audits/paper_extras/negwealth_7arms/bench7_seed303_det.json,audits/paper_extras/v4_runs/v2/bench2_seed303_det.json
303,det,us_federal,3,45,337.9485127504593,958.1355661449473,0.35271471458907755,0,64,0.7208333333333333,-0.3632512548417186,KHONG CO,KHONG CO,10305.877012451361,336.5049462620885,10628.10069822834,0.0,0.0,14892.257930487975,122.02332999713228,0.0,0.0034107846987450757,3.04670818314243,3719961,d3caadd556870d6a59cc5ef3930e5fabfad7bc9f109956e5ba4992ca49eda5a8,audits/paper_extras/negwealth_7arms/bench7_seed303_det.json,audits/paper_extras/v4_runs/v2/bench2_seed303_det.json
303,det,us_federal,4,46,299.56776692634656,880.6231578270866,0.34017702607948874,0,64,0.7958333333333333,-0.7125620828065511,KHONG CO,KHONG CO,11258.166909287958,319.76508675626116,11564.60554050798,0.0,0.0,14970.935805172736,42.390650363503575,0.0,0.003410784698745076,3.535357629300831,3719961,d3caadd556870d6a59cc5ef3930e5fabfad7bc9f109956e5ba4992ca49eda5a8,audits/paper_extras/negwealth_7arms/bench7_seed303_det.json,audits/paper_extras/v4_runs/v2/bench2_seed303_det.json
303,det,us_federal,5,47,320.14520345411916,906.6327589810669,0.35311453318090913,0,57,0.6916666666666667,-0.4608396557098572,KHONG CO,KHONG CO,10442.837269191485,329.06604118639336,10758.413812845758,0.0,0.0,14966.584708174074,46.904789358052206,0.0,0.0031479365818240777,3.176529739011113,3719961,d3caadd556870d6a59cc5ef3930e5fabfad7bc9f109956e5ba4992ca49eda5a8,audits/paper_extras/negwealth_7arms/bench7_seed303_det.json,audits/paper_extras/v4_runs/v2/bench2_seed303_det.json
303,det,us_federal,6,48,295.81156143676156,884.5142940418735,0.3344338960142996,0,61,0.7333333333333333,-0.3592878349300836,KHONG CO,KHONG CO,10766.35578724302,366.92122186454134,11119.93406160708,0.0,0.0,14997.479325288095,15.863622212377956,0.0,0.0033001594538481734,3.419400462575647,3719961,d3caadd556870d6a59cc5ef3930e5fabfad7bc9f109956e5ba4992ca49eda5a8,audits/paper_extras/negwealth_7arms/bench7_seed303_det.json,audits/paper_extras/v4_runs/v2/bench2_seed303_det.json
303,det,us_federal,7,49,369.47007731991954,928.4081435756392,0.39796083207214794,0,60,0.6083333333333333,-0.32151793110542776,KHONG CO,KHONG CO,10101.885215186414,351.15350055978786,10439.36570405127,0.0,0.0,14680.541029083077,333.13198261186994,0.0,0.0032626219163106357,3.0656743874443233,3719961,d3caadd556870d6a59cc5ef3930e5fabfad7bc9f109956e5ba4992ca49eda5a8,audits/paper_extras/negwealth_7arms/bench7_seed303_det.json,audits/paper_extras/v4_runs/v2/bench2_seed303_det.json
303,det,us_federal,8,50,340.1443462508562,907.8691079989687,0.3746623199907828,1,62,0.7166666666666667,-0.5337207921200657,KHONG CO,KHONG CO,10618.710020645958,341.25741415493667,10946.595451241994,0.0,0.7412990785861229,14581.359228416786,431.6171946989958,0.0,0.004014786703735252,3.2585313706266263,3719961,d3caadd556870d6a59cc5ef3930e5fabfad7bc9f109956e5ba4992ca49eda5a8,audits/paper_extras/negwealth_7arms/bench7_seed303_det.json,audits/paper_extras/v4_runs/v2/bench2_seed303_det.json
303,det,us_federal,9,51,241.7274227789535,836.3394182547584,0.2890302878266592,0,56,0.725,-0.39183208458794566,KHONG CO,KHONG CO,10571.894365973181,323.68066610530485,10883.05118338229,0.0,0.0,14563.207722790308,449.3161259058892,0.0,0.00310899577185523,3.5342774447113956,3719961,d3caadd556870d6a59cc5ef3930e5fabfad7bc9f109956e5ba4992ca49eda5a8,audits/paper_extras/negwealth_7arms/bench7_seed303_det.json,audits/paper_extras/v4_runs/v2/bench2_seed303_det.json
303,det,saez,0,42,234.4445717420342,817.4234322065535,0.2868092135665531,32,47,0.95,-23.488216342589013,KHONG CO,KHONG CO,67027.21964272785,6149.333140196335,72987.11404020143,0.0,0.0,15099.472964058616,37.927422119557875,0.0,0.003228415726864627,4.838491989634909,3719961,d3caadd556870d6a59cc5ef3930e5fabfad7bc9f109956e5ba4992ca49eda5a8,audits/paper_extras/negwealth_7arms/bench7_seed303_det.json,audits/paper_extras/v4_runs/v2/bench2_seed303_det.json
303,det,saez,1,43,225.04035292747537,885.9627007474104,0.254006576955924,29,54,0.9458333333333333,-23.563899867145494,KHONG CO,KHONG CO,62075.82308066503,5255.124845500967,67132.11285416778,0.0,0.0,15118.999120304125,42.63309005878217,0.0,0.0035794547074947157,4.077268941112237,3719961,d3caadd556870d6a59cc5ef3930e5fabfad7bc9f109956e5ba4992ca49eda5a8,audits/paper_extras/negwealth_7arms/bench7_seed303_det.json,audits/paper_extras/v4_runs/v2/bench2_seed303_det.json
303,det,saez,2,44,248.95058342284062,877.2989426242457,0.2837693872947801,31,54,0.9416666666666667,-24.83463606063283,KHONG CO,KHONG CO,65555.06564947579,4398.544633748097,69795.78407638722,0.0,0.0,15074.973828047314,47.78033410704243,0.0,0.005094426735335758,4.457784409469582,3719961,d3caadd556870d6a59cc5ef3930e5fabfad7bc9f109956e5ba4992ca49eda5a8,audits/paper_extras/negwealth_7arms/bench7_seed303_det.json,audits/paper_extras/v4_runs/v2/bench2_seed303_det.json
303,det,saez,3,45,233.51444566743112,896.0124326066413,0.2606151847559758,29,56,0.9416666666666667,-23.756716799900932,KHONG CO,KHONG CO,66696.46984714043,5423.677792290825,71959.4961610996,0.0,0.0,15081.044943554009,47.9669999670806,0.0,0.003504164947155443,4.51231842980235,3719961,d3caadd556870d6a59cc5ef3930e5fabfad7bc9f109956e5ba4992ca49eda5a8,audits/paper_extras/negwealth_7arms/bench7_seed303_det.json,audits/paper_extras/v4_runs/v2/bench2_seed303_det.json
303,det,saez,4,46,224.88730317268582,785.7737877148232,0.28619853027510633,36,47,0.9458333333333333,-25.37046434165001,KHONG CO,KHONG CO,66512.44993192908,5282.455457302529,71627.41640468879,0.0,0.0,15093.977304030532,34.875067687159465,0.0,0.01015878057585427,4.990742397046929,3719961,d3caadd556870d6a59cc5ef3930e5fabfad7bc9f109956e5ba4992ca49eda5a8,audits/paper_extras/negwealth_7arms/bench7_seed303_det.json,audits/paper_extras/v4_runs/v2/bench2_seed303_det.json
303,det,saez,5,47,193.6758494734523,872.5788489609967,0.22195799233968072,25,49,0.9375,-25.77515587280917,KHONG CO,KHONG CO,64352.343684873435,5512.333242517374,69703.6501521477,0.0,0.0,15066.67123084213,65.08242820426494,0.0,0.003261850753089349,4.489011845175738,3719961,d3caadd556870d6a59cc5ef3930e5fabfad7bc9f109956e5ba4992ca49eda5a8,audits/paper_extras/negwealth_7arms/bench7_seed303_det.json,audits/paper_extras/v4_runs/v2/bench2_seed303_det.json
303,det,saez,6,48,182.28611751558313,836.4925506577554,0.21791720365261702,33,48,0.9416666666666667,-22.38431187922681,KHONG CO,KHONG CO,68485.8628226609,5267.528735098026,73567.84271608744,0.0,0.0,15095.238723341003,57.708607764504286,0.0,0.0033006325239406313,5.011830259105363,3719961,d3caadd556870d6a59cc5ef3930e5fabfad7bc9f109956e5ba4992ca49eda5a8,audits/paper_extras/negwealth_7arms/bench7_seed303_det.json,audits/paper_extras/v4_runs/v2/bench2_seed303_det.json
303,det,saez,7,49,296.3152742818137,881.126102401009,0.3362915631194838,32,54,0.9333333333333333,-23.662373579155968,KHONG CO,KHONG CO,69744.3674309511,5230.2838786605325,74711.20924487642,0.0,0.0,15199.07596383836,38.510969935835085,0.0,0.004032330622674236,4.771253914660605,3719961,d3caadd556870d6a59cc5ef3930e5fabfad7bc9f109956e5ba4992ca49eda5a8,audits/paper_extras/negwealth_7arms/bench7_seed303_det.json,audits/paper_extras/v4_runs/v2/bench2_seed303_det.json
303,det,saez,8,50,304.30635771981184,838.2553307116599,0.36302346859096335,33,56,0.9458333333333333,-22.748415733290624,KHONG CO,KHONG CO,69651.07582446748,5800.983514605775,75255.94315808777,0.0,0.0,15109.432660139815,37.89082003497223,0.0,0.004225478531398565,4.94310615713714,3719961,d3caadd556870d6a59cc5ef3930e5fabfad7bc9f109956e5ba4992ca49eda5a8,audits/paper_extras/negwealth_7arms/bench7_seed303_det.json,audits/paper_extras/v4_runs/v2/bench2_seed303_det.json
303,det,saez,9,51,226.9287605838828,740.8182262637897,0.306321783858323,34,48,0.9458333333333333,-22.021966969357248,KHONG CO,KHONG CO,66144.36206639666,5649.5476209852,71577.49510560877,0.0,0.0,15132.586386282248,33.145760536605174,0.0,0.0040567088770922565,5.219302234051761,3719961,d3caadd556870d6a59cc5ef3930e5fabfad7bc9f109956e5ba4992ca49eda5a8,audits/paper_extras/negwealth_7arms/bench7_seed303_det.json,audits/paper_extras/v4_runs/v2/bench2_seed303_det.json
303,det,free_market+rl_aux,0,42,402.59109459493374,914.9366773498953,0.4400207189868426,0,65,0.0,1.3601935187068648e-06,KHONG CO,KHONG CO,0.0,0.0,0.0,-90.2628242969513,0.0,14598.768650375807,491.4941739211423,0.0,0.0034470165828030474,2.9381150431988456,3719961,d3caadd556870d6a59cc5ef3930e5fabfad7bc9f109956e5ba4992ca49eda5a8,audits/paper_extras/negwealth_7arms/bench7_seed303_det.json,audits/paper_extras/v4_runs/v2/bench2_seed303_det.json
303,det,free_market+rl_aux,1,43,417.6949000815422,950.736332488928,0.43933831684759617,0,60,0.0,8.296538567265088e-09,KHONG CO,KHONG CO,0.0,0.0,0.0,-90.2628242969513,0.0,14587.942097127096,502.32072716985783,0.0,0.003262621916310636,2.641424941247483,3719961,d3caadd556870d6a59cc5ef3930e5fabfad7bc9f109956e5ba4992ca49eda5a8,audits/paper_extras/negwealth_7arms/bench7_seed303_det.json,audits/paper_extras/v4_runs/v2/bench2_seed303_det.json
303,det,free_market+rl_aux,2,44,376.99861007959316,953.7567123575178,0.3952775432088119,0,72,0.0,2.6065321012680442e-09,KHONG CO,KHONG CO,0.0,0.0,0.0,-90.2628242969513,0.0,14948.23865620198,142.02416809496742,0.0,0.003692183888105678,2.8489133562380315,3719961,d3caadd556870d6a59cc5ef3930e5fabfad7bc9f109956e5ba4992ca49eda5a8,audits/paper_extras/negwealth_7arms/bench7_seed303_det.json,audits/paper_extras/v4_runs/v2/bench2_seed303_det.json
303,det,free_market+rl_aux,3,45,401.92965391823805,927.7571056033883,0.4332272439528596,0,53,0.0,5.22785752465893e-08,KHONG CO,KHONG CO,0.0,0.0,0.0,-90.2628242969513,0.0,14956.287428301313,133.975395995641,0.0,0.0029899409535079587,2.818818577971753,3719961,d3caadd556870d6a59cc5ef3930e5fabfad7bc9f109956e5ba4992ca49eda5a8,audits/paper_extras/negwealth_7arms/bench7_seed303_det.json,audits/paper_extras/v4_runs/v2/bench2_seed303_det.json
303,det,free_market+rl_aux,4,46,346.63664209835855,876.1656955131368,0.3956290960414134,2,64,0.0,3.314496541673151e-07,KHONG CO,KHONG CO,0.0,0.0,0.0,-90.2628242969513,2.295974649488926,14970.839342831907,117.61205871671079,0.0,0.004591998709944673,3.203372657920092,3719961,d3caadd556870d6a59cc5ef3930e5fabfad7bc9f109956e5ba4992ca49eda5a8,audits/paper_extras/negwealth_7arms/bench7_seed303_det.json,audits/paper_extras/v4_runs/v2/bench2_seed303_det.json
303,det,free_market+rl_aux,5,47,413.6942316615093,919.3394997026475,0.44999070723635304,0,61,0.0,1.7150665776455298e-08,KHONG CO,KHONG CO,0.0,0.0,0.0,-90.2628242969513,0.0,14992.920554210488,97.34227008646116,0.0,0.003300159453848173,2.976064744572284,3719961,d3caadd556870d6a59cc5ef3930e5fabfad7bc9f109956e5ba4992ca49eda5a8,audits/paper_extras/negwealth_7arms/bench7_seed303_det.json,audits/paper_extras/v4_runs/v2/bench2_seed303_det.json
303,det,free_market+rl_aux,6,48,377.3467485163614,903.4861510682787,0.4176563725633071,0,65,0.0,1.3759064350082895e-06,KHONG CO,KHONG CO,0.0,0.0,0.0,-90.2628242969513,0.0,14960.684384484419,129.5784398125391,0.0,0.003447016582803047,3.142070880172106,3719961,d3caadd556870d6a59cc5ef3930e5fabfad7bc9f109956e5ba4992ca49eda5a8,audits/paper_extras/negwealth_7arms/bench7_seed303_det.json,audits/paper_extras/v4_runs/v2/bench2_seed303_det.json
303,det,free_market+rl_aux,7,49,412.73718814698236,918.3288810715205,0.44944376318143686,0,57,0.0,7.156087789006449e-08,KHONG CO,KHONG CO,0.0,0.0,0.0,-90.2628242969513,0.0,14617.041907374598,473.2209169223526,0.0,0.003147936581824078,2.8339850923566043,3719961,d3caadd556870d6a59cc5ef3930e5fabfad7bc9f109956e5ba4992ca49eda5a8,audits/paper_extras/negwealth_7arms/bench7_seed303_det.json,audits/paper_extras/v4_runs/v2/bench2_seed303_det.json
303,det,free_market+rl_aux,8,50,404.36435085162844,917.526709883961,0.4407112583161401,0,65,0.0,6.491194093349861e-08,KHONG CO,KHONG CO,0.0,0.0,0.0,-90.2628242969513,0.0,15019.107474532942,71.15534976400915,0.0,0.0034470165828030465,3.0152476245006454,3719961,d3caadd556870d6a59cc5ef3930e5fabfad7bc9f109956e5ba4992ca49eda5a8,audits/paper_extras/negwealth_7arms/bench7_seed303_det.json,audits/paper_extras/v4_runs/v2/bench2_seed303_det.json
303,det,free_market+rl_aux,9,51,347.8033495461641,846.4944308000917,0.4108749412768451,0,55,0.0,2.3741456867121258e-07,KHONG CO,KHONG CO,0.0,0.0,0.0,-90.2628242969513,0.0,15005.859964843954,84.40285945299382,0.0,0.0030696875957546012,3.2967809899367424,3719961,d3caadd556870d6a59cc5ef3930e5fabfad7bc9f109956e5ba4992ca49eda5a8,audits/paper_extras/negwealth_7arms/bench7_seed303_det.json,audits/paper_extras/v4_runs/v2/bench2_seed303_det.json
303,det,us_federal+rl_aux,0,42,324.7861888304367,911.3993301635187,0.3563599160997465,0,64,0.6875,-0.3506518743023069,KHONG CO,KHONG CO,10207.180699504494,316.98394006538786,9464.414563134995,-90.2628242969513,0.0,15632.348944758538,517.6639559732981,0.0,0.003410784698745076,3.174593870162942,3719961,d3caadd556870d6a59cc5ef3930e5fabfad7bc9f109956e5ba4992ca49eda5a8,audits/paper_extras/negwealth_7arms/bench7_seed303_det.json,audits/paper_extras/v4_runs/v2/bench2_seed303_det.json
303,det,us_federal+rl_aux,1,43,356.44970123734146,956.7029718944475,0.37258136716300316,0,54,0.7291666666666666,-0.3797420934021241,KHONG CO,KHONG CO,9954.444969322703,293.17738670099084,9215.892915288514,-90.2628242969513,0.0,15572.653729052543,549.3385359796061,0.0,0.003030005056072062,2.833592835788511,3719961,d3caadd556870d6a59cc5ef3930e5fabfad7bc9f109956e5ba4992ca49eda5a8,audits/paper_extras/negwealth_7arms/bench7_seed303_det.json,audits/paper_extras/v4_runs/v2/bench2_seed303_det.json
303,det,us_federal+rl_aux,2,44,251.94078533438105,934.8975378905993,0.26948491692772314,0,61,0.7041666666666667,-0.3846169401857695,KHONG CO,KHONG CO,9871.199219596558,304.2254498837264,9139.697965437112,-90.2628242969513,0.0,15983.152792473284,142.83673586683528,0.0,0.0033001594538481734,2.9658286106616667,3719961,d3caadd556870d6a59cc5ef3930e5fabfad7bc9f109956e5ba4992ca49eda5a8,audits/paper_extras/negwealth_7arms/bench7_seed303_det.json,audits/paper_extras/v4_runs/v2/bench2_seed303_det.json
303,det,us_federal+rl_aux,3,45,321.8945498507741,950.8773422678945,0.3385237354410381,0,60,0.7208333333333333,-0.35541605238567936,KHONG CO,KHONG CO,10211.729245194525,332.93351270232625,9450.62960735652,-90.2628242969513,0.0,15877.052245467257,307.24372937003335,0.0,0.0032626219163106357,3.0234954196104193,3719961,d3caadd556870d6a59cc5ef3930e5fabfad7bc9f109956e5ba4992ca49eda5a8,audits/paper_extras/negwealth_7arms/bench7_seed303_det.json,audits/paper_extras/v4_runs/v2/bench2_seed303_det.json
303,det,us_federal+rl_aux,4,46,273.02049414819203,862.2180287316046,0.31664902037577225,0,59,0.7958333333333333,-0.6928955523033599,KHONG CO,KHONG CO,10976.813946750064,315.3117858754837,10142.586188544421,-90.2628242969513,0.0,15961.230643816752,278.57172456132804,0.0,0.003224743128431848,3.4792015680503487,3719961,d3caadd556870d6a59cc5ef3930e5fabfad7bc9f109956e5ba4992ca49eda5a8,audits/paper_extras/negwealth_7arms/bench7_seed303_det.json,audits/paper_extras/v4_runs/v2/bench2_seed303_det.json
303,det,us_federal+rl_aux,5,47,282.84066814994173,917.0091198265507,0.30843822818625855,0,62,0.6791666666666667,-0.4712568460592157,KHONG CO,KHONG CO,10335.844329838259,324.9271750639833,9574.728911229082,-90.2628242969513,0.0,15973.74318028282,202.56223768728984,0.0,0.003337361834800554,3.1326738191196712,3719961,d3caadd556870d6a59cc5ef3930e5fabfad7bc9f109956e5ba4992ca49eda5a8,audits/paper_extras/negwealth_7arms/bench7_seed303_det.json,audits/paper_extras/v4_runs/v2/bench2_seed303_det.json
303,det,us_federal+rl_aux,6,48,279.5329640898496,900.1638408187124,0.31053565074954603,0,64,0.7291666666666666,-0.34039236699338676,KHONG CO,KHONG CO,10625.344723257007,362.6440759971677,9864.550178967163,-90.2628242969513,0.0,15936.177184163942,277.52426042002594,0.0,0.003410784698745076,3.3531963129032323,3719961,d3caadd556870d6a59cc5ef3930e5fabfad7bc9f109956e5ba4992ca49eda5a8,audits/paper_extras/negwealth_7arms/bench7_seed303_det.json,audits/paper_extras/v4_runs/v2/bench2_seed303_det.json
303,det,us_federal+rl_aux,7,49,299.7439293039954,941.9609709359971,0.31821268455119667,0,58,0.5958333333333333,-0.28429035257962854,KHONG CO,KHONG CO,9936.405114177545,347.4852316564502,9241.63226931707,-90.2628242969513,0.0,16077.879686862823,54.64121395104764,0.0,0.003186516828737658,3.00842893241235,3719961,d3caadd556870d6a59cc5ef3930e5fabfad7bc9f109956e5ba4992ca49eda5a8,audits/paper_extras/negwealth_7arms/bench7_seed303_det.json,audits/paper_extras/v4_runs/v2/bench2_seed303_det.json
303,det,us_federal+rl_aux,8,50,276.99171098054467,920.8081630647001,0.300813700498311,1,66,0.7041666666666667,-0.4933181155346641,KHONG CO,KHONG CO,10577.7826882638,336.87492415305184,9805.218690736787,-90.2628242969513,1.0606196400658754,16034.351597760216,164.64623526226868,0.0,0.004161643832690126,3.229992293723605,3719961,d3caadd556870d6a59cc5ef3930e5fabfad7bc9f109956e5ba4992ca49eda5a8,audits/paper_extras/negwealth_7arms/bench7_seed303_det.json,audits/paper_extras/v4_runs/v2/bench2_seed303_det.json
303,det,us_federal+rl_aux,9,51,255.66427798375543,861.0872872725542,0.2969086662439968,0,57,0.7,-0.36513332311434377,KHONG CO,KHONG CO,10805.649285718442,321.7120238510654,9983.334336607386,-90.2628242969513,0.0,16026.875342980473,207.414454278585,0.0,0.003147936581824078,3.5336510070441025,3719961,d3caadd556870d6a59cc5ef3930e5fabfad7bc9f109956e5ba4992ca49eda5a8,audits/paper_extras/negwealth_7arms/bench7_seed303_det.json,audits/paper_extras/v4_runs/v2/bench2_seed303_det.json
303,det,saez+rl_aux,0,42,198.16733591726828,852.9945047034632,0.2323195927108107,30,50,0.9416666666666667,-24.33839533449915,KHONG CO,KHONG CO,60220.262688066156,4700.377764652763,58265.45452063997,-90.2628242969513,0.0,21403.604687342453,308.3244385066764,0.0,0.00344626665725736,4.259906479111061,3719961,d3caadd556870d6a59cc5ef3930e5fabfad7bc9f109956e5ba4992ca49eda5a8,audits/paper_extras/negwealth_7arms/bench7_seed303_det.json,audits/paper_extras/v4_runs/v2/bench2_seed303_det.json
303,det,saez+rl_aux,1,43,202.12189612415975,950.7356971693657,0.21259525305081017,22,52,0.9416666666666667,-19.710340194838807,KHONG CO,KHONG CO,59976.30203803476,3743.3969589234507,57188.6629767573,-90.2628242969513,0.0,21415.547586091852,188.30417131117565,0.0,0.003322205737312971,3.7875768057366286,3719961,d3caadd556870d6a59cc5ef3930e5fabfad7bc9f109956e5ba4992ca49eda5a8,audits/paper_extras/negwealth_7arms/bench7_seed303_det.json,audits/paper_extras/v4_runs/v2/bench2_seed303_det.json
303,det,saez+rl_aux,2,44,217.93108112800405,919.8481913973093,0.2369207040532988,24,53,0.9375,-17.78101195160686,KHONG CO,KHONG CO,63016.314114014735,3627.4302409285297,59872.82581809669,-90.2628242969513,0.0,21496.735496876663,338.6189457905008,0.0,0.003353617235431481,4.151806788391143,3719961,d3caadd556870d6a59cc5ef3930e5fabfad7bc9f109956e5ba4992ca49eda5a8,audits/paper_extras/negwealth_7arms/bench7_seed303_det.json,audits/paper_extras/v4_runs/v2/bench2_seed303_det.json
303,det,saez+rl_aux,3,45,221.13091845346082,913.7531035216532,0.24200291917062766,24,48,0.9333333333333333,-19.93714961871352,KHONG CO,KHONG CO,62381.499649407,4107.538639335862,59736.60985166013,-90.2628242969513,0.0,21398.878740340548,420.5132660251599,0.0,0.0031311910733657477,4.1222216834680365,3719961,d3caadd556870d6a59cc5ef3930e5fabfad7bc9f109956e5ba4992ca49eda5a8,audits/paper_extras/negwealth_7arms/bench7_seed303_det.json,audits/paper_extras/v4_runs/v2/bench2_seed303_det.json
303,det,saez+rl_aux,4,46,184.4179792600025,812.8858916438035,0.22686822487111413,31,53,0.9458333333333333,-22.41012160557291,KHONG CO,KHONG CO,61018.648728627806,4415.782217500975,58768.42057176071,-90.2628242969513,0.0,21345.91389757772,370.7417842202225,0.0,0.003613952358781052,4.532420325168122,3719961,d3caadd556870d6a59cc5ef3930e5fabfad7bc9f109956e5ba4992ca49eda5a8,audits/paper_extras/negwealth_7arms/bench7_seed303_det.json,audits/paper_extras/v4_runs/v2/bench2_seed303_det.json
303,det,saez+rl_aux,5,47,203.31781042019887,915.9431813846996,0.22197644412050554,40,65,0.9416666666666667,-20.556160248637127,KHONG CO,KHONG CO,66986.3440272384,5301.237975766463,64892.480077282606,-90.2628242969513,0.0,22449.179239648165,0.6735438234804292,0.0,0.0038628940362948295,4.448368334804684,3719961,d3caadd556870d6a59cc5ef3930e5fabfad7bc9f109956e5ba4992ca49eda5a8,audits/paper_extras/negwealth_7arms/bench7_seed303_det.json,audits/paper_extras/v4_runs/v2/bench2_seed303_det.json
303,det,saez+rl_aux,6,48,198.20193913196428,850.6068321351006,0.23301239967054976,30,53,0.9416666666666667,-20.634533296345086,KHONG CO,KHONG CO,65200.571196683115,4515.472346814062,62444.65142545555,-90.2628242969513,0.0,21879.164551366586,442.4261107872102,0.0,0.003526223612519663,4.684288354812788,3719961,d3caadd556870d6a59cc5ef3930e5fabfad7bc9f109956e5ba4992ca49eda5a8,audits/paper_extras/negwealth_7arms/bench7_seed303_det.json,audits/paper_extras/v4_runs/v2/bench2_seed303_det.json
303,det,saez+rl_aux,7,49,228.4649750805459,972.3017501239024,0.23497332494920653,30,66,0.9291666666666667,-17.93302179696258,KHONG CO,KHONG CO,67775.22355551159,3876.117530320101,64306.194511336835,-90.2628242969513,0.0,21916.619080922297,484.67224085594296,0.0,0.0038376613094684947,4.329345393648899,3719961,d3caadd556870d6a59cc5ef3930e5fabfad7bc9f109956e5ba4992ca49eda5a8,audits/paper_extras/negwealth_7arms/bench7_seed303_det.json,audits/paper_extras/v4_runs/v2/bench2_seed303_det.json
303,det,saez+rl_aux,8,50,191.88044553587778,885.1553595291422,0.21677600826814003,35,66,0.9416666666666667,-19.981121524008856,KHONG CO,KHONG CO,67351.91573081176,4419.691631157462,64189.26118827756,-90.2628242969513,0.0,22466.377150688866,160.55611297498325,0.0,0.0039277230748392565,4.666275900801007,3719961,d3caadd556870d6a59cc5ef3930e5fabfad7bc9f109956e5ba4992ca49eda5a8,audits/paper_extras/negwealth_7arms/bench7_seed303_det.json,audits/paper_extras/v4_runs/v2/bench2_seed303_det.json
303,det,saez+rl_aux,9,51,178.0483212812466,772.2020026914043,0.23057220864577344,34,44,0.9458333333333333,-19.52254414759299,KHONG CO,KHONG CO,59088.830801391945,5050.58535473864,57631.66457927765,-90.2628242969513,0.0,21417.478009004157,129.87898357708855,0.0,0.00323089560631358,4.6120595255038666,3719961,d3caadd556870d6a59cc5ef3930e5fabfad7bc9f109956e5ba4992ca49eda5a8,audits/paper_extras/negwealth_7arms/bench7_seed303_det.json,audits/paper_extras/v4_runs/v2/bench2_seed303_det.json
303,exp,rl_learned,0,42,368.88562438387737,973.4507345135819,0.3789463722251992,0,,0.041666666666666664,,KHONG CO,KHONG CO,11324.35597113117,43.19414487813096,10786.596960786208,-76.23576682806015,11.62465101714979,15598.6452246149,,,0.005503907347561325,,3719961,d3caadd556870d6a59cc5ef3930e5fabfad7bc9f109956e5ba4992ca49eda5a8,audits/paper_extras/negwealth_7arms/bench7_seed303_exp.json,KHONG CO (che do lay mau v1)
303,exp,rl_learned,1,43,418.1002921965962,988.5476336638745,0.4229440018453966,0,,0.07916666666666666,,KHONG CO,KHONG CO,11335.953198818135,49.12758561832711,10962.807424523646,-63.73614549636841,13.766492176328487,15046.376846857569,,,0.007589326373913464,,3719961,d3caadd556870d6a59cc5ef3930e5fabfad7bc9f109956e5ba4992ca49eda5a8,audits/paper_extras/negwealth_7arms/bench7_seed303_exp.json,KHONG CO (che do lay mau v1)
303,exp,rl_learned,2,44,327.02853352060316,1012.6334132317381,0.32294859052390723,0,,0.1625,,KHONG CO,KHONG CO,12121.328872482714,91.92373238523528,11703.831888959994,-82.21731171011925,6.797182144294124,15231.509870723155,,,0.005366172320788713,,3719961,d3caadd556870d6a59cc5ef3930e5fabfad7bc9f109956e5ba4992ca49eda5a8,audits/paper_extras/negwealth_7arms/bench7_seed303_exp.json,KHONG CO (che do lay mau v1)
303,exp,rl_learned,3,45,351.003473450679,953.2274010935471,0.36822637814230486,0,,0.08333333333333333,,KHONG CO,KHONG CO,12804.474445390473,130.25533848007473,12700.532109747322,-84.36863587796688,20.45714470629372,14991.426295641346,,,0.006650488530726875,,3719961,d3caadd556870d6a59cc5ef3930e5fabfad7bc9f109956e5ba4992ca49eda5a8,audits/paper_extras/negwealth_7arms/bench7_seed303_exp.json,KHONG CO (che do lay mau v1)
303,exp,rl_learned,4,46,325.7988601491459,873.6198235339153,0.3729297932265818,0,,0.016666666666666666,,KHONG CO,KHONG CO,12000.858177237938,161.67355975554128,11903.71842842128,-80.58498068153858,0.0,15019.684734922468,,,0.0032247431284318476,,3719961,d3caadd556870d6a59cc5ef3930e5fabfad7bc9f109956e5ba4992ca49eda5a8,audits/paper_extras/negwealth_7arms/bench7_seed303_exp.json,KHONG CO (che do lay mau v1)
303,exp,rl_learned,5,47,382.5590290629283,923.8162893104792,0.4141072564854468,0,,0.07083333333333333,,KHONG CO,KHONG CO,12106.265628033132,58.305430133583805,11848.119055476856,-81.2002986073494,3.8785913315974643,15010.173304536187,,,0.006961699785210833,,3719961,d3caadd556870d6a59cc5ef3930e5fabfad7bc9f109956e5ba4992ca49eda5a8,audits/paper_extras/negwealth_7arms/bench7_seed303_exp.json,KHONG CO (che do lay mau v1)
303,exp,rl_learned,6,48,363.3950638673731,928.9179584675625,0.39120253899156665,0,,0.004166666666666667,,KHONG CO,KHONG CO,12028.948425112927,126.27713433078263,11758.975879347947,-88.03477294743061,7.49387588453543,15078.665647204523,,,0.00785942506877819,,3719961,d3caadd556870d6a59cc5ef3930e5fabfad7bc9f109956e5ba4992ca49eda5a8,audits/paper_extras/negwealth_7arms/bench7_seed303_exp.json,KHONG CO (che do lay mau v1)
303,exp,rl_learned,7,49,370.4434602678335,930.5315178074877,0.3980987781485037,0,,0.0125,,KHONG CO,KHONG CO,11971.616175587968,131.15405965523317,11750.775256098837,-80.1756861358881,7.958910971473698,15014.162785493685,,,0.006727748926466868,,3719961,d3caadd556870d6a59cc5ef3930e5fabfad7bc9f109956e5ba4992ca49eda5a8,audits/paper_extras/negwealth_7arms/bench7_seed303_exp.json,KHONG CO (che do lay mau v1)
303,exp,rl_learned,8,50,388.48554408193445,915.5778502263262,0.4243064027661906,0,,0.004166666666666667,,KHONG CO,KHONG CO,12833.559538463,75.93050511721842,12587.293566986671,-68.6409850269556,10.76223824817803,15075.790873336746,,,0.005796204509334996,,3719961,d3caadd556870d6a59cc5ef3930e5fabfad7bc9f109956e5ba4992ca49eda5a8,audits/paper_extras/negwealth_7arms/bench7_seed303_exp.json,KHONG CO (che do lay mau v1)
303,exp,rl_learned,9,51,372.6127107827457,852.4681490486091,0.4370986894919152,0,,0.0875,,KHONG CO,KHONG CO,12564.996036257435,114.33219886323005,12231.044137590205,-81.78225995600226,28.86716298027268,15058.321836496922,,,0.005784075912846495,,3719961,d3caadd556870d6a59cc5ef3930e5fabfad7bc9f109956e5ba4992ca49eda5a8,audits/paper_extras/negwealth_7arms/bench7_seed303_exp.json,KHONG CO (che do lay mau v1)
303,exp,free_market,0,42,361.6498649958431,878.3149213541657,0.4117542082038862,0,,0.0,,KHONG CO,KHONG CO,0.0,0.0,0.0,0.0,0.0,14992.659319768743,,,0.00511840267864196,,3719961,d3caadd556870d6a59cc5ef3930e5fabfad7bc9f109956e5ba4992ca49eda5a8,audits/paper_extras/negwealth_7arms/bench7_seed303_exp.json,KHONG CO (che do lay mau v1)
303,exp,free_market,1,43,385.8060347027183,895.8321468477758,0.4306677719261133,0,,0.0,,KHONG CO,KHONG CO,0.0,0.0,0.0,0.0,0.0,14997.699020661297,,,0.004775360062692189,,3719961,d3caadd556870d6a59cc5ef3930e5fabfad7bc9f109956e5ba4992ca49eda5a8,audits/paper_extras/negwealth_7arms/bench7_seed303_exp.json,KHONG CO (che do lay mau v1)
303,exp,free_market,2,44,326.94004169322113,938.1025782691142,0.34851203830657373,1,,0.0,,KHONG CO,KHONG CO,0.0,0.0,0.0,0.0,0.0,14574.152903463075,,,0.005444284166201028,,3719961,d3caadd556870d6a59cc5ef3930e5fabfad7bc9f109956e5ba4992ca49eda5a8,audits/paper_extras/negwealth_7arms/bench7_seed303_exp.json,KHONG CO (che do lay mau v1)
303,exp,free_market,3,45,381.8625830562356,959.6768268167804,0.39790747508498514,0,,0.0,,KHONG CO,KHONG CO,0.0,0.0,0.0,0.0,0.0,14960.064270906916,,,0.005411934966528644,,3719961,d3caadd556870d6a59cc5ef3930e5fabfad7bc9f109956e5ba4992ca49eda5a8,audits/paper_extras/negwealth_7arms/bench7_seed303_exp.json,KHONG CO (che do lay mau v1)
303,exp,free_market,4,46,311.7651921008162,808.6357193367461,0.38554467066645315,0,,0.0,,KHONG CO,KHONG CO,0.0,0.0,0.0,0.0,0.0,14996.683729498449,,,0.006692182853920773,,3719961,d3caadd556870d6a59cc5ef3930e5fabfad7bc9f109956e5ba4992ca49eda5a8,audits/paper_extras/negwealth_7arms/bench7_seed303_exp.json,KHONG CO (che do lay mau v1)
303,exp,free_market,5,47,403.5991698611812,882.7025783742654,0.4572312121309511,0,,0.0,,KHONG CO,KHONG CO,0.0,0.0,0.0,0.0,0.0,14995.388390624616,,,0.0042304910170954954,,3719961,d3caadd556870d6a59cc5ef3930e5fabfad7bc9f109956e5ba4992ca49eda5a8,audits/paper_extras/negwealth_7arms/bench7_seed303_exp.json,KHONG CO (che do lay mau v1)
303,exp,free_market,6,48,419.6386146522286,907.5018665566236,0.46241074549464334,0,,0.0,,KHONG CO,KHONG CO,0.0,0.0,0.0,0.0,0.0,14583.74156659256,,,0.006929640953603664,,3719961,d3caadd556870d6a59cc5ef3930e5fabfad7bc9f109956e5ba4992ca49eda5a8,audits/paper_extras/negwealth_7arms/bench7_seed303_exp.json,KHONG CO (che do lay mau v1)
303,exp,free_market,7,49,492.3203767727705,945.3079999306358,0.5208042001219663,0,,0.0,,KHONG CO,KHONG CO,0.0,0.0,0.0,0.0,0.0,14541.935836435405,,,0.005516748301549427,,3719961,d3caadd556870d6a59cc5ef3930e5fabfad7bc9f109956e5ba4992ca49eda5a8,audits/paper_extras/negwealth_7arms/bench7_seed303_exp.json,KHONG CO (che do lay mau v1)
303,exp,free_market,8,50,409.2010052871063,925.6075010965117,0.4420891196347808,0,,0.0,,KHONG CO,KHONG CO,0.0,0.0,0.0,0.0,0.0,14915.716203788876,,,0.0050535398296333595,,3719961,d3caadd556870d6a59cc5ef3930e5fabfad7bc9f109956e5ba4992ca49eda5a8,audits/paper_extras/negwealth_7arms/bench7_seed303_exp.json,KHONG CO (che do lay mau v1)
303,exp,free_market,9,51,358.8519400750801,836.0787265095151,0.42920831340037224,0,,0.0,,KHONG CO,KHONG CO,0.0,0.0,0.0,0.0,0.0,14603.212117871659,,,0.006577573266389498,,3719961,d3caadd556870d6a59cc5ef3930e5fabfad7bc9f109956e5ba4992ca49eda5a8,audits/paper_extras/negwealth_7arms/bench7_seed303_exp.json,KHONG CO (che do lay mau v1)
303,exp,us_federal,0,42,277.20726836826907,880.0508762562015,0.31499004869755753,0,,0.6041666666666666,,KHONG CO,KHONG CO,9270.695535391229,265.32060571803686,9522.990667296704,0.0,6.668972559536746,14574.204502116667,,,0.004560974145521356,,3719961,d3caadd556870d6a59cc5ef3930e5fabfad7bc9f109956e5ba4992ca49eda5a8,audits/paper_extras/negwealth_7arms/bench7_seed303_exp.json,KHONG CO (che do lay mau v1)
303,exp,us_federal,1,43,369.9151164937556,962.7682724967166,0.3842203020821058,0,,0.7833333333333333,,KHONG CO,KHONG CO,9777.441176711238,336.71041921359813,10058.876923115986,0.0,0.0,15041.789850524781,,,0.005404118322439527,,3719961,d3caadd556870d6a59cc5ef3930e5fabfad7bc9f109956e5ba4992ca49eda5a8,audits/paper_extras/negwealth_7arms/bench7_seed303_exp.json,KHONG CO (che do lay mau v1)
303,exp,us_federal,2,44,301.47972115467763,959.5444386376465,0.3141904731194275,0,,0.7166666666666667,,KHONG CO,KHONG CO,9598.597696505643,283.8200985872484,9866.462877044658,0.0,7.953947870341055,14992.046052129657,,,0.0073663229842820515,,3719961,d3caadd556870d6a59cc5ef3930e5fabfad7bc9f109956e5ba4992ca49eda5a8,audits/paper_extras/negwealth_7arms/bench7_seed303_exp.json,KHONG CO (che do lay mau v1)
303,exp,us_federal,3,45,363.5796318673339,954.1610864502784,0.38104638412780223,0,,0.6916666666666667,,KHONG CO,KHONG CO,10130.398613460377,403.07420345315757,10520.143689933451,0.0,3.300000049173832,14910.125278174857,,,0.004619323623932007,,3719961,d3caadd556870d6a59cc5ef3930e5fabfad7bc9f109956e5ba4992ca49eda5a8,audits/paper_extras/negwealth_7arms/bench7_seed303_exp.json,KHONG CO (che do lay mau v1)
303,exp,us_federal,4,46,300.70671817431486,865.2078319947889,0.34755431822781513,0,,0.8416666666666667,,KHONG CO,KHONG CO,10109.323329574627,316.9399050993427,10413.624863739886,0.0,30.087036362528416,14553.70275667609,,,0.006348903294076695,,3719961,d3caadd556870d6a59cc5ef3930e5fabfad7bc9f109956e5ba4992ca49eda5a8,audits/paper_extras/negwealth_7arms/bench7_seed303_exp.json,KHONG CO (che do lay mau v1)
303,exp,us_federal,5,47,334.52895295527213,907.56445779666,0.36860076447619483,0,,0.7083333333333334,,KHONG CO,KHONG CO,9667.412052031887,311.7054255472632,9966.222208974796,0.0,9.021647463388181,14985.99806095409,,,0.007114491542219464,,3719961,d3caadd556870d6a59cc5ef3930e5fabfad7bc9f109956e5ba4992ca49eda5a8,audits/paper_extras/negwealth_7arms/bench7_seed303_exp.json,KHONG CO (che do lay mau v1)
303,exp,us_federal,6,48,276.3045010499659,872.2910124067892,0.31675724857877186,1,,0.7166666666666667,,KHONG CO,KHONG CO,10057.834071522233,321.34854944054445,10366.421014979438,0.0,18.04388543651386,14981.956114563483,,,0.00867987181037699,,3719961,d3caadd556870d6a59cc5ef3930e5fabfad7bc9f109956e5ba4992ca49eda5a8,audits/paper_extras/negwealth_7arms/bench7_seed303_exp.json,KHONG CO (che do lay mau v1)
303,exp,us_federal,7,49,318.5408087467631,936.2282687518419,0.3402384005894571,0,,0.6166666666666667,,KHONG CO,KHONG CO,9291.84797890375,379.43747914819426,9657.356850599495,0.0,6.219258109435689,14650.450343855551,,,0.006736824168948414,,3719961,d3caadd556870d6a59cc5ef3930e5fabfad7bc9f109956e5ba4992ca49eda5a8,audits/paper_extras/negwealth_7arms/bench7_seed303_exp.json,KHONG CO (che do lay mau v1)
303,exp,us_federal,8,50,353.40222011058523,897.8905905774016,0.3935916288902469,0,,0.6958333333333333,,KHONG CO,KHONG CO,10339.035008069233,365.53293627360637,10691.500628476817,0.0,6.851562254504429,14578.465167043241,,,0.005303218130895666,,3719961,d3caadd556870d6a59cc5ef3930e5fabfad7bc9f109956e5ba4992ca49eda5a8,audits/paper_extras/negwealth_7arms/bench7_seed303_exp.json,KHONG CO (che do lay mau v1)
303,exp,us_federal,9,51,234.49009635171933,828.8061429810045,0.2829251427943309,0,,0.6833333333333333,,KHONG CO,KHONG CO,9604.75726551926,279.96569989240373,9873.169064643167,0.0,1.3500000201165676,14573.891110278157,,,0.005220691683218527,,3719961,d3caadd556870d6a59cc5ef3930e5fabfad7bc9f109956e5ba4992ca49eda5a8,audits/paper_extras/negwealth_7arms/bench7_seed303_exp.json,KHONG CO (che do lay mau v1)
303,exp,saez,0,42,274.4988685148343,808.3203807607177,0.33959167063992735,27,,0.9458333333333333,,KHONG CO,KHONG CO,61059.82648323752,6735.210681172523,67757.39892718341,0.0,278.61104795517804,14626.51603539878,,,0.02516885179840561,,3719961,d3caadd556870d6a59cc5ef3930e5fabfad7bc9f109956e5ba4992ca49eda5a8,audits/paper_extras/negwealth_7arms/bench7_seed303_exp.json,KHONG CO (che do lay mau v1)
303,exp,saez,1,43,318.7928549516218,890.3058810328274,0.3580711548055777,27,,0.9416666666666667,,KHONG CO,KHONG CO,60529.43164451802,3041.279743548879,63528.30361147689,0.0,229.1978528584985,14629.790155865438,,,0.023821834712443552,,3719961,d3caadd556870d6a59cc5ef3930e5fabfad7bc9f109956e5ba4992ca49eda5a8,audits/paper_extras/negwealth_7arms/bench7_seed303_exp.json,KHONG CO (che do lay mau v1)
303,exp,saez,2,44,292.60951792309555,926.7066558775599,0.31575204091526055,44,,0.9458333333333333,,KHONG CO,KHONG CO,61458.364674174,3195.849473442392,64437.29571211435,0.0,76.79449289192364,15065.036470774354,,,0.019080503631519186,,3719961,d3caadd556870d6a59cc5ef3930e5fabfad7bc9f109956e5ba4992ca49eda5a8,audits/paper_extras/negwealth_7arms/bench7_seed303_exp.json,KHONG CO (che do lay mau v1)
303,exp,saez,3,45,254.42773736853175,903.9593075969266,0.28145928166268797,22,,0.9375,,KHONG CO,KHONG CO,63437.03086037933,4034.47003525013,67426.52414778904,0.0,202.878701760502,14627.579622409325,,,0.019866389810048415,,3719961,d3caadd556870d6a59cc5ef3930e5fabfad7bc9f109956e5ba4992ca49eda5a8,audits/paper_extras/negwealth_7arms/bench7_seed303_exp.json,KHONG CO (che do lay mau v1)
303,exp,saez,4,46,204.18447099932936,794.1079335553591,0.2571243308011797,31,,0.9458333333333333,,KHONG CO,KHONG CO,58141.1919654149,4723.517155232541,62819.467269502544,0.0,219.45683234628515,14637.964760737452,,,0.027735992383667953,,3719961,d3caadd556870d6a59cc5ef3930e5fabfad7bc9f109956e5ba4992ca49eda5a8,audits/paper_extras/negwealth_7arms/bench7_seed303_exp.json,KHONG CO (che do lay mau v1)
303,exp,saez,5,47,300.4707852384003,877.8817208061876,0.34226795947234,21,,0.9416666666666667,,KHONG CO,KHONG CO,58452.696909479586,3662.9840130750567,62073.17026635208,0.0,190.04828808692824,11685.988872102114,,,0.02473754325092842,,3719961,d3caadd556870d6a59cc5ef3930e5fabfad7bc9f109956e5ba4992ca49eda5a8,audits/paper_extras/negwealth_7arms/bench7_seed303_exp.json,KHONG CO (che do lay mau v1)
303,exp,saez,6,48,229.03679796766914,833.8746226811608,0.2746657491881047,33,,0.9375,,KHONG CO,KHONG CO,60807.96654558245,4517.3201748549245,65094.12843909309,0.0,128.17207261452717,15045.067525139255,,,0.023947949839755015,,3719961,d3caadd556870d6a59cc5ef3930e5fabfad7bc9f109956e5ba4992ca49eda5a8,audits/paper_extras/negwealth_7arms/bench7_seed303_exp.json,KHONG CO (che do lay mau v1)
303,exp,saez,7,49,288.50919152349036,883.4311839892454,0.3265780026245967,30,,0.95,,KHONG CO,KHONG CO,65965.24492833969,3382.7712304391343,69309.24431162875,0.0,279.83423493948453,14692.93896563993,,,0.029920339074930115,,3719961,d3caadd556870d6a59cc5ef3930e5fabfad7bc9f109956e5ba4992ca49eda5a8,audits/paper_extras/negwealth_7arms/bench7_seed303_exp.json,KHONG CO (che do lay mau v1)
303,exp,saez,8,50,322.5837542681956,916.8159661549117,0.35185224317274766,24,,0.9458333333333333,,KHONG CO,KHONG CO,58090.03851282337,4656.4968744377475,62701.118687535025,0.0,180.75101158414435,11648.775314126337,,,0.023258263512273794,,3719961,d3caadd556870d6a59cc5ef3930e5fabfad7bc9f109956e5ba4992ca49eda5a8,audits/paper_extras/negwealth_7arms/bench7_seed303_exp.json,KHONG CO (che do lay mau v1)
303,exp,saez,9,51,310.77757751354346,715.5510225609003,0.434319241696134,41,,0.9458333333333333,,KHONG CO,KHONG CO,56704.22262778928,4010.9334389969413,60630.87315609225,0.0,292.09533691636443,11725.606302023169,,,0.026640281889204732,,3719961,d3caadd556870d6a59cc5ef3930e5fabfad7bc9f109956e5ba4992ca49eda5a8,audits/paper_extras/negwealth_7arms/bench7_seed303_exp.json,KHONG CO (che do lay mau v1)
303,exp,free_market+rl_aux,0,42,345.1401184455094,891.4480884781665,0.3871679382191672,0,,0.0,,KHONG CO,KHONG CO,0.0,0.0,0.0,-76.98262810707092,3.4461514959715833,15014.159253285568,,,0.004933780231865347,,3719961,d3caadd556870d6a59cc5ef3930e5fabfad7bc9f109956e5ba4992ca49eda5a8,audits/paper_extras/negwealth_7arms/bench7_seed303_exp.json,KHONG CO (che do lay mau v1)
303,exp,free_market+rl_aux,1,43,398.46338776390394,971.6219679305951,0.41010125431042843,0,,0.0,,KHONG CO,KHONG CO,0.0,0.0,0.0,-79.86947666108608,0.0,14888.906876843865,,,0.004715302155076153,,3719961,d3caadd556870d6a59cc5ef3930e5fabfad7bc9f109956e5ba4992ca49eda5a8,audits/paper_extras/negwealth_7arms/bench7_seed303_exp.json,KHONG CO (che do lay mau v1)
303,exp,free_market+rl_aux,2,44,327.2877838976704,935.8504195325075,0.34972232428037264,0,,0.0,,KHONG CO,KHONG CO,0.0,0.0,0.0,-76.98262810707092,6.160047142990472,14942.614121496881,,,0.0059208061062473154,,3719961,d3caadd556870d6a59cc5ef3930e5fabfad7bc9f109956e5ba4992ca49eda5a8,audits/paper_extras/negwealth_7arms/bench7_seed303_exp.json,KHONG CO (che do lay mau v1)
303,exp,free_market+rl_aux,3,45,365.77106990043586,926.2201534128976,0.39490726751373073,0,,0.0,,KHONG CO,KHONG CO,0.0,0.0,0.0,-76.98262810707092,0.0,14595.864305262425,,,0.0030700691586361645,,3719961,d3caadd556870d6a59cc5ef3930e5fabfad7bc9f109956e5ba4992ca49eda5a8,audits/paper_extras/negwealth_7arms/bench7_seed303_exp.json,KHONG CO (che do lay mau v1)
303,exp,free_market+rl_aux,4,46,369.92823738973067,870.2444694212684,0.4250854218421417,2,,0.0,,KHONG CO,KHONG CO,0.0,0.0,0.0,-78.58643285930157,10.884439348111455,14989.068792793318,,,0.005791722436865708,,3719961,d3caadd556870d6a59cc5ef3930e5fabfad7bc9f109956e5ba4992ca49eda5a8,audits/paper_extras/negwealth_7arms/bench7_seed303_exp.json,KHONG CO (che do lay mau v1)
303,exp,free_market+rl_aux,5,47,367.0240267715799,930.4799958350653,0.3944459079339925,0,,0.0,,KHONG CO,KHONG CO,0.0,0.0,0.0,-80.83175951242447,15.660678221130368,14978.890734302351,,,0.007644013319999707,,3719961,d3caadd556870d6a59cc5ef3930e5fabfad7bc9f109956e5ba4992ca49eda5a8,audits/paper_extras/negwealth_7arms/bench7_seed303_exp.json,KHONG CO (che do lay mau v1)
303,exp,free_market+rl_aux,6,48,406.5933317014966,903.2580766866016,0.450140820431955,0,,0.0,,KHONG CO,KHONG CO,0.0,0.0,0.0,-79.86947666108608,5.1441262940361,14605.070590699808,,,0.006550036870204739,,3719961,d3caadd556870d6a59cc5ef3930e5fabfad7bc9f109956e5ba4992ca49eda5a8,audits/paper_extras/negwealth_7arms/bench7_seed303_exp.json,KHONG CO (che do lay mau v1)
303,exp,free_market+rl_aux,7,49,405.3505923018622,928.4905849852559,0.4365694158420562,0,,0.0,,KHONG CO,KHONG CO,0.0,0.0,0.0,-78.9071938097477,7.103340131270489,14962.014719848474,,,0.004560912394712311,,3719961,d3caadd556870d6a59cc5ef3930e5fabfad7bc9f109956e5ba4992ca49eda5a8,audits/paper_extras/negwealth_7arms/bench7_seed303_exp.json,KHONG CO (che do lay mau v1)
303,exp,free_market+rl_aux,8,50,388.8842111495203,886.234517013012,0.4388050833996241,0,,0.0,,KHONG CO,KHONG CO,0.0,0.0,0.0,-76.98262810707092,7.915528917542882,14625.0350827254,,,0.004106054138153153,,3719961,d3caadd556870d6a59cc5ef3930e5fabfad7bc9f109956e5ba4992ca49eda5a8,audits/paper_extras/negwealth_7arms/bench7_seed303_exp.json,KHONG CO (che do lay mau v1)
303,exp,free_market+rl_aux,9,51,283.3273000088041,847.2882756344768,0.33439303735985193,0,,0.0,,KHONG CO,KHONG CO,0.0,0.0,0.0,-80.19023761153221,8.315846481181346,15048.131051674089,,,0.005404136263938119,,3719961,d3caadd556870d6a59cc5ef3930e5fabfad7bc9f109956e5ba4992ca49eda5a8,audits/paper_extras/negwealth_7arms/bench7_seed303_exp.json,KHONG CO (che do lay mau v1)
303,exp,us_federal+rl_aux,0,42,313.3463934624326,929.7183678224816,0.3370336698804065,0,,0.7041666666666667,,KHONG CO,KHONG CO,10063.269869101056,303.43519434138625,9133.575551329224,-76.98262810707092,14.088714476550145,15844.247986780947,,,0.005667439000481415,,3719961,d3caadd556870d6a59cc5ef3930e5fabfad7bc9f109956e5ba4992ca49eda5a8,audits/paper_extras/negwealth_7arms/bench7_seed303_exp.json,KHONG CO (che do lay mau v1)
303,exp,us_federal+rl_aux,1,43,321.1666259135745,990.0673370812235,0.3243886692196033,0,,0.6791666666666667,,KHONG CO,KHONG CO,9398.602830548441,318.88011362076986,8536.491025476067,-76.98262810707092,6.824795528823099,16011.08296358505,,,0.004794542345568903,,3719961,d3caadd556870d6a59cc5ef3930e5fabfad7bc9f109956e5ba4992ca49eda5a8,audits/paper_extras/negwealth_7arms/bench7_seed303_exp.json,KHONG CO (che do lay mau v1)
303,exp,us_federal+rl_aux,2,44,290.5861967452251,953.5455987051434,0.30474284306888244,0,,0.6583333333333333,,KHONG CO,KHONG CO,9587.4839730169,288.81078215296685,8673.453433341116,-81.1525204628706,20.37272788007185,16010.128430597679,,,0.007788629636603565,,3719961,d3caadd556870d6a59cc5ef3930e5fabfad7bc9f109956e5ba4992ca49eda5a8,audits/paper_extras/negwealth_7arms/bench7_seed303_exp.json,KHONG CO (che do lay mau v1)
303,exp,us_federal+rl_aux,3,45,356.43449870693195,953.5585821688644,0.3737940231173038,0,,0.6791666666666667,,KHONG CO,KHONG CO,10133.311016852851,417.2533629905577,9270.73104033572,-76.98262810707092,2.26801760494709,15896.367589758607,,,0.0045023977133723195,,3719961,d3caadd556870d6a59cc5ef3930e5fabfad7bc9f109956e5ba4992ca49eda5a8,audits/paper_extras/negwealth_7arms/bench7_seed303_exp.json,KHONG CO (che do lay mau v1)
303,exp,us_federal+rl_aux,4,46,248.28610236797545,856.7709514151965,0.2897928576568354,3,,0.7625,,KHONG CO,KHONG CO,10037.826238598567,271.04703789478543,9083.620686007584,-89.49230517446995,46.75830542023351,16036.65178517674,,,0.009955823624603063,,3719961,d3caadd556870d6a59cc5ef3930e5fabfad7bc9f109956e5ba4992ca49eda5a8,audits/paper_extras/negwealth_7arms/bench7_seed303_exp.json,KHONG CO (che do lay mau v1)
303,exp,us_federal+rl_aux,5,47,329.2342437778174,934.0147004118033,0.35249364237271574,0,,0.6625,,KHONG CO,KHONG CO,10025.831572903979,255.16706601376978,9043.175068332761,-76.98262810707092,9.521545692088962,15958.582691198682,,,0.004302169682631756,,3719961,d3caadd556870d6a59cc5ef3930e5fabfad7bc9f109956e5ba4992ca49eda5a8,audits/paper_extras/negwealth_7arms/bench7_seed303_exp.json,KHONG CO (che do lay mau v1)
303,exp,us_federal+rl_aux,6,48,315.95262657873974,882.1171543607159,0.35817535688637137,0,,0.7583333333333333,,KHONG CO,KHONG CO,10409.630995758489,330.2090817403079,9461.560325488572,-76.98262810707092,22.518771016895332,15997.246848606444,,,0.005525716943717395,,3719961,d3caadd556870d6a59cc5ef3930e5fabfad7bc9f109956e5ba4992ca49eda5a8,audits/paper_extras/negwealth_7arms/bench7_seed303_exp.json,KHONG CO (che do lay mau v1)
303,exp,us_federal+rl_aux,7,49,297.0175240960807,930.358979603344,0.3192504512857105,0,,0.5208333333333334,,KHONG CO,KHONG CO,9561.457605331452,430.6482424217936,8803.763050481257,-79.86947666108608,2.26801760494709,15925.130684649215,,,0.006169231735846895,,3719961,d3caadd556870d6a59cc5ef3930e5fabfad7bc9f109956e5ba4992ca49eda5a8,audits/paper_extras/negwealth_7arms/bench7_seed303_exp.json,KHONG CO (che do lay mau v1)
303,exp,us_federal+rl_aux,8,50,329.4138104322841,947.0395565640733,0.34783532340235157,0,,0.6708333333333333,,KHONG CO,KHONG CO,10631.7669520353,396.8775370804801,9700.641716267597,-76.98262810707092,8.487366839751335,16021.022724950202,,,0.0047481080268308145,,3719961,d3caadd556870d6a59cc5ef3930e5fabfad7bc9f109956e5ba4992ca49eda5a8,audits/paper_extras/negwealth_7arms/bench7_seed303_exp.json,KHONG CO (che do lay mau v1)
303,exp,us_federal+rl_aux,9,51,237.1637831670828,836.1162215142233,0.28364930265026367,4,,0.7,,KHONG CO,KHONG CO,9651.237549348612,379.1904443392974,8821.953367250373,-102.00198224186897,20.368296478217456,16009.739475310058,,,0.013578862914851934,,3719961,d3caadd556870d6a59cc5ef3930e5fabfad7bc9f109956e5ba4992ca49eda5a8,audits/paper_extras/negwealth_7arms/bench7_seed303_exp.json,KHONG CO (che do lay mau v1)
303,exp,saez+rl_aux,0,42,194.58602175058297,876.9346133878612,0.22189342144773927,33,,0.9416666666666667,,KHONG CO,KHONG CO,61411.993413696386,3670.343283536,57333.327325877646,-150.75764670968056,389.4895940782794,22395.126951944098,,,0.03246976638735388,,3719961,d3caadd556870d6a59cc5ef3930e5fabfad7bc9f109956e5ba4992ca49eda5a8,audits/paper_extras/negwealth_7arms/bench7_seed303_exp.json,KHONG CO (che do lay mau v1)
303,exp,saez+rl_aux,1,43,222.21116681679192,960.4728989889164,0.23135599874885815,28,,0.9416666666666667,,KHONG CO,KHONG CO,56948.59776088664,3040.6201637644535,52762.280328857996,-118.36079071462154,226.0472080641939,21892.00465409426,,,0.022971142803283117,,3719961,d3caadd556870d6a59cc5ef3930e5fabfad7bc9f109956e5ba4992ca49eda5a8,audits/paper_extras/negwealth_7arms/bench7_seed303_exp.json,KHONG CO (che do lay mau v1)
303,exp,saez+rl_aux,2,44,218.77256826488545,1040.764899393487,0.2102036381053749,28,,0.9333333333333333,,KHONG CO,KHONG CO,52878.341650314076,2418.1637926786016,48500.10571066705,-126.7005754262209,267.39636543592195,18501.564874832762,,,0.026915649962237106,,3719961,d3caadd556870d6a59cc5ef3930e5fabfad7bc9f109956e5ba4992ca49eda5a8,audits/paper_extras/negwealth_7arms/bench7_seed303_exp.json,KHONG CO (che do lay mau v1)
303,exp,saez+rl_aux,3,45,210.75923032957627,950.439267728109,0.2217492873935717,30,,0.9333333333333333,,KHONG CO,KHONG CO,60811.82380691402,3697.374311016675,56773.84694428567,-118.36079071462154,270.15083556244997,22363.983918956143,,,0.022730628830552005,,3719961,d3caadd556870d6a59cc5ef3930e5fabfad7bc9f109956e5ba4992ca49eda5a8,audits/paper_extras/negwealth_7arms/bench7_seed303_exp.json,KHONG CO (che do lay mau v1)
303,exp,saez+rl_aux,4,46,198.22373482663838,809.6927578547974,0.2448135208122807,34,,0.95,,KHONG CO,KHONG CO,60584.91526189628,4937.5213083545395,57370.92665584751,-127.66285827755928,265.07687290100796,22896.591376136046,,,0.027190556556561222,,3719961,d3caadd556870d6a59cc5ef3930e5fabfad7bc9f109956e5ba4992ca49eda5a8,audits/paper_extras/negwealth_7arms/bench7_seed303_exp.json,KHONG CO (che do lay mau v1)
303,exp,saez+rl_aux,5,47,199.10974233599714,896.5978605449324,0.22207251555896268,26,,0.9458333333333333,,KHONG CO,KHONG CO,58127.71583186198,2739.3325883344282,53583.03606417012,-135.6818820387125,317.47958652351605,21955.64672733275,,,0.02885675376434407,,3719961,d3caadd556870d6a59cc5ef3930e5fabfad7bc9f109956e5ba4992ca49eda5a8,audits/paper_extras/negwealth_7arms/bench7_seed303_exp.json,KHONG CO (che do lay mau v1)
303,exp,saez+rl_aux,6,48,211.34495456941787,943.4237498833911,0.2240191161135603,30,,0.9416666666666667,,KHONG CO,KHONG CO,59552.68808995438,5034.6181573851645,56616.70290352153,-133.75731633603573,384.4066992034419,20858.473021628328,,,0.029705022531960484,,3719961,d3caadd556870d6a59cc5ef3930e5fabfad7bc9f109956e5ba4992ca49eda5a8,audits/paper_extras/negwealth_7arms/bench7_seed303_exp.json,KHONG CO (che do lay mau v1)
303,exp,saez+rl_aux,7,49,213.42162561339003,963.6880382169921,0.22146339598472242,26,,0.9416666666666667,,KHONG CO,KHONG CO,62332.78787812025,3169.8589510707693,57654.34877336546,-126.37981447577477,249.52256956360216,22400.763998830542,,,0.025845946888966544,,3719961,d3caadd556870d6a59cc5ef3930e5fabfad7bc9f109956e5ba4992ca49eda5a8,audits/paper_extras/negwealth_7arms/bench7_seed303_exp.json,KHONG CO (che do lay mau v1)
303,exp,saez+rl_aux,8,50,194.75002816230105,894.3973632709162,0.21774441222643737,30,,0.9458333333333333,,KHONG CO,KHONG CO,59787.91685803502,4051.5272241868197,56179.28162108772,-143.70090579986572,334.69480271713195,22369.792810214833,,,0.029188879223486553,,3719961,d3caadd556870d6a59cc5ef3930e5fabfad7bc9f109956e5ba4992ca49eda5a8,audits/paper_extras/negwealth_7arms/bench7_seed303_exp.json,KHONG CO (che do lay mau v1)
303,exp,saez+rl_aux,9,51,184.7019302183806,777.7880322888745,0.23747077937782068,35,,0.9416666666666667,,KHONG CO,KHONG CO,58100.32469398676,5412.71123866787,55963.54874340902,-131.51198968291283,306.09888250304044,21979.641972281974,,,0.028324602138452802,,3719961,d3caadd556870d6a59cc5ef3930e5fabfad7bc9f109956e5ba4992ca49eda5a8,audits/paper_extras/negwealth_7arms/bench7_seed303_exp.json,KHONG CO (che do lay mau v1)
404,det,rl_learned,0,42,442.4688495641804,948.2977282205187,0.46659275499317443,0,58,0.0,0.0,KHONG CO,KHONG CO,18496.071190298924,0.0,18332.95743420069,226.12825638055799,0.0,14936.805695103469,0.1798046142118126,0.0,0.0031865168287376574,4.12091009273352,58d2b54,3f576228eab2d2d327adc0d6d41f07ea8825a2366b97b7c99a3a9ab30eec136d,audits/paper_extras/v4_runs/v1/bench7_seed404_det.json,audits/paper_extras/v4_runs/v2/bench2_seed404_det.json
404,det,rl_learned,1,43,530.6100306072501,1045.5832835750305,0.507477538080948,0,63,0.0,0.0,KHONG CO,KHONG CO,20923.21661809876,0.0,20749.92638547212,251.6934953033924,0.0,14934.443698346717,0.0,12.846961023466434,0.003374234991142737,3.791550801917707,58d2b54,3f576228eab2d2d327adc0d6d41f07ea8825a2366b97b7c99a3a9ab30eec136d,audits/paper_extras/v4_runs/v1/bench7_seed404_det.json,audits/paper_extras/v4_runs/v2/bench2_seed404_det.json
404,det,rl_learned,2,44,438.0065535989956,1024.5708853166625,0.4275024401690095,0,71,0.0,0.0001721006674453296,KHONG CO,KHONG CO,20795.59335810402,0.0,20673.637545705096,248.33657848834991,0.0,14873.049024566932,0.5702093436362428,0.0,0.0036580308826411967,4.082055668637669,58d2b54,3f576228eab2d2d327adc0d6d41f07ea8825a2366b97b7c99a3a9ab30eec136d,audits/paper_extras/v4_runs/v1/bench7_seed404_det.json,audits/paper_extras/v4_runs/v2/bench2_seed404_det.json
404,det,rl_learned,3,45,488.92936040472546,990.8302926646643,0.4934541909188461,0,57,0.0,0.0,KHONG CO,KHONG CO,20556.465965237112,0.0,20496.161371627055,248.13692879676822,0.0,14813.061240529016,0.0,0.8935757157332445,0.0031479365818240777,4.0897946796946085,58d2b54,3f576228eab2d2d327adc0d6d41f07ea8825a2366b97b7c99a3a9ab30eec136d,audits/paper_extras/v4_runs/v1/bench7_seed404_det.json,audits/paper_extras/v4_runs/v2/bench2_seed404_det.json
404,det,rl_learned,4,46,423.0119152419555,925.6252423766582,0.45700127424768544,0,59,0.0,0.0,KHONG CO,KHONG CO,21855.198765881145,0.0,21791.23987490035,256.97007474303246,0.0,14807.276045190996,0.0,0.28722895323598896,0.003224743128431848,4.760809382737358,58d2b54,3f576228eab2d2d327adc0d6d41f07ea8825a2366b97b7c99a3a9ab30eec136d,audits/paper_extras/v4_runs/v1/bench7_seed404_det.json,audits/paper_extras/v4_runs/v2/bench2_seed404_det.json
404,det,rl_learned,5,47,494.20667714078735,1016.7179167881095,0.4860804250425963,0,70,0.0,0.0,KHONG CO,KHONG CO,20540.572060902043,0.0,20454.984577031748,248.84198606014257,0.0,14837.435166200168,0.0,0.6896683900190477,0.003623595620933208,4.197168945052112,58d2b54,3f576228eab2d2d327adc0d6d41f07ea8825a2366b97b7c99a3a9ab30eec136d,audits/paper_extras/v4_runs/v1/bench7_seed404_det.json,audits/paper_extras/v4_runs/v2/bench2_seed404_det.json
404,det,rl_learned,6,48,476.33784319199026,967.3391624807657,0.4924207161947314,0,71,0.0,0.0,KHONG CO,KHONG CO,20469.3372376177,0.0,20381.893803196468,242.2430602312088,0.0,14845.078933636129,0.12144055389120112,0.0,0.0036580308826411963,4.460624782932102,58d2b54,3f576228eab2d2d327adc0d6d41f07ea8825a2366b97b7c99a3a9ab30eec136d,audits/paper_extras/v4_runs/v1/bench7_seed404_det.json,audits/paper_extras/v4_runs/v2/bench2_seed404_det.json
404,det,rl_learned,7,49,487.5333522046347,986.2341433500176,0.49433834297055723,0,63,0.0,0.0,KHONG CO,KHONG CO,19113.02879220705,0.0,18944.96349468788,231.4925945699215,0.0,14936.077015412799,0.4956875364489446,0.0,0.0033742349911427367,3.9740543059511846,58d2b54,3f576228eab2d2d327adc0d6d41f07ea8825a2366b97b7c99a3a9ab30eec136d,audits/paper_extras/v4_runs/v1/bench7_seed404_det.json,audits/paper_extras/v4_runs/v2/bench2_seed404_det.json
404,det,rl_learned,8,50,455.89566859702086,960.4008934901334,0.474693090861545,0,69,0.0,0.023789030656977683,KHONG CO,KHONG CO,19913.934690570797,0.0,19722.39056144308,240.32934844493866,0.0,14950.460801258349,0.753979424427863,0.0,0.0035888733987109855,4.252705154015555,58d2b54,3f576228eab2d2d327adc0d6d41f07ea8825a2366b97b7c99a3a9ab30eec136d,audits/paper_extras/v4_runs/v1/bench7_seed404_det.json,audits/paper_extras/v4_runs/v2/bench2_seed404_det.json
404,det,rl_learned,9,51,434.57054599551765,912.7351790694495,0.4761189838640496,0,69,0.0,0.0,KHONG CO,KHONG CO,19686.57230640296,0.0,19515.61128597412,241.0469431579113,0.0,14929.146804562935,0.7672727079952728,0.0,0.0035888733987109855,4.683435814079309,58d2b54,3f576228eab2d2d327adc0d6d41f07ea8825a2366b97b7c99a3a9ab30eec136d,audits/paper_extras/v4_runs/v1/bench7_seed404_det.json,audits/paper_extras/v4_runs/v2/bench2_seed404_det.json
404,det,free_market,0,42,430.7238022693337,882.7767514649514,0.48791928599677736,0,55,0.0,5.295426164231287e-08,KHONG CO,KHONG CO,0.0,0.0,0.0,0.0,0.0,14526.00581802615,473.99418197385864,0.0,0.0030696875957546012,3.014237749501952,58d2b54,3f576228eab2d2d327adc0d6d41f07ea8825a2366b97b7c99a3a9ab30eec136d,audits/paper_extras/v4_runs/v1/bench7_seed404_det.json,audits/paper_extras/v4_runs/v2/bench2_seed404_det.json
404,det,free_market,1,43,555.9848556265463,1012.4477183361778,0.5491492010473715,0,71,0.0,1.512654446145234e-10,KHONG CO,KHONG CO,0.0,0.0,0.0,0.0,0.0,14917.033569963498,82.96643003650286,0.0,0.0036580308826411967,2.7185382866054457,58d2b54,3f576228eab2d2d327adc0d6d41f07ea8825a2366b97b7c99a3a9ab30eec136d,audits/paper_extras/v4_runs/v1/bench7_seed404_det.json,audits/paper_extras/v4_runs/v2/bench2_seed404_det.json
404,det,free_market,2,44,432.7488915343528,958.8677770841231,0.45131237265092394,0,74,0.0,2.270059473730157e-09,KHONG CO,KHONG CO,0.0,0.0,0.0,0.0,0.0,14893.802854827061,106.19714517293795,0.0,0.0037596613773967,2.922015355956892,58d2b54,3f576228eab2d2d327adc0d6d41f07ea8825a2366b97b7c99a3a9ab30eec136d,audits/paper_extras/v4_runs/v1/bench7_seed404_det.json,audits/paper_extras/v4_runs/v2/bench2_seed404_det.json
404,det,free_market,3,45,491.485029514765,942.6053523296073,0.5214112441649961,0,68,0.0,7.733761631101288e-09,KHONG CO,KHONG CO,0.0,0.0,0.0,0.0,0.0,14893.696428246361,106.30357175364071,0.0,0.0035538593931087447,2.985467942215298,58d2b54,3f576228eab2d2d327adc0d6d41f07ea8825a2366b97b7c99a3a9ab30eec136d,audits/paper_extras/v4_runs/v1/bench7_seed404_det.json,audits/paper_extras/v4_runs/v2/bench2_seed404_det.json
404,det,free_market,4,46,448.2035364003963,878.7527745965741,0.5100450881718828,0,66,0.0,7.6529249604107e-09,KHONG CO,KHONG CO,0.0,0.0,0.0,0.0,0.0,14844.52823036573,155.47176963427256,0.0,0.003482936123032932,3.3058583918207387,58d2b54,3f576228eab2d2d327adc0d6d41f07ea8825a2366b97b7c99a3a9ab30eec136d,audits/paper_extras/v4_runs/v1/bench7_seed404_det.json,audits/paper_extras/v4_runs/v2/bench2_seed404_det.json
404,det,free_market,5,47,485.7590253717056,939.9239664059896,0.5168067234513812,0,69,0.0,1.3460787151586828e-08,KHONG CO,KHONG CO,0.0,0.0,0.0,0.0,0.0,14795.348500945067,204.6514990549358,0.0,0.0035888733987109855,3.0008416027914064,58d2b54,3f576228eab2d2d327adc0d6d41f07ea8825a2366b97b7c99a3a9ab30eec136d,audits/paper_extras/v4_runs/v1/bench7_seed404_det.json,audits/paper_extras/v4_runs/v2/bench2_seed404_det.json
404,det,free_market,6,48,424.457652863749,873.766323026944,0.48577936878285954,0,58,0.0,2.5794555469360603e-07,KHONG CO,KHONG CO,0.0,0.0,0.0,0.0,0.0,14904.594326032762,95.40567396724293,0.0,0.003186516828737658,3.1791201831733793,58d2b54,3f576228eab2d2d327adc0d6d41f07ea8825a2366b97b7c99a3a9ab30eec136d,audits/paper_extras/v4_runs/v1/bench7_seed404_det.json,audits/paper_extras/v4_runs/v2/bench2_seed404_det.json
404,det,free_market,7,49,450.99595704672083,907.895098958676,0.4967489719506113,0,57,0.0,4.403403555341967e-06,KHONG CO,KHONG CO,0.0,0.0,0.0,0.0,0.0,14519.56807729225,480.43192270775313,0.0,0.003147936581824078,2.9001493550329998,58d2b54,3f576228eab2d2d327adc0d6d41f07ea8825a2366b97b7c99a3a9ab30eec136d,audits/paper_extras/v4_runs/v1/bench7_seed404_det.json,audits/paper_extras/v4_runs/v2/bench2_seed404_det.json
404,det,free_market,8,50,439.85090913705284,886.6172489509319,0.49610010368904467,0,54,0.0,2.911405065919581e-07,KHONG CO,KHONG CO,0.0,0.0,0.0,0.0,0.0,14896.517579812,103.48242018800528,0.0,0.0030300050560720616,3.064822018333928,58d2b54,3f576228eab2d2d327adc0d6d41f07ea8825a2366b97b7c99a3a9ab30eec136d,audits/paper_extras/v4_runs/v1/bench7_seed404_det.json,audits/paper_extras/v4_runs/v2/bench2_seed404_det.json
404,det,free_market,9,51,381.9888772102763,819.6484524415937,0.4660398931668769,0,49,0.0,2.9363167475260354e-07,KHONG CO,KHONG CO,0.0,0.0,0.0,0.0,0.0,14956.596188343374,43.403811656625464,0.0,0.0028257174137924796,3.336036241758372,58d2b54,3f576228eab2d2d327adc0d6d41f07ea8825a2366b97b7c99a3a9ab30eec136d,audits/paper_extras/v4_runs/v1/bench7_seed404_det.json,audits/paper_extras/v4_runs/v2/bench2_seed404_det.json
404,det,us_federal,0,42,387.0516658196858,900.4256954474341,0.42985408765723243,0,60,0.7083333333333334,-0.5752797745533094,KHONG CO,KHONG CO,10826.752224640864,161.8971925891946,10939.663723779855,0.0,0.0,15035.505828506968,13.479864943231584,0.0,0.0032626219163106357,3.286192935644387,58d2b54,3f576228eab2d2d327adc0d6d41f07ea8825a2366b97b7c99a3a9ab30eec136d,audits/paper_extras/v4_runs/v1/bench7_seed404_det.json,audits/paper_extras/v4_runs/v2/bench2_seed404_det.json
404,det,us_federal,1,43,457.05501620183054,984.1256755724188,0.46442748883264684,0,65,0.7666666666666667,-0.6305442872266955,KHONG CO,KHONG CO,10974.613564166268,165.35478046714508,11125.647338572422,0.0,0.0,14976.467422990025,37.85358307096534,0.0,0.003447016582803047,2.9617485121887928,58d2b54,3f576228eab2d2d327adc0d6d41f07ea8825a2366b97b7c99a3a9ab30eec136d,audits/paper_extras/v4_runs/v1/bench7_seed404_det.json,audits/paper_extras/v4_runs/v2/bench2_seed404_det.json
404,det,us_federal,2,44,327.8496498493028,910.2703902908678,0.3601673231890381,0,61,0.6833333333333333,-0.5466929250319118,KHONG CO,KHONG CO,10498.110352240012,166.87317701763618,10650.958586017556,0.0,0.0,14972.761569251095,41.26337398900715,0.0,0.003300159453848173,3.1035629459927048,58d2b54,3f576228eab2d2d327adc0d6d41f07ea8825a2366b97b7c99a3a9ab30eec136d,audits/paper_extras/v4_runs/v1/bench7_seed404_det.json,audits/paper_extras/v4_runs/v2/bench2_seed404_det.json
404,det,us_federal,3,45,404.4080162740096,944.4357050938456,0.42820068543874545,0,63,0.8125,-0.597091136282907,KHONG CO,KHONG CO,10942.73101913095,162.1574583607304,11090.91625284312,0.0,0.0,14943.468949991706,70.50327465685658,0.0,0.0033742349911427367,3.1441881895233337,58d2b54,3f576228eab2d2d327adc0d6d41f07ea8825a2366b97b7c99a3a9ab30eec136d,audits/paper_extras/v4_runs/v1/bench7_seed404_det.json,audits/paper_extras/v4_runs/v2/bench2_seed404_det.json
404,det,us_federal,4,46,327.26104739397886,862.8164757778021,0.3792939247004564,0,56,0.7791666666666667,-0.7055826280612385,KHONG CO,KHONG CO,11030.381474109858,195.62756160456237,11213.210505388237,0.0,0.0,14885.946994056241,126.85153626995188,0.0,0.00310899577185523,3.4564243919563937,58d2b54,3f576228eab2d2d327adc0d6d41f07ea8825a2366b97b7c99a3a9ab30eec136d,audits/paper_extras/v4_runs/v1/bench7_seed404_det.json,audits/paper_extras/v4_runs/v2/bench2_seed404_det.json
404,det,us_federal,5,47,404.869226679772,915.8723681527791,0.44205856706470115,0,62,0.7708333333333334,-0.6415606413426357,KHONG CO,KHONG CO,11208.207911100028,180.16972445111972,11374.57272956418,0.0,0.0,14896.918982378482,116.88592360849357,0.0,0.0033373618348005534,3.278444492802813,58d2b54,3f576228eab2d2d327adc0d6d41f07ea8825a2366b97b7c99a3a9ab30eec136d,audits/paper_extras/v4_runs/v1/bench7_seed404_det.json,audits/paper_extras/v4_runs/v2/bench2_seed404_det.json
404,det,us_federal,6,48,368.68979005207115,881.8640519182663,0.4180800762317981,0,57,0.7291666666666666,-0.6405428613719208,KHONG CO,KHONG CO,11348.08341906812,189.67018707507287,11524.601964093461,0.0,0.0,14890.920626485171,122.2310155645585,0.0,0.003147936581824078,3.4719320940110903,58d2b54,3f576228eab2d2d327adc0d6d41f07ea8825a2366b97b7c99a3a9ab30eec136d,audits/paper_extras/v4_runs/v1/bench7_seed404_det.json,audits/paper_extras/v4_runs/v2/bench2_seed404_det.json
404,det,us_federal,7,49,405.7383542961773,909.0058135327946,0.44635397074007743,0,56,0.7208333333333333,-0.5481333745661878,KHONG CO,KHONG CO,10617.138860617702,154.20895654963607,10758.180218834326,0.0,0.0,14602.811091596772,410.35650673624843,0.0,0.00310899577185523,3.151002042478036,58d2b54,3f576228eab2d2d327adc0d6d41f07ea8825a2366b97b7c99a3a9ab30eec136d,audits/paper_extras/v4_runs/v1/bench7_seed404_det.json,audits/paper_extras/v4_runs/v2/bench2_seed404_det.json
404,det,us_federal,8,50,390.5037100574091,915.8703746761719,0.4263744312021023,0,66,0.7625,-0.6400121589091464,KHONG CO,KHONG CO,11257.73712525138,187.930793901626,11431.748678053253,0.0,0.0,14989.284727403987,24.634513695759786,0.0,0.003482936123032932,3.3424284587431004,58d2b54,3f576228eab2d2d327adc0d6d41f07ea8825a2366b97b7c99a3a9ab30eec136d,audits/paper_extras/v4_runs/v1/bench7_seed404_det.json,audits/paper_extras/v4_runs/v2/bench2_seed404_det.json
404,det,us_federal,9,51,339.0450313990023,840.2715867257544,0.40349458050835996,0,54,0.7791666666666667,-0.663794057305626,KHONG CO,KHONG CO,11196.422116613103,191.0483605635613,11375.162764908151,0.0,0.0,14974.839071590231,37.468640678274845,0.0,0.0030300050560720616,3.594151826796662,58d2b54,3f576228eab2d2d327adc0d6d41f07ea8825a2366b97b7c99a3a9ab30eec136d,audits/paper_extras/v4_runs/v1/bench7_seed404_det.json,audits/paper_extras/v4_runs/v2/bench2_seed404_det.json
404,det,saez,0,42,169.17579796924457,747.9983386632167,0.2261713552353427,38,49,0.9375,-16.802056329096857,KHONG CO,KHONG CO,73251.02359249252,2309.266858482603,75223.2826871998,0.0,0.0,15191.489748486085,76.76753716620516,0.0,0.0037496002353973284,5.2364481462273185,58d2b54,3f576228eab2d2d327adc0d6d41f07ea8825a2366b97b7c99a3a9ab30eec136d,audits/paper_extras/v4_runs/v1/bench7_seed404_det.json,audits/paper_extras/v4_runs/v2/bench2_seed404_det.json
404,det,saez,1,43,248.35997450847475,862.8037332089199,0.28785222519237375,49,64,0.9458333333333333,-16.60629404156084,KHONG CO,KHONG CO,77255.84695833751,2341.501552756038,79376.448412085,0.0,0.0,15105.041824232789,49.34192047833095,0.0,0.005891425469954938,4.759286864878004,58d2b54,3f576228eab2d2d327adc0d6d41f07ea8825a2366b97b7c99a3a9ab30eec136d,audits/paper_extras/v4_runs/v1/bench7_seed404_det.json,audits/paper_extras/v4_runs/v2/bench2_seed404_det.json
404,det,saez,2,44,261.86471167098154,906.0602211033104,0.28901468751393655,59,65,0.9375,-16.785504718915245,KHONG CO,KHONG CO,75876.10282391089,2230.296137877256,77853.92446382172,0.0,0.1595846562781631,15097.907511095544,61.74181350276249,0.0,0.006693638884905772,4.716792588733821,58d2b54,3f576228eab2d2d327adc0d6d41f07ea8825a2366b97b7c99a3a9ab30eec136d,audits/paper_extras/v4_runs/v1/bench7_seed404_det.json,audits/paper_extras/v4_runs/v2/bench2_seed404_det.json
404,det,saez,3,45,175.64843117188045,824.2649538338694,0.2130970513242061,46,53,0.9375,-16.016088760433522,KHONG CO,KHONG CO,77205.44449997038,2486.665209725721,79498.76277128911,0.0,0.0,15083.90206133067,49.80554344593656,0.0,0.005377933426954953,5.066222905332203,58d2b54,3f576228eab2d2d327adc0d6d41f07ea8825a2366b97b7c99a3a9ab30eec136d,audits/paper_extras/v4_runs/v1/bench7_seed404_det.json,audits/paper_extras/v4_runs/v2/bench2_seed404_det.json
404,det,saez,4,46,176.21828917915335,717.3122272684857,0.24566469450854056,38,56,0.9416666666666667,-16.251802892173693,KHONG CO,KHONG CO,73880.48748889098,2324.11795383779,76020.12207820146,0.0,0.0,15067.199650942419,50.77212063634694,0.0,0.004800323644245551,5.450508555488976,58d2b54,3f576228eab2d2d327adc0d6d41f07ea8825a2366b97b7c99a3a9ab30eec136d,audits/paper_extras/v4_runs/v1/bench7_seed404_det.json,audits/paper_extras/v4_runs/v2/bench2_seed404_det.json
404,det,saez,5,47,226.61897253213326,797.747664796456,0.2840735016002268,48,56,0.9458333333333333,-17.74646783937608,KHONG CO,KHONG CO,78830.45769556025,2538.208245477942,81128.98075057486,0.0,0.0,15115.818847185315,43.951244955380176,0.0,0.005310117670165895,5.2668652200049415,58d2b54,3f576228eab2d2d327adc0d6d41f07ea8825a2366b97b7c99a3a9ab30eec136d,audits/paper_extras/v4_runs/v1/bench7_seed404_det.json,audits/paper_extras/v4_runs/v2/bench2_seed404_det.json
404,det,saez,6,48,197.94913253097073,738.0647832426271,0.26820021361986335,47,50,0.9416666666666667,-15.970520980830546,KHONG CO,KHONG CO,81100.26563342821,3125.806351603603,83974.11994642045,0.0,0.0,15117.699721991732,40.30013999004521,0.0,0.004450836964046321,5.798946371296846,58d2b54,3f576228eab2d2d327adc0d6d41f07ea8825a2366b97b7c99a3a9ab30eec136d,audits/paper_extras/v4_runs/v1/bench7_seed404_det.json,audits/paper_extras/v4_runs/v2/bench2_seed404_det.json
404,det,saez,7,49,168.52672450059796,788.3054639716922,0.213783529612386,33,45,0.9333333333333333,-15.355696296552289,KHONG CO,KHONG CO,74861.34280219313,2301.8988153913656,77109.54845004513,0.0,3.1115508356469377,14792.080258008966,200.05485542054694,0.0,0.0038224931506371253,5.113333034279334,58d2b54,3f576228eab2d2d327adc0d6d41f07ea8825a2366b97b7c99a3a9ab30eec136d,audits/paper_extras/v4_runs/v1/bench7_seed404_det.json,audits/paper_extras/v4_runs/v2/bench2_seed404_det.json
404,det,saez,8,50,149.15149563486668,723.8514923557435,0.20605261881751402,43,52,0.9458333333333333,-15.605952828090885,KHONG CO,KHONG CO,75654.09941305614,2524.6579751654153,78134.45427661923,0.0,8.111764242817792,14654.699290277746,298.9832313414374,0.0,0.006567400603888616,5.533943965523615,58d2b54,3f576228eab2d2d327adc0d6d41f07ea8825a2366b97b7c99a3a9ab30eec136d,audits/paper_extras/v4_runs/v1/bench7_seed404_det.json,audits/paper_extras/v4_runs/v2/bench2_seed404_det.json
404,det,saez,9,51,160.7782010531071,695.3060127416725,0.2312337274621572,42,46,0.9458333333333333,-15.716792434882045,KHONG CO,KHONG CO,74425.40472378636,2614.5926594314533,76764.78377887337,0.0,0.0,15144.453985403024,45.56650798205909,0.0,0.00456753603871984,5.710400512097234,58d2b54,3f576228eab2d2d327adc0d6d41f07ea8825a2366b97b7c99a3a9ab30eec136d,audits/paper_extras/v4_runs/v1/bench7_seed404_det.json,audits/paper_extras/v4_runs/v2/bench2_seed404_det.json
404,det,free_market+rl_aux,0,42,432.2166461594655,885.5785475748118,0.4880613327221014,0,56,0.0,5.817114301365223e-08,KHONG CO,KHONG CO,0.0,0.0,0.0,243.5245156288147,0.0,14525.456724575979,231.0187597952102,0.0,0.00310899577185523,3.026076542103362,58d2b54,3f576228eab2d2d327adc0d6d41f07ea8825a2366b97b7c99a3a9ab30eec136d,audits/paper_extras/v4_runs/v1/bench7_seed404_det.json,audits/paper_extras/v4_runs/v2/bench2_seed404_det.json
404,det,free_market+rl_aux,1,43,514.2887862282943,891.4000126276185,0.5769450066668755,0,32,0.0,0.05062023001450644,KHONG CO,KHONG CO,0.0,0.0,0.0,243.5245156288148,0.0,14916.629076288646,0.0,160.15359191745677,0.0020450614232485694,2.729475910498249,58d2b54,3f576228eab2d2d327adc0d6d41f07ea8825a2366b97b7c99a3a9ab30eec136d,audits/paper_extras/v4_runs/v1/bench7_seed404_det.json,audits/paper_extras/v4_runs/v2/bench2_seed404_det.json
404,det,free_market+rl_aux,2,44,395.3524257867488,853.6363662373044,0.4631391555275468,0,31,0.0,0.006678906803001983,KHONG CO,KHONG CO,0.0,0.0,0.0,243.52451562881473,0.0,14893.357892494389,0.0,136.88240812320143,0.0019942484151184883,2.926250668653805,58d2b54,3f576228eab2d2d327adc0d6d41f07ea8825a2366b97b7c99a3a9ab30eec136d,audits/paper_extras/v4_runs/v1/bench7_seed404_det.json,audits/paper_extras/v4_runs/v2/bench2_seed404_det.json
404,det,free_market+rl_aux,3,45,455.5742503717806,869.8384804356697,0.523745799500156,0,34,0.0,3.6627885169338015e-09,KHONG CO,KHONG CO,0.0,0.0,0.0,243.5245156288147,0.0,14893.376043284105,0.0,136.90055891292246,0.0021448654010645953,2.9966221479646435,58d2b54,3f576228eab2d2d327adc0d6d41f07ea8825a2366b97b7c99a3a9ab30eec136d,audits/paper_extras/v4_runs/v1/bench7_seed404_det.json,audits/paper_extras/v4_runs/v2/bench2_seed404_det.json
404,det,free_market+rl_aux,4,46,436.01818476483453,864.5594194133082,0.5043241389478093,0,53,0.0,1.911163449719311e-08,KHONG CO,KHONG CO,0.0,0.0,0.0,243.5245156288147,0.0,14842.24037604201,0.0,85.76489167082285,0.0029899409535079587,3.3222729022726893,58d2b54,3f576228eab2d2d327adc0d6d41f07ea8825a2366b97b7c99a3a9ab30eec136d,audits/paper_extras/v4_runs/v1/bench7_seed404_det.json,audits/paper_extras/v4_runs/v2/bench2_seed404_det.json
404,det,free_market+rl_aux,5,47,488.1287668866579,941.1728947865587,0.5186387852758518,0,66,0.0,1.4647214552354626e-08,KHONG CO,KHONG CO,0.0,0.0,0.0,243.5245156288147,0.0,14794.879280308081,0.0,38.40379593689971,0.003482936123032932,3.0111783253464828,58d2b54,3f576228eab2d2d327adc0d6d41f07ea8825a2366b97b7c99a3a9ab30eec136d,audits/paper_extras/v4_runs/v1/bench7_seed404_det.json,audits/paper_extras/v4_runs/v2/bench2_seed404_det.json
404,det,free_market+rl_aux,6,48,428.63288132605504,870.8256935027308,0.4922143254661685,0,57,0.0,1.947755812192753e-07,KHONG CO,KHONG CO,0.0,0.0,0.0,243.52451562881467,0.0,14417.565175127855,338.9103092433303,0.0,0.003147936581824078,3.168385404103761,58d2b54,3f576228eab2d2d327adc0d6d41f07ea8825a2366b97b7c99a3a9ab30eec136d,audits/paper_extras/v4_runs/v1/bench7_seed404_det.json,audits/paper_extras/v4_runs/v2/bench2_seed404_det.json
404,det,free_market+rl_aux,7,49,448.2559329197912,910.9819072821781,0.49205799735048217,0,57,0.0,5.548205688210572e-06,KHONG CO,KHONG CO,0.0,0.0,0.0,243.5245156288147,0.0,14517.351688169283,239.12379620190467,0.0,0.003147936581824078,2.910227178116648,58d2b54,3f576228eab2d2d327adc0d6d41f07ea8825a2366b97b7c99a3a9ab30eec136d,audits/paper_extras/v4_runs/v1/bench7_seed404_det.json,audits/paper_extras/v4_runs/v2/bench2_seed404_det.json
404,det,free_market+rl_aux,8,50,450.6853344524621,882.5672408620372,0.5106526886407663,0,52,0.0,2.021597962365007e-07,KHONG CO,KHONG CO,0.0,0.0,0.0,243.5245156288147,0.0,14409.592234145832,346.8832502253606,0.0,0.0029494878790743023,3.0520606740825924,58d2b54,3f576228eab2d2d327adc0d6d41f07ea8825a2366b97b7c99a3a9ab30eec136d,audits/paper_extras/v4_runs/v1/bench7_seed404_det.json,audits/paper_extras/v4_runs/v2/bench2_seed404_det.json
404,det,free_market+rl_aux,9,51,390.6631120850144,818.9558269420163,0.47702586541663883,0,50,0.0,3.384112932103278e-07,KHONG CO,KHONG CO,0.0,0.0,0.0,243.52451562881467,0.0,14471.75362409899,284.7218602721946,0.0,0.0028673840804591465,3.326931590792457,58d2b54,3f576228eab2d2d327adc0d6d41f07ea8825a2366b97b7c99a3a9ab30eec136d,audits/paper_extras/v4_runs/v1/bench7_seed404_det.json,audits/paper_extras/v4_runs/v2/bench2_seed404_det.json
404,det,us_federal+rl_aux,0,42,388.4187983825994,897.8804945434432,0.4325952069825324,0,59,0.7041666666666667,-0.5884532272926664,KHONG CO,KHONG CO,10766.793219524012,162.1977398044411,10915.586057409719,243.52451562881475,0.0,14552.052073940245,217.8283123496691,0.0,0.003224743128431848,3.2755486240462237,58d2b54,3f576228eab2d2d327adc0d6d41f07ea8825a2366b97b7c99a3a9ab30eec136d,audits/paper_extras/v4_runs/v1/bench7_seed404_det.json,audits/paper_extras/v4_runs/v2/bench2_seed404_det.json
404,det,us_federal+rl_aux,1,43,457.1139508392736,984.122811186204,0.4644887260445627,0,65,0.7666666666666667,-0.6322671869636899,KHONG CO,KHONG CO,10983.42863742359,165.68341950504583,10916.065053462957,243.5245156288148,0.0,14976.216163370722,13.30632446615231,0.0,0.003447016582803047,2.964462517457281,58d2b54,3f576228eab2d2d327adc0d6d41f07ea8825a2366b97b7c99a3a9ab30eec136d,audits/paper_extras/v4_runs/v1/bench7_seed404_det.json,audits/paper_extras/v4_runs/v2/bench2_seed404_det.json
404,det,us_federal+rl_aux,2,44,324.42610031255214,910.0284722639502,0.3565010438689369,0,60,0.6791666666666667,-0.570063039019223,KHONG CO,KHONG CO,10449.035645756674,166.37137732295702,10601.059000048586,243.52451562881475,0.0,14479.305550206145,291.51795719608174,0.0,0.0032626219163106357,3.092729847406362,58d2b54,3f576228eab2d2d327adc0d6d41f07ea8825a2366b97b7c99a3a9ab30eec136d,audits/paper_extras/v4_runs/v1/bench7_seed404_det.json,audits/paper_extras/v4_runs/v2/bench2_seed404_det.json
404,det,us_federal+rl_aux,3,45,406.463529498862,943.8925344136877,0.4306247953866301,0,62,0.8125,-0.5988804765221715,KHONG CO,KHONG CO,10954.388489765504,163.31705796949475,10918.181752674109,243.5245156288147,0.0,14943.015718699384,12.983560732686545,0.0,0.003337361834800554,3.1477019754634776,58d2b54,3f576228eab2d2d327adc0d6d41f07ea8825a2366b97b7c99a3a9ab30eec136d,audits/paper_extras/v4_runs/v1/bench7_seed404_det.json,audits/paper_extras/v4_runs/v2/bench2_seed404_det.json
404,det,us_federal+rl_aux,4,46,329.1277828020817,863.714482719239,0.38106085909997267,0,57,0.7833333333333333,-0.7084320796388497,KHONG CO,KHONG CO,11075.87598590437,196.70631980133305,11127.956599104675,243.5245156288147,0.0,14889.256922329067,11.844268643138058,0.0,0.0031479365818240777,3.469796258296223,58d2b54,3f576228eab2d2d327adc0d6d41f07ea8825a2366b97b7c99a3a9ab30eec136d,audits/paper_extras/v4_runs/v1/bench7_seed404_det.json,audits/paper_extras/v4_runs/v2/bench2_seed404_det.json
404,det,us_federal+rl_aux,5,47,395.13335042127864,917.8735785666099,0.4304877704817863,0,63,0.7708333333333334,-0.6437165464837096,KHONG CO,KHONG CO,11237.127118549124,180.1358331016614,11274.451513390948,243.5245156288147,0.0,14886.36924990479,12.917672726243373,0.0,0.0033742349911427363,3.2862997430221528,58d2b54,3f576228eab2d2d327adc0d6d41f07ea8825a2366b97b7c99a3a9ab30eec136d,audits/paper_extras/v4_runs/v1/bench7_seed404_det.json,audits/paper_extras/v4_runs/v2/bench2_seed404_det.json
404,det,us_federal+rl_aux,6,48,360.7906191416176,882.7119584773121,0.4087297285107425,0,60,0.7333333333333333,-0.6430089977585999,KHONG CO,KHONG CO,11371.445721071497,190.11318801374964,11419.186713654166,243.5245156288147,0.0,14886.388862511345,12.458817290915421,0.0,0.0032626219163106357,3.4778180485191075,58d2b54,3f576228eab2d2d327adc0d6d41f07ea8825a2366b97b7c99a3a9ab30eec136d,audits/paper_extras/v4_runs/v1/bench7_seed404_det.json,audits/paper_extras/v4_runs/v2/bench2_seed404_det.json
404,det,us_federal+rl_aux,7,49,403.65994296067703,909.6271201735125,0.4437641908518277,0,55,0.725,-0.5478339310230435,KHONG CO,KHONG CO,10660.825503196354,155.3027268014033,10803.060531491403,243.5245156288147,0.0,14602.579693782533,166.96348909501108,0.0,0.0030696875957546012,3.1629087730588594,58d2b54,3f576228eab2d2d327adc0d6d41f07ea8825a2366b97b7c99a3a9ab30eec136d,audits/paper_extras/v4_runs/v1/bench7_seed404_det.json,audits/paper_extras/v4_runs/v2/bench2_seed404_det.json
404,det,us_federal+rl_aux,8,50,398.07140343871885,908.4087533405899,0.4382073620216095,0,60,0.7625,-0.6682435709726209,KHONG CO,KHONG CO,11155.507555744387,188.7775774776914,11330.897487207832,243.5245156288147,0.0,14501.450500820914,268.412629564518,0.0,0.0032626219163106357,3.3262854573573786,58d2b54,3f576228eab2d2d327adc0d6d41f07ea8825a2366b97b7c99a3a9ab30eec136d,audits/paper_extras/v4_runs/v1/bench7_seed404_det.json,audits/paper_extras/v4_runs/v2/bench2_seed404_det.json
404,det,us_federal+rl_aux,9,51,340.68444463274903,839.5907305353772,0.4057744234688092,0,54,0.7791666666666667,-0.6659190725097273,KHONG CO,KHONG CO,11125.079339400021,191.29460847680932,11304.003932685859,243.5245156288147,0.0,14491.383896069905,277.46160349224573,0.0,0.0030300050560720616,3.5776265197617616,58d2b54,3f576228eab2d2d327adc0d6d41f07ea8825a2366b97b7c99a3a9ab30eec136d,audits/paper_extras/v4_runs/v1/bench7_seed404_det.json,audits/paper_extras/v4_runs/v2/bench2_seed404_det.json
404,det,saez+rl_aux,0,42,167.34634957701442,741.3613856873907,0.225728440687332,35,51,0.9375,-16.801009837972575,KHONG CO,KHONG CO,73903.21868753515,2371.114384230783,76185.57831577426,243.52451562881467,0.0,14703.784337090972,73.48946978130682,0.0,0.003809960781879586,5.328894192640771,58d2b54,3f576228eab2d2d327adc0d6d41f07ea8825a2366b97b7c99a3a9ab30eec136d,audits/paper_extras/v4_runs/v1/bench7_seed404_det.json,audits/paper_extras/v4_runs/v2/bench2_seed404_det.json
404,det,saez+rl_aux,1,43,207.3927092338008,839.0272101434324,0.24718234012738016,37,50,0.9458333333333333,-16.64342590113754,KHONG CO,KHONG CO,75910.41854506962,2318.8978179316982,78184.09702385815,243.5245156288148,3.5117921285189824,14650.86488267234,88.73606261804107,0.0,0.004400722640722726,4.75055458090815,58d2b54,3f576228eab2d2d327adc0d6d41f07ea8825a2366b97b7c99a3a9ab30eec136d,audits/paper_extras/v4_runs/v1/bench7_seed404_det.json,audits/paper_extras/v4_runs/v2/bench2_seed404_det.json
404,det,saez+rl_aux,2,44,173.90613301148974,818.1982248560645,0.21254767821340959,51,60,0.9375,-16.78575011223873,KHONG CO,KHONG CO,74670.99666914566,2269.101517961984,76884.82079958978,247.5832575559616,3.4653394371271133,14666.296721419792,56.84561723175645,0.0,0.005241601621084832,4.960540036300655,58d2b54,3f576228eab2d2d327adc0d6d41f07ea8825a2366b97b7c99a3a9ab30eec136d,audits/paper_extras/v4_runs/v1/bench7_seed404_det.json,audits/paper_extras/v4_runs/v2/bench2_seed404_det.json
404,det,saez+rl_aux,3,45,154.38964741490227,788.7532839786434,0.19573883310650353,34,50,0.9375,-16.048848793055907,KHONG CO,KHONG CO,74914.87955764002,2517.8042177389243,77340.3752427116,243.5245156288147,1.272609166370935,14616.81754361546,172.2809945130273,0.0,0.0038438025901357366,5.051683320730831,58d2b54,3f576228eab2d2d327adc0d6d41f07ea8825a2366b97b7c99a3a9ab30eec136d,audits/paper_extras/v4_runs/v1/bench7_seed404_det.json,audits/paper_extras/v4_runs/v2/bench2_seed404_det.json
404,det,saez+rl_aux,4,46,153.89415262526654,709.013783903396,0.21705382337987777,37,53,0.9416666666666667,-16.276281631499067,KHONG CO,KHONG CO,72948.23091387424,2313.814034904335,75208.2222944365,243.5245156288147,0.0,14570.036966217489,171.6929416002135,0.0,0.004222222058585065,5.430383571179508,58d2b54,3f576228eab2d2d327adc0d6d41f07ea8825a2366b97b7c99a3a9ab30eec136d,audits/paper_extras/v4_runs/v1/bench7_seed404_det.json,audits/paper_extras/v4_runs/v2/bench2_seed404_det.json
404,det,saez+rl_aux,5,47,228.11284541216594,794.375513478985,0.2871599659626223,42,58,0.9458333333333333,-17.763939782955763,KHONG CO,KHONG CO,77792.12954954957,2538.3025171343043,80281.77329643333,243.5245156288147,3.4653394371271133,14601.124436234144,123.06088010684414,0.0,0.005227012521012462,5.226982695929125,58d2b54,3f576228eab2d2d327adc0d6d41f07ea8825a2366b97b7c99a3a9ab30eec136d,audits/paper_extras/v4_runs/v1/bench7_seed404_det.json,audits/paper_extras/v4_runs/v2/bench2_seed404_det.json
404,det,saez+rl_aux,6,48,238.95834971818635,745.3571611119021,0.3205957656081485,47,54,0.9416666666666667,-15.971042166120306,KHONG CO,KHONG CO,81700.67670951322,3233.9073787017664,84492.2602355688,257.7301123738289,0.0,15049.503441504487,38.99260040880214,0.0,0.006511268661095543,5.793311087241771,58d2b54,3f576228eab2d2d327adc0d6d41f07ea8825a2366b97b7c99a3a9ab30eec136d,audits/paper_extras/v4_runs/v1/bench7_seed404_det.json,audits/paper_extras/v4_runs/v2/bench2_seed404_det.json
404,det,saez+rl_aux,7,49,208.80206075812728,800.5948732539636,0.26080864084161004,44,58,0.9333333333333333,-15.305495589765508,KHONG CO,KHONG CO,79082.16218057806,2460.58018419999,81376.2068824981,252.65668496489525,0.0,14805.87656518151,43.44615540329693,0.0,0.005917146231948593,5.308667580872352,58d2b54,3f576228eab2d2d327adc0d6d41f07ea8825a2366b97b7c99a3a9ab30eec136d,audits/paper_extras/v4_runs/v1/bench7_seed404_det.json,audits/paper_extras/v4_runs/v2/bench2_seed404_det.json
404,det,saez+rl_aux,8,50,191.28205187774626,732.5430141617945,0.2611205733722257,43,53,0.9458333333333333,-15.605937808384168,KHONG CO,KHONG CO,77343.48259537492,2560.613807444188,79859.31971899343,267.87696719169617,9.098841362086322,14651.728187973951,39.86381225024483,0.0,0.00654761368503145,5.63913235528662,58d2b54,3f576228eab2d2d327adc0d6d41f07ea8825a2366b97b7c99a3a9ab30eec136d,audits/paper_extras/v4_runs/v1/bench7_seed404_det.json,audits/paper_extras/v4_runs/v2/bench2_seed404_det.json
404,det,saez+rl_aux,9,51,165.7833013941156,705.508798202317,0.23498403112270516,39,53,0.9458333333333333,-15.715720919893222,KHONG CO,KHONG CO,74235.03172794277,2584.288555441054,76756.65239135112,243.5245156288147,0.42323864082243096,14656.46343853854,73.31364151174726,0.0,0.004503658721607317,5.675109198338504,58d2b54,3f576228eab2d2d327adc0d6d41f07ea8825a2366b97b7c99a3a9ab30eec136d,audits/paper_extras/v4_runs/v1/bench7_seed404_det.json,audits/paper_extras/v4_runs/v2/bench2_seed404_det.json
404,exp,rl_learned,0,42,459.940367394703,980.5303281888183,0.469073066046085,0,,0.0,,KHONG CO,KHONG CO,21010.621452953514,261.37132424352876,20764.593314852948,194.3345507383346,19.10707341795678,14947.934559933188,,,0.007297304077533416,,904ed64,3f576228eab2d2d327adc0d6d41f07ea8825a2366b97b7c99a3a9ab30eec136d,audits/paper_extras/v4_runs/v1/bench7_seed404_exp.json,KHONG CO (che do lay mau v1)
404,exp,rl_learned,1,43,566.1712556561067,1097.3580426676742,0.5159403163253318,0,,0.004166666666666667,,KHONG CO,KHONG CO,21310.468462939858,249.15708333366794,21241.429465676192,218.1492805480958,0.0,14924.482847444391,,,0.00436641730541677,,904ed64,3f576228eab2d2d327adc0d6d41f07ea8825a2366b97b7c99a3a9ab30eec136d,audits/paper_extras/v4_runs/v1/bench7_seed404_exp.json,KHONG CO (che do lay mau v1)
404,exp,rl_learned,2,44,465.08524553801715,1034.360458034342,0.4496355616898261,0,,0.0125,,KHONG CO,KHONG CO,19493.592049028895,309.82548784743636,19456.452111487768,183.9048402607441,5.1844889985533635,14934.48924187641,,,0.004793186991250867,,904ed64,3f576228eab2d2d327adc0d6d41f07ea8825a2366b97b7c99a3a9ab30eec136d,audits/paper_extras/v4_runs/v1/bench7_seed404_exp.json,KHONG CO (che do lay mau v1)
404,exp,rl_learned,3,45,475.697188204683,1027.5804185033728,0.4629294015718164,0,,0.0,,KHONG CO,KHONG CO,18891.874164574863,194.55288032568836,18745.247150431558,184.82663145661354,0.0,14892.371896398448,,,0.004941808800130067,,904ed64,3f576228eab2d2d327adc0d6d41f07ea8825a2366b97b7c99a3a9ab30eec136d,audits/paper_extras/v4_runs/v1/bench7_seed404_exp.json,KHONG CO (che do lay mau v1)
404,exp,rl_learned,4,46,471.3644184276479,960.0313922373947,0.49098854708189565,0,,0.09166666666666666,,KHONG CO,KHONG CO,20528.82480834049,277.78528691379,20242.806786263824,204.94145683944234,0.0,15333.206079716181,,,0.004793417065940703,,904ed64,3f576228eab2d2d327adc0d6d41f07ea8825a2366b97b7c99a3a9ab30eec136d,audits/paper_extras/v4_runs/v1/bench7_seed404_exp.json,KHONG CO (che do lay mau v1)
404,exp,rl_learned,5,47,516.6642827551491,1021.5345914153309,0.5057726748531476,0,,0.008333333333333333,,KHONG CO,KHONG CO,20451.197375125575,219.2172972634909,19978.92503223425,223.73741005361077,24.260051008210528,15404.106441701075,,,0.006870847023357092,,904ed64,3f576228eab2d2d327adc0d6d41f07ea8825a2366b97b7c99a3a9ab30eec136d,audits/paper_extras/v4_runs/v1/bench7_seed404_exp.json,KHONG CO (che do lay mau v1)
404,exp,rl_learned,6,48,439.61265347288247,937.5352992379534,0.46890250834310776,0,,0.0625,,KHONG CO,KHONG CO,21562.352012934552,217.41970542009244,21216.367858888672,202.91662980616093,6.426111210976206,14990.570410369568,,,0.004096980208135999,,904ed64,3f576228eab2d2d327adc0d6d41f07ea8825a2366b97b7c99a3a9ab30eec136d,audits/paper_extras/v4_runs/v1/bench7_seed404_exp.json,KHONG CO (che do lay mau v1)
404,exp,rl_learned,7,49,511.01423945365786,1013.2269764759757,0.5043433024562531,0,,0.03333333333333333,,KHONG CO,KHONG CO,21336.29663879945,259.6409670486243,21182.787221006114,186.65609800815582,0.0,14911.78170149877,,,0.005632630955697537,,904ed64,3f576228eab2d2d327adc0d6d41f07ea8825a2366b97b7c99a3a9ab30eec136d,audits/paper_extras/v4_runs/v1/bench7_seed404_exp.json,KHONG CO (che do lay mau v1)
404,exp,rl_learned,8,50,436.38177400948655,943.4223485665076,0.4625518726289992,0,,0.004166666666666667,,KHONG CO,KHONG CO,18748.199434129296,232.1607887257972,18594.029909262437,191.02972470223906,4.63167794020408,14978.971691651092,,,0.0050925158026431435,,904ed64,3f576228eab2d2d327adc0d6d41f07ea8825a2366b97b7c99a3a9ab30eec136d,audits/paper_extras/v4_runs/v1/bench7_seed404_exp.json,KHONG CO (che do lay mau v1)
404,exp,rl_learned,9,51,422.9013653317537,901.1257305101009,0.46930339575628544,0,,0.004166666666666667,,KHONG CO,KHONG CO,19591.863252555897,175.73480655219936,19361.175152961532,168.27497269213205,0.0,14987.361718157888,,,0.0035400624491493393,,904ed64,3f576228eab2d2d327adc0d6d41f07ea8825a2366b97b7c99a3a9ab30eec136d,audits/paper_extras/v4_runs/v1/bench7_seed404_exp.json,KHONG CO (che do lay mau v1)
404,exp,free_market,0,42,473.73508920729824,930.7115942835568,0.5090031026979631,0,,0.0,,KHONG CO,KHONG CO,0.0,0.0,0.0,0.0,0.0,14872.49912158034,,,0.0044109626386486505,,904ed64,3f576228eab2d2d327adc0d6d41f07ea8825a2366b97b7c99a3a9ab30eec136d,audits/paper_extras/v4_runs/v1/bench7_seed404_exp.json,KHONG CO (che do lay mau v1)
404,exp,free_market,1,43,484.86489648887425,986.1145188079943,0.4916922804006316,0,,0.0,,KHONG CO,KHONG CO,0.0,0.0,0.0,0.0,0.0,14970.873835850167,,,0.005415265407399816,,904ed64,3f576228eab2d2d327adc0d6d41f07ea8825a2366b97b7c99a3a9ab30eec136d,audits/paper_extras/v4_runs/v1/bench7_seed404_exp.json,KHONG CO (che do lay mau v1)
404,exp,free_market,2,44,388.4123712017247,929.0179097133233,0.41808921780806263,0,,0.0,,KHONG CO,KHONG CO,0.0,0.0,0.0,0.0,0.0,14546.416787083623,,,0.003224743128431848,,904ed64,3f576228eab2d2d327adc0d6d41f07ea8825a2366b97b7c99a3a9ab30eec136d,audits/paper_extras/v4_runs/v1/bench7_seed404_exp.json,KHONG CO (che do lay mau v1)
404,exp,free_market,3,45,482.1951543308863,969.5110734058002,0.4973590994035587,0,,0.0,,KHONG CO,KHONG CO,0.0,0.0,0.0,0.0,0.0,14936.372746296536,,,0.004664531901480176,,904ed64,3f576228eab2d2d327adc0d6d41f07ea8825a2366b97b7c99a3a9ab30eec136d,audits/paper_extras/v4_runs/v1/bench7_seed404_exp.json,KHONG CO (che do lay mau v1)
404,exp,free_market,4,46,409.7422811659185,862.6129066089882,0.4750013337693423,0,,0.0,,KHONG CO,KHONG CO,0.0,0.0,0.0,0.0,0.0,14544.030439870352,,,0.0044631537454907205,,904ed64,3f576228eab2d2d327adc0d6d41f07ea8825a2366b97b7c99a3a9ab30eec136d,audits/paper_extras/v4_runs/v1/bench7_seed404_exp.json,KHONG CO (che do lay mau v1)
404,exp,free_market,5,47,442.47475775905025,917.7244270251655,0.4821433806587747,0,,0.0,,KHONG CO,KHONG CO,0.0,0.0,0.0,0.0,0.0,14922.792577426684,,,0.0036923250857272983,,904ed64,3f576228eab2d2d327adc0d6d41f07ea8825a2366b97b7c99a3a9ab30eec136d,audits/paper_extras/v4_runs/v1/bench7_seed404_exp.json,KHONG CO (che do lay mau v1)
404,exp,free_market,6,48,425.0202608910493,903.0737542482123,0.47063737473454614,0,,0.0,,KHONG CO,KHONG CO,0.0,0.0,0.0,0.0,0.0,14967.668616759373,,,0.004091569214184568,,904ed64,3f576228eab2d2d327adc0d6d41f07ea8825a2366b97b7c99a3a9ab30eec136d,audits/paper_extras/v4_runs/v1/bench7_seed404_exp.json,KHONG CO (che do lay mau v1)
404,exp,free_market,7,49,469.56762446346437,965.7939469794431,0.48619855812107204,0,,0.0,,KHONG CO,KHONG CO,0.0,0.0,0.0,0.0,0.0,14951.327842936571,,,0.006919441343929343,,904ed64,3f576228eab2d2d327adc0d6d41f07ea8825a2366b97b7c99a3a9ab30eec136d,audits/paper_extras/v4_runs/v1/bench7_seed404_exp.json,KHONG CO (che do lay mau v1)
404,exp,free_market,8,50,379.93702577902997,885.446464778469,0.42909090599180033,0,,0.0,,KHONG CO,KHONG CO,0.0,0.0,0.0,0.0,0.0,14998.604424311336,,,0.0040969519149506835,,904ed64,3f576228eab2d2d327adc0d6d41f07ea8825a2366b97b7c99a3a9ab30eec136d,audits/paper_extras/v4_runs/v1/bench7_seed404_exp.json,KHONG CO (che do lay mau v1)
404,exp,free_market,9,51,374.91066390091385,871.3222647819525,0.4302778421422926,0,,0.0,,KHONG CO,KHONG CO,0.0,0.0,0.0,0.0,0.0,14984.69925499115,,,0.005620562813584368,,904ed64,3f576228eab2d2d327adc0d6d41f07ea8825a2366b97b7c99a3a9ab30eec136d,audits/paper_extras/v4_runs/v1/bench7_seed404_exp.json,KHONG CO (che do lay mau v1)
404,exp,us_federal,0,42,371.85371440330374,922.0654726561004,0.40328341688377345,0,,0.6791666666666667,,KHONG CO,KHONG CO,10935.077866993815,283.80699308716686,11205.115583940293,0.0,8.189726263154503,14586.061999197735,,,0.0057182951746978265,,904ed64,3f576228eab2d2d327adc0d6d41f07ea8825a2366b97b7c99a3a9ab30eec136d,audits/paper_extras/v4_runs/v1/bench7_seed404_exp.json,KHONG CO (che do lay mau v1)
404,exp,us_federal,1,43,412.9546278673148,960.5809233798917,0.42990092538408553,0,,0.7291666666666666,,KHONG CO,KHONG CO,10358.947885855097,263.6973181910097,10608.400049461154,0.0,7.891248657692869,14618.963209476344,,,0.005259585929619438,,904ed64,3f576228eab2d2d327adc0d6d41f07ea8825a2366b97b7c99a3a9ab30eec136d,audits/paper_extras/v4_runs/v1/bench7_seed404_exp.json,KHONG CO (che do lay mau v1)
404,exp,us_federal,2,44,388.87650831723715,962.4284974137984,0.4040575578988065,0,,0.7625,,KHONG CO,KHONG CO,10675.083454926626,289.02087853344835,10903.19581724657,0.0,8.036013815920956,15039.953132298255,,,0.008643515984154708,,904ed64,3f576228eab2d2d327adc0d6d41f07ea8825a2366b97b7c99a3a9ab30eec136d,audits/paper_extras/v4_runs/v1/bench7_seed404_exp.json,KHONG CO (che do lay mau v1)
404,exp,us_federal,3,45,404.0735329216614,950.7541649906992,0.42500316885344835,0,,0.7833333333333333,,KHONG CO,KHONG CO,10522.736607323957,310.13476716491175,10820.040916044007,0.0,4.311357118443079,14906.970810844728,,,0.004406581492764728,,904ed64,3f576228eab2d2d327adc0d6d41f07ea8825a2366b97b7c99a3a9ab30eec136d,audits/paper_extras/v4_runs/v1/bench7_seed404_exp.json,KHONG CO (che do lay mau v1)
404,exp,us_federal,4,46,332.6856406388285,871.1737649890762,0.3818820699255103,0,,0.7583333333333333,,KHONG CO,KHONG CO,10499.50682594878,269.29503261144004,10755.710417455472,0.0,0.6887917040251125,14578.961309177928,,,0.0038123150511833975,,904ed64,3f576228eab2d2d327adc0d6d41f07ea8825a2366b97b7c99a3a9ab30eec136d,audits/paper_extras/v4_runs/v1/bench7_seed404_exp.json,KHONG CO (che do lay mau v1)
404,exp,us_federal,5,47,432.88831292865416,979.0154633748099,0.44216698216024564,0,,0.7125,,KHONG CO,KHONG CO,11275.112209551442,308.85845600523663,11569.684824726231,0.0,0.0,14977.120609521362,,,0.0036580308826411967,,904ed64,3f576228eab2d2d327adc0d6d41f07ea8825a2366b97b7c99a3a9ab30eec136d,audits/paper_extras/v4_runs/v1/bench7_seed404_exp.json,KHONG CO (che do lay mau v1)
404,exp,us_federal,6,48,417.9618007172102,923.2608895978215,0.452701728651451,0,,0.775,,KHONG CO,KHONG CO,11765.484143897675,364.0221021770547,12116.817619195257,0.0,10.68382760506007,14965.083250091306,,,0.0049548006712947885,,904ed64,3f576228eab2d2d327adc0d6d41f07ea8825a2366b97b7c99a3a9ab30eec136d,audits/paper_extras/v4_runs/v1/bench7_seed404_exp.json,KHONG CO (che do lay mau v1)
404,exp,us_federal,7,49,387.57095905022715,962.7728664763451,0.4025570023267264,0,,0.6375,,KHONG CO,KHONG CO,10812.057990006782,273.3966451328917,11070.925402412802,0.0,8.858343089141526,14979.41516122813,,,0.00477188077174472,,904ed64,3f576228eab2d2d327adc0d6d41f07ea8825a2366b97b7c99a3a9ab30eec136d,audits/paper_extras/v4_runs/v1/bench7_seed404_exp.json,KHONG CO (che do lay mau v1)
404,exp,us_federal,8,50,382.54600334104117,911.2224126828944,0.4198162797759972,1,,0.6833333333333333,,KHONG CO,KHONG CO,10568.77110476092,278.52468142977983,10834.431812051753,0.0,8.063102935222743,14579.164250797565,,,0.007538290707413632,,904ed64,3f576228eab2d2d327adc0d6d41f07ea8825a2366b97b7c99a3a9ab30eec136d,audits/paper_extras/v4_runs/v1/bench7_seed404_exp.json,KHONG CO (che do lay mau v1)
404,exp,us_federal,9,51,321.8239931407377,851.350029746793,0.3780160708239524,0,,0.6916666666666667,,KHONG CO,KHONG CO,10664.189406117586,324.2734320357759,10975.753978687855,0.0,1.650000024586916,14563.661409882852,,,0.0034446182935054274,,904ed64,3f576228eab2d2d327adc0d6d41f07ea8825a2366b97b7c99a3a9ab30eec136d,audits/paper_extras/v4_runs/v1/bench7_seed404_exp.json,KHONG CO (che do lay mau v1)
404,exp,saez,0,42,219.82470520306856,695.4430887405367,0.3160930186266947,55,,0.9458333333333333,,KHONG CO,KHONG CO,72263.70531424,3149.9938894645315,74811.7597798092,0.0,248.78897684771877,14652.945462688456,,,0.03035604130214673,,904ed64,3f576228eab2d2d327adc0d6d41f07ea8825a2366b97b7c99a3a9ab30eec136d,audits/paper_extras/v4_runs/v1/bench7_seed404_exp.json,KHONG CO (che do lay mau v1)
404,exp,saez,1,43,264.11518540882895,781.9568146238578,0.3377618564982715,57,,0.9291666666666667,,KHONG CO,KHONG CO,71077.02941275595,3004.0285210114957,73220.2616984661,0.0,98.86179523971816,13698.34116608401,,,0.024733567367732138,,904ed64,3f576228eab2d2d327adc0d6d41f07ea8825a2366b97b7c99a3a9ab30eec136d,audits/paper_extras/v4_runs/v1/bench7_seed404_exp.json,KHONG CO (che do lay mau v1)
404,exp,saez,2,44,277.0683587993042,935.1802210771589,0.29627268900124026,61,,0.9333333333333333,,KHONG CO,KHONG CO,70756.63085193402,2659.0154049559146,73171.98296397612,0.0,193.89583334703653,14955.176135238027,,,0.023935920041340295,,904ed64,3f576228eab2d2d327adc0d6d41f07ea8825a2366b97b7c99a3a9ab30eec136d,audits/paper_extras/v4_runs/v1/bench7_seed404_exp.json,KHONG CO (che do lay mau v1)
404,exp,saez,3,45,281.44311496425235,813.796307786101,0.3458397540901932,46,,0.9416666666666667,,KHONG CO,KHONG CO,69373.18022309561,2973.611823428756,71897.71497387384,0.0,253.02593000122272,13155.552180515167,,,0.03263994463046394,,904ed64,3f576228eab2d2d327adc0d6d41f07ea8825a2366b97b7c99a3a9ab30eec136d,audits/paper_extras/v4_runs/v1/bench7_seed404_exp.json,KHONG CO (che do lay mau v1)
404,exp,saez,4,46,177.19053204773437,692.9453008807012,0.2557063765675782,41,,0.95,,KHONG CO,KHONG CO,68014.56016042871,3098.01146961087,70947.29810835859,0.0,230.2973580363044,14606.24077780009,,,0.02685547061309641,,904ed64,3f576228eab2d2d327adc0d6d41f07ea8825a2366b97b7c99a3a9ab30eec136d,audits/paper_extras/v4_runs/v1/bench7_seed404_exp.json,KHONG CO (che do lay mau v1)
404,exp,saez,5,47,192.66741499951073,760.395251950955,0.25337798270725875,49,,0.9416666666666667,,KHONG CO,KHONG CO,69433.27171002264,2845.918555304067,71147.29265236978,0.0,255.89091559184772,14575.649522930753,,,0.03181934259458977,,904ed64,3f576228eab2d2d327adc0d6d41f07ea8825a2366b97b7c99a3a9ab30eec136d,audits/paper_extras/v4_runs/v1/bench7_seed404_exp.json,KHONG CO (che do lay mau v1)
404,exp,saez,6,48,164.90999956347275,703.2388406118783,0.2345006988237266,40,,0.9416666666666667,,KHONG CO,KHONG CO,68552.43818124053,2591.1863913578204,71060.16872061626,0.0,190.59592436322635,14683.165126267815,,,0.023033065008258895,,904ed64,3f576228eab2d2d327adc0d6d41f07ea8825a2366b97b7c99a3a9ab30eec136d,audits/paper_extras/v4_runs/v1/bench7_seed404_exp.json,KHONG CO (che do lay mau v1)
404,exp,saez,7,49,228.38531506853533,786.4924707759858,0.290384617214709,54,,0.9375,,KHONG CO,KHONG CO,72513.72113774302,3408.999869833403,74146.20879180629,0.0,185.63853301008606,12211.161279226017,,,0.031052318807616174,,904ed64,3f576228eab2d2d327adc0d6d41f07ea8825a2366b97b7c99a3a9ab30eec136d,audits/paper_extras/v4_runs/v1/bench7_seed404_exp.json,KHONG CO (che do lay mau v1)
404,exp,saez,8,50,193.0743063563516,723.1097696267618,0.26700552871247785,54,,0.9458333333333333,,KHONG CO,KHONG CO,73453.08939931748,3121.638275569344,76242.08444200705,0.0,231.73730052816018,15053.665116552429,,,0.029332785753012087,,904ed64,3f576228eab2d2d327adc0d6d41f07ea8825a2366b97b7c99a3a9ab30eec136d,audits/paper_extras/v4_runs/v1/bench7_seed404_exp.json,KHONG CO (che do lay mau v1)
404,exp,saez,9,51,226.06684755020711,725.767452898632,0.31148661550930956,44,,0.9458333333333333,,KHONG CO,KHONG CO,64986.48922356176,2727.7232748213587,67483.24176242208,0.0,241.8671031795867,11709.784646388129,,,0.03388462046642446,,904ed64,3f576228eab2d2d327adc0d6d41f07ea8825a2366b97b7c99a3a9ab30eec136d,audits/paper_extras/v4_runs/v1/bench7_seed404_exp.json,KHONG CO (che do lay mau v1)
404,exp,free_market+rl_aux,0,42,461.25992919342855,918.5835894115605,0.5021425752760389,0,,0.0,,KHONG CO,KHONG CO,0.0,0.0,0.0,194.17189121246335,3.451763815660305,14450.240492387562,,,0.004598087297358505,,904ed64,3f576228eab2d2d327adc0d6d41f07ea8825a2366b97b7c99a3a9ab30eec136d,audits/paper_extras/v4_runs/v1/bench7_seed404_exp.json,KHONG CO (che do lay mau v1)
404,exp,free_market+rl_aux,1,43,461.97688168145504,975.7856593930327,0.47344094190605157,0,,0.0,,KHONG CO,KHONG CO,0.0,0.0,0.0,199.8352380394935,5.812374201409739,14488.138395022728,,,0.005030365794236162,,904ed64,3f576228eab2d2d327adc0d6d41f07ea8825a2366b97b7c99a3a9ab30eec136d,audits/paper_extras/v4_runs/v1/bench7_seed404_exp.json,KHONG CO (che do lay mau v1)
404,exp,free_market+rl_aux,2,44,436.00420096344624,939.1391253901905,0.46425943630268474,0,,0.0,,KHONG CO,KHONG CO,0.0,0.0,0.0,194.17189121246338,3.4963430119319807,14448.917174128417,,,0.004588551007627508,,904ed64,3f576228eab2d2d327adc0d6d41f07ea8825a2366b97b7c99a3a9ab30eec136d,audits/paper_extras/v4_runs/v1/bench7_seed404_exp.json,KHONG CO (che do lay mau v1)
404,exp,free_market+rl_aux,3,45,457.5485921465806,983.8957488326064,0.46503767567800003,0,,0.0,,KHONG CO,KHONG CO,0.0,0.0,0.0,194.17189121246338,0.0,14460.839642921273,,,0.004798773693957604,,904ed64,3f576228eab2d2d327adc0d6d41f07ea8825a2366b97b7c99a3a9ab30eec136d,audits/paper_extras/v4_runs/v1/bench7_seed404_exp.json,KHONG CO (che do lay mau v1)
404,exp,free_market+rl_aux,4,46,395.749015168989,873.7247913358857,0.45294470191684344,0,,0.0,,KHONG CO,KHONG CO,0.0,0.0,0.0,194.17189121246344,2.2968942358425073,14465.010102982626,,,0.004986503893097475,,904ed64,3f576228eab2d2d327adc0d6d41f07ea8825a2366b97b7c99a3a9ab30eec136d,audits/paper_extras/v4_runs/v1/bench7_seed404_exp.json,KHONG CO (che do lay mau v1)
404,exp,free_market+rl_aux,5,47,443.82987898788895,924.1679529046637,0.4802480735162151,0,,0.0,,KHONG CO,KHONG CO,0.0,0.0,0.0,194.17189121246338,0.0,14453.08255888008,,,0.0038674519404682545,,904ed64,3f576228eab2d2d327adc0d6d41f07ea8825a2366b97b7c99a3a9ab30eec136d,audits/paper_extras/v4_runs/v1/bench7_seed404_exp.json,KHONG CO (che do lay mau v1)
404,exp,free_market+rl_aux,6,48,422.70975441037257,885.354815864383,0.4774467217390982,0,,0.0,,KHONG CO,KHONG CO,0.0,0.0,0.0,194.17189121246338,0.0,14513.283443770822,,,0.0042735671634356095,,904ed64,3f576228eab2d2d327adc0d6d41f07ea8825a2366b97b7c99a3a9ab30eec136d,audits/paper_extras/v4_runs/v1/bench7_seed404_exp.json,KHONG CO (che do lay mau v1)
404,exp,free_market+rl_aux,7,49,512.5660338784359,965.8448924560777,0.5306918718335978,0,,0.0,,KHONG CO,KHONG CO,0.0,0.0,0.0,194.17189121246338,0.9686188672265311,14479.642891277754,,,0.003585712698789804,,904ed64,3f576228eab2d2d327adc0d6d41f07ea8825a2366b97b7c99a3a9ab30eec136d,audits/paper_extras/v4_runs/v1/bench7_seed404_exp.json,KHONG CO (che do lay mau v1)
404,exp,free_market+rl_aux,8,50,432.20957316312905,870.698421109794,0.49639411613062745,0,,0.0,,KHONG CO,KHONG CO,0.0,0.0,0.0,194.17189121246335,0.0,14905.524111889197,,,0.002824313774595612,,904ed64,3f576228eab2d2d327adc0d6d41f07ea8825a2366b97b7c99a3a9ab30eec136d,audits/paper_extras/v4_runs/v1/bench7_seed404_exp.json,KHONG CO (che do lay mau v1)
404,exp,free_market+rl_aux,9,51,428.9795285498295,872.3157776127292,0.49177091548638485,0,,0.0,,KHONG CO,KHONG CO,0.0,0.0,0.0,200.64428758621216,4.804308421909809,14500.291904835927,,,0.004316160880889499,,904ed64,3f576228eab2d2d327adc0d6d41f07ea8825a2366b97b7c99a3a9ab30eec136d,audits/paper_extras/v4_runs/v1/bench7_seed404_exp.json,KHONG CO (che do lay mau v1)
404,exp,us_federal+rl_aux,0,42,355.8102740689295,907.4776034110731,0.3920871134797065,0,,0.6375,,KHONG CO,KHONG CO,10630.5249754333,305.08020902482866,10629.185577921096,194.17189121246332,1.897432291677934,15092.749562790215,,,0.003693693178726996,,904ed64,3f576228eab2d2d327adc0d6d41f07ea8825a2366b97b7c99a3a9ab30eec136d,audits/paper_extras/v4_runs/v1/bench7_seed404_exp.json,KHONG CO (che do lay mau v1)
404,exp,us_federal+rl_aux,1,43,423.92490325227635,974.7538337011669,0.43490457651510017,0,,0.7458333333333333,,KHONG CO,KHONG CO,10594.126713406304,275.87311264937756,10567.221715770202,194.17189121246338,0.0,14907.53604985834,,,0.0032247431284318476,,904ed64,3f576228eab2d2d327adc0d6d41f07ea8825a2366b97b7c99a3a9ab30eec136d,audits/paper_extras/v4_runs/v1/bench7_seed404_exp.json,KHONG CO (che do lay mau v1)
404,exp,us_federal+rl_aux,2,44,337.7704665706403,978.2799765604075,0.345269733270252,0,,0.7333333333333333,,KHONG CO,KHONG CO,10585.499160161144,298.5582178369382,10578.938890684121,194.17189121246338,7.845677240091802,15015.188993163803,,,0.005028135493690718,,904ed64,3f576228eab2d2d327adc0d6d41f07ea8825a2366b97b7c99a3a9ab30eec136d,audits/paper_extras/v4_runs/v1/bench7_seed404_exp.json,KHONG CO (che do lay mau v1)
404,exp,us_federal+rl_aux,3,45,392.95086274211485,955.2240118356239,0.411370377914803,0,,0.7958333333333333,,KHONG CO,KHONG CO,10577.450022067565,260.2050257334152,10535.348647528348,194.17189121246338,4.757573091977834,14907.522580985751,,,0.004410735265514495,,904ed64,3f576228eab2d2d327adc0d6d41f07ea8825a2366b97b7c99a3a9ab30eec136d,audits/paper_extras/v4_runs/v1/bench7_seed404_exp.json,KHONG CO (che do lay mau v1)
404,exp,us_federal+rl_aux,4,46,338.40593355265236,865.5926023517466,0.3909528947373513,2,,0.775,,KHONG CO,KHONG CO,10992.640741779822,318.7741182452883,10998.314368159135,194.17189121246338,8.279466796838593,15012.54286874507,,,0.005348846636656159,,904ed64,3f576228eab2d2d327adc0d6d41f07ea8825a2366b97b7c99a3a9ab30eec136d,audits/paper_extras/v4_runs/v1/bench7_seed404_exp.json,KHONG CO (che do lay mau v1)
404,exp,us_federal+rl_aux,5,47,368.14376976966065,934.3135311078539,0.3940259425903181,0,,0.7083333333333334,,KHONG CO,KHONG CO,10581.054415755674,278.47736553378274,10536.908658075025,194.17189121246338,0.0,15114.257311917681,,,0.003375234528923248,,904ed64,3f576228eab2d2d327adc0d6d41f07ea8825a2366b97b7c99a3a9ab30eec136d,audits/paper_extras/v4_runs/v1/bench7_seed404_exp.json,KHONG CO (che do lay mau v1)
404,exp,us_federal+rl_aux,6,48,363.4323246283207,894.7786157588387,0.40617010535069964,0,,0.7583333333333333,,KHONG CO,KHONG CO,10929.280701431837,300.04262575392596,10917.530761795515,194.17189121246338,1.7422217354178429,14949.84394853125,,,0.004043356541265964,,904ed64,3f576228eab2d2d327adc0d6d41f07ea8825a2366b97b7c99a3a9ab30eec136d,audits/paper_extras/v4_runs/v1/bench7_seed404_exp.json,KHONG CO (che do lay mau v1)
404,exp,us_federal+rl_aux,7,49,448.19788937345106,974.931551872903,0.4597224169352562,0,,0.6416666666666667,,KHONG CO,KHONG CO,10840.010514034922,254.05383659132622,10784.964943275962,194.17189121246338,1.7422217354178429,15044.936944650099,,,0.0037093856443243633,,904ed64,3f576228eab2d2d327adc0d6d41f07ea8825a2366b97b7c99a3a9ab30eec136d,audits/paper_extras/v4_runs/v1/bench7_seed404_exp.json,KHONG CO (che do lay mau v1)
404,exp,us_federal+rl_aux,8,50,416.51195963588725,945.1716559492567,0.44067334966533156,0,,0.7083333333333334,,KHONG CO,KHONG CO,11234.360465665233,320.8125265379301,11233.802276153643,194.17189121246338,0.0,14943.51736327142,,,0.0038283345419646924,,904ed64,3f576228eab2d2d327adc0d6d41f07ea8825a2366b97b7c99a3a9ab30eec136d,audits/paper_extras/v4_runs/v1/bench7_seed404_exp.json,KHONG CO (che do lay mau v1)
404,exp,us_federal+rl_aux,9,51,325.1150547875017,854.5048685840927,0.3804718577276389,0,,0.6458333333333334,,KHONG CO,KHONG CO,10458.20012854959,282.92911006383594,10442.787327254086,194.17189121246338,7.31278634129962,15004.749994367425,,,0.004680655960063449,,904ed64,3f576228eab2d2d327adc0d6d41f07ea8825a2366b97b7c99a3a9ab30eec136d,audits/paper_extras/v4_runs/v1/bench7_seed404_exp.json,KHONG CO (che do lay mau v1)
404,exp,saez+rl_aux,0,42,189.92310471274462,716.8788472710827,0.2649305464036471,43,,0.9333333333333333,,KHONG CO,KHONG CO,66535.73685694169,2510.5283206313766,67129.6587081621,301.77548092603683,268.4532162152512,15132.067281542017,,,0.03108376491035227,,904ed64,3f576228eab2d2d327adc0d6d41f07ea8825a2366b97b7c99a3a9ab30eec136d,audits/paper_extras/v4_runs/v1/bench7_seed404_exp.json,KHONG CO (che do lay mau v1)
404,exp,saez+rl_aux,1,43,270.4447799530438,857.4563136563991,0.3154035670923018,49,,0.9333333333333333,,KHONG CO,KHONG CO,76643.13452272108,3019.0490757698585,77107.01050347999,368.9265933036804,254.46560920779794,16574.25119338627,,,0.03121548827723665,,904ed64,3f576228eab2d2d327adc0d6d41f07ea8825a2366b97b7c99a3a9ab30eec136d,audits/paper_extras/v4_runs/v1/bench7_seed404_exp.json,KHONG CO (che do lay mau v1)
404,exp,saez+rl_aux,2,44,337.8774966571389,953.1885239357201,0.35447079792992164,53,,0.9375,,KHONG CO,KHONG CO,71245.34477370794,3524.985254597028,72710.08550417097,343.8460573554039,247.6297264220217,13587.443637533313,,,0.031751456843391854,,904ed64,3f576228eab2d2d327adc0d6d41f07ea8825a2366b97b7c99a3a9ab30eec136d,audits/paper_extras/v4_runs/v1/bench7_seed404_exp.json,KHONG CO (che do lay mau v1)
404,exp,saez+rl_aux,3,45,206.11272976671,773.0782249532463,0.2666130323088264,52,,0.9375,,KHONG CO,KHONG CO,67222.21669571419,2829.3251546004462,67311.8678396374,322.00171959400177,161.1944247661616,13118.395418896818,,,0.027918579685496433,,904ed64,3f576228eab2d2d327adc0d6d41f07ea8825a2366b97b7c99a3a9ab30eec136d,audits/paper_extras/v4_runs/v1/bench7_seed404_exp.json,KHONG CO (che do lay mau v1)
404,exp,saez+rl_aux,4,46,173.92005411058733,715.2960862257219,0.24314414332710943,43,,0.9458333333333333,,KHONG CO,KHONG CO,70252.34972577041,3197.4807812631193,71439.14637737558,278.3130440711974,278.6568103447185,16072.607935375527,,,0.025838253625824554,,904ed64,3f576228eab2d2d327adc0d6d41f07ea8825a2366b97b7c99a3a9ab30eec136d,audits/paper_extras/v4_runs/v1/bench7_seed404_exp.json,KHONG CO (che do lay mau v1)
404,exp,saez+rl_aux,5,47,198.0136135138538,772.4792497386989,0.2563351877488418,41,,0.9416666666666667,,KHONG CO,KHONG CO,71714.22235612854,2923.4742593390047,72602.0752342986,329.28316551446915,278.32677919869514,16115.629394462465,,,0.03161207003086814,,904ed64,3f576228eab2d2d327adc0d6d41f07ea8825a2366b97b7c99a3a9ab30eec136d,audits/paper_extras/v4_runs/v1/bench7_seed404_exp.json,KHONG CO (che do lay mau v1)
404,exp,saez+rl_aux,6,48,183.85454811199682,708.9150887942138,0.2593463604008106,51,,0.9416666666666667,,KHONG CO,KHONG CO,74584.87023529326,3562.548566186777,74898.86496806,335.7555618882179,293.12588870657424,16596.294563549847,,,0.030596788282115765,,904ed64,3f576228eab2d2d327adc0d6d41f07ea8825a2366b97b7c99a3a9ab30eec136d,audits/paper_extras/v4_runs/v1/bench7_seed404_exp.json,KHONG CO (che do lay mau v1)
404,exp,saez+rl_aux,7,49,229.13497138271882,767.2563171906299,0.29864201343002916,60,,0.9333333333333333,,KHONG CO,KHONG CO,73246.54667077519,3255.1256188986376,73420.33942601006,393.19807970523834,226.37660601915886,15680.152245735148,,,0.033216861883003095,,904ed64,3f576228eab2d2d327adc0d6d41f07ea8825a2366b97b7c99a3a9ab30eec136d,audits/paper_extras/v4_runs/v1/bench7_seed404_exp.json,KHONG CO (che do lay mau v1)
404,exp,saez+rl_aux,8,50,213.18170154444368,677.7225798182765,0.31455599664630607,60,,0.9458333333333333,,KHONG CO,KHONG CO,70954.28270429395,2867.9928631068565,71110.49749080797,313.1021745800972,250.89775073198192,16168.811764721737,,,0.03100863628804664,,904ed64,3f576228eab2d2d327adc0d6d41f07ea8825a2366b97b7c99a3a9ab30eec136d,audits/paper_extras/v4_runs/v1/bench7_seed404_exp.json,KHONG CO (che do lay mau v1)
404,exp,saez+rl_aux,9,51,168.71367941903807,647.838673030271,0.2604254522655747,45,,0.9458333333333333,,KHONG CO,KHONG CO,61387.74967294694,2888.1716986812435,62239.200226801324,317.1474223136902,243.34532740521004,13228.74735029358,,,0.030470042464092368,,904ed64,3f576228eab2d2d327adc0d6d41f07ea8825a2366b97b7c99a3a9ab30eec136d,audits/paper_extras/v4_runs/v1/bench7_seed404_exp.json,KHONG CO (che do lay mau v1)
505,det,rl_learned,0,42,464.8437856214356,854.9334632936569,0.5437192548652978,0,53,0.0,4.0989061034224505e-09,KHONG CO,KHONG CO,2079.4530910253275,0.0,1669.4900343674185,125.78568112850193,0.0,15169.280395073967,114.89698045544242,0.0,0.002989940953507959,3.2942816845678995,904ed64,32a0ac1daca4dae772c0c1061b1a8032792fdbb581e1cba54a6c9c0fb70649ce,audits/paper_extras/v4_runs/v1/bench7_seed505_det.json,audits/paper_extras/v4_runs/v2/bench2_seed505_det.json
505,det,rl_learned,1,43,517.7701991480582,895.2751289163656,0.5783364045584103,0,48,0.0,1.7522894246724263e-10,KHONG CO,KHONG CO,1989.6012122799004,0.0,1616.1755913472723,112.69297313690176,0.0,15115.241435340946,145.49121245478528,0.0,0.002783629871704938,2.945979686862572,904ed64,32a0ac1daca4dae772c0c1061b1a8032792fdbb581e1cba54a6c9c0fb70649ce,audits/paper_extras/v4_runs/v1/bench7_seed505_det.json,audits/paper_extras/v4_runs/v2/bench2_seed505_det.json
505,det,rl_learned,2,44,374.97816566896716,903.2625537868397,0.41513750802234406,0,62,0.0,2.212227290243618e-09,KHONG CO,KHONG CO,1612.5732787739876,0.0,1289.095320905417,127.06869748234749,0.0,15120.087981732933,76.32127865329085,0.0,0.0033373618348005543,3.0295195308822667,904ed64,32a0ac1daca4dae772c0c1061b1a8032792fdbb581e1cba54a6c9c0fb70649ce,audits/paper_extras/v4_runs/v1/bench7_seed505_det.json,audits/paper_extras/v4_runs/v2/bench2_seed505_det.json
505,det,rl_learned,3,45,453.8186361797287,903.5575303173849,0.5022575994915561,0,55,0.0,7.620474917757747e-09,KHONG CO,KHONG CO,1807.933202322892,0.0,1455.0111527155361,126.89778453111649,0.0,15085.41338871212,140.61087636412807,0.0,0.0030696875957546017,3.0580760416583894,904ed64,32a0ac1daca4dae772c0c1061b1a8032792fdbb581e1cba54a6c9c0fb70649ce,audits/paper_extras/v4_runs/v1/bench7_seed505_det.json,audits/paper_extras/v4_runs/v2/bench2_seed505_det.json
505,det,rl_learned,4,46,395.485826841067,837.4664188871282,0.47224081816511587,0,55,0.0,0.0,KHONG CO,KHONG CO,1600.9089029414704,0.0,1285.3637661113164,123.32355138659477,0.0,15027.115871638609,165.1057138049551,0.0,0.0030696875957546017,3.4511933563988384,904ed64,32a0ac1daca4dae772c0c1061b1a8032792fdbb581e1cba54a6c9c0fb70649ce,audits/paper_extras/v4_runs/v1/bench7_seed505_det.json,audits/paper_extras/v4_runs/v2/bench2_seed505_det.json
505,det,rl_learned,5,47,494.61947765242206,875.0077125637332,0.5652744204999168,0,55,0.0,2.840168100703977e-10,KHONG CO,KHONG CO,1960.2970367342614,0.0,1592.2060509627552,117.45020368695259,0.0,15049.009448532617,201.63133355193855,0.0,0.0030696875957546012,3.277046092490244,904ed64,32a0ac1daca4dae772c0c1061b1a8032792fdbb581e1cba54a6c9c0fb70649ce,audits/paper_extras/v4_runs/v1/bench7_seed505_det.json,audits/paper_extras/v4_runs/v2/bench2_seed505_det.json
505,det,rl_learned,6,48,422.65007413945614,849.8044149189631,0.4973498215818988,0,51,0.0,7.870571971935192e-09,KHONG CO,KHONG CO,1712.0957717571612,0.0,1376.2518427124514,128.84911242127416,0.0,15058.352894958152,148.64192166528227,0.0,0.0029086382058716876,3.4076195032098813,904ed64,32a0ac1daca4dae772c0c1061b1a8032792fdbb581e1cba54a6c9c0fb70649ce,audits/paper_extras/v4_runs/v1/bench7_seed505_det.json,audits/paper_extras/v4_runs/v2/bench2_seed505_det.json
505,det,rl_learned,7,49,444.0647654113153,860.3911968849831,0.5161196058479406,0,44,0.0,0.0,KHONG CO,KHONG CO,1541.9618841585059,0.0,1231.3085242123282,141.82311755418777,0.0,14710.621818932563,458.2084234594294,0.0,0.0026108951115411507,3.095555779031586,904ed64,32a0ac1daca4dae772c0c1061b1a8032792fdbb581e1cba54a6c9c0fb70649ce,audits/paper_extras/v4_runs/v1/bench7_seed505_det.json,audits/paper_extras/v4_runs/v2/bench2_seed505_det.json
505,det,rl_learned,8,50,436.99943422022824,849.9759970388271,0.5141314998807737,0,51,0.0,1.3614607219381014e-09,KHONG CO,KHONG CO,1699.7107393226324,0.0,1364.4626923988324,124.06131640076637,0.0,15121.161041944553,90.02568857848274,0.0,0.0029086382058716876,3.262907901675767,904ed64,32a0ac1daca4dae772c0c1061b1a8032792fdbb581e1cba54a6c9c0fb70649ce,audits/paper_extras/v4_runs/v1/bench7_seed505_det.json,audits/paper_extras/v4_runs/v2/bench2_seed505_det.json
505,det,rl_learned,9,51,392.8713744410853,807.1872216038181,0.4867165434810533,0,46,0.0,3.543653059878693e-08,KHONG CO,KHONG CO,1653.1729408964686,0.0,1325.8940330558273,131.68008828163147,0.0,15109.147771014197,86.45104854480938,0.0,0.0026981575384417357,3.5477363299201548,904ed64,32a0ac1daca4dae772c0c1061b1a8032792fdbb581e1cba54a6c9c0fb70649ce,audits/paper_extras/v4_runs/v1/bench7_seed505_det.json,audits/paper_extras/v4_runs/v2/bench2_seed505_det.json
505,det,free_market,0,42,498.5795795667178,881.4146027918708,0.5656584063702514,0,62,0.0,4.856353097437704e-10,KHONG CO,KHONG CO,0.0,0.0,0.0,0.0,0.0,14690.695244416955,309.3047555830449,0.0,0.003337361834800554,3.174155742654587,904ed64,32a0ac1daca4dae772c0c1061b1a8032792fdbb581e1cba54a6c9c0fb70649ce,audits/paper_extras/v4_runs/v1/bench7_seed505_det.json,audits/paper_extras/v4_runs/v2/bench2_seed505_det.json
505,det,free_market,1,43,505.3281789509133,893.7115122900873,0.565426507325655,0,52,0.0,7.756240094636269e-12,KHONG CO,KHONG CO,0.0,0.0,0.0,0.0,0.0,14627.234702394262,372.76529760573874,0.0,0.0029494878790743023,2.8382369334441053,904ed64,32a0ac1daca4dae772c0c1061b1a8032792fdbb581e1cba54a6c9c0fb70649ce,audits/paper_extras/v4_runs/v1/bench7_seed505_det.json,audits/paper_extras/v4_runs/v2/bench2_seed505_det.json
505,det,free_market,2,44,379.46191767743517,930.2515167135904,0.4079132480407075,0,73,0.0,2.684878985803607e-10,KHONG CO,KHONG CO,0.0,0.0,0.0,0.0,0.0,14624.688924855787,375.3110751442141,0.0,0.003726059226859065,2.933198343493129,904ed64,32a0ac1daca4dae772c0c1061b1a8032792fdbb581e1cba54a6c9c0fb70649ce,audits/paper_extras/v4_runs/v1/bench7_seed505_det.json,audits/paper_extras/v4_runs/v2/bench2_seed505_det.json
505,det,free_market,3,45,476.46113949558685,901.2498965775441,0.5286670670420341,0,59,0.0,8.888576541465909e-10,KHONG CO,KHONG CO,0.0,0.0,0.0,0.0,0.0,14593.412449952453,406.58755004754954,0.0,0.0032247431284318476,2.9857510976468418,904ed64,32a0ac1daca4dae772c0c1061b1a8032792fdbb581e1cba54a6c9c0fb70649ce,audits/paper_extras/v4_runs/v1/bench7_seed505_det.json,audits/paper_extras/v4_runs/v2/bench2_seed505_det.json
505,det,free_market,4,46,391.8182045231384,827.6656503298286,0.47340155335309253,0,56,0.0,3.89190457639188e-10,KHONG CO,KHONG CO,0.0,0.0,0.0,0.0,0.0,14536.227508958455,463.77249104154714,0.0,0.00310899577185523,3.3371783421723884,904ed64,32a0ac1daca4dae772c0c1061b1a8032792fdbb581e1cba54a6c9c0fb70649ce,audits/paper_extras/v4_runs/v1/bench7_seed505_det.json,audits/paper_extras/v4_runs/v2/bench2_seed505_det.json
505,det,free_market,5,47,461.00309534625546,854.2670929776315,0.5396474933142796,0,51,0.0,6.575939792696772e-11,KHONG CO,KHONG CO,0.0,0.0,0.0,0.0,0.0,14555.629600011573,444.370399988426,0.0,0.0029086382058716876,3.109197261127482,904ed64,32a0ac1daca4dae772c0c1061b1a8032792fdbb581e1cba54a6c9c0fb70649ce,audits/paper_extras/v4_runs/v1/bench7_seed505_det.json,audits/paper_extras/v4_runs/v2/bench2_seed505_det.json
505,det,free_market,6,48,420.8914696898319,837.1764184704315,0.502751224716559,0,50,0.0,2.7329805085685166e-10,KHONG CO,KHONG CO,0.0,0.0,0.0,0.0,0.0,14562.122590782581,437.8774092174219,0.0,0.0028673840804591465,3.2957929603704685,904ed64,32a0ac1daca4dae772c0c1061b1a8032792fdbb581e1cba54a6c9c0fb70649ce,audits/paper_extras/v4_runs/v1/bench7_seed505_det.json,audits/paper_extras/v4_runs/v2/bench2_seed505_det.json
505,det,free_market,7,49,473.6494288136152,892.5415230413545,0.5306749507850845,0,59,0.0,8.827958364321375e-10,KHONG CO,KHONG CO,0.0,0.0,0.0,0.0,0.0,14692.920294139334,307.07970586066773,0.0,0.003224743128431848,3.044812836608368,904ed64,32a0ac1daca4dae772c0c1061b1a8032792fdbb581e1cba54a6c9c0fb70649ce,audits/paper_extras/v4_runs/v1/bench7_seed505_det.json,audits/paper_extras/v4_runs/v2/bench2_seed505_det.json
505,det,free_market,8,50,434.951311836733,836.0006024133094,0.5202763138939677,0,47,0.0,3.253639579980927e-10,KHONG CO,KHONG CO,0.0,0.0,0.0,0.0,0.0,14622.124078896659,377.87592110334106,0.0,0.0027411128649022167,3.15613392283346,904ed64,32a0ac1daca4dae772c0c1061b1a8032792fdbb581e1cba54a6c9c0fb70649ce,audits/paper_extras/v4_runs/v1/bench7_seed505_det.json,audits/paper_extras/v4_runs/v2/bench2_seed505_det.json
505,det,free_market,9,51,415.975633234677,794.4433616143804,0.5236064058605475,0,45,0.0,9.667679989888711e-10,KHONG CO,KHONG CO,0.0,0.0,0.0,0.0,0.0,14597.82235957067,402.17764042932856,0.0,0.002654754760663958,3.464313754103115,904ed64,32a0ac1daca4dae772c0c1061b1a8032792fdbb581e1cba54a6c9c0fb70649ce,audits/paper_extras/v4_runs/v1/bench7_seed505_det.json,audits/paper_extras/v4_runs/v2/bench2_seed505_det.json
505,det,us_federal,0,42,399.1726637293327,876.2638948849963,0.45553932560661015,0,61,0.6875,-0.5033820220415137,KHONG CO,KHONG CO,10924.544911292542,141.09872635949853,11051.674743167483,0.0,0.0,14677.243742510434,336.725151974127,0.0,0.0033001594538481726,3.412522288875645,904ed64,32a0ac1daca4dae772c0c1061b1a8032792fdbb581e1cba54a6c9c0fb70649ce,audits/paper_extras/v4_runs/v1/bench7_seed505_det.json,audits/paper_extras/v4_runs/v2/bench2_seed505_det.json
505,det,us_federal,1,43,439.3701508685062,889.5432118263525,0.4939278328777529,0,47,0.75,-0.6207668672863969,KHONG CO,KHONG CO,10644.76613023277,118.00530339177918,10749.934263868823,0.0,0.0,14643.628342452388,369.20882730333926,0.0,0.002741112864902217,3.0923829861805796,904ed64,32a0ac1daca4dae772c0c1061b1a8032792fdbb581e1cba54a6c9c0fb70649ce,audits/paper_extras/v4_runs/v1/bench7_seed505_det.json,audits/paper_extras/v4_runs/v2/bench2_seed505_det.json
505,det,us_federal,2,44,355.5787446527815,893.9321594106276,0.3977692724325028,0,61,0.825,-0.6300000093877318,KHONG CO,KHONG CO,10596.884410500765,137.51167732108775,10719.260025181975,0.0,0.0,14702.35077324977,312.78528939010937,0.0,0.0033001594538481734,3.200054099332397,904ed64,32a0ac1daca4dae772c0c1061b1a8032792fdbb581e1cba54a6c9c0fb70649ce,audits/paper_extras/v4_runs/v1/bench7_seed505_det.json,audits/paper_extras/v4_runs/v2/bench2_seed505_det.json
505,det,us_federal,3,45,372.11343428451346,875.9995474760708,0.42478724487546415,0,48,0.7208333333333333,-0.6433098432233914,KHONG CO,KHONG CO,10548.300913810608,130.92297733646464,10666.498687509795,0.0,0.0,14638.687684913433,374.0375187238425,0.0,0.0027836298717049384,3.22250774760442,904ed64,32a0ac1daca4dae772c0c1061b1a8032792fdbb581e1cba54a6c9c0fb70649ce,audits/paper_extras/v4_runs/v1/bench7_seed505_det.json,audits/paper_extras/v4_runs/v2/bench2_seed505_det.json
505,det,us_federal,4,46,315.19673203987213,811.3271004650634,0.3884952590135313,0,49,0.7833333333333333,-0.6300000093877316,KHONG CO,KHONG CO,11115.1030991227,165.12613317098808,11268.06412128653,0.0,1.650000024586916,14568.972340671258,441.5427703113125,0.0,0.003246592834667901,3.6659756220688844,904ed64,32a0ac1daca4dae772c0c1061b1a8032792fdbb581e1cba54a6c9c0fb70649ce,audits/paper_extras/v4_runs/v1/bench7_seed505_det.json,audits/paper_extras/v4_runs/v2/bench2_seed505_det.json
505,det,us_federal,5,47,395.38921399224165,858.8426239818731,0.46037446553256633,0,50,0.8291666666666667,-0.7597898844691253,KHONG CO,KHONG CO,10903.390054161877,136.21334719643332,11026.738861508642,0.0,1.650000024586916,14585.088424320367,426.1261155047181,0.0,0.003284050747125813,3.359354788090348,904ed64,32a0ac1daca4dae772c0c1061b1a8032792fdbb581e1cba54a6c9c0fb70649ce,audits/paper_extras/v4_runs/v1/bench7_seed505_det.json,audits/paper_extras/v4_runs/v2/bench2_seed505_det.json
505,det,us_federal,6,48,392.1819712525003,872.9845978745224,0.4492427154011144,1,60,0.7791666666666667,-0.6934346288916007,KHONG CO,KHONG CO,11823.519886432478,170.9959104620894,11922.85106257906,0.0,0.0,15058.15866021757,13.667906300734368,0.0,0.003603531007219726,3.7023260654498276,904ed64,32a0ac1daca4dae772c0c1061b1a8032792fdbb581e1cba54a6c9c0fb70649ce,audits/paper_extras/v4_runs/v1/bench7_seed505_det.json,audits/paper_extras/v4_runs/v2/bench2_seed505_det.json
505,det,us_federal,7,49,403.1077111210696,889.809220699122,0.45302712283015945,0,56,0.6333333333333333,-0.42385138119609045,KHONG CO,KHONG CO,10639.005686280241,122.68593070279839,10748.319276893613,0.0,0.0,14760.654631561147,252.71770852827532,0.0,0.00310899577185523,3.257029695345532,904ed64,32a0ac1daca4dae772c0c1061b1a8032792fdbb581e1cba54a6c9c0fb70649ce,audits/paper_extras/v4_runs/v1/bench7_seed505_det.json,audits/paper_extras/v4_runs/v2/bench2_seed505_det.json
505,det,us_federal,8,50,396.49292385195247,842.3128218090084,0.47071932610549283,0,51,0.7625,-0.6573407964509046,KHONG CO,KHONG CO,10944.768744722991,138.2642338510348,11070.530652001982,0.0,0.0,14643.403059619443,369.09926695260094,0.0,0.0029086382058716876,3.4471342446769753,904ed64,32a0ac1daca4dae772c0c1061b1a8032792fdbb581e1cba54a6c9c0fb70649ce,audits/paper_extras/v4_runs/v1/bench7_seed505_det.json,audits/paper_extras/v4_runs/v2/bench2_seed505_det.json
505,det,us_federal,9,51,354.41276111538417,795.39731329421,0.4455795301187926,0,47,0.8,-0.6335380070852841,KHONG CO,KHONG CO,11365.598172712569,168.50672066367562,11522.274620027843,0.0,0.0,14597.528572627276,414.3017007211219,0.0,0.0027411128649022167,3.7933292786394426,904ed64,32a0ac1daca4dae772c0c1061b1a8032792fdbb581e1cba54a6c9c0fb70649ce,audits/paper_extras/v4_runs/v1/bench7_seed505_det.json,audits/paper_extras/v4_runs/v2/bench2_seed505_det.json
505,det,saez,0,42,203.7609557459766,614.9003231288686,0.33137233480242145,49,35,0.9458333333333333,-18.486803302089168,KHONG CO,KHONG CO,59710.517679010045,2198.5079396851656,59724.60704667925,0.0,361.9061384894828,9298.963599792345,36.835543334558736,0.0,0.042231001046973554,4.75060029180223,904ed64,32a0ac1daca4dae772c0c1061b1a8032792fdbb581e1cba54a6c9c0fb70649ce,audits/paper_extras/v4_runs/v1/bench7_seed505_det.json,audits/paper_extras/v4_runs/v2/bench2_seed505_det.json
505,det,saez,1,43,135.63531926624452,701.9827772625841,0.193217445868346,44,34,0.95,-16.81622878298552,KHONG CO,KHONG CO,62025.26549967158,2069.6530094217696,62662.93620160075,0.0,271.2585294810378,12302.670371475699,19.191044675646577,658.4293375586578,0.04106438364453869,4.45824502272536,904ed64,32a0ac1daca4dae772c0c1061b1a8032792fdbb581e1cba54a6c9c0fb70649ce,audits/paper_extras/v4_runs/v1/bench7_seed505_det.json,audits/paper_extras/v4_runs/v2/bench2_seed505_det.json
505,det,saez,2,44,322.3686788446442,746.830507324789,0.43164904979497487,49,41,0.9458333333333333,-18.427162098601144,KHONG CO,KHONG CO,62478.69382996685,2291.46373563024,58669.611908097664,0.0,371.37843491307876,10164.039748483454,63.02261608600565,0.0,0.04073791134545017,4.307001854379997,904ed64,32a0ac1daca4dae772c0c1061b1a8032792fdbb581e1cba54a6c9c0fb70649ce,audits/paper_extras/v4_runs/v1/bench7_seed505_det.json,audits/paper_extras/v4_runs/v2/bench2_seed505_det.json
505,det,saez,3,45,236.77970223919922,692.763582074807,0.3417900541625627,49,41,0.9458333333333333,-18.72479710562166,KHONG CO,KHONG CO,64229.942775157295,2414.1071844400412,63514.68922903882,0.0,390.732515260484,11190.872902725701,44.27334160584482,0.0,0.041885019139352865,4.625418357151746,904ed64,32a0ac1daca4dae772c0c1061b1a8032792fdbb581e1cba54a6c9c0fb70649ce,audits/paper_extras/v4_runs/v1/bench7_seed505_det.json,audits/paper_extras/v4_runs/v2/bench2_seed505_det.json
505,det,saez,4,46,186.34432349340693,578.379998948141,0.32218320798142785,45,26,0.9458333333333333,-18.077875813221887,KHONG CO,KHONG CO,56459.71007689461,2074.012399451147,57312.48351216473,0.0,454.4197936451486,8741.563340682591,15.637987906809547,471.79637914304527,0.05094666829761484,4.710103397071654,904ed64,32a0ac1daca4dae772c0c1061b1a8032792fdbb581e1cba54a6c9c0fb70649ce,audits/paper_extras/v4_runs/v1/bench7_seed505_det.json,audits/paper_extras/v4_runs/v2/bench2_seed505_det.json
505,det,saez,5,47,208.46718787901756,646.3778316125387,0.3225159924791171,40,21,0.9416666666666667,-17.288080802742776,KHONG CO,KHONG CO,55341.915238089925,2113.4061009204775,57337.38066975607,0.0,279.48744238259144,7812.1537846464435,31.525089221467656,0.0,0.04320107230467856,4.24440840500874,904ed64,32a0ac1daca4dae772c0c1061b1a8032792fdbb581e1cba54a6c9c0fb70649ce,audits/paper_extras/v4_runs/v1/bench7_seed505_det.json,audits/paper_extras/v4_runs/v2/bench2_seed505_det.json
505,det,saez,6,48,177.39839201377288,636.6607897280538,0.27863878987984736,42,26,0.9458333333333333,-16.875609254964587,KHONG CO,KHONG CO,58838.0899286753,2239.6840277752462,59973.37398927596,0.0,297.12060557791096,8804.326852935692,17.391306014265716,1011.5753714064748,0.038874105211691816,4.690817531856484,904ed64,32a0ac1daca4dae772c0c1061b1a8032792fdbb581e1cba54a6c9c0fb70649ce,audits/paper_extras/v4_runs/v1/bench7_seed505_det.json,audits/paper_extras/v4_runs/v2/bench2_seed505_det.json
505,det,saez,7,49,257.81301649233797,671.4706527635086,0.3839527690916664,47,32,0.9416666666666667,-17.412582118481723,KHONG CO,KHONG CO,67080.36276963305,2622.76410238892,68658.75673011753,0.0,271.8365146925346,11353.035935301312,16.54877847866124,598.1180154135494,0.03863999079641064,4.95425952014149,904ed64,32a0ac1daca4dae772c0c1061b1a8032792fdbb581e1cba54a6c9c0fb70649ce,audits/paper_extras/v4_runs/v1/bench7_seed505_det.json,audits/paper_extras/v4_runs/v2/bench2_seed505_det.json
505,det,saez,8,50,185.13670046944105,634.3330814878997,0.2918603898683355,49,34,0.95,-16.51378758790371,KHONG CO,KHONG CO,63881.88647035709,2271.1992051172037,64823.35799339593,0.0,500.70845374526857,11309.1318152176,16.074306466825654,470.8310964175666,0.051669609844267834,5.021048653143848,904ed64,32a0ac1daca4dae772c0c1061b1a8032792fdbb581e1cba54a6c9c0fb70649ce,audits/paper_extras/v4_runs/v1/bench7_seed505_det.json,audits/paper_extras/v4_runs/v2/bench2_seed505_det.json
505,det,saez,9,51,147.74059710950897,538.1363769006256,0.2745411822193008,41,21,0.95,-16.86618833424103,KHONG CO,KHONG CO,48270.80995953958,1839.9473845120667,50079.730722324406,0.0,339.6840347075377,4891.525572509501,310.1562377618135,0.0,0.05196844313082426,4.276182015249465,904ed64,32a0ac1daca4dae772c0c1061b1a8032792fdbb581e1cba54a6c9c0fb70649ce,audits/paper_extras/v4_runs/v1/bench7_seed505_det.json,audits/paper_extras/v4_runs/v2/bench2_seed505_det.json
505,det,free_market+rl_aux,0,42,499.89458490810796,883.0721347373468,0.5660857876087237,0,62,0.0,4.860445379506473e-10,KHONG CO,KHONG CO,0.0,0.0,0.0,125.96276879310602,0.0,14690.351667395777,183.68556381111938,0.0,0.003337361834800554,3.179882602287828,904ed64,32a0ac1daca4dae772c0c1061b1a8032792fdbb581e1cba54a6c9c0fb70649ce,audits/paper_extras/v4_runs/v1/bench7_seed505_det.json,audits/paper_extras/v4_runs/v2/bench2_seed505_det.json
505,det,free_market+rl_aux,1,43,513.6240551404587,909.3902008812438,0.5648005164809691,0,58,0.0,1.5349055360047714e-11,KHONG CO,KHONG CO,0.0,0.0,0.0,125.96276879310608,0.0,14627.020814595495,247.01641661140212,0.0,0.0031865168287376583,2.8425231999018044,904ed64,32a0ac1daca4dae772c0c1061b1a8032792fdbb581e1cba54a6c9c0fb70649ce,audits/paper_extras/v4_runs/v1/bench7_seed505_det.json,audits/paper_extras/v4_runs/v2/bench2_seed505_det.json
505,det,free_market+rl_aux,2,44,379.7039106357887,931.2115846967616,0.4077525633011051,0,73,0.0,2.72198263928658e-10,KHONG CO,KHONG CO,0.0,0.0,0.0,125.96276879310608,0.0,14624.4081733017,249.62905790519977,0.0,0.003726059226859065,2.938219537349078,904ed64,32a0ac1daca4dae772c0c1061b1a8032792fdbb581e1cba54a6c9c0fb70649ce,audits/paper_extras/v4_runs/v1/bench7_seed505_det.json,audits/paper_extras/v4_runs/v2/bench2_seed505_det.json
505,det,free_market+rl_aux,3,45,477.3051913657858,902.0852015510583,0.5291132041021185,0,59,0.0,8.946792195985154e-10,KHONG CO,KHONG CO,0.0,0.0,0.0,125.96276879310608,0.0,14593.125792121735,280.9114390851584,0.0,0.0032247431284318476,2.9910601955064147,904ed64,32a0ac1daca4dae772c0c1061b1a8032792fdbb581e1cba54a6c9c0fb70649ce,audits/paper_extras/v4_runs/v1/bench7_seed505_det.json,audits/paper_extras/v4_runs/v2/bench2_seed505_det.json
505,det,free_market+rl_aux,4,46,393.5149880660327,829.7534527731783,0.4742553185537681,0,56,0.0,4.24821289257693e-10,KHONG CO,KHONG CO,0.0,0.0,0.0,125.9627687931061,0.0,14536.016762721996,338.02046848490005,0.0,0.00310899577185523,3.343035657029852,904ed64,32a0ac1daca4dae772c0c1061b1a8032792fdbb581e1cba54a6c9c0fb70649ce,audits/paper_extras/v4_runs/v1/bench7_seed505_det.json,audits/paper_extras/v4_runs/v2/bench2_seed505_det.json
505,det,free_market+rl_aux,5,47,461.71735371235206,855.8906224482936,0.5394583625552523,0,51,0.0,6.7556404914626e-11,KHONG CO,KHONG CO,0.0,0.0,0.0,125.96276879310608,0.0,14555.382421312781,318.6548098941122,0.0,0.0029086382058716876,3.1144703897382096,904ed64,32a0ac1daca4dae772c0c1061b1a8032792fdbb581e1cba54a6c9c0fb70649ce,audits/paper_extras/v4_runs/v1/bench7_seed505_det.json,audits/paper_extras/v4_runs/v2/bench2_seed505_det.json
505,det,free_market+rl_aux,6,48,421.91120682438,838.6107231847021,0.5031073359307081,0,50,0.0,2.7288282744564185e-10,KHONG CO,KHONG CO,0.0,0.0,0.0,125.96276879310611,0.0,14561.894079213991,312.14315199290627,0.0,0.0028673840804591465,3.301584870486191,904ed64,32a0ac1daca4dae772c0c1061b1a8032792fdbb581e1cba54a6c9c0fb70649ce,audits/paper_extras/v4_runs/v1/bench7_seed505_det.json,audits/paper_extras/v4_runs/v2/bench2_seed505_det.json
505,det,free_market+rl_aux,7,49,474.5397692431916,893.8870273557392,0.53087219606146,0,59,0.0,9.192215877362742e-10,KHONG CO,KHONG CO,0.0,0.0,0.0,125.96276879310608,0.0,14692.571675620293,181.46555558660418,0.0,0.003224743128431848,3.0503600165854086,904ed64,32a0ac1daca4dae772c0c1061b1a8032792fdbb581e1cba54a6c9c0fb70649ce,audits/paper_extras/v4_runs/v1/bench7_seed505_det.json,audits/paper_extras/v4_runs/v2/bench2_seed505_det.json
505,det,free_market+rl_aux,8,50,436.02504479871504,837.4372901435703,0.5206659052929956,0,47,0.0,3.280844484976342e-10,KHONG CO,KHONG CO,0.0,0.0,0.0,125.96276879310608,0.0,14621.902556962521,252.13467424437556,0.0,0.0027411128649022167,3.1616998827396996,904ed64,32a0ac1daca4dae772c0c1061b1a8032792fdbb581e1cba54a6c9c0fb70649ce,audits/paper_extras/v4_runs/v1/bench7_seed505_det.json,audits/paper_extras/v4_runs/v2/bench2_seed505_det.json
505,det,free_market+rl_aux,9,51,417.09281011295155,795.7618640146868,0.5241427479430625,0,45,0.0,1.0032328301434745e-09,KHONG CO,KHONG CO,0.0,0.0,0.0,125.96276879310608,0.0,14597.76843279424,276.2687984126535,0.0,0.002654754760663958,3.470721607708592,904ed64,32a0ac1daca4dae772c0c1061b1a8032792fdbb581e1cba54a6c9c0fb70649ce,audits/paper_extras/v4_runs/v1/bench7_seed505_det.json,audits/paper_extras/v4_runs/v2/bench2_seed505_det.json
505,det,us_federal+rl_aux,0,42,362.9250025716217,877.4085068335219,0.4136328742484856,0,56,0.6833333333333333,-0.38214657844915273,KHONG CO,KHONG CO,10794.924813039508,134.50352568694473,8787.65820303927,125.96276879310601,0.0,16664.30628614141,351.50108075266195,0.0,0.0031089957718552297,3.3513866316305405,904ed64,32a0ac1daca4dae772c0c1061b1a8032792fdbb581e1cba54a6c9c0fb70649ce,audits/paper_extras/v4_runs/v1/bench7_seed505_det.json,audits/paper_extras/v4_runs/v2/bench2_seed505_det.json
505,det,us_federal+rl_aux,1,43,398.91825294133616,914.9726987438705,0.4359892415249057,0,53,0.7375,-0.505623035179189,KHONG CO,KHONG CO,10495.561397071935,118.30886096727241,8532.093095797823,125.9627687931061,0.0,16616.108515270247,339.7058781780232,0.0,0.002989940953507959,3.008528664819113,904ed64,32a0ac1daca4dae772c0c1061b1a8032792fdbb581e1cba54a6c9c0fb70649ce,audits/paper_extras/v4_runs/v1/bench7_seed505_det.json,audits/paper_extras/v4_runs/v2/bench2_seed505_det.json
505,det,us_federal+rl_aux,2,44,304.12122587784734,936.852992343995,0.32462000800887625,0,72,0.8,-0.49905279652703277,KHONG CO,KHONG CO,10621.636325115787,135.25871544449953,8657.398115525673,125.96276879310608,0.0,16666.002833623443,307.5313226180646,0.0,0.003692183888105678,3.1371425562626696,904ed64,32a0ac1daca4dae772c0c1061b1a8032792fdbb581e1cba54a6c9c0fb70649ce,audits/paper_extras/v4_runs/v1/bench7_seed505_det.json,audits/paper_extras/v4_runs/v2/bench2_seed505_det.json
505,det,us_federal+rl_aux,3,45,365.11516328500466,910.0983883698731,0.40118207871896394,0,55,0.8,-0.5348783169974073,KHONG CO,KHONG CO,10665.798907456923,135.4209728198393,8698.14844067851,125.96276879310597,0.0,16619.059586730127,358.0490840750242,0.0,0.0030696875957546012,3.1816585394431462,904ed64,32a0ac1daca4dae772c0c1061b1a8032792fdbb581e1cba54a6c9c0fb70649ce,audits/paper_extras/v4_runs/v1/bench7_seed505_det.json,audits/paper_extras/v4_runs/v2/bench2_seed505_det.json
505,det,us_federal+rl_aux,4,46,298.8759003235209,882.6439769658406,0.3386143316254542,1,77,0.8125,-0.5858148292676904,KHONG CO,KHONG CO,11620.35871108039,152.09458438408933,9450.981815738445,125.96276879310608,3.863130658864975,17035.827462625446,156.01823110605363,0.0,0.0045646195996692125,3.6590555308999635,904ed64,32a0ac1daca4dae772c0c1061b1a8032792fdbb581e1cba54a6c9c0fb70649ce,audits/paper_extras/v4_runs/v1/bench7_seed505_det.json,audits/paper_extras/v4_runs/v2/bench2_seed505_det.json
505,det,us_federal+rl_aux,5,47,370.2541582779273,883.333780768456,0.4191554385657308,0,60,0.8083333333333333,-0.750311345746091,KHONG CO,KHONG CO,10909.714435130583,131.97663635797602,8877.533434558036,125.96276879310608,3.863130658864975,16570.18992592603,464.14181155251737,0.0,0.0040201976738863925,3.3212617388729626,904ed64,32a0ac1daca4dae772c0c1061b1a8032792fdbb581e1cba54a6c9c0fb70649ce,audits/paper_extras/v4_runs/v1/bench7_seed505_det.json,audits/paper_extras/v4_runs/v2/bench2_seed505_det.json
505,det,us_federal+rl_aux,6,48,315.97187019387235,862.671299718891,0.36627145275011996,0,56,0.7458333333333333,-0.48199988945138766,KHONG CO,KHONG CO,10882.973752050817,160.28396600090215,8906.353148526805,125.96276879310608,4.438425936557833,16621.280491615886,385.22288317937165,0.0,0.0036104353279891735,3.4711839691560105,904ed64,32a0ac1daca4dae772c0c1061b1a8032792fdbb581e1cba54a6c9c0fb70649ce,audits/paper_extras/v4_runs/v1/bench7_seed505_det.json,audits/paper_extras/v4_runs/v2/bench2_seed505_det.json
505,det,us_federal+rl_aux,7,49,310.1731789931738,877.7393023464681,0.35337733899346324,0,50,0.6208333333333333,-0.35064592114242793,KHONG CO,KHONG CO,10328.45361556773,118.51721630838027,8416.714303058985,125.96276879310608,0.0,16757.258231985677,147.0355280383398,0.0,0.0028673840804591465,3.190784745767536,904ed64,32a0ac1daca4dae772c0c1061b1a8032792fdbb581e1cba54a6c9c0fb70649ce,audits/paper_extras/v4_runs/v1/bench7_seed505_det.json,audits/paper_extras/v4_runs/v2/bench2_seed505_det.json
505,det,us_federal+rl_aux,8,50,347.9224970420194,857.1075713773131,0.4059262905389248,0,53,0.7541666666666667,-0.630000009387732,KHONG CO,KHONG CO,10900.680456006041,131.7119291856366,8894.889262884008,125.96276879310608,0.0,16628.230645771364,383.30970774319786,0.0,0.002989940953507959,3.3970443826391845,904ed64,32a0ac1daca4dae772c0c1061b1a8032792fdbb581e1cba54a6c9c0fb70649ce,audits/paper_extras/v4_runs/v1/bench7_seed505_det.json,audits/paper_extras/v4_runs/v2/bench2_seed505_det.json
505,det,us_federal+rl_aux,9,51,331.7909195261328,824.835021454948,0.4022512513361498,0,56,0.7916666666666666,-0.5858777802640289,KHONG CO,KHONG CO,11527.779337556645,154.3702805293148,9422.698154266765,125.9627687931061,0.0,16600.5229061771,532.965788848984,0.0,0.0031089957718552306,3.7701372625269958,904ed64,32a0ac1daca4dae772c0c1061b1a8032792fdbb581e1cba54a6c9c0fb70649ce,audits/paper_extras/v4_runs/v1/bench7_seed505_det.json,audits/paper_extras/v4_runs/v2/bench2_seed505_det.json
505,det,saez+rl_aux,0,42,131.24568278457025,734.0473600627083,0.17879729554964707,39,30,0.9375,-14.560582937916903,KHONG CO,KHONG CO,49056.603821271216,1808.122513177026,40960.65431986424,348.4969936609268,316.8678517354873,13829.336172253761,419.0399014023912,0.0,0.05523905516471975,3.710090335644648,904ed64,32a0ac1daca4dae772c0c1061b1a8032792fdbb581e1cba54a6c9c0fb70649ce,audits/paper_extras/v4_runs/v1/bench7_seed505_det.json,audits/paper_extras/v4_runs/v2/bench2_seed505_det.json
505,det,saez+rl_aux,1,43,200.3241434369248,777.986219891778,0.2574906062793644,50,50,0.9458333333333333,-12.520695169845684,KHONG CO,KHONG CO,56434.72933071687,1645.3722292849009,46154.74860514119,334.3261821717024,344.73617461260494,17755.892717367493,22.586395853764817,515.2675609541899,0.04606498862612954,3.7903838502343103,904ed64,32a0ac1daca4dae772c0c1061b1a8032792fdbb581e1cba54a6c9c0fb70649ce,audits/paper_extras/v4_runs/v1/bench7_seed505_det.json,audits/paper_extras/v4_runs/v2/bench2_seed505_det.json
505,det,saez+rl_aux,2,44,212.7591524427664,980.0526985156301,0.21708950219208367,58,62,0.9416666666666667,-12.839559209312515,KHONG CO,KHONG CO,58265.391954934195,1763.553877903415,48172.94557150567,338.0000962615013,458.03363031764144,18224.55319080418,353.30943575791594,0.0,0.04802351755165583,3.6535670976855408,904ed64,32a0ac1daca4dae772c0c1061b1a8032792fdbb581e1cba54a6c9c0fb70649ce,audits/paper_extras/v4_runs/v1/bench7_seed505_det.json,audits/paper_extras/v4_runs/v2/bench2_seed505_det.json
505,det,saez+rl_aux,3,45,155.65225140828667,832.714193253336,0.18692157845919255,41,51,0.9375,-16.364559336251848,KHONG CO,KHONG CO,59587.39174290567,1852.9915075925808,49443.47268403812,305.45971432328224,372.77765995219653,20187.918968936567,145.79728195382003,0.0,0.045704559248851376,4.114825586724536,904ed64,32a0ac1daca4dae772c0c1061b1a8032792fdbb581e1cba54a6c9c0fb70649ce,audits/paper_extras/v4_runs/v1/bench7_seed505_det.json,audits/paper_extras/v4_runs/v2/bench2_seed505_det.json
505,det,saez+rl_aux,4,46,212.23600959296365,686.9257441847159,0.3089649956923043,48,45,0.9458333333333333,-17.474947594701895,KHONG CO,KHONG CO,50997.620891019935,1843.7089022346331,41917.3915044896,336.4255616515875,568.7560772585106,12687.016532050257,352.7925979119797,0.0,0.0504756657055887,3.9068890085934957,904ed64,32a0ac1daca4dae772c0c1061b1a8032792fdbb581e1cba54a6c9c0fb70649ce,audits/paper_extras/v4_runs/v1/bench7_seed505_det.json,audits/paper_extras/v4_runs/v2/bench2_seed505_det.json
505,det,saez+rl_aux,5,47,133.7287129541193,750.643869904669,0.1781520083166771,45,45,0.9416666666666667,-15.688240497348211,KHONG CO,KHONG CO,49560.13316214301,1591.4463020557005,40493.46938751793,284.9907643944025,267.1206169421914,13747.926375231305,369.790697094389,0.0,0.04734992569553591,3.6081740227669354,904ed64,32a0ac1daca4dae772c0c1061b1a8032792fdbb581e1cba54a6c9c0fb70649ce,audits/paper_extras/v4_runs/v1/bench7_seed505_det.json,audits/paper_extras/v4_runs/v2/bench2_seed505_det.json
505,det,saez+rl_aux,6,48,152.60212915858398,814.1783219768945,0.18743084289944367,36,43,0.9416666666666667,-15.855237565797854,KHONG CO,KHONG CO,61291.150489406675,2187.2547177339666,51014.574825997624,338.5249411314726,364.63846284053454,20197.3828384793,25.245975941107208,452.74995034241067,0.04782584405082752,4.4771084647595405,904ed64,32a0ac1daca4dae772c0c1061b1a8032792fdbb581e1cba54a6c9c0fb70649ce,audits/paper_extras/v4_runs/v1/bench7_seed505_det.json,audits/paper_extras/v4_runs/v2/bench2_seed505_det.json
505,det,saez+rl_aux,7,49,198.30661014535534,780.7464248181001,0.253996180887485,48,48,0.9333333333333333,-14.099324567654751,KHONG CO,KHONG CO,53959.134870802714,1894.1222024806448,44559.690091525044,362.14296028018,347.2459578332379,14362.996830512397,235.05906238032276,0.0,0.04955412506728827,3.7817875335328512,904ed64,32a0ac1daca4dae772c0c1061b1a8032792fdbb581e1cba54a6c9c0fb70649ce,audits/paper_extras/v4_runs/v1/bench7_seed505_det.json,audits/paper_extras/v4_runs/v2/bench2_seed505_det.json
505,det,saez+rl_aux,8,50,205.61186328753536,725.0028811743924,0.2836014430100967,46,44,0.9458333333333333,-15.946433963696258,KHONG CO,KHONG CO,53756.78711295006,1892.3435435515694,43590.409842557616,338.0000962615013,487.91336845235554,14781.45334486298,450.30947301536145,0.0,0.04677448743075251,3.971129975701137,904ed64,32a0ac1daca4dae772c0c1061b1a8032792fdbb581e1cba54a6c9c0fb70649ce,audits/paper_extras/v4_runs/v1/bench7_seed505_det.json,audits/paper_extras/v4_runs/v2/bench2_seed505_det.json
505,det,saez+rl_aux,9,51,135.96440543755767,718.7539583530522,0.18916682664135243,41,37,0.9458333333333333,-17.650090770336387,KHONG CO,KHONG CO,53486.7393997469,1780.0172199699434,44560.85750271987,286.04045413434505,338.26647449646475,17257.35452109553,336.9920031353699,0.0,0.047966042259935164,4.255580145240096,904ed64,32a0ac1daca4dae772c0c1061b1a8032792fdbb581e1cba54a6c9c0fb70649ce,audits/paper_extras/v4_runs/v1/bench7_seed505_det.json,audits/paper_extras/v4_runs/v2/bench2_seed505_det.json
505,exp,rl_learned,0,42,430.59534688576764,855.2850428533351,0.5034524460398011,0,,0.0,,KHONG CO,KHONG CO,3310.9003783243024,62.440805870108214,2863.9647914863685,94.56641355156898,21.663835343787536,15160.026093222135,,,0.004674958957296297,,682e252,32a0ac1daca4dae772c0c1061b1a8032792fdbb581e1cba54a6c9c0fb70649ce,audits/paper_extras/v4_runs/v1/bench7_seed505_exp.json,KHONG CO (che do lay mau v1)
505,exp,rl_learned,1,43,463.0372954356026,912.6149378542709,0.5073742234860742,0,,0.0,,KHONG CO,KHONG CO,4199.851634112518,44.62842966643003,3600.244871356194,85.7204611748457,18.803925400458454,15170.38812440495,,,0.006040955265517028,,682e252,32a0ac1daca4dae772c0c1061b1a8032792fdbb581e1cba54a6c9c0fb70649ce,audits/paper_extras/v4_runs/v1/bench7_seed505_exp.json,KHONG CO (che do lay mau v1)
505,exp,rl_learned,2,44,387.27462112813384,870.4902445034103,0.4448925459802975,0,,0.0,,KHONG CO,KHONG CO,3358.7741829878914,24.257806094195843,2913.3846043938725,56.2226300686598,2.2378874719142914,15131.973556386638,,,0.003516722866666368,,682e252,32a0ac1daca4dae772c0c1061b1a8032792fdbb581e1cba54a6c9c0fb70649ce,audits/paper_extras/v4_runs/v1/bench7_seed505_exp.json,KHONG CO (che do lay mau v1)
505,exp,rl_learned,3,45,454.3736615119502,907.0294497796253,0.5009469776558482,0,,0.0,,KHONG CO,KHONG CO,3309.852802363762,103.35566293172528,2909.793443463265,62.38954344391823,1.2286526692356785,15073.478164296477,,,0.003884512463574317,,682e252,32a0ac1daca4dae772c0c1061b1a8032792fdbb581e1cba54a6c9c0fb70649ce,audits/paper_extras/v4_runs/v1/bench7_seed505_exp.json,KHONG CO (che do lay mau v1)
505,exp,rl_learned,4,46,405.661486546617,814.6216133048049,0.4979753543499854,0,,0.008333333333333333,,KHONG CO,KHONG CO,3860.3470224968496,22.464089052015595,3439.0221518876915,70.80270476639271,1.343150518834591,15125.868005051992,,,0.0038572510653738456,,682e252,32a0ac1daca4dae772c0c1061b1a8032792fdbb581e1cba54a6c9c0fb70649ce,audits/paper_extras/v4_runs/v1/bench7_seed505_exp.json,KHONG CO (che do lay mau v1)
505,exp,rl_learned,5,47,440.29429666456247,856.2839341909832,0.5141919392433216,0,,0.0,,KHONG CO,KHONG CO,3562.602573951089,59.39078969301863,3210.5459488009847,76.11553452908998,4.181685261428356,15191.658908379231,,,0.004132822707875563,,682e252,32a0ac1daca4dae772c0c1061b1a8032792fdbb581e1cba54a6c9c0fb70649ce,audits/paper_extras/v4_runs/v1/bench7_seed505_exp.json,KHONG CO (che do lay mau v1)
505,exp,rl_learned,6,48,439.2652707480446,865.7158527078017,0.5074012095009035,0,,0.0,,KHONG CO,KHONG CO,3344.1188312412714,41.680288904906504,2917.209016770749,71.16187347471714,4.895250606613551,15058.264998237331,,,0.004363451454932641,,682e252,32a0ac1daca4dae772c0c1061b1a8032792fdbb581e1cba54a6c9c0fb70649ce,audits/paper_extras/v4_runs/v1/bench7_seed505_exp.json,KHONG CO (che do lay mau v1)
505,exp,rl_learned,7,49,495.075124877266,892.7367844885181,0.5545588951629374,0,,0.008333333333333333,,KHONG CO,KHONG CO,3368.0703440851735,60.36548830421479,2988.300575420654,74.58609491586685,4.598502933542429,15075.467273430237,,,0.004412081064827402,,682e252,32a0ac1daca4dae772c0c1061b1a8032792fdbb581e1cba54a6c9c0fb70649ce,audits/paper_extras/v4_runs/v1/bench7_seed505_exp.json,KHONG CO (che do lay mau v1)
505,exp,rl_learned,8,50,428.91731554087465,853.5482630788026,0.5025109113264934,0,,0.04583333333333333,,KHONG CO,KHONG CO,3633.9447998184114,35.60589409309864,3078.528438533166,101.33226379752159,0.0,15129.608300135365,,,0.004228819761515081,,682e252,32a0ac1daca4dae772c0c1061b1a8032792fdbb581e1cba54a6c9c0fb70649ce,audits/paper_extras/v4_runs/v1/bench7_seed505_exp.json,KHONG CO (che do lay mau v1)
505,exp,rl_learned,9,51,428.3779107176186,828.9359112715016,0.5167804952020131,0,,0.22083333333333333,,KHONG CO,KHONG CO,3642.8583869383833,72.01094818523909,3212.7547226901806,77.71026255190372,3.968865606933832,15055.598945568083,,,0.004178313800228604,,682e252,32a0ac1daca4dae772c0c1061b1a8032792fdbb581e1cba54a6c9c0fb70649ce,audits/paper_extras/v4_runs/v1/bench7_seed505_exp.json,KHONG CO (che do lay mau v1)
505,exp,free_market,0,42,411.7202663675472,840.4938042532243,0.48985520688443285,0,,0.0,,KHONG CO,KHONG CO,0.0,0.0,0.0,0.0,0.0,14619.587253287682,,,0.003780803960812734,,682e252,32a0ac1daca4dae772c0c1061b1a8032792fdbb581e1cba54a6c9c0fb70649ce,audits/paper_extras/v4_runs/v1/bench7_seed505_exp.json,KHONG CO (che do lay mau v1)
505,exp,free_market,1,43,444.14892530224046,905.0564975698743,0.4907416570068326,0,,0.0,,KHONG CO,KHONG CO,0.0,0.0,0.0,0.0,0.0,14715.117763327627,,,0.004072035461243077,,682e252,32a0ac1daca4dae772c0c1061b1a8032792fdbb581e1cba54a6c9c0fb70649ce,audits/paper_extras/v4_runs/v1/bench7_seed505_exp.json,KHONG CO (che do lay mau v1)
505,exp,free_market,2,44,396.53019319965483,921.4087949842773,0.43035208189696206,0,,0.0,,KHONG CO,KHONG CO,0.0,0.0,0.0,0.0,0.0,14609.988421924714,,,0.004460713582692685,,682e252,32a0ac1daca4dae772c0c1061b1a8032792fdbb581e1cba54a6c9c0fb70649ce,audits/paper_extras/v4_runs/v1/bench7_seed505_exp.json,KHONG CO (che do lay mau v1)
505,exp,free_market,3,45,441.19833798636694,874.031566350051,0.5047853589874423,0,,0.0,,KHONG CO,KHONG CO,0.0,0.0,0.0,0.0,0.0,14613.407085244973,,,0.00496693449717934,,682e252,32a0ac1daca4dae772c0c1061b1a8032792fdbb581e1cba54a6c9c0fb70649ce,audits/paper_extras/v4_runs/v1/bench7_seed505_exp.json,KHONG CO (che do lay mau v1)
505,exp,free_market,4,46,390.54067321466096,798.5954739885866,0.48903441846984785,0,,0.0,,KHONG CO,KHONG CO,0.0,0.0,0.0,0.0,0.0,14637.123984114809,,,0.0030847554765860655,,682e252,32a0ac1daca4dae772c0c1061b1a8032792fdbb581e1cba54a6c9c0fb70649ce,audits/paper_extras/v4_runs/v1/bench7_seed505_exp.json,KHONG CO (che do lay mau v1)
505,exp,free_market,5,47,432.70051178701846,862.6531160401303,0.5015927071280519,0,,0.0,,KHONG CO,KHONG CO,0.0,0.0,0.0,0.0,0.0,14663.121262707205,,,0.005463017145083259,,682e252,32a0ac1daca4dae772c0c1061b1a8032792fdbb581e1cba54a6c9c0fb70649ce,audits/paper_extras/v4_runs/v1/bench7_seed505_exp.json,KHONG CO (che do lay mau v1)
505,exp,free_market,6,48,407.55093613998,826.0842541015742,0.49335274715194866,0,,0.0,,KHONG CO,KHONG CO,0.0,0.0,0.0,0.0,0.0,14663.953201664464,,,0.005017865026330916,,682e252,32a0ac1daca4dae772c0c1061b1a8032792fdbb581e1cba54a6c9c0fb70649ce,audits/paper_extras/v4_runs/v1/bench7_seed505_exp.json,KHONG CO (che do lay mau v1)
505,exp,free_market,7,49,473.85801354607423,868.3133802429663,0.545722344406903,0,,0.0,,KHONG CO,KHONG CO,0.0,0.0,0.0,0.0,0.0,14659.752951256069,,,0.005295314803159303,,682e252,32a0ac1daca4dae772c0c1061b1a8032792fdbb581e1cba54a6c9c0fb70649ce,audits/paper_extras/v4_runs/v1/bench7_seed505_exp.json,KHONG CO (che do lay mau v1)
505,exp,free_market,8,50,438.5664291856625,841.0664445963671,0.521440882588216,0,,0.0,,KHONG CO,KHONG CO,0.0,0.0,0.0,0.0,0.0,14520.380722881184,,,0.0030361551242301904,,682e252,32a0ac1daca4dae772c0c1061b1a8032792fdbb581e1cba54a6c9c0fb70649ce,audits/paper_extras/v4_runs/v1/bench7_seed505_exp.json,KHONG CO (che do lay mau v1)
505,exp,free_market,9,51,390.61281918699933,786.3540883892633,0.4967390962347703,0,,0.0,,KHONG CO,KHONG CO,0.0,0.0,0.0,0.0,0.0,14651.15666224892,,,0.002783629871704938,,682e252,32a0ac1daca4dae772c0c1061b1a8032792fdbb581e1cba54a6c9c0fb70649ce,audits/paper_extras/v4_runs/v1/bench7_seed505_exp.json,KHONG CO (che do lay mau v1)
505,exp,us_federal,0,42,343.1954792566536,846.5317985118069,0.40541357083099216,0,,0.775,,KHONG CO,KHONG CO,9972.870583104006,219.26580694506305,10179.519126966075,0.0,10.41752877857988,14673.343984372998,,,0.004490327374915024,,682e252,32a0ac1daca4dae772c0c1061b1a8032792fdbb581e1cba54a6c9c0fb70649ce,audits/paper_extras/v4_runs/v1/bench7_seed505_exp.json,KHONG CO (che do lay mau v1)
505,exp,us_federal,1,43,413.2131967284043,888.0743050582329,0.4652912423823692,0,,0.7291666666666666,,KHONG CO,KHONG CO,9710.622954056347,237.0012064807587,9935.182143782296,0.0,1.650000024586916,14680.749459271816,,,0.003208799939732149,,682e252,32a0ac1daca4dae772c0c1061b1a8032792fdbb581e1cba54a6c9c0fb70649ce,audits/paper_extras/v4_runs/v1/bench7_seed505_exp.json,KHONG CO (che do lay mau v1)
505,exp,us_federal,2,44,347.88763606284516,862.0404598272781,0.4035630022894161,0,,0.7416666666666667,,KHONG CO,KHONG CO,9818.589516658883,192.9421607373021,9998.86400257714,0.0,1.650000024586916,14737.66850002157,,,0.0032844716225466893,,682e252,32a0ac1daca4dae772c0c1061b1a8032792fdbb581e1cba54a6c9c0fb70649ce,audits/paper_extras/v4_runs/v1/bench7_seed505_exp.json,KHONG CO (che do lay mau v1)
505,exp,us_federal,3,45,354.4350800727663,884.4476860559131,0.4007417122128799,0,,0.7708333333333334,,KHONG CO,KHONG CO,9898.753469768422,197.49570475118733,10083.288718563734,0.0,16.800370827242688,14599.0092777819,,,0.005363765762660975,,682e252,32a0ac1daca4dae772c0c1061b1a8032792fdbb581e1cba54a6c9c0fb70649ce,audits/paper_extras/v4_runs/v1/bench7_seed505_exp.json,KHONG CO (che do lay mau v1)
505,exp,us_federal,4,46,327.84515166301065,812.5868573029736,0.40345859487704383,0,,0.8791666666666667,,KHONG CO,KHONG CO,10220.011000687065,224.8497836425163,10432.970175794559,0.0,1.650000024586916,14558.763877348752,,,0.004023113316145837,,682e252,32a0ac1daca4dae772c0c1061b1a8032792fdbb581e1cba54a6c9c0fb70649ce,audits/paper_extras/v4_runs/v1/bench7_seed505_exp.json,KHONG CO (che do lay mau v1)
505,exp,us_federal,5,47,407.8175405114798,857.8428704308797,0.47539888080743753,0,,0.7875,,KHONG CO,KHONG CO,10099.785425270733,250.66772454141815,10338.094428374201,0.0,13.367126602322019,14695.424631226926,,,0.005346435797772278,,682e252,32a0ac1daca4dae772c0c1061b1a8032792fdbb581e1cba54a6c9c0fb70649ce,audits/paper_extras/v4_runs/v1/bench7_seed505_exp.json,KHONG CO (che do lay mau v1)
505,exp,us_federal,6,48,347.18563391710603,827.5014578755834,0.41955893927779175,0,,0.7541666666666667,,KHONG CO,KHONG CO,10428.086204014278,203.12599102383106,10618.852240587576,0.0,10.134379669378138,14679.452689129967,,,0.004757488038032972,,682e252,32a0ac1daca4dae772c0c1061b1a8032792fdbb581e1cba54a6c9c0fb70649ce,audits/paper_extras/v4_runs/v1/bench7_seed505_exp.json,KHONG CO (che do lay mau v1)
505,exp,us_federal,7,49,335.1666606333283,868.8336960666645,0.38576618534787055,0,,0.5291666666666667,,KHONG CO,KHONG CO,9719.36225235842,275.33702327057745,9982.343686813923,0.0,1.650000024586916,14783.95644865591,,,0.003214151957325223,,682e252,32a0ac1daca4dae772c0c1061b1a8032792fdbb581e1cba54a6c9c0fb70649ce,audits/paper_extras/v4_runs/v1/bench7_seed505_exp.json,KHONG CO (che do lay mau v1)
505,exp,us_federal,8,50,328.86278646601977,847.1012886352916,0.3882213271046119,0,,0.6625,,KHONG CO,KHONG CO,9809.33713052183,253.01465702935076,10050.30036950719,0.0,6.238391856161625,14710.169062442495,,,0.004004000060625233,,682e252,32a0ac1daca4dae772c0c1061b1a8032792fdbb581e1cba54a6c9c0fb70649ce,audits/paper_extras/v4_runs/v1/bench7_seed505_exp.json,KHONG CO (che do lay mau v1)
505,exp,us_federal,9,51,319.35734644449605,800.1986235677331,0.39909759532029976,0,,0.7208333333333333,,KHONG CO,KHONG CO,10314.269213893713,264.76447679139835,10567.200390709117,0.0,31.86563617704766,14705.5494515633,,,0.005878261336949093,,682e252,32a0ac1daca4dae772c0c1061b1a8032792fdbb581e1cba54a6c9c0fb70649ce,audits/paper_extras/v4_runs/v1/bench7_seed505_exp.json,KHONG CO (che do lay mau v1)
505,exp,saez,0,42,272.02266368319175,643.636948951417,0.4226336976557332,54,,0.9416666666666667,,KHONG CO,KHONG CO,56066.95098484371,3241.955507376608,57114.7370784516,0.0,488.9800482580906,8859.944978494663,,,0.05241955126718591,,682e252,32a0ac1daca4dae772c0c1061b1a8032792fdbb581e1cba54a6c9c0fb70649ce,audits/paper_extras/v4_runs/v1/bench7_seed505_exp.json,KHONG CO (che do lay mau v1)
505,exp,saez,1,43,281.16054662010106,773.283483631555,0.36359310986404714,38,,0.95,,KHONG CO,KHONG CO,52143.20911372638,2629.2959017405406,54484.06160716019,0.0,336.51311067789504,7395.785612977104,,,0.038319404742230036,,682e252,32a0ac1daca4dae772c0c1061b1a8032792fdbb581e1cba54a6c9c0fb70649ce,audits/paper_extras/v4_runs/v1/bench7_seed505_exp.json,KHONG CO (che do lay mau v1)
505,exp,saez,2,44,342.9632521796009,838.127656990946,0.4092016882140733,48,,0.9458333333333333,,KHONG CO,KHONG CO,60041.28865940306,3593.4940522865336,63582.903117382986,0.0,636.6812925207062,8755.320278557605,,,0.04501277068510728,,682e252,32a0ac1daca4dae772c0c1061b1a8032792fdbb581e1cba54a6c9c0fb70649ce,audits/paper_extras/v4_runs/v1/bench7_seed505_exp.json,KHONG CO (che do lay mau v1)
505,exp,saez,3,45,307.4448679589241,729.2885146331677,0.42156822956901896,45,,0.9416666666666667,,KHONG CO,KHONG CO,59708.41751807319,2999.2208663791707,62499.767822481386,0.0,367.67567430107215,9288.982693718532,,,0.045704401394591115,,682e252,32a0ac1daca4dae772c0c1061b1a8032792fdbb581e1cba54a6c9c0fb70649ce,audits/paper_extras/v4_runs/v1/bench7_seed505_exp.json,KHONG CO (che do lay mau v1)
505,exp,saez,4,46,172.4789900663914,602.1708297738727,0.2864286703013508,43,,0.95,,KHONG CO,KHONG CO,49181.65175067689,2777.506667957097,50061.464554655046,0.0,486.1516911685733,8378.209868084028,,,0.053385524214086884,,682e252,32a0ac1daca4dae772c0c1061b1a8032792fdbb581e1cba54a6c9c0fb70649ce,audits/paper_extras/v4_runs/v1/bench7_seed505_exp.json,KHONG CO (che do lay mau v1)
505,exp,saez,5,47,255.44191407900763,650.3241587566296,0.3927916726442905,38,,0.9458333333333333,,KHONG CO,KHONG CO,49908.234721539826,2777.740769558008,51464.9373503106,0.0,322.786610854053,6852.7023020481265,,,0.043790832441291866,,682e252,32a0ac1daca4dae772c0c1061b1a8032792fdbb581e1cba54a6c9c0fb70649ce,audits/paper_extras/v4_runs/v1/bench7_seed505_exp.json,KHONG CO (che do lay mau v1)
505,exp,saez,6,48,213.4583426215728,624.8689443875548,0.3416049789940947,40,,0.95,,KHONG CO,KHONG CO,56837.79242774829,2846.696779049654,58323.46097033048,0.0,491.29303707169424,9887.293953126687,,,0.05003603752081071,,682e252,32a0ac1daca4dae772c0c1061b1a8032792fdbb581e1cba54a6c9c0fb70649ce,audits/paper_extras/v4_runs/v1/bench7_seed505_exp.json,KHONG CO (che do lay mau v1)
505,exp,saez,7,49,271.5515864990057,603.8273944639719,0.44971723540311836,43,,0.9458333333333333,,KHONG CO,KHONG CO,53220.428796675216,2371.7686320639014,52330.325296674106,0.0,386.8550611005104,6320.483721394731,,,0.04015696226323591,,682e252,32a0ac1daca4dae772c0c1061b1a8032792fdbb581e1cba54a6c9c0fb70649ce,audits/paper_extras/v4_runs/v1/bench7_seed505_exp.json,KHONG CO (che do lay mau v1)
505,exp,saez,8,50,212.67674204783987,609.7132063478722,0.3488143931173061,51,,0.95,,KHONG CO,KHONG CO,58327.78866847602,3753.054465529542,60248.222425282416,0.0,558.5612041200781,11738.2811056379,,,0.05696478381159136,,682e252,32a0ac1daca4dae772c0c1061b1a8032792fdbb581e1cba54a6c9c0fb70649ce,audits/paper_extras/v4_runs/v1/bench7_seed505_exp.json,KHONG CO (che do lay mau v1)
505,exp,saez,9,51,230.83713349675082,509.2620044457255,0.45327774599636805,46,,0.9458333333333333,,KHONG CO,KHONG CO,49572.077028456915,2790.018012910748,52084.07975138436,0.0,396.7783261297065,5843.01115416438,,,0.051160282948283294,,682e252,32a0ac1daca4dae772c0c1061b1a8032792fdbb581e1cba54a6c9c0fb70649ce,audits/paper_extras/v4_runs/v1/bench7_seed505_exp.json,KHONG CO (che do lay mau v1)
505,exp,free_market+rl_aux,0,42,449.62054545649437,823.0372790950772,0.546294265006864,0,,0.0,,KHONG CO,KHONG CO,0.0,0.0,0.0,76.65414333343506,0.0,14609.103329738096,,,0.002741112864902217,,682e252,32a0ac1daca4dae772c0c1061b1a8032792fdbb581e1cba54a6c9c0fb70649ce,audits/paper_extras/v4_runs/v1/bench7_seed505_exp.json,KHONG CO (che do lay mau v1)
505,exp,free_market+rl_aux,1,43,500.53614389681235,902.6207962736333,0.5545364631118832,0,,0.0,,KHONG CO,KHONG CO,0.0,0.0,0.0,76.65414333343506,3.7475101947784424,14510.228335425034,,,0.0037693451098954243,,682e252,32a0ac1daca4dae772c0c1061b1a8032792fdbb581e1cba54a6c9c0fb70649ce,audits/paper_extras/v4_runs/v1/bench7_seed505_exp.json,KHONG CO (che do lay mau v1)
505,exp,free_market+rl_aux,2,44,412.4359900823867,921.1685786090651,0.44773128356717484,0,,0.0,,KHONG CO,KHONG CO,0.0,0.0,0.0,84.63894993066788,7.495020389556885,14571.050070500261,,,0.006678879807776667,,682e252,32a0ac1daca4dae772c0c1061b1a8032792fdbb581e1cba54a6c9c0fb70649ce,audits/paper_extras/v4_runs/v1/bench7_seed505_exp.json,KHONG CO (che do lay mau v1)
505,exp,free_market+rl_aux,3,45,424.41131672607827,862.9360394709402,0.4918224495366792,0,,0.0,,KHONG CO,KHONG CO,0.0,0.0,0.0,76.65414333343504,0.5110241174697876,14625.800095470307,,,0.003306514607089204,,682e252,32a0ac1daca4dae772c0c1061b1a8032792fdbb581e1cba54a6c9c0fb70649ce,audits/paper_extras/v4_runs/v1/bench7_seed505_exp.json,KHONG CO (che do lay mau v1)
505,exp,free_market+rl_aux,4,46,332.38609511944657,799.179519880605,0.41590917541168226,0,,0.0,,KHONG CO,KHONG CO,0.0,0.0,0.0,76.65414333343507,7.943724606372319,14698.892817074058,,,0.003718296757592308,,682e252,32a0ac1daca4dae772c0c1061b1a8032792fdbb581e1cba54a6c9c0fb70649ce,audits/paper_extras/v4_runs/v1/bench7_seed505_exp.json,KHONG CO (che do lay mau v1)
505,exp,free_market+rl_aux,5,47,473.97468131207484,862.8742975808331,0.5492974847447851,0,,0.0,,KHONG CO,KHONG CO,0.0,0.0,0.0,76.65414333343507,5.291433973015299,14565.646165284605,,,0.004470176652653331,,682e252,32a0ac1daca4dae772c0c1061b1a8032792fdbb581e1cba54a6c9c0fb70649ce,audits/paper_extras/v4_runs/v1/bench7_seed505_exp.json,KHONG CO (che do lay mau v1)
505,exp,free_market+rl_aux,6,48,402.4493102150001,817.0980752699587,0.4925348895015277,0,,0.0,,KHONG CO,KHONG CO,0.0,0.0,0.0,79.20928144454956,3.7475101947784424,14659.563435642243,,,0.0037337207141225127,,682e252,32a0ac1daca4dae772c0c1061b1a8032792fdbb581e1cba54a6c9c0fb70649ce,audits/paper_extras/v4_runs/v1/bench7_seed505_exp.json,KHONG CO (che do lay mau v1)
505,exp,free_market+rl_aux,7,49,469.43161489756045,868.0516033899636,0.5407876825113966,0,,0.0,,KHONG CO,KHONG CO,0.0,0.0,0.0,76.65414333343513,9.531857575426821,14631.502190692032,,,0.0038514217227448707,,682e252,32a0ac1daca4dae772c0c1061b1a8032792fdbb581e1cba54a6c9c0fb70649ce,audits/paper_extras/v4_runs/v1/bench7_seed505_exp.json,KHONG CO (che do lay mau v1)
505,exp,free_market+rl_aux,8,50,446.5256240803239,865.2944550714132,0.5160389292492021,0,,0.0,,KHONG CO,KHONG CO,0.0,0.0,0.0,76.65414333343506,2.2597479443824624,14662.761127398133,,,0.003927451408530127,,682e252,32a0ac1daca4dae772c0c1061b1a8032792fdbb581e1cba54a6c9c0fb70649ce,audits/paper_extras/v4_runs/v1/bench7_seed505_exp.json,KHONG CO (che do lay mau v1)
505,exp,free_market+rl_aux,9,51,409.63967911523673,810.7546040345309,0.5052572961988259,0,,0.0,,KHONG CO,KHONG CO,0.0,0.0,0.0,76.65414333343506,1.8737550973892212,14672.54779113396,,,0.0033171349378978312,,682e252,32a0ac1daca4dae772c0c1061b1a8032792fdbb581e1cba54a6c9c0fb70649ce,audits/paper_extras/v4_runs/v1/bench7_seed505_exp.json,KHONG CO (che do lay mau v1)
505,exp,us_federal+rl_aux,0,42,338.8490925519698,852.2721794746805,0.39758319080745785,0,,0.6375,,KHONG CO,KHONG CO,10210.14026692381,250.07056124216558,8318.88543168689,76.65414333343506,6.478955857747286,16727.214240037567,,,0.0036903473179768233,,682e252,32a0ac1daca4dae772c0c1061b1a8032792fdbb581e1cba54a6c9c0fb70649ce,audits/paper_extras/v4_runs/v1/bench7_seed505_exp.json,KHONG CO (che do lay mau v1)
505,exp,us_federal+rl_aux,1,43,361.26432462475356,936.7098100085694,0.385673685451686,0,,0.7,,KHONG CO,KHONG CO,9524.727147261234,235.70091672544424,7773.970831007829,76.65414333343506,0.0,16642.22290284213,,,0.0032626219163106357,,682e252,32a0ac1daca4dae772c0c1061b1a8032792fdbb581e1cba54a6c9c0fb70649ce,audits/paper_extras/v4_runs/v1/bench7_seed505_exp.json,KHONG CO (che do lay mau v1)
505,exp,us_federal+rl_aux,2,44,315.619771900726,887.727252104863,0.35553687368768905,0,,0.8166666666666667,,KHONG CO,KHONG CO,10003.074341858268,241.1955371434349,8159.11397003176,76.65414333343506,13.592266541584854,16560.557608192255,,,0.006610284178179795,,682e252,32a0ac1daca4dae772c0c1061b1a8032792fdbb581e1cba54a6c9c0fb70649ce,audits/paper_extras/v4_runs/v1/bench7_seed505_exp.json,KHONG CO (che do lay mau v1)
505,exp,us_federal+rl_aux,3,45,339.26810615384255,897.1089688787949,0.3781793716518732,0,,0.7541666666666667,,KHONG CO,KHONG CO,9984.532081361182,236.68225252167898,8142.179482719096,77.93171238899231,8.35136876686302,16678.157100333447,,,0.005193800785402217,,682e252,32a0ac1daca4dae772c0c1061b1a8032792fdbb581e1cba54a6c9c0fb70649ce,audits/paper_extras/v4_runs/v1/bench7_seed505_exp.json,KHONG CO (che do lay mau v1)
505,exp,us_federal+rl_aux,4,46,263.97017585553886,837.2098065692667,0.3152975201487911,0,,0.7791666666666667,,KHONG CO,KHONG CO,9868.19508544678,236.2010203270349,8029.50545863946,76.65414333343506,19.02582221748417,16666.942768534496,,,0.006046740092284956,,682e252,32a0ac1daca4dae772c0c1061b1a8032792fdbb581e1cba54a6c9c0fb70649ce,audits/paper_extras/v4_runs/v1/bench7_seed505_exp.json,KHONG CO (che do lay mau v1)
505,exp,us_federal+rl_aux,5,47,281.12706522670413,886.1194008473674,0.31725641596140586,0,,0.65,,KHONG CO,KHONG CO,9678.552430230273,196.27688206681148,7865.656920198671,76.65414333343506,7.972606504378761,16594.55349824285,,,0.0038095449820173665,,682e252,32a0ac1daca4dae772c0c1061b1a8032792fdbb581e1cba54a6c9c0fb70649ce,audits/paper_extras/v4_runs/v1/bench7_seed505_exp.json,KHONG CO (che do lay mau v1)
505,exp,us_federal+rl_aux,6,48,366.1306114996637,859.8586415677757,0.42580325858224755,0,,0.7791666666666667,,KHONG CO,KHONG CO,10683.827214151073,286.0620244416494,8739.478791828777,77.93171238899231,37.57358994045165,16575.09365868972,,,0.007124580782347232,,682e252,32a0ac1daca4dae772c0c1061b1a8032792fdbb581e1cba54a6c9c0fb70649ce,audits/paper_extras/v4_runs/v1/bench7_seed505_exp.json,KHONG CO (che do lay mau v1)
505,exp,us_federal+rl_aux,7,49,343.44993032707555,875.6254742783846,0.39223382646572447,0,,0.6916666666666667,,KHONG CO,KHONG CO,9988.519632962587,241.60673858763226,8139.729216231732,76.65414333343506,0.0,16738.42419047372,,,0.003534044510769411,,682e252,32a0ac1daca4dae772c0c1061b1a8032792fdbb581e1cba54a6c9c0fb70649ce,audits/paper_extras/v4_runs/v1/bench7_seed505_exp.json,KHONG CO (che do lay mau v1)
505,exp,us_federal+rl_aux,8,50,325.78066317501595,859.3267247444762,0.37911152277021054,0,,0.7583333333333333,,KHONG CO,KHONG CO,9979.025201980932,259.58543882056864,8152.55278995251,76.65414333343506,6.928040323157986,16650.437088288,,,0.00403661326104336,,682e252,32a0ac1daca4dae772c0c1061b1a8032792fdbb581e1cba54a6c9c0fb70649ce,audits/paper_extras/v4_runs/v1/bench7_seed505_exp.json,KHONG CO (che do lay mau v1)
505,exp,us_federal+rl_aux,9,51,275.94689408941423,817.6057443890471,0.3375060608161633,0,,0.75,,KHONG CO,KHONG CO,10105.125696410234,222.01108061309913,8213.29265910192,76.65414333343506,12.034587122799689,16700.200711375557,,,0.004254563868624769,,682e252,32a0ac1daca4dae772c0c1061b1a8032792fdbb581e1cba54a6c9c0fb70649ce,audits/paper_extras/v4_runs/v1/bench7_seed505_exp.json,KHONG CO (che do lay mau v1)
505,exp,saez+rl_aux,0,42,165.13207337134418,875.3616135227484,0.18864440800276516,30,,0.9375,,KHONG CO,KHONG CO,48942.670016961056,1832.5175208031164,40079.5154024172,185.5669053196907,285.64305660804143,16305.14210816287,,,0.04322836019483352,,682e252,32a0ac1daca4dae772c0c1061b1a8032792fdbb581e1cba54a6c9c0fb70649ce,audits/paper_extras/v4_runs/v1/bench7_seed505_exp.json,KHONG CO (che do lay mau v1)
505,exp,saez+rl_aux,1,43,171.23014662240072,884.35689521956,0.19362109070217548,40,,0.9416666666666667,,KHONG CO,KHONG CO,54313.149683245516,2127.545683900128,44827.99025855333,241.14115923643112,520.2633198277456,21269.752609686635,,,0.05403688935923187,,682e252,32a0ac1daca4dae772c0c1061b1a8032792fdbb581e1cba54a6c9c0fb70649ce,audits/paper_extras/v4_runs/v1/bench7_seed505_exp.json,KHONG CO (che do lay mau v1)
505,exp,saez+rl_aux,2,44,226.52064704213004,912.7119358806581,0.24818416209662542,50,,0.9375,,KHONG CO,KHONG CO,55741.658464105734,2448.1293707944237,45848.45284659375,210.4795019030571,412.84694417247994,19690.604992337252,,,0.050573241637432854,,682e252,32a0ac1daca4dae772c0c1061b1a8032792fdbb581e1cba54a6c9c0fb70649ce,audits/paper_extras/v4_runs/v1/bench7_seed505_exp.json,KHONG CO (che do lay mau v1)
505,exp,saez+rl_aux,3,45,171.00768675344517,914.981513975638,0.18689742267076925,40,,0.9375,,KHONG CO,KHONG CO,52301.039537368124,2290.6402894516027,43336.09907384505,233.79513716697693,382.5497249793662,17785.493978370898,,,0.05180213410383136,,682e252,32a0ac1daca4dae772c0c1061b1a8032792fdbb581e1cba54a6c9c0fb70649ce,audits/paper_extras/v4_runs/v1/bench7_seed505_exp.json,KHONG CO (che do lay mau v1)
505,exp,saez+rl_aux,4,46,144.59248677152385,768.5999004606026,0.18812451925230955,38,,0.9458333333333333,,KHONG CO,KHONG CO,45309.037575349226,1969.6086460136314,37589.25216440311,183.3311594724655,438.9360382186497,14794.682707427202,,,0.047904256079766096,,682e252,32a0ac1daca4dae772c0c1061b1a8032792fdbb581e1cba54a6c9c0fb70649ce,audits/paper_extras/v4_runs/v1/bench7_seed505_exp.json,KHONG CO (che do lay mau v1)
505,exp,saez+rl_aux,5,47,226.83263500589152,858.537919285288,0.26420805640678535,50,,0.9416666666666667,,KHONG CO,KHONG CO,49843.99443576188,1998.5018293213086,40493.46926419254,233.47574490308762,520.0487069769781,15208.374520957419,,,0.05048148704739322,,682e252,32a0ac1daca4dae772c0c1061b1a8032792fdbb581e1cba54a6c9c0fb70649ce,audits/paper_extras/v4_runs/v1/bench7_seed505_exp.json,KHONG CO (che do lay mau v1)
505,exp,saez+rl_aux,6,48,164.8724895181273,799.6649520783741,0.20617696085043424,45,,0.9375,,KHONG CO,KHONG CO,56392.190439276,2621.150436163708,46649.73922536882,213.67342454195023,517.7557607533197,18733.370678126543,,,0.050017319601283,,682e252,32a0ac1daca4dae772c0c1061b1a8032792fdbb581e1cba54a6c9c0fb70649ce,audits/paper_extras/v4_runs/v1/bench7_seed505_exp.json,KHONG CO (che do lay mau v1)
505,exp,saez+rl_aux,7,49,159.28196070457494,829.692048474474,0.19197720527446438,36,,0.9333333333333333,,KHONG CO,KHONG CO,52538.66943862586,2362.352897459203,43696.76726515624,213.0346400141716,391.1614182732298,20775.488678106907,,,0.050068196083829626,,682e252,32a0ac1daca4dae772c0c1061b1a8032792fdbb581e1cba54a6c9c0fb70649ce,audits/paper_extras/v4_runs/v1/bench7_seed505_exp.json,KHONG CO (che do lay mau v1)
505,exp,saez+rl_aux,8,50,256.2716494281903,709.0805402814573,0.36141402121466726,39,,0.9416666666666667,,KHONG CO,KHONG CO,45114.786821156355,2422.5027107076194,36580.71994518187,207.60497152805328,432.22509203089027,11361.744076484702,,,0.04980484508013068,,682e252,32a0ac1daca4dae772c0c1061b1a8032792fdbb581e1cba54a6c9c0fb70649ce,audits/paper_extras/v4_runs/v1/bench7_seed505_exp.json,KHONG CO (che do lay mau v1)
505,exp,saez+rl_aux,9,51,150.01641050547863,758.0788713337837,0.19789024094753604,35,,0.9416666666666667,,KHONG CO,KHONG CO,50437.23753430849,3193.2047438855784,42710.20865279053,195.14867323637006,406.50072476480415,17811.378362816944,,,0.05093805367953302,,682e252,32a0ac1daca4dae772c0c1061b1a8032792fdbb581e1cba54a6c9c0fb70649ce,audits/paper_extras/v4_runs/v1/bench7_seed505_exp.json,KHONG CO (che do lay mau v1)
606,det,rl_learned,0,42,360.0778721497838,865.1852111261535,0.4161858842699063,0,57,0.0,0.0,KHONG CO,KHONG CO,14837.325792535039,1200.6862020045544,15452.87998310151,114.1894078552723,0.0,15292.220578613547,178.7220249692541,0.0,0.003147936581824078,4.557098402939724,682e252,1a752a7496585b5b54bbf1a58c6356571450f500891c333d9fb60594afddf3ac,audits/paper_extras/v4_runs/v1/bench7_seed606_det.json,audits/paper_extras/v4_runs/v2/bench2_seed606_det.json
606,det,rl_learned,1,43,442.60148828187306,903.2940184649004,0.4899860723466878,0,46,0.0,0.0,KHONG CO,KHONG CO,14686.092482553335,1360.9389227568508,15443.265545251757,115.9746442437172,0.0,15223.219751102733,264.5714647119807,0.0,0.0026981575384417357,4.056063381617711,682e252,1a752a7496585b5b54bbf1a58c6356571450f500891c333d9fb60594afddf3ac,audits/paper_extras/v4_runs/v1/bench7_seed606_det.json,audits/paper_extras/v4_runs/v2/bench2_seed606_det.json
606,det,rl_learned,2,44,369.2980389371804,975.0719871790868,0.3787392559656759,0,70,0.0,0.0,KHONG CO,KHONG CO,15214.431423734217,1386.5198671534843,15984.642612756577,103.99539676308632,0.0,15231.139836456688,281.173444911355,0.0,0.003623595620933208,4.263098125581232,682e252,1a752a7496585b5b54bbf1a58c6356571450f500891c333d9fb60594afddf3ac,audits/paper_extras/v4_runs/v1/bench7_seed606_det.json,audits/paper_extras/v4_runs/v2/bench2_seed606_det.json
606,det,rl_learned,3,45,407.9981652625028,901.1653004838633,0.4527450902109037,0,52,0.0,0.0,KHONG CO,KHONG CO,15570.720216526566,1510.7459079390167,16525.979945143972,114.42601186037066,0.0,15174.663456483613,266.3967109776045,0.0,0.0029494878790743023,4.494344746568003,682e252,1a752a7496585b5b54bbf1a58c6356571450f500891c333d9fb60594afddf3ac,audits/paper_extras/v4_runs/v1/bench7_seed606_det.json,audits/paper_extras/v4_runs/v2/bench2_seed606_det.json
606,det,rl_learned,4,46,378.11791033606363,822.8856120171744,0.45950239597599374,0,49,0.0,0.0,KHONG CO,KHONG CO,14824.053978095371,1275.6278362078194,15574.52409013029,114.42067408561707,0.0,15120.15146132843,290.585588758849,0.0,0.0028257174137924796,5.07575650268039,682e252,1a752a7496585b5b54bbf1a58c6356571450f500891c333d9fb60594afddf3ac,audits/paper_extras/v4_runs/v1/bench7_seed606_det.json,audits/paper_extras/v4_runs/v2/bench2_seed606_det.json
606,det,rl_learned,5,47,406.91073949748,857.6402158800357,0.47445389332628674,0,48,0.004166666666666667,-8.881784197001252e-16,KHONG CO,KHONG CO,15013.595823878268,1696.251956511398,16106.07581015273,114.41422542929651,0.0,15142.722278966414,346.63546584121946,0.0,0.0027836298717049375,4.605484678288438,682e252,1a752a7496585b5b54bbf1a58c6356571450f500891c333d9fb60594afddf3ac,audits/paper_extras/v4_runs/v1/bench7_seed606_det.json,audits/paper_extras/v4_runs/v2/bench2_seed606_det.json
606,det,rl_learned,6,48,418.51257888693794,868.8089681858247,0.4817084010548849,0,66,0.0,0.0,KHONG CO,KHONG CO,15216.362813924059,1403.0150584406258,16078.161110065052,115.20056167244908,0.0,15197.351272455122,228.66492817206048,0.0,0.0034829361230329318,4.987878936390951,682e252,1a752a7496585b5b54bbf1a58c6356571450f500891c333d9fb60594afddf3ac,audits/paper_extras/v4_runs/v1/bench7_seed606_det.json,audits/paper_extras/v4_runs/v2/bench2_seed606_det.json
606,det,rl_learned,7,49,477.9090704105199,890.9001030005347,0.5364339602172356,0,54,0.0,0.0,KHONG CO,KHONG CO,15424.715052190477,1600.6937150865758,16396.2740417249,122.68329495191574,0.0,15274.545178407547,231.90625219268833,0.0,0.003030005056072062,4.557799124946882,682e252,1a752a7496585b5b54bbf1a58c6356571450f500891c333d9fb60594afddf3ac,audits/paper_extras/v4_runs/v1/bench7_seed606_det.json,audits/paper_extras/v4_runs/v2/bench2_seed606_det.json
606,det,rl_learned,8,50,412.9322881493289,893.0811405244341,0.4623681650100093,0,61,0.004166666666666667,-8.881784197001252e-16,KHONG CO,KHONG CO,15319.854993221164,1586.0542380333432,16305.00609723413,113.25345388054848,0.0,15212.89948465621,274.75019548363457,0.0,0.0033001594538481726,4.716832570194784,682e252,1a752a7496585b5b54bbf1a58c6356571450f500891c333d9fb60594afddf3ac,audits/paper_extras/v4_runs/v1/bench7_seed606_det.json,audits/paper_extras/v4_runs/v2/bench2_seed606_det.json
606,det,rl_learned,9,51,411.02437554840736,823.5783742060667,0.49907135546709414,0,57,0.0,4.374278717023117e-14,KHONG CO,KHONG CO,14584.855708462961,1177.5210831382813,15135.257270347785,116.91487285494803,0.0,15172.33896713971,337.86568125878296,0.0,0.0031479365818240777,5.334802994478268,682e252,1a752a7496585b5b54bbf1a58c6356571450f500891c333d9fb60594afddf3ac,audits/paper_extras/v4_runs/v1/bench7_seed606_det.json,audits/paper_extras/v4_runs/v2/bench2_seed606_det.json
606,det,free_market,0,42,321.80391702854087,827.8663652011326,0.3887148102101692,0,42,0.0,1.2715936748008971e-08,KHONG CO,KHONG CO,0.0,0.0,0.0,0.0,0.0,14791.194499809157,208.80550019084575,0.0,0.0025217660030228866,3.177106378831796,682e252,1a752a7496585b5b54bbf1a58c6356571450f500891c333d9fb60594afddf3ac,audits/paper_extras/v4_runs/v1/bench7_seed606_det.json,audits/paper_extras/v4_runs/v2/bench2_seed606_det.json
606,det,free_market,1,43,408.72899246641157,885.799643101946,0.46142374931999297,0,45,0.0,6.661338147750939e-16,KHONG CO,KHONG CO,0.0,0.0,0.0,0.0,0.0,14736.918475320339,263.0815246796602,0.0,0.002654754760663958,2.880992415027754,682e252,1a752a7496585b5b54bbf1a58c6356571450f500891c333d9fb60594afddf3ac,audits/paper_extras/v4_runs/v1/bench7_seed606_det.json,audits/paper_extras/v4_runs/v2/bench2_seed606_det.json
606,det,free_market,2,44,307.3264828783392,918.1946013666379,0.3347073511659897,0,64,0.0,0.0,KHONG CO,KHONG CO,0.0,0.0,0.0,0.0,0.0,14775.530003959035,224.4699960409585,0.0,0.003410784698745076,3.0791229709853782,682e252,1a752a7496585b5b54bbf1a58c6356571450f500891c333d9fb60594afddf3ac,audits/paper_extras/v4_runs/v1/bench7_seed606_det.json,audits/paper_extras/v4_runs/v2/bench2_seed606_det.json
606,det,free_market,3,45,406.72821237079796,859.7307743994232,0.47308788341899655,0,43,0.0,0.0,KHONG CO,KHONG CO,0.0,0.0,0.0,0.0,0.0,14724.671023193549,275.3289768064539,0.0,0.0025665688704063993,3.1664438761677047,682e252,1a752a7496585b5b54bbf1a58c6356571450f500891c333d9fb60594afddf3ac,audits/paper_extras/v4_runs/v1/bench7_seed606_det.json,audits/paper_extras/v4_runs/v2/bench2_seed606_det.json
606,det,free_market,4,46,390.5255079229347,824.3097206208761,0.47376064864161505,0,55,0.0,0.0,KHONG CO,KHONG CO,0.0,0.0,0.0,0.0,0.0,14649.120345960295,350.87965403970776,0.0,0.0030696875957546017,3.609694775232438,682e252,1a752a7496585b5b54bbf1a58c6356571450f500891c333d9fb60594afddf3ac,audits/paper_extras/v4_runs/v1/bench7_seed606_det.json,audits/paper_extras/v4_runs/v2/bench2_seed606_det.json
606,det,free_market,5,47,402.61318772774354,881.0192753359611,0.45698567443284843,0,55,0.0,0.0,KHONG CO,KHONG CO,0.0,0.0,0.0,0.0,0.0,14669.719262097531,330.28073790246293,0.0,0.0030696875957546017,3.234697406581401,682e252,1a752a7496585b5b54bbf1a58c6356571450f500891c333d9fb60594afddf3ac,audits/paper_extras/v4_runs/v1/bench7_seed606_det.json,audits/paper_extras/v4_runs/v2/bench2_seed606_det.json
606,det,free_market,6,48,366.943778884191,810.3324570632977,0.4528311505798759,0,45,0.0,2.220446049250313e-16,KHONG CO,KHONG CO,0.0,0.0,0.0,0.0,0.0,14727.30293895699,272.6970610430157,0.0,0.0026547547606639577,3.478277815182247,682e252,1a752a7496585b5b54bbf1a58c6356571450f500891c333d9fb60594afddf3ac,audits/paper_extras/v4_runs/v1/bench7_seed606_det.json,audits/paper_extras/v4_runs/v2/bench2_seed606_det.json
606,det,free_market,7,49,393.6960968127539,860.6100130519387,0.4574616735129643,0,46,0.0,1.2212453270876722e-14,KHONG CO,KHONG CO,0.0,0.0,0.0,0.0,0.0,14832.119567535281,167.88043246471665,0.0,0.0026981575384417357,3.1554261361500417,682e252,1a752a7496585b5b54bbf1a58c6356571450f500891c333d9fb60594afddf3ac,audits/paper_extras/v4_runs/v1/bench7_seed606_det.json,audits/paper_extras/v4_runs/v2/bench2_seed606_det.json
606,det,free_market,8,50,411.9169485087622,844.8592557324442,0.48755688679962905,0,51,0.0,0.0,KHONG CO,KHONG CO,0.0,0.0,0.0,0.0,0.0,14771.423522379557,228.57647762044013,0.0,0.0029086382058716876,3.377313530229211,682e252,1a752a7496585b5b54bbf1a58c6356571450f500891c333d9fb60594afddf3ac,audits/paper_extras/v4_runs/v1/bench7_seed606_det.json,audits/paper_extras/v4_runs/v2/bench2_seed606_det.json
606,det,free_market,9,51,351.0456817263125,816.0982508325999,0.4301512487842838,0,61,0.0,6.661338147750939e-16,KHONG CO,KHONG CO,0.0,0.0,0.0,0.0,0.0,14742.579041426412,257.42095857359135,0.0,0.003300159453848173,3.747892490404795,682e252,1a752a7496585b5b54bbf1a58c6356571450f500891c333d9fb60594afddf3ac,audits/paper_extras/v4_runs/v1/bench7_seed606_det.json,audits/paper_extras/v4_runs/v2/bench2_seed606_det.json
606,det,us_federal,0,42,269.6017551446416,821.616754214891,0.3281356590668162,0,40,0.7541666666666667,-0.37808302944019645,KHONG CO,KHONG CO,9711.080020449295,335.9208867950607,10035.16890405193,0.0,0.0,14810.657445541778,201.17455765064472,0.0,0.0024306886021628767,3.443180090878807,682e252,1a752a7496585b5b54bbf1a58c6356571450f500891c333d9fb60594afddf3ac,audits/paper_extras/v4_runs/v1/bench7_seed606_det.json,audits/paper_extras/v4_runs/v2/bench2_seed606_det.json
606,det,us_federal,1,43,347.2869866714753,876.2365364752101,0.3963393127482313,0,46,0.8041666666666667,-0.6300000093877323,KHONG CO,KHONG CO,9673.33456160089,285.26503769472447,9945.95800997799,0.0,0.0,14785.065984486326,227.57560483131167,0.0,0.002698157538441736,3.136340035591345,682e252,1a752a7496585b5b54bbf1a58c6356571450f500891c333d9fb60594afddf3ac,audits/paper_extras/v4_runs/v1/bench7_seed606_det.json,audits/paper_extras/v4_runs/v2/bench2_seed606_det.json
606,det,us_federal,2,44,282.66377779752025,936.423452804728,0.30185465448446436,0,63,0.8708333333333333,-0.7043344128764377,KHONG CO,KHONG CO,10246.97839640103,374.43940705034896,10604.469719562783,0.0,0.0,14794.292736062538,222.65534782606483,0.0,0.003374234991142737,3.3120884059369806,682e252,1a752a7496585b5b54bbf1a58c6356571450f500891c333d9fb60594afddf3ac,audits/paper_extras/v4_runs/v1/bench7_seed606_det.json,audits/paper_extras/v4_runs/v2/bench2_seed606_det.json
606,det,us_federal,3,45,328.37099362618966,867.3541651379387,0.3785892854667592,0,42,0.9125,-0.7050323056529116,KHONG CO,KHONG CO,10255.889561024316,350.22027227964924,10593.578717028142,0.0,0.0,14703.522922064381,309.00819421144735,0.0,0.0025217660030228866,3.3858285587003185,682e252,1a752a7496585b5b54bbf1a58c6356571450f500891c333d9fb60594afddf3ac,audits/paper_extras/v4_runs/v1/bench7_seed606_det.json,audits/paper_extras/v4_runs/v2/bench2_seed606_det.json
606,det,us_federal,4,46,273.0771155445425,778.0679101163149,0.35096822782952153,0,38,0.9291666666666667,-0.9752984737630562,KHONG CO,KHONG CO,10714.26829883235,327.101312195648,11030.266078917512,0.0,0.0,14658.502967313401,352.6005647970867,0.0,0.002337575826465832,3.8299013633695997,682e252,1a752a7496585b5b54bbf1a58c6356571450f500891c333d9fb60594afddf3ac,audits/paper_extras/v4_runs/v1/bench7_seed606_det.json,audits/paper_extras/v4_runs/v2/bench2_seed606_det.json
606,det,us_federal,5,47,322.1108417257249,850.9021306551774,0.3785521626061814,0,50,0.8791666666666667,-0.7651213787187116,KHONG CO,KHONG CO,10574.358041555199,398.62506175995895,10960.060566321526,0.0,0.0,14701.933941552343,310.9885954412945,0.0,0.0028673840804591465,3.5360747422394763,682e252,1a752a7496585b5b54bbf1a58c6356571450f500891c333d9fb60594afddf3ac,audits/paper_extras/v4_runs/v1/bench7_seed606_det.json,audits/paper_extras/v4_runs/v2/bench2_seed606_det.json
606,det,us_federal,6,48,314.37499801953953,846.1796254071284,0.3715227696108637,0,55,0.8,-0.771131298491842,KHONG CO,KHONG CO,10745.768749568726,297.1024087688378,11029.775450633086,0.0,0.0,14760.261375402271,252.83433230222022,0.0,0.0030696875957546017,3.7227179156674888,682e252,1a752a7496585b5b54bbf1a58c6356571450f500891c333d9fb60594afddf3ac,audits/paper_extras/v4_runs/v1/bench7_seed606_det.json,audits/paper_extras/v4_runs/v2/bench2_seed606_det.json
606,det,us_federal,7,49,356.0489422367706,852.8281665424753,0.41749200625051996,0,44,0.7166666666666667,-0.7415297853020453,KHONG CO,KHONG CO,9905.056009015992,358.59896883739196,10251.300508075983,0.0,0.0,14838.046072398629,174.30839737876073,0.0,0.0026108951115411507,3.3694001875904402,682e252,1a752a7496585b5b54bbf1a58c6356571450f500891c333d9fb60594afddf3ac,audits/paper_extras/v4_runs/v1/bench7_seed606_det.json,audits/paper_extras/v4_runs/v2/bench2_seed606_det.json
606,det,us_federal,8,50,324.9105450807089,846.739923972946,0.3837194112168615,0,51,0.8708333333333333,-0.7429948415829635,KHONG CO,KHONG CO,10376.838469652204,333.54453622039176,10697.587981066328,0.0,0.0,14771.274169776392,241.5208550298803,0.0,0.002908638205871688,3.5652206814178724,682e252,1a752a7496585b5b54bbf1a58c6356571450f500891c333d9fb60594afddf3ac,audits/paper_extras/v4_runs/v1/bench7_seed606_det.json,audits/paper_extras/v4_runs/v2/bench2_seed606_det.json
606,det,us_federal,9,51,274.96674378422273,803.6681229644287,0.34213966676938,0,49,0.8666666666666667,-0.9100146023950897,KHONG CO,KHONG CO,11202.599113846467,306.41633126124873,11496.818557020231,0.0,0.0,14705.353935169065,306.84295291842494,0.0,0.0028257174137924796,4.024469324909103,682e252,1a752a7496585b5b54bbf1a58c6356571450f500891c333d9fb60594afddf3ac,audits/paper_extras/v4_runs/v1/bench7_seed606_det.json,audits/paper_extras/v4_runs/v2/bench2_seed606_det.json
606,det,saez,0,42,322.27722847902623,463.0272002767697,0.6960222386209458,20,3,0.9458333333333333,-16.30754811595814,KHONG CO,KHONG CO,39396.20903239446,2158.1849521503173,41526.27772459586,0.0,0.0,1425.4503767005021,13587.191345733381,0.0,0.00024044390373469172,3.540887222072858,682e252,1a752a7496585b5b54bbf1a58c6356571450f500891c333d9fb60594afddf3ac,audits/paper_extras/v4_runs/v1/bench7_seed606_det.json,audits/paper_extras/v4_runs/v2/bench2_seed606_det.json
606,det,saez,1,43,323.83302666448526,532.6305836123285,0.6079880439238632,25,8,0.9541666666666667,-14.024252342473092,KHONG CO,KHONG CO,43147.587961199504,1895.7122082942449,45013.16653096295,0.0,0.0,3867.023721761577,11146.820567367811,0.0,0.0006127052308886382,3.4445263980535525,682e252,1a752a7496585b5b54bbf1a58c6356571450f500891c333d9fb60594afddf3ac,audits/paper_extras/v4_runs/v1/bench7_seed606_det.json,audits/paper_extras/v4_runs/v2/bench2_seed606_det.json
606,det,saez,2,44,142.17524391923607,609.5367359049073,0.2332513129141679,41,21,0.95,-14.673281865126004,KHONG CO,KHONG CO,42711.10485941453,1909.495279152778,44589.54279881672,0.0,0.0,5937.364363222793,9056.755496306378,0.0,0.002433918764741359,3.5594076930172114,682e252,1a752a7496585b5b54bbf1a58c6356571450f500891c333d9fb60594afddf3ac,audits/paper_extras/v4_runs/v1/bench7_seed606_det.json,audits/paper_extras/v4_runs/v2/bench2_seed606_det.json
606,det,saez,3,45,332.3593647360889,514.892175710398,0.645493135096745,23,7,0.95,-16.182445784064754,KHONG CO,KHONG CO,44268.34174539201,1965.436606395914,46203.747898654874,0.0,0.0,3314.5441773667826,11695.842096091506,0.0,0.0005408661504288682,3.656566707057953,682e252,1a752a7496585b5b54bbf1a58c6356571450f500891c333d9fb60594afddf3ac,audits/paper_extras/v4_runs/v1/bench7_seed606_det.json,audits/paper_extras/v4_runs/v2/bench2_seed606_det.json
606,det,saez,4,46,227.2522804770685,541.524889766943,0.419652512324727,32,13,0.95,-16.088420706665538,KHONG CO,KHONG CO,47909.597902038644,2611.8435257269175,50494.47929701243,0.0,0.0,6275.810621331938,8724.421365374292,0.0,0.0010403528436060416,4.203721926194503,682e252,1a752a7496585b5b54bbf1a58c6356571450f500891c333d9fb60594afddf3ac,audits/paper_extras/v4_runs/v1/bench7_seed606_det.json,audits/paper_extras/v4_runs/v2/bench2_seed606_det.json
606,det,saez,5,47,313.6366319109207,486.67566174513667,0.6444469213567672,26,7,0.9541666666666667,-16.23043245880526,KHONG CO,KHONG CO,42608.85525972195,2686.666149380567,45267.61584508777,0.0,0.0,3350.997289734274,11654.288813764395,0.0,0.0005408661504288682,3.676314795997354,682e252,1a752a7496585b5b54bbf1a58c6356571450f500891c333d9fb60594afddf3ac,audits/paper_extras/v4_runs/v1/bench7_seed606_det.json,audits/paper_extras/v4_runs/v2/bench2_seed606_det.json
606,det,saez,6,48,311.10636445390037,484.1021641279998,0.6426460931326095,26,7,0.9458333333333333,-15.376623464672225,KHONG CO,KHONG CO,44934.20930289303,2178.0965680207755,47085.917663946224,0.0,0.0,3364.6893145430454,11639.449044253972,0.0,0.0005421714971289518,4.0049013800639806,682e252,1a752a7496585b5b54bbf1a58c6356571450f500891c333d9fb60594afddf3ac,audits/paper_extras/v4_runs/v1/bench7_seed606_det.json,audits/paper_extras/v4_runs/v2/bench2_seed606_det.json
606,det,saez,7,49,312.1102929816471,486.88069509335213,0.6410406001449792,18,2,0.9416666666666667,-13.42138614968657,KHONG CO,KHONG CO,40344.51170118505,2034.1420960159815,42349.69752390181,0.0,0.0,982.4951609249854,14028.798827864506,0.0,0.00016182755153343388,3.509558654177029,682e252,1a752a7496585b5b54bbf1a58c6356571450f500891c333d9fb60594afddf3ac,audits/paper_extras/v4_runs/v1/bench7_seed606_det.json,audits/paper_extras/v4_runs/v2/bench2_seed606_det.json
606,det,saez,8,50,307.1813477157445,480.733798652329,0.6389842956265714,27,7,0.9541666666666667,-13.778410580708472,KHONG CO,KHONG CO,42386.14968922319,2435.9951885765663,44796.17234464177,0.0,0.0,3400.584920265851,11602.202521876447,0.0,0.0005421714971289518,3.7783247990812683,682e252,1a752a7496585b5b54bbf1a58c6356571450f500891c333d9fb60594afddf3ac,audits/paper_extras/v4_runs/v1/bench7_seed606_det.json,audits/paper_extras/v4_runs/v2/bench2_seed606_det.json
606,det,saez,9,51,311.5427684709512,457.17089345570037,0.6814580125957638,26,6,0.9458333333333333,-15.807777741017542,KHONG CO,KHONG CO,43856.77356222636,1861.7129491852895,45693.66127197698,0.0,0.0,2883.202231332076,12120.403565925766,0.0,0.0004677667352241899,4.124306246728972,682e252,1a752a7496585b5b54bbf1a58c6356571450f500891c333d9fb60594afddf3ac,audits/paper_extras/v4_runs/v1/bench7_seed606_det.json,audits/paper_extras/v4_runs/v2/bench2_seed606_det.json
606,det,free_market+rl_aux,0,42,322.2929768466462,828.8417616044763,0.3888474154858579,0,42,0.0,1.4121934732713726e-08,KHONG CO,KHONG CO,0.0,0.0,0.0,114.5473301410675,0.0,14791.076419591087,94.37625026784298,0.0,0.0025217660030228866,3.1836817573594045,682e252,1a752a7496585b5b54bbf1a58c6356571450f500891c333d9fb60594afddf3ac,audits/paper_extras/v4_runs/v1/bench7_seed606_det.json,audits/paper_extras/v4_runs/v2/bench2_seed606_det.json
606,det,free_market+rl_aux,1,43,409.49948606064817,887.1156987238295,0.4616077549408024,0,45,0.0,0.0,KHONG CO,KHONG CO,0.0,0.0,0.0,114.54733014106753,0.0,14736.821047786294,148.63162207263798,0.0,0.002654754760663958,2.8856589702238704,682e252,1a752a7496585b5b54bbf1a58c6356571450f500891c333d9fb60594afddf3ac,audits/paper_extras/v4_runs/v1/bench7_seed606_det.json,audits/paper_extras/v4_runs/v2/bench2_seed606_det.json
606,det,free_market+rl_aux,2,44,307.9334576945052,919.4862541596551,0.3348972932454922,0,64,0.0,0.0,KHONG CO,KHONG CO,0.0,0.0,0.0,114.5473301410675,0.0,14775.504119915518,109.9485499434162,0.0,0.003410784698745076,3.084257139049421,682e252,1a752a7496585b5b54bbf1a58c6356571450f500891c333d9fb60594afddf3ac,audits/paper_extras/v4_runs/v1/bench7_seed606_det.json,audits/paper_extras/v4_runs/v2/bench2_seed606_det.json
606,det,free_market+rl_aux,3,45,407.4884286250796,861.0953282861228,0.4732210421302858,0,43,0.0,0.0,KHONG CO,KHONG CO,0.0,0.0,0.0,114.54733014106752,0.0,14724.579005037256,160.87366482167795,0.0,0.0025665688704063993,3.1712043145812143,682e252,1a752a7496585b5b54bbf1a58c6356571450f500891c333d9fb60594afddf3ac,audits/paper_extras/v4_runs/v1/bench7_seed606_det.json,audits/paper_extras/v4_runs/v2/bench2_seed606_det.json
606,det,free_market+rl_aux,4,46,388.79768319266805,826.0437251829111,0.4706744586753885,0,55,0.0,0.0,KHONG CO,KHONG CO,0.0,0.0,0.0,114.54733014106752,0.0,14649.11004877615,236.34262108278568,0.0,0.0030696875957546017,3.6151104159291423,682e252,1a752a7496585b5b54bbf1a58c6356571450f500891c333d9fb60594afddf3ac,audits/paper_extras/v4_runs/v1/bench7_seed606_det.json,audits/paper_extras/v4_runs/v2/bench2_seed606_det.json
606,det,free_market+rl_aux,5,47,403.3573715796482,882.4295124040965,0.4570986871016347,0,55,0.0,0.0,KHONG CO,KHONG CO,0.0,0.0,0.0,114.5473301410675,0.0,14669.64704649378,215.80562336515038,0.0,0.0030696875957546017,3.239683336141374,682e252,1a752a7496585b5b54bbf1a58c6356571450f500891c333d9fb60594afddf3ac,audits/paper_extras/v4_runs/v1/bench7_seed606_det.json,audits/paper_extras/v4_runs/v2/bench2_seed606_det.json
606,det,free_market+rl_aux,6,48,367.6376779714842,811.6478244436387,0.45295221264652474,0,45,0.0,6.661338147750939e-16,KHONG CO,KHONG CO,0.0,0.0,0.0,114.5473301410675,0.0,14727.227300937873,158.22536892105649,0.0,0.0026547547606639577,3.483936366995195,682e252,1a752a7496585b5b54bbf1a58c6356571450f500891c333d9fb60594afddf3ac,audits/paper_extras/v4_runs/v1/bench7_seed606_det.json,audits/paper_extras/v4_runs/v2/bench2_seed606_det.json
606,det,free_market+rl_aux,7,49,394.342587676642,861.7735839011801,0.4575941930030909,0,46,0.0,1.2212453270876722e-14,KHONG CO,KHONG CO,0.0,0.0,0.0,114.5473301410675,0.0,14832.009408807313,53.443261051621164,0.0,0.0026981575384417357,3.160938846634163,682e252,1a752a7496585b5b54bbf1a58c6356571450f500891c333d9fb60594afddf3ac,audits/paper_extras/v4_runs/v1/bench7_seed606_det.json,audits/paper_extras/v4_runs/v2/bench2_seed606_det.json
606,det,free_market+rl_aux,8,50,412.69294737154695,846.2359086968175,0.48768073196880046,0,51,0.0,0.0,KHONG CO,KHONG CO,0.0,0.0,0.0,114.5473301410675,0.0,14771.419980925988,114.03268893294995,0.0,0.0029086382058716876,3.3826268330850184,682e252,1a752a7496585b5b54bbf1a58c6356571450f500891c333d9fb60594afddf3ac,audits/paper_extras/v4_runs/v1/bench7_seed606_det.json,audits/paper_extras/v4_runs/v2/bench2_seed606_det.json
606,det,free_market+rl_aux,9,51,351.69998138035845,817.422443916151,0.4302548627065039,0,61,0.0,6.661338147750939e-16,KHONG CO,KHONG CO,0.0,0.0,0.0,114.5473301410675,0.0,14742.538406917813,142.91426294112165,0.0,0.003300159453848173,3.754222372262598,682e252,1a752a7496585b5b54bbf1a58c6356571450f500891c333d9fb60594afddf3ac,audits/paper_extras/v4_runs/v1/bench7_seed606_det.json,audits/paper_extras/v4_runs/v2/bench2_seed606_det.json
606,det,us_federal+rl_aux,0,42,180.09611591947086,854.4069131348052,0.2107849470209705,0,42,0.7541666666666667,-0.3593249006747964,KHONG CO,KHONG CO,9367.38015373375,333.52068993492253,8214.08241453413,114.54733014106749,0.0,16295.967558691042,76.30354030243547,0.0,0.002521766003022887,3.30853028119894,682e252,1a752a7496585b5b54bbf1a58c6356571450f500891c333d9fb60594afddf3ac,audits/paper_extras/v4_runs/v1/bench7_seed606_det.json,audits/paper_extras/v4_runs/v2/bench2_seed606_det.json
606,det,us_federal+rl_aux,1,43,330.8521672199822,880.5671904526658,0.3757262033007428,0,47,0.8041666666666667,-0.630000009387732,KHONG CO,KHONG CO,9521.455790073109,272.8803017419251,8292.897281523861,114.5473301410675,0.0,15780.139861389664,606.7516187604294,0.0,0.0027411128649022167,3.0845632672592105,682e252,1a752a7496585b5b54bbf1a58c6356571450f500891c333d9fb60594afddf3ac,audits/paper_extras/v4_runs/v1/bench7_seed606_det.json,audits/paper_extras/v4_runs/v2/bench2_seed606_det.json
606,det,us_federal+rl_aux,2,44,293.02964117753635,1000.6768823970408,0.2928314287381232,0,68,0.8625,-0.6907505680433506,KHONG CO,KHONG CO,10603.001539208995,339.553894399605,9261.771743974896,114.5473301410675,0.0,16182.140630685606,384.09572880702666,0.0,0.0035538593931087447,3.2594078680343284,682e252,1a752a7496585b5b54bbf1a58c6356571450f500891c333d9fb60594afddf3ac,audits/paper_extras/v4_runs/v1/bench7_seed606_det.json,audits/paper_extras/v4_runs/v2/bench2_seed606_det.json
606,det,us_federal+rl_aux,3,45,309.11767303828975,905.5245205560328,0.3413686388619025,0,50,0.9125,-0.7126005806819078,KHONG CO,KHONG CO,10212.686374059493,324.80641899852145,8892.432828638448,114.5473301410675,0.0,16185.645504979442,344.86712929905894,0.0,0.0028673840804591465,3.318002731176322,682e252,1a752a7496585b5b54bbf1a58c6356571450f500891c333d9fb60594afddf3ac,audits/paper_extras/v4_runs/v1/bench7_seed606_det.json,audits/paper_extras/v4_runs/v2/bench2_seed606_det.json
606,det,us_federal+rl_aux,4,46,279.48818733764585,826.6969955132912,0.33807814574687467,0,54,0.9291666666666667,-0.9948188262373068,KHONG CO,KHONG CO,10882.60421585896,319.2048361358221,9486.174193153363,114.5473301410675,0.0,16175.903906231506,425.18362246883294,0.0,0.003030005056072062,3.7984388241310754,682e252,1a752a7496585b5b54bbf1a58c6356571450f500891c333d9fb60594afddf3ac,audits/paper_extras/v4_runs/v1/bench7_seed606_det.json,audits/paper_extras/v4_runs/v2/bench2_seed606_det.json
606,det,us_federal+rl_aux,5,47,298.19142917094,846.6445487341173,0.3522038021939534,0,48,0.875,-0.7652697409470155,KHONG CO,KHONG CO,10635.855275878666,401.1515077288041,9346.679003986152,114.5473301410675,0.0,16188.078491877694,387.70195760255035,0.0,0.002783629871704938,3.550192930959427,682e252,1a752a7496585b5b54bbf1a58c6356571450f500891c333d9fb60594afddf3ac,audits/paper_extras/v4_runs/v1/bench7_seed606_det.json,audits/paper_extras/v4_runs/v2/bench2_seed606_det.json
606,det,us_federal+rl_aux,6,48,291.4671304285968,852.7475539629902,0.34179767397051564,0,64,0.8,-0.7712852535301827,KHONG CO,KHONG CO,10615.26278312955,288.8304187837931,9198.699276509697,114.54733014106749,0.0,16253.665502947448,337.1810923151397,0.0,0.003410784698745076,3.666992003057866,682e252,1a752a7496585b5b54bbf1a58c6356571450f500891c333d9fb60594afddf3ac,audits/paper_extras/v4_runs/v1/bench7_seed606_det.json,audits/paper_extras/v4_runs/v2/bench2_seed606_det.json
606,det,us_federal+rl_aux,7,49,253.20085120233193,882.5939155341646,0.2868826158280158,0,49,0.7166666666666667,-0.7415297853020452,KHONG CO,KHONG CO,9787.521068122236,361.175212213322,8578.92909957904,114.5473301410675,0.0,16329.502106654136,125.7177439613081,0.0,0.0028257174137924796,3.304838482919084,682e252,1a752a7496585b5b54bbf1a58c6356571450f500891c333d9fb60594afddf3ac,audits/paper_extras/v4_runs/v1/bench7_seed606_det.json,audits/paper_extras/v4_runs/v2/bench2_seed606_det.json
606,det,us_federal+rl_aux,8,50,285.63417190772594,849.8847144435553,0.3360857855817999,0,49,0.8708333333333333,-0.7065552327721528,KHONG CO,KHONG CO,10273.427536345122,329.8609784590655,8978.93256131557,114.5473301410675,0.0,16259.145317096052,250.66330625149965,0.0,0.00282571741379248,3.5173393670660666,682e252,1a752a7496585b5b54bbf1a58c6356571450f500891c333d9fb60594afddf3ac,audits/paper_extras/v4_runs/v1/bench7_seed606_det.json,audits/paper_extras/v4_runs/v2/bench2_seed606_det.json
606,det,us_federal+rl_aux,9,51,237.70544736944493,796.580135749385,0.298407450426595,0,46,0.7875,-0.5579096169471572,KHONG CO,KHONG CO,10630.209675908507,306.89601148843525,9262.654490527666,114.5473301410675,0.0,16228.566504803379,331.3373619248196,0.0,0.0026981575384417357,3.875523276947581,682e252,1a752a7496585b5b54bbf1a58c6356571450f500891c333d9fb60594afddf3ac,audits/paper_extras/v4_runs/v1/bench7_seed606_det.json,audits/paper_extras/v4_runs/v2/bench2_seed606_det.json
606,det,saez+rl_aux,0,42,257.64629822892766,461.37103682191656,0.5584362208856555,24,5,0.9458333333333333,-13.075516372336928,KHONG CO,KHONG CO,34174.184078232494,1695.4044882512044,30388.037304582762,114.5473301410675,0.0,2423.083795845545,17928.416881626374,0.0,0.000393361973319428,3.0200142981814886,682e252,1a752a7496585b5b54bbf1a58c6356571450f500891c333d9fb60594afddf3ac,audits/paper_extras/v4_runs/v1/bench7_seed606_det.json,audits/paper_extras/v4_runs/v2/bench2_seed606_det.json
606,det,saez+rl_aux,1,43,255.33551836728375,508.8192255294932,0.5018197142640859,22,7,0.9541666666666667,-11.078613778238047,KHONG CO,KHONG CO,33146.45772006901,1131.9124772472053,29035.668731276055,114.5473301410675,0.0,3388.464308957116,16723.331797124363,0.0,0.0005435243109817657,2.7096420513762047,682e252,1a752a7496585b5b54bbf1a58c6356571450f500891c333d9fb60594afddf3ac,audits/paper_extras/v4_runs/v1/bench7_seed606_det.json,audits/paper_extras/v4_runs/v2/bench2_seed606_det.json
606,det,saez+rl_aux,2,44,235.03526733542932,477.7254105553603,0.49198820523739484,23,6,0.95,-11.400950784965985,KHONG CO,KHONG CO,32563.50115804459,1325.2625778818924,28706.56424449778,114.5473301410675,0.0,2904.6899934946377,17148.04112738962,0.0,0.0004677667352241899,2.8038008487908006,682e252,1a752a7496585b5b54bbf1a58c6356571450f500891c333d9fb60594afddf3ac,audits/paper_extras/v4_runs/v1/bench7_seed606_det.json,audits/paper_extras/v4_runs/v2/bench2_seed606_det.json
606,det,saez+rl_aux,3,45,97.11654592800085,615.5042800552177,0.15778370528843177,39,19,0.95,-12.50905965414219,KHONG CO,KHONG CO,39838.22838091581,1788.4605446907337,35266.58750362424,114.5473301410675,0.0,7818.468460784008,13400.05549423427,0.0,0.0017205237509071237,3.173575947284216,682e252,1a752a7496585b5b54bbf1a58c6356571450f500891c333d9fb60594afddf3ac,audits/paper_extras/v4_runs/v1/bench7_seed606_det.json,audits/paper_extras/v4_runs/v2/bench2_seed606_det.json
606,det,saez+rl_aux,4,46,149.70342741103403,547.4906560785192,0.27343558424048076,41,21,0.95,-14.084279538466182,KHONG CO,KHONG CO,40863.0786999963,1786.988733420066,36137.80260494875,114.5473301410675,0.0,8301.426470870945,13061.699301417992,0.0,0.001986739886293579,3.5848942179677445,682e252,1a752a7496585b5b54bbf1a58c6356571450f500891c333d9fb60594afddf3ac,audits/paper_extras/v4_runs/v1/bench7_seed606_det.json,audits/paper_extras/v4_runs/v2/bench2_seed606_det.json
606,det,saez+rl_aux,5,47,280.86658400807113,457.2740142289094,0.6142194292008698,29,9,0.9541666666666667,-13.846488743177154,KHONG CO,KHONG CO,36869.954916812516,1906.4698309510518,32852.65836798196,114.5473301410675,0.0,3852.9144620361812,16935.806159465916,0.0,0.0007515941197775273,3.152813907600857,682e252,1a752a7496585b5b54bbf1a58c6356571450f500891c333d9fb60594afddf3ac,audits/paper_extras/v4_runs/v1/bench7_seed606_det.json,audits/paper_extras/v4_runs/v2/bench2_seed606_det.json
606,det,saez+rl_aux,6,48,274.1417485693338,440.1731882078996,0.6228042868432346,27,7,0.9458333333333333,-12.444687777829962,KHONG CO,KHONG CO,36623.56538330759,1472.46650929297,32276.69744654596,114.5473301410675,0.0,3365.9196119898024,17321.79614452584,0.0,0.0005408661504288682,3.2749057175139997,682e252,1a752a7496585b5b54bbf1a58c6356571450f500891c333d9fb60594afddf3ac,audits/paper_extras/v4_runs/v1/bench7_seed606_det.json,audits/paper_extras/v4_runs/v2/bench2_seed606_det.json
606,det,saez+rl_aux,7,49,295.9862059627653,439.3785251268442,0.6736474111412638,19,1,0.9416666666666667,-11.23592332015451,KHONG CO,KHONG CO,32185.503378604182,1477.510281382391,28516.57504175809,114.54733014106749,0.0,489.32443086098004,19527.285058717367,0.0,8.169934640522875e-05,2.828447740704099,682e252,1a752a7496585b5b54bbf1a58c6356571450f500891c333d9fb60594afddf3ac,audits/paper_extras/v4_runs/v1/bench7_seed606_det.json,audits/paper_extras/v4_runs/v2/bench2_seed606_det.json
606,det,saez+rl_aux,8,50,135.67179136611392,593.8108477275758,0.22847644478929496,38,19,0.9541666666666667,-11.50977642786857,KHONG CO,KHONG CO,40739.83327962276,1944.037101281676,36165.9809324181,114.54733014106755,0.0,9388.599293432664,11977.279173490711,0.0,0.0015772078646525728,3.4813299095981294,682e252,1a752a7496585b5b54bbf1a58c6356571450f500891c333d9fb60594afddf3ac,audits/paper_extras/v4_runs/v1/bench7_seed606_det.json,audits/paper_extras/v4_runs/v2/bench2_seed606_det.json
606,det,saez+rl_aux,9,51,291.72141339818336,418.26736949429846,0.6974520000230615,27,7,0.95,-14.027600890273396,KHONG CO,KHONG CO,36783.4715017741,1331.6992790943575,32293.260662761448,114.5473301410675,0.0,3379.446956617012,17310.33206037729,0.0,0.0005408661504288682,3.427685485836647,682e252,1a752a7496585b5b54bbf1a58c6356571450f500891c333d9fb60594afddf3ac,audits/paper_extras/v4_runs/v1/bench7_seed606_det.json,audits/paper_extras/v4_runs/v2/bench2_seed606_det.json
606,exp,rl_learned,0,42,368.3617523127351,849.5219362091939,0.4336106421883218,0,,0.10833333333333334,,KHONG CO,KHONG CO,13975.882049696856,1747.9607440092525,14742.8998787326,82.7168766707182,129.67160847115332,15711.48401153688,,,0.00845313756731708,,682e252,1a752a7496585b5b54bbf1a58c6356571450f500891c333d9fb60594afddf3ac,audits/paper_extras/v4_runs/v1/bench7_seed606_exp.json,KHONG CO (che do lay mau v1)
606,exp,rl_learned,1,43,413.3603605954672,923.2108591364029,0.4477420910994656,0,,0.029166666666666667,,KHONG CO,KHONG CO,13485.954543036562,1442.5212884299804,13768.761681413851,90.75466181337833,9.869326948950638,15796.089216284134,,,0.005919407927318266,,682e252,1a752a7496585b5b54bbf1a58c6356571450f500891c333d9fb60594afddf3ac,audits/paper_extras/v4_runs/v1/bench7_seed606_exp.json,KHONG CO (che do lay mau v1)
606,exp,rl_learned,2,44,321.56338108265777,951.3895241830256,0.3379934011348188,0,,0.016666666666666666,,KHONG CO,KHONG CO,13732.736692468457,1581.7519121509383,14135.650027448737,93.52579602599144,14.796965210553942,15691.89000520163,,,0.004252397292044709,,682e252,1a752a7496585b5b54bbf1a58c6356571450f500891c333d9fb60594afddf3ac,audits/paper_extras/v4_runs/v1/bench7_seed606_exp.json,KHONG CO (che do lay mau v1)
606,exp,rl_learned,3,45,415.61972594042686,927.6344312683888,0.4480425822186599,0,,0.05,,KHONG CO,KHONG CO,12731.348113726086,1709.9546456805692,13367.049066003092,90.41966016590595,18.376108976041383,15676.419336587878,,,0.0068045034748158316,,682e252,1a752a7496585b5b54bbf1a58c6356571450f500891c333d9fb60594afddf3ac,audits/paper_extras/v4_runs/v1/bench7_seed606_exp.json,KHONG CO (che do lay mau v1)
606,exp,rl_learned,4,46,371.4812969631387,826.853286959643,0.4492711135358526,0,,0.025,,KHONG CO,KHONG CO,13504.865573459781,1786.6611302579797,14039.532463733914,95.82028032839297,70.25416207715753,15684.657456466675,,,0.008077667344635671,,682e252,1a752a7496585b5b54bbf1a58c6356571450f500891c333d9fb60594afddf3ac,audits/paper_extras/v4_runs/v1/bench7_seed606_exp.json,KHONG CO (che do lay mau v1)
606,exp,rl_learned,5,47,387.16587438316697,873.4864049583438,0.4432420151995734,0,,0.05,,KHONG CO,KHONG CO,14106.121017561116,1191.2865240407818,13908.602659679078,102.79015065729615,15.179767776061173,16207.974956552285,,,0.004362267720079628,,682e252,1a752a7496585b5b54bbf1a58c6356571450f500891c333d9fb60594afddf3ac,audits/paper_extras/v4_runs/v1/bench7_seed606_exp.json,KHONG CO (che do lay mau v1)
606,exp,rl_learned,6,48,414.03002967560565,886.3384230558806,0.4671240904215008,0,,0.0875,,KHONG CO,KHONG CO,14988.198488516853,1837.3918186906462,15738.715281274912,101.02027510106564,37.68329344035801,15718.489549510547,,,0.007930383824306593,,682e252,1a752a7496585b5b54bbf1a58c6356571450f500891c333d9fb60594afddf3ac,audits/paper_extras/v4_runs/v1/bench7_seed606_exp.json,KHONG CO (che do lay mau v1)
606,exp,rl_learned,7,49,403.26368274768197,913.7540242268634,0.4413263001373783,0,,0.0125,,KHONG CO,KHONG CO,14464.549873283133,1966.9078192522963,14867.5594025016,93.93646408617496,17.15608938952422,16208.701490619631,,,0.0065073886802062015,,682e252,1a752a7496585b5b54bbf1a58c6356571450f500891c333d9fb60594afddf3ac,audits/paper_extras/v4_runs/v1/bench7_seed606_exp.json,KHONG CO (che do lay mau v1)
606,exp,rl_learned,8,50,350.4682240967388,877.2441798036406,0.3995104580519263,0,,0.0375,,KHONG CO,KHONG CO,13767.923420248157,1339.8659899009344,13827.25343626993,90.3920177221298,16.539690743835394,15774.105056956809,,,0.006434995256492447,,682e252,1a752a7496585b5b54bbf1a58c6356571450f500891c333d9fb60594afddf3ac,audits/paper_extras/v4_runs/v1/bench7_seed606_exp.json,KHONG CO (che do lay mau v1)
606,exp,rl_learned,9,51,346.15851984220006,813.2400127754349,0.4256535763173116,0,,0.15,,KHONG CO,KHONG CO,14401.594381749512,1329.2495255887866,14450.317714206118,86.30147221684456,65.74977472187,15774.823087564688,,,0.007284365913159852,,682e252,1a752a7496585b5b54bbf1a58c6356571450f500891c333d9fb60594afddf3ac,audits/paper_extras/v4_runs/v1/bench7_seed606_exp.json,KHONG CO (che do lay mau v1)
606,exp,free_market,0,42,395.9528407224621,826.8122480615564,0.4788908747430448,0,,0.0,,KHONG CO,KHONG CO,0.0,0.0,0.0,0.0,0.0,14858.853350053474,,,0.009238991152392457,,682e252,1a752a7496585b5b54bbf1a58c6356571450f500891c333d9fb60594afddf3ac,audits/paper_extras/v4_runs/v1/bench7_seed606_exp.json,KHONG CO (che do lay mau v1)
606,exp,free_market,1,43,273.60643526083777,877.2376922468821,0.31189543914836293,0,,0.004166666666666667,,KHONG CO,KHONG CO,0.0,0.0,0.0,0.0,0.0,14858.872684382697,,,0.004996131066549942,,682e252,1a752a7496585b5b54bbf1a58c6356571450f500891c333d9fb60594afddf3ac,audits/paper_extras/v4_runs/v1/bench7_seed606_exp.json,KHONG CO (che do lay mau v1)
606,exp,free_market,2,44,369.8451816561524,988.7726562596487,0.37404471019173513,0,,0.0,,KHONG CO,KHONG CO,0.0,0.0,0.0,0.0,0.0,14756.490706532593,,,0.0050904726590673115,,682e252,1a752a7496585b5b54bbf1a58c6356571450f500891c333d9fb60594afddf3ac,audits/paper_extras/v4_runs/v1/bench7_seed606_exp.json,KHONG CO (che do lay mau v1)
606,exp,free_market,3,45,389.41132828041026,884.3381200107219,0.44034212646593696,0,,0.0,,KHONG CO,KHONG CO,0.0,0.0,0.0,0.0,0.0,14742.463715281425,,,0.004917389026890532,,682e252,1a752a7496585b5b54bbf1a58c6356571450f500891c333d9fb60594afddf3ac,audits/paper_extras/v4_runs/v1/bench7_seed606_exp.json,KHONG CO (che do lay mau v1)
606,exp,free_market,4,46,291.49727530855097,810.7409783613987,0.35954427257112465,0,,0.0,,KHONG CO,KHONG CO,0.0,0.0,0.0,0.0,0.0,14767.011764191056,,,0.006137326544684598,,682e252,1a752a7496585b5b54bbf1a58c6356571450f500891c333d9fb60594afddf3ac,audits/paper_extras/v4_runs/v1/bench7_seed606_exp.json,KHONG CO (che do lay mau v1)
606,exp,free_market,5,47,429.96155770208594,863.4988236047747,0.49792952340938024,0,,0.0,,KHONG CO,KHONG CO,0.0,0.0,0.0,0.0,0.0,14637.876208071668,,,0.005476779011513785,,682e252,1a752a7496585b5b54bbf1a58c6356571450f500891c333d9fb60594afddf3ac,audits/paper_extras/v4_runs/v1/bench7_seed606_exp.json,KHONG CO (che do lay mau v1)
606,exp,free_market,6,48,378.19425016688086,820.2653908205168,0.46106327829895477,0,,0.0,,KHONG CO,KHONG CO,0.0,0.0,0.0,0.0,0.0,14828.8400898848,,,0.005416442179121211,,682e252,1a752a7496585b5b54bbf1a58c6356571450f500891c333d9fb60594afddf3ac,audits/paper_extras/v4_runs/v1/bench7_seed606_exp.json,KHONG CO (che do lay mau v1)
606,exp,free_market,7,49,396.74916351423815,859.5164873676937,0.4615957568531345,0,,0.0,,KHONG CO,KHONG CO,0.0,0.0,0.0,0.0,0.0,14862.115048894739,,,0.004498472520594725,,682e252,1a752a7496585b5b54bbf1a58c6356571450f500891c333d9fb60594afddf3ac,audits/paper_extras/v4_runs/v1/bench7_seed606_exp.json,KHONG CO (che do lay mau v1)
606,exp,free_market,8,50,420.81650832660864,833.2592787684329,0.5050246892522823,0,,0.0,,KHONG CO,KHONG CO,0.0,0.0,0.0,0.0,0.0,14688.466485082325,,,0.005491197532622171,,682e252,1a752a7496585b5b54bbf1a58c6356571450f500891c333d9fb60594afddf3ac,audits/paper_extras/v4_runs/v1/bench7_seed606_exp.json,KHONG CO (che do lay mau v1)
606,exp,free_market,9,51,339.73611838029876,796.872971252015,0.42633660650645355,0,,0.0,,KHONG CO,KHONG CO,0.0,0.0,0.0,0.0,0.0,14753.228456943969,,,0.004843284396715662,,682e252,1a752a7496585b5b54bbf1a58c6356571450f500891c333d9fb60594afddf3ac,audits/paper_extras/v4_runs/v1/bench7_seed606_exp.json,KHONG CO (che do lay mau v1)
606,exp,us_federal,0,42,261.53651746647836,818.9664966667925,0.31934947098683086,0,,0.7958333333333333,,KHONG CO,KHONG CO,9515.280493797849,342.85872900659723,9846.930685641866,0.0,10.815848928465915,14826.49813570104,,,0.0032074702999972064,,682e252,1a752a7496585b5b54bbf1a58c6356571450f500891c333d9fb60594afddf3ac,audits/paper_extras/v4_runs/v1/bench7_seed606_exp.json,KHONG CO (che do lay mau v1)
606,exp,us_federal,1,43,388.6424047600704,912.1001893815352,0.4260961781222695,0,,0.725,,KHONG CO,KHONG CO,9851.13184013504,478.0979716326603,10316.12458717146,0.0,27.393116995812225,14762.443100052538,,,0.005662788042755129,,682e252,1a752a7496585b5b54bbf1a58c6356571450f500891c333d9fb60594afddf3ac,audits/paper_extras/v4_runs/v1/bench7_seed606_exp.json,KHONG CO (che do lay mau v1)
606,exp,us_federal,2,44,296.80848095183137,942.2695307915068,0.3149931853389254,0,,0.8875,,KHONG CO,KHONG CO,10427.257728322455,399.1078641119265,10808.556335225234,0.0,44.457148640579256,14632.540923905517,,,0.011764384975672592,,682e252,1a752a7496585b5b54bbf1a58c6356571450f500891c333d9fb60594afddf3ac,audits/paper_extras/v4_runs/v1/bench7_seed606_exp.json,KHONG CO (che do lay mau v1)
606,exp,us_federal,3,45,324.8612350004151,879.184332796012,0.3695029846213027,0,,0.9041666666666667,,KHONG CO,KHONG CO,10145.283159860624,487.4726602233895,10620.240856881384,0.0,6.80927718100867,14762.613081232324,,,0.004518910276473886,,682e252,1a752a7496585b5b54bbf1a58c6356571450f500891c333d9fb60594afddf3ac,audits/paper_extras/v4_runs/v1/bench7_seed606_exp.json,KHONG CO (che do lay mau v1)
606,exp,us_federal,4,46,257.2168798078248,775.1394507765057,0.331833039268166,0,,0.9375,,KHONG CO,KHONG CO,10725.510611406047,322.93109747711793,11037.768260500052,0.0,51.66375433324083,14710.932724812961,,,0.006245833018562824,,682e252,1a752a7496585b5b54bbf1a58c6356571450f500891c333d9fb60594afddf3ac,audits/paper_extras/v4_runs/v1/bench7_seed606_exp.json,KHONG CO (che do lay mau v1)
606,exp,us_federal,5,47,352.539437288437,846.7324823742485,0.41635279693051575,0,,0.8458333333333333,,KHONG CO,KHONG CO,10276.747924778669,382.4277664792054,10646.849358204729,0.0,5.944111187177585,14803.171276998139,,,0.004330754403371137,,682e252,1a752a7496585b5b54bbf1a58c6356571450f500891c333d9fb60594afddf3ac,audits/paper_extras/v4_runs/v1/bench7_seed606_exp.json,KHONG CO (che do lay mau v1)
606,exp,us_federal,6,48,316.83555084820097,821.015410887165,0.38590694723481234,0,,0.8208333333333333,,KHONG CO,KHONG CO,10422.62030499689,429.28366528733994,10840.140705519692,0.0,32.261589279614526,14771.296555393603,,,0.006918472701777746,,682e252,1a752a7496585b5b54bbf1a58c6356571450f500891c333d9fb60594afddf3ac,audits/paper_extras/v4_runs/v1/bench7_seed606_exp.json,KHONG CO (che do lay mau v1)
606,exp,us_federal,7,49,313.0999180576033,838.0960543082716,0.373584765669876,0,,0.8541666666666666,,KHONG CO,KHONG CO,9833.197103904982,411.67350066210656,10233.301323731572,0.0,31.33659551305521,14773.967707374055,,,0.008814401028794128,,682e252,1a752a7496585b5b54bbf1a58c6356571450f500891c333d9fb60594afddf3ac,audits/paper_extras/v4_runs/v1/bench7_seed606_exp.json,KHONG CO (che do lay mau v1)
606,exp,us_federal,8,50,289.70835821753946,817.1634083365589,0.3545292841823131,0,,0.775,,KHONG CO,KHONG CO,9793.49599258098,391.495023202773,10173.630960909384,0.0,4.282208133393024,14825.43007478929,,,0.0032322448069996746,,682e252,1a752a7496585b5b54bbf1a58c6356571450f500891c333d9fb60594afddf3ac,audits/paper_extras/v4_runs/v1/bench7_seed606_exp.json,KHONG CO (che do lay mau v1)
606,exp,us_federal,9,51,270.4500153898983,762.1787580385197,0.3548380383702979,0,,0.875,,KHONG CO,KHONG CO,10694.606159647607,400.2089814059742,11084.489098485552,0.0,13.837891287658016,14763.620734026113,,,0.004775381667987537,,682e252,1a752a7496585b5b54bbf1a58c6356571450f500891c333d9fb60594afddf3ac,audits/paper_extras/v4_runs/v1/bench7_seed606_exp.json,KHONG CO (che do lay mau v1)
606,exp,saez,0,42,287.19244625124037,472.01349591491515,0.6084411753832765,20,,0.9458333333333333,,KHONG CO,KHONG CO,35654.43340522486,2315.9883033190863,37943.676504119925,0.0,301.00635297762847,970.4767469973548,,,0.022295395776389393,,682e252,1a752a7496585b5b54bbf1a58c6356571450f500891c333d9fb60594afddf3ac,audits/paper_extras/v4_runs/v1/bench7_seed606_exp.json,KHONG CO (che do lay mau v1)
606,exp,saez,1,43,339.21504354527,537.1480988900586,0.6315112056548473,19,,0.95,,KHONG CO,KHONG CO,37973.710302231564,2241.9208587023472,40183.310958615155,0.0,225.71620772535053,2892.7095453657817,,,0.014555560079166804,,682e252,1a752a7496585b5b54bbf1a58c6356571450f500891c333d9fb60594afddf3ac,audits/paper_extras/v4_runs/v1/bench7_seed606_exp.json,KHONG CO (che do lay mau v1)
606,exp,saez,2,44,164.3315504936566,623.8647645208995,0.26340893065159077,33,,0.95,,KHONG CO,KHONG CO,37808.27112164098,2497.9657443978217,40195.83797865948,0.0,165.00824664104167,6930.466269052272,,,0.012929345203903044,,682e252,1a752a7496585b5b54bbf1a58c6356571450f500891c333d9fb60594afddf3ac,audits/paper_extras/v4_runs/v1/bench7_seed606_exp.json,KHONG CO (che do lay mau v1)
606,exp,saez,3,45,194.59098376246104,638.6404844118913,0.30469565978369695,21,,0.9541666666666667,,KHONG CO,KHONG CO,43569.39765527567,2719.5290629146884,46255.95167474085,0.0,262.0897208014407,5374.056245305521,,,0.018562218918445738,,682e252,1a752a7496585b5b54bbf1a58c6356571450f500891c333d9fb60594afddf3ac,audits/paper_extras/v4_runs/v1/bench7_seed606_exp.json,KHONG CO (che do lay mau v1)
606,exp,saez,4,46,119.75569649428017,518.0098594252723,0.2311842029940282,28,,0.95,,KHONG CO,KHONG CO,36045.76803069315,2467.7315343743735,38483.88601893907,0.0,376.3746859836362,4390.35362932637,,,0.028554027816906934,,682e252,1a752a7496585b5b54bbf1a58c6356571450f500891c333d9fb60594afddf3ac,audits/paper_extras/v4_runs/v1/bench7_seed606_exp.json,KHONG CO (che do lay mau v1)
606,exp,saez,5,47,169.68717573947245,671.7950847099785,0.2525877006270868,20,,0.9541666666666667,,KHONG CO,KHONG CO,44223.84533732378,2661.8768142930194,46847.92229031581,0.0,323.31957885605635,6827.690669311065,,,0.029479370946210177,,682e252,1a752a7496585b5b54bbf1a58c6356571450f500891c333d9fb60594afddf3ac,audits/paper_extras/v4_runs/v1/bench7_seed606_exp.json,KHONG CO (che do lay mau v1)
606,exp,saez,6,48,149.70770683355846,636.5216504299185,0.23519656673491485,21,,0.9416666666666667,,KHONG CO,KHONG CO,41817.28772166237,3547.6217411332523,45330.72315394629,0.0,408.8520935368615,5441.002570797012,,,0.028951171182425038,,682e252,1a752a7496585b5b54bbf1a58c6356571450f500891c333d9fb60594afddf3ac,audits/paper_extras/v4_runs/v1/bench7_seed606_exp.json,KHONG CO (che do lay mau v1)
606,exp,saez,7,49,311.00588586269464,498.40876956650317,0.6239976197312813,17,,0.9416666666666667,,KHONG CO,KHONG CO,37065.273382812426,2609.5486688754386,39645.31523248401,0.0,158.16921881938106,1450.1804665460406,,,0.015266628379346694,,682e252,1a752a7496585b5b54bbf1a58c6356571450f500891c333d9fb60594afddf3ac,audits/paper_extras/v4_runs/v1/bench7_seed606_exp.json,KHONG CO (che do lay mau v1)
606,exp,saez,8,50,136.24648019971914,655.7924286073782,0.20775854410068173,34,,0.95,,KHONG CO,KHONG CO,42608.08445444818,3301.2888683690603,45866.87247611422,0.0,249.51679920014195,7879.913786181288,,,0.02108257585794316,,682e252,1a752a7496585b5b54bbf1a58c6356571450f500891c333d9fb60594afddf3ac,audits/paper_extras/v4_runs/v1/bench7_seed606_exp.json,KHONG CO (che do lay mau v1)
606,exp,saez,9,51,289.6620223307627,433.8517306841537,0.6676521074930046,23,,0.9541666666666667,,KHONG CO,KHONG CO,36069.93472199497,2628.4208707488488,38673.777409267655,0.0,308.92419765789293,1466.5229996905496,,,0.025470182038034653,,682e252,1a752a7496585b5b54bbf1a58c6356571450f500891c333d9fb60594afddf3ac,audits/paper_extras/v4_runs/v1/bench7_seed606_exp.json,KHONG CO (che do lay mau v1)
606,exp,free_market+rl_aux,0,42,413.9910564758283,864.3568703957823,0.4789584842268507,0,,0.0,,KHONG CO,KHONG CO,0.0,0.0,0.0,95.89564400911331,39.608813871711234,14812.892062499948,,,0.007348708098082688,,682e252,1a752a7496585b5b54bbf1a58c6356571450f500891c333d9fb60594afddf3ac,audits/paper_extras/v4_runs/v1/bench7_seed606_exp.json,KHONG CO (che do lay mau v1)
606,exp,free_market+rl_aux,1,43,369.9851634916263,882.7547731781492,0.4191256447808064,0,,0.0,,KHONG CO,KHONG CO,0.0,0.0,0.0,91.3291847705841,9.75526349685656,14714.648752354082,,,0.004639284320751945,,682e252,1a752a7496585b5b54bbf1a58c6356571450f500891c333d9fb60594afddf3ac,audits/paper_extras/v4_runs/v1/bench7_seed606_exp.json,KHONG CO (che do lay mau v1)
606,exp,free_market+rl_aux,2,44,321.0696815975761,947.5587298372889,0.33883881968214147,0,,0.0,,KHONG CO,KHONG CO,0.0,0.0,0.0,91.3291847705841,14.060733214344113,14785.847324149538,,,0.005091440993793012,,682e252,1a752a7496585b5b54bbf1a58c6356571450f500891c333d9fb60594afddf3ac,audits/paper_extras/v4_runs/v1/bench7_seed606_exp.json,KHONG CO (che do lay mau v1)
606,exp,free_market+rl_aux,3,45,406.3212184485233,889.3179355977256,0.45689083980458345,0,,0.0,,KHONG CO,KHONG CO,0.0,0.0,0.0,91.3291847705841,1.9723025462350656,14766.630058028302,,,0.0035198591050865664,,682e252,1a752a7496585b5b54bbf1a58c6356571450f500891c333d9fb60594afddf3ac,audits/paper_extras/v4_runs/v1/bench7_seed606_exp.json,KHONG CO (che do lay mau v1)
606,exp,free_market+rl_aux,4,46,349.6207076238009,802.568832946898,0.4356270680734665,0,,0.0,,KHONG CO,KHONG CO,0.0,0.0,0.0,91.3291847705841,15.50319058686901,14730.66118225948,,,0.0050641633050188435,,682e252,1a752a7496585b5b54bbf1a58c6356571450f500891c333d9fb60594afddf3ac,audits/paper_extras/v4_runs/v1/bench7_seed606_exp.json,KHONG CO (che do lay mau v1)
606,exp,free_market+rl_aux,5,47,381.6422233537826,869.2797180467676,0.43903270193777844,0,,0.0,,KHONG CO,KHONG CO,0.0,0.0,0.0,94.37349092960358,14.195390597495635,14785.264703292476,,,0.00577755464970944,,682e252,1a752a7496585b5b54bbf1a58c6356571450f500891c333d9fb60594afddf3ac,audits/paper_extras/v4_runs/v1/bench7_seed606_exp.json,KHONG CO (che do lay mau v1)
606,exp,free_market+rl_aux,6,48,336.89935737260043,819.9606381201255,0.4108725976712606,0,,0.0,,KHONG CO,KHONG CO,0.0,0.0,0.0,91.32918477058416,6.5637616163386,14787.07651153324,,,0.004044445092193694,,682e252,1a752a7496585b5b54bbf1a58c6356571450f500891c333d9fb60594afddf3ac,audits/paper_extras/v4_runs/v1/bench7_seed606_exp.json,KHONG CO (che do lay mau v1)
606,exp,free_market+rl_aux,7,49,390.94828294778785,866.165645676179,0.451355101532099,0,,0.0,,KHONG CO,KHONG CO,0.0,0.0,0.0,93.99295265972614,12.414334308305211,14722.212469376906,,,0.00705410518537844,,682e252,1a752a7496585b5b54bbf1a58c6356571450f500891c333d9fb60594afddf3ac,audits/paper_extras/v4_runs/v1/bench7_seed606_exp.json,KHONG CO (che do lay mau v1)
606,exp,free_market+rl_aux,8,50,444.4450569129714,858.6308877575019,0.5176206251719346,0,,0.0,,KHONG CO,KHONG CO,0.0,0.0,0.0,91.32918477058416,5.1465560380487165,14682.549915435944,,,0.004816985661271751,,682e252,1a752a7496585b5b54bbf1a58c6356571450f500891c333d9fb60594afddf3ac,audits/paper_extras/v4_runs/v1/bench7_seed606_exp.json,KHONG CO (che do lay mau v1)
606,exp,free_market+rl_aux,9,51,346.29821341240466,790.5873328236546,0.438026514003923,0,,0.0,,KHONG CO,KHONG CO,0.0,0.0,0.0,91.3291847705841,2.533197373342351,14755.87595867684,,,0.0037637194180698543,,682e252,1a752a7496585b5b54bbf1a58c6356571450f500891c333d9fb60594afddf3ac,audits/paper_extras/v4_runs/v1/bench7_seed606_exp.json,KHONG CO (che do lay mau v1)
606,exp,us_federal+rl_aux,0,42,289.60865393405777,859.7316036048961,0.33685937881045047,0,,0.825,,KHONG CO,KHONG CO,10559.558543588117,471.6628049549295,8874.60211222612,92.47079958021641,42.31144600281801,16816.587638024503,,,0.006602275149845191,,682e252,1a752a7496585b5b54bbf1a58c6356571450f500891c333d9fb60594afddf3ac,audits/paper_extras/v4_runs/v1/bench7_seed606_exp.json,KHONG CO (che do lay mau v1)
606,exp,us_federal+rl_aux,1,43,209.825709715952,907.8264471763345,0.23112976094559168,0,,0.7791666666666667,,KHONG CO,KHONG CO,8619.494125752712,396.68277414186093,7264.411961847341,91.3291847705841,0.0,16329.624852677218,,,0.0031696216857354294,,682e252,1a752a7496585b5b54bbf1a58c6356571450f500891c333d9fb60594afddf3ac,audits/paper_extras/v4_runs/v1/bench7_seed606_exp.json,KHONG CO (che do lay mau v1)
606,exp,us_federal+rl_aux,2,44,238.88597739227734,960.8621201410266,0.24861629195790946,0,,0.75,,KHONG CO,KHONG CO,9818.224791208746,406.8874120976646,8224.772896861587,92.09026131033897,11.771863909601395,16818.808227928315,,,0.00514408625800441,,682e252,1a752a7496585b5b54bbf1a58c6356571450f500891c333d9fb60594afddf3ac,audits/paper_extras/v4_runs/v1/bench7_seed606_exp.json,KHONG CO (che do lay mau v1)
606,exp,us_federal+rl_aux,3,45,348.6623793355614,938.6555552850867,0.37144869315738116,0,,0.7875,,KHONG CO,KHONG CO,10676.044334755194,500.8815880751813,8972.968392990186,91.3291847705841,13.31000287047644,16655.353852892767,,,0.005284860836030547,,682e252,1a752a7496585b5b54bbf1a58c6356571450f500891c333d9fb60594afddf3ac,audits/paper_extras/v4_runs/v1/bench7_seed606_exp.json,KHONG CO (che do lay mau v1)
606,exp,us_federal+rl_aux,4,46,150.76599539386137,789.7220209619068,0.1909102081390912,0,,0.9166666666666666,,KHONG CO,KHONG CO,8828.891891328156,430.38361154186646,7459.930456162765,91.3291847705841,3.1281023841913873,16287.040827264955,,,0.0036558341569747498,,682e252,1a752a7496585b5b54bbf1a58c6356571450f500891c333d9fb60594afddf3ac,audits/paper_extras/v4_runs/v1/bench7_seed606_exp.json,KHONG CO (che do lay mau v1)
606,exp,us_federal+rl_aux,5,47,256.80336263527937,833.1445197227738,0.3082338736630349,0,,0.9041666666666667,,KHONG CO,KHONG CO,10102.87084382641,482.35785654218887,8530.575487556187,93.23187611997128,30.79141548907407,16709.276046529085,,,0.00574605741333969,,682e252,1a752a7496585b5b54bbf1a58c6356571450f500891c333d9fb60594afddf3ac,audits/paper_extras/v4_runs/v1/bench7_seed606_exp.json,KHONG CO (che do lay mau v1)
606,exp,us_federal+rl_aux,6,48,260.0066242437368,827.6168591669655,0.31416303494040154,0,,0.775,,KHONG CO,KHONG CO,9852.776219038436,328.0909326956564,8204.125566372755,92.85133785009384,19.82648796372485,16304.754992831735,,,0.005136349386713006,,682e252,1a752a7496585b5b54bbf1a58c6356571450f500891c333d9fb60594afddf3ac,audits/paper_extras/v4_runs/v1/bench7_seed606_exp.json,KHONG CO (che do lay mau v1)
606,exp,us_federal+rl_aux,7,49,302.9551075713366,866.8488740840875,0.3494901090936283,0,,0.7,,KHONG CO,KHONG CO,10167.602460050806,375.30522296076333,8483.127427235728,92.47079958021641,23.897857177905724,16721.68575238154,,,0.005792259319816249,,682e252,1a752a7496585b5b54bbf1a58c6356571450f500891c333d9fb60594afddf3ac,audits/paper_extras/v4_runs/v1/bench7_seed606_exp.json,KHONG CO (che do lay mau v1)
606,exp,us_federal+rl_aux,8,50,255.87057882502918,864.0559837460913,0.29612731540346404,0,,0.8041666666666667,,KHONG CO,KHONG CO,10003.792787859227,450.9568137672967,8424.484629537548,91.70972304046154,27.600198367808567,16691.76713275629,,,0.0060826931324622505,,682e252,1a752a7496585b5b54bbf1a58c6356571450f500891c333d9fb60594afddf3ac,audits/paper_extras/v4_runs/v1/bench7_seed606_exp.json,KHONG CO (che do lay mau v1)
606,exp,us_federal+rl_aux,9,51,169.7338209304811,769.6654786588041,0.22052934117073064,0,,0.8291666666666667,,KHONG CO,KHONG CO,8950.521283631362,353.6803463853718,7495.135682002701,91.3291847705841,21.14087391183452,16393.87212833674,,,0.005081149580997579,,682e252,1a752a7496585b5b54bbf1a58c6356571450f500891c333d9fb60594afddf3ac,audits/paper_extras/v4_runs/v1/bench7_seed606_exp.json,KHONG CO (che do lay mau v1)
606,exp,saez+rl_aux,0,42,155.9432191151236,568.4029262537516,0.2743533009988517,24,,0.95,,KHONG CO,KHONG CO,36085.06601652576,2231.227189306134,30887.30748692424,135.091085806489,217.1651558930701,5881.501617664109,,,0.01843477163159374,,682e252,1a752a7496585b5b54bbf1a58c6356571450f500891c333d9fb60594afddf3ac,audits/paper_extras/v4_runs/v1/bench7_seed606_exp.json,KHONG CO (che do lay mau v1)
606,exp,saez+rl_aux,1,43,253.61916867042578,500.08388884310796,0.5071532483422878,15,,0.95,,KHONG CO,KHONG CO,29950.6297111537,2030.694796889875,25775.245890252394,126.33870559930801,168.55404200870643,2403.7654671225932,,,0.014041908981771637,,682e252,1a752a7496585b5b54bbf1a58c6356571450f500891c333d9fb60594afddf3ac,audits/paper_extras/v4_runs/v1/bench7_seed606_exp.json,KHONG CO (che do lay mau v1)
606,exp,saez+rl_aux,2,44,139.45109729309723,734.7100547083653,0.18980425869964546,44,,0.95,,KHONG CO,KHONG CO,37556.5250677643,2418.7937535303536,32222.877298838142,127.86085867881775,219.40357930325732,12845.561236982745,,,0.019845258886135596,,682e252,1a752a7496585b5b54bbf1a58c6356571450f500891c333d9fb60594afddf3ac,audits/paper_extras/v4_runs/v1/bench7_seed606_exp.json,KHONG CO (che do lay mau v1)
606,exp,saez+rl_aux,3,45,289.9561411855291,470.9529475766161,0.6156796399248741,23,,0.95,,KHONG CO,KHONG CO,34660.61697993727,1830.588076749712,29417.916681097344,114.16148096323013,161.75094539571245,3365.2315062705975,,,0.01260817786100754,,682e252,1a752a7496585b5b54bbf1a58c6356571450f500891c333d9fb60594afddf3ac,audits/paper_extras/v4_runs/v1/bench7_seed606_exp.json,KHONG CO (che do lay mau v1)
606,exp,saez+rl_aux,4,46,194.89716717614263,477.03132044304056,0.40856262225116124,29,,0.9541666666666667,,KHONG CO,KHONG CO,33191.08409640665,1827.6277141172898,28231.578719190722,143.0823894739151,290.0334621456472,4900.401025893864,,,0.021930007595168645,,682e252,1a752a7496585b5b54bbf1a58c6356571450f500891c333d9fb60594afddf3ac,audits/paper_extras/v4_runs/v1/bench7_seed606_exp.json,KHONG CO (che do lay mau v1)
606,exp,saez+rl_aux,5,47,227.10866052068386,589.6016591249238,0.3851899956620788,30,,0.95,,KHONG CO,KHONG CO,39049.46059890184,2440.3301535730416,33447.77199939945,159.44553507864475,308.5596972700392,8331.134255720228,,,0.024327375361558812,,682e252,1a752a7496585b5b54bbf1a58c6356571450f500891c333d9fb60594afddf3ac,audits/paper_extras/v4_runs/v1/bench7_seed606_exp.json,KHONG CO (che do lay mau v1)
606,exp,saez+rl_aux,6,48,98.01095433746117,587.8785956368622,0.16671971911357597,32,,0.95,,KHONG CO,KHONG CO,34327.6418357034,2050.6588999087016,29325.118788296204,149.93207833170885,315.3020979972665,7874.2884746454965,,,0.023298832406887644,,682e252,1a752a7496585b5b54bbf1a58c6356571450f500891c333d9fb60594afddf3ac,audits/paper_extras/v4_runs/v1/bench7_seed606_exp.json,KHONG CO (che do lay mau v1)
606,exp,saez+rl_aux,7,49,268.12642928193037,527.3389888079597,0.5084517454095805,18,,0.9458333333333333,,KHONG CO,KHONG CO,32001.821234199073,1650.4171285093935,27124.44725743998,108.83394518494606,81.76540623101616,2457.1138343736434,,,0.010051950301906492,,682e252,1a752a7496585b5b54bbf1a58c6356571450f500891c333d9fb60594afddf3ac,audits/paper_extras/v4_runs/v1/bench7_seed606_exp.json,KHONG CO (che do lay mau v1)
606,exp,saez+rl_aux,8,50,220.74326931593214,548.4407519225393,0.4024924634832925,31,,0.9458333333333333,,KHONG CO,KHONG CO,35449.33661023,1977.3527494498176,30171.79341812399,160.20661161839962,350.7750796499521,7842.312296621367,,,0.02612877918016103,,682e252,1a752a7496585b5b54bbf1a58c6356571450f500891c333d9fb60594afddf3ac,audits/paper_extras/v4_runs/v1/bench7_seed606_exp.json,KHONG CO (che do lay mau v1)
606,exp,saez+rl_aux,9,51,202.60702544031813,496.0782014314099,0.40841751331887843,27,,0.95,,KHONG CO,KHONG CO,33904.324660555714,1921.42720783123,28880.449749381234,132.8078561872244,310.636636883381,5371.944995846613,,,0.018686576091628836,,682e252,1a752a7496585b5b54bbf1a58c6356571450f500891c333d9fb60594afddf3ac,audits/paper_extras/v4_runs/v1/bench7_seed606_exp.json,KHONG CO (che do lay mau v1)
707,det,rl_learned,0,42,319.3421245238872,872.946882948955,0.3658207970742712,0,53,0.0,1.5025083033970432e-05,KHONG CO,KHONG CO,1888.1137545195518,13.908241821760729,1680.8876356186402,-82.56747472286224,0.0,15237.774123545496,65.92771190003835,0.0,0.0029899409535079587,3.044317834834739,682e252,48b505d4c412803fc0fc57102ab20b5eec33692319fbc0d5f4ec675f8fb0e159,audits/paper_extras/v4_runs/v1/bench7_seed707_det.json,audits/paper_extras/v4_runs/v2/bench2_seed707_det.json
707,det,rl_learned,1,43,398.2718420364242,912.6256891883808,0.4364021819182151,0,49,0.0,5.111115974898439e-10,KHONG CO,KHONG CO,1934.9175441113962,42.4953188474154,1754.8917870923226,-56.935143917798996,0.0,15151.949501777573,127.50671800672077,0.0,0.0028257174137924796,2.7681866705706297,682e252,48b505d4c412803fc0fc57102ab20b5eec33692319fbc0d5f4ec675f8fb0e159,audits/paper_extras/v4_runs/v1/bench7_seed707_det.json,audits/paper_extras/v4_runs/v2/bench2_seed707_det.json
707,det,rl_learned,2,44,303.8497498863203,927.9321027707613,0.32744825723675186,0,60,0.0,5.52132606301825e-09,KHONG CO,KHONG CO,1806.991046142902,21.053588300076722,1635.068983241749,-46.806143268942805,0.0,15167.429872418892,72.35192205127547,0.0,0.0032626219163106357,2.8912874963982165,682e252,48b505d4c412803fc0fc57102ab20b5eec33692319fbc0d5f4ec675f8fb0e159,audits/paper_extras/v4_runs/v1/bench7_seed707_det.json,audits/paper_extras/v4_runs/v2/bench2_seed707_det.json
707,det,rl_learned,3,45,414.94718988421806,915.1558055117969,0.453416989090902,0,58,0.0,0.0,KHONG CO,KHONG CO,2221.217939598295,15.405514907315593,1964.5975807481775,-45.11117868125439,0.0,15068.768902533628,248.3681499050578,0.0,0.003186516828737658,3.0121609928703235,682e252,48b505d4c412803fc0fc57102ab20b5eec33692319fbc0d5f4ec675f8fb0e159,audits/paper_extras/v4_runs/v1/bench7_seed707_det.json,audits/paper_extras/v4_runs/v2/bench2_seed707_det.json
707,det,rl_learned,4,46,431.7119445466116,885.3438379854,0.4876206576746185,0,67,0.0,0.0,KHONG CO,KHONG CO,2358.2447531784887,60.38233658062098,2099.5114953034554,-22.306082725524902,0.0,15031.77904051445,309.64263666672593,0.0,0.003518548658645468,3.442863671992678,682e252,48b505d4c412803fc0fc57102ab20b5eec33692319fbc0d5f4ec675f8fb0e159,audits/paper_extras/v4_runs/v1/bench7_seed707_det.json,audits/paper_extras/v4_runs/v2/bench2_seed707_det.json
707,det,rl_learned,5,47,381.3935079150249,883.9545072285476,0.4314628239306155,0,57,0.0,4.6345705051464847e-10,KHONG CO,KHONG CO,1945.1927568757976,63.71586694619301,1799.062284140267,-39.19812861084938,0.0,15104.670848857959,144.37361943461832,0.0,0.003147936581824078,3.08259606312322,682e252,48b505d4c412803fc0fc57102ab20b5eec33692319fbc0d5f4ec675f8fb0e159,audits/paper_extras/v4_runs/v1/bench7_seed707_det.json,audits/paper_extras/v4_runs/v2/bench2_seed707_det.json
707,det,rl_learned,6,48,395.93150370225254,879.0171575284893,0.45042522812123864,0,60,0.0,0.0,KHONG CO,KHONG CO,2124.075339067967,30.110848797294288,1899.4355212101827,-42.64815875887871,0.0,15095.576039488502,201.82278592545703,0.0,0.0032626219163106357,3.3117687333248114,682e252,48b505d4c412803fc0fc57102ab20b5eec33692319fbc0d5f4ec675f8fb0e159,audits/paper_extras/v4_runs/v1/bench7_seed707_det.json,audits/paper_extras/v4_runs/v2/bench2_seed707_det.json
707,det,rl_learned,7,49,391.7077831402043,881.3165127355052,0.4444575558040872,0,49,0.0,0.003834400608247801,KHONG CO,KHONG CO,1962.2636193225094,49.9277603625416,1792.788488946595,-57.30166357755661,0.0,15191.802997875151,84.90155644086444,0.0,0.0028257174137924796,3.0014146288769,682e252,48b505d4c412803fc0fc57102ab20b5eec33692319fbc0d5f4ec675f8fb0e159,audits/paper_extras/v4_runs/v1/bench7_seed707_det.json,audits/paper_extras/v4_runs/v2/bench2_seed707_det.json
707,det,rl_learned,8,50,389.8765746084236,846.9161294566792,0.4603485056525497,0,47,0.0,8.070242252244952e-10,KHONG CO,KHONG CO,2124.174909047106,20.7024299600815,1918.9754120510443,-39.685882106423364,0.0,15132.418133939991,133.16967512257332,0.0,0.0027411128649022167,3.1655093927083033,682e252,48b505d4c412803fc0fc57102ab20b5eec33692319fbc0d5f4ec675f8fb0e159,audits/paper_extras/v4_runs/v1/bench7_seed707_det.json,audits/paper_extras/v4_runs/v2/bench2_seed707_det.json
707,det,rl_learned,9,51,397.6922152431094,844.8666561110238,0.4707159554310174,0,60,0.0,0.0,KHONG CO,KHONG CO,2231.774218688508,44.85142479091125,1989.3465364748236,-35.28326573967934,0.0,15121.458401095697,201.10397164858193,0.0,0.0032626219163106357,3.5156762432615523,682e252,48b505d4c412803fc0fc57102ab20b5eec33692319fbc0d5f4ec675f8fb0e159,audits/paper_extras/v4_runs/v1/bench7_seed707_det.json,audits/paper_extras/v4_runs/v2/bench2_seed707_det.json
707,det,free_market,0,42,328.1022561882377,868.6778628042758,0.37770302460460337,0,56,0.0,5.989839224618265e-08,KHONG CO,KHONG CO,0.0,0.0,0.0,0.0,0.0,14735.831802590737,264.1681974092638,0.0,0.00310899577185523,2.9407286041030694,682e252,48b505d4c412803fc0fc57102ab20b5eec33692319fbc0d5f4ec675f8fb0e159,audits/paper_extras/v4_runs/v1/bench7_seed707_det.json,audits/paper_extras/v4_runs/v2/bench2_seed707_det.json
707,det,free_market,1,43,419.96236313918547,901.5010658990494,0.46584788307528535,0,50,0.0,0.0,KHONG CO,KHONG CO,0.0,0.0,0.0,0.0,0.0,14667.86476959171,332.1352304082978,0.0,0.0028673840804591465,2.6756099049352513,682e252,48b505d4c412803fc0fc57102ab20b5eec33692319fbc0d5f4ec675f8fb0e159,audits/paper_extras/v4_runs/v1/bench7_seed707_det.json,audits/paper_extras/v4_runs/v2/bench2_seed707_det.json
707,det,free_market,2,44,298.5731387297226,876.7683181538657,0.3405382386060686,0,52,0.0,1.1406098288091471e-10,KHONG CO,KHONG CO,0.0,0.0,0.0,0.0,0.0,14670.673191690597,329.32680830940507,0.0,0.0029494878790743023,2.807134793823184,682e252,48b505d4c412803fc0fc57102ab20b5eec33692319fbc0d5f4ec675f8fb0e159,audits/paper_extras/v4_runs/v1/bench7_seed707_det.json,audits/paper_extras/v4_runs/v2/bench2_seed707_det.json
707,det,free_market,3,45,393.45809499777926,874.0256059838715,0.45016769795305034,0,47,0.0,2.6519653140155697e-10,KHONG CO,KHONG CO,0.0,0.0,0.0,0.0,0.0,14592.763131715641,407.2368682843546,0.0,0.002741112864902217,2.885895162857343,682e252,48b505d4c412803fc0fc57102ab20b5eec33692319fbc0d5f4ec675f8fb0e159,audits/paper_extras/v4_runs/v1/bench7_seed707_det.json,audits/paper_extras/v4_runs/v2/bench2_seed707_det.json
707,det,free_market,4,46,413.3919366388135,863.3607050725549,0.4788171782778473,0,62,0.0,0.0,KHONG CO,KHONG CO,0.0,0.0,0.0,0.0,0.0,14545.321694339233,454.6783056607679,0.0,0.0033373618348005543,3.271595165681239,682e252,48b505d4c412803fc0fc57102ab20b5eec33692319fbc0d5f4ec675f8fb0e159,audits/paper_extras/v4_runs/v1/bench7_seed707_det.json,audits/paper_extras/v4_runs/v2/bench2_seed707_det.json
707,det,free_market,5,47,387.86937992243105,876.7429315073746,0.4423980690161613,0,57,0.0,3.4542813054372346e-11,KHONG CO,KHONG CO,0.0,0.0,0.0,0.0,0.0,14607.811489046499,392.1885109535033,0.0,0.0031479365818240777,2.957697811854241,682e252,48b505d4c412803fc0fc57102ab20b5eec33692319fbc0d5f4ec675f8fb0e159,audits/paper_extras/v4_runs/v1/bench7_seed707_det.json,audits/paper_extras/v4_runs/v2/bench2_seed707_det.json
707,det,free_market,6,48,386.12101178846456,844.1035124221329,0.457433248536664,0,52,0.0,3.2009062067572813e-11,KHONG CO,KHONG CO,0.0,0.0,0.0,0.0,0.0,14603.218702936962,396.7812970630341,0.0,0.002949487879074302,3.1626737690705604,682e252,48b505d4c412803fc0fc57102ab20b5eec33692319fbc0d5f4ec675f8fb0e159,audits/paper_extras/v4_runs/v1/bench7_seed707_det.json,audits/paper_extras/v4_runs/v2/bench2_seed707_det.json
707,det,free_market,7,49,410.0915286648963,893.053104774026,0.4592017277277861,0,59,0.0,5.1881474893988866e-08,KHONG CO,KHONG CO,0.0,0.0,0.0,0.0,0.0,14705.202064788175,294.7979352118271,0.0,0.003224743128431848,2.894924836049399,682e252,48b505d4c412803fc0fc57102ab20b5eec33692319fbc0d5f4ec675f8fb0e159,audits/paper_extras/v4_runs/v1/bench7_seed707_det.json,audits/paper_extras/v4_runs/v2/bench2_seed707_det.json
707,det,free_market,8,50,410.92055340896775,829.2429175174586,0.4955370069836217,0,47,0.0,0.0,KHONG CO,KHONG CO,0.0,0.0,0.0,0.0,0.0,14651.358714158072,348.64128584192656,0.0,0.0027411128649022167,3.0411323138812936,682e252,48b505d4c412803fc0fc57102ab20b5eec33692319fbc0d5f4ec675f8fb0e159,audits/paper_extras/v4_runs/v1/bench7_seed707_det.json,audits/paper_extras/v4_runs/v2/bench2_seed707_det.json
707,det,free_market,9,51,385.8075562981912,816.596402820219,0.47245806492136866,0,54,0.0,8.208100865658707e-11,KHONG CO,KHONG CO,0.0,0.0,0.0,0.0,0.0,14632.565205872355,367.4347941276447,0.0,0.0030300050560720616,3.3574057135016617,682e252,48b505d4c412803fc0fc57102ab20b5eec33692319fbc0d5f4ec675f8fb0e159,audits/paper_extras/v4_runs/v1/bench7_seed707_det.json,audits/paper_extras/v4_runs/v2/bench2_seed707_det.json
707,det,us_federal,0,42,350.96960641728316,856.6986811450672,0.4096768375412644,0,49,0.6958333333333333,-0.4000884675002665,KHONG CO,KHONG CO,9324.96927644161,153.27194621040445,9465.704289255576,0.0,0.0,14726.117544006993,286.4193893894472,0.0,0.0028257174137924796,3.197890519771673,682e252,48b505d4c412803fc0fc57102ab20b5eec33692319fbc0d5f4ec675f8fb0e159,audits/paper_extras/v4_runs/v1/bench7_seed707_det.json,audits/paper_extras/v4_runs/v2/bench2_seed707_det.json
707,det,us_federal,1,43,342.2206418109465,891.1236006436994,0.38403274423856004,0,48,0.7208333333333333,-0.6300000093877316,KHONG CO,KHONG CO,8785.658719036037,38.09757988969639,8810.994819032141,0.0,0.0,14684.397500478226,328.3639794153649,0.0,0.0027836298717049375,2.8173962847192637,682e252,48b505d4c412803fc0fc57102ab20b5eec33692319fbc0d5f4ec675f8fb0e159,audits/paper_extras/v4_runs/v1/bench7_seed707_det.json,audits/paper_extras/v4_runs/v2/bench2_seed707_det.json
707,det,us_federal,2,44,293.36545404554033,911.2365322174917,0.3219421562606103,0,59,0.875,-0.6300000093877316,KHONG CO,KHONG CO,9229.387455011849,53.44196543243406,9267.869164145715,0.0,0.0,14692.311045127468,322.6492111711006,0.0,0.0032247431284318476,2.99439141052295,682e252,48b505d4c412803fc0fc57102ab20b5eec33692319fbc0d5f4ec675f8fb0e159,audits/paper_extras/v4_runs/v1/bench7_seed707_det.json,audits/paper_extras/v4_runs/v2/bench2_seed707_det.json
707,det,us_federal,3,45,286.663833015125,898.1255550626267,0.3191801317747114,0,53,0.825,-0.6300000093877316,KHONG CO,KHONG CO,9121.613783872015,62.46479005227975,9170.305018510238,0.0,0.0,14636.798437624619,376.9751177894277,0.0,0.002989940953507959,3.011306230401926,682e252,48b505d4c412803fc0fc57102ab20b5eec33692319fbc0d5f4ec675f8fb0e159,audits/paper_extras/v4_runs/v1/bench7_seed707_det.json,audits/paper_extras/v4_runs/v2/bench2_seed707_det.json
707,det,us_federal,4,46,300.07262438611167,807.6727652902467,0.3715274765743488,0,46,0.875,-0.9875757710551248,KHONG CO,KHONG CO,9786.065913023425,56.7643615615393,9831.139433674105,0.0,0.0,14600.862552427774,410.82828848308486,0.0,0.0026981575384417357,3.45168538240594,682e252,48b505d4c412803fc0fc57102ab20b5eec33692319fbc0d5f4ec675f8fb0e159,audits/paper_extras/v4_runs/v1/bench7_seed707_det.json,audits/paper_extras/v4_runs/v2/bench2_seed707_det.json
707,det,us_federal,5,47,327.68334704703625,869.8206245071077,0.3767251980633607,0,53,0.8166666666666667,-0.5729144000019303,KHONG CO,KHONG CO,9567.826235801738,80.1597045033356,9634.982677859458,0.0,0.0,14641.451940069173,371.5513223764524,0.0,0.002989940953507959,3.175735938286087,682e252,48b505d4c412803fc0fc57102ab20b5eec33692319fbc0d5f4ec675f8fb0e159,audits/paper_extras/v4_runs/v1/bench7_seed707_det.json,audits/paper_extras/v4_runs/v2/bench2_seed707_det.json
707,det,us_federal,6,48,302.00970255068694,838.5002788337019,0.3601784163635131,0,49,0.8583333333333333,-0.9239675093056783,KHONG CO,KHONG CO,9804.198231576534,53.17577574754978,9844.980217894225,0.0,0.0,14641.930160544445,370.4636288854184,0.0,0.0028257174137924796,3.392893462299171,682e252,48b505d4c412803fc0fc57102ab20b5eec33692319fbc0d5f4ec675f8fb0e159,audits/paper_extras/v4_runs/v1/bench7_seed707_det.json,audits/paper_extras/v4_runs/v2/bench2_seed707_det.json
707,det,us_federal,7,49,342.76201231508395,872.3550518924283,0.392915718859562,0,49,0.7083333333333334,-0.6300000093877318,KHONG CO,KHONG CO,9222.497320904631,53.179244251062,9262.960176589982,0.0,0.0,14781.847661276866,230.86872728885032,0.0,0.0028257174137924796,3.0806370909404204,682e252,48b505d4c412803fc0fc57102ab20b5eec33692319fbc0d5f4ec675f8fb0e159,audits/paper_extras/v4_runs/v1/bench7_seed707_det.json,audits/paper_extras/v4_runs/v2/bench2_seed707_det.json
707,det,us_federal,8,50,332.25570274248656,842.4822954206919,0.3943770742108893,0,51,0.9,-0.9686101473784255,KHONG CO,KHONG CO,9472.00211941757,37.513484214701556,9496.998344925225,0.0,0.0,14703.880008620978,308.63725008607537,0.0,0.0029086382058716876,3.237977046134037,682e252,48b505d4c412803fc0fc57102ab20b5eec33692319fbc0d5f4ec675f8fb0e159,audits/paper_extras/v4_runs/v1/bench7_seed707_det.json,audits/paper_extras/v4_runs/v2/bench2_seed707_det.json
707,det,us_federal,9,51,260.97315283012256,789.6167813880628,0.3305060872330491,0,45,0.8083333333333333,-0.5023369765465036,KHONG CO,KHONG CO,9596.818683012685,56.410402556108686,9641.629246825163,0.0,0.0,14673.800088937167,337.79974980646256,0.0,0.0026547547606639577,3.533519503441576,682e252,48b505d4c412803fc0fc57102ab20b5eec33692319fbc0d5f4ec675f8fb0e159,audits/paper_extras/v4_runs/v1/bench7_seed707_det.json,audits/paper_extras/v4_runs/v2/bench2_seed707_det.json
707,det,saez,0,42,151.01805555597616,628.2153271548702,0.24039218565379983,42,27,0.9416666666666667,-16.34136408244586,KHONG CO,KHONG CO,40466.28636074166,3867.352386752987,44180.56601238029,0.0,0.0,11850.866453475703,3255.9038171761104,0.0,0.0030237521241605224,4.0980758551914205,682e252,48b505d4c412803fc0fc57102ab20b5eec33692319fbc0d5f4ec675f8fb0e159,audits/paper_extras/v4_runs/v1/bench7_seed707_det.json,audits/paper_extras/v4_runs/v2/bench2_seed707_det.json
707,det,saez,1,43,152.18917773875904,738.8338055954417,0.20598567172505944,44,32,0.95,-11.46309234240324,KHONG CO,KHONG CO,44007.28734230526,4426.592214841499,48337.217939766175,0.0,0.0,14743.585768742272,301.59446039068354,0.0,0.00304602240643662,3.801567488402871,682e252,48b505d4c412803fc0fc57102ab20b5eec33692319fbc0d5f4ec675f8fb0e159,audits/paper_extras/v4_runs/v1/bench7_seed707_det.json,audits/paper_extras/v4_runs/v2/bench2_seed707_det.json
707,det,saez,2,44,282.47007480553816,833.2091968320676,0.3390145906688422,46,49,0.9458333333333333,-14.662700653378144,KHONG CO,KHONG CO,54206.195089742345,8934.522190839756,63085.54538073719,0.0,0.0,14736.24069313662,221.30792322801358,0.0,0.003953762993236333,4.397498261494827,682e252,48b505d4c412803fc0fc57102ab20b5eec33692319fbc0d5f4ec675f8fb0e159,audits/paper_extras/v4_runs/v1/bench7_seed707_det.json,audits/paper_extras/v4_runs/v2/bench2_seed707_det.json
707,det,saez,3,45,162.0283804485485,777.6572149039088,0.20835450034186276,46,46,0.9416666666666667,-14.697981335215148,KHONG CO,KHONG CO,51530.370613243664,4989.534155643458,56472.543764705304,0.0,0.0,14740.052175158235,226.96831400306587,0.0,0.0037291478208144315,4.428510025686124,682e252,48b505d4c412803fc0fc57102ab20b5eec33692319fbc0d5f4ec675f8fb0e159,audits/paper_extras/v4_runs/v1/bench7_seed707_det.json,audits/paper_extras/v4_runs/v2/bench2_seed707_det.json
707,det,saez,4,46,287.1732553661856,454.46554340884336,0.6318922513072474,30,10,0.95,-17.736693385499734,KHONG CO,KHONG CO,37819.20991984969,5398.927560905336,43192.998540131804,0.0,0.0,4293.777233852139,10667.065691432223,0.0,0.0008259988816822891,4.131315978821788,682e252,48b505d4c412803fc0fc57102ab20b5eec33692319fbc0d5f4ec675f8fb0e159,audits/paper_extras/v4_runs/v1/bench7_seed707_det.json,audits/paper_extras/v4_runs/v2/bench2_seed707_det.json
707,det,saez,5,47,176.82018496789215,658.3358967666146,0.2685865769075271,41,32,0.95,-18.455275929583163,KHONG CO,KHONG CO,45966.168919392774,7323.74313138374,53173.81341652563,0.0,0.0,14733.4978189264,315.92091297944586,0.0,0.003294191156111026,4.528597818831594,682e252,48b505d4c412803fc0fc57102ab20b5eec33692319fbc0d5f4ec675f8fb0e159,audits/paper_extras/v4_runs/v1/bench7_seed707_det.json,audits/paper_extras/v4_runs/v2/bench2_seed707_det.json
707,det,saez,6,48,135.06087609150165,607.4178550327711,0.22235249585182992,42,24,0.9458333333333333,-19.40187030702556,KHONG CO,KHONG CO,38685.98210788687,902.3868380154727,39458.572442697456,0.0,0.0,9323.43387953852,5778.038447052054,0.0,0.002657771361264825,3.915720247898975,682e252,48b505d4c412803fc0fc57102ab20b5eec33692319fbc0d5f4ec675f8fb0e159,audits/paper_extras/v4_runs/v1/bench7_seed707_det.json,audits/paper_extras/v4_runs/v2/bench2_seed707_det.json
707,det,saez,7,49,158.614522708118,720.3196870223104,0.22020017717939344,37,39,0.9375,-9.177272440836184,KHONG CO,KHONG CO,48696.37702388837,6887.114858289482,55522.710749824306,0.0,0.0,14864.822588565628,128.09101359671533,0.0,0.003274295562338524,4.631218433710729,682e252,48b505d4c412803fc0fc57102ab20b5eec33692319fbc0d5f4ec675f8fb0e159,audits/paper_extras/v4_runs/v1/bench7_seed707_det.json,audits/paper_extras/v4_runs/v2/bench2_seed707_det.json
707,det,saez,8,50,164.36978871854356,692.9175552165138,0.23721406317550064,49,34,0.95,-16.340461416581622,KHONG CO,KHONG CO,50392.2153805771,6939.182858124242,57245.39926616173,0.0,0.0,14797.283097846483,200.49530977626006,0.0,0.0032376575684307154,4.84540862191437,682e252,48b505d4c412803fc0fc57102ab20b5eec33692319fbc0d5f4ec675f8fb0e159,audits/paper_extras/v4_runs/v1/bench7_seed707_det.json,audits/paper_extras/v4_runs/v2/bench2_seed707_det.json
707,det,saez,9,51,132.32733615047354,575.5025170977159,0.22993354888838025,52,35,0.95,-20.002727960768638,KHONG CO,KHONG CO,46441.101259729876,5317.4103721619795,51656.423946124545,0.0,0.0,13904.93219384638,1110.4935223662399,0.0,0.003920629638222571,5.2891152580421625,682e252,48b505d4c412803fc0fc57102ab20b5eec33692319fbc0d5f4ec675f8fb0e159,audits/paper_extras/v4_runs/v1/bench7_seed707_det.json,audits/paper_extras/v4_runs/v2/bench2_seed707_det.json
707,det,free_market+rl_aux,0,42,327.89242451928004,868.2515592046412,0.37764680183199983,0,56,0.0,5.999281937896228e-08,KHONG CO,KHONG CO,0.0,0.0,0.0,-46.78428590297699,0.0,14735.855690265133,310.92859563784816,0.0,0.00310899577185523,2.9384487563488335,682e252,48b505d4c412803fc0fc57102ab20b5eec33692319fbc0d5f4ec675f8fb0e159,audits/paper_extras/v4_runs/v1/bench7_seed707_det.json,audits/paper_extras/v4_runs/v2/bench2_seed707_det.json
707,det,free_market+rl_aux,1,43,419.6739445486075,900.9638409329644,0.465805535673915,0,50,0.0,0.0,KHONG CO,KHONG CO,0.0,0.0,0.0,-46.78428590297699,0.0,14667.881722568918,378.90256333406376,0.0,0.0028673840804591465,2.6739458208003244,682e252,48b505d4c412803fc0fc57102ab20b5eec33692319fbc0d5f4ec675f8fb0e159,audits/paper_extras/v4_runs/v1/bench7_seed707_det.json,audits/paper_extras/v4_runs/v2/bench2_seed707_det.json
707,det,free_market+rl_aux,2,44,298.3617055861743,876.2511414752303,0.34049793656629246,0,52,0.0,1.132589577679255e-10,KHONG CO,KHONG CO,0.0,0.0,0.0,-46.78428590297699,0.0,14670.667893164393,376.1163927385829,0.0,0.0029494878790743023,2.805291494495224,682e252,48b505d4c412803fc0fc57102ab20b5eec33692319fbc0d5f4ec675f8fb0e159,audits/paper_extras/v4_runs/v1/bench7_seed707_det.json,audits/paper_extras/v4_runs/v2/bench2_seed707_det.json
707,det,free_market+rl_aux,3,45,393.1842431493063,873.4702527446233,0.45014039334921885,0,47,0.0,2.638527174525507e-10,KHONG CO,KHONG CO,0.0,0.0,0.0,-46.78428590297699,0.0,14592.787780384631,453.9965055183435,0.0,0.002741112864902217,2.884155601907109,682e252,48b505d4c412803fc0fc57102ab20b5eec33692319fbc0d5f4ec675f8fb0e159,audits/paper_extras/v4_runs/v1/bench7_seed707_det.json,audits/paper_extras/v4_runs/v2/bench2_seed707_det.json
707,det,free_market+rl_aux,4,46,413.0324287892719,862.7612831922683,0.4787331523049194,0,62,0.0,0.0,KHONG CO,KHONG CO,0.0,0.0,0.0,-46.78428590297699,0.0,14545.302400436804,501.4818854661759,0.0,0.0033373618348005543,3.2696431209560055,682e252,48b505d4c412803fc0fc57102ab20b5eec33692319fbc0d5f4ec675f8fb0e159,audits/paper_extras/v4_runs/v1/bench7_seed707_det.json,audits/paper_extras/v4_runs/v2/bench2_seed707_det.json
707,det,free_market+rl_aux,5,47,387.57418221070924,876.2041740830274,0.4423331840621698,0,57,0.0,3.43969297489366e-11,KHONG CO,KHONG CO,0.0,0.0,0.0,-46.78428590297699,0.0,14607.820672620615,438.96361328235554,0.0,0.0031479365818240777,2.9558411653288363,682e252,48b505d4c412803fc0fc57102ab20b5eec33692319fbc0d5f4ec675f8fb0e159,audits/paper_extras/v4_runs/v1/bench7_seed707_det.json,audits/paper_extras/v4_runs/v2/bench2_seed707_det.json
707,det,free_market+rl_aux,6,48,385.7986708741067,843.5786248078756,0.4573357592624778,0,52,0.0,3.062328168823569e-11,KHONG CO,KHONG CO,0.0,0.0,0.0,-46.78428590297699,0.0,14603.224533628441,443.5597522745327,0.0,0.002949487879074302,3.1606353417823496,682e252,48b505d4c412803fc0fc57102ab20b5eec33692319fbc0d5f4ec675f8fb0e159,audits/paper_extras/v4_runs/v1/bench7_seed707_det.json,audits/paper_extras/v4_runs/v2/bench2_seed707_det.json
707,det,free_market+rl_aux,7,49,410.7637951042638,891.7004203213669,0.4606522389618538,0,59,0.0,5.188302143466217e-08,KHONG CO,KHONG CO,0.0,0.0,0.0,-46.78428590297699,0.0,14706.133272230902,340.6510136720736,0.0,0.003224743128431848,2.8946287015782644,682e252,48b505d4c412803fc0fc57102ab20b5eec33692319fbc0d5f4ec675f8fb0e159,audits/paper_extras/v4_runs/v1/bench7_seed707_det.json,audits/paper_extras/v4_runs/v2/bench2_seed707_det.json
707,det,free_market+rl_aux,8,50,410.5945261223007,828.6987200902167,0.49546899997335714,0,47,0.0,0.0,KHONG CO,KHONG CO,0.0,0.0,0.0,-46.78428590297699,0.0,14651.352009257102,395.43227664587926,0.0,0.0027411128649022167,3.039241405584227,682e252,48b505d4c412803fc0fc57102ab20b5eec33692319fbc0d5f4ec675f8fb0e159,audits/paper_extras/v4_runs/v1/bench7_seed707_det.json,audits/paper_extras/v4_runs/v2/bench2_seed707_det.json
707,det,free_market+rl_aux,9,51,385.45699328747804,816.0489188834174,0.47234544935724043,0,54,0.0,7.916156619103276e-11,KHONG CO,KHONG CO,0.0,0.0,0.0,-46.78428590297699,0.0,14632.590047125732,414.19423877724546,0.0,0.0030300050560720616,3.3552409988991974,682e252,48b505d4c412803fc0fc57102ab20b5eec33692319fbc0d5f4ec675f8fb0e159,audits/paper_extras/v4_runs/v1/bench7_seed707_det.json,audits/paper_extras/v4_runs/v2/bench2_seed707_det.json
707,det,us_federal+rl_aux,0,42,335.04269107063857,860.8111155457377,0.3892174311181239,0,50,0.6916666666666667,-0.39058926186522586,KHONG CO,KHONG CO,9305.005818612597,148.98891387142547,8485.570309270595,-46.78428590297699,0.0,15712.78819731226,302.42051180414796,0.0,0.0028673840804591465,3.1804165720369686,682e252,48b505d4c412803fc0fc57102ab20b5eec33692319fbc0d5f4ec675f8fb0e159,audits/paper_extras/v4_runs/v1/bench7_seed707_det.json,audits/paper_extras/v4_runs/v2/bench2_seed707_det.json
707,det,us_federal+rl_aux,1,43,353.41429210973837,890.7475334627518,0.3967614602712981,0,49,0.6791666666666667,-0.6300000093877318,KHONG CO,KHONG CO,8891.400275804468,38.81517616242981,8017.564828267402,-46.78428590297699,0.0,15694.834055446954,264.6008541555459,0.0,0.0028257174137924796,2.831220734295859,682e252,48b505d4c412803fc0fc57102ab20b5eec33692319fbc0d5f4ec675f8fb0e159,audits/paper_extras/v4_runs/v1/bench7_seed707_det.json,audits/paper_extras/v4_runs/v2/bench2_seed707_det.json
707,det,us_federal+rl_aux,2,44,298.60746478495656,922.4808488110971,0.3237004488166936,0,65,0.8708333333333333,-0.6300000093877316,KHONG CO,KHONG CO,9240.729685990973,51.3666606280195,8344.897609030648,-46.78428590297699,0.0,15682.363935346184,311.61908814513265,0.0,0.003447016582803047,2.976835772401015,682e252,48b505d4c412803fc0fc57102ab20b5eec33692319fbc0d5f4ec675f8fb0e159,audits/paper_extras/v4_runs/v1/bench7_seed707_det.json,audits/paper_extras/v4_runs/v2/bench2_seed707_det.json
707,det,us_federal+rl_aux,3,45,296.8364427582906,906.3543112948279,0.32750596434437074,0,52,0.8333333333333334,-0.6300000093877318,KHONG CO,KHONG CO,9043.88085348068,53.194165943894525,8202.33415800733,-46.78428590297699,0.0,15628.876176755179,312.6489705650391,0.0,0.002949487879074302,2.969608662908078,682e252,48b505d4c412803fc0fc57102ab20b5eec33692319fbc0d5f4ec675f8fb0e159,audits/paper_extras/v4_runs/v1/bench7_seed707_det.json,audits/paper_extras/v4_runs/v2/bench2_seed707_det.json
707,det,us_federal+rl_aux,4,46,298.53554626380094,819.0868919228992,0.36447359762155995,0,51,0.875,-0.9776216740510886,KHONG CO,KHONG CO,9803.427607918962,55.44511489074761,8891.42537579056,-46.78428590297699,0.0,15598.352420452467,415.8792124696681,0.0,0.002908638205871688,3.429979587895043,682e252,48b505d4c412803fc0fc57102ab20b5eec33692319fbc0d5f4ec675f8fb0e159,audits/paper_extras/v4_runs/v1/bench7_seed707_det.json,audits/paper_extras/v4_runs/v2/bench2_seed707_det.json
707,det,us_federal+rl_aux,5,47,302.806453231031,850.3613116165748,0.35609152144443457,0,49,0.8125,-0.5993311911721705,KHONG CO,KHONG CO,9463.42579052131,82.44579544888647,8608.568019909928,-46.78428590297699,0.0,15603.714029175999,380.373822787235,0.0,0.00282571741379248,3.1686187586100005,682e252,48b505d4c412803fc0fc57102ab20b5eec33692319fbc0d5f4ec675f8fb0e159,audits/paper_extras/v4_runs/v1/bench7_seed707_det.json,audits/paper_extras/v4_runs/v2/bench2_seed707_det.json
707,det,us_federal+rl_aux,6,48,307.5999813573957,834.4748673064518,0.3686150337280715,0,46,0.7958333333333333,-0.512646659567665,KHONG CO,KHONG CO,9707.800954911663,37.74003537179334,8789.174693634777,-46.78428590297699,0.0,15628.58308042956,374.56750212208266,0.0,0.0026981575384417357,3.3633970212283772,682e252,48b505d4c412803fc0fc57102ab20b5eec33692319fbc0d5f4ec675f8fb0e159,audits/paper_extras/v4_runs/v1/bench7_seed707_det.json,audits/paper_extras/v4_runs/v2/bench2_seed707_det.json
707,det,us_federal+rl_aux,7,49,336.8289797116391,884.6258990488635,0.380758668804285,0,50,0.7083333333333334,-0.6300000093877316,KHONG CO,KHONG CO,9216.901609097567,52.321124772661484,8332.836967652338,-46.78428590297699,0.0,15744.98280935347,238.1872427673923,0.0,0.0028673840804591465,3.055079929737431,682e252,48b505d4c412803fc0fc57102ab20b5eec33692319fbc0d5f4ec675f8fb0e159,audits/paper_extras/v4_runs/v1/bench7_seed707_det.json,audits/paper_extras/v4_runs/v2/bench2_seed707_det.json
707,det,us_federal+rl_aux,8,50,317.6791536976703,835.5726974512435,0.3801933149164525,0,49,0.9,-0.9584647505382646,KHONG CO,KHONG CO,9446.848206069157,37.43911444543004,8530.62920546019,-46.78428590297699,0.0,15698.02723787889,302.41516307849116,0.0,0.0028257174137924796,3.2340594064741066,682e252,48b505d4c412803fc0fc57102ab20b5eec33692319fbc0d5f4ec675f8fb0e159,audits/paper_extras/v4_runs/v1/bench7_seed707_det.json,audits/paper_extras/v4_runs/v2/bench2_seed707_det.json
707,det,us_federal+rl_aux,9,51,235.56593206772513,811.609469552074,0.2902454208644628,0,53,0.8041666666666667,-0.4846274325794227,KHONG CO,KHONG CO,9629.220589956585,54.268670582049346,8733.040508223014,-46.78428590297699,0.0,15657.735756036596,339.4972821819914,0.0,0.0029899409535079587,3.5034946447004915,682e252,48b505d4c412803fc0fc57102ab20b5eec33692319fbc0d5f4ec675f8fb0e159,audits/paper_extras/v4_runs/v1/bench7_seed707_det.json,audits/paper_extras/v4_runs/v2/bench2_seed707_det.json
707,det,saez+rl_aux,0,42,150.20872876369262,656.0469830377465,0.22896032242716702,40,31,0.9416666666666667,-16.52499393744216,KHONG CO,KHONG CO,40586.39052984141,4977.668752368467,41059.82348179066,-46.78428590297699,0.0,15308.107843548465,4192.04904872708,0.0,0.002973319030344915,4.031294440457725,682e252,48b505d4c412803fc0fc57102ab20b5eec33692319fbc0d5f4ec675f8fb0e159,audits/paper_extras/v4_runs/v1/bench7_seed707_det.json,audits/paper_extras/v4_runs/v2/bench2_seed707_det.json
707,det,saez+rl_aux,1,43,149.55127489009783,808.3795180500532,0.18500131627634575,42,43,0.95,-11.03533511215345,KHONG CO,KHONG CO,47131.60292599484,4572.100589749164,46617.10741879342,-46.78428590297699,0.0,19726.840574823087,338.1483924467283,0.0,0.003265320046512481,3.8448556426612197,682e252,48b505d4c412803fc0fc57102ab20b5eec33692319fbc0d5f4ec675f8fb0e159,audits/paper_extras/v4_runs/v1/bench7_seed707_det.json,audits/paper_extras/v4_runs/v2/bench2_seed707_det.json
707,det,saez+rl_aux,2,44,233.0849334801779,974.6044448459992,0.2391584962625617,55,69,0.9458333333333333,-13.209015381958675,KHONG CO,KHONG CO,53386.58009640933,7347.169496589403,54669.10457757977,-46.78428590297699,0.0,20667.394468291925,347.97973911544807,0.0,0.005539097517966264,3.899770866544627,682e252,48b505d4c412803fc0fc57102ab20b5eec33692319fbc0d5f4ec675f8fb0e159,audits/paper_extras/v4_runs/v1/bench7_seed707_det.json,audits/paper_extras/v4_runs/v2/bench2_seed707_det.json
707,det,saez+rl_aux,3,45,167.03004093366872,732.4189546250673,0.22805259186550286,43,38,0.9416666666666667,-15.933063676396316,KHONG CO,KHONG CO,44919.48397412208,5799.655963516144,45702.65300931232,-46.78428590297699,0.0,18670.624298347328,1329.076584284011,0.0,0.0032944052815728373,4.030953963625733,682e252,48b505d4c412803fc0fc57102ab20b5eec33692319fbc0d5f4ec675f8fb0e159,audits/paper_extras/v4_runs/v1/bench7_seed707_det.json,audits/paper_extras/v4_runs/v2/bench2_seed707_det.json
707,det,saez+rl_aux,4,46,137.253654614701,558.9957086409703,0.24553615080228774,51,34,0.9458333333333333,-17.76211766646913,KHONG CO,KHONG CO,35716.75419825493,3776.069053497186,35517.71584790607,-46.78428590297699,0.0,11285.027984102986,7689.749934145439,0.0,0.003994686027035706,3.729311376802125,682e252,48b505d4c412803fc0fc57102ab20b5eec33692319fbc0d5f4ec675f8fb0e159,audits/paper_extras/v4_runs/v1/bench7_seed707_det.json,audits/paper_extras/v4_runs/v2/bench2_seed707_det.json
707,det,saez+rl_aux,5,47,155.82531139221814,660.2233635444387,0.23601908080874778,41,27,0.95,-16.112428591438423,KHONG CO,KHONG CO,39532.12643245912,5108.035899020758,40255.946336155495,-46.78428590297699,0.0,13240.702520238072,6136.301606866177,0.0,0.0026951496368341514,3.745979573139968,682e252,48b505d4c412803fc0fc57102ab20b5eec33692319fbc0d5f4ec675f8fb0e159,audits/paper_extras/v4_runs/v1/bench7_seed707_det.json,audits/paper_extras/v4_runs/v2/bench2_seed707_det.json
707,det,saez+rl_aux,6,48,162.0835904308375,697.9054014280148,0.23224292303683447,44,45,0.9458333333333333,-17.739964984015472,KHONG CO,KHONG CO,49389.36301070357,5692.122677460209,49596.139548735235,-46.78428590297699,0.0,20212.463180430932,245.90489074870345,0.0,0.004107100489165518,4.783503513052322,682e252,48b505d4c412803fc0fc57102ab20b5eec33692319fbc0d5f4ec675f8fb0e159,audits/paper_extras/v4_runs/v1/bench7_seed707_det.json,audits/paper_extras/v4_runs/v2/bench2_seed707_det.json
707,det,saez+rl_aux,7,49,169.30213736292987,776.1316737616709,0.2181358435513585,41,46,0.9375,-7.742840392660769,KHONG CO,KHONG CO,49718.683669533166,5782.550305419007,50064.44192778986,-46.78428590297699,0.0,19821.52430731032,590.0623356322953,0.0,0.003427862940046399,4.3923675954406844,682e252,48b505d4c412803fc0fc57102ab20b5eec33692319fbc0d5f4ec675f8fb0e159,audits/paper_extras/v4_runs/v1/bench7_seed707_det.json,audits/paper_extras/v4_runs/v2/bench2_seed707_det.json
707,det,saez+rl_aux,8,50,143.14159075753798,658.025040174989,0.21753213330524968,51,34,0.95,-12.519380124562785,KHONG CO,KHONG CO,42857.285087404125,4827.246244605209,42950.55890747024,-46.78428590297699,0.0,16778.572119427834,2919.35146684588,0.0,0.0030956787795214324,4.242762849469688,682e252,48b505d4c412803fc0fc57102ab20b5eec33692319fbc0d5f4ec675f8fb0e159,audits/paper_extras/v4_runs/v1/bench7_seed707_det.json,audits/paper_extras/v4_runs/v2/bench2_seed707_det.json
707,det,saez+rl_aux,9,51,123.68900608203606,564.6281997997334,0.21906274983415108,40,25,0.9458333333333333,-20.313008699709524,KHONG CO,KHONG CO,36122.764226325475,658.074262075333,33151.82564916106,-46.78428590297699,0.0,10844.499715229325,7798.326838879335,0.0,0.0027497486647668355,3.8972287729252453,682e252,48b505d4c412803fc0fc57102ab20b5eec33692319fbc0d5f4ec675f8fb0e159,audits/paper_extras/v4_runs/v1/bench7_seed707_det.json,audits/paper_extras/v4_runs/v2/bench2_seed707_det.json
707,exp,rl_learned,0,42,334.8666107665675,872.6759171868655,0.3837239050276928,0,,0.020833333333333332,,KHONG CO,KHONG CO,4342.8135097646,197.78737889850493,4259.874945392062,-85.62024673819542,5.615458025241486,15190.38749196172,,,0.004846703768787778,,682e252,48b505d4c412803fc0fc57102ab20b5eec33692319fbc0d5f4ec675f8fb0e159,audits/paper_extras/v4_runs/v1/bench7_seed707_exp.json,KHONG CO (che do lay mau v1)
707,exp,rl_learned,1,43,448.04006838055545,937.0526130181829,0.4781375796364825,0,,0.004166666666666667,,KHONG CO,KHONG CO,3839.410034650255,198.1557966266506,3658.613745932182,-37.19168771803379,0.0,15045.442065604168,,,0.004409849140452767,,682e252,48b505d4c412803fc0fc57102ab20b5eec33692319fbc0d5f4ec675f8fb0e159,audits/paper_extras/v4_runs/v1/bench7_seed707_exp.json,KHONG CO (che do lay mau v1)
707,exp,rl_learned,2,44,341.1707408217785,927.943331825025,0.3676633358103708,0,,0.008333333333333333,,KHONG CO,KHONG CO,4757.5589837092675,130.60357004301804,4502.284754369746,-40.28497253358364,2.8730049431324005,15233.346227722059,,,0.006361774447747081,,682e252,48b505d4c412803fc0fc57102ab20b5eec33692319fbc0d5f4ec675f8fb0e159,audits/paper_extras/v4_runs/v1/bench7_seed707_exp.json,KHONG CO (che do lay mau v1)
707,exp,rl_learned,3,45,400.6152656998353,926.5642669402912,0.43236640996608966,0,,0.016666666666666666,,KHONG CO,KHONG CO,4778.556953226586,181.47798137564345,4616.825850983922,-53.61048513650894,5.688425007324465,15151.456989064049,,,0.0056402337579806,,682e252,48b505d4c412803fc0fc57102ab20b5eec33692319fbc0d5f4ec675f8fb0e159,audits/paper_extras/v4_runs/v1/bench7_seed707_exp.json,KHONG CO (che do lay mau v1)
707,exp,rl_learned,4,46,378.2873252433816,817.4447231310388,0.46276808026166805,0,,0.11666666666666667,,KHONG CO,KHONG CO,4560.722255760539,145.61589902534737,4361.6893655161675,0.8464029729366302,37.37173042682055,15053.149156151267,,,0.008246021767608271,,682e252,48b505d4c412803fc0fc57102ab20b5eec33692319fbc0d5f4ec675f8fb0e159,audits/paper_extras/v4_runs/v1/bench7_seed707_exp.json,KHONG CO (che do lay mau v1)
707,exp,rl_learned,5,47,385.04793970890086,867.6612960688784,0.44377678415925814,0,,0.22083333333333333,,KHONG CO,KHONG CO,3531.934033178003,182.14589023100135,3428.1407923102793,-38.244283586740494,2.523484691977501,15053.92030262178,,,0.006064579580460357,,682e252,48b505d4c412803fc0fc57102ab20b5eec33692319fbc0d5f4ec675f8fb0e159,audits/paper_extras/v4_runs/v1/bench7_seed707_exp.json,KHONG CO (che do lay mau v1)
707,exp,rl_learned,6,48,399.9580216146803,873.2083098499638,0.458032770763945,0,,0.016666666666666666,,KHONG CO,KHONG CO,4278.787415366034,134.1195035688723,4067.8899148903,-49.378826066851616,15.732223247891014,15086.818211174725,,,0.005821588719946554,,682e252,48b505d4c412803fc0fc57102ab20b5eec33692319fbc0d5f4ec675f8fb0e159,audits/paper_extras/v4_runs/v1/bench7_seed707_exp.json,KHONG CO (che do lay mau v1)
707,exp,rl_learned,7,49,406.4915904492066,892.0795691354976,0.4556674141109769,0,,0.008333333333333333,,KHONG CO,KHONG CO,3482.3946423641855,90.07392755938677,3213.315174572491,-47.703944787383065,6.415514096637521,15216.392035332514,,,0.004688031609416491,,682e252,48b505d4c412803fc0fc57102ab20b5eec33692319fbc0d5f4ec675f8fb0e159,audits/paper_extras/v4_runs/v1/bench7_seed707_exp.json,KHONG CO (che do lay mau v1)
707,exp,rl_learned,8,50,345.8128239139664,884.2830295274466,0.39106577008355103,0,,0.0,,KHONG CO,KHONG CO,3981.846483990972,229.32673343074845,3946.471587031714,-47.84096735715866,5.888224464288678,15202.703927833938,,,0.00503890278418451,,682e252,48b505d4c412803fc0fc57102ab20b5eec33692319fbc0d5f4ec675f8fb0e159,audits/paper_extras/v4_runs/v1/bench7_seed707_exp.json,KHONG CO (che do lay mau v1)
707,exp,rl_learned,9,51,325.2377304802088,813.3840253124353,0.39985753390629875,0,,0.008333333333333333,,KHONG CO,KHONG CO,4461.581923130826,160.66281266545488,4222.166040326563,-79.82244953513145,0.0,15129.477436959134,,,0.003392289564489103,,682e252,48b505d4c412803fc0fc57102ab20b5eec33692319fbc0d5f4ec675f8fb0e159,audits/paper_extras/v4_runs/v1/bench7_seed707_exp.json,KHONG CO (che do lay mau v1)
707,exp,free_market,0,42,383.38527150838524,845.3726873598124,0.453510359680223,0,,0.0,,KHONG CO,KHONG CO,0.0,0.0,0.0,0.0,0.0,14721.001536764594,,,0.004242012570352757,,682e252,48b505d4c412803fc0fc57102ab20b5eec33692319fbc0d5f4ec675f8fb0e159,audits/paper_extras/v4_runs/v1/bench7_seed707_exp.json,KHONG CO (che do lay mau v1)
707,exp,free_market,1,43,440.3614519485823,920.0447089189003,0.4786304922790433,0,,0.0,,KHONG CO,KHONG CO,0.0,0.0,0.0,0.0,0.0,14619.49279000049,,,0.0048034549605392276,,682e252,48b505d4c412803fc0fc57102ab20b5eec33692319fbc0d5f4ec675f8fb0e159,audits/paper_extras/v4_runs/v1/bench7_seed707_exp.json,KHONG CO (che do lay mau v1)
707,exp,free_market,2,44,337.5790839801278,932.2268564233052,0.3621211743194406,0,,0.0,,KHONG CO,KHONG CO,0.0,0.0,0.0,0.0,0.0,14673.738789011146,,,0.006994381792222317,,682e252,48b505d4c412803fc0fc57102ab20b5eec33692319fbc0d5f4ec675f8fb0e159,audits/paper_extras/v4_runs/v1/bench7_seed707_exp.json,KHONG CO (che do lay mau v1)
707,exp,free_market,3,45,358.9095519523545,904.9065549958679,0.3966260935682949,0,,0.0,,KHONG CO,KHONG CO,0.0,0.0,0.0,0.0,0.0,14683.17217889228,,,0.004669897279421375,,682e252,48b505d4c412803fc0fc57102ab20b5eec33692319fbc0d5f4ec675f8fb0e159,audits/paper_extras/v4_runs/v1/bench7_seed707_exp.json,KHONG CO (che do lay mau v1)
707,exp,free_market,4,46,364.6900450556215,830.2729612419547,0.4392411436717196,0,,0.0,,KHONG CO,KHONG CO,0.0,0.0,0.0,0.0,0.0,14657.972210301261,,,0.004715558982096433,,682e252,48b505d4c412803fc0fc57102ab20b5eec33692319fbc0d5f4ec675f8fb0e159,audits/paper_extras/v4_runs/v1/bench7_seed707_exp.json,KHONG CO (che do lay mau v1)
707,exp,free_market,5,47,368.1729885057357,858.5096063461053,0.4288513323371107,0,,0.0,,KHONG CO,KHONG CO,0.0,0.0,0.0,0.0,0.0,14721.665483391896,,,0.005059953095224274,,682e252,48b505d4c412803fc0fc57102ab20b5eec33692319fbc0d5f4ec675f8fb0e159,audits/paper_extras/v4_runs/v1/bench7_seed707_exp.json,KHONG CO (che do lay mau v1)
707,exp,free_market,6,48,402.9706126320418,825.2960347544795,0.4882740200635074,0,,0.0,,KHONG CO,KHONG CO,0.0,0.0,0.0,0.0,0.0,14712.436869384297,,,0.006858400132794861,,682e252,48b505d4c412803fc0fc57102ab20b5eec33692319fbc0d5f4ec675f8fb0e159,audits/paper_extras/v4_runs/v1/bench7_seed707_exp.json,KHONG CO (che do lay mau v1)
707,exp,free_market,7,49,435.093222229188,907.8819559697254,0.47923986083020775,0,,0.0,,KHONG CO,KHONG CO,0.0,0.0,0.0,0.0,0.0,14638.615992668161,,,0.004706340278306494,,682e252,48b505d4c412803fc0fc57102ab20b5eec33692319fbc0d5f4ec675f8fb0e159,audits/paper_extras/v4_runs/v1/bench7_seed707_exp.json,KHONG CO (che do lay mau v1)
707,exp,free_market,8,50,370.14037789930836,857.9950543877218,0.43140152848951574,0,,0.0,,KHONG CO,KHONG CO,0.0,0.0,0.0,0.0,0.0,14582.347813348784,,,0.005646132363753487,,682e252,48b505d4c412803fc0fc57102ab20b5eec33692319fbc0d5f4ec675f8fb0e159,audits/paper_extras/v4_runs/v1/bench7_seed707_exp.json,KHONG CO (che do lay mau v1)
707,exp,free_market,9,51,357.08043869261985,804.8626838541169,0.44365386277162955,0,,0.0,,KHONG CO,KHONG CO,0.0,0.0,0.0,0.0,0.0,14676.351903652616,,,0.006810950737319953,,682e252,48b505d4c412803fc0fc57102ab20b5eec33692319fbc0d5f4ec675f8fb0e159,audits/paper_extras/v4_runs/v1/bench7_seed707_exp.json,KHONG CO (che do lay mau v1)
707,exp,us_federal,0,42,281.603398096449,835.2883892731486,0.3371331407365721,0,,0.7916666666666666,,KHONG CO,KHONG CO,8816.261514942307,206.88996713589185,9010.946270817,0.0,7.44901380239063,14755.752613450608,,,0.006553585118977541,,682e252,48b505d4c412803fc0fc57102ab20b5eec33692319fbc0d5f4ec675f8fb0e159,audits/paper_extras/v4_runs/v1/bench7_seed707_exp.json,KHONG CO (che do lay mau v1)
707,exp,us_federal,1,43,350.4965382747015,892.8727961124152,0.39254924083337506,0,,0.775,,KHONG CO,KHONG CO,8950.32875991255,146.375767233602,9083.851682340455,0.0,3.300000049173832,14693.818937029131,,,0.0037075646863107764,,682e252,48b505d4c412803fc0fc57102ab20b5eec33692319fbc0d5f4ec675f8fb0e159,audits/paper_extras/v4_runs/v1/bench7_seed707_exp.json,KHONG CO (che do lay mau v1)
707,exp,us_federal,2,44,301.11420210715926,978.4621381174704,0.3077423135518491,0,,0.7875,,KHONG CO,KHONG CO,9610.619714530676,297.23965919483584,9890.01924724355,0.0,20.239615203172217,14610.56244417838,,,0.006067432509917503,,682e252,48b505d4c412803fc0fc57102ab20b5eec33692319fbc0d5f4ec675f8fb0e159,audits/paper_extras/v4_runs/v1/bench7_seed707_exp.json,KHONG CO (che do lay mau v1)
707,exp,us_federal,3,45,375.40764398958004,899.5377814694493,0.41733393718752865,0,,0.8541666666666666,,KHONG CO,KHONG CO,9280.266234832323,225.94436239267034,9493.18077695337,0.0,0.0,14670.442219363418,,,0.0049348031647218635,,682e252,48b505d4c412803fc0fc57102ab20b5eec33692319fbc0d5f4ec675f8fb0e159,audits/paper_extras/v4_runs/v1/bench7_seed707_exp.json,KHONG CO (che do lay mau v1)
707,exp,us_federal,4,46,269.77002085600475,816.4966174374509,0.33039943472475064,0,,0.8458333333333333,,KHONG CO,KHONG CO,9155.648318931553,210.69334302207216,9354.052730858548,0.0,7.786576878693094,14798.545976137933,,,0.006793424115045295,,682e252,48b505d4c412803fc0fc57102ab20b5eec33692319fbc0d5f4ec675f8fb0e159,audits/paper_extras/v4_runs/v1/bench7_seed707_exp.json,KHONG CO (che do lay mau v1)
707,exp,us_federal,5,47,341.89506346932126,874.699442728414,0.3908714774104143,0,,0.7708333333333334,,KHONG CO,KHONG CO,9420.760912196598,261.95570669633156,9669.62936719651,0.0,31.919572828447997,14634.477854510127,,,0.0082272789777063,,682e252,48b505d4c412803fc0fc57102ab20b5eec33692319fbc0d5f4ec675f8fb0e159,audits/paper_extras/v4_runs/v1/bench7_seed707_exp.json,KHONG CO (che do lay mau v1)
707,exp,us_federal,6,48,278.2507526287544,826.7013205093025,0.3365795429688362,0,,0.75,,KHONG CO,KHONG CO,9399.695885819778,198.82160074556614,9587.018689883158,0.0,15.7003140354634,14758.794274721538,,,0.00722250494256318,,682e252,48b505d4c412803fc0fc57102ab20b5eec33692319fbc0d5f4ec675f8fb0e159,audits/paper_extras/v4_runs/v1/bench7_seed707_exp.json,KHONG CO (che do lay mau v1)
707,exp,us_federal,7,49,359.84993710454376,902.2270528577599,0.39884631697169437,0,,0.6625,,KHONG CO,KHONG CO,9361.026856728682,223.9343792312456,9571.735349635488,0.0,4.1510685430021095,14586.215403306034,,,0.005147630412707851,,682e252,48b505d4c412803fc0fc57102ab20b5eec33692319fbc0d5f4ec675f8fb0e159,audits/paper_extras/v4_runs/v1/bench7_seed707_exp.json,KHONG CO (che do lay mau v1)
707,exp,us_federal,8,50,302.1442076887204,854.011065810055,0.3537942537104336,0,,0.7666666666666667,,KHONG CO,KHONG CO,9090.382986255536,348.6187505801815,9426.924170370185,0.0,1.829123907801573,14699.44506873024,,,0.006163403178108312,,682e252,48b505d4c412803fc0fc57102ab20b5eec33692319fbc0d5f4ec675f8fb0e159,audits/paper_extras/v4_runs/v1/bench7_seed707_exp.json,KHONG CO (che do lay mau v1)
707,exp,us_federal,9,51,295.1047836588813,809.2074117054115,0.3646837379268999,0,,0.8791666666666667,,KHONG CO,KHONG CO,9665.850921058962,500.41092565078844,10154.383558261901,0.0,39.01920662936731,14583.462802956385,,,0.008090019043723001,,682e252,48b505d4c412803fc0fc57102ab20b5eec33692319fbc0d5f4ec675f8fb0e159,audits/paper_extras/v4_runs/v1/bench7_seed707_exp.json,KHONG CO (che do lay mau v1)
707,exp,saez,0,42,154.789350392821,665.3610274068943,0.23263964076176835,28,,0.95,,KHONG CO,KHONG CO,34281.82392461953,3546.812893131091,37784.55380712585,0.0,428.3401615032469,6907.761597446067,,,0.03616116491312536,,682e252,48b505d4c412803fc0fc57102ab20b5eec33692319fbc0d5f4ec675f8fb0e159,audits/paper_extras/v4_runs/v1/bench7_seed707_exp.json,KHONG CO (che do lay mau v1)
707,exp,saez,1,43,302.7329375527318,741.1068758338271,0.40848755749583865,30,,0.9375,,KHONG CO,KHONG CO,41366.308357255315,4007.823602328554,45328.63410622732,0.0,373.15462277970045,8305.185436766242,,,0.03074798193195789,,682e252,48b505d4c412803fc0fc57102ab20b5eec33692319fbc0d5f4ec675f8fb0e159,audits/paper_extras/v4_runs/v1/bench7_seed707_exp.json,KHONG CO (che do lay mau v1)
707,exp,saez,2,44,343.94970004746295,850.4630401533951,0.4044263933979141,49,,0.9416666666666667,,KHONG CO,KHONG CO,48155.51006566497,9024.793803384939,54845.34187948516,0.0,458.8313224487155,13256.987451976955,,,0.042350596018750894,,682e252,48b505d4c412803fc0fc57102ab20b5eec33692319fbc0d5f4ec675f8fb0e159,audits/paper_extras/v4_runs/v1/bench7_seed707_exp.json,KHONG CO (che do lay mau v1)
707,exp,saez,3,45,225.24549632327242,714.0967807910537,0.31542712750189494,34,,0.9458333333333333,,KHONG CO,KHONG CO,41838.59105186886,5484.675843927688,46002.13894181198,0.0,327.0156504995803,9414.004082870953,,,0.03873429891825575,,682e252,48b505d4c412803fc0fc57102ab20b5eec33692319fbc0d5f4ec675f8fb0e159,audits/paper_extras/v4_runs/v1/bench7_seed707_exp.json,KHONG CO (che do lay mau v1)
707,exp,saez,4,46,240.24448275674143,540.7049384094927,0.44431716023055223,37,,0.9541666666666667,,KHONG CO,KHONG CO,37815.73385298625,7475.43830071817,43960.48546387197,0.0,406.5044741192652,4811.075908586179,,,0.03162279546981011,,682e252,48b505d4c412803fc0fc57102ab20b5eec33692319fbc0d5f4ec675f8fb0e159,audits/paper_extras/v4_runs/v1/bench7_seed707_exp.json,KHONG CO (che do lay mau v1)
707,exp,saez,5,47,365.08047706357365,733.7479850760387,0.4975556791828739,33,,0.9458333333333333,,KHONG CO,KHONG CO,40199.73358065463,7681.297736742488,44992.62189181615,0.0,345.61001647034385,5381.7678170587105,,,0.027960881780200435,,682e252,48b505d4c412803fc0fc57102ab20b5eec33692319fbc0d5f4ec675f8fb0e159,audits/paper_extras/v4_runs/v1/bench7_seed707_exp.json,KHONG CO (che do lay mau v1)
707,exp,saez,6,48,265.2565244543884,646.3691456851203,0.4103793106851181,32,,0.9458333333333333,,KHONG CO,KHONG CO,40518.248520599474,7136.168901075415,47613.282006875634,0.0,551.75568932085,6780.090207856684,,,0.0381611133870111,,682e252,48b505d4c412803fc0fc57102ab20b5eec33692319fbc0d5f4ec675f8fb0e159,audits/paper_extras/v4_runs/v1/bench7_seed707_exp.json,KHONG CO (che do lay mau v1)
707,exp,saez,7,49,342.1554108843416,683.2020044482005,0.5008114857050063,24,,0.9416666666666667,,KHONG CO,KHONG CO,39060.48213389558,4105.587602177557,41894.70443946858,0.0,360.7777961470993,4847.741112113688,,,0.024891315805511096,,682e252,48b505d4c412803fc0fc57102ab20b5eec33692319fbc0d5f4ec675f8fb0e159,audits/paper_extras/v4_runs/v1/bench7_seed707_exp.json,KHONG CO (che do lay mau v1)
707,exp,saez,8,50,296.8735392654497,697.8278100882578,0.42542520514896454,31,,0.95,,KHONG CO,KHONG CO,43136.26320735948,5443.839901999658,45754.99140600565,0.0,440.4435033946687,7319.716414242958,,,0.033037468433551605,,682e252,48b505d4c412803fc0fc57102ab20b5eec33692319fbc0d5f4ec675f8fb0e159,audits/paper_extras/v4_runs/v1/bench7_seed707_exp.json,KHONG CO (che do lay mau v1)
707,exp,saez,9,51,176.00415539441696,631.3609568037449,0.2787694638031393,42,,0.9458333333333333,,KHONG CO,KHONG CO,41383.3395924948,5190.011618253964,46530.88616462523,0.0,389.65863774638177,9843.867973528624,,,0.032975143310203694,,682e252,48b505d4c412803fc0fc57102ab20b5eec33692319fbc0d5f4ec675f8fb0e159,audits/paper_extras/v4_runs/v1/bench7_seed707_exp.json,KHONG CO (che do lay mau v1)
707,exp,free_market+rl_aux,0,42,374.73051579633716,861.8525606935057,0.4347965451246131,0,,0.0,,KHONG CO,KHONG CO,0.0,0.0,0.0,-46.64124771952629,6.787604731989331,14679.62275872047,,,0.006850142226130098,,682e252,48b505d4c412803fc0fc57102ab20b5eec33692319fbc0d5f4ec675f8fb0e159,audits/paper_extras/v4_runs/v1/bench7_seed707_exp.json,KHONG CO (che do lay mau v1)
707,exp,free_market+rl_aux,1,43,393.19245030471063,903.2350925788224,0.4353157373260472,0,,0.0,,KHONG CO,KHONG CO,0.0,0.0,0.0,-45.8766371011734,3.103703568473351,14589.285332117557,,,0.0038449152352139663,,682e252,48b505d4c412803fc0fc57102ab20b5eec33692319fbc0d5f4ec675f8fb0e159,audits/paper_extras/v4_runs/v1/bench7_seed707_exp.json,KHONG CO (che do lay mau v1)
707,exp,free_market+rl_aux,2,44,331.9344880685727,889.7530224597352,0.37306362517424774,0,,0.0,,KHONG CO,KHONG CO,0.0,0.0,0.0,-45.8766371011734,8.20386175697093,14686.06776081473,,,0.0035956776268265497,,682e252,48b505d4c412803fc0fc57102ab20b5eec33692319fbc0d5f4ec675f8fb0e159,audits/paper_extras/v4_runs/v1/bench7_seed707_exp.json,KHONG CO (che do lay mau v1)
707,exp,free_market+rl_aux,3,45,398.0075184415223,903.3162853779273,0.4406070441595159,0,,0.0,,KHONG CO,KHONG CO,0.0,0.0,0.0,-47.40585833787918,7.399137329204871,14575.110129304707,,,0.00811168158248025,,682e252,48b505d4c412803fc0fc57102ab20b5eec33692319fbc0d5f4ec675f8fb0e159,audits/paper_extras/v4_runs/v1/bench7_seed707_exp.json,KHONG CO (che do lay mau v1)
707,exp,free_market+rl_aux,4,46,324.69093077141076,829.0485908968844,0.39164282327547584,0,,0.0,,KHONG CO,KHONG CO,0.0,0.0,0.0,-49.317384883761406,12.572606135724694,14560.797259554569,,,0.008233164750783784,,682e252,48b505d4c412803fc0fc57102ab20b5eec33692319fbc0d5f4ec675f8fb0e159,audits/paper_extras/v4_runs/v1/bench7_seed707_exp.json,KHONG CO (che do lay mau v1)
707,exp,free_market+rl_aux,5,47,396.99355304104455,869.2791169564897,0.4566928450219694,0,,0.0,,KHONG CO,KHONG CO,0.0,0.0,0.0,-47.023553028702736,22.6821931778572,14617.128442755844,,,0.008146950351378445,,682e252,48b505d4c412803fc0fc57102ab20b5eec33692319fbc0d5f4ec675f8fb0e159,audits/paper_extras/v4_runs/v1/bench7_seed707_exp.json,KHONG CO (che do lay mau v1)
707,exp,free_market+rl_aux,6,48,345.3314847361553,852.8967324412084,0.40489249354693657,0,,0.0,,KHONG CO,KHONG CO,0.0,0.0,0.0,-45.8766371011734,6.568914637980834,14648.101699122604,,,0.005204929271899276,,682e252,48b505d4c412803fc0fc57102ab20b5eec33692319fbc0d5f4ec675f8fb0e159,audits/paper_extras/v4_runs/v1/bench7_seed707_exp.json,KHONG CO (che do lay mau v1)
707,exp,free_market+rl_aux,7,49,415.7998461966543,856.3926247104132,0.48552478641120467,0,,0.0,,KHONG CO,KHONG CO,0.0,0.0,0.0,-46.83240037411451,7.950859863543527,14697.351435552006,,,0.006074105871282413,,682e252,48b505d4c412803fc0fc57102ab20b5eec33692319fbc0d5f4ec675f8fb0e159,audits/paper_extras/v4_runs/v1/bench7_seed707_exp.json,KHONG CO (che do lay mau v1)
707,exp,free_market+rl_aux,8,50,377.64738580337604,868.9435707832662,0.43460519014251353,1,,0.0,,KHONG CO,KHONG CO,0.0,0.0,0.0,-45.8766371011734,4.453681334853172,14669.957651049821,,,0.005922864066046596,,682e252,48b505d4c412803fc0fc57102ab20b5eec33692319fbc0d5f4ec675f8fb0e159,audits/paper_extras/v4_runs/v1/bench7_seed707_exp.json,KHONG CO (che do lay mau v1)
707,exp,free_market+rl_aux,9,51,322.59759870690726,817.2203586353945,0.3947498313008073,0,,0.0,,KHONG CO,KHONG CO,0.0,0.0,0.0,-47.5970109924674,16.71749303076433,14694.882991219156,,,0.0066246391228864535,,682e252,48b505d4c412803fc0fc57102ab20b5eec33692319fbc0d5f4ec675f8fb0e159,audits/paper_extras/v4_runs/v1/bench7_seed707_exp.json,KHONG CO (che do lay mau v1)
707,exp,us_federal+rl_aux,0,42,213.55495825025972,873.674826898621,0.24443299918384864,0,,0.8708333333333333,,KHONG CO,KHONG CO,8950.111813496766,304.54975741965706,8011.784753651714,-54.09620124846697,38.343633705710914,16169.482769952767,,,0.010951501850830464,,682e252,48b505d4c412803fc0fc57102ab20b5eec33692319fbc0d5f4ec675f8fb0e159,audits/paper_extras/v4_runs/v1/bench7_seed707_exp.json,KHONG CO (che do lay mau v1)
707,exp,us_federal+rl_aux,1,43,296.5684478136455,914.4772930201573,0.32430378542718874,0,,0.6916666666666667,,KHONG CO,KHONG CO,9001.332626386113,380.97664574859954,8128.450281224729,-45.8766371011734,0.5234473642701047,16117.184795589714,,,0.004741190632849348,,682e252,48b505d4c412803fc0fc57102ab20b5eec33692319fbc0d5f4ec675f8fb0e159,audits/paper_extras/v4_runs/v1/bench7_seed707_exp.json,KHONG CO (che do lay mau v1)
707,exp,us_federal+rl_aux,2,44,230.19644878007605,921.2801250664162,0.2498658578610723,0,,0.8166666666666667,,KHONG CO,KHONG CO,8438.564161278122,343.3207243343758,7608.821471606311,-46.06778975576162,9.968667419177773,16162.812052494883,,,0.007760741166953439,,682e252,48b505d4c412803fc0fc57102ab20b5eec33692319fbc0d5f4ec675f8fb0e159,audits/paper_extras/v4_runs/v1/bench7_seed707_exp.json,KHONG CO (che do lay mau v1)
707,exp,us_federal+rl_aux,3,45,288.03120248469065,920.8354496837409,0.31279334715405926,0,,0.8083333333333333,,KHONG CO,KHONG CO,9341.379097672945,330.64316468011015,8380.496062926584,-48.17046895623207,5.536875055424134,16159.850964032992,,,0.0087078823879887,,682e252,48b505d4c412803fc0fc57102ab20b5eec33692319fbc0d5f4ec675f8fb0e159,audits/paper_extras/v4_runs/v1/bench7_seed707_exp.json,KHONG CO (che do lay mau v1)
707,exp,us_federal+rl_aux,4,46,260.0927349579454,881.4859055563945,0.29506170582928914,0,,0.8791666666666667,,KHONG CO,KHONG CO,9921.680699079887,311.6414690671123,8873.170265257313,-45.8766371011734,26.031300352457755,16188.856329150554,,,0.00666764386582086,,682e252,48b505d4c412803fc0fc57102ab20b5eec33692319fbc0d5f4ec675f8fb0e159,audits/paper_extras/v4_runs/v1/bench7_seed707_exp.json,KHONG CO (che do lay mau v1)
707,exp,us_federal+rl_aux,5,47,321.05674018277114,880.693009287212,0.3645501176881353,0,,0.8125,,KHONG CO,KHONG CO,9098.660491845816,198.11324910181597,8060.640906863862,-47.97931630164385,18.155969828747658,15701.344617438346,,,0.007563086569935364,,682e252,48b505d4c412803fc0fc57102ab20b5eec33692319fbc0d5f4ec675f8fb0e159,audits/paper_extras/v4_runs/v1/bench7_seed707_exp.json,KHONG CO (che do lay mau v1)
707,exp,us_federal+rl_aux,6,48,240.90663367772808,856.438184935692,0.2812889919145971,0,,0.8541666666666666,,KHONG CO,KHONG CO,9298.326586164385,334.3380617490174,8333.307662959467,-49.89084284752607,35.05178358432409,16136.059129473944,,,0.010306084048400176,,682e252,48b505d4c412803fc0fc57102ab20b5eec33692319fbc0d5f4ec675f8fb0e159,audits/paper_extras/v4_runs/v1/bench7_seed707_exp.json,KHONG CO (che do lay mau v1)
707,exp,us_federal+rl_aux,7,49,339.33029720191485,902.2428002241454,0.3760964311575715,0,,0.7458333333333333,,KHONG CO,KHONG CO,9673.564923132712,269.04730169431235,8605.857773835916,-45.8766371011734,23.509999330548883,16081.925033305803,,,0.005857879039371285,,682e252,48b505d4c412803fc0fc57102ab20b5eec33692319fbc0d5f4ec675f8fb0e159,audits/paper_extras/v4_runs/v1/bench7_seed707_exp.json,KHONG CO (che do lay mau v1)
707,exp,us_federal+rl_aux,8,50,315.172686445197,904.1241260741177,0.34859448758848843,0,,0.8541666666666666,,KHONG CO,KHONG CO,9784.353349659415,526.1010233009682,8928.283190141261,-46.258942410349846,23.097079353592083,16122.462978462465,,,0.007416951245630906,,682e252,48b505d4c412803fc0fc57102ab20b5eec33692319fbc0d5f4ec675f8fb0e159,audits/paper_extras/v4_runs/v1/bench7_seed707_exp.json,KHONG CO (che do lay mau v1)
707,exp,us_federal+rl_aux,9,51,276.31861089039023,802.0063020603843,0.34453421398375217,0,,0.7916666666666666,,KHONG CO,KHONG CO,9299.020497513027,350.85036478534556,8368.646308174511,-47.97931630164385,29.604926285577598,15710.6871470313,,,0.008803642977735405,,682e252,48b505d4c412803fc0fc57102ab20b5eec33692319fbc0d5f4ec675f8fb0e159,audits/paper_extras/v4_runs/v1/bench7_seed707_exp.json,KHONG CO (che do lay mau v1)
707,exp,saez+rl_aux,0,42,199.43045332518722,763.3750677559731,0.2612483191407279,32,,0.9458333333333333,,KHONG CO,KHONG CO,38725.85194726173,7337.201150619228,39770.83609972989,-95.38517463952303,547.7024271839209,12772.88830647197,,,0.040408093028035205,,682e252,48b505d4c412803fc0fc57102ab20b5eec33692319fbc0d5f4ec675f8fb0e159,audits/paper_extras/v4_runs/v1/bench7_seed707_exp.json,KHONG CO (che do lay mau v1)
707,exp,saez+rl_aux,1,43,313.8587825292971,789.4741413049426,0.3975542276920073,34,,0.9416666666666667,,KHONG CO,KHONG CO,41259.540406393244,5381.7626184561295,40067.35206136351,-116.79427195340395,522.5655222591221,12291.785758779017,,,0.04159052764441906,,682e252,48b505d4c412803fc0fc57102ab20b5eec33692319fbc0d5f4ec675f8fb0e159,audits/paper_extras/v4_runs/v1/bench7_seed707_exp.json,KHONG CO (che do lay mau v1)
707,exp,saez+rl_aux,2,44,199.0003914743245,884.9216169793134,0.22487911658618287,44,,0.9375,,KHONG CO,KHONG CO,47068.8377035568,7400.761409111944,47025.48437147766,-103.6047387868166,558.9759922899185,17145.222690253748,,,0.04394928237966792,,682e252,48b505d4c412803fc0fc57102ab20b5eec33692319fbc0d5f4ec675f8fb0e159,audits/paper_extras/v4_runs/v1/bench7_seed707_exp.json,KHONG CO (che do lay mau v1)
707,exp,saez+rl_aux,3,45,177.08945690618148,811.772587419546,0.21815156073342112,36,,0.9458333333333333,,KHONG CO,KHONG CO,44558.81562453782,6322.611788781375,43967.75957617696,-103.22243347764015,525.6494497683319,16758.97875324875,,,0.04384807520207774,,682e252,48b505d4c412803fc0fc57102ab20b5eec33692319fbc0d5f4ec675f8fb0e159,audits/paper_extras/v4_runs/v1/bench7_seed707_exp.json,KHONG CO (che do lay mau v1)
707,exp,saez+rl_aux,4,46,139.49332067364307,692.5382413152142,0.20142327506525604,32,,0.95,,KHONG CO,KHONG CO,36350.665535038876,3169.14825396081,34260.106099851684,-104.56050205975771,727.8776792789669,10235.16026821205,,,0.04080799276428449,,682e252,48b505d4c412803fc0fc57102ab20b5eec33692319fbc0d5f4ec675f8fb0e159,audits/paper_extras/v4_runs/v1/bench7_seed707_exp.json,KHONG CO (che do lay mau v1)
707,exp,saez+rl_aux,5,47,169.37218788568475,761.3183459874662,0.22247222699723723,39,,0.9458333333333333,,KHONG CO,KHONG CO,39671.06333207581,5189.900364173583,38859.17914477979,-99.3993803858757,458.43960462385604,14200.100059908427,,,0.040992134341232576,,682e252,48b505d4c412803fc0fc57102ab20b5eec33692319fbc0d5f4ec675f8fb0e159,audits/paper_extras/v4_runs/v1/bench7_seed707_exp.json,KHONG CO (che do lay mau v1)
707,exp,saez+rl_aux,6,48,159.05348885652433,715.308744249818,0.22235641621204016,36,,0.9458333333333333,,KHONG CO,KHONG CO,37782.963311079766,4382.958154057471,36541.315014857355,-101.31090693175793,433.35247636899993,9866.062142824332,,,0.03882823301068532,,682e252,48b505d4c412803fc0fc57102ab20b5eec33692319fbc0d5f4ec675f8fb0e159,audits/paper_extras/v4_runs/v1/bench7_seed707_exp.json,KHONG CO (che do lay mau v1)
707,exp,saez+rl_aux,7,49,213.32720530226246,798.6015984345833,0.26712594329941974,30,,0.95,,KHONG CO,KHONG CO,40836.05741257491,5426.5735450797365,39981.8165033538,-96.14978525787592,447.011339044075,11304.174120358062,,,0.03560513422652038,,682e252,48b505d4c412803fc0fc57102ab20b5eec33692319fbc0d5f4ec675f8fb0e159,audits/paper_extras/v4_runs/v1/bench7_seed707_exp.json,KHONG CO (che do lay mau v1)
707,exp,saez+rl_aux,8,50,200.1902417841464,783.3448853996571,0.2555582419894281,38,,0.9416666666666667,,KHONG CO,KHONG CO,40967.979361980404,5291.502481419687,39986.5456230464,-95.76747994869947,482.83593381489845,12749.291725743315,,,0.03814868971389928,,682e252,48b505d4c412803fc0fc57102ab20b5eec33692319fbc0d5f4ec675f8fb0e159,audits/paper_extras/v4_runs/v1/bench7_seed707_exp.json,KHONG CO (che do lay mau v1)
707,exp,saez+rl_aux,9,51,233.1166447820793,638.2021955858829,0.3652708285781959,33,,0.9416666666666667,,KHONG CO,KHONG CO,37330.56369143258,4358.2903687613425,36084.844845961794,-103.41358613222837,559.4219088781911,8869.179212307594,,,0.03935037769941089,,682e252,48b505d4c412803fc0fc57102ab20b5eec33692319fbc0d5f4ec675f8fb0e159,audits/paper_extras/v4_runs/v1/bench7_seed707_exp.json,KHONG CO (che do lay mau v1)
808,det,rl_learned,0,42,353.66683684326637,862.1306232452971,0.41022419028797164,0,51,0.0,9.196605699202109e-10,KHONG CO,KHONG CO,1795.4755270491034,165.40472720024218,1714.7999567667337,201.55843511223793,0.0,14740.47083943007,304.05102294029825,0.0,0.0029086382058716876,3.0670428688706295,682e252,1dedb3aea6081413ec0ffc11035db17905f70e1e0de68a22288847aab831fbbd,audits/paper_extras/v4_runs/v1/bench7_seed808_det.json,audits/paper_extras/v4_runs/v2/bench2_seed808_det.json
808,det,rl_learned,1,43,405.677624411263,898.3126497802651,0.4515995900875883,0,52,0.0,0.0,KHONG CO,KHONG CO,1862.7414932083104,193.0543841435676,1783.0748468683405,201.10030987858767,0.0,14679.43500655888,392.18571404607053,0.0,0.002949487879074302,2.774731678780508,682e252,1dedb3aea6081413ec0ffc11035db17905f70e1e0de68a22288847aab831fbbd,audits/paper_extras/v4_runs/v1/bench7_seed808_det.json,audits/paper_extras/v4_runs/v2/bench2_seed808_det.json
808,det,rl_learned,2,44,387.91189878760395,1018.5968716366845,0.38082965851279904,0,79,0.0,0.0,KHONG CO,KHONG CO,1987.6372973439618,201.94596856206093,1861.598032081505,213.20645436644554,0.0,15064.309165631466,50.469613826602426,0.0,0.003923723717684347,2.885322158804907,682e252,1dedb3aea6081413ec0ffc11035db17905f70e1e0de68a22288847aab831fbbd,audits/paper_extras/v4_runs/v1/bench7_seed808_det.json,audits/paper_extras/v4_runs/v2/bench2_seed808_det.json
808,det,rl_learned,3,45,382.8363666304649,895.2884755899543,0.42761230270298434,0,49,0.0,0.0,KHONG CO,KHONG CO,1880.4312211448873,189.92861188432076,1837.538390616607,204.67202559113503,0.0,14624.464246728045,403.6851700934215,0.0,0.0028257174137924796,2.9557037056965023,682e252,1dedb3aea6081413ec0ffc11035db17905f70e1e0de68a22288847aab831fbbd,audits/paper_extras/v4_runs/v1/bench7_seed808_det.json,audits/paper_extras/v4_runs/v2/bench2_seed808_det.json
808,det,rl_learned,4,46,355.8170704393702,824.0167991667275,0.43180802964112375,0,45,0.0,0.0,KHONG CO,KHONG CO,1934.2959372456703,213.625479725009,1898.285672110996,206.5207905471325,0.0,15029.942083240272,13.172871072274756,0.0,0.0026547547606639577,3.3106021200003073,682e252,1dedb3aea6081413ec0ffc11035db17905f70e1e0de68a22288847aab831fbbd,audits/paper_extras/v4_runs/v1/bench7_seed808_det.json,audits/paper_extras/v4_runs/v2/bench2_seed808_det.json
808,det,rl_learned,5,47,412.3972524442727,867.3790095500834,0.47545219322080035,0,48,0.0,0.0,KHONG CO,KHONG CO,2011.4986737980296,250.4424382451916,1959.9214382090347,201.94241407513618,0.0,15089.134919942486,10.942339816567957,0.0,0.0027836298717049384,3.1258166407154864,682e252,1dedb3aea6081413ec0ffc11035db17905f70e1e0de68a22288847aab831fbbd,audits/paper_extras/v4_runs/v1/bench7_seed808_det.json,audits/paper_extras/v4_runs/v2/bench2_seed808_det.json
808,det,rl_learned,6,48,422.5507199640971,868.3292765565831,0.48662498360040307,0,56,0.0,1.0036416142611415e-12,KHONG CO,KHONG CO,2019.945947516894,192.63634030433224,1900.1010795289078,199.26072791218758,0.0,15049.345569907084,63.87491047304125,0.0,0.00310899577185523,3.337519881928094,682e252,1dedb3aea6081413ec0ffc11035db17905f70e1e0de68a22288847aab831fbbd,audits/paper_extras/v4_runs/v1/bench7_seed808_det.json,audits/paper_extras/v4_runs/v2/bench2_seed808_det.json
808,det,rl_learned,7,49,425.2859515009072,878.3112471513066,0.4842087049212558,0,53,0.0,1.4592758112996762e-09,KHONG CO,KHONG CO,1882.7064134029279,187.81784470538668,1819.7810686664002,195.88593095541003,0.0,14754.940362112626,299.9168963738814,0.0,0.002989940953507959,3.021802597973967,682e252,1dedb3aea6081413ec0ffc11035db17905f70e1e0de68a22288847aab831fbbd,audits/paper_extras/v4_runs/v1/bench7_seed808_det.json,audits/paper_extras/v4_runs/v2/bench2_seed808_det.json
808,det,rl_learned,8,50,378.28134525489094,836.4875582268008,0.4522259076474222,0,45,0.0,0.0,KHONG CO,KHONG CO,1834.974741977812,212.74515834452654,1823.7902648191982,200.86137467622757,0.0,14659.936784566844,363.1314762600673,0.0,0.0026547547606639577,3.0918747875450565,682e252,1dedb3aea6081413ec0ffc11035db17905f70e1e0de68a22288847aab831fbbd,audits/paper_extras/v4_runs/v1/bench7_seed808_det.json,audits/paper_extras/v4_runs/v2/bench2_seed808_det.json
808,det,rl_learned,9,51,398.6316131983544,829.9340880987091,0.48031719496132164,0,53,0.0,2.6423307986078726e-14,KHONG CO,KHONG CO,2003.085312481839,249.36923806680238,1909.9089474797922,201.235415071249,0.0,15029.691987619808,111.61820037779378,0.0,0.0029899409535079596,3.473880612138138,682e252,1dedb3aea6081413ec0ffc11035db17905f70e1e0de68a22288847aab831fbbd,audits/paper_extras/v4_runs/v1/bench7_seed808_det.json,audits/paper_extras/v4_runs/v2/bench2_seed808_det.json
808,det,free_market,0,42,349.38025209223974,855.7137694349183,0.4082910250736733,0,51,0.0,4.2245894960046826e-07,KHONG CO,KHONG CO,0.0,0.0,0.0,0.0,0.0,14741.457557479891,258.5424425201113,0.0,0.0029086382058716876,2.932379675855887,682e252,1dedb3aea6081413ec0ffc11035db17905f70e1e0de68a22288847aab831fbbd,audits/paper_extras/v4_runs/v1/bench7_seed808_det.json,audits/paper_extras/v4_runs/v2/bench2_seed808_det.json
808,det,free_market,1,43,395.0742655203004,880.9023043698057,0.4484881735017541,0,47,0.0,1.7566392784829077e-11,KHONG CO,KHONG CO,0.0,0.0,0.0,0.0,0.0,14749.4733100362,250.526689963801,0.0,0.0027411128649022167,2.6493593846402406,682e252,1dedb3aea6081413ec0ffc11035db17905f70e1e0de68a22288847aab831fbbd,audits/paper_extras/v4_runs/v1/bench7_seed808_det.json,audits/paper_extras/v4_runs/v2/bench2_seed808_det.json
808,det,free_market,2,44,367.7068509582553,973.1114925137493,0.37786713422569085,0,68,0.0,4.440892098500626e-16,KHONG CO,KHONG CO,0.0,0.0,0.0,0.0,0.0,14583.161863540561,416.8381364594397,0.0,0.0035538593931087443,2.7547044323885137,682e252,1dedb3aea6081413ec0ffc11035db17905f70e1e0de68a22288847aab831fbbd,audits/paper_extras/v4_runs/v1/bench7_seed808_det.json,audits/paper_extras/v4_runs/v2/bench2_seed808_det.json
808,det,free_market,3,45,377.4319970565322,873.3669605807693,0.43215740243430834,0,46,0.0,0.0,KHONG CO,KHONG CO,0.0,0.0,0.0,0.0,0.0,14618.43911862377,381.56088137623124,0.0,0.0026981575384417357,2.822415933827919,682e252,1dedb3aea6081413ec0ffc11035db17905f70e1e0de68a22288847aab831fbbd,audits/paper_extras/v4_runs/v1/bench7_seed808_det.json,audits/paper_extras/v4_runs/v2/bench2_seed808_det.json
808,det,free_market,4,46,348.42891182631695,801.3206999565358,0.4348183091304343,0,42,0.0,0.0,KHONG CO,KHONG CO,0.0,0.0,0.0,0.0,0.0,14542.49979826553,457.5002017344694,0.0,0.0025217660030228866,3.145974264634714,682e252,1dedb3aea6081413ec0ffc11035db17905f70e1e0de68a22288847aab831fbbd,audits/paper_extras/v4_runs/v1/bench7_seed808_det.json,audits/paper_extras/v4_runs/v2/bench2_seed808_det.json
808,det,free_market,5,47,423.8250983850461,868.9471422544295,0.4877455460472062,0,52,0.0,0.0,KHONG CO,KHONG CO,0.0,0.0,0.0,0.0,0.0,14588.60248778329,411.3975122167096,0.0,0.002949487879074302,2.9754224756891423,682e252,1dedb3aea6081413ec0ffc11035db17905f70e1e0de68a22288847aab831fbbd,audits/paper_extras/v4_runs/v1/bench7_seed808_det.json,audits/paper_extras/v4_runs/v2/bench2_seed808_det.json
808,det,free_market,6,48,403.2348477537075,850.1696073112333,0.4742992977942221,0,52,0.0,3.6415315207705135e-13,KHONG CO,KHONG CO,0.0,0.0,0.0,0.0,0.0,14600.931274650342,399.0687253496541,0.0,0.002949487879074302,3.133332242351886,682e252,1dedb3aea6081413ec0ffc11035db17905f70e1e0de68a22288847aab831fbbd,audits/paper_extras/v4_runs/v1/bench7_seed808_det.json,audits/paper_extras/v4_runs/v2/bench2_seed808_det.json
808,det,free_market,7,49,443.8369887054984,895.2773650171155,0.4957536134033874,0,59,0.0,6.550315845288424e-14,KHONG CO,KHONG CO,0.0,0.0,0.0,0.0,0.0,14742.566727452668,257.4332725473276,0.0,0.003224743128431848,2.910945190374996,682e252,1dedb3aea6081413ec0ffc11035db17905f70e1e0de68a22288847aab831fbbd,audits/paper_extras/v4_runs/v1/bench7_seed808_det.json,audits/paper_extras/v4_runs/v2/bench2_seed808_det.json
808,det,free_market,8,50,374.2322679621519,824.5410806077881,0.45386734119577976,0,42,0.0,0.0,KHONG CO,KHONG CO,0.0,0.0,0.0,0.0,0.0,14663.786444363623,336.21355563637627,0.0,0.0025217660030228866,2.9570388273183257,682e252,1dedb3aea6081413ec0ffc11035db17905f70e1e0de68a22288847aab831fbbd,audits/paper_extras/v4_runs/v1/bench7_seed808_det.json,audits/paper_extras/v4_runs/v2/bench2_seed808_det.json
808,det,free_market,9,51,396.9727251105044,818.7463892020345,0.48485432161404884,0,53,0.0,7.771561172376096e-15,KHONG CO,KHONG CO,0.0,0.0,0.0,0.0,0.0,14561.47689593228,438.5231040677144,0.0,0.0029899409535079596,3.292140897646152,682e252,1dedb3aea6081413ec0ffc11035db17905f70e1e0de68a22288847aab831fbbd,audits/paper_extras/v4_runs/v1/bench7_seed808_det.json,audits/paper_extras/v4_runs/v2/bench2_seed808_det.json
808,det,us_federal,0,42,291.2648548737479,844.1270253951152,0.3450486077464632,0,42,0.625,-0.28209104662726087,KHONG CO,KHONG CO,9322.930348333859,200.45897055101346,9511.44539363656,0.0,0.0,14721.291749553247,290.6521756950643,0.0,0.002521766003022887,3.138358785721796,682e252,1dedb3aea6081413ec0ffc11035db17905f70e1e0de68a22288847aab831fbbd,audits/paper_extras/v4_runs/v1/bench7_seed808_det.json,audits/paper_extras/v4_runs/v2/bench2_seed808_det.json
808,det,us_federal,1,43,325.38940066534343,903.9548175540893,0.3599620183957627,0,48,0.775,-0.6400005286566571,KHONG CO,KHONG CO,9066.083940064109,201.3804061743022,9254.34889218754,0.0,0.0,14739.865683927841,273.2497701230369,0.0,0.0027836298717049384,2.806944912288306,682e252,1dedb3aea6081413ec0ffc11035db17905f70e1e0de68a22288847aab831fbbd,audits/paper_extras/v4_runs/v1/bench7_seed808_det.json,audits/paper_extras/v4_runs/v2/bench2_seed808_det.json
808,det,us_federal,2,44,281.8857013168072,925.1798393290233,0.3046820621612786,0,67,0.8166666666666667,-0.6321513706821308,KHONG CO,KHONG CO,9474.510684622304,182.6051334339482,9640.105307001426,0.0,0.0,14707.825329478628,309.1851815762056,0.0,0.003518548658645468,2.9604134284817807,682e252,1dedb3aea6081413ec0ffc11035db17905f70e1e0de68a22288847aab831fbbd,audits/paper_extras/v4_runs/v1/bench7_seed808_det.json,audits/paper_extras/v4_runs/v2/bench2_seed808_det.json
808,det,us_federal,3,45,369.15296981993015,910.2626510483984,0.40554555258831815,0,52,0.8916666666666667,-0.6452151212578876,KHONG CO,KHONG CO,9961.549459530892,212.75097679245678,10160.807430598039,0.0,0.0,14626.310312988642,387.1826927366656,0.0,0.002949487879074302,3.065811107752469,682e252,1dedb3aea6081413ec0ffc11035db17905f70e1e0de68a22288847aab831fbbd,audits/paper_extras/v4_runs/v1/bench7_seed808_det.json,audits/paper_extras/v4_runs/v2/bench2_seed808_det.json
808,det,us_federal,4,46,302.6872112927378,835.0744435771572,0.3624673388352482,0,53,0.9291666666666667,-0.8607968149407055,KHONG CO,KHONG CO,10226.03129478657,225.50619250798695,10400.463432879505,0.0,0.0,15038.449481938636,12.624572476426534,0.0,0.0029899409535079587,3.4273504837911504,682e252,1dedb3aea6081413ec0ffc11035db17905f70e1e0de68a22288847aab831fbbd,audits/paper_extras/v4_runs/v1/bench7_seed808_det.json,audits/paper_extras/v4_runs/v2/bench2_seed808_det.json
808,det,us_federal,5,47,360.39402266788716,898.7401427570477,0.40099913815167243,0,57,0.8458333333333333,-0.8283341734336944,KHONG CO,KHONG CO,10085.413946167337,230.29612871212095,10301.876494506585,0.0,0.0,14613.41588329377,400.41769707908963,0.0,0.003147936581824078,3.162735952273979,682e252,1dedb3aea6081413ec0ffc11035db17905f70e1e0de68a22288847aab831fbbd,audits/paper_extras/v4_runs/v1/bench7_seed808_det.json,audits/paper_extras/v4_runs/v2/bench2_seed808_det.json
808,det,us_federal,6,48,312.29738400138314,821.8288969219464,0.3800029241744267,0,48,0.8416666666666667,-0.6769150066788139,KHONG CO,KHONG CO,10252.798160311137,199.68148770618046,10440.451372753581,0.0,0.0,14625.822993214399,386.2052820493417,0.0,0.0027836298717049384,3.462861439684739,682e252,1dedb3aea6081413ec0ffc11035db17905f70e1e0de68a22288847aab831fbbd,audits/paper_extras/v4_runs/v1/bench7_seed808_det.json,audits/paper_extras/v4_runs/v2/bench2_seed808_det.json
808,det,us_federal,7,49,310.64557430803364,864.8647769831063,0.35918398179152766,0,50,0.675,-0.6382129983770791,KHONG CO,KHONG CO,9257.928637105788,206.60370943662693,9451.882292318282,0.0,0.0,14771.931679611313,240.71837461281487,0.0,0.0028673840804591465,3.0285320623447753,682e252,1dedb3aea6081413ec0ffc11035db17905f70e1e0de68a22288847aab831fbbd,audits/paper_extras/v4_runs/v1/bench7_seed808_det.json,audits/paper_extras/v4_runs/v2/bench2_seed808_det.json
808,det,us_federal,8,50,315.6470783710822,839.012985368931,0.37621238750230523,1,46,0.7916666666666666,-0.6450658551671347,KHONG CO,KHONG CO,9552.148447379883,243.32194081183022,9783.465978614655,0.0,1.650000024586916,14670.637716920271,339.86295668011167,0.0,0.003047664117389104,3.1719982001374603,682e252,1dedb3aea6081413ec0ffc11035db17905f70e1e0de68a22288847aab831fbbd,audits/paper_extras/v4_runs/v1/bench7_seed808_det.json,audits/paper_extras/v4_runs/v2/bench2_seed808_det.json
808,det,us_federal,9,51,324.13181968449464,805.870434474583,0.4022133159604302,0,48,0.8125,-0.621798687558014,KHONG CO,KHONG CO,10313.769535394922,222.39411295979386,10524.090891980275,0.0,0.0,14595.069342197627,417.00341417680175,0.0,0.002783629871704938,3.5475618688398267,682e252,1dedb3aea6081413ec0ffc11035db17905f70e1e0de68a22288847aab831fbbd,audits/paper_extras/v4_runs/v1/bench7_seed808_det.json,audits/paper_extras/v4_runs/v2/bench2_seed808_det.json
808,det,saez,0,42,108.5259958139871,658.2904810401877,0.16486034499921887,38,20,0.9541666666666667,-14.440415813228029,KHONG CO,KHONG CO,45005.70785179184,1816.811881099441,46737.868703856926,0.0,3.6528312269765064,9869.383464999926,5184.720719254378,0.0,0.002508084431818299,3.623520964116852,682e252,1dedb3aea6081413ec0ffc11035db17905f70e1e0de68a22288847aab831fbbd,audits/paper_extras/v4_runs/v1/bench7_seed808_det.json,audits/paper_extras/v4_runs/v2/bench2_seed808_det.json
808,det,saez,1,43,127.1779666206475,745.0417825361222,0.1706991065490766,36,27,0.9583333333333334,-12.546165420145005,KHONG CO,KHONG CO,49610.507736618245,1764.9120605556132,51329.552888770566,0.0,10.13857080609515,13307.475563875174,1704.3583026382314,0.0,0.0035093216047479676,3.6561113499280657,682e252,1dedb3aea6081413ec0ffc11035db17905f70e1e0de68a22288847aab831fbbd,audits/paper_extras/v4_runs/v1/bench7_seed808_det.json,audits/paper_extras/v4_runs/v2/bench2_seed808_det.json
808,det,saez,2,44,165.73310025414833,807.8500172419521,0.20515330409965327,46,40,0.9541666666666667,-12.919878711256413,KHONG CO,KHONG CO,57181.391547351945,1819.0113146136775,58954.329213128374,0.0,2.2822335983581437,14815.578214718736,175.16883230823507,0.0,0.0033583690766855316,4.02784608228492,682e252,1dedb3aea6081413ec0ffc11035db17905f70e1e0de68a22288847aab831fbbd,audits/paper_extras/v4_runs/v1/bench7_seed808_det.json,audits/paper_extras/v4_runs/v2/bench2_seed808_det.json
808,det,saez,3,45,137.6112744032951,792.5918621616561,0.17362186135495306,43,33,0.95,-15.20214199843003,KHONG CO,KHONG CO,55053.8665362671,1845.8560154940621,56848.362475261536,0.0,6.4194945293905725,14707.119109750905,299.3609905496468,0.0,0.00353867200902767,3.9738749846236288,682e252,1dedb3aea6081413ec0ffc11035db17905f70e1e0de68a22288847aab831fbbd,audits/paper_extras/v4_runs/v1/bench7_seed808_det.json,audits/paper_extras/v4_runs/v2/bench2_seed808_det.json
808,det,saez,4,46,116.30880612689978,677.498800083462,0.17167381862900943,38,28,0.9583333333333334,-14.275789253926245,KHONG CO,KHONG CO,53136.66478159711,2028.646173608666,55100.548834662404,0.0,6.643087514329783,13748.501934899403,1270.1749432804468,0.0,0.0037024131666646837,4.352640431497604,682e252,1dedb3aea6081413ec0ffc11035db17905f70e1e0de68a22288847aab831fbbd,audits/paper_extras/v4_runs/v1/bench7_seed808_det.json,audits/paper_extras/v4_runs/v2/bench2_seed808_det.json
808,det,saez,5,47,120.05275319262964,732.7048856102481,0.16384871392339806,43,31,0.9583333333333334,-14.05941253114017,KHONG CO,KHONG CO,54439.41814866511,2114.0960509541237,56507.390914938376,0.0,0.8317716585639636,14765.24616878056,233.57637069566823,0.0,0.0027053425342859565,4.1590846519569284,682e252,1dedb3aea6081413ec0ffc11035db17905f70e1e0de68a22288847aab831fbbd,audits/paper_extras/v4_runs/v1/bench7_seed808_det.json,audits/paper_extras/v4_runs/v2/bench2_seed808_det.json
808,det,saez,6,48,99.86318666428758,618.2723884795773,0.16151972581189633,39,20,0.9541666666666667,-13.569884803100202,KHONG CO,KHONG CO,45665.69315361926,1921.8189172586306,47558.46339149987,0.0,2.5446265653523206,8841.07261235112,6151.793724826559,0.0,0.002695306251480571,3.773185966475918,682e252,1dedb3aea6081413ec0ffc11035db17905f70e1e0de68a22288847aab831fbbd,audits/paper_extras/v4_runs/v1/bench7_seed808_det.json,audits/paper_extras/v4_runs/v2/bench2_seed808_det.json
808,det,saez,7,49,109.22770884866868,655.9547453766506,0.16651714103531623,38,19,0.9458333333333333,-12.54322699371335,KHONG CO,KHONG CO,43853.61840688522,1730.9880616642236,45540.92556703041,0.0,0.0,9434.012509425758,5571.132223066517,0.0,0.0018218242719540338,3.611972106559137,682e252,1dedb3aea6081413ec0ffc11035db17905f70e1e0de68a22288847aab831fbbd,audits/paper_extras/v4_runs/v1/bench7_seed808_det.json,audits/paper_extras/v4_runs/v2/bench2_seed808_det.json
808,det,saez,8,50,99.21509402648917,668.7405216174469,0.14836112186909645,38,20,0.9583333333333334,-13.34270208681566,KHONG CO,KHONG CO,45357.2273207961,1967.7693031039798,47288.01219969205,0.0,4.339756110356418,9863.351230975473,5134.179756994953,0.0,0.0022255556423021864,3.7030748894262207,682e252,1dedb3aea6081413ec0ffc11035db17905f70e1e0de68a22288847aab831fbbd,audits/paper_extras/v4_runs/v1/bench7_seed808_det.json,audits/paper_extras/v4_runs/v2/bench2_seed808_det.json
808,det,saez,9,51,95.19464397830069,573.7886602536249,0.1659054118222255,48,27,0.9583333333333334,-14.185610433365623,KHONG CO,KHONG CO,45807.277214898015,1883.5904517108033,47635.97229191823,0.0,5.108387772435467,9396.962328183368,5599.628156140427,0.0,0.004390555425595529,4.047290923283886,682e252,1dedb3aea6081413ec0ffc11035db17905f70e1e0de68a22288847aab831fbbd,audits/paper_extras/v4_runs/v1/bench7_seed808_det.json,audits/paper_extras/v4_runs/v2/bench2_seed808_det.json
808,det,free_market+rl_aux,0,42,349.4387233348832,857.582148042172,0.4074696798815586,0,51,0.0,2.1831658481019645e-08,KHONG CO,KHONG CO,0.0,0.0,0.0,202.62469053268433,0.0,14741.267437676253,56.107871791057676,0.0,0.0029086382058716876,2.942981339613624,682e252,1dedb3aea6081413ec0ffc11035db17905f70e1e0de68a22288847aab831fbbd,audits/paper_extras/v4_runs/v1/bench7_seed808_det.json,audits/paper_extras/v4_runs/v2/bench2_seed808_det.json
808,det,free_market+rl_aux,1,43,396.45655349434963,881.3365363313718,0.44983560439310644,0,47,0.0,1.782995973087509e-11,KHONG CO,KHONG CO,0.0,0.0,0.0,202.62469053268444,0.0,14749.942696468208,47.43261299909908,0.0,0.0027411128649022167,2.6580859006661592,682e252,1dedb3aea6081413ec0ffc11035db17905f70e1e0de68a22288847aab831fbbd,audits/paper_extras/v4_runs/v1/bench7_seed808_det.json,audits/paper_extras/v4_runs/v2/bench2_seed808_det.json
808,det,free_market+rl_aux,2,44,368.80503653365594,975.8526070838833,0.37793108698632993,0,68,0.0,4.440892098500626e-16,KHONG CO,KHONG CO,0.0,0.0,0.0,202.62469053268433,0.0,14582.542702691915,214.83260677540272,0.0,0.0035538593931087443,2.7608818136548954,682e252,1dedb3aea6081413ec0ffc11035db17905f70e1e0de68a22288847aab831fbbd,audits/paper_extras/v4_runs/v1/bench7_seed808_det.json,audits/paper_extras/v4_runs/v2/bench2_seed808_det.json
808,det,free_market+rl_aux,3,45,378.58763928077275,875.743767549783,0.4323041205762864,0,46,0.0,0.0,KHONG CO,KHONG CO,0.0,0.0,0.0,202.62469053268433,0.0,14618.220696928165,179.15461253914594,0.0,0.0026981575384417357,2.8303103256225133,682e252,1dedb3aea6081413ec0ffc11035db17905f70e1e0de68a22288847aab831fbbd,audits/paper_extras/v4_runs/v1/bench7_seed808_det.json,audits/paper_extras/v4_runs/v2/bench2_seed808_det.json
808,det,free_market+rl_aux,4,46,349.7975656145888,803.6787631142882,0.43524550065141554,0,42,0.0,0.0,KHONG CO,KHONG CO,0.0,0.0,0.0,202.62469053268435,0.0,14542.20104735681,255.17426211050713,0.0,0.0025217660030228866,3.1548360179738184,682e252,1dedb3aea6081413ec0ffc11035db17905f70e1e0de68a22288847aab831fbbd,audits/paper_extras/v4_runs/v1/bench7_seed808_det.json,audits/paper_extras/v4_runs/v2/bench2_seed808_det.json
808,det,free_market+rl_aux,5,47,433.89134429226783,897.7085388399921,0.4833320900043313,0,63,0.0,0.0,KHONG CO,KHONG CO,0.0,0.0,0.0,202.62469053268427,0.0,14588.418121694174,208.9571877731433,0.0,0.0033742349911427363,2.982909718175311,682e252,1dedb3aea6081413ec0ffc11035db17905f70e1e0de68a22288847aab831fbbd,audits/paper_extras/v4_runs/v1/bench7_seed808_det.json,audits/paper_extras/v4_runs/v2/bench2_seed808_det.json
808,det,free_market+rl_aux,6,48,420.71712434484084,875.6180034361158,0.48048021248290373,0,62,0.0,4.056088798165547e-12,KHONG CO,KHONG CO,0.0,0.0,0.0,202.62469053268433,0.0,14582.606227163278,214.769082304035,0.0,0.003337361834800554,3.1389859209926434,682e252,1dedb3aea6081413ec0ffc11035db17905f70e1e0de68a22288847aab831fbbd,audits/paper_extras/v4_runs/v1/bench7_seed808_det.json,audits/paper_extras/v4_runs/v2/bench2_seed808_det.json
808,det,free_market+rl_aux,7,49,445.20992196065237,897.6885734739803,0.4959514191405232,0,59,0.0,6.994405055138486e-14,KHONG CO,KHONG CO,0.0,0.0,0.0,202.62469053268433,0.0,14742.254367327672,55.12094213964497,0.0,0.003224743128431848,2.918724505174266,682e252,1dedb3aea6081413ec0ffc11035db17905f70e1e0de68a22288847aab831fbbd,audits/paper_extras/v4_runs/v1/bench7_seed808_det.json,audits/paper_extras/v4_runs/v2/bench2_seed808_det.json
808,det,free_market+rl_aux,8,50,375.4960778350047,826.7944692002437,0.45415891351839976,0,42,0.0,0.0,KHONG CO,KHONG CO,0.0,0.0,0.0,202.62469053268433,0.0,14663.519483147615,133.85582631970072,0.0,0.0025217660030228866,2.9655838911106778,682e252,1dedb3aea6081413ec0ffc11035db17905f70e1e0de68a22288847aab831fbbd,audits/paper_extras/v4_runs/v1/bench7_seed808_det.json,audits/paper_extras/v4_runs/v2/bench2_seed808_det.json
808,det,free_market+rl_aux,9,51,398.6418379914074,821.322538014651,0.4853657601495118,0,53,0.0,7.993605777301127e-15,KHONG CO,KHONG CO,0.0,0.0,0.0,202.62469053268433,0.0,14560.93093943325,236.44437003406608,0.0,0.0029899409535079596,3.300526152408553,682e252,1dedb3aea6081413ec0ffc11035db17905f70e1e0de68a22288847aab831fbbd,audits/paper_extras/v4_runs/v1/bench7_seed808_det.json,audits/paper_extras/v4_runs/v2/bench2_seed808_det.json
808,det,us_federal+rl_aux,0,42,249.70389260514187,871.629670122429,0.2864793399817017,0,51,0.625,-0.2674932185692083,KHONG CO,KHONG CO,9271.575438957487,188.1053930406488,7222.156163902483,202.62469053268435,0.0,16698.946706032424,335.9532715305461,0.0,0.0029086382058716876,3.07436661580102,682e252,1dedb3aea6081413ec0ffc11035db17905f70e1e0de68a22288847aab831fbbd,audits/paper_extras/v4_runs/v1/bench7_seed808_det.json,audits/paper_extras/v4_runs/v2/bench2_seed808_det.json
808,det,us_federal+rl_aux,1,43,286.3174988564219,920.0024569394758,0.31121384154657517,0,51,0.7791666666666667,-0.6356074736075716,KHONG CO,KHONG CO,8931.77640131779,194.4321908817388,6958.336960425497,202.62469053268433,0.0,16715.19246915899,250.05447208235475,0.0,0.0029086382058716876,2.7461735270873144,682e252,1dedb3aea6081413ec0ffc11035db17905f70e1e0de68a22288847aab831fbbd,audits/paper_extras/v4_runs/v1/bench7_seed808_det.json,audits/paper_extras/v4_runs/v2/bench2_seed808_det.json
808,det,us_federal+rl_aux,2,44,268.94105340643347,964.3675877568278,0.2788781547832867,0,58,0.8625,-0.6392085505895441,KHONG CO,KHONG CO,9295.434829679825,191.46403549320064,7240.174616673371,202.62469053268433,0.0,16638.209761109272,405.88979685770147,0.0,0.0031865168287376574,2.8285511772678946,682e252,1dedb3aea6081413ec0ffc11035db17905f70e1e0de68a22288847aab831fbbd,audits/paper_extras/v4_runs/v1/bench7_seed808_det.json,audits/paper_extras/v4_runs/v2/bench2_seed808_det.json
808,det,us_federal+rl_aux,3,45,338.9324361321155,896.4898358655774,0.37806612252872895,0,53,0.8833333333333333,-0.640180687040781,KHONG CO,KHONG CO,9816.683581287321,203.57082243604154,7637.918256602248,202.62469053268427,0.0,16630.301128524756,549.4103280636955,0.0,0.002989940953507959,3.0442018676722453,682e252,1dedb3aea6081413ec0ffc11035db17905f70e1e0de68a22288847aab831fbbd,audits/paper_extras/v4_runs/v1/bench7_seed808_det.json,audits/paper_extras/v4_runs/v2/bench2_seed808_det.json
808,det,us_federal+rl_aux,4,46,244.12991809941477,842.5276069173038,0.28975895400348195,0,54,0.9208333333333333,-0.844623307401419,KHONG CO,KHONG CO,10294.271707548249,219.46002588136412,8028.124480088261,202.62469053268433,0.0,17013.050810617755,269.9317521909011,0.0,0.0030300050560720616,3.4126849088442555,682e252,1dedb3aea6081413ec0ffc11035db17905f70e1e0de68a22288847aab831fbbd,audits/paper_extras/v4_runs/v1/bench7_seed808_det.json,audits/paper_extras/v4_runs/v2/bench2_seed808_det.json
808,det,us_federal+rl_aux,5,47,338.7087936502561,875.7752965800823,0.38675308035396727,0,50,0.8375,-0.8306219333088635,KHONG CO,KHONG CO,9873.58846244391,217.61434921265166,7704.879446042518,202.62469053268433,0.0,16581.986189235184,601.7124858461702,0.0,0.002867384080459147,3.1158654568253032,682e252,1dedb3aea6081413ec0ffc11035db17905f70e1e0de68a22288847aab831fbbd,audits/paper_extras/v4_runs/v1/bench7_seed808_det.json,audits/paper_extras/v4_runs/v2/bench2_seed808_det.json
808,det,us_federal+rl_aux,6,48,247.17797340068856,857.9539314384724,0.28810168511759393,0,56,0.8375,-0.6405124564316227,KHONG CO,KHONG CO,10215.091089681373,194.66424482945044,7939.087173521475,202.62469053268433,0.0,17103.070834796396,164.97263566027348,0.0,0.00310899577185523,3.3929106673771927,682e252,1dedb3aea6081413ec0ffc11035db17905f70e1e0de68a22288847aab831fbbd,audits/paper_extras/v4_runs/v1/bench7_seed808_det.json,audits/paper_extras/v4_runs/v2/bench2_seed808_det.json
808,det,us_federal+rl_aux,7,49,287.6932105384002,885.0545759452326,0.3250570285240836,0,52,0.7083333333333334,-0.635621902516834,KHONG CO,KHONG CO,9247.210447678235,192.4272632899467,7186.29839812531,202.6246905326843,0.0,16769.753226303135,280.9613960070527,0.0,0.002949487879074302,2.9873427817793634,682e252,1dedb3aea6081413ec0ffc11035db17905f70e1e0de68a22288847aab831fbbd,audits/paper_extras/v4_runs/v1/bench7_seed808_det.json,audits/paper_extras/v4_runs/v2/bench2_seed808_det.json
808,det,us_federal+rl_aux,8,50,294.1587480170392,860.9382879554767,0.3416722802694676,0,48,0.85,-0.6444557084398488,KHONG CO,KHONG CO,9515.731734679877,222.17303327053705,7435.188392177396,202.6246905326843,0.0,16650.63956646431,449.45211877605453,0.0,0.002783629871704938,3.119998517201113,682e252,1dedb3aea6081413ec0ffc11035db17905f70e1e0de68a22288847aab831fbbd,audits/paper_extras/v4_runs/v1/bench7_seed808_det.json,audits/paper_extras/v4_runs/v2/bench2_seed808_det.json
808,det,us_federal+rl_aux,9,51,254.27018046090728,832.6752764455014,0.3053653538824018,0,53,0.8083333333333333,-0.5857304398258245,KHONG CO,KHONG CO,10305.675693859046,203.12628084877127,8017.496699488758,202.62469053268433,0.0,17094.62025618989,194.06032849648514,0.0,0.0029899409535079596,3.4912565722271327,682e252,1dedb3aea6081413ec0ffc11035db17905f70e1e0de68a22288847aab831fbbd,audits/paper_extras/v4_runs/v1/bench7_seed808_det.json,audits/paper_extras/v4_runs/v2/bench2_seed808_det.json
808,det,saez+rl_aux,0,42,125.84623419196235,687.6316725583454,0.18301401639012538,43,28,0.95,-11.264595341361959,KHONG CO,KHONG CO,39370.301911943876,1174.9603108329118,30959.40875178293,202.62469053268433,1.7726961561704333,13823.49275122478,10518.686690269567,0.0,0.0026468807860791253,3.106898422583007,682e252,1dedb3aea6081413ec0ffc11035db17905f70e1e0de68a22288847aab831fbbd,audits/paper_extras/v4_runs/v1/bench7_seed808_det.json,audits/paper_extras/v4_runs/v2/bench2_seed808_det.json
808,det,saez+rl_aux,1,43,126.18498230475936,793.259998043378,0.15907140485591353,40,37,0.9583333333333334,-9.400853463485,KHONG CO,KHONG CO,40986.799477028755,1050.6449171654203,32063.958719195754,202.62469053268433,0.0,18270.935924353034,6463.448667304656,0.0,0.002862974830037092,2.8838032396916637,682e252,1dedb3aea6081413ec0ffc11035db17905f70e1e0de68a22288847aab831fbbd,audits/paper_extras/v4_runs/v1/bench7_seed808_det.json,audits/paper_extras/v4_runs/v2/bench2_seed808_det.json
808,det,saez+rl_aux,2,44,188.56856227369826,925.8482113331079,0.20367114173303058,52,57,0.95,-10.118857073731895,KHONG CO,KHONG CO,50877.18293367891,1194.7495242830507,39693.35279930503,202.62469053268433,0.0,26750.26182496395,369.46078422796023,0.0,0.004470642138883083,3.3271996953326766,682e252,1dedb3aea6081413ec0ffc11035db17905f70e1e0de68a22288847aab831fbbd,audits/paper_extras/v4_runs/v1/bench7_seed808_det.json,audits/paper_extras/v4_runs/v2/bench2_seed808_det.json
808,det,saez+rl_aux,3,45,126.80047031486319,789.1391592107962,0.1606820151235101,37,37,0.95,-10.40930992855389,KHONG CO,KHONG CO,46313.583954460766,1207.5959572138402,36272.684902169865,202.62469053268433,1.929697293518543,18217.121850359254,7789.790905176509,0.0,0.0029981330289396185,3.2921401646894473,682e252,1dedb3aea6081413ec0ffc11035db17905f70e1e0de68a22288847aab831fbbd,audits/paper_extras/v4_runs/v1/bench7_seed808_det.json,audits/paper_extras/v4_runs/v2/bench2_seed808_det.json
808,det,saez+rl_aux,4,46,104.55828544174321,644.9719974249691,0.1621129070086592,42,30,0.9541666666666667,-12.603204413531373,KHONG CO,KHONG CO,40664.36636301811,1201.826827762931,31973.8981445586,202.62469053268433,0.0,14732.272046929504,9913.092615565198,0.0,0.0027111616516804437,3.3472058092853496,682e252,1dedb3aea6081413ec0ffc11035db17905f70e1e0de68a22288847aab831fbbd,audits/paper_extras/v4_runs/v1/bench7_seed808_det.json,audits/paper_extras/v4_runs/v2/bench2_seed808_det.json
808,det,saez+rl_aux,5,47,118.44547111029142,742.3770403938145,0.15954894166373834,42,37,0.9541666666666667,-10.561050190305401,KHONG CO,KHONG CO,43205.02029834849,1356.4345870697514,33989.5063044442,202.62469053268433,2.2032899451893733,18204.88593674757,7126.097797682201,0.0,0.0032082402371518865,3.2190064228064634,682e252,1dedb3aea6081413ec0ffc11035db17905f70e1e0de68a22288847aab831fbbd,audits/paper_extras/v4_runs/v1/bench7_seed808_det.json,audits/paper_extras/v4_runs/v2/bench2_seed808_det.json
808,det,saez+rl_aux,6,48,110.00007688095903,679.824057384824,0.16180668466501757,47,35,0.95,-11.056250452008403,KHONG CO,KHONG CO,42590.506378018596,1336.6144893598005,33522.71538746031,202.62469053268433,0.0,17275.184980870486,7881.108478772231,0.0,0.002938571838379364,3.4326201159759933,682e252,1dedb3aea6081413ec0ffc11035db17905f70e1e0de68a22288847aab831fbbd,audits/paper_extras/v4_runs/v1/bench7_seed808_det.json,audits/paper_extras/v4_runs/v2/bench2_seed808_det.json
808,det,saez+rl_aux,7,49,121.82031444262897,748.2333752657267,0.16281058620161903,30,32,0.9458333333333333,-9.416629249140833,KHONG CO,KHONG CO,42606.626229207024,1164.5992016342468,33409.708422262054,202.62469053268433,0.0,15907.455202559675,9215.089609871038,0.0,0.002520346495728877,3.1883239595374167,682e252,1dedb3aea6081413ec0ffc11035db17905f70e1e0de68a22288847aab831fbbd,audits/paper_extras/v4_runs/v1/bench7_seed808_det.json,audits/paper_extras/v4_runs/v2/bench2_seed808_det.json
808,det,saez+rl_aux,8,50,106.59495117962341,673.7163072919698,0.15821934251240877,49,30,0.9541666666666667,-9.627632446573374,KHONG CO,KHONG CO,40059.939010536546,1387.0204213012237,31648.526369546526,202.62469053268433,1.5653043290787267,14840.453773917232,9704.846362065005,0.0,0.002713879136277144,3.2114395304344057,682e252,1dedb3aea6081413ec0ffc11035db17905f70e1e0de68a22288847aab831fbbd,audits/paper_extras/v4_runs/v1/bench7_seed808_det.json,audits/paper_extras/v4_runs/v2/bench2_seed808_det.json
808,det,saez+rl_aux,9,51,97.71356619765618,597.1469166349253,0.16363404628846945,43,29,0.9541666666666667,-12.49599927765222,KHONG CO,KHONG CO,36923.052745733024,1103.376918292077,28985.365303282644,202.62469053268433,12.459911776371067,13824.100875897271,9961.940682857152,0.0,0.004255125215046294,3.247349514158084,682e252,1dedb3aea6081413ec0ffc11035db17905f70e1e0de68a22288847aab831fbbd,audits/paper_extras/v4_runs/v1/bench7_seed808_det.json,audits/paper_extras/v4_runs/v2/bench2_seed808_det.json
808,exp,rl_learned,0,42,347.85730176574134,845.1799381173422,0.41157780263999344,0,,0.016666666666666666,,KHONG CO,KHONG CO,3206.4608370621904,275.9050058850507,3127.9319349147663,141.58964350819582,5.1615641640040915,15210.809620746024,,,0.005192856201440086,,682e252,1dedb3aea6081413ec0ffc11035db17905f70e1e0de68a22288847aab831fbbd,audits/paper_extras/v4_runs/v1/bench7_seed808_exp.json,KHONG CO (che do lay mau v1)
808,exp,rl_learned,1,43,378.9180222984169,909.3477029016673,0.41669212017506063,0,,0.03333333333333333,,KHONG CO,KHONG CO,3338.065494807721,321.932825847569,3412.8887991749953,165.03896261751652,10.60612711298485,14724.661216090837,,,0.0042028529864305735,,682e252,1dedb3aea6081413ec0ffc11035db17905f70e1e0de68a22288847aab831fbbd,audits/paper_extras/v4_runs/v1/bench7_seed808_exp.json,KHONG CO (che do lay mau v1)
808,exp,rl_learned,2,44,352.15085918100107,1005.5862543580525,0.35019458316463126,0,,0.0375,,KHONG CO,KHONG CO,2893.470737063955,324.1263959025935,2919.5933838127344,173.56089583039284,2.4193718135356903,15126.33394117712,,,0.004472655971676362,,682e252,1dedb3aea6081413ec0ffc11035db17905f70e1e0de68a22288847aab831fbbd,audits/paper_extras/v4_runs/v1/bench7_seed808_exp.json,KHONG CO (che do lay mau v1)
808,exp,rl_learned,3,45,436.9031435821469,907.3527066376718,0.4815141238748881,0,,0.029166666666666667,,KHONG CO,KHONG CO,3130.984775870008,183.48544227196982,3015.3607826949815,164.36925874650478,2.726150333881378,15111.418661174666,,,0.004250878778316268,,682e252,1dedb3aea6081413ec0ffc11035db17905f70e1e0de68a22288847aab831fbbd,audits/paper_extras/v4_runs/v1/bench7_seed808_exp.json,KHONG CO (che do lay mau v1)
808,exp,rl_learned,4,46,365.1574368407493,853.7000385445407,0.42773505956881563,0,,0.0125,,KHONG CO,KHONG CO,2775.0797402237436,287.32920198824394,2791.8452776802233,165.1530116647482,7.948886229040619,15112.35317242659,,,0.004366690756990883,,682e252,1dedb3aea6081413ec0ffc11035db17905f70e1e0de68a22288847aab831fbbd,audits/paper_extras/v4_runs/v1/bench7_seed808_exp.json,KHONG CO (che do lay mau v1)
808,exp,rl_learned,5,47,395.8224043679541,877.9403524504213,0.45085341306294135,0,,0.05416666666666667,,KHONG CO,KHONG CO,2833.692802889495,268.35630135158135,2824.321236131628,176.65264239907265,21.681692158500894,14692.317796856996,,,0.005750101081523793,,682e252,1dedb3aea6081413ec0ffc11035db17905f70e1e0de68a22288847aab831fbbd,audits/paper_extras/v4_runs/v1/bench7_seed808_exp.json,KHONG CO (che do lay mau v1)
808,exp,rl_learned,6,48,353.6296873111357,835.1033782107446,0.4234561810404922,0,,0.008333333333333333,,KHONG CO,KHONG CO,2467.9867177329324,156.72747873253323,2350.083628142645,168.03854544460773,0.0,15089.632089364528,,,0.0033108630892773228,,682e252,1dedb3aea6081413ec0ffc11035db17905f70e1e0de68a22288847aab831fbbd,audits/paper_extras/v4_runs/v1/bench7_seed808_exp.json,KHONG CO (che do lay mau v1)
808,exp,rl_learned,7,49,397.66872262657245,863.8122121688995,0.4603647841792923,0,,0.0,,KHONG CO,KHONG CO,2753.7436617865596,228.81093765776717,2724.1363438351773,144.39731705188754,0.0,14779.512674685899,,,0.0025217660030228866,,682e252,1dedb3aea6081413ec0ffc11035db17905f70e1e0de68a22288847aab831fbbd,audits/paper_extras/v4_runs/v1/bench7_seed808_exp.json,KHONG CO (che do lay mau v1)
808,exp,rl_learned,8,50,397.7292208577877,848.0129953026318,0.4690131201537182,0,,0.041666666666666664,,KHONG CO,KHONG CO,2478.8762756766378,222.6684989991551,2473.0900223765307,151.61152486503124,0.0,14672.924227824375,,,0.0027836298717049384,,682e252,1dedb3aea6081413ec0ffc11035db17905f70e1e0de68a22288847aab831fbbd,audits/paper_extras/v4_runs/v1/bench7_seed808_exp.json,KHONG CO (che do lay mau v1)
808,exp,rl_learned,9,51,361.71585436794396,810.5604077956569,0.4462540371934042,0,,0.0,,KHONG CO,KHONG CO,3087.9452481842022,328.82097818468094,3142.3595390726796,161.05250385403633,0.0,15107.347390668527,,,0.00282571741379248,,682e252,1dedb3aea6081413ec0ffc11035db17905f70e1e0de68a22288847aab831fbbd,audits/paper_extras/v4_runs/v1/bench7_seed808_exp.json,KHONG CO (che do lay mau v1)
808,exp,free_market,0,42,406.2858445431211,846.2987363666293,0.4800737931943596,0,,0.0,,KHONG CO,KHONG CO,0.0,0.0,0.0,0.0,0.0,14692.775199656468,,,0.005916423434559892,,682e252,1dedb3aea6081413ec0ffc11035db17905f70e1e0de68a22288847aab831fbbd,audits/paper_extras/v4_runs/v1/bench7_seed808_exp.json,KHONG CO (che do lay mau v1)
808,exp,free_market,1,43,377.8558282503016,885.8129816945336,0.4265638865751039,0,,0.0,,KHONG CO,KHONG CO,0.0,0.0,0.0,0.0,0.0,14683.233486633646,,,0.003940013679719282,,682e252,1dedb3aea6081413ec0ffc11035db17905f70e1e0de68a22288847aab831fbbd,audits/paper_extras/v4_runs/v1/bench7_seed808_exp.json,KHONG CO (che do lay mau v1)
808,exp,free_market,2,44,375.69627942719865,986.4910460898024,0.3808410435313756,0,,0.0,,KHONG CO,KHONG CO,0.0,0.0,0.0,0.0,0.0,14621.12915175642,,,0.005293533260180933,,682e252,1dedb3aea6081413ec0ffc11035db17905f70e1e0de68a22288847aab831fbbd,audits/paper_extras/v4_runs/v1/bench7_seed808_exp.json,KHONG CO (che do lay mau v1)
808,exp,free_market,3,45,399.22999924769886,850.7456923480951,0.469270667884085,0,,0.0,,KHONG CO,KHONG CO,0.0,0.0,0.0,0.0,0.0,14600.05681348107,,,0.003613590416865722,,682e252,1dedb3aea6081413ec0ffc11035db17905f70e1e0de68a22288847aab831fbbd,audits/paper_extras/v4_runs/v1/bench7_seed808_exp.json,KHONG CO (che do lay mau v1)
808,exp,free_market,4,46,360.8594389639281,810.9767365686283,0.4449689154966169,0,,0.0,,KHONG CO,KHONG CO,0.0,0.0,0.0,0.0,0.0,14533.9152219697,,,0.005299186061073168,,682e252,1dedb3aea6081413ec0ffc11035db17905f70e1e0de68a22288847aab831fbbd,audits/paper_extras/v4_runs/v1/bench7_seed808_exp.json,KHONG CO (che do lay mau v1)
808,exp,free_market,5,47,411.14957289685776,869.410569571687,0.47290611281550166,0,,0.0,,KHONG CO,KHONG CO,0.0,0.0,0.0,0.0,0.0,14623.665942004374,,,0.00370071741379248,,682e252,1dedb3aea6081413ec0ffc11035db17905f70e1e0de68a22288847aab831fbbd,audits/paper_extras/v4_runs/v1/bench7_seed808_exp.json,KHONG CO (che do lay mau v1)
808,exp,free_market,6,48,379.1198255009384,839.2689712207036,0.4517262504647521,0,,0.0,,KHONG CO,KHONG CO,0.0,0.0,0.0,0.0,0.0,14627.527228885127,,,0.0034903213741885194,,682e252,1dedb3aea6081413ec0ffc11035db17905f70e1e0de68a22288847aab831fbbd,audits/paper_extras/v4_runs/v1/bench7_seed808_exp.json,KHONG CO (che do lay mau v1)
808,exp,free_market,7,49,393.7690747435368,858.9874539997359,0.45841074035483864,0,,0.0,,KHONG CO,KHONG CO,0.0,0.0,0.0,0.0,0.0,14822.8009758562,,,0.004089683558132312,,682e252,1dedb3aea6081413ec0ffc11035db17905f70e1e0de68a22288847aab831fbbd,audits/paper_extras/v4_runs/v1/bench7_seed808_exp.json,KHONG CO (che do lay mau v1)
808,exp,free_market,8,50,361.53634875544003,851.923582364814,0.42437650070898203,0,,0.0,,KHONG CO,KHONG CO,0.0,0.0,0.0,0.0,0.0,14697.758801610898,,,0.003909578460315219,,682e252,1dedb3aea6081413ec0ffc11035db17905f70e1e0de68a22288847aab831fbbd,audits/paper_extras/v4_runs/v1/bench7_seed808_exp.json,KHONG CO (che do lay mau v1)
808,exp,free_market,9,51,339.4317931212208,785.5247000107472,0.43210836415020026,0,,0.0,,KHONG CO,KHONG CO,0.0,0.0,0.0,0.0,0.0,14767.237776433038,,,0.0034215259254193357,,682e252,1dedb3aea6081413ec0ffc11035db17905f70e1e0de68a22288847aab831fbbd,audits/paper_extras/v4_runs/v1/bench7_seed808_exp.json,KHONG CO (che do lay mau v1)
808,exp,us_federal,0,42,309.93773296599994,841.1919497451721,0.3684506646311718,0,,0.725,,KHONG CO,KHONG CO,9414.145267788106,347.0582515104187,9749.118161167291,0.0,7.482326059399001,14721.669993877957,,,0.003972452802563768,,682e252,1dedb3aea6081413ec0ffc11035db17905f70e1e0de68a22288847aab831fbbd,audits/paper_extras/v4_runs/v1/bench7_seed808_exp.json,KHONG CO (che do lay mau v1)
808,exp,us_federal,1,43,283.79885553704923,870.9297230573555,0.32585735453003883,0,,0.8708333333333333,,KHONG CO,KHONG CO,8573.9966998351,455.7015044490684,9017.786007117187,0.0,7.3349266792119225,14709.006784101057,,,0.004269130928824209,,682e252,1dedb3aea6081413ec0ffc11035db17905f70e1e0de68a22288847aab831fbbd,audits/paper_extras/v4_runs/v1/bench7_seed808_exp.json,KHONG CO (che do lay mau v1)
808,exp,us_federal,2,44,345.9764873964011,897.9378236333102,0.38530116260887914,0,,0.7875,,KHONG CO,KHONG CO,9351.172131196638,383.8262137818519,9721.804460958056,0.0,4.9711389904399645,14705.02955722864,,,0.004105699363877523,,682e252,1dedb3aea6081413ec0ffc11035db17905f70e1e0de68a22288847aab831fbbd,audits/paper_extras/v4_runs/v1/bench7_seed808_exp.json,KHONG CO (che do lay mau v1)
808,exp,us_federal,3,45,360.4026851949438,884.260116149311,0.4075754165690407,0,,0.8916666666666667,,KHONG CO,KHONG CO,9835.140890407672,426.1473992127441,10235.523422597531,0.0,10.443240548883892,15002.665751939421,,,0.0042053162071472834,,682e252,1dedb3aea6081413ec0ffc11035db17905f70e1e0de68a22288847aab831fbbd,audits/paper_extras/v4_runs/v1/bench7_seed808_exp.json,KHONG CO (che do lay mau v1)
808,exp,us_federal,4,46,276.42511405450995,817.0155194921731,0.33833520595340183,0,,0.9458333333333333,,KHONG CO,KHONG CO,9567.653391533306,461.1016578730836,10016.769947564248,0.0,12.83932307929379,14591.57285712598,,,0.0043589928767554425,,682e252,1dedb3aea6081413ec0ffc11035db17905f70e1e0de68a22288847aab831fbbd,audits/paper_extras/v4_runs/v1/bench7_seed808_exp.json,KHONG CO (che do lay mau v1)
808,exp,us_federal,5,47,351.0219102965494,879.8981935185991,0.3989346868560534,0,,0.8875,,KHONG CO,KHONG CO,9860.918188035046,383.0876894315572,10201.362196016395,0.0,0.0,15029.326035534705,,,0.00485967705284988,,682e252,1dedb3aea6081413ec0ffc11035db17905f70e1e0de68a22288847aab831fbbd,audits/paper_extras/v4_runs/v1/bench7_seed808_exp.json,KHONG CO (che do lay mau v1)
808,exp,us_federal,6,48,319.9457398804666,826.224720834542,0.3872381590777144,0,,0.8916666666666667,,KHONG CO,KHONG CO,9503.419051586357,336.49526523503005,9827.888102391686,0.0,1.9797783348176226,14662.649331611634,,,0.003924069625360793,,682e252,1dedb3aea6081413ec0ffc11035db17905f70e1e0de68a22288847aab831fbbd,audits/paper_extras/v4_runs/v1/bench7_seed808_exp.json,KHONG CO (che do lay mau v1)
808,exp,us_federal,7,49,321.9327550459939,872.6475539592393,0.36891498014905466,0,,0.5958333333333333,,KHONG CO,KHONG CO,9143.75943892654,384.16742120344986,9515.744146133247,0.0,4.578361933438595,14742.686815866733,,,0.0039164611787233395,,682e252,1dedb3aea6081413ec0ffc11035db17905f70e1e0de68a22288847aab831fbbd,audits/paper_extras/v4_runs/v1/bench7_seed808_exp.json,KHONG CO (che do lay mau v1)
808,exp,us_federal,8,50,254.6653181080573,847.9937320199291,0.3003150949022254,0,,0.7583333333333333,,KHONG CO,KHONG CO,8981.506785121204,351.34771758147593,9320.631235176874,0.0,0.0,14742.721235612793,,,0.0027836298717049384,,682e252,1dedb3aea6081413ec0ffc11035db17905f70e1e0de68a22288847aab831fbbd,audits/paper_extras/v4_runs/v1/bench7_seed808_exp.json,KHONG CO (che do lay mau v1)
808,exp,us_federal,9,51,288.91249194560737,785.3832102793425,0.36786181339787993,0,,0.9291666666666667,,KHONG CO,KHONG CO,9589.660477799756,383.78473729624835,9962.2234831943,0.0,0.0,14704.886826554672,,,0.0033259039477446213,,682e252,1dedb3aea6081413ec0ffc11035db17905f70e1e0de68a22288847aab831fbbd,audits/paper_extras/v4_runs/v1/bench7_seed808_exp.json,KHONG CO (che do lay mau v1)
808,exp,saez,0,42,118.18876979045385,688.8337520489702,0.17157807589842322,39,,0.95,,KHONG CO,KHONG CO,48770.8646998846,3886.3093722014046,52598.62412029361,0.0,41.68986849230497,12828.297312169094,,,0.0113911636828052,,682e252,1dedb3aea6081413ec0ffc11035db17905f70e1e0de68a22288847aab831fbbd,audits/paper_extras/v4_runs/v1/bench7_seed808_exp.json,KHONG CO (che do lay mau v1)
808,exp,saez,1,43,127.52619978477219,786.065793267012,0.16223349352826233,39,,0.9625,,KHONG CO,KHONG CO,47534.5303123974,3226.7906594002293,50705.20046855239,0.0,61.27511066294841,13850.552247504549,,,0.014724734718343822,,682e252,1dedb3aea6081413ec0ffc11035db17905f70e1e0de68a22288847aab831fbbd,audits/paper_extras/v4_runs/v1/bench7_seed808_exp.json,KHONG CO (che do lay mau v1)
808,exp,saez,2,44,180.20324255638326,835.6617927395722,0.21564135649377747,52,,0.95,,KHONG CO,KHONG CO,52797.294585062155,3290.678654599232,56045.17342223483,0.0,46.255183843207774,14770.09559851947,,,0.008230349485582588,,682e252,1dedb3aea6081413ec0ffc11035db17905f70e1e0de68a22288847aab831fbbd,audits/paper_extras/v4_runs/v1/bench7_seed808_exp.json,KHONG CO (che do lay mau v1)
808,exp,saez,3,45,146.06064596903403,793.9032132404641,0.18397789999219205,35,,0.9541666666666667,,KHONG CO,KHONG CO,52397.1831596503,3082.460194699413,55401.68876544656,0.0,73.23664070698801,14726.408350120651,,,0.009192343204386269,,682e252,1dedb3aea6081413ec0ffc11035db17905f70e1e0de68a22288847aab831fbbd,audits/paper_extras/v4_runs/v1/bench7_seed808_exp.json,KHONG CO (che do lay mau v1)
808,exp,saez,4,46,114.35037170839882,667.7997816943179,0.1712345149593687,42,,0.9541666666666667,,KHONG CO,KHONG CO,48872.50363560477,3693.524979027746,52512.34660827261,0.0,61.362162396899116,13250.43197680877,,,0.010504978077560222,,682e252,1dedb3aea6081413ec0ffc11035db17905f70e1e0de68a22288847aab831fbbd,audits/paper_extras/v4_runs/v1/bench7_seed808_exp.json,KHONG CO (che do lay mau v1)
808,exp,saez,5,47,138.7359099429592,746.4710803023655,0.18585570640829496,45,,0.9583333333333334,,KHONG CO,KHONG CO,53845.281399946,4064.364597919211,57875.327287353575,0.0,60.2522500101461,14749.268607002003,,,0.00923358403405028,,682e252,1dedb3aea6081413ec0ffc11035db17905f70e1e0de68a22288847aab831fbbd,audits/paper_extras/v4_runs/v1/bench7_seed808_exp.json,KHONG CO (che do lay mau v1)
808,exp,saez,6,48,123.56248183743199,664.9612937297679,0.18581905894758177,39,,0.9541666666666667,,KHONG CO,KHONG CO,48024.01700627933,3240.7545652493563,51227.93640662728,0.0,49.27160289255699,11784.674364070293,,,0.006570807939115642,,682e252,1dedb3aea6081413ec0ffc11035db17905f70e1e0de68a22288847aab831fbbd,audits/paper_extras/v4_runs/v1/bench7_seed808_exp.json,KHONG CO (che do lay mau v1)
808,exp,saez,7,49,124.32767388138807,730.3817697304561,0.17022286019990696,31,,0.9541666666666667,,KHONG CO,KHONG CO,48381.12358404527,3687.763066604369,52036.37452638698,0.0,46.22480435918162,10870.580386307924,,,0.010641716528406274,,682e252,1dedb3aea6081413ec0ffc11035db17905f70e1e0de68a22288847aab831fbbd,audits/paper_extras/v4_runs/v1/bench7_seed808_exp.json,KHONG CO (che do lay mau v1)
808,exp,saez,8,50,139.4383863103929,734.4778574466509,0.18984695712289879,39,,0.9583333333333334,,KHONG CO,KHONG CO,54110.93712759198,3085.6229204025435,57159.918204999936,0.0,58.166916157948485,14750.075129923467,,,0.00783498034159658,,682e252,1dedb3aea6081413ec0ffc11035db17905f70e1e0de68a22288847aab831fbbd,audits/paper_extras/v4_runs/v1/bench7_seed808_exp.json,KHONG CO (che do lay mau v1)
808,exp,saez,9,51,112.33998876993294,594.0902361953201,0.18909583414361775,51,,0.9583333333333334,,KHONG CO,KHONG CO,43911.91346362609,3551.868565438745,47422.05269503457,0.0,98.54659114150387,9903.18359459431,,,0.01636307617720815,,682e252,1dedb3aea6081413ec0ffc11035db17905f70e1e0de68a22288847aab831fbbd,audits/paper_extras/v4_runs/v1/bench7_seed808_exp.json,KHONG CO (che do lay mau v1)
808,exp,free_market+rl_aux,0,42,367.76370742221724,841.9738145365986,0.4367875830255187,0,,0.0,,KHONG CO,KHONG CO,0.0,0.0,0.0,159.89677906036377,8.684516473238407,14729.163363106127,,,0.003647922261270633,,682e252,1dedb3aea6081413ec0ffc11035db17905f70e1e0de68a22288847aab831fbbd,audits/paper_extras/v4_runs/v1/bench7_seed808_exp.json,KHONG CO (che do lay mau v1)
808,exp,free_market+rl_aux,1,43,369.0551738146232,901.3702830670339,0.4094379199621083,0,,0.0,,KHONG CO,KHONG CO,0.0,0.0,0.0,159.89677906036377,4.367811426520348,14738.084669391626,,,0.003600219394111839,,682e252,1dedb3aea6081413ec0ffc11035db17905f70e1e0de68a22288847aab831fbbd,audits/paper_extras/v4_runs/v1/bench7_seed808_exp.json,KHONG CO (che do lay mau v1)
808,exp,free_market+rl_aux,2,44,348.6345266818308,913.0749148951107,0.38182466848503893,0,,0.008333333333333333,,KHONG CO,KHONG CO,0.0,0.0,0.0,165.89290827512735,18.234857153325127,14668.305757907487,,,0.005777346982041131,,682e252,1dedb3aea6081413ec0ffc11035db17905f70e1e0de68a22288847aab831fbbd,audits/paper_extras/v4_runs/v1/bench7_seed808_exp.json,KHONG CO (che do lay mau v1)
808,exp,free_market+rl_aux,3,45,393.9917971693638,880.9253595788098,0.4472476503091478,0,,0.0,,KHONG CO,KHONG CO,0.0,0.0,0.0,159.89677906036377,0.0,14659.32168533945,,,0.0029494878790743023,,682e252,1dedb3aea6081413ec0ffc11035db17905f70e1e0de68a22288847aab831fbbd,audits/paper_extras/v4_runs/v1/bench7_seed808_exp.json,KHONG CO (che do lay mau v1)
808,exp,free_market+rl_aux,4,46,348.4250569450584,838.6534692345782,0.4154577185056645,0,,0.0,,KHONG CO,KHONG CO,0.0,0.0,0.0,159.89677906036377,28.769570141695525,14569.491011202352,,,0.004803004330188095,,682e252,1dedb3aea6081413ec0ffc11035db17905f70e1e0de68a22288847aab831fbbd,audits/paper_extras/v4_runs/v1/bench7_seed808_exp.json,KHONG CO (che do lay mau v1)
808,exp,free_market+rl_aux,5,47,411.591873368838,863.853170664098,0.4764604534036977,0,,0.0,,KHONG CO,KHONG CO,0.0,0.0,0.0,159.89677906036377,6.569557029163529,14576.780595996892,,,0.0033558973152104116,,682e252,1dedb3aea6081413ec0ffc11035db17905f70e1e0de68a22288847aab831fbbd,audits/paper_extras/v4_runs/v1/bench7_seed808_exp.json,KHONG CO (che do lay mau v1)
808,exp,free_market+rl_aux,6,48,398.0651460097708,844.7967706691142,0.47119633955807694,0,,0.0,,KHONG CO,KHONG CO,0.0,0.0,0.0,159.89677906036383,11.339097139589969,14644.2819813433,,,0.004467332898224833,,682e252,1dedb3aea6081413ec0ffc11035db17905f70e1e0de68a22288847aab831fbbd,audits/paper_extras/v4_runs/v1/bench7_seed808_exp.json,KHONG CO (che do lay mau v1)
808,exp,free_market+rl_aux,7,49,433.51407094045135,882.1320406089399,0.4914389807689046,0,,0.0,,KHONG CO,KHONG CO,0.0,0.0,0.0,159.89677906036377,2.4851340875029564,14703.790302985763,,,0.0032947634566603194,,682e252,1dedb3aea6081413ec0ffc11035db17905f70e1e0de68a22288847aab831fbbd,audits/paper_extras/v4_runs/v1/bench7_seed808_exp.json,KHONG CO (che do lay mau v1)
808,exp,free_market+rl_aux,8,50,396.39214964311094,857.605094673948,0.4622082495834693,0,,0.0,,KHONG CO,KHONG CO,0.0,0.0,0.0,159.89677906036377,2.4851340875029564,14690.34741117902,,,0.0035083229696503335,,682e252,1dedb3aea6081413ec0ffc11035db17905f70e1e0de68a22288847aab831fbbd,audits/paper_extras/v4_runs/v1/bench7_seed808_exp.json,KHONG CO (che do lay mau v1)
808,exp,free_market+rl_aux,9,51,416.2135814517913,802.2502095541541,0.5188076942767015,0,,0.0,,KHONG CO,KHONG CO,0.0,0.0,0.0,159.89677906036377,0.0,14635.032608441043,,,0.0035779821243905243,,682e252,1dedb3aea6081413ec0ffc11035db17905f70e1e0de68a22288847aab831fbbd,audits/paper_extras/v4_runs/v1/bench7_seed808_exp.json,KHONG CO (che do lay mau v1)
808,exp,us_federal+rl_aux,0,42,324.0829157165172,863.0267531751888,0.3755189680090143,0,,0.8041666666666667,,KHONG CO,KHONG CO,9909.653806832954,399.55663170033193,7681.532768126351,159.89677906036377,2.4851340875029564,17061.229785532352,,,0.003296499025406198,,682e252,1dedb3aea6081413ec0ffc11035db17905f70e1e0de68a22288847aab831fbbd,audits/paper_extras/v4_runs/v1/bench7_seed808_exp.json,KHONG CO (che do lay mau v1)
808,exp,us_federal+rl_aux,1,43,312.4839678433906,917.3969530886591,0.34062023728259705,0,,0.8,,KHONG CO,KHONG CO,8704.138668886439,305.51402171816557,6690.206607409111,159.89677906036377,0.0,16729.449365296092,,,0.003030005056072061,,682e252,1dedb3aea6081413ec0ffc11035db17905f70e1e0de68a22288847aab831fbbd,audits/paper_extras/v4_runs/v1/bench7_seed808_exp.json,KHONG CO (che do lay mau v1)
808,exp,us_federal+rl_aux,2,44,283.31163005110005,1006.4238080373747,0.281503306846035,0,,0.8583333333333333,,KHONG CO,KHONG CO,9837.643394706427,454.0194696658724,7656.538033226261,159.8967790603637,0.0,17120.27535300565,,,0.004643676360835182,,682e252,1dedb3aea6081413ec0ffc11035db17905f70e1e0de68a22288847aab831fbbd,audits/paper_extras/v4_runs/v1/bench7_seed808_exp.json,KHONG CO (che do lay mau v1)
808,exp,us_federal+rl_aux,3,45,339.9508444935708,911.8007247274089,0.3728345846568637,0,,0.8416666666666667,,KHONG CO,KHONG CO,9755.116342266794,362.32387728989204,7533.526887636137,159.89677906036377,15.992692356830116,17048.28217392747,,,0.0052756091872653175,,682e252,1dedb3aea6081413ec0ffc11035db17905f70e1e0de68a22288847aab831fbbd,audits/paper_extras/v4_runs/v1/bench7_seed808_exp.json,KHONG CO (che do lay mau v1)
808,exp,us_federal+rl_aux,4,46,211.79475481332275,821.7668933433819,0.25773094113298944,1,,0.825,,KHONG CO,KHONG CO,9435.535194268157,367.6677663654178,7293.868477402452,159.89677906036377,7.813630497606599,17101.067584004322,,,0.003787072974555265,,682e252,1dedb3aea6081413ec0ffc11035db17905f70e1e0de68a22288847aab831fbbd,audits/paper_extras/v4_runs/v1/bench7_seed808_exp.json,KHONG CO (che do lay mau v1)
808,exp,us_federal+rl_aux,5,47,336.4252787631055,877.253614966296,0.3834983099796413,0,,0.8416666666666667,,KHONG CO,KHONG CO,9426.627681475784,364.1025590035015,7294.442712889681,159.89677906036377,8.45413685441212,16704.34774308803,,,0.0037846969038516226,,682e252,1dedb3aea6081413ec0ffc11035db17905f70e1e0de68a22288847aab831fbbd,audits/paper_extras/v4_runs/v1/bench7_seed808_exp.json,KHONG CO (che do lay mau v1)
808,exp,us_federal+rl_aux,6,48,237.9869037525265,851.0942466172396,0.2796246181882084,0,,0.85,,KHONG CO,KHONG CO,9534.905352600206,307.62194185688884,7321.642425112819,159.89677906036377,6.036796446167722,17141.060781223234,,,0.004082677089422688,,682e252,1dedb3aea6081413ec0ffc11035db17905f70e1e0de68a22288847aab831fbbd,audits/paper_extras/v4_runs/v1/bench7_seed808_exp.json,KHONG CO (che do lay mau v1)
808,exp,us_federal+rl_aux,7,49,288.0147228278405,882.3295361705827,0.32642534452361116,0,,0.6666666666666666,,KHONG CO,KHONG CO,8996.121974506457,402.4255797303367,7002.099696375126,159.89677906036377,2.4851340875029564,16756.545248628918,,,0.0033579846111004468,,682e252,1dedb3aea6081413ec0ffc11035db17905f70e1e0de68a22288847aab831fbbd,audits/paper_extras/v4_runs/v1/bench7_seed808_exp.json,KHONG CO (che do lay mau v1)
808,exp,us_federal+rl_aux,8,50,240.106788037932,884.7092643562451,0.27139626283064266,0,,0.75,,KHONG CO,KHONG CO,9429.131524265797,376.08087295716416,7298.752357798315,159.89677906036377,0.0,17197.149344140013,,,0.00310899577185523,,682e252,1dedb3aea6081413ec0ffc11035db17905f70e1e0de68a22288847aab831fbbd,audits/paper_extras/v4_runs/v1/bench7_seed808_exp.json,KHONG CO (che do lay mau v1)
808,exp,us_federal+rl_aux,9,51,218.15359463136159,842.3972993637555,0.2589675854803052,0,,0.8375,,KHONG CO,KHONG CO,9524.639008092958,368.5175820842708,7359.729010154645,159.89677906036377,3.559311460394695,17175.582588051788,,,0.003942739772460601,,682e252,1dedb3aea6081413ec0ffc11035db17905f70e1e0de68a22288847aab831fbbd,audits/paper_extras/v4_runs/v1/bench7_seed808_exp.json,KHONG CO (che do lay mau v1)
808,exp,saez+rl_aux,0,42,123.38100028186271,739.4341159998979,0.1668586796472341,43,,0.9541666666666667,,KHONG CO,KHONG CO,41254.50160174618,1855.5591872152118,32116.6694600868,167.89161801338196,73.3702165331189,18328.972072245735,,,0.008911070128095036,,682e252,1dedb3aea6081413ec0ffc11035db17905f70e1e0de68a22288847aab831fbbd,audits/paper_extras/v4_runs/v1/bench7_seed808_exp.json,KHONG CO (che do lay mau v1)
808,exp,saez+rl_aux,1,43,117.94553986548031,747.6733095750528,0.15775010068570694,44,,0.9583333333333334,,KHONG CO,KHONG CO,36757.58747770629,1697.5066528151242,28657.005805194494,182.54882276058197,50.94113481491805,14804.294963522592,,,0.011343170018693675,,682e252,1dedb3aea6081413ec0ffc11035db17905f70e1e0de68a22288847aab831fbbd,audits/paper_extras/v4_runs/v1/bench7_seed808_exp.json,KHONG CO (che do lay mau v1)
808,exp,saez+rl_aux,2,44,228.2265237104754,1124.933640623991,0.20287998817768493,52,,0.95,,KHONG CO,KHONG CO,52802.95220310972,2105.4924898485565,40851.820812289785,163.89419853687286,44.50773811809031,28663.242134575106,,,0.009617622381764019,,682e252,1dedb3aea6081413ec0ffc11035db17905f70e1e0de68a22288847aab831fbbd,audits/paper_extras/v4_runs/v1/bench7_seed808_exp.json,KHONG CO (che do lay mau v1)
808,exp,saez+rl_aux,3,45,142.97134871265854,827.2539521555611,0.17282643176272605,40,,0.9541666666666667,,KHONG CO,KHONG CO,43429.52152537539,2299.978786768561,34026.446673598344,164.56043511629105,60.86846653905726,20251.859223888056,,,0.0095753809813699,,682e252,1dedb3aea6081413ec0ffc11035db17905f70e1e0de68a22288847aab831fbbd,audits/paper_extras/v4_runs/v1/bench7_seed808_exp.json,KHONG CO (che do lay mau v1)
808,exp,saez+rl_aux,4,46,115.53685354205969,696.7207010065947,0.16582951156056736,43,,0.9583333333333334,,KHONG CO,KHONG CO,41194.87532830741,2343.594806296456,32443.370910413167,164.56043511629105,66.28078942995545,18244.809590361085,,,0.010789967436097518,,682e252,1dedb3aea6081413ec0ffc11035db17905f70e1e0de68a22288847aab831fbbd,audits/paper_extras/v4_runs/v1/bench7_seed808_exp.json,KHONG CO (che do lay mau v1)
808,exp,saez+rl_aux,5,47,117.95330089296279,693.9477719284856,0.1699743203514722,41,,0.9541666666666667,,KHONG CO,KHONG CO,36304.34964042244,1687.8800817909528,28314.172829229996,163.22796195745468,43.066923349468524,13276.703352299895,,,0.0050368957920466145,,682e252,1dedb3aea6081413ec0ffc11035db17905f70e1e0de68a22288847aab831fbbd,audits/paper_extras/v4_runs/v1/bench7_seed808_exp.json,KHONG CO (che do lay mau v1)
808,exp,saez+rl_aux,6,48,130.99563231548805,740.2325841990225,0.17696550396688282,44,,0.95,,KHONG CO,KHONG CO,45433.25695286781,2523.8598558006665,35722.963803879764,167.89161801338196,46.76644833923202,19737.669429283545,,,0.008426189062706967,,682e252,1dedb3aea6081413ec0ffc11035db17905f70e1e0de68a22288847aab831fbbd,audits/paper_extras/v4_runs/v1/bench7_seed808_exp.json,KHONG CO (che do lay mau v1)
808,exp,saez+rl_aux,7,49,149.49671363500318,841.051131164048,0.1777498514603908,43,,0.9375,,KHONG CO,KHONG CO,46662.09244551561,2299.63398322465,36452.07344981941,163.89419853687284,31.250540943936155,22812.534476599227,,,0.007823193085352686,,682e252,1dedb3aea6081413ec0ffc11035db17905f70e1e0de68a22288847aab831fbbd,audits/paper_extras/v4_runs/v1/bench7_seed808_exp.json,KHONG CO (che do lay mau v1)
808,exp,saez+rl_aux,8,50,110.45385704831565,675.8758730066022,0.1634232874106999,51,,0.9541666666666667,,KHONG CO,KHONG CO,40422.49802297726,2119.149813582004,31714.663494896653,190.54366171360016,61.39517959904279,16184.281490437663,,,0.016450348497168525,,682e252,1dedb3aea6081413ec0ffc11035db17905f70e1e0de68a22288847aab831fbbd,audits/paper_extras/v4_runs/v1/bench7_seed808_exp.json,KHONG CO (che do lay mau v1)
808,exp,saez+rl_aux,9,51,106.58727403703732,638.941461213889,0.16681852799869668,52,,0.95,,KHONG CO,KHONG CO,40176.12352800813,2508.5992853624216,31773.942773657946,181.8825861811638,106.68844243400441,16795.203365310335,,,0.01750409923217859,,682e252,1dedb3aea6081413ec0ffc11035db17905f70e1e0de68a22288847aab831fbbd,audits/paper_extras/v4_runs/v1/bench7_seed808_exp.json,KHONG CO (che do lay mau v1)
909,det,rl_learned,0,42,372.5266331317591,908.5941176902354,0.4100033511979698,0,65,0.0,0.0026020615554338544,KHONG CO,KHONG CO,3005.2298113763113,7.253765029023191,2606.3326347466295,35.45996041595936,0.0,14919.439914778714,451.2510664640339,0.0,0.003447016582803047,3.156764483154533,682e252,e38de3cdd753f55a2ec54e244e44e2d5230435044aecec9268b7b78fcb02ff0b,audits/paper_extras/v4_runs/v1/bench7_seed909_det.json,audits/paper_extras/v4_runs/v2/bench2_seed909_det.json
909,det,rl_learned,1,43,431.7398891777971,992.881516813148,0.43483525664124834,0,71,0.0,5.9235377000366185e-05,KHONG CO,KHONG CO,3214.8781248644964,27.153906780333852,2755.738308483806,71.20332232117653,0.0,15283.433862214164,131.65653862567186,0.0,0.004470495902514652,2.8297617971606326,682e252,e38de3cdd753f55a2ec54e244e44e2d5230435044aecec9268b7b78fcb02ff0b,audits/paper_extras/v4_runs/v1/bench7_seed909_det.json,audits/paper_extras/v4_runs/v2/bench2_seed909_det.json
909,det,rl_learned,2,44,398.96050913833176,976.907664405078,0.4083912161558203,0,66,0.0,0.00016475836867657634,KHONG CO,KHONG CO,3076.411082717689,19.59315740766174,2594.2584639665797,32.39205980300903,0.0,15286.336086982197,183.01762937357157,0.0,0.0068097335086538474,2.9053241524942877,682e252,e38de3cdd753f55a2ec54e244e44e2d5230435044aecec9268b7b78fcb02ff0b,audits/paper_extras/v4_runs/v1/bench7_seed909_det.json,audits/paper_extras/v4_runs/v2/bench2_seed909_det.json
909,det,rl_learned,3,45,411.96552089452183,984.4257156833042,0.41848309560723995,2,73,0.0,0.003288611333991831,KHONG CO,KHONG CO,3067.722754967642,12.20419607770594,2637.9631813889564,46.01950290799141,2.8196360245347023,15354.349658497418,39.153394308756475,0.0,0.0056861049230936414,2.9366733265835423,682e252,e38de3cdd753f55a2ec54e244e44e2d5230435044aecec9268b7b78fcb02ff0b,audits/paper_extras/v4_runs/v1/bench7_seed909_det.json,audits/paper_extras/v4_runs/v2/bench2_seed909_det.json
909,det,rl_learned,4,46,362.7651917570199,902.801412825641,0.40182169257092326,0,71,0.0,0.00039832468097444895,KHONG CO,KHONG CO,3131.314192609723,5.256852184355975,2619.5335955102896,47.007203444838524,0.42401864379644394,15315.837407296201,153.76881989895836,0.0,0.00722070179758484,3.4435566401505247,682e252,e38de3cdd753f55a2ec54e244e44e2d5230435044aecec9268b7b78fcb02ff0b,audits/paper_extras/v4_runs/v1/bench7_seed909_det.json,audits/paper_extras/v4_runs/v2/bench2_seed909_det.json
909,det,rl_learned,5,47,384.523280325512,928.6020197263936,0.41408835233721464,0,61,0.0,0.0009148012397421912,KHONG CO,KHONG CO,3098.7071511884806,12.808783690657622,2636.748123882902,57.60512937605381,0.0,15357.342341636026,59.820339984153506,0.0,0.004126956839469088,3.079264175828126,682e252,e38de3cdd753f55a2ec54e244e44e2d5230435044aecec9268b7b78fcb02ff0b,audits/paper_extras/v4_runs/v1/bench7_seed909_det.json,audits/paper_extras/v4_runs/v2/bench2_seed909_det.json
909,det,rl_learned,6,48,417.64118965763606,1013.495464781469,0.41207997881637126,0,83,0.0,1.3789018156185051e-06,KHONG CO,KHONG CO,3123.994283383033,14.907345351686729,2607.114468890671,64.096087038517,0.0,12369.214441155658,98.47663164987088,0.0,0.008004267438596857,2.8440515417490273,682e252,e38de3cdd753f55a2ec54e244e44e2d5230435044aecec9268b7b78fcb02ff0b,audits/paper_extras/v4_runs/v1/bench7_seed909_det.json,audits/paper_extras/v4_runs/v2/bench2_seed909_det.json
909,det,rl_learned,7,49,453.5603770557714,960.1533284332464,0.4723832784039603,0,73,0.0,3.2910812310937843e-06,KHONG CO,KHONG CO,3487.332993939424,31.617676123914638,2931.049354772112,62.234133794903755,0.0,15198.29186823765,327.375313258678,0.0,0.006140766611183542,3.1453249470067544,682e252,e38de3cdd753f55a2ec54e244e44e2d5230435044aecec9268b7b78fcb02ff0b,audits/paper_extras/v4_runs/v1/bench7_seed909_det.json,audits/paper_extras/v4_runs/v2/bench2_seed909_det.json
909,det,rl_learned,8,50,388.733614769548,905.1242553068683,0.42948093865604553,1,64,0.0,0.007384229696802969,KHONG CO,KHONG CO,3018.8709981105426,5.395849744138966,2585.75453747518,24.580607369542122,0.41437169909477234,14985.421974401612,428.30748616350127,0.0,0.005696878712648945,3.132771891744855,682e252,e38de3cdd753f55a2ec54e244e44e2d5230435044aecec9268b7b78fcb02ff0b,audits/paper_extras/v4_runs/v1/bench7_seed909_det.json,audits/paper_extras/v4_runs/v2/bench2_seed909_det.json
909,det,rl_learned,9,51,321.99034066569493,838.7617733850573,0.38388771506146857,0,52,0.0,0.03175968943380103,KHONG CO,KHONG CO,2801.262694294301,14.290558726394718,2468.0905799615266,12.70670798420906,0.0,14952.75358125818,382.0023838167843,0.0,0.004574536495521364,3.342324525157306,682e252,e38de3cdd753f55a2ec54e244e44e2d5230435044aecec9268b7b78fcb02ff0b,audits/paper_extras/v4_runs/v1/bench7_seed909_det.json,audits/paper_extras/v4_runs/v2/bench2_seed909_det.json
909,det,free_market,0,42,366.76407349308005,901.3488671259776,0.40690579072067445,0,63,0.0,0.0004965456048866557,KHONG CO,KHONG CO,0.0,0.0,0.0,0.0,0.0,14917.079948414843,82.92005158515678,0.0,0.0033742349911427367,2.9597764130878708,682e252,e38de3cdd753f55a2ec54e244e44e2d5230435044aecec9268b7b78fcb02ff0b,audits/paper_extras/v4_runs/v1/bench7_seed909_det.json,audits/paper_extras/v4_runs/v2/bench2_seed909_det.json
909,det,free_market,1,43,441.88671213661263,986.7303463662512,0.4478292511869242,0,71,0.0,2.574343022110348e-05,KHONG CO,KHONG CO,0.0,0.0,0.0,0.0,0.0,14803.880528015812,196.11947198418773,0.0,0.004470495902514652,2.6256165313609006,682e252,e38de3cdd753f55a2ec54e244e44e2d5230435044aecec9268b7b78fcb02ff0b,audits/paper_extras/v4_runs/v1/bench7_seed909_det.json,audits/paper_extras/v4_runs/v2/bench2_seed909_det.json
909,det,free_market,2,44,402.63417087348614,953.5846937796725,0.422232208108948,0,58,0.0,2.054186587940876e-05,KHONG CO,KHONG CO,0.0,0.0,0.0,0.0,0.0,14852.863472608431,147.1365273915684,0.0,0.0065133142143585735,2.733391005604351,682e252,e38de3cdd753f55a2ec54e244e44e2d5230435044aecec9268b7b78fcb02ff0b,audits/paper_extras/v4_runs/v1/bench7_seed909_det.json,audits/paper_extras/v4_runs/v2/bench2_seed909_det.json
909,det,free_market,3,45,416.21990401515103,965.6965607745648,0.4310048527886543,0,71,0.0,0.00039796691458593436,KHONG CO,KHONG CO,0.0,0.0,0.0,0.0,0.0,14849.095829701624,150.90417029837062,0.0,0.0044597350669757915,2.742798754479941,682e252,e38de3cdd753f55a2ec54e244e44e2d5230435044aecec9268b7b78fcb02ff0b,audits/paper_extras/v4_runs/v1/bench7_seed909_det.json,audits/paper_extras/v4_runs/v2/bench2_seed909_det.json
909,det,free_market,4,46,378.07481166654605,905.8315671363376,0.41737871077045563,0,77,0.0,3.38283963894348e-05,KHONG CO,KHONG CO,0.0,0.0,0.0,0.0,0.0,14885.691144377555,114.30885562244339,0.0,0.0071087462014467855,3.2299380169392387,682e252,e38de3cdd753f55a2ec54e244e44e2d5230435044aecec9268b7b78fcb02ff0b,audits/paper_extras/v4_runs/v1/bench7_seed909_det.json,audits/paper_extras/v4_runs/v2/bench2_seed909_det.json
909,det,free_market,5,47,389.2193214608424,913.1725889769955,0.4262275567172632,0,59,0.0,6.889936121257101e-05,KHONG CO,KHONG CO,0.0,0.0,0.0,0.0,0.0,14872.488638864543,127.51136113546028,0.0,0.004051540514052763,2.856884642297715,682e252,e38de3cdd753f55a2ec54e244e44e2d5230435044aecec9268b7b78fcb02ff0b,audits/paper_extras/v4_runs/v1/bench7_seed909_det.json,audits/paper_extras/v4_runs/v2/bench2_seed909_det.json
909,det,free_market,6,48,418.79570059146545,937.2289333537531,0.44684461361308914,0,66,0.0,5.296620752215375e-06,KHONG CO,KHONG CO,0.0,0.0,0.0,0.0,0.0,11902.963231967842,97.03676803216024,0.0,0.0074367279687504164,2.659384903933792,682e252,e38de3cdd753f55a2ec54e244e44e2d5230435044aecec9268b7b78fcb02ff0b,audits/paper_extras/v4_runs/v1/bench7_seed909_det.json,audits/paper_extras/v4_runs/v2/bench2_seed909_det.json
909,det,free_market,7,49,445.31213208615276,947.3405160718842,0.47006554088135555,0,67,0.0,3.802824639853597e-06,KHONG CO,KHONG CO,0.0,0.0,0.0,0.0,0.0,14709.12249196462,290.8775080353777,0.0,0.005933256042969944,2.9046298900068073,682e252,e38de3cdd753f55a2ec54e244e44e2d5230435044aecec9268b7b78fcb02ff0b,audits/paper_extras/v4_runs/v1/bench7_seed909_det.json,audits/paper_extras/v4_runs/v2/bench2_seed909_det.json
909,det,free_market,8,50,382.04219674532834,916.5743172082242,0.4168152975407201,0,65,0.0,7.680468724924339e-05,KHONG CO,KHONG CO,0.0,0.0,0.0,0.0,0.0,14867.135996968786,132.8640030312157,0.0,0.005051123763491804,2.943752665714967,682e252,e38de3cdd753f55a2ec54e244e44e2d5230435044aecec9268b7b78fcb02ff0b,audits/paper_extras/v4_runs/v1/bench7_seed909_det.json,audits/paper_extras/v4_runs/v2/bench2_seed909_det.json
909,det,free_market,9,51,321.6451569422593,829.1261676773964,0.38793270491422693,0,53,0.0,0.0,KHONG CO,KHONG CO,0.0,0.0,0.0,0.0,0.0,14945.557135221996,54.44286477800745,0.0,0.004614989569955022,3.1464069231577496,682e252,e38de3cdd753f55a2ec54e244e44e2d5230435044aecec9268b7b78fcb02ff0b,audits/paper_extras/v4_runs/v1/bench7_seed909_det.json,audits/paper_extras/v4_runs/v2/bench2_seed909_det.json
909,det,us_federal,0,42,309.69737487859436,880.4152535438693,0.35176284557996107,0,53,0.7,-0.3865304990015528,KHONG CO,KHONG CO,9467.786679371879,4.927812756520005,9459.065585595557,0.0,0.0,14965.444258887579,48.20464764526133,0.0,0.0029899409535079587,3.183344145534849,682e252,e38de3cdd753f55a2ec54e244e44e2d5230435044aecec9268b7b78fcb02ff0b,audits/paper_extras/v4_runs/v1/bench7_seed909_det.json,audits/paper_extras/v4_runs/v2/bench2_seed909_det.json
909,det,us_federal,1,43,400.7425446246513,1006.856419703187,0.3980135963604293,1,76,0.7416666666666667,-0.5026706641678778,KHONG CO,KHONG CO,9506.929928658552,13.34000779400336,9504.682756304317,0.0,0.3894513536724089,14869.07199168103,146.33265235249075,0.0,0.005245449946286892,2.804101182289585,682e252,e38de3cdd753f55a2ec54e244e44e2d5230435044aecec9268b7b78fcb02ff0b,audits/paper_extras/v4_runs/v1/bench7_seed909_det.json,audits/paper_extras/v4_runs/v2/bench2_seed909_det.json
909,det,us_federal,2,44,358.83274533076275,939.9272994939914,0.38176648930607704,0,67,0.7333333333333333,-0.43690605153489265,KHONG CO,KHONG CO,9221.49228251559,10.359020905597529,9217.409816578762,0.0,0.0,14846.610947456207,167.8305393862246,0.0,0.006845346044266382,2.9478751330919617,682e252,e38de3cdd753f55a2ec54e244e44e2d5230435044aecec9268b7b78fcb02ff0b,audits/paper_extras/v4_runs/v1/bench7_seed909_det.json,audits/paper_extras/v4_runs/v2/bench2_seed909_det.json
909,det,us_federal,3,45,372.470430628361,975.2458688493001,0.38192464333926546,0,74,0.7666666666666667,-0.5066577802498649,KHONG CO,KHONG CO,9450.135215180404,3.6600151092548163,9437.976742905592,0.0,0.0,14863.492902100135,152.3255852839227,0.0,0.004561365561731295,2.9350256101817633,682e252,e38de3cdd753f55a2ec54e244e44e2d5230435044aecec9268b7b78fcb02ff0b,audits/paper_extras/v4_runs/v1/bench7_seed909_det.json,audits/paper_extras/v4_runs/v2/bench2_seed909_det.json
909,det,us_federal,4,46,300.83084210185535,867.5473054731159,0.3467601595947527,0,63,0.8041666666666667,-0.5507796614264686,KHONG CO,KHONG CO,10196.078374196048,6.912427494906363,10189.460914456693,0.0,0.0,14902.241171596757,111.28871563749838,0.0,0.0066241092998405755,3.4544724055042364,682e252,e38de3cdd753f55a2ec54e244e44e2d5230435044aecec9268b7b78fcb02ff0b,audits/paper_extras/v4_runs/v1/bench7_seed909_det.json,audits/paper_extras/v4_runs/v2/bench2_seed909_det.json
909,det,us_federal,5,47,340.43999340483066,938.7526364733765,0.36265143785243126,0,77,0.7791666666666667,-0.5179573416335048,KHONG CO,KHONG CO,9803.39927229583,12.704356291382155,9800.625858054014,0.0,0.0,14938.363335146805,77.11443538639601,0.0,0.004685669278369862,3.121159855981053,682e252,e38de3cdd753f55a2ec54e244e44e2d5230435044aecec9268b7b78fcb02ff0b,audits/paper_extras/v4_runs/v1/bench7_seed909_det.json,audits/paper_extras/v4_runs/v2/bench2_seed909_det.json
909,det,us_federal,6,48,370.75178674709485,926.3661244911957,0.4002216585269991,0,61,0.4708333333333333,-0.14416596782334956,KHONG CO,KHONG CO,8887.493686231395,4.71541505986358,8877.79831065917,0.0,0.0,11924.231871855392,90.17891877670037,0.0,0.0072539512995656585,2.835859233187994,682e252,e38de3cdd753f55a2ec54e244e44e2d5230435044aecec9268b7b78fcb02ff0b,audits/paper_extras/v4_runs/v1/bench7_seed909_det.json,audits/paper_extras/v4_runs/v2/bench2_seed909_det.json
909,det,us_federal,7,49,362.54812176795673,934.2953420511033,0.3880444495977444,0,69,0.6208333333333333,-0.6043817023605815,KHONG CO,KHONG CO,9997.101009838203,16.070696415119397,9998.57679894135,0.0,0.0,14836.227333637757,178.36757367421777,0.0,0.006003580783035462,3.1026531085265057,682e252,e38de3cdd753f55a2ec54e244e44e2d5230435044aecec9268b7b78fcb02ff0b,audits/paper_extras/v4_runs/v1/bench7_seed909_det.json,audits/paper_extras/v4_runs/v2/bench2_seed909_det.json
909,det,us_federal,8,50,352.7606636141265,914.2831165034964,0.38583307210483464,0,68,0.6708333333333333,-0.4065609324744879,KHONG CO,KHONG CO,9475.691013787382,5.603338891384349,9429.590728123552,0.0,0.0,15037.089222098719,14.61440245648812,0.0,0.005220526059775412,3.133735411815749,682e252,e38de3cdd753f55a2ec54e244e44e2d5230435044aecec9268b7b78fcb02ff0b,audits/paper_extras/v4_runs/v1/bench7_seed909_det.json,audits/paper_extras/v4_runs/v2/bench2_seed909_det.json
909,det,us_federal,9,51,276.04624351194093,848.7676116754093,0.3252318299081235,0,65,0.7708333333333334,-0.5316664530311968,KHONG CO,KHONG CO,9734.622648403343,10.399501395659042,9731.574211812178,0.0,0.0,14989.72903449194,23.718903494885154,0.0,0.005072065199250109,3.4291975566241906,682e252,e38de3cdd753f55a2ec54e244e44e2d5230435044aecec9268b7b78fcb02ff0b,audits/paper_extras/v4_runs/v1/bench7_seed909_det.json,audits/paper_extras/v4_runs/v2/bench2_seed909_det.json
909,det,saez,0,42,157.0437253100407,661.0280817274355,0.2375749679191318,56,47,0.9291666666666667,-11.578015269928574,KHONG CO,KHONG CO,54859.985078757265,55.116499712931535,54657.93470260186,0.0,61.186250398229674,15069.45191011633,66.06857555515934,0.0,0.015930088639738278,4.610592038289891,682e252,e38de3cdd753f55a2ec54e244e44e2d5230435044aecec9268b7b78fcb02ff0b,audits/paper_extras/v4_runs/v1/bench7_seed909_det.json,audits/paper_extras/v4_runs/v2/bench2_seed909_det.json
909,det,saez,1,43,193.0456230303381,785.7017455566097,0.24569835070632307,58,64,0.9291666666666667,-10.003149620439181,KHONG CO,KHONG CO,56840.88730827378,150.3214104296198,56766.848383925644,0.0,59.095218917777615,15074.813381032633,43.34008209869089,0.0,0.01767954359705839,4.005254005473049,682e252,e38de3cdd753f55a2ec54e244e44e2d5230435044aecec9268b7b78fcb02ff0b,audits/paper_extras/v4_runs/v1/bench7_seed909_det.json,audits/paper_extras/v4_runs/v2/bench2_seed909_det.json
909,det,saez,2,44,204.34974281145676,755.1152280427848,0.270620608911728,68,64,0.925,-9.336784453726775,KHONG CO,KHONG CO,54875.64318949485,53.475674144219006,54707.20254925091,0.0,26.82201896102057,15075.486013491045,38.29638261756143,0.0,0.017493460271807575,4.1430399498638835,682e252,e38de3cdd753f55a2ec54e244e44e2d5230435044aecec9268b7b78fcb02ff0b,audits/paper_extras/v4_runs/v1/bench7_seed909_det.json,audits/paper_extras/v4_runs/v2/bench2_seed909_det.json
909,det,saez,3,45,178.4595935359337,760.3303890916138,0.23471321953755386,56,58,0.9291666666666667,-10.916891612182344,KHONG CO,KHONG CO,56292.91183375081,69.11248462648118,56161.233788932645,0.0,67.45123174370103,15042.172842498907,43.81324476822311,0.0,0.019251716588857458,4.216361357408735,682e252,e38de3cdd753f55a2ec54e244e44e2d5230435044aecec9268b7b78fcb02ff0b,audits/paper_extras/v4_runs/v1/bench7_seed909_det.json,audits/paper_extras/v4_runs/v2/bench2_seed909_det.json
909,det,saez,4,46,156.8206203889647,653.9169974258401,0.23981731780377757,48,52,0.9416666666666667,-11.502156557844872,KHONG CO,KHONG CO,54925.708219262655,87.80511044417128,54806.328194112764,0.0,77.21803595770575,15014.960420657058,74.6408013540044,0.0,0.017188702239442088,4.764296860456393,682e252,e38de3cdd753f55a2ec54e244e44e2d5230435044aecec9268b7b78fcb02ff0b,audits/paper_extras/v4_runs/v1/bench7_seed909_det.json,audits/paper_extras/v4_runs/v2/bench2_seed909_det.json
909,det,saez,5,47,184.28283918373543,722.3734763078539,0.25510742742885484,61,63,0.9375,-10.532472879637734,KHONG CO,KHONG CO,56470.6099340792,58.76124996842068,56282.36168645537,0.0,39.35859789273046,15088.634810186968,39.70692460603528,0.0,0.017405547686964614,4.422481913076024,682e252,e38de3cdd753f55a2ec54e244e44e2d5230435044aecec9268b7b78fcb02ff0b,audits/paper_extras/v4_runs/v1/bench7_seed909_det.json,audits/paper_extras/v4_runs/v2/bench2_seed909_det.json
909,det,saez,6,48,199.1801011493113,725.4523462939978,0.2745598689794454,59,54,0.9375,-10.96769847987483,KHONG CO,KHONG CO,51519.089532150516,31.63503282218642,51319.032960354474,0.0,80.61802256660799,12082.19035303307,36.98325356402151,0.0,0.02511954369436958,3.974134519881137,682e252,e38de3cdd753f55a2ec54e244e44e2d5230435044aecec9268b7b78fcb02ff0b,audits/paper_extras/v4_runs/v1/bench7_seed909_det.json,audits/paper_extras/v4_runs/v2/bench2_seed909_det.json
909,det,saez,7,49,163.6136153705046,728.4965699869252,0.2245907834177463,55,50,0.9333333333333333,-10.565209559639047,KHONG CO,KHONG CO,55830.214813192535,196.4144085361478,55860.74279700316,0.0,91.00874924603495,15010.145747676303,38.19064554936672,0.0,0.023120793009705688,4.2639775019106345,682e252,e38de3cdd753f55a2ec54e244e44e2d5230435044aecec9268b7b78fcb02ff0b,audits/paper_extras/v4_runs/v1/bench7_seed909_det.json,audits/paper_extras/v4_runs/v2/bench2_seed909_det.json
909,det,saez,8,50,164.81009923179604,678.8146407523377,0.24279102031319655,57,58,0.9291666666666667,-10.335879838156444,KHONG CO,KHONG CO,53391.06222541578,52.22877126311766,53384.21319825867,0.0,76.0518777540838,14633.238349089035,290.54109728193674,0.0,0.016645178717522306,4.509953917672632,682e252,e38de3cdd753f55a2ec54e244e44e2d5230435044aecec9268b7b78fcb02ff0b,audits/paper_extras/v4_runs/v1/bench7_seed909_det.json,audits/paper_extras/v4_runs/v2/bench2_seed909_det.json
909,det,saez,9,51,156.92545059212807,628.4548642390266,0.2497004312030323,51,46,0.9333333333333333,-11.911934203193287,KHONG CO,KHONG CO,48853.15234212959,40.59981358149784,48859.260433340256,0.0,100.37161946349771,11650.479406557077,269.24491704929716,0.0,0.022698887004793375,4.300823038152601,682e252,e38de3cdd753f55a2ec54e244e44e2d5230435044aecec9268b7b78fcb02ff0b,audits/paper_extras/v4_runs/v1/bench7_seed909_det.json,audits/paper_extras/v4_runs/v2/bench2_seed909_det.json
909,det,free_market+rl_aux,0,42,367.0705473177274,901.7422004065572,0.4070681699849812,0,62,0.0,0.000563707675304892,KHONG CO,KHONG CO,0.0,0.0,0.0,59.439833164215145,0.0,14917.057820889715,23.502345946071614,0.0,0.003337361834800554,2.963042271969027,682e252,e38de3cdd753f55a2ec54e244e44e2d5230435044aecec9268b7b78fcb02ff0b,audits/paper_extras/v4_runs/v1/bench7_seed909_det.json,audits/paper_extras/v4_runs/v2/bench2_seed909_det.json
909,det,free_market+rl_aux,1,43,442.1932295254484,987.2825983761581,0.4478892165756285,0,71,0.0,2.7399373767389434e-05,KHONG CO,KHONG CO,0.0,0.0,0.0,59.43983316421509,0.0,14804.019551203826,136.54061563195847,0.0,0.004470495902514652,2.628325147465076,682e252,e38de3cdd753f55a2ec54e244e44e2d5230435044aecec9268b7b78fcb02ff0b,audits/paper_extras/v4_runs/v1/bench7_seed909_det.json,audits/paper_extras/v4_runs/v2/bench2_seed909_det.json
909,det,free_market+rl_aux,2,44,402.82631807604605,954.0635062076748,0.422221702701163,0,58,0.0,2.0535982981684242e-05,KHONG CO,KHONG CO,0.0,0.0,0.0,66.12681439518929,0.0,14852.64984072487,81.22334487994169,0.0,0.0065133142143585735,2.7368727337946024,682e252,e38de3cdd753f55a2ec54e244e44e2d5230435044aecec9268b7b78fcb02ff0b,audits/paper_extras/v4_runs/v1/bench7_seed909_det.json,audits/paper_extras/v4_runs/v2/bench2_seed909_det.json
909,det,free_market+rl_aux,3,45,416.4600559278656,966.1020388040308,0.43107253602674833,0,71,0.0,0.0003983072274484911,KHONG CO,KHONG CO,0.0,0.0,0.0,59.439833164215145,0.0,14849.03214702376,91.52801981202106,0.0,0.0044597350669757915,2.745476314512559,682e252,e38de3cdd753f55a2ec54e244e44e2d5230435044aecec9268b7b78fcb02ff0b,audits/paper_extras/v4_runs/v1/bench7_seed909_det.json,audits/paper_extras/v4_runs/v2/bench2_seed909_det.json
909,det,free_market+rl_aux,4,46,386.0431570790067,910.7583314734053,0.423870025382556,0,78,0.0,0.00011590055735521965,KHONG CO,KHONG CO,0.0,0.0,0.0,66.12681439518929,0.0,14885.882793574454,47.990392030358464,0.0,0.007141298284780119,3.236229791381022,682e252,e38de3cdd753f55a2ec54e244e44e2d5230435044aecec9268b7b78fcb02ff0b,audits/paper_extras/v4_runs/v1/bench7_seed909_det.json,audits/paper_extras/v4_runs/v2/bench2_seed909_det.json
909,det,free_market+rl_aux,5,47,391.2238558050583,916.9659444815599,0.42665036598087724,0,61,0.0,7.489504902213895e-05,KHONG CO,KHONG CO,0.0,0.0,0.0,59.43983316421509,0.0,14872.435820304849,68.12434653093499,0.0,0.004126956839469088,2.8602090270886893,682e252,e38de3cdd753f55a2ec54e244e44e2d5230435044aecec9268b7b78fcb02ff0b,audits/paper_extras/v4_runs/v1/bench7_seed909_det.json,audits/paper_extras/v4_runs/v2/bench2_seed909_det.json
909,det,free_market+rl_aux,6,48,419.0350601385091,937.8641440399078,0.44679718571336957,0,66,0.0,5.38376080516656e-06,KHONG CO,KHONG CO,0.0,0.0,0.0,68.35580813884735,0.0,11903.02841450163,28.61577735952136,0.0,0.0074367279687504164,2.6627516650336727,682e252,e38de3cdd753f55a2ec54e244e44e2d5230435044aecec9268b7b78fcb02ff0b,audits/paper_extras/v4_runs/v1/bench7_seed909_det.json,audits/paper_extras/v4_runs/v2/bench2_seed909_det.json
909,det,free_market+rl_aux,7,49,445.70534875567967,947.9281197029886,0.47018897265684145,0,67,0.0,3.8056334401570524e-06,KHONG CO,KHONG CO,0.0,0.0,0.0,63.89782065153122,0.0,14709.21902797911,226.88315136936063,0.0,0.005933256042969944,2.9078528471047425,682e252,e38de3cdd753f55a2ec54e244e44e2d5230435044aecec9268b7b78fcb02ff0b,audits/paper_extras/v4_runs/v1/bench7_seed909_det.json,audits/paper_extras/v4_runs/v2/bench2_seed909_det.json
909,det,free_market+rl_aux,8,50,386.24773295147986,919.4167458890641,0.4201008244395019,0,65,0.0,7.718743864182365e-05,KHONG CO,KHONG CO,0.0,0.0,0.0,61.668826907873154,0.0,14865.845775552267,72.4853975398579,0.0,0.005051123763491803,2.94783364362184,682e252,e38de3cdd753f55a2ec54e244e44e2d5230435044aecec9268b7b78fcb02ff0b,audits/paper_extras/v4_runs/v1/bench7_seed909_det.json,audits/paper_extras/v4_runs/v2/bench2_seed909_det.json
909,det,free_market+rl_aux,9,51,313.8336462056181,816.9068074532959,0.3841731313073439,0,39,0.0,0.0,KHONG CO,KHONG CO,0.0,0.0,0.0,61.668826907873154,0.0,14945.670251330825,0.0,7.339078238696686,0.004009440922313643,3.1460420007378787,682e252,e38de3cdd753f55a2ec54e244e44e2d5230435044aecec9268b7b78fcb02ff0b,audits/paper_extras/v4_runs/v1/bench7_seed909_det.json,audits/paper_extras/v4_runs/v2/bench2_seed909_det.json
909,det,us_federal+rl_aux,0,42,320.188428372561,909.0672800219824,0.3522164260106452,0,64,0.7,-0.4684709192334946,KHONG CO,KHONG CO,9529.259645072998,3.0446592455354113,7593.655777140642,59.43983316421509,0.0,16856.176268151245,23.03242586242249,0.0,0.003410784698745076,3.1365218542236977,682e252,e38de3cdd753f55a2ec54e244e44e2d5230435044aecec9268b7b78fcb02ff0b,audits/paper_extras/v4_runs/v1/bench7_seed909_det.json,audits/paper_extras/v4_runs/v2/bench2_seed909_det.json
909,det,us_federal+rl_aux,1,43,385.34649981003247,987.1562190132266,0.3903602007342156,0,70,0.7708333333333334,-0.4720911000914756,KHONG CO,KHONG CO,9373.081551210978,12.694218457310983,7484.612694700054,59.43983316421509,0.0,16373.121255912049,468.6019858919688,0.0,0.004436060640806662,2.7822107747380995,682e252,e38de3cdd753f55a2ec54e244e44e2d5230435044aecec9268b7b78fcb02ff0b,audits/paper_extras/v4_runs/v1/bench7_seed909_det.json,audits/paper_extras/v4_runs/v2/bench2_seed909_det.json
909,det,us_federal+rl_aux,2,44,339.5161655336434,942.6729668775595,0.36016325646658964,0,63,0.7333333333333333,-0.42180757422538173,KHONG CO,KHONG CO,9055.346652874623,13.17807378209034,7250.155743266907,66.12681439518929,0.0,16306.352398220324,445.8897707742945,0.0,0.006701032376763653,2.872777124387633,682e252,e38de3cdd753f55a2ec54e244e44e2d5230435044aecec9268b7b78fcb02ff0b,audits/paper_extras/v4_runs/v1/bench7_seed909_det.json,audits/paper_extras/v4_runs/v2/bench2_seed909_det.json
909,det,us_federal+rl_aux,3,45,364.45322010888106,976.4572861924358,0.3732403099064553,0,63,0.75,-0.48951102981277866,KHONG CO,KHONG CO,9314.499010792071,5.993255223530593,7441.340568796444,59.43983316421509,0.0,16758.58654210617,61.12532194875109,0.0,0.0041759391754773315,2.8868435246035116,682e252,e38de3cdd753f55a2ec54e244e44e2d5230435044aecec9268b7b78fcb02ff0b,audits/paper_extras/v4_runs/v1/bench7_seed909_det.json,audits/paper_extras/v4_runs/v2/bench2_seed909_det.json
909,det,us_federal+rl_aux,4,46,270.0735662435969,847.4189239847691,0.31870136316244335,1,56,0.7375,-0.5145127465003924,KHONG CO,KHONG CO,9576.420027398579,6.1194037523577025,7663.138611549554,66.12681439518929,0.23362959176301956,16421.300426400394,431.9151167395007,0.0,0.007045787202886475,3.319839159526113,682e252,e38de3cdd753f55a2ec54e244e44e2d5230435044aecec9268b7b78fcb02ff0b,audits/paper_extras/v4_runs/v1/bench7_seed909_det.json,audits/paper_extras/v4_runs/v2/bench2_seed909_det.json
909,det,us_federal+rl_aux,5,47,329.92304139943406,914.4864317994056,0.3607741240624588,0,56,0.775,-0.4880351110437104,KHONG CO,KHONG CO,9372.009880295862,11.134837230536382,7487.550366384589,59.439833164215074,0.0,16493.673410353258,342.48110762434493,0.0,0.003935793157476146,3.0342000279164165,682e252,e38de3cdd753f55a2ec54e244e44e2d5230435044aecec9268b7b78fcb02ff0b,audits/paper_extras/v4_runs/v1/bench7_seed909_det.json,audits/paper_extras/v4_runs/v2/bench2_seed909_det.json
909,det,us_federal+rl_aux,6,48,326.35721338106816,913.8987606645179,0.3571043395920199,0,57,0.5666666666666667,-0.22993178673431885,KHONG CO,KHONG CO,8681.749865172105,7.807723916597384,6947.373527325485,68.35580813884735,0.0,13328.78863416391,345.03961946045894,0.0,0.007101728427541561,2.798556436992853,682e252,e38de3cdd753f55a2ec54e244e44e2d5230435044aecec9268b7b78fcb02ff0b,audits/paper_extras/v4_runs/v1/bench7_seed909_det.json,audits/paper_extras/v4_runs/v2/bench2_seed909_det.json
909,det,us_federal+rl_aux,7,49,333.4869689660298,959.5051117337446,0.34756143024964925,0,75,0.7666666666666667,-0.574757564731008,KHONG CO,KHONG CO,10085.632933487343,18.217986351300176,8065.65932801204,63.89782065153122,0.0,16745.284365711952,229.0094054631288,0.0,0.00620770209505451,3.072785471507011,682e252,e38de3cdd753f55a2ec54e244e44e2d5230435044aecec9268b7b78fcb02ff0b,audits/paper_extras/v4_runs/v1/bench7_seed909_det.json,audits/paper_extras/v4_runs/v2/bench2_seed909_det.json
909,det,us_federal+rl_aux,8,50,323.21460474620284,889.9007998232635,0.36320296016184506,0,57,0.6375,-0.38370669067412044,KHONG CO,KHONG CO,9003.312387979826,6.770477739127853,7203.446257425535,61.668826907873154,0.0,16402.54127269984,342.4265086857119,0.0,0.004814603248490744,3.0433360604927415,682e252,e38de3cdd753f55a2ec54e244e44e2d5230435044aecec9268b7b78fcb02ff0b,audits/paper_extras/v4_runs/v1/bench7_seed909_det.json,audits/paper_extras/v4_runs/v2/bench2_seed909_det.json
909,det,us_federal+rl_aux,9,51,267.0525804760166,838.2591731748686,0.3185799678929454,0,54,0.6875,-0.3929742936659911,KHONG CO,KHONG CO,9369.066636872143,12.096828829938897,7501.856503996484,61.668826907873125,0.0,16437.180082840172,380.4580519575652,0.0,0.004655053672519125,3.3293361989183774,682e252,e38de3cdd753f55a2ec54e244e44e2d5230435044aecec9268b7b78fcb02ff0b,audits/paper_extras/v4_runs/v1/bench7_seed909_det.json,audits/paper_extras/v4_runs/v2/bench2_seed909_det.json
909,det,saez+rl_aux,0,42,189.06695023583814,703.1853571292671,0.26887213779265573,60,59,0.925,-8.987260867368969,KHONG CO,KHONG CO,51455.867265350586,60.128649167816896,40997.87381883645,73.55679354071617,177.44843726989515,23861.046413157517,374.9005556753318,0.0,0.01739692184961248,4.16270429343626,682e252,e38de3cdd753f55a2ec54e244e44e2d5230435044aecec9268b7b78fcb02ff0b,audits/paper_extras/v4_runs/v1/bench7_seed909_det.json,audits/paper_extras/v4_runs/v2/bench2_seed909_det.json
909,det,saez+rl_aux,1,43,223.66020496969028,837.576047500377,0.2670327137901942,57,68,0.9208333333333333,-7.063915303481093,KHONG CO,KHONG CO,52724.0363121554,97.06517800432351,41881.25003073048,79.74844282865524,173.70070242973452,25296.69303416169,369.35667162124,0.0,0.020343263010766756,3.615655369025328,682e252,e38de3cdd753f55a2ec54e244e44e2d5230435044aecec9268b7b78fcb02ff0b,audits/paper_extras/v4_runs/v1/bench7_seed909_det.json,audits/paper_extras/v4_runs/v2/bench2_seed909_det.json
909,det,saez+rl_aux,2,44,223.98721454457097,781.9293103446728,0.2864545574405414,56,62,0.9166666666666666,-7.99106250072391,KHONG CO,KHONG CO,49317.3124771757,40.074535325781284,38846.63691668941,77.51944908499715,108.90991646362971,24288.614553613817,32.132065561774986,40.479275508554295,0.019976929840585123,3.6735636890762744,682e252,e38de3cdd753f55a2ec54e244e44e2d5230435044aecec9268b7b78fcb02ff0b,audits/paper_extras/v4_runs/v1/bench7_seed909_det.json,audits/paper_extras/v4_runs/v2/bench2_seed909_det.json
909,det,saez+rl_aux,3,45,236.25562025544542,834.4586517614526,0.2831244181562923,61,69,0.925,-8.182600934304613,KHONG CO,KHONG CO,53834.21546343256,54.53014269246889,42576.8467539452,77.02411714196205,183.88933517637193,24801.328639944822,231.78000211798584,0.0,0.020648176614332905,3.7605881221566375,682e252,e38de3cdd753f55a2ec54e244e44e2d5230435044aecec9268b7b78fcb02ff0b,audits/paper_extras/v4_runs/v1/bench7_seed909_det.json,audits/paper_extras/v4_runs/v2/bench2_seed909_det.json
909,det,saez+rl_aux,4,46,196.03750351062902,669.6776445330157,0.29273413128092585,61,54,0.9375,-8.58499640628923,KHONG CO,KHONG CO,50600.57401935138,74.34242244404167,40500.687787528084,80.2437747716904,188.45765384668155,24783.16525138261,84.51021709270844,0.0,0.021522985573087537,4.320936921466514,682e252,e38de3cdd753f55a2ec54e244e44e2d5230435044aecec9268b7b78fcb02ff0b,audits/paper_extras/v4_runs/v1/bench7_seed909_det.json,audits/paper_extras/v4_runs/v2/bench2_seed909_det.json
909,det,saez+rl_aux,5,47,202.6872457260464,747.867983698949,0.2710200866248571,52,52,0.9291666666666667,-8.427958345761162,KHONG CO,KHONG CO,48303.23312977657,37.4689395970912,37966.55868848851,87.42608794569969,197.74729100446277,22373.045606589792,35.308205571515884,1344.367186589809,0.024709329388092113,3.705281453663664,682e252,e38de3cdd753f55a2ec54e244e44e2d5230435044aecec9268b7b78fcb02ff0b,audits/paper_extras/v4_runs/v1/bench7_seed909_det.json,audits/paper_extras/v4_runs/v2/bench2_seed909_det.json
909,det,saez+rl_aux,6,48,206.77512605823892,796.635499761277,0.2595605218700422,54,65,0.9291666666666667,-8.442590892391697,KHONG CO,KHONG CO,50934.69354926578,58.45657114373781,40515.08797669712,81.72977060079575,136.60397254207876,21753.906496174513,466.4626374143754,0.0,0.021509399979140295,3.757088827678972,682e252,e38de3cdd753f55a2ec54e244e44e2d5230435044aecec9268b7b78fcb02ff0b,audits/paper_extras/v4_runs/v1/bench7_seed909_det.json,audits/paper_extras/v4_runs/v2/bench2_seed909_det.json
909,det,saez+rl_aux,7,49,209.9071758241984,761.4927246710769,0.2756522406893208,64,68,0.925,-8.647935300799974,KHONG CO,KHONG CO,55234.65190133811,114.03112583963471,44056.226412067816,78.51011297106743,225.26662083177933,25625.122479393365,347.53429282244355,0.0,0.021073142517285974,4.153153513142198,682e252,e38de3cdd753f55a2ec54e244e44e2d5230435044aecec9268b7b78fcb02ff0b,audits/paper_extras/v4_runs/v1/bench7_seed909_det.json,audits/paper_extras/v4_runs/v2/bench2_seed909_det.json
909,det,saez+rl_aux,8,50,183.68113603901358,686.651199447278,0.2675028255785008,52,53,0.9208333333333333,-7.757180458015946,KHONG CO,KHONG CO,48553.960325743305,49.20686661186575,38786.701691210146,63.89782065153122,100.70597179570585,24326.12920464287,277.33857853121293,0.0,0.013691641212294247,4.0618535760586765,682e252,e38de3cdd753f55a2ec54e244e44e2d5230435044aecec9268b7b78fcb02ff0b,audits/paper_extras/v4_runs/v1/bench7_seed909_det.json,audits/paper_extras/v4_runs/v2/bench2_seed909_det.json
909,det,saez+rl_aux,9,51,167.28937402107945,620.9024783900136,0.2694293868094344,60,59,0.925,-9.913091269250604,KHONG CO,KHONG CO,54103.816407585655,51.753498171888715,43243.30834773829,69.09880605340004,120.8915976282555,25355.821238360608,295.6842975538126,0.0,0.016467839735557557,4.93329707433194,682e252,e38de3cdd753f55a2ec54e244e44e2d5230435044aecec9268b7b78fcb02ff0b,audits/paper_extras/v4_runs/v1/bench7_seed909_det.json,audits/paper_extras/v4_runs/v2/bench2_seed909_det.json
909,exp,rl_learned,0,42,395.3572919112377,919.5554551736512,0.42994393615616955,0,,0.04583333333333333,,KHONG CO,KHONG CO,4611.436520770426,65.82236946650387,4183.906566015114,100.12785811722279,12.961574204211567,15275.368179534022,,,0.005394351457079649,,682e252,e38de3cdd753f55a2ec54e244e44e2d5230435044aecec9268b7b78fcb02ff0b,audits/paper_extras/v4_runs/v1/bench7_seed909_exp.json,KHONG CO (che do lay mau v1)
909,exp,rl_learned,1,43,447.47333578218485,988.3643083735919,0.45274129386412887,0,,0.0,,KHONG CO,KHONG CO,4603.998128728394,29.724076514855682,4094.7419249403274,83.38615210354331,1.698531985282898,15328.318882839101,,,0.005809318958471793,,682e252,e38de3cdd753f55a2ec54e244e44e2d5230435044aecec9268b7b78fcb02ff0b,audits/paper_extras/v4_runs/v1/bench7_seed909_exp.json,KHONG CO (che do lay mau v1)
909,exp,rl_learned,2,44,372.74194921919684,943.6488970952835,0.3950006727783626,0,,0.0,,KHONG CO,KHONG CO,3819.982597031715,26.974435571417956,3330.1999137199564,52.557660922408104,0.0,15356.358506579512,,,0.006246588363318522,,682e252,e38de3cdd753f55a2ec54e244e44e2d5230435044aecec9268b7b78fcb02ff0b,audits/paper_extras/v4_runs/v1/bench7_seed909_exp.json,KHONG CO (che do lay mau v1)
909,exp,rl_learned,3,45,421.211527116203,960.5833315471745,0.4384955612729339,0,,0.0,,KHONG CO,KHONG CO,4472.495497338613,63.974434145280554,3899.6495161405096,86.16541408002377,2.807651374489069,15227.873792006563,,,0.0037124142411029603,,682e252,e38de3cdd753f55a2ec54e244e44e2d5230435044aecec9268b7b78fcb02ff0b,audits/paper_extras/v4_runs/v1/bench7_seed909_exp.json,KHONG CO (che do lay mau v1)
909,exp,rl_learned,4,46,387.39258232850335,892.7099408073061,0.43395123614079156,2,,0.058333333333333334,,KHONG CO,KHONG CO,3725.983579367212,35.08403523602299,3293.969216988694,108.1837395876646,8.580432014945835,14945.137896772798,,,0.009028007652314974,,682e252,e38de3cdd753f55a2ec54e244e44e2d5230435044aecec9268b7b78fcb02ff0b,audits/paper_extras/v4_runs/v1/bench7_seed909_exp.json,KHONG CO (che do lay mau v1)
909,exp,rl_learned,5,47,352.8447173281587,906.4141785604734,0.389275372863795,0,,0.0,,KHONG CO,KHONG CO,4860.236362216279,71.03194174776071,4318.51811898266,11.84065867960453,0.0,15397.929421869028,,,0.006514948201286678,,682e252,e38de3cdd753f55a2ec54e244e44e2d5230435044aecec9268b7b78fcb02ff0b,audits/paper_extras/v4_runs/v1/bench7_seed909_exp.json,KHONG CO (che do lay mau v1)
909,exp,rl_learned,6,48,357.4780771562896,897.8236989676799,0.3981606606812884,1,,0.0,,KHONG CO,KHONG CO,4942.394660415187,22.65005366667074,4351.832405455667,63.99418991804123,2.4635167866945267,15332.418418250647,,,0.0037912501762080086,,682e252,e38de3cdd753f55a2ec54e244e44e2d5230435044aecec9268b7b78fcb02ff0b,audits/paper_extras/v4_runs/v1/bench7_seed909_exp.json,KHONG CO (che do lay mau v1)
909,exp,rl_learned,7,49,407.3293113926647,963.3522532484011,0.42282489091519726,0,,0.0,,KHONG CO,KHONG CO,3985.99371087893,44.83535294263338,3559.101023306479,58.71358443796635,12.365984622256716,15329.418248263224,,,0.006572944033462095,,682e252,e38de3cdd753f55a2ec54e244e44e2d5230435044aecec9268b7b78fcb02ff0b,audits/paper_extras/v4_runs/v1/bench7_seed909_exp.json,KHONG CO (che do lay mau v1)
909,exp,rl_learned,8,50,368.47592677135685,897.6450138217192,0.4104918103455757,0,,0.0,,KHONG CO,KHONG CO,4595.077860968216,29.34441582099354,3963.3194213198663,38.613001719117165,0.0,15388.659390421271,,,0.004830307678410861,,682e252,e38de3cdd753f55a2ec54e244e44e2d5230435044aecec9268b7b78fcb02ff0b,audits/paper_extras/v4_runs/v1/bench7_seed909_exp.json,KHONG CO (che do lay mau v1)
909,exp,rl_learned,9,51,367.2897977831262,915.8510569618016,0.40103660414123987,0,,0.004166666666666667,,KHONG CO,KHONG CO,4362.209969108423,36.05139460740986,3902.581317077414,81.25137139856815,4.397851165384054,15310.076362846024,,,0.005965583112961125,,682e252,e38de3cdd753f55a2ec54e244e44e2d5230435044aecec9268b7b78fcb02ff0b,audits/paper_extras/v4_runs/v1/bench7_seed909_exp.json,KHONG CO (che do lay mau v1)
909,exp,free_market,0,42,391.82285093147755,933.8262719042444,0.4195885923539914,0,,0.0,,KHONG CO,KHONG CO,0.0,0.0,0.0,0.0,0.0,14830.864017405365,,,0.005377322555653092,,682e252,e38de3cdd753f55a2ec54e244e44e2d5230435044aecec9268b7b78fcb02ff0b,audits/paper_extras/v4_runs/v1/bench7_seed909_exp.json,KHONG CO (che do lay mau v1)
909,exp,free_market,1,43,440.1359675571352,972.5090396774763,0.4525777649358429,0,,0.0,,KHONG CO,KHONG CO,0.0,0.0,0.0,0.0,0.0,14800.304020964322,,,0.0053827570116320245,,682e252,e38de3cdd753f55a2ec54e244e44e2d5230435044aecec9268b7b78fcb02ff0b,audits/paper_extras/v4_runs/v1/bench7_seed909_exp.json,KHONG CO (che do lay mau v1)
909,exp,free_market,2,44,397.55040586930437,986.5385778334236,0.40297502277344344,0,,0.0,,KHONG CO,KHONG CO,0.0,0.0,0.0,0.0,0.0,14875.764900647167,,,0.007350096278515812,,682e252,e38de3cdd753f55a2ec54e244e44e2d5230435044aecec9268b7b78fcb02ff0b,audits/paper_extras/v4_runs/v1/bench7_seed909_exp.json,KHONG CO (che do lay mau v1)
909,exp,free_market,3,45,406.6763585110631,942.9776423532145,0.43126829337776906,0,,0.0,,KHONG CO,KHONG CO,0.0,0.0,0.0,0.0,0.0,14896.579652477969,,,0.005492817477921347,,682e252,e38de3cdd753f55a2ec54e244e44e2d5230435044aecec9268b7b78fcb02ff0b,audits/paper_extras/v4_runs/v1/bench7_seed909_exp.json,KHONG CO (che do lay mau v1)
909,exp,free_market,4,46,350.61607916027174,853.7713273995292,0.4106674327283869,0,,0.0,,KHONG CO,KHONG CO,0.0,0.0,0.0,0.0,0.0,14915.524284974894,,,0.004987688632186175,,682e252,e38de3cdd753f55a2ec54e244e44e2d5230435044aecec9268b7b78fcb02ff0b,audits/paper_extras/v4_runs/v1/bench7_seed909_exp.json,KHONG CO (che do lay mau v1)
909,exp,free_market,5,47,386.8646987004719,941.4261588822786,0.4109347239296839,0,,0.0,,KHONG CO,KHONG CO,0.0,0.0,0.0,0.0,0.0,14888.816100233882,,,0.00491498995644519,,682e252,e38de3cdd753f55a2ec54e244e44e2d5230435044aecec9268b7b78fcb02ff0b,audits/paper_extras/v4_runs/v1/bench7_seed909_exp.json,KHONG CO (che do lay mau v1)
909,exp,free_market,6,48,384.6655231603157,896.7920198961622,0.4289350424916307,0,,0.0,,KHONG CO,KHONG CO,0.0,0.0,0.0,0.0,0.0,14860.383246736319,,,0.00611765108520038,,682e252,e38de3cdd753f55a2ec54e244e44e2d5230435044aecec9268b7b78fcb02ff0b,audits/paper_extras/v4_runs/v1/bench7_seed909_exp.json,KHONG CO (che do lay mau v1)
909,exp,free_market,7,49,429.06928804555827,946.9016209029018,0.4531297429150313,0,,0.0,,KHONG CO,KHONG CO,0.0,0.0,0.0,0.0,0.0,14732.121269330726,,,0.006280942788210221,,682e252,e38de3cdd753f55a2ec54e244e44e2d5230435044aecec9268b7b78fcb02ff0b,audits/paper_extras/v4_runs/v1/bench7_seed909_exp.json,KHONG CO (che do lay mau v1)
909,exp,free_market,8,50,397.55337813215453,915.571904941463,0.4342131688254153,0,,0.0,,KHONG CO,KHONG CO,0.0,0.0,0.0,0.0,0.0,14720.72281674428,,,0.006830424738168482,,682e252,e38de3cdd753f55a2ec54e244e44e2d5230435044aecec9268b7b78fcb02ff0b,audits/paper_extras/v4_runs/v1/bench7_seed909_exp.json,KHONG CO (che do lay mau v1)
909,exp,free_market,9,51,314.7805408470094,833.346750963246,0.37773056711766373,0,,0.0,,KHONG CO,KHONG CO,0.0,0.0,0.0,0.0,0.0,14874.54694516089,,,0.003500547147443826,,682e252,e38de3cdd753f55a2ec54e244e44e2d5230435044aecec9268b7b78fcb02ff0b,audits/paper_extras/v4_runs/v1/bench7_seed909_exp.json,KHONG CO (che do lay mau v1)
909,exp,us_federal,0,42,347.075177688457,921.687221744311,0.37656503149909193,0,,0.7833333333333333,,KHONG CO,KHONG CO,10303.610054530815,25.34449292296856,10314.197706472734,0.0,0.0,14920.622512000353,,,0.005291961438216191,,682e252,e38de3cdd753f55a2ec54e244e44e2d5230435044aecec9268b7b78fcb02ff0b,audits/paper_extras/v4_runs/v1/bench7_seed909_exp.json,KHONG CO (che do lay mau v1)
909,exp,us_federal,1,43,377.7763467739566,948.2190564466379,0.3984061954941489,1,,0.775,,KHONG CO,KHONG CO,9260.8907382635,23.60239311519158,9270.554002203366,0.0,4.611803847527358,14948.383807233758,,,0.006437937044874689,,682e252,e38de3cdd753f55a2ec54e244e44e2d5230435044aecec9268b7b78fcb02ff0b,audits/paper_extras/v4_runs/v1/bench7_seed909_exp.json,KHONG CO (che do lay mau v1)
909,exp,us_federal,2,44,339.07318742137033,918.8888222073067,0.3690034955554976,0,,0.7458333333333333,,KHONG CO,KHONG CO,9313.947881182838,35.64098831337315,9336.005262374802,0.0,0.800000011920929,14979.419824716304,,,0.005125754409892765,,682e252,e38de3cdd753f55a2ec54e244e44e2d5230435044aecec9268b7b78fcb02ff0b,audits/paper_extras/v4_runs/v1/bench7_seed909_exp.json,KHONG CO (che do lay mau v1)
909,exp,us_federal,3,45,366.99431625106536,983.22636710524,0.37325516130283354,0,,0.8,,KHONG CO,KHONG CO,9976.715873160494,28.54247425729019,9989.913109623596,0.0,3.9420297755582485,14774.391018220984,,,0.007360963710989851,,682e252,e38de3cdd753f55a2ec54e244e44e2d5230435044aecec9268b7b78fcb02ff0b,audits/paper_extras/v4_runs/v1/bench7_seed909_exp.json,KHONG CO (che do lay mau v1)
909,exp,us_federal,4,46,279.97018320455743,839.2644671319983,0.33358993996409014,0,,0.6708333333333333,,KHONG CO,KHONG CO,9262.424723355987,24.994341341271753,9274.326302781868,0.0,1.874206887362604,14910.402024553301,,,0.004790950185963857,,682e252,e38de3cdd753f55a2ec54e244e44e2d5230435044aecec9268b7b78fcb02ff0b,audits/paper_extras/v4_runs/v1/bench7_seed909_exp.json,KHONG CO (che do lay mau v1)
909,exp,us_federal,5,47,322.26916791374174,921.712532867132,0.3496417336447327,0,,0.6083333333333333,,KHONG CO,KHONG CO,9437.949446701017,28.607131436487148,9451.906461900413,0.0,5.351560317521644,14880.086041737863,,,0.006039194350377578,,682e252,e38de3cdd753f55a2ec54e244e44e2d5230435044aecec9268b7b78fcb02ff0b,audits/paper_extras/v4_runs/v1/bench7_seed909_exp.json,KHONG CO (che do lay mau v1)
909,exp,us_federal,6,48,306.9721292761149,864.2657534397515,0.35518256746188903,0,,0.7083333333333334,,KHONG CO,KHONG CO,9747.373509518951,25.234984851136076,9759.405283952787,0.0,0.4526325415158943,14880.721559705846,,,0.004797495060760026,,682e252,e38de3cdd753f55a2ec54e244e44e2d5230435044aecec9268b7b78fcb02ff0b,audits/paper_extras/v4_runs/v1/bench7_seed909_exp.json,KHONG CO (che do lay mau v1)
909,exp,us_federal,7,49,383.93539402972596,944.4656516873232,0.40651070088553354,0,,0.7291666666666666,,KHONG CO,KHONG CO,10097.312587262993,34.76553394842078,10118.567747323872,0.0,0.0,14763.091586370827,,,0.0040118115009616555,,682e252,e38de3cdd753f55a2ec54e244e44e2d5230435044aecec9268b7b78fcb02ff0b,audits/paper_extras/v4_runs/v1/bench7_seed909_exp.json,KHONG CO (che do lay mau v1)
909,exp,us_federal,8,50,333.17783862119165,900.7989523175512,0.3698692563573711,0,,0.6916666666666667,,KHONG CO,KHONG CO,9861.300405149994,33.96464025020247,9881.706026530806,0.0,1.650000024586916,14930.858095563462,,,0.0038357035563809866,,682e252,e38de3cdd753f55a2ec54e244e44e2d5230435044aecec9268b7b78fcb02ff0b,audits/paper_extras/v4_runs/v1/bench7_seed909_exp.json,KHONG CO (che do lay mau v1)
909,exp,us_federal,9,51,285.1828549875504,854.5322769869742,0.33372976383418396,2,,0.775,,KHONG CO,KHONG CO,10094.820351153583,19.041500352520803,10100.278455912177,0.0,7.029034475166057,14818.751852756033,,,0.007032620991634623,,682e252,e38de3cdd753f55a2ec54e244e44e2d5230435044aecec9268b7b78fcb02ff0b,audits/paper_extras/v4_runs/v1/bench7_seed909_exp.json,KHONG CO (che do lay mau v1)
909,exp,saez,0,42,167.64630514160635,698.3409146457923,0.2400637018763805,47,,0.9291666666666667,,KHONG CO,KHONG CO,52648.50479964545,438.95941905727875,53045.790508544946,0.0,344.1349425089075,13049.511349639708,,,0.03231725517236582,,682e252,e38de3cdd753f55a2ec54e244e44e2d5230435044aecec9268b7b78fcb02ff0b,audits/paper_extras/v4_runs/v1/bench7_seed909_exp.json,KHONG CO (che do lay mau v1)
909,exp,saez,1,43,190.2248788654557,791.0378863043271,0.2404750545567076,52,,0.9291666666666667,,KHONG CO,KHONG CO,54313.67269007412,146.90258869812115,54174.3590418765,0.0,143.70045546037244,15038.400026371184,,,0.02506050184914909,,682e252,e38de3cdd753f55a2ec54e244e44e2d5230435044aecec9268b7b78fcb02ff0b,audits/paper_extras/v4_runs/v1/bench7_seed909_exp.json,KHONG CO (che do lay mau v1)
909,exp,saez,2,44,192.19726844346806,788.8461379133443,0.24364354365969043,69,,0.925,,KHONG CO,KHONG CO,53930.48778941673,168.14321951527913,54049.193257481245,0.0,191.69523739733617,14590.509651256782,,,0.024929553498486343,,682e252,e38de3cdd753f55a2ec54e244e44e2d5230435044aecec9268b7b78fcb02ff0b,audits/paper_extras/v4_runs/v1/bench7_seed909_exp.json,KHONG CO (che do lay mau v1)
909,exp,saez,3,45,186.48437610100055,736.0258560980957,0.253366610093853,65,,0.9208333333333333,,KHONG CO,KHONG CO,58132.63660841686,292.62965009399096,57582.05348904854,0.0,265.03400359466116,14590.805722098763,,,0.031117103515276686,,682e252,e38de3cdd753f55a2ec54e244e44e2d5230435044aecec9268b7b78fcb02ff0b,audits/paper_extras/v4_runs/v1/bench7_seed909_exp.json,KHONG CO (che do lay mau v1)
909,exp,saez,4,46,189.52791909077405,714.2059808777177,0.26536870897924325,47,,0.9458333333333333,,KHONG CO,KHONG CO,48935.64001890131,262.88296681987725,49159.05296749916,0.0,210.92613789994172,11633.976526218903,,,0.028610151514011348,,682e252,e38de3cdd753f55a2ec54e244e44e2d5230435044aecec9268b7b78fcb02ff0b,audits/paper_extras/v4_runs/v1/bench7_seed909_exp.json,KHONG CO (che do lay mau v1)
909,exp,saez,5,47,164.59035485295803,730.2087332874188,0.22540178903635943,49,,0.9333333333333333,,KHONG CO,KHONG CO,54444.9614108268,239.03551685446408,54637.6350503844,0.0,251.44763109795238,14530.260304729432,,,0.02942999079214679,,682e252,e38de3cdd753f55a2ec54e244e44e2d5230435044aecec9268b7b78fcb02ff0b,audits/paper_extras/v4_runs/v1/bench7_seed909_exp.json,KHONG CO (che do lay mau v1)
909,exp,saez,6,48,161.02001767403232,660.1821867813783,0.24390239678998593,44,,0.9333333333333333,,KHONG CO,KHONG CO,50225.06063319316,124.2136683369572,50288.107817289085,0.0,208.66555037153688,13077.487372383961,,,0.028488914098679353,,682e252,e38de3cdd753f55a2ec54e244e44e2d5230435044aecec9268b7b78fcb02ff0b,audits/paper_extras/v4_runs/v1/bench7_seed909_exp.json,KHONG CO (che do lay mau v1)
909,exp,saez,7,49,238.0483215290737,752.2758323498545,0.3164375502872284,64,,0.9291666666666667,,KHONG CO,KHONG CO,57841.53221635569,530.4917194243386,58050.471574594325,0.0,112.48478087508624,15088.58049362379,,,0.027794325777151165,,682e252,e38de3cdd753f55a2ec54e244e44e2d5230435044aecec9268b7b78fcb02ff0b,audits/paper_extras/v4_runs/v1/bench7_seed909_exp.json,KHONG CO (che do lay mau v1)
909,exp,saez,8,50,217.72524018833496,674.5249752738222,0.32278306685375113,65,,0.9375,,KHONG CO,KHONG CO,56780.53187454334,248.60142866615809,55543.65558336105,0.0,241.37963112779636,14664.898705588786,,,0.03474136429035009,,682e252,e38de3cdd753f55a2ec54e244e44e2d5230435044aecec9268b7b78fcb02ff0b,audits/paper_extras/v4_runs/v1/bench7_seed909_exp.json,KHONG CO (che do lay mau v1)
909,exp,saez,9,51,147.0928225650804,633.5084893259266,0.23218761081101202,41,,0.9416666666666667,,KHONG CO,KHONG CO,50657.08519904029,185.3041250913522,50761.10437710467,0.0,214.48523900901574,13075.961002421454,,,0.027859886265219454,,682e252,e38de3cdd753f55a2ec54e244e44e2d5230435044aecec9268b7b78fcb02ff0b,audits/paper_extras/v4_runs/v1/bench7_seed909_exp.json,KHONG CO (che do lay mau v1)
909,exp,free_market+rl_aux,0,42,371.6971175370964,908.2569401674288,0.40924225414515136,0,,0.0,,KHONG CO,KHONG CO,0.0,0.0,0.0,71.46364510059357,2.4573835730552673,14824.350602045572,,,0.004511942694049452,,682e252,e38de3cdd753f55a2ec54e244e44e2d5230435044aecec9268b7b78fcb02ff0b,audits/paper_extras/v4_runs/v1/bench7_seed909_exp.json,KHONG CO (che do lay mau v1)
909,exp,free_market+rl_aux,1,43,403.84274562107043,962.948873456204,0.4193812950542256,0,,0.0,,KHONG CO,KHONG CO,0.0,0.0,0.0,71.46364510059357,1.8616542220115662,14859.053717815526,,,0.004245794703635812,,682e252,e38de3cdd753f55a2ec54e244e44e2d5230435044aecec9268b7b78fcb02ff0b,audits/paper_extras/v4_runs/v1/bench7_seed909_exp.json,KHONG CO (che do lay mau v1)
909,exp,free_market+rl_aux,2,44,397.6674823041833,958.733469113129,0.414784186758436,0,,0.0,,KHONG CO,KHONG CO,0.0,0.0,0.0,74.14353179186583,14.689312606429489,14767.063517112027,,,0.007086192223767476,,682e252,e38de3cdd753f55a2ec54e244e44e2d5230435044aecec9268b7b78fcb02ff0b,audits/paper_extras/v4_runs/v1/bench7_seed909_exp.json,KHONG CO (che do lay mau v1)
909,exp,free_market+rl_aux,3,45,425.1993806448271,968.2057247922316,0.4391622252967685,0,,0.0,,KHONG CO,KHONG CO,0.0,0.0,0.0,74.14353179186583,2.5336261856032367,14692.859051080173,,,0.0058404806788869305,,682e252,e38de3cdd753f55a2ec54e244e44e2d5230435044aecec9268b7b78fcb02ff0b,audits/paper_extras/v4_runs/v1/bench7_seed909_exp.json,KHONG CO (che do lay mau v1)
909,exp,free_market+rl_aux,4,46,352.0945136891365,869.3686080931733,0.40500026158225544,0,,0.0,,KHONG CO,KHONG CO,0.0,0.0,0.0,71.46364510059357,0.0,14918.0364060622,,,0.004164159220421469,,682e252,e38de3cdd753f55a2ec54e244e44e2d5230435044aecec9268b7b78fcb02ff0b,audits/paper_extras/v4_runs/v1/bench7_seed909_exp.json,KHONG CO (che do lay mau v1)
909,exp,free_market+rl_aux,5,47,414.62193168826235,937.4942002957342,0.4422661298144235,0,,0.0,,KHONG CO,KHONG CO,0.0,0.0,0.0,71.46364510059357,4.2875414740316735,14816.981736305792,,,0.005951445379297299,,682e252,e38de3cdd753f55a2ec54e244e44e2d5230435044aecec9268b7b78fcb02ff0b,audits/paper_extras/v4_runs/v1/bench7_seed909_exp.json,KHONG CO (che do lay mau v1)
909,exp,free_market+rl_aux,6,48,350.6335337169516,873.8786668166654,0.401238234816084,0,,0.0,,KHONG CO,KHONG CO,0.0,0.0,0.0,74.14353179186583,10.661026555398877,14894.540375433686,,,0.005675085288360962,,682e252,e38de3cdd753f55a2ec54e244e44e2d5230435044aecec9268b7b78fcb02ff0b,audits/paper_extras/v4_runs/v1/bench7_seed909_exp.json,KHONG CO (che do lay mau v1)
909,exp,free_market+rl_aux,7,49,433.1834018460155,954.271744854286,0.4539413476107491,0,,0.0,,KHONG CO,KHONG CO,0.0,0.0,0.0,71.46364510059357,4.3190377950668335,14813.109860367615,,,0.004888017026757139,,682e252,e38de3cdd753f55a2ec54e244e44e2d5230435044aecec9268b7b78fcb02ff0b,audits/paper_extras/v4_runs/v1/bench7_seed909_exp.json,KHONG CO (che do lay mau v1)
909,exp,free_market+rl_aux,8,50,371.26146179637044,908.2243238554245,0.40877727235971895,0,,0.0,,KHONG CO,KHONG CO,0.0,0.0,0.0,71.46364510059357,0.0,14840.833532011717,,,0.0033742349911427367,,682e252,e38de3cdd753f55a2ec54e244e44e2d5230435044aecec9268b7b78fcb02ff0b,audits/paper_extras/v4_runs/v1/bench7_seed909_exp.json,KHONG CO (che do lay mau v1)
909,exp,free_market+rl_aux,9,51,355.2602824365478,845.0193677841919,0.4204167336047109,1,,0.0,,KHONG CO,KHONG CO,0.0,0.0,0.0,73.2502362281084,11.55458265048098,14903.919426747821,,,0.005168870613267078,,682e252,e38de3cdd753f55a2ec54e244e44e2d5230435044aecec9268b7b78fcb02ff0b,audits/paper_extras/v4_runs/v1/bench7_seed909_exp.json,KHONG CO (che do lay mau v1)
909,exp,us_federal+rl_aux,0,42,307.90902801863166,892.7327059388159,0.34490618073057855,0,,0.6291666666666667,,KHONG CO,KHONG CO,9200.603241092822,29.066273798797532,7061.078126546032,71.46364510059357,3.730475540739863,16867.67997265648,,,0.005137865179592857,,682e252,e38de3cdd753f55a2ec54e244e44e2d5230435044aecec9268b7b78fcb02ff0b,audits/paper_extras/v4_runs/v1/bench7_seed909_exp.json,KHONG CO (che do lay mau v1)
909,exp,us_federal+rl_aux,1,43,368.85895871646983,989.1179252622059,0.3729170701447846,0,,0.7208333333333333,,KHONG CO,KHONG CO,9401.845203938738,29.14881280332469,7157.833749591854,71.46364510059357,2.4573835730552673,16769.924642001504,,,0.0044017297869913645,,682e252,e38de3cdd753f55a2ec54e244e44e2d5230435044aecec9268b7b78fcb02ff0b,audits/paper_extras/v4_runs/v1/bench7_seed909_exp.json,KHONG CO (che do lay mau v1)
909,exp,us_federal+rl_aux,2,44,336.8979894730479,954.4596195400286,0.3529724910053347,0,,0.6,,KHONG CO,KHONG CO,8538.31029675908,30.9636537132058,6554.593487617438,71.46364510059357,2.4573835730552673,16889.655291794686,,,0.004346959025107838,,682e252,e38de3cdd753f55a2ec54e244e44e2d5230435044aecec9268b7b78fcb02ff0b,audits/paper_extras/v4_runs/v1/bench7_seed909_exp.json,KHONG CO (che do lay mau v1)
909,exp,us_federal+rl_aux,3,45,345.0699288293477,954.1988210751099,0.3616331536026761,0,,0.7791666666666667,,KHONG CO,KHONG CO,9232.10950529464,22.954261210458352,7080.920743849695,71.46364510059357,4.9911137070288225,16827.04318423877,,,0.005405824970883006,,682e252,e38de3cdd753f55a2ec54e244e44e2d5230435044aecec9268b7b78fcb02ff0b,audits/paper_extras/v4_runs/v1/bench7_seed909_exp.json,KHONG CO (che do lay mau v1)
909,exp,us_federal+rl_aux,4,46,277.06270545932756,858.6624490295425,0.3226677791400602,0,,0.7583333333333333,,KHONG CO,KHONG CO,9287.918463848915,27.22255793512588,7127.528313376931,71.46364510059357,0.0,16974.573139150107,,,0.005386179078998054,,682e252,e38de3cdd753f55a2ec54e244e44e2d5230435044aecec9268b7b78fcb02ff0b,audits/paper_extras/v4_runs/v1/bench7_seed909_exp.json,KHONG CO (che do lay mau v1)
909,exp,us_federal+rl_aux,5,47,320.74566352282505,903.8847251564608,0.35485239942217695,0,,0.6541666666666667,,KHONG CO,KHONG CO,8728.634510797438,26.130809366881085,6695.984063409788,76.82341848313808,0.0,16846.576338847895,,,0.005580440352563143,,682e252,e38de3cdd753f55a2ec54e244e44e2d5230435044aecec9268b7b78fcb02ff0b,audits/paper_extras/v4_runs/v1/bench7_seed909_exp.json,KHONG CO (che do lay mau v1)
909,exp,us_federal+rl_aux,6,48,302.13820767899387,914.6249492636791,0.3303410954645737,0,,0.7583333333333333,,KHONG CO,KHONG CO,9828.76000942246,40.03904375379145,7544.622144566313,71.46364510059357,6.91990048898585,16780.316316150478,,,0.00621028166366842,,682e252,e38de3cdd753f55a2ec54e244e44e2d5230435044aecec9268b7b78fcb02ff0b,audits/paper_extras/v4_runs/v1/bench7_seed909_exp.json,KHONG CO (che do lay mau v1)
909,exp,us_federal+rl_aux,7,49,344.49434539578215,945.9769635108474,0.36416779550026734,0,,0.6208333333333333,,KHONG CO,KHONG CO,9548.440887335324,29.19340452375111,7328.447543011779,78.31224442273378,13.996832146450824,16716.146602225836,,,0.009081412538046958,,682e252,e38de3cdd753f55a2ec54e244e44e2d5230435044aecec9268b7b78fcb02ff0b,audits/paper_extras/v4_runs/v1/bench7_seed909_exp.json,KHONG CO (che do lay mau v1)
909,exp,us_federal+rl_aux,8,50,324.0458399563515,932.067403373589,0.347663526031999,0,,0.6375,,KHONG CO,KHONG CO,9533.602007140564,19.092631863523934,7308.744208354876,71.46364510059357,9.760726057205241,16927.99839823353,,,0.005292082850807049,,682e252,e38de3cdd753f55a2ec54e244e44e2d5230435044aecec9268b7b78fcb02ff0b,audits/paper_extras/v4_runs/v1/bench7_seed909_exp.json,KHONG CO (che do lay mau v1)
909,exp,us_federal+rl_aux,9,51,283.9320994014002,876.7781874599274,0.3238357243169637,0,,0.6916666666666667,,KHONG CO,KHONG CO,10293.951952764539,25.440328710999008,7878.84741927377,72.65470585227013,24.300964561284136,17294.551110569144,,,0.005242203855437106,,682e252,e38de3cdd753f55a2ec54e244e44e2d5230435044aecec9268b7b78fcb02ff0b,audits/paper_extras/v4_runs/v1/bench7_seed909_exp.json,KHONG CO (che do lay mau v1)
909,exp,saez+rl_aux,0,42,194.5912533865714,753.564207808747,0.25822783429750984,65,,0.9208333333333333,,KHONG CO,KHONG CO,57839.59900052156,250.03089354537124,44298.9041110161,106.30217208713293,353.79539437918334,27656.428955959636,,,0.026697344995720466,,682e252,e38de3cdd753f55a2ec54e244e44e2d5230435044aecec9268b7b78fcb02ff0b,audits/paper_extras/v4_runs/v1/bench7_seed909_exp.json,KHONG CO (che do lay mau v1)
909,exp,saez+rl_aux,1,43,236.87768602877304,848.8033095350094,0.27907252878000577,56,,0.9125,,KHONG CO,KHONG CO,51883.30256272401,152.78941290106206,39497.84117483114,103.02675502002239,219.01455032954914,26833.815121734126,,,0.02251032564395601,,682e252,e38de3cdd753f55a2ec54e244e44e2d5230435044aecec9268b7b78fcb02ff0b,audits/paper_extras/v4_runs/v1/bench7_seed909_exp.json,KHONG CO (che do lay mau v1)
909,exp,saez+rl_aux,2,44,259.91159041649684,895.826761476363,0.29013599681723146,60,,0.9291666666666667,,KHONG CO,KHONG CO,50304.415759403455,234.73015334317492,38384.54996594422,88.73402599990365,141.87926616884116,26686.184445473747,,,0.020908104536687774,,682e252,e38de3cdd753f55a2ec54e244e44e2d5230435044aecec9268b7b78fcb02ff0b,audits/paper_extras/v4_runs/v1/bench7_seed909_exp.json,KHONG CO (che do lay mau v1)
909,exp,saez+rl_aux,3,45,222.80705907105357,821.3095456201156,0.2712826853885242,54,,0.925,,KHONG CO,KHONG CO,53439.39754621743,333.28354072868274,40962.9435456491,113.44853659719229,306.0104666861557,27218.12792141328,,,0.027675388510712495,,682e252,e38de3cdd753f55a2ec54e244e44e2d5230435044aecec9268b7b78fcb02ff0b,audits/paper_extras/v4_runs/v1/bench7_seed909_exp.json,KHONG CO (che do lay mau v1)
909,exp,saez+rl_aux,4,46,187.47520933506047,747.7741088949141,0.2507110196849657,56,,0.9333333333333333,,KHONG CO,KHONG CO,47729.27868100835,180.44940881948708,36544.89858412291,133.39880418777463,342.5480060789806,21358.03255642004,,,0.03263507655345491,,682e252,e38de3cdd753f55a2ec54e244e44e2d5230435044aecec9268b7b78fcb02ff0b,audits/paper_extras/v4_runs/v1/bench7_seed909_exp.json,KHONG CO (che do lay mau v1)
909,exp,saez+rl_aux,5,47,207.959211050299,820.6970871794291,0.2533933826486615,61,,0.9208333333333333,,KHONG CO,KHONG CO,53724.89698744562,160.36878047048936,41027.7990690393,117.61724922806025,283.4421129509574,25707.22747664104,,,0.028556170371429004,,682e252,e38de3cdd753f55a2ec54e244e44e2d5230435044aecec9268b7b78fcb02ff0b,audits/paper_extras/v4_runs/v1/bench7_seed909_exp.json,KHONG CO (che do lay mau v1)
909,exp,saez+rl_aux,6,48,206.67187090702586,723.7812450061208,0.2855446619168449,53,,0.925,,KHONG CO,KHONG CO,51024.727786238625,145.60572555340602,38997.5799571293,129.82562193274498,398.33239538002977,26119.354839160023,,,0.037009474560809656,,682e252,e38de3cdd753f55a2ec54e244e44e2d5230435044aecec9268b7b78fcb02ff0b,audits/paper_extras/v4_runs/v1/bench7_seed909_exp.json,KHONG CO (che do lay mau v1)
909,exp,saez+rl_aux,7,49,209.32844394650462,778.6394201911447,0.26883874424841925,54,,0.9125,,KHONG CO,KHONG CO,49920.922462317685,247.7723295646386,38382.01582359459,105.11111133545637,181.78345806166007,23859.132076554648,,,0.022161626853904947,,682e252,e38de3cdd753f55a2ec54e244e44e2d5230435044aecec9268b7b78fcb02ff0b,audits/paper_extras/v4_runs/v1/bench7_seed909_exp.json,KHONG CO (che do lay mau v1)
909,exp,saez+rl_aux,8,50,210.78139518966887,799.0878784613686,0.26377749040008613,54,,0.925,,KHONG CO,KHONG CO,50026.30650396118,212.53225478509083,37869.464097920856,125.65690930187702,317.7501296964077,22809.53388536582,,,0.031489654441734696,,682e252,e38de3cdd753f55a2ec54e244e44e2d5230435044aecec9268b7b78fcb02ff0b,audits/paper_extras/v4_runs/v1/bench7_seed909_exp.json,KHONG CO (che do lay mau v1)
909,exp,saez+rl_aux,9,51,190.40388459068566,658.5152987348048,0.28914117098950576,58,,0.9291666666666667,,KHONG CO,KHONG CO,46889.68826779114,215.16099309432238,35979.30001738227,95.88039050996301,229.75110275094937,25252.546728957925,,,0.025529770185978854,,682e252,e38de3cdd753f55a2ec54e244e44e2d5230435044aecec9268b7b78fcb02ff0b,audits/paper_extras/v4_runs/v1/bench7_seed909_exp.json,KHONG CO (che do lay mau v1)
