seed,mode,arm,episode,eqprod_1_240,eqprod_1_220,contribution,contribution_pct,n_steps
42,det,free_market,0,331.0929312021562,314.40952672698165,16.68340447517454,5.038888753861107,240
42,det,free_market,1,367.18796774693897,353.98808898455826,13.199878762380706,3.5948560197587645,240
42,det,free_market,2,334.76713593298604,327.17758453080995,7.589551402176085,2.2671136403590606,240
42,det,free_market,3,432.5233769443976,421.6678838179487,10.855493126448948,2.5098049504603908,240
42,det,free_market,4,382.82358547062313,373.0114724247873,9.812113045835815,2.5630900023501217,240
42,det,free_market,5,392.72762000364906,380.99910676665206,11.728513236997003,2.9864243408416313,240
42,det,free_market,6,343.4813606620199,329.19506503239523,14.286295629624647,4.159263723099703,240
42,det,free_market,7,380.638437602026,361.6854692275547,18.95296837447131,4.979257610942451,240
42,det,free_market,8,399.4157752949412,384.13003678610977,15.285738508831457,3.827024232466528,240
42,det,free_market,9,348.03018014994433,332.87611014734165,15.15407000260268,4.35424019723627,240
42,det,free_market+rl_aux,0,332.7287806588044,316.29407999943123,16.434700659373163,4.93936852316544,240
42,det,free_market+rl_aux,1,370.943367159171,356.95738835936817,13.985978799802808,3.7703811519566695,240
42,det,free_market+rl_aux,2,333.8066606056619,326.4125925768271,7.394068028834795,2.2150750423670185,240
42,det,free_market+rl_aux,3,438.1995392459215,425.80712380866555,12.392415437255977,2.8280302299225473,240
42,det,free_market+rl_aux,4,275.0032729545944,255.26760519350302,19.735667761091406,7.1765210461149485,240
42,det,free_market+rl_aux,5,387.2552155625657,377.2829106401317,9.972304922433977,2.575124755375395,240
42,det,free_market+rl_aux,6,351.8628559741986,337.4959725384073,14.366883435791351,4.083091804621982,240
42,det,free_market+rl_aux,7,379.3524357134342,359.6237604161955,19.72867529723868,5.200619118244407,240
42,det,free_market+rl_aux,8,400.4929287023933,385.09850226026595,15.394426442127326,3.8438697262410195,240
42,det,free_market+rl_aux,9,348.120584046006,333.0655272041253,15.055056841880685,4.324667236537521,240
42,det,rl_learned,0,385.5937481004185,369.5248240248761,16.068924075542384,4.167319660835793,240
42,det,rl_learned,1,400.3371477808473,383.06906074246064,17.268087038386682,4.313386138185603,240
42,det,rl_learned,2,339.7103539405195,332.3510729043874,7.359281036132074,2.1663399277552267,240
42,det,rl_learned,3,396.4620920560774,381.95062857911233,14.511463476965048,3.6602398483314467,240
42,det,rl_learned,4,320.11335770031343,306.7505368755661,13.362820824747303,4.174402755556807,240
42,det,rl_learned,5,379.40192933747693,364.3110963148506,15.090833022626327,3.9775319669508256,240
42,det,rl_learned,6,353.7936257943632,338.58100039271494,15.212625401648268,4.299858531224743,240
42,det,rl_learned,7,403.14749301666023,381.6272485049947,21.52024451166551,5.338057382084769,240
42,det,rl_learned,8,395.6471553994408,380.85442198730516,14.792733412135647,3.7388701549493195,240
42,det,rl_learned,9,330.41592136714064,313.77027444927865,16.645646917861995,5.037785966544341,240
42,det,saez,0,134.27543213057288,137.12979670614186,-2.8543645755689795,-2.1257534087049685,240
42,det,saez,1,136.83034520369063,143.5315984082273,-6.70125320453667,-4.897490534399325,240
42,det,saez,2,201.39970320601802,180.7746074476746,20.625095758343406,10.240876937760605,240
42,det,saez,3,159.2829933378575,165.56758260938636,-6.2845892715288585,-3.945549452475773,240
42,det,saez,4,135.01079120129017,139.12970375911723,-4.118912557827059,-3.0508024737712214,240
42,det,saez,5,146.64845692969547,149.55368220611854,-2.9052252764230673,-1.9810813814535104,240
42,det,saez,6,138.6979038055757,144.46138585038975,-5.7634820448140545,-4.155421161154103,240
42,det,saez,7,137.87326001576804,139.16515928232565,-1.291899266557607,-0.9370194528002438,240
42,det,saez,8,125.22003517089699,130.34241119169866,-5.122376020801667,-4.090700033593492,240
42,det,saez,9,114.9366627311319,124.67508911526015,-9.738426384128246,-8.472863360326611,240
42,det,saez+rl_aux,0,123.63359740652996,128.56487347042332,-4.931276063893364,-3.9886213515881312,240
42,det,saez+rl_aux,1,155.1747891529067,161.87728880797692,-6.702499655070227,-4.319322546954257,240
42,det,saez+rl_aux,2,158.98902270256255,169.0164318944119,-10.027409191849358,-6.306982093102544,240
42,det,saez+rl_aux,3,155.5239498868428,160.70982487057017,-5.185874983727388,-3.3344542673334643,240
42,det,saez+rl_aux,4,258.78196575447123,264.6816381421172,-5.899672387645978,-2.279784980551352,240
42,det,saez+rl_aux,5,127.11730318069564,128.99137021685843,-1.874067036162785,-1.474281619630352,240
42,det,saez+rl_aux,6,122.59308352878661,125.81061381910507,-3.2175302903184644,-2.6245610255516105,240
42,det,saez+rl_aux,7,131.6821929166237,133.63345476391027,-1.9512618472865597,-1.4817962885247715,240
42,det,saez+rl_aux,8,138.74054951819602,142.45640478305734,-3.715855264861318,-2.6782763062171515,240
42,det,saez+rl_aux,9,119.28625542529987,124.20652454970421,-4.920269124404342,-4.124757799514917,240
42,det,us_federal,0,283.14924685595764,269.32283626249006,13.826410593467585,4.883082242666636,240
42,det,us_federal,1,324.5728683634002,310.36203431355614,14.210834049844038,4.378318533369592,240
42,det,us_federal,2,305.0270553405838,295.737759487036,9.289295853547799,3.045400626241386,240
42,det,us_federal,3,331.8461080495722,323.04901888646515,8.797089163107046,2.650954448377291,240
42,det,us_federal,4,290.97029591709446,282.42328570920665,8.547010207887809,2.9374167493451253,240
42,det,us_federal,5,309.3762684797574,304.3423536402395,5.033914839517934,1.6271173171278017,240
42,det,us_federal,6,295.3751833054609,291.20985635099333,4.1653269544675595,1.410181758621206,240
42,det,us_federal,7,317.7974396814901,304.7879279066733,13.009511774816815,4.093649019908874,240
42,det,us_federal,8,297.30937418872054,289.1810316160751,8.128342572645465,2.7339678053628766,240
42,det,us_federal,9,246.01330256826822,235.29058307569713,10.722719492571088,4.358593368988879,240
42,det,us_federal+rl_aux,0,226.24937036488302,213.77232914749592,12.477041217387097,5.514729697264918,240
42,det,us_federal+rl_aux,1,302.8668815854696,285.95758085797536,16.90930072749427,5.583080143651307,240
42,det,us_federal+rl_aux,2,291.3044846393818,283.39502094632275,7.909463693059081,2.715187753752072,240
42,det,us_federal+rl_aux,3,324.96049153946495,315.2918205093298,9.668671030135158,2.975337396965053,240
42,det,us_federal+rl_aux,4,280.1630942088561,274.25133284789945,5.911761360956632,2.1101142452936825,240
42,det,us_federal+rl_aux,5,339.1137256254503,328.46458547098644,10.64914015446385,3.1402857949270335,240
42,det,us_federal+rl_aux,6,336.18969112889357,331.4841486032098,4.705542525683768,1.3996688922503828,240
42,det,us_federal+rl_aux,7,243.86526590506858,225.3767204902311,18.48854541483749,7.581459108668094,240
42,det,us_federal+rl_aux,8,289.0304583121789,281.05718406584185,7.973274246337041,2.7586276868181097,240
42,det,us_federal+rl_aux,9,239.26442584890756,229.0550736277526,10.209352221154973,4.2669745763217,240
42,exp,free_market,0,324.7232790676623,308.28786516465726,16.435413903005042,5.061359921652063,240
42,exp,free_market,1,335.50179685493765,315.5165839961216,19.985212858816055,5.956812466031932,240
42,exp,free_market,2,323.65659442181,314.4393134518649,9.21728096994508,2.8478582327083775,240
42,exp,free_market,3,324.6325817765889,302.6576791172516,21.974902659337317,6.769161166472309,240
42,exp,free_market,4,281.63691539694946,266.3385116097764,15.298403787173072,5.431959715085978,240
42,exp,free_market,5,396.85946447519325,384.9328505840498,11.926613891143461,3.005248698532416,240
42,exp,free_market,6,378.7757416611526,366.2316072805528,12.544134380599814,3.3117575918633193,240
42,exp,free_market,7,420.1828259023899,405.9367534240899,14.246072478299993,3.3904461582181398,240
42,exp,free_market,8,377.8671463148389,364.30326336938276,13.563882945456157,3.589590436146235,240
42,exp,free_market,9,330.4265400629498,321.18434758834746,9.242192474602348,2.7970490726445916,240
42,exp,free_market+rl_aux,0,325.57873473808775,309.0723290435636,16.50640569452412,5.06986603649121,240
42,exp,free_market+rl_aux,1,347.5304843797396,326.2855323524594,21.244952027280192,6.1131189873019185,240
42,exp,free_market+rl_aux,2,324.28971546646443,315.00524718731424,9.28446827915019,2.863016567082689,240
42,exp,free_market+rl_aux,3,325.37912247241235,303.2897442554046,22.08937821700772,6.788812401103145,240
42,exp,free_market+rl_aux,4,310.0217689047013,298.72715823956054,11.294610665140738,3.6431669637407396,240
42,exp,free_market+rl_aux,5,409.75401807002476,397.34781271882974,12.406205351195013,3.0277202428982304,240
42,exp,free_market+rl_aux,6,379.2911474269511,366.7206779247466,12.570469502204503,3.3142006048600146,240
42,exp,free_market+rl_aux,7,414.0013080670879,400.0437483579726,13.957559709115287,3.371380581931277,240
42,exp,free_market+rl_aux,8,382.9745990666826,368.5813740212313,14.393225045451288,3.7582714573049727,240
42,exp,free_market+rl_aux,9,330.01385855176164,320.80019540631037,9.213663145451278,2.7919018873585104,240
42,exp,rl_learned,0,399.87869780733166,383.61159420232156,16.267103605010107,4.0680095474472795,240
42,exp,rl_learned,1,396.32693285710087,380.8473734009818,15.479559456119091,3.9057551159916706,240
42,exp,rl_learned,2,316.8065372944817,308.8937850726172,7.91275222186448,2.497660651020382,240
42,exp,rl_learned,3,347.2545202851349,330.201954052227,17.052566232907907,4.910682291163795,240
42,exp,rl_learned,4,327.88884163638244,316.01841444763267,11.870427188749773,3.6202595762358003,240
42,exp,rl_learned,5,354.9417560393587,336.6544431006746,18.287312938684124,5.152201066097246,240
42,exp,rl_learned,6,298.76706340583485,280.1593866828089,18.607676723025975,6.228155309660071,240
42,exp,rl_learned,7,408.85507748806015,391.28306603392866,17.572011454131484,4.2978581951558725,240
42,exp,rl_learned,8,388.88639150194325,375.4260774266779,13.46031407526533,3.461245846963012,240
42,exp,rl_learned,9,305.77497937983287,289.78243629301676,15.992543086816113,5.230167333917213,240
42,exp,saez,0,138.7785699671661,145.4931986942483,-6.714628727082186,-4.838375787177237,240
42,exp,saez,1,155.81799872706347,159.64160118387733,-3.823602456813859,-2.4538901077220365,240
42,exp,saez,2,218.95828082115375,201.50312551821105,17.4551553029427,7.9719091862984435,240
42,exp,saez,3,152.71260614991772,153.27597494722184,-0.5633687973041219,-0.36890785345583305,240
42,exp,saez,4,136.06080625528372,144.13576640933533,-8.07496015405161,-5.934817216135694,240
42,exp,saez,5,310.1150804375261,310.25670123173813,-0.1416207942120309,-0.045667174267122086,240
42,exp,saez,6,193.89478044441486,175.44771152985572,18.44706891455914,9.513958484224121,240
42,exp,saez,7,154.37444939715735,161.80886709775336,-7.434417700596015,-4.815834310423725,240
42,exp,saez,8,131.81735492328033,139.90708648978142,-8.089731566501086,-6.137076237957764,240
42,exp,saez,9,178.80106301290886,163.00072495240485,15.800338060504004,8.836825572655165,240
42,exp,saez+rl_aux,0,118.002540654721,119.774157618859,-1.7716169641379906,-1.501337983325118,240
42,exp,saez+rl_aux,1,147.6553655308732,151.89702549889992,-4.24165996802671,-2.8726758101721828,240
42,exp,saez+rl_aux,2,240.79426790838897,247.71383664404058,-6.919568735651609,-2.873643461597758,240
42,exp,saez+rl_aux,3,169.08090677451796,176.28440008997984,-7.203493315461884,-4.260382471847209,240
42,exp,saez+rl_aux,4,120.04779098524166,123.2402644671373,-3.1924734818956324,-2.659335466062933,240
42,exp,saez+rl_aux,5,159.75237841467262,162.2361264609706,-2.4837480462979897,-1.5547487123170538,240
42,exp,saez+rl_aux,6,141.28464026044995,145.81831861981271,-4.533678359362767,-3.208896841868442,240
42,exp,saez+rl_aux,7,141.21674785727788,143.6569212551779,-2.4401733979000255,-1.7279631735792493,240
42,exp,saez+rl_aux,8,147.93922964984225,154.15203864383795,-6.212808993995708,-4.1995683015930405,240
42,exp,saez+rl_aux,9,129.56672465211844,133.8763259513356,-4.3096012992171495,-3.326163651036375,240
42,exp,us_federal,0,268.5214452949449,253.9830626449814,14.538382649963495,5.414235214619259,240
42,exp,us_federal,1,321.3198549376491,312.39587720843,8.923977729219075,2.7772879864366735,240
42,exp,us_federal,2,241.66589870707574,240.75505580121614,0.9108429058595959,0.3769017104741089,240
42,exp,us_federal,3,297.4022998317894,286.60865340274273,10.793646429046646,3.6293083258439927,240
42,exp,us_federal,4,291.19095592898793,285.3286346745224,5.862321254465542,2.0132222979807013,240
42,exp,us_federal,5,341.19171539541736,335.5929467513738,5.59876864404356,1.6409450732281052,240
42,exp,us_federal,6,263.8309157592477,252.6111768528795,11.219738906368207,4.2526247820806935,240
42,exp,us_federal,7,339.2452503169885,323.41746489184624,15.827785425142281,4.665587922116199,240
42,exp,us_federal,8,293.8533395653473,286.4716920230117,7.3816475423356,2.5120175776304436,240
42,exp,us_federal,9,295.64530420339986,293.85634981837194,1.788954385027921,0.6051015725915759,240
42,exp,us_federal+rl_aux,0,259.6202904387906,246.56292195365356,13.057368485137061,5.029409859710304,240
42,exp,us_federal+rl_aux,1,309.1859971675323,295.8560884483884,13.32990871914393,4.311291210229395,240
42,exp,us_federal+rl_aux,2,282.9232082090826,276.9717026228924,5.951505586190194,2.103576310993894,240
42,exp,us_federal+rl_aux,3,324.60577852443396,310.7876308052459,13.818147719188062,4.256901334905821,240
42,exp,us_federal+rl_aux,4,231.51356341436764,220.66426200301325,10.84930141135439,4.686248723983438,240
42,exp,us_federal+rl_aux,5,235.92451075037124,220.41456791092156,15.509942839449678,6.574112537149882,240
42,exp,us_federal+rl_aux,6,326.1582831536758,318.9295974480076,7.2286857056682265,2.2163121646867054,240
42,exp,us_federal+rl_aux,7,343.3249387770107,329.49855926238934,13.826379514621351,4.02719929518478,240
42,exp,us_federal+rl_aux,8,251.26250440622886,233.1695912530556,18.09291315317327,7.20080108885707,240
42,exp,us_federal+rl_aux,9,237.94707700447054,229.06963750403656,8.87743950043398,3.7308462084059095,240
202,det,free_market,0,381.4394777575903,369.10457199095987,12.334905766630413,3.233777961092272,240
202,det,free_market,1,496.7763264480525,493.4597879100662,3.3165385379862755,0.6676120341119121,240
202,det,free_market,2,367.24300397787385,364.4347414861451,2.808262491728726,0.7646878119692981,240
202,det,free_market,3,463.6746278222219,458.1502682664227,5.524359555799208,1.1914302021971557,240
202,det,free_market,4,396.0025649042847,394.86721308340225,1.1353518208824767,0.2867031482881671,240
202,det,free_market,5,484.39210018190556,481.6385462305606,2.7535539513449407,0.5684555859418203,240
202,det,free_market,6,383.5550501132157,374.5456677832232,9.00938232999249,2.3489150585641227,240
202,det,free_market,7,445.0985385178265,432.6745945307894,12.423943987037092,2.791279438573017,240
202,det,free_market,8,457.9698046017162,452.85427846433765,5.115526137378538,1.117000746769183,240
202,det,free_market,9,398.9754124142545,397.06333346892313,1.9120789453313591,0.4792473134525031,240
202,det,free_market+rl_aux,0,299.9956024430525,281.87466746128706,18.12093498176546,6.040400203934761,240
202,det,free_market+rl_aux,1,497.65533656174307,494.2943793545547,3.3609572071883917,0.6753584178176304,240
202,det,free_market+rl_aux,2,362.39712227012245,359.7593657704291,2.637756499693353,0.7278635335650459,240
202,det,free_market+rl_aux,3,462.8431640170338,457.47851841635213,5.364645600681683,1.1590633756198785,240
202,det,free_market+rl_aux,4,396.75312768673365,395.57849521958093,1.174632467152719,0.29606129988222285,240
202,det,free_market+rl_aux,5,473.4139831981043,471.61067105957534,1.803312138528952,0.38091653447725476,240
202,det,free_market+rl_aux,6,385.4517171388013,376.1607937949302,9.2909233438711,2.4103987427627502,240
202,det,free_market+rl_aux,7,445.3411707272847,432.8043252868396,12.536845440445063,2.815110361337398,240
202,det,free_market+rl_aux,8,463.0314902094167,457.3802748220629,5.651215387353773,1.220481869342813,240
202,det,free_market+rl_aux,9,397.40064494690625,395.5980183849968,1.8026265619094488,0.4536043372929816,240
202,det,rl_learned,0,399.47748734039203,384.852571670998,14.624915669394056,3.6610112291339876,240
202,det,rl_learned,1,543.7750132912006,539.8162129022346,3.958800388965983,0.7280217538877571,240
202,det,rl_learned,2,412.39626946440626,408.9586639419305,3.437605522475735,0.8335685303216434,240
202,det,rl_learned,3,497.04559646251147,493.1986154832648,3.8469809792466663,0.7739694319043858,240
202,det,rl_learned,4,413.80742734367874,408.4805414519129,5.326885891765812,1.2872861963740645,240
202,det,rl_learned,5,504.77691703817936,504.6421265330664,0.1347905051129601,0.02670298513328514,240
202,det,rl_learned,6,451.8753686736197,447.9695816380207,3.905787035598962,0.8643505059953892,240
202,det,rl_learned,7,418.53793500662164,399.8808581666523,18.657076839969363,4.457678809848907,240
202,det,rl_learned,8,443.3048009106884,432.51398904094094,10.790811869747472,2.4341743756394534,240
202,det,rl_learned,9,466.642824377166,463.64268800691946,3.000136370246537,0.6429192121942208,240
202,det,saez,0,138.35135661076927,144.8693776969861,-6.518021086216834,-4.711208654465388,240
202,det,saez,1,141.1929616692268,150.28776474256784,-9.09480307334104,-6.44139974529854,240
202,det,saez,2,151.4876028237707,158.1249019764251,-6.637299152654407,-4.381414075431468,240
202,det,saez,3,112.06059665601585,117.02685304816504,-4.966256392149191,-4.431759726742971,240
202,det,saez,4,119.97310926068364,127.17266938189496,-7.19956012121132,-6.000978190510802,240
202,det,saez,5,132.96292669002707,139.6417578568541,-6.678831166827024,-5.023077735342879,240
202,det,saez,6,132.74532948588782,139.89337522295654,-7.148045737068713,-5.384781343910577,240
202,det,saez,7,131.24938437015504,136.63956780231595,-5.39018343216091,-4.106825687623256,240
202,det,saez,8,129.4745889480279,137.93788114313423,-8.463292195106334,-6.536643416959265,240
202,det,saez,9,105.1620340034143,110.16518063268235,-5.003146629268045,-4.757559775903162,240
202,det,saez+rl_aux,0,110.65177648174415,118.23659117197857,-7.584814690234424,-6.854670509050347,240
202,det,saez+rl_aux,1,117.03381130727215,126.53085140689399,-9.497040099621842,-8.114783235322802,240
202,det,saez+rl_aux,2,109.88419551421383,114.41547630492296,-4.531280790709133,-4.123687459788518,240
202,det,saez+rl_aux,3,96.53556321311868,104.24504840552613,-7.709485192407456,-7.986160680895864,240
202,det,saez+rl_aux,4,181.34270189676062,181.92812607578043,-0.5854241790198103,-0.3228275375278656,240
202,det,saez+rl_aux,5,118.26674765842388,127.57182526676306,-9.305077608339175,-7.867873085690959,240
202,det,saez+rl_aux,6,101.01256316043558,107.57307888543049,-6.560515724994914,-6.494752256286201,240
202,det,saez+rl_aux,7,126.5466091049546,132.4506816017063,-5.904072496751695,-4.665531963685416,240
202,det,saez+rl_aux,8,105.86173916781667,111.0275161410749,-5.165776973258232,-4.879739378803532,240
202,det,saez+rl_aux,9,113.18601071437327,118.29433154125833,-5.108320826885063,-4.513208650648527,240
202,det,us_federal,0,318.4508299692405,308.9909143574726,9.459915611767883,2.970604790912816,240
202,det,us_federal,1,404.91646088402246,398.5166154545145,6.399845429507934,1.5805347640191392,240
202,det,us_federal,2,348.4411652621283,348.0960486172833,0.3451166448450067,0.09904588758488951,240
202,det,us_federal,3,378.8534626661998,379.2179112057342,-0.3644485395344077,-0.09619775861875018,240
202,det,us_federal,4,341.1555332463364,340.6836396825553,0.4718935637811228,0.13832211932508362,240
202,det,us_federal,5,349.24967705766403,342.34956703555383,6.900110022110198,1.9756954624101004,240
202,det,us_federal,6,364.17807168504214,362.23495374716407,1.9431179378780712,0.5335625862609785,240
202,det,us_federal,7,392.74647847353066,386.03219212402956,6.714286349501094,1.7095726422798738,240
202,det,us_federal,8,358.9414215983876,353.7538765543481,5.187545044039496,1.4452344399091772,240
202,det,us_federal,9,284.6754165176844,283.4553044515749,1.2201120661095501,0.42859762217428954,240
202,det,us_federal+rl_aux,0,318.24733001792146,308.7505622749473,9.496767742974157,2.984084027488735,240
202,det,us_federal+rl_aux,1,404.58999235411073,398.1473540780041,6.4426382761066066,1.5923869591089128,240
202,det,us_federal+rl_aux,2,340.7561309714938,340.89665861448174,-0.14052764298793363,-0.04123994558433626,240
202,det,us_federal+rl_aux,3,376.27022058829675,378.1149366070397,-1.844716018742929,-0.4902636238017253,240
202,det,us_federal+rl_aux,4,334.9801277251553,335.7461872012103,-0.7660594760550339,-0.22868803628959472,240
202,det,us_federal+rl_aux,5,341.33318545730765,334.5970545135165,6.7361309437911245,1.9734767174091978,240
202,det,us_federal+rl_aux,6,354.22633154526625,353.00883594676105,1.2174955985051952,0.3437055605646337,240
202,det,us_federal+rl_aux,7,392.5297425626555,385.73342918703923,6.796313375616251,1.731413607347582,240
202,det,us_federal+rl_aux,8,349.9258122846749,344.84188370691345,5.083928577761469,1.4528589773267553,240
202,det,us_federal+rl_aux,9,305.7945885429411,305.91115369703385,-0.11656515409276835,-0.038118775956167625,240
202,exp,free_market,0,419.6356157713719,414.2496330221167,5.385982749255163,1.2834903775635629,240
202,exp,free_market,1,429.44609827727356,417.3398274631197,12.106270814153845,2.8190431494705033,240
202,exp,free_market,2,361.5684191569581,358.5056028389574,3.0628163180007277,0.8470917690051765,240
202,exp,free_market,3,443.82186740403245,437.7324800348988,6.089387369133647,1.3720341011476533,240
202,exp,free_market,4,395.82351232960605,391.5668486392477,4.256663690358323,1.0753943507059172,240
202,exp,free_market,5,411.2506110309474,398.5084354799062,12.742175551041214,3.0983967462317863,240
202,exp,free_market,6,419.93728659890786,414.3416327781109,5.59565382079694,1.3324974941178498,240
202,exp,free_market,7,385.2354256671637,370.1622130007789,15.073212666384848,3.9127275588117443,240
202,exp,free_market,8,384.4121565536918,370.7235909931547,13.688565560537086,3.56090860477904,240
202,exp,free_market,9,360.2711283876379,351.91224185473175,8.358886532906126,2.320165529309994,240
202,exp,free_market+rl_aux,0,420.6364735920649,415.14466789424097,5.4918056978239065,1.305594270255766,240
202,exp,free_market+rl_aux,1,430.0858740634006,417.932498097249,12.1533759661516,2.825802170931107,240
202,exp,free_market+rl_aux,2,362.0505161003418,358.9529254672577,3.097590633084053,0.855568627949576,240
202,exp,free_market+rl_aux,3,446.1720181214283,439.74448907625987,6.4275290451684555,1.4405943860466763,240
202,exp,free_market+rl_aux,4,396.43605735563557,392.1365916383511,4.299465717284477,1.0845294310420166,240
202,exp,free_market+rl_aux,5,411.644888637547,398.9578863252419,12.68700231230514,3.082025955501669,240
202,exp,free_market+rl_aux,6,421.60382970923644,415.59322570270507,6.010604006531366,1.4256521366697839,240
202,exp,free_market+rl_aux,7,386.1152888307279,370.8930613072402,15.222227523487675,3.942404759362188,240
202,exp,free_market+rl_aux,8,385.0470178785076,371.1895097311157,13.857508147391854,3.598913250579767,240
202,exp,free_market+rl_aux,9,364.035379299138,354.2730564506499,9.762322848488111,2.681696176696644,240
202,exp,rl_learned,0,431.17054541517007,420.99614533764014,10.174400077529924,2.3597159373985277,240
202,exp,rl_learned,1,503.9065223832811,498.4734568908742,5.433065492406854,1.07818915832059,240
202,exp,rl_learned,2,422.54163924562744,422.3894754422618,0.15216380336562452,0.03601155229039339,240
202,exp,rl_learned,3,456.4900270512002,450.2923341478772,6.197692903322945,1.3576841849882975,240
202,exp,rl_learned,4,364.79381950502835,355.3492733931749,9.44454611185347,2.58900935456317,240
202,exp,rl_learned,5,407.54058914555776,395.10937523866954,12.431213906888217,3.050300813705765,240
202,exp,rl_learned,6,420.1178010687225,413.09056619381283,7.027234874909652,1.6726820089587549,240
202,exp,rl_learned,7,516.7326083823768,510.3908348055701,6.341773576806759,1.227283410013465,240
202,exp,rl_learned,8,451.89898838131097,443.11224378774364,8.786744593567335,1.9444045725884889,240
202,exp,rl_learned,9,447.7414880857326,444.0748330715019,3.6666550142306846,0.8189223272355322,240
202,exp,saez,0,139.37464651799857,148.00650997703664,-8.631863459038073,-6.193280969450473,240
202,exp,saez,1,164.7707786057746,171.6289378929944,-6.858159287219792,-4.162242446901588,240
202,exp,saez,2,129.55477962426286,135.86720677710082,-6.312427152837955,-4.872400054359532,240
202,exp,saez,3,153.1266772679048,164.05294920279744,-10.92627193489264,-7.135446370181752,240
202,exp,saez,4,107.06692955364045,111.6389312283375,-4.572001674697049,-4.2702276919284206,240
202,exp,saez,5,110.35900630504624,115.13991876845569,-4.78091246340945,-4.332145262521125,240
202,exp,saez,6,141.45973288686045,150.06066887549443,-8.600935988633978,-6.080130234314107,240
202,exp,saez,7,137.32235115845532,144.77598598411765,-7.453634825662334,-5.427838048783213,240
202,exp,saez,8,117.31105119726004,123.41358728886587,-6.1025360916058276,-5.202012964102022,240
202,exp,saez,9,125.50702951511009,133.6409469017038,-8.133917386593723,-6.480846067362674,240
202,exp,saez+rl_aux,0,142.62579184501922,148.207437892285,-5.581646047265764,-3.913489962131759,240
202,exp,saez+rl_aux,1,124.69374909460534,130.26967976596464,-5.575930671359302,-4.471700235052548,240
202,exp,saez+rl_aux,2,119.80345705874217,126.2195679259946,-6.416110867252428,-5.355530653933027,240
202,exp,saez+rl_aux,3,142.47859836120998,151.89016440403634,-9.411566042826365,-6.605599824168876,240
202,exp,saez+rl_aux,4,119.84602411298525,126.75252651541905,-6.9065024024338015,-5.7628131208780635,240
202,exp,saez+rl_aux,5,139.14066024949386,142.08419190584536,-2.943531656351496,-2.115507897600481,240
202,exp,saez+rl_aux,6,131.91523900118023,140.2492208616191,-8.333981860438882,-6.3176793852940065,240
202,exp,saez+rl_aux,7,135.48407581567884,145.44897718958586,-9.964901373907026,-7.355035131555912,240
202,exp,saez+rl_aux,8,138.42841129586415,142.16845294249384,-3.7400416466296917,-2.7017875966488343,240
202,exp,saez+rl_aux,9,118.78848821794826,126.15484219556916,-7.3663539776209035,-6.20123556426227,240
202,exp,us_federal,0,357.3907833919473,358.0164514222553,-0.6256680303079634,-0.17506551914121377,240
202,exp,us_federal,1,374.4810022495961,370.24726743233634,4.233734817259744,1.1305606404134514,240
202,exp,us_federal,2,304.80450713091193,304.6411033975102,0.163403733401708,0.05360935602291699,240
202,exp,us_federal,3,369.06510811716527,370.282652615752,-1.217544498586733,-0.32989964963044005,240
202,exp,us_federal,4,292.16630270918836,289.21160142306474,2.9547012861236226,1.0113080320096408,240
202,exp,us_federal,5,350.9756381744852,348.1249550141887,2.850683160296512,0.81221681798875,240
202,exp,us_federal,6,346.22002208099883,343.1410342663448,3.078987814654056,0.8893153539033976,240
202,exp,us_federal,7,380.56566096801146,376.07887001466,4.486790953351431,1.1789794544097265,240
202,exp,us_federal,8,350.65887171012,345.4607627198962,5.1981089902238296,1.482383424344376,240
202,exp,us_federal,9,272.4877992292207,267.5375053406102,4.950293888610474,1.8167029505956762,240
202,exp,us_federal+rl_aux,0,366.66075354547456,364.6212859256735,2.039467619801087,0.5562274118732877,240
202,exp,us_federal+rl_aux,1,421.21292375421734,418.8079555871349,2.4049681670824157,0.5709625777023268,240
202,exp,us_federal+rl_aux,2,304.64243576676034,304.7260169012926,-0.08358113453226679,-0.02743581481742681,240
202,exp,us_federal+rl_aux,3,375.9018845499203,376.9255459875267,-1.0236614376063926,-0.2723214433553735,240
202,exp,us_federal+rl_aux,4,284.6757615507647,279.24931304288214,5.426448507882583,1.906185647250798,240
202,exp,us_federal+rl_aux,5,347.46268179442563,344.85084516827015,2.6118366261554797,0.7516883864094385,240
202,exp,us_federal+rl_aux,6,338.98264925300435,336.09791716005816,2.8847320929461944,0.8509969755983395,240
202,exp,us_federal+rl_aux,7,369.9872661504006,365.34668496330664,4.6405811870939715,1.2542542978242839,240
202,exp,us_federal+rl_aux,8,364.9505257950656,359.35730157020527,5.5932242248603075,1.5325979357544832,240
202,exp,us_federal+rl_aux,9,309.8401750682883,310.3347584030274,-0.49458333473910443,-0.15962530831584348,240
303,det,free_market,0,398.7499623466886,384.2767380043304,14.473224342358208,3.629649080637311,240
303,det,free_market,1,418.2560093082526,407.5475882871245,10.708421021128117,2.5602551506285867,240
303,det,free_market,2,377.4733027443714,377.4104330052752,0.0628697390961861,0.01665541341310755,240
303,det,free_market,3,402.35804073559785,390.7532274560415,11.604813279556367,2.884200663255107,240
303,det,free_market,4,348.39101612215984,338.0086536683531,10.382362453806763,2.9800890302424707,240
303,det,free_market,5,426.0406067814316,415.06060366552225,10.98000311590937,2.577219856778196,240
303,det,free_market,6,359.9099417671765,345.69461476763246,14.215326999544061,3.949690005712559,240
303,det,free_market,7,412.53514127860416,397.4050982686171,15.130043009987048,3.667576770088788,240
303,det,free_market,8,413.08501204579505,399.01699131197336,14.068020733821697,3.4055994101916487,240
303,det,free_market,9,326.0337647808776,317.6226983464394,8.411066434438226,2.579814529360533,240
303,det,free_market+rl_aux,0,402.59109459493374,387.51692271136255,15.074171883571182,3.744288456936195,240
303,det,free_market+rl_aux,1,417.6949000815422,407.03759520203363,10.657304879508558,2.551456787580611,240
303,det,free_market+rl_aux,2,376.99861007959316,376.9747717843782,0.023838295214943628,0.0063231785416691085,240
303,det,free_market+rl_aux,3,401.92965391823805,390.38742267485287,11.542231243385174,2.871704322103374,240
303,det,free_market+rl_aux,4,346.63664209835855,336.39336011176414,10.243281986594411,2.9550488155513195,240
303,det,free_market+rl_aux,5,413.6942316615093,402.6989121129749,10.99531954853444,2.6578372882730865,240
303,det,free_market+rl_aux,6,377.3467485163614,364.3190090611734,13.027739455187998,3.452458383810117,240
303,det,free_market+rl_aux,7,412.73718814698236,398.41848131206336,14.318706834918999,3.46920685756571,240
303,det,free_market+rl_aux,8,404.36435085162844,390.40271027938536,13.961640572243084,3.4527377457579007,240
303,det,free_market+rl_aux,9,347.8033495461641,338.39665897877956,9.406690567384544,2.7046003379953043,240
303,det,rl_learned,0,428.54379121450745,415.8268057655557,12.716985448951732,2.967487969645149,240
303,det,rl_learned,1,465.69666981953884,456.66762566116734,9.029044158371505,1.9388251502572118,240
303,det,rl_learned,2,400.8335131076803,393.0404768996134,7.793036208066894,1.944207745417077,240
303,det,rl_learned,3,423.4652760245574,413.4680064312863,9.997269593271085,2.360823935110875,240
303,det,rl_learned,4,381.3753716708752,374.16780029169473,7.207571379180479,1.889889047528893,240
303,det,rl_learned,5,346.05823411541667,350.967179511908,-4.908945396491333,-1.418531597446143,240
303,det,rl_learned,6,397.13395635367715,384.87924261566815,12.254713738009002,3.085788445421996,240
303,det,rl_learned,7,366.3948985548988,364.94872979934854,1.446168755550275,0.39470220826057384,240
303,det,rl_learned,8,414.61005034543876,402.5920405964507,12.01800974898805,2.898629625349183,240
303,det,rl_learned,9,389.8594454508875,379.888864189439,9.970581261448501,2.5574810044469074,240
303,det,saez,0,234.4445717420342,213.21506208837957,21.229509653654645,9.055236167725845,240
303,det,saez,1,225.04035292747537,211.64413597240454,13.396216955070827,5.9528065881535825,240
303,det,saez,2,248.95058342284062,225.3424563815038,23.608127041336815,9.483057527621293,240
303,det,saez,3,233.51444566743112,217.79240003128524,15.722045636145879,6.732793592794279,240
303,det,saez,4,224.88730317268582,193.75917935695702,31.1281238157288,13.841654631709567,240
303,det,saez,5,193.6758494734523,201.80514398175345,-8.129294508301143,-4.197371293531075,240
303,det,saez,6,182.28611751558313,187.84224591461268,-5.5561283990295465,-3.048026078318646,240
303,det,saez,7,296.3152742818137,261.0882287845033,35.22704549731037,11.888366397139329,240
303,det,saez,8,304.30635771981184,273.1975191538242,31.10883856598764,10.222868427425663,240
303,det,saez,9,226.9287605838828,196.22528628430308,30.70347429957971,13.530005725400489,240
303,det,saez+rl_aux,0,198.16733591726828,201.34543761090987,-3.178101693641594,-1.603746489768829,240
303,det,saez+rl_aux,1,202.12189612415975,208.3013942698474,-6.17949814568766,-3.0573125743347016,240
303,det,saez+rl_aux,2,217.93108112800405,226.46050962823995,-8.529428500235895,-3.913819201964151,240
303,det,saez+rl_aux,3,221.13091845346082,224.14597416261796,-3.0150557091571386,-1.3634708932806638,240
303,det,saez+rl_aux,4,184.4179792600025,187.6545598923317,-3.2365806323291793,-1.7550244533186603,240
303,det,saez+rl_aux,5,203.31781042019887,215.50326946251585,-12.185459042316978,-5.993306251495221,240
303,det,saez+rl_aux,6,198.20193913196428,204.36509336646895,-6.163154234504674,-3.1095327631488012,240
303,det,saez+rl_aux,7,228.4649750805459,242.02236406369659,-13.557388983150673,-5.934121402359806,240
303,det,saez+rl_aux,8,191.88044553587778,203.99349194207826,-12.113046406200482,-6.312809193438936,240
303,det,saez+rl_aux,9,178.0483212812466,181.32105879342447,-3.2727375121778834,-1.8381175900042555,240
303,det,us_federal,0,320.6945683565885,314.6225167668874,6.072051589701118,1.8934064336722563,240
303,det,us_federal,1,390.03118422340367,386.83456206877145,3.196622154632223,0.8195811729764789,240
303,det,us_federal,2,279.77787011189366,283.204908384109,-3.427038272215327,-1.2249139901039086,240
303,det,us_federal,3,337.9485127504593,334.5441086540669,3.4044040963923976,1.007373599216341,240
303,det,us_federal,4,299.56776692634656,298.9165499533832,0.6512169729633683,0.21738552837144198,240
303,det,us_federal,5,320.14520345411916,312.7684984914311,7.376704962688052,2.304174756672632,240
303,det,us_federal,6,295.81156143676156,294.92090088882844,0.8906605479331233,0.3010905130303801,240
303,det,us_federal,7,369.47007731991954,362.1560695857495,7.314007734170048,1.9795940681380104,240
303,det,us_federal,8,340.1443462508562,337.04530729480916,3.099038956047025,0.9110952424184896,240
303,det,us_federal,9,241.7274227789535,238.7172507600848,3.010172018868701,1.245275353645473,240
303,det,us_federal+rl_aux,0,324.7861888304367,316.9818795371826,7.804309293254107,2.4029067619401006,240
303,det,us_federal+rl_aux,1,356.44970123734146,348.92050244768376,7.529198789657698,2.1122752420668727,240
303,det,us_federal+rl_aux,2,251.94078533438105,263.93640567681183,-11.995620342430783,-4.761285603881066,240
303,det,us_federal+rl_aux,3,321.8945498507741,317.659753338514,4.234796512260118,1.3155850306329546,240
303,det,us_federal+rl_aux,4,273.02049414819203,271.4268346220424,1.5936595261496223,0.5837142486763665,240
303,det,us_federal+rl_aux,5,282.84066814994173,275.5806973308428,7.259970819098953,2.566805851006631,240
303,det,us_federal+rl_aux,6,279.5329640898496,278.09840240673606,1.434561683113543,0.5131994674704753,240
303,det,us_federal+rl_aux,7,299.7439293039954,323.48414720880123,-23.74021790480583,-7.920166376657087,240
303,det,us_federal+rl_aux,8,276.99171098054467,276.61009105071344,0.3816199298312313,0.1377730504932097,240
303,det,us_federal+rl_aux,9,255.66427798375543,257.66630668765424,-2.002028703898816,-0.7830693907210698,240
303,exp,free_market,0,393.1742963472397,377.8085115744168,15.365784772822906,3.908135632358914,240
303,exp,free_market,1,374.79682660019637,358.1710278119917,16.62579878820469,4.435949722151671,240
303,exp,free_market,2,326.48175521779694,316.96245359538165,9.519301622415298,2.9157223857930266,240
303,exp,free_market,3,398.1179812573496,383.51778005695076,14.600201200398828,3.6673051426333427,240
303,exp,free_market,4,321.4664623220717,305.2724458104739,16.194016511597795,5.037544630510566,240
303,exp,free_market,5,372.9196644561452,355.37004610318183,17.549618352963364,4.70600507982254,240
303,exp,free_market,6,318.0221771638301,307.2993827596303,10.722794404199817,3.371712784255274,240
303,exp,free_market,7,448.3015203237777,429.07382613853144,19.227694185246264,4.289009363911906,240
303,exp,free_market,8,369.3725436879095,351.3420963322465,18.030447355663,4.881371846332276,240
303,exp,free_market,9,294.4492239305274,281.52421128687484,12.925012643652565,4.389555683360233,240
303,exp,free_market+rl_aux,0,358.8097344965726,341.19897148410195,17.61076301247067,4.908106252239622,240
303,exp,free_market+rl_aux,1,378.6913165525113,363.4300446078307,15.261271944680573,4.030003139130434,240
303,exp,free_market+rl_aux,2,329.83609711107607,326.4105224333957,3.425574677680345,1.0385687642085892,240
303,exp,free_market+rl_aux,3,412.11634435412026,396.1648533174523,15.95149103666796,3.87062810179673,240
303,exp,free_market+rl_aux,4,321.675357071068,304.94165006289813,16.73370700816986,5.202048164501724,240
303,exp,free_market+rl_aux,5,364.8679087203375,348.83023721445284,16.037671505884646,4.395473299400836,240
303,exp,free_market+rl_aux,6,317.66455145610223,307.05483271266206,10.609718743440169,3.3399127144680216,240
303,exp,free_market+rl_aux,7,447.66840118481247,428.58545428684266,19.082946897969805,4.262741539823742,240
303,exp,free_market+rl_aux,8,340.1520162872912,323.5768318309418,16.575184456349405,4.872875556424767,240
303,exp,free_market+rl_aux,9,294.13909300786787,281.246010405466,12.893082602401876,4.3833284690440655,240
303,exp,rl_learned,0,313.24109838982025,316.983575083566,-3.7424766937457434,-1.1947591529283716,240
303,exp,rl_learned,1,366.7312319943371,350.884894695746,15.846337298591095,4.320967486847639,240
303,exp,rl_learned,2,352.6941414843349,350.6978833722286,1.996258112106318,0.5660026287096642,240
303,exp,rl_learned,3,355.25389232641913,373.3861568850765,-18.13226455865737,-5.104029808066632,240
303,exp,rl_learned,4,325.80720362509754,314.74937809503695,11.057825530060597,3.3939782199489685,240
303,exp,rl_learned,5,400.8033162511278,385.7327085627495,15.070607688378288,3.7601005474055587,240
303,exp,rl_learned,6,398.08085477169436,388.13575553848926,9.945099233205099,2.4982611230848493,240
303,exp,rl_learned,7,419.4778081469284,402.96713952100856,16.510668625919834,3.9360052678011335,240
303,exp,rl_learned,8,371.63610836968985,351.51112673919624,20.124981630493608,5.415238502732899,240
303,exp,rl_learned,9,363.6990494354535,350.9104577550677,12.78859168038582,3.516256558887554,240
303,exp,saez,0,234.2258053045459,209.74494400822448,24.48086129632142,10.451820739602466,240
303,exp,saez,1,341.12171003957917,325.4397469792333,15.681963060345879,4.597175318605888,240
303,exp,saez,2,311.56529922609224,287.2983388073221,24.26696041877011,7.788723737543189,240
303,exp,saez,3,324.54855835812805,304.05411681449584,20.494441543632206,6.314753529429424,240
303,exp,saez,4,238.85860507992697,216.62581818240506,22.23278689752192,9.307927964363007,240
303,exp,saez,5,252.99736868248473,231.53750675440241,21.45986192808232,8.482247084164243,240
303,exp,saez,6,252.9481061077696,230.1111283565276,22.836977751242017,9.028325257162521,240
303,exp,saez,7,261.63918953383796,230.58352537784876,31.055664155989206,11.869653094141219,240
303,exp,saez,8,274.63057639901575,251.33502456216243,23.29555183685332,8.482504804201696,240
303,exp,saez,9,264.98395298402994,245.66345768519093,19.320495298839006,7.291194459614471,240
303,exp,saez+rl_aux,0,189.7534128530285,195.93222486121596,-6.178812008187464,-3.256232346647276,240
303,exp,saez+rl_aux,1,223.3281135074148,236.18452525313876,-12.85641174572396,-5.756736822700609,240
303,exp,saez+rl_aux,2,201.95683898295755,208.37209828849916,-6.4152593055416105,-3.1765496716271007,240
303,exp,saez+rl_aux,3,217.06603206887925,228.63463519790548,-11.56860312902623,-5.329531764488737,240
303,exp,saez+rl_aux,4,183.93940233772085,189.78865022523462,-5.849247887513769,-3.1799863504907404,240
303,exp,saez+rl_aux,5,207.6084151940864,216.25628558012534,-8.647870386038932,-4.165471991082017,240
303,exp,saez+rl_aux,6,214.56358224083726,227.8603291859216,-13.296746945084323,-6.197112672251793,240
303,exp,saez+rl_aux,7,208.6585973786177,217.53560975818988,-8.877012379572164,-4.254323805054886,240
303,exp,saez+rl_aux,8,207.02645011002164,219.01017361142257,-11.983723501400931,-5.788498761888798,240
303,exp,saez+rl_aux,9,188.95795498855713,194.32202085188442,-5.3640658633272835,-2.838761598394796,240
303,exp,us_federal,0,286.72693172821914,276.71181233982657,10.015119388392577,3.49291199401026,240
303,exp,us_federal,1,332.8368055230906,323.59536554517996,9.241439977910659,2.7765679229455085,240
303,exp,us_federal,2,314.58180197963935,311.54751041420576,3.034291565433591,0.9645477094793866,240
303,exp,us_federal,3,368.9086614621553,357.85771106864473,11.050950393510561,2.9955790004253475,240
303,exp,us_federal,4,275.5418607151144,272.1354171228564,3.4064435922580287,1.236270809603041,240
303,exp,us_federal,5,293.21397034681826,282.124771212351,11.089199134467265,3.78194774326434,240
303,exp,us_federal,6,288.21174577466616,286.3437304239752,1.8680153506909392,0.64813991035307,240
303,exp,us_federal,7,324.9706273652893,309.59335809012015,15.37726927516917,4.731895125365918,240
303,exp,us_federal,8,295.2165736425473,288.3498955071932,6.866678135354107,2.3259798901630724,240
303,exp,us_federal,9,303.7345588075787,305.0365426052864,-1.3019837977076918,-0.42865843215836424,240
303,exp,us_federal+rl_aux,0,291.0608733151721,285.8819036343014,5.1789696808706935,1.7793424522789438,240
303,exp,us_federal+rl_aux,1,280.97204835683607,295.34322408465346,-14.371175727817388,-5.11480619223942,240
303,exp,us_federal+rl_aux,2,307.06410420514726,309.04612298008516,-1.9820187749378988,-0.6454739410418766,240
303,exp,us_federal+rl_aux,3,278.499402083289,287.32175889291597,-8.822356809626967,-3.1678189409500144,240
303,exp,us_federal+rl_aux,4,258.95179065253177,258.5683067710346,0.3834838814971704,0.14809083981648885,240
303,exp,us_federal+rl_aux,5,285.7514247959479,290.0984083752144,-4.346983579266464,-1.5212465107988873,240
303,exp,us_federal+rl_aux,6,300.0641414193372,294.9690581506027,5.095083268734527,1.69799804956174,240
303,exp,us_federal+rl_aux,7,322.2126163756572,305.960184852666,16.25243152299123,5.044008427045281,240
303,exp,us_federal+rl_aux,8,278.7299839461034,276.98459316960293,1.7453907765004715,0.6261941222792768,240
303,exp,us_federal+rl_aux,9,298.3101739732796,297.5737636080768,0.7364103652028007,0.24686062677458762,240
404,det,free_market,0,430.7238022693337,424.0989213793808,6.6248808899529195,1.53808098253422,240
404,det,free_market,1,555.9848556265463,552.7373059490518,3.247549677494476,0.5841075785840913,240
404,det,free_market,2,432.7488915343528,438.6179503674126,-5.869058833059796,-1.356227352137283,240
404,det,free_market,3,491.485029514765,490.0448536293387,1.4401758854262994,0.2930253820443241,240
404,det,free_market,4,448.2035364003963,451.70106539762594,-3.497528997229665,-0.7803439092245799,240
404,det,free_market,5,485.7590253717056,480.6059378917377,5.153087479967894,1.060832060922537,240
404,det,free_market,6,424.457652863749,418.72880018650375,5.728852677245243,1.349687687003303,240
404,det,free_market,7,450.99595704672083,438.5605232912451,12.435433755475742,2.7573271026435155,240
404,det,free_market,8,439.85090913705284,431.6795492492361,8.17135988781672,1.8577567348554944,240
404,det,free_market,9,381.9888772102763,377.7114302795248,4.277446930751523,1.119783110437764,240
404,det,free_market+rl_aux,0,432.2166461594655,424.94055238303,7.276093776435459,1.6834367304194384,240
404,det,free_market+rl_aux,1,514.2887862282943,513.7611394023487,0.5276468259455669,0.1025973810969588,240
404,det,free_market+rl_aux,2,395.3524257867488,400.3349986852817,-4.982572898532851,-1.2602864111982017,240
404,det,free_market+rl_aux,3,455.5742503717806,455.6229118857497,-0.04866151396913665,-0.010681357414170234,240
404,det,free_market+rl_aux,4,436.01818476483453,438.99080987410395,-2.9726251092694156,-0.6817663146028403,240
404,det,free_market+rl_aux,5,488.1287668866579,483.78496229359223,4.34380459306567,0.8898890800415147,240
404,det,free_market+rl_aux,6,428.63288132605504,422.4766529677376,6.156228358317435,1.4362473404448124,240
404,det,free_market+rl_aux,7,448.2559329197912,436.2644204707429,11.991512449048287,2.6751486301451792,240
404,det,free_market+rl_aux,8,450.6853344524621,443.1291565294991,7.556177922963002,1.6765972498623696,240
404,det,free_market+rl_aux,9,390.6631120850144,384.5279747624067,6.135137322607704,1.5704419313775912,240
404,det,rl_learned,0,442.4688495641804,434.6326032786115,7.836246285568905,1.771027789478828,240
404,det,rl_learned,1,530.6100306072501,526.163567855774,4.446462751476133,0.8379907078626904,240
404,det,rl_learned,2,438.0065535989956,451.42390729051414,-13.417353691518542,-3.0632769261718438,240
404,det,rl_learned,3,488.92936040472546,494.94837855455717,-6.019018149831709,-1.2310608928965305,240
404,det,rl_learned,4,423.0119152419555,412.08676189319726,10.925153348758215,2.582705818702345,240
404,det,rl_learned,5,494.20667714078735,488.66769933117126,5.538977809616085,1.1207816619681499,240
404,det,rl_learned,6,476.33784319199026,469.284709608937,7.0531335830532385,1.480699819226926,240
404,det,rl_learned,7,487.5333522046347,481.207523566654,6.325828637980692,1.297517105111923,240
404,det,rl_learned,8,455.89566859702086,447.628863238494,8.26680535852688,1.8133107919115032,240
404,det,rl_learned,9,434.57054599551765,429.2521141284573,5.318431867060326,1.2238362484684322,240
404,det,saez,0,169.17579796924457,173.5975988592316,-4.421800889987026,-2.6137313629168695,240
404,det,saez,1,248.35997450847475,223.15002239770283,25.209952110771923,10.15056961600376,240
404,det,saez,2,261.86471167098154,239.37209141256648,22.49262025841506,8.589404855235243,240
404,det,saez,3,175.64843117188045,177.38499105643956,-1.7365598845591137,-0.9886566438272405,240
404,det,saez,4,176.21828917915335,161.14387232304873,15.07441685610462,8.554399731334996,240
404,det,saez,5,226.61897253213326,206.94643124878425,19.672541283349005,8.680888922731107,240
404,det,saez,6,197.94913253097073,178.7459097231777,19.203222807793026,9.701089649780874,240
404,det,saez,7,168.52672450059796,175.10418472057748,-6.577460219979514,-3.902918210432658,240
404,det,saez,8,149.15149563486668,151.02978335655334,-1.878287721686661,-1.2593153784289506,240
404,det,saez,9,160.7782010531071,164.5120835560645,-3.733882502957414,-2.3223810681424806,240
404,det,saez+rl_aux,0,167.34634957701442,170.35495638364645,-3.008606806632031,-1.797832348441781,240
404,det,saez+rl_aux,1,207.3927092338008,184.51937793290008,22.873331300900702,11.028994888684743,240
404,det,saez+rl_aux,2,173.90613301148974,177.47996946908336,-3.5738364575936146,-2.0550376204141667,240
404,det,saez+rl_aux,3,154.38964741490227,157.78529260534307,-3.3956451904408027,-2.199399537013932,240
404,det,saez+rl_aux,4,153.89415262526654,152.3177803044069,1.5763723208596332,1.024322428089982,240
404,det,saez+rl_aux,5,228.11284541216594,201.5889672214125,26.523878190753436,11.627525027285833,240
404,det,saez+rl_aux,6,238.95834971818635,215.50761416766872,23.450735550517635,9.813733472035638,240
404,det,saez+rl_aux,7,208.80206075812728,187.26280493120163,21.539255826925654,10.315633738824234,240
404,det,saez+rl_aux,8,191.28205187774626,164.56251509918818,26.71953677855808,13.968658594082465,240
404,det,saez+rl_aux,9,165.7833013941156,164.60115830270917,1.1821430914064308,0.7130652372497575,240
404,det,us_federal,0,387.0516658196858,385.0513132252373,2.0003525944484863,0.5168179783472067,240
404,det,us_federal,1,457.05501620183054,460.00456789379194,-2.9495516919614033,-0.645338435725408,240
404,det,us_federal,2,327.8496498493028,338.1372884844077,-10.287638635104884,-3.13791356490197,240
404,det,us_federal,3,404.4080162740096,409.21914962909307,-4.811133355083484,-1.1896730928853958,240
404,det,us_federal,4,327.26104739397886,323.39286710718426,3.8681802867945976,1.1819861598553836,240
404,det,us_federal,5,404.869226679772,405.2418083760321,-0.37258169626011295,-0.09202519522551991,240
404,det,us_federal,6,368.68979005207115,371.1568159230853,-2.4670258710141297,-0.6691332219060648,240
404,det,us_federal,7,405.7383542961773,401.3170580912407,4.421296204936596,1.0896914620275648,240
404,det,us_federal,8,390.5037100574091,392.2692059604083,-1.7654959029992483,-0.4521073315128549,240
404,det,us_federal,9,339.0450313990023,343.0455992804942,-4.000567881491861,-1.1799517795569245,240
404,det,us_federal+rl_aux,0,388.4187983825994,386.45293016432106,1.965868218278331,0.5061207713077563,240
404,det,us_federal+rl_aux,1,457.1139508392736,460.0695912235099,-2.9556403842362897,-0.6465872194033137,240
404,det,us_federal+rl_aux,2,324.42610031255214,335.57316067830686,-11.147060365754726,-3.4359320520191337,240
404,det,us_federal+rl_aux,3,406.463529498862,410.50144695212254,-4.0379174532605475,-0.9934267554678243,240
404,det,us_federal+rl_aux,4,329.1277828020817,325.7924586133632,3.3353241887185163,1.013382753750748,240
404,det,us_federal+rl_aux,5,395.13335042127864,397.05887053966956,-1.9255201183909207,-0.4873089341453948,240
404,det,us_federal+rl_aux,6,360.7906191416176,362.197810061262,-1.4071909196443926,-0.3900297970585654,240
404,det,us_federal+rl_aux,7,403.65994296067703,399.19164379298763,4.468299167689395,1.1069463902997874,240
404,det,us_federal+rl_aux,8,398.07140343871885,399.6616258341318,-1.5902223954129795,-0.3994816964182624,240
404,det,us_federal+rl_aux,9,340.68444463274903,344.85087124267176,-4.166426609922723,-1.222957688723959,240
404,exp,free_market,0,436.83597964891595,425.24870760719364,11.587272041722315,2.652545253034097,240
404,exp,free_market,1,513.781394917693,510.5757324898892,3.205662427803759,0.6239350937021184,240
404,exp,free_market,2,452.2658839692318,458.49544134679655,-6.229557377564731,-1.3774104124087625,240
404,exp,free_market,3,469.8294137253908,464.602537115402,5.2268766099887785,1.1125051896056513,240
404,exp,free_market,4,367.4129113780696,359.61563894776265,7.797272430306975,2.1222096961866277,240
404,exp,free_market,5,482.824569977523,470.0149531135373,12.809616863985752,2.653058203848673,240
404,exp,free_market,6,430.87702167351176,419.31732079795955,11.55970087555221,2.682830667241136,240
404,exp,free_market,7,438.07382024011156,429.2260414772261,8.847778762885468,2.0197004144269415,240
404,exp,free_market,8,396.80776962245204,391.5435255425772,5.264244079874857,1.3266484385836474,240
404,exp,free_market,9,356.5814842113589,352.75841372932433,3.8230704820345522,1.072144979846592,240
404,exp,free_market+rl_aux,0,418.6993620294517,412.2178243659126,6.481537663539143,1.5480170860836482,240
404,exp,free_market+rl_aux,1,505.7216961879062,506.3229037284211,-0.6012075405149062,-0.11888110497270839,240
404,exp,free_market+rl_aux,2,430.43837278651955,430.19125929559533,0.24711349092422097,0.05740972611816361,240
404,exp,free_market+rl_aux,3,456.82516067811054,453.02953964578427,3.7956210323262667,0.8308695227495905,240
404,exp,free_market+rl_aux,4,368.50426763102945,360.17997847511924,8.324289155910208,2.258939688656477,240
404,exp,free_market+rl_aux,5,466.37066970630497,456.8944714013866,9.476198304918341,2.031902716113331,240
404,exp,free_market+rl_aux,6,430.2539863185368,418.16376706766727,12.090219250869552,2.8100191132031966,240
404,exp,free_market+rl_aux,7,440.1796655830978,430.22609640893864,9.953569174159156,2.261251473525895,240
404,exp,free_market+rl_aux,8,402.49131134047974,392.36623718313814,10.1250741573416,2.515600678091779,240
404,exp,free_market+rl_aux,9,368.7050345330628,361.7367044357188,6.968330097343994,1.8899470971880978,240
404,exp,rl_learned,0,445.38377641961506,434.48650280432514,10.897273615289919,2.4467154378391935,240
404,exp,rl_learned,1,530.468013021313,508.28069098793503,22.187322033377995,4.18259376413834,240
404,exp,rl_learned,2,461.5437196557876,457.43392207806903,4.1097975777185525,0.8904459973550454,240
404,exp,rl_learned,3,487.0995473029887,473.9337252677588,13.165822035229894,2.702901718576307,240
404,exp,rl_learned,4,399.51777753802776,382.668566604409,16.849210933618735,4.217387030296782,240
404,exp,rl_learned,5,454.67985157736035,445.5373806172769,9.142470960083472,2.010749086058402,240
404,exp,rl_learned,6,422.4919423260661,403.702369570477,18.78957275558912,4.447320971884456,240
404,exp,rl_learned,7,495.89238128942026,474.65911626320525,21.233265026215008,4.281829249121399,240
404,exp,rl_learned,8,374.5764136075193,379.3276228615094,-4.751209253990055,-1.268421897746174,240
404,exp,rl_learned,9,422.49873428229785,402.37834518270853,20.120389099589318,4.762236538712475,240
404,exp,saez,0,152.9787411238941,159.53009506646768,-6.55135394257357,-4.2825257251056685,240
404,exp,saez,1,243.50713325150716,223.49512439813537,20.012008853371782,8.218243377988566,240
404,exp,saez,2,220.88097552136801,201.67931046231598,19.201665059052033,8.693218152323157,240
404,exp,saez,3,262.3995115003231,251.47436946940246,10.925142030920654,4.163552732417035,240
404,exp,saez,4,197.30390809098512,178.46820724476444,18.835700846220675,9.546542199019566,240
404,exp,saez,5,186.43544882103023,176.32464053078328,10.11080829024695,5.4232220075018445,240
404,exp,saez,6,181.02800840410757,186.20386364703947,-5.1758552429319025,-2.859146100407776,240
404,exp,saez,7,223.54165384424056,208.21457473557976,15.327079108660797,6.856475670230303,240
404,exp,saez,8,161.01085593158166,163.88028586269152,-2.869429931109863,-1.7821344495734934,240
404,exp,saez,9,176.6404998077943,163.4772817989128,13.1632180088815,7.451981863278599,240
404,exp,saez+rl_aux,0,166.91606562108126,167.0972735074768,-0.18120788639555485,-0.10856227992272337,240
404,exp,saez+rl_aux,1,251.1868822289226,237.0207315496188,14.166150679303797,5.639685700781652,240
404,exp,saez+rl_aux,2,230.27256991614297,215.7078708292112,14.564699086931768,6.324982212269447,240
404,exp,saez+rl_aux,3,184.8096828771637,191.1321216728751,-6.322438795711378,-3.4210538632403114,240
404,exp,saez+rl_aux,4,152.62807120251256,155.71339371631765,-3.085322513805096,-2.0214646555490936,240
404,exp,saez+rl_aux,5,183.47187643232797,178.78767275988727,4.684203672440702,2.5530908406926502,240
404,exp,saez+rl_aux,6,202.63689722329596,190.5241839818736,12.11271324142237,5.9775457517367885,240
404,exp,saez+rl_aux,7,218.6601686094889,198.7165688535292,19.943599755959696,9.12081970977417,240
404,exp,saez+rl_aux,8,186.01245312704592,183.44625051452783,2.566202612518083,1.379586457453671,240
404,exp,saez+rl_aux,9,170.3501515937614,153.79254222100437,16.557609372757042,9.719750301274999,240
404,exp,us_federal,0,375.57546993915463,373.4906460183,2.0848239208546033,0.555101194759167,240
404,exp,us_federal,1,403.5885845675976,406.3489300778882,-2.7603455102906196,-0.683950343453851,240
404,exp,us_federal,2,340.08868901616603,351.7716119403312,-11.682922924165155,-3.435257714086989,240
404,exp,us_federal,3,390.5934292697095,385.50423563257897,5.089193637130506,1.3029388760189196,240
404,exp,us_federal,4,348.4977065682836,348.1127105475937,0.38499602068992544,0.11047304284468526,240
404,exp,us_federal,5,415.146209423781,406.75594572191414,8.390263701866843,2.0210382538509624,240
404,exp,us_federal,6,331.6243973040775,324.9769787776373,6.647418526440163,2.0045022563116555,240
404,exp,us_federal,7,378.79564291222636,372.98291795304425,5.8127249591821055,1.5345279355626107,240
404,exp,us_federal,8,394.3703516520865,392.0285888959662,2.3417627561203176,0.5937978720535818,240
404,exp,us_federal,9,341.1583354499957,343.68797837693353,-2.529642926937811,-0.74148647829494,240
404,exp,us_federal+rl_aux,0,375.5429101566255,373.3188462342107,2.224063922414814,0.5922263108328251,240
404,exp,us_federal+rl_aux,1,421.8155311737431,419.59651915167007,2.219012022073059,0.5260621902418909,240
404,exp,us_federal+rl_aux,2,341.8685820357806,355.32317927782594,-13.454597242045338,-3.9356050684520505,240
404,exp,us_federal+rl_aux,3,408.5319830366475,404.9899801173194,3.5420029193280698,0.8670074966958788,240
404,exp,us_federal+rl_aux,4,337.1522254968778,336.58765104944445,0.5645744474333583,0.16745386942094692,240
404,exp,us_federal+rl_aux,5,413.26380846300236,408.9532985982964,4.310509864705978,1.0430407348607391,240
404,exp,us_federal+rl_aux,6,301.41829601669036,306.90241441329107,-5.4841183966007065,-1.8194377942794275,240
404,exp,us_federal+rl_aux,7,378.64277470611023,372.8319035980842,5.810871108026049,1.5346578612351052,240
404,exp,us_federal+rl_aux,8,390.2652535372672,387.8424685320692,2.4227850051980226,0.6208046919981991,240
404,exp,us_federal+rl_aux,9,319.93123736475866,318.01550661716965,1.9157307475890093,0.5987945295272479,240
505,det,free_market,0,498.5795795667178,492.4727693485151,6.106810218202725,1.2248416237804494,240
505,det,free_market,1,505.3281789509133,502.13311654877003,3.1950624021432645,0.6322747345648475,240
505,det,free_market,2,379.46191767743517,378.218954731387,1.2429629460481806,0.3275593381427993,240
505,det,free_market,3,476.46113949558685,471.41143636050685,5.049703135079994,1.0598352554892394,240
505,det,free_market,4,391.8182045231384,386.7184058346408,5.099798688497572,1.3015726757015469,240
505,det,free_market,5,461.00309534625546,455.6009055600582,5.402189786197255,1.1718337340315939,240
505,det,free_market,6,420.8914696898319,413.33711974477194,7.5543499450599825,1.7948451059431114,240
505,det,free_market,7,473.6494288136152,464.05622799082676,9.593200822788447,2.0253800045356853,240
505,det,free_market,8,434.951311836733,426.11061493878384,8.840696897949158,2.032571613732177,240
505,det,free_market,9,415.975633234677,411.8492031067291,4.126430127947913,0.991988423903653,240
505,det,free_market+rl_aux,0,499.89458490810796,493.62331202250107,6.271272885606891,1.2545190676069624,240
505,det,free_market+rl_aux,1,513.6240551404587,509.2104070872466,4.413648053212114,0.8593149033888475,240
505,det,free_market+rl_aux,2,379.7039106357887,378.58406667607943,1.1198439597092715,0.29492557973242045,240
505,det,free_market+rl_aux,3,477.3051913657858,472.10420246422103,5.200988901564756,1.0896568894803715,240
505,det,free_market+rl_aux,4,393.5149880660327,388.1695400341918,5.345448031840874,1.3583848630802078,240
505,det,free_market+rl_aux,5,461.71735371235206,456.3282976945358,5.3890560178162445,1.167176406623348,240
505,det,free_market+rl_aux,6,421.91120682438,414.29131557638806,7.619891247991916,1.8060414430194756,240
505,det,free_market+rl_aux,7,474.5397692431916,464.8597742023913,9.679995040800293,2.039870136962009,240
505,det,free_market+rl_aux,8,436.02504479871504,427.1160809118336,8.908963886881452,2.0432229738074223,240
505,det,free_market+rl_aux,9,417.09281011295155,412.9049971839487,4.18781292900286,1.0040482183974284,240
505,det,rl_learned,0,464.8437856214356,462.37456962283414,2.4692159986014417,0.5311926447076025,240
505,det,rl_learned,1,517.7701991480582,515.0892529882555,2.6809461598027156,0.517786880012399,240
505,det,rl_learned,2,374.97816566896716,376.2239965531589,-1.2458308841917187,-0.33224091380604415,240
505,det,rl_learned,3,453.8186361797287,446.9602785854036,6.858357594325071,1.5112551683771998,240
505,det,rl_learned,4,395.485826841067,391.9222292151423,3.5635976259247286,0.9010683529139019,240
505,det,rl_learned,5,494.61947765242206,493.4586799615345,1.1607976908875912,0.23468499388600797,240
505,det,rl_learned,6,422.65007413945614,416.07711301205575,6.57296112740039,1.555178037241181,240
505,det,rl_learned,7,444.0647654113153,436.4470202293982,7.617745181917087,1.7154581437825054,240
505,det,rl_learned,8,436.99943422022824,429.13486448118044,7.864569739047795,1.7996750391865273,240
505,det,rl_learned,9,392.8713744410853,384.90169450791274,7.969679933172586,2.0285723144147556,240
505,det,saez,0,203.7609557459766,202.30124944909667,1.459706296879915,0.7163817481793188,240
505,det,saez,1,135.63531926624452,139.7807648690037,-4.1454456027591675,-3.0563172079256806,240
505,det,saez,2,322.3686788446442,306.62670791499386,15.741970929650336,4.883219730300381,240
505,det,saez,3,236.77970223919922,230.60458841766666,6.1751138215325625,2.6079574233497214,240
505,det,saez,4,186.34432349340693,180.1737217439542,6.170601749452743,3.3113977575340874,240
505,det,saez,5,208.46718787901756,201.50733203458375,6.959855844433804,3.3385857579049354,240
505,det,saez,6,177.39839201377288,174.3372939872362,3.0610980265366834,1.7255500412309406,240
505,det,saez,7,257.81301649233797,259.2387527374617,-1.425736245123744,-0.5530117387095217,240
505,det,saez,8,185.13670046944105,173.67568841306655,11.4610120563745,6.190567309082119,240
505,det,saez,9,147.74059710950897,140.85815129997476,6.882445809534204,4.658466219973895,240
505,det,saez+rl_aux,0,131.24568278457025,135.7497989019855,-4.504116117415265,-3.4318204011391575,240
505,det,saez+rl_aux,1,200.3241434369248,181.0245568851054,19.299586551819402,9.63417899645041,240
505,det,saez+rl_aux,2,212.7591524427664,217.72598025001287,-4.96682780724646,-2.334483734410706,240
505,det,saez+rl_aux,3,155.65225140828667,162.19933947150807,-6.547088063221395,-4.2062276671141285,240
505,det,saez+rl_aux,4,212.23600959296365,197.2258695936729,15.010139999290743,7.07238136830687,240
505,det,saez+rl_aux,5,133.7287129541193,144.51272501630027,-10.784012062180977,-8.064096201898572,240
505,det,saez+rl_aux,6,152.60212915858398,160.73882173295905,-8.136692574375076,-5.331965300378891,240
505,det,saez+rl_aux,7,198.30661014535534,188.11460822014013,10.192001925215209,5.139516992270024,240
505,det,saez+rl_aux,8,205.61186328753536,194.789879987872,10.821983299663344,5.263306857216441,240
505,det,saez+rl_aux,9,135.96440543755767,140.21650805111213,-4.252102613554456,-3.127364548000951,240
505,det,us_federal,0,399.1726637293327,395.41404853521146,3.758615194121262,0.9416013509055993,240
505,det,us_federal,1,439.3701508685062,441.57196210520516,-2.2018112366989726,-0.5011289984871836,240
505,det,us_federal,2,355.5787446527815,364.834092276218,-9.255347623436478,-2.602896759893288,240
505,det,us_federal,3,372.11343428451346,373.830040830055,-1.7166065455415378,-0.4613127039721552,240
505,det,us_federal,4,315.19673203987213,314.8005458527117,0.3961861871604242,0.12569489048836552,240
505,det,us_federal,5,395.38921399224165,395.34341915076106,0.045794841480585546,0.011582218194116983,240
505,det,us_federal,6,392.1819712525003,396.89992870830366,-4.717957455803344,-1.2030021269809366,240
505,det,us_federal,7,403.1077111210696,399.1630104484179,3.94470067265172,0.9785723675891098,240
505,det,us_federal,8,396.49292385195247,396.33239774308186,0.16052610887061292,0.04048650031659889,240
505,det,us_federal,9,354.41276111538417,357.62994287042767,-3.217181755043498,-0.9077499763040694,240
505,det,us_federal+rl_aux,0,362.9250025716217,358.8624190876689,4.062583483952778,1.1194002769624682,240
505,det,us_federal+rl_aux,1,398.91825294133616,395.5796093406917,3.3386436006444455,0.8369242510282972,240
505,det,us_federal+rl_aux,2,304.12122587784734,306.40203754662343,-2.2808116687760958,-0.7499679320943555,240
505,det,us_federal+rl_aux,3,365.11516328500466,363.3095109952761,1.8056522897285276,0.4945432212353932,240
505,det,us_federal+rl_aux,4,298.8759003235209,299.2772753942405,-0.40137507071960954,-0.13429489305933917,240
505,det,us_federal+rl_aux,5,370.2541582779273,369.33799407624656,0.916164201680715,0.2474419749779032,240
505,det,us_federal+rl_aux,6,315.97187019387235,312.996708257768,2.975161936104371,0.9415907606835022,240
505,det,us_federal+rl_aux,7,310.1731789931738,304.30153452220725,5.871644470966544,1.8930213405382048,240
505,det,us_federal+rl_aux,8,347.9224970420194,346.2368594203116,1.6856376217078264,0.4844865267520335,240
505,det,us_federal+rl_aux,9,331.7909195261328,334.27634539399986,-2.4854258678670362,-0.7490939991416121,240
505,exp,free_market,0,422.7580912426272,414.2028479724336,8.555243270193614,2.0236734547284234,240
505,exp,free_market,1,492.12233127765984,488.83865259219135,3.2836786854684874,0.667248461768301,240
505,exp,free_market,2,381.3487811436296,380.62209314697446,0.7266879966551301,0.19055731461258646,240
505,exp,free_market,3,516.0461224911602,515.4522259623333,0.5938965288269173,0.11508593959779065,240
505,exp,free_market,4,376.82386646008587,371.2683180336127,5.5555484264731945,1.4743090661062606,240
505,exp,free_market,5,446.9413773136078,436.12786850179793,10.813508811809868,2.419446791166595,240
505,exp,free_market,6,371.1819885401665,362.7385135430974,8.443474997069131,2.274753424937655,240
505,exp,free_market,7,488.4928049383774,482.19309199279246,6.299712945584929,1.2896224636061175,240
505,exp,free_market,8,446.166158726577,436.41823603945295,9.74792268712406,2.1848189282096264,240
505,exp,free_market,9,368.91825901664254,361.5699761535136,7.348282863128929,1.9918458041941036,240
505,exp,free_market+rl_aux,0,423.97162956159036,415.3705409430793,8.601088618511085,2.0286943792453935,240
505,exp,free_market+rl_aux,1,493.1288518470912,489.711763799194,3.4170880478972094,0.6929401991179328,240
505,exp,free_market+rl_aux,2,381.87841934500454,381.12073715000184,0.7576821950027011,0.19840927285241014,240
505,exp,free_market+rl_aux,3,517.9029649026969,517.0839721603946,0.8189927423022709,0.1581363301243395,240
505,exp,free_market+rl_aux,4,377.45004276340586,371.83747251192585,5.612570251480008,1.4869703578224505,240
505,exp,free_market+rl_aux,5,447.6467381622538,436.78400765763183,10.862730504621993,2.4266301032857505,240
505,exp,free_market+rl_aux,6,383.54113475844287,373.7635676124973,9.777567145945568,2.5492877451341833,240
505,exp,free_market+rl_aux,7,488.99615306759745,482.79315460853746,6.202998459059984,1.2685168216860183,240
505,exp,free_market+rl_aux,8,445.25863303513825,435.2518828452277,10.00675018991052,2.2474017228366288,240
505,exp,free_market+rl_aux,9,385.92520988132446,381.5828569031211,4.342352978203337,1.1251799226950348,240
505,exp,rl_learned,0,393.2754234811707,383.1983450765312,10.077078404639508,2.5623463361732237,240
505,exp,rl_learned,1,511.34675924049196,504.74411056198323,6.602648678508729,1.291227246324139,240
505,exp,rl_learned,2,404.34643740672624,404.06461671886547,0.2818206878607725,0.06969782883910837,240
505,exp,rl_learned,3,480.0030294750931,473.36273791713774,6.640291557955379,1.3833853434668661,240
505,exp,rl_learned,4,392.3668680870616,385.1295731668457,7.237294920215902,1.8445224377635348,240
505,exp,rl_learned,5,499.3025704034335,494.41919275303786,4.88337765039563,0.97803975782658,240
505,exp,rl_learned,6,382.70341801560323,376.4539096522555,6.249508363347729,1.6329899523115652,240
505,exp,rl_learned,7,495.0323499700964,487.2541307234129,7.778219246683477,1.5712547366153624,240
505,exp,rl_learned,8,410.2297139846866,399.91633262217266,10.313381362513951,2.514050301802111,240
505,exp,rl_learned,9,359.97161094457005,350.0434133260176,9.928197618552417,2.758050167484236,240
505,exp,saez,0,237.6931530256957,227.54876687954808,10.14438614614761,4.267849543419939,240
505,exp,saez,1,281.91825528208403,287.9672128285312,-6.048957546447184,-2.145642374380712,240
505,exp,saez,2,323.6902335439523,310.826043782279,12.864189761673288,3.974228576756402,240
505,exp,saez,3,262.8224900035837,257.998789042306,4.823700961277723,1.8353455829491416,240
505,exp,saez,4,185.28315221741738,180.06671374202557,5.216438475391811,2.8153873749247693,240
505,exp,saez,5,270.09727473306725,268.57983713043564,1.5174376026316168,0.5618115192503426,240
505,exp,saez,6,289.0139803967139,297.4763091921129,-8.462328795399003,-2.9279998094843784,240
505,exp,saez,7,280.1862327138305,281.5725549874258,-1.3863222735952831,-0.4947860072094298,240
505,exp,saez,8,253.75436428084905,247.7362871706472,6.018077110201858,2.371615214286994,240
505,exp,saez,9,192.94018369397276,185.2150873677161,7.725096326256647,4.003881502730201,240
505,exp,saez+rl_aux,0,168.6598318070985,179.79034713960743,-11.130515332508935,-6.59938718855077,240
505,exp,saez+rl_aux,1,170.37956744869248,184.56863066433672,-14.18906321564424,-8.327913627270526,240
505,exp,saez+rl_aux,2,224.77108951073652,221.85618218182492,2.914907328911596,1.296833741054746,240
505,exp,saez+rl_aux,3,160.3331922086433,168.2729199483894,-7.9397277397460755,-4.9520175020366475,240
505,exp,saez+rl_aux,4,143.66041000651987,151.98188452503732,-8.321474518517448,-5.7924619024404755,240
505,exp,saez+rl_aux,5,160.7260504074893,174.21741722830618,-13.491366820816864,-8.39401378097213,240
505,exp,saez+rl_aux,6,167.97875609690217,179.18220044119388,-11.20344434429171,-6.669560249528674,240
505,exp,saez+rl_aux,7,167.13072234927617,152.03111455498467,15.0996077942915,9.0346093058437,240
505,exp,saez+rl_aux,8,156.4548213109937,167.62793922185938,-11.17311791086567,-7.141434068469044,240
505,exp,saez+rl_aux,9,145.10497791110086,155.48216782915432,-10.37718991805346,-7.151505115428284,240
505,exp,us_federal,0,330.1165982615102,322.57895384021197,7.537644421298239,2.2833279092883125,240
505,exp,us_federal,1,439.5342308168722,439.8042257861242,-0.26999496925202493,-0.061427518113945444,240
505,exp,us_federal,2,322.1634043406955,328.4774167536307,-6.314012412935199,-1.9598788465303092,240
505,exp,us_federal,3,372.6649087935007,369.4305379767071,3.2343708167935574,0.8679032397401741,240
505,exp,us_federal,4,318.1517423242053,318.6779330671288,-0.5261907429234611,-0.1653898668224983,240
505,exp,us_federal,5,335.9130213325538,328.17779122825544,7.735230104298353,2.3027479177832992,240
505,exp,us_federal,6,338.8467040369271,336.7724698623983,2.07423417452884,0.6121453004609401,240
505,exp,us_federal,7,460.85873112914874,454.3381397860813,6.520591343067451,1.414878552282468,240
505,exp,us_federal,8,387.26566294960946,388.68023525898604,-1.414572309376581,-0.36527181330833436,240
505,exp,us_federal,9,329.5332228780024,328.61351534144336,0.9197075365590308,0.2790940253388408,240
505,exp,us_federal+rl_aux,0,326.2427221738841,316.5704498902242,9.67227228365988,2.9647472958813332,240
505,exp,us_federal+rl_aux,1,349.4444881106886,341.16134073864976,8.283147372038854,2.370375740313614,240
505,exp,us_federal+rl_aux,2,336.90864654825106,339.3047684446485,-2.39612189639746,-0.7112081927687465,240
505,exp,us_federal+rl_aux,3,307.5764072732035,303.14769065982466,4.4287166133788105,1.4398752663252943,240
505,exp,us_federal+rl_aux,4,291.16089762624773,289.3193625332368,1.8415350930109184,0.6324802224558421,240
505,exp,us_federal+rl_aux,5,342.08186529808404,334.8082373040755,7.273627994008564,2.1262828380775036,240
505,exp,us_federal+rl_aux,6,318.9228930492129,319.0113743733471,-0.08848132413419307,-0.02774379828560615,240
505,exp,us_federal+rl_aux,7,410.2097906059815,402.83659728544103,7.373193320540452,1.7974201224325774,240
505,exp,us_federal+rl_aux,8,341.865457586851,337.6547972177957,4.21066036905529,1.2316717806991573,240
505,exp,us_federal+rl_aux,9,278.83824488745773,275.86312772655884,2.97511716089889,1.0669688306565266,240
606,det,free_market,0,321.80391702854087,303.969935760053,17.83398126848789,5.541878244728198,240
606,det,free_market,1,408.72899246641157,396.65458772488836,12.07440474152321,2.9541346378836724,240
606,det,free_market,2,307.3264828783392,302.24358868060744,5.082894197731775,1.6539069949737888,240
606,det,free_market,3,406.72821237079796,400.33097896193436,6.397233408863599,1.5728521440827654,240
606,det,free_market,4,390.5255079229347,384.78918015178255,5.736327771152162,1.4688740312154345,240
606,det,free_market,5,402.61318772774354,391.10582660743415,11.507361120309383,2.8581679565079052,240
606,det,free_market,6,366.943778884191,358.0411237454353,8.902655138755676,2.4261632574415146,240
606,det,free_market,7,393.6960968127539,379.37719096742745,14.31890584532647,3.6370454168197393,240
606,det,free_market,8,411.9169485087622,402.263532133992,9.653416374770188,2.3435346396204046,240
606,det,free_market,9,351.0456817263125,343.37052685214763,7.675154874164889,2.186369260097809,240
606,det,free_market+rl_aux,0,322.2929768466462,304.3978151956177,17.895161651028502,5.552451631468035,240
606,det,free_market+rl_aux,1,409.49948606064817,397.3544989629161,12.144987097732042,2.9658125372917636,240
606,det,free_market+rl_aux,2,307.9334576945052,302.8130305349474,5.120427159557778,1.6628356002281683,240
606,det,free_market+rl_aux,3,407.4884286250796,401.02269520349137,6.465733421588254,1.5867281049929447,240
606,det,free_market+rl_aux,4,388.79768319266805,383.163573473878,5.634109718790057,1.4491109289861903,240
606,det,free_market+rl_aux,5,403.3573715796482,391.77844076342564,11.578930816222567,2.8706382062329943,240
606,det,free_market+rl_aux,6,367.6376779714842,358.6629869913895,8.974690980094692,2.4411782354883695,240
606,det,free_market+rl_aux,7,394.342587676642,379.9427051961412,14.399882480500764,3.6516173830833005,240
606,det,free_market+rl_aux,8,412.69294737154695,402.9646610110481,9.728286360498828,2.3572698352270276,240
606,det,free_market+rl_aux,9,351.69998138035845,343.9598429308181,7.740138449540325,2.2007787487396757,240
606,det,rl_learned,0,360.0778721497838,342.8412930329491,17.236579116834662,4.786903181227603,240
606,det,rl_learned,1,442.60148828187306,433.09530253709204,9.506185744781021,2.14779796192799,240
606,det,rl_learned,2,369.2980389371804,363.444647009428,5.853391927752398,1.5850048769817842,240
606,det,rl_learned,3,407.9981652625028,399.59873219697886,8.399433065523965,2.0586938326352118,240
606,det,rl_learned,4,378.11791033606363,370.81650569602704,7.301404640036594,1.9309861925205425,240
606,det,rl_learned,5,406.91073949748,399.63468036303766,7.276059134442335,1.7881216758810554,240
606,det,rl_learned,6,418.51257888693794,411.72852553702137,6.784053349916576,1.6209915047139605,240
606,det,rl_learned,7,477.9090704105199,465.3836351571848,12.525435253335104,2.620882512770862,240
606,det,rl_learned,8,412.9322881493289,402.7228156853819,10.209472463947009,2.4724325893001984,240
606,det,rl_learned,9,411.02437554840736,405.6863784123512,5.337997136056174,1.298705734649916,240
606,det,saez,0,322.27722847902623,329.7955404515753,-7.518311972549043,-2.3328709906161844,240
606,det,saez,1,323.83302666448526,331.37795529155073,-7.544928627065474,-2.3298823794407397,240
606,det,saez,2,142.17524391923607,155.37319587760746,-13.197951958371391,-9.282876255073356,240
606,det,saez,3,332.3593647360889,339.71330588459506,-7.3539411485061805,-2.2126474920740096,240
606,det,saez,4,227.2522804770685,219.1139370111642,8.138343465904285,3.581193310280337,240
606,det,saez,5,313.6366319109207,319.0601574957047,-5.423525584783988,-1.7292385623897344,240
606,det,saez,6,311.10636445390037,319.2566216096571,-8.15025715575672,-2.6197654844069964,240
606,det,saez,7,312.1102929816471,317.15647985661843,-5.04618687497134,-1.616796045642772,240
606,det,saez,8,307.1813477157445,316.82554285811,-9.644195142365504,-3.1395770654961526,240
606,det,saez,9,311.5427684709512,317.8915438480572,-6.348775377105994,-2.0378503433944943,240
606,det,saez+rl_aux,0,257.64629822892766,258.7416250954821,-1.0953268665544442,-0.4251281210262949,240
606,det,saez+rl_aux,1,255.33551836728375,254.1603921595236,1.1751262077601439,0.46022825781323545,240
606,det,saez+rl_aux,2,235.03526733542932,234.42596215403196,0.6093051813973602,0.25923989548674564,240
606,det,saez+rl_aux,3,97.11654592800085,104.2966161830394,-7.180070255038558,-7.3932512595347415,240
606,det,saez+rl_aux,4,149.70342741103403,138.94299541106668,10.760431999967352,7.187832761118363,240
606,det,saez+rl_aux,5,280.86658400807113,291.15489398843744,-10.288309980366307,-3.6630594617374124,240
606,det,saez+rl_aux,6,274.1417485693338,281.8822425659175,-7.740493996583723,-2.82353710698174,240
606,det,saez+rl_aux,7,295.9862059627653,303.4653819090862,-7.479175946320879,-2.5268663862199543,240
606,det,saez+rl_aux,8,135.67179136611392,145.0618997380258,-9.390108371911879,-6.921194359830057,240
606,det,saez+rl_aux,9,291.72141339818336,297.8413051012021,-6.119891703018766,-2.0978548100839816,240
606,det,us_federal,0,269.6017551446416,254.20656174931105,15.395193395330523,5.7103461314897555,240
606,det,us_federal,1,347.2869866714753,338.50972902542924,8.777257646046053,2.5273787912903045,240
606,det,us_federal,2,282.66377779752025,279.3300591750436,3.333718622476681,1.1793936416093307,240
606,det,us_federal,3,328.37099362618966,324.985730924738,3.3852627014516656,1.0309262289181895,240
606,det,us_federal,4,273.0771155445425,269.01473141365045,4.062384130892042,1.4876325768972807,240
606,det,us_federal,5,322.1108417257249,316.74859979255444,5.3622419331704805,1.6647194811705193,240
606,det,us_federal,6,314.37499801953953,307.66246594065746,6.712532078882077,2.1351990842684216,240
606,det,us_federal,7,356.0489422367706,339.35924835856423,16.689693878206356,4.687471832765002,240
606,det,us_federal,8,324.9105450807089,315.79068934483433,9.11985573587458,2.8068820399809358,240
606,det,us_federal,9,274.96674378422273,271.3594543934269,3.6072893907958132,1.3119002469719014,240
606,det,us_federal+rl_aux,0,180.09611591947086,186.52244724070434,-6.4263313212334765,-3.56827868742432,240
606,det,us_federal+rl_aux,1,330.8521672199822,323.7031531801451,7.149014039837141,2.160788034096144,240
606,det,us_federal+rl_aux,2,293.02964117753635,287.07330341899234,5.956337758544009,2.0326741467547556,240
606,det,us_federal+rl_aux,3,309.11767303828975,303.2063764294749,5.911296608814837,1.9123127289078088,240
606,det,us_federal+rl_aux,4,279.48818733764585,271.9552593998612,7.532927937784677,2.695258074962664,240
606,det,us_federal+rl_aux,5,298.19142917094,291.20827109123354,6.98315807970647,2.3418372885906567,240
606,det,us_federal+rl_aux,6,291.4671304285968,283.26751060707585,8.199619821520969,2.8132228184576373,240
606,det,us_federal+rl_aux,7,253.20085120233193,230.2432867143375,22.957564487994432,9.066938116116017,240
606,det,us_federal+rl_aux,8,285.63417190772594,274.4690418705121,11.165130037213828,3.9088915596627984,240
606,det,us_federal+rl_aux,9,237.70544736944493,231.17815817369555,6.5272891957493755,2.745956926096261,240
606,exp,free_market,0,415.1646743946024,405.3322218715809,9.832452523021516,2.3683259028141794,240
606,exp,free_market,1,387.3986204811669,371.0213171248797,16.3773033562872,4.2275068857875215,240
606,exp,free_market,2,365.20502655986803,361.076050001016,4.1289765588520595,1.1305913825299436,240
606,exp,free_market,3,413.6142965781784,408.382975047841,5.231321530337425,1.2647825700455781,240
606,exp,free_market,4,354.90228106689966,348.16539189982336,6.736889167076299,1.8982377759940023,240
606,exp,free_market,5,390.1204060994626,379.35243087969866,10.767975219763969,2.76016713081618,240
606,exp,free_market,6,359.30242841967527,348.02850002484536,11.273928394829909,3.1377267457991254,240
606,exp,free_market,7,441.55939518090827,432.27257995327085,9.286815227637419,2.103185965238625,240
606,exp,free_market,8,316.53679309070594,298.9358121769866,17.600980913719354,5.56048500455859,240
606,exp,free_market,9,392.5472116341419,385.00925663794294,7.537954996198948,1.9202671099914477,240
606,exp,free_market+rl_aux,0,415.79951216531674,405.90210468704805,9.89740747826869,2.380331671561366,240
606,exp,free_market+rl_aux,1,384.1829889607705,368.3434691506971,15.839519810073398,4.1229102446518775,240
606,exp,free_market+rl_aux,2,352.64848761327863,348.9500354125214,3.698452200757231,1.0487645149957447,240
606,exp,free_market+rl_aux,3,417.2439600908498,410.20423289072517,7.0397272001246165,1.687196909595001,240
606,exp,free_market+rl_aux,4,341.20776498274194,333.7199258120586,7.487839170683344,2.194510189726214,240
606,exp,free_market+rl_aux,5,391.1336789852708,380.2414025882931,10.892276396977707,2.784796345135977,240
606,exp,free_market+rl_aux,6,362.87979349696735,349.9271845929366,12.95260890403074,3.5693938147423983,240
606,exp,free_market+rl_aux,7,437.97329358822736,429.349124185262,8.624169402965379,1.9691085116878448,240
606,exp,free_market+rl_aux,8,317.0033669627587,299.3597943082178,17.643572654540947,5.565736674529926,240
606,exp,free_market+rl_aux,9,385.53523467604833,380.2995883768484,5.235646299199914,1.3580201829280902,240
606,exp,rl_learned,0,365.6006868626452,352.4012918981768,13.19939496446841,3.61033100832969,240
606,exp,rl_learned,1,397.84415652435723,381.3039201100754,16.54023641428182,4.157466219632455,240
606,exp,rl_learned,2,343.9046265733847,335.71554280073246,8.189083772652225,2.381207794221048,240
606,exp,rl_learned,3,389.2985796934823,376.8726674570763,12.425912236405964,3.191871967832407,240
606,exp,rl_learned,4,394.15718852022474,384.9441873120039,9.213001208220817,2.337392663776849,240
606,exp,rl_learned,5,415.62062553080693,401.780924857175,13.83970067363191,3.3298878408540564,240
606,exp,rl_learned,6,373.4326270820516,363.46316758938553,9.96945949266609,2.669680892793434,240
606,exp,rl_learned,7,468.8667331471456,458.77312643259535,10.093606714550276,2.1527666607523153,240
606,exp,rl_learned,8,322.9974757768735,303.2420129914201,19.755462785453403,6.11629014683089,240
606,exp,rl_learned,9,353.0658281027178,339.1385122108583,13.92731589185945,3.9446796555478496,240
606,exp,saez,0,245.02992690599552,238.4715999892347,6.558326916760819,2.6765411880798085,240
606,exp,saez,1,143.73580052641506,152.07256840095937,-8.336767874544307,-5.80006361951017,240
606,exp,saez,2,125.5874942135753,137.24879142370617,-11.661297210130869,-9.285396832824418,240
606,exp,saez,3,135.48444530349775,144.72412235371183,-9.239677050214084,-6.8197327224659245,240
606,exp,saez,4,287.9028035099791,293.4376300125362,-5.5348265025571095,-1.9224635658559208,240
606,exp,saez,5,313.8182541859435,323.7829942852813,-9.964740099337803,-3.1753220108838853,240
606,exp,saez,6,177.24016313122627,185.49758568020772,-8.257422548981452,-4.658889048114769,240
606,exp,saez,7,141.36518411526944,148.7409385944191,-7.375754479149663,-5.217518390621172,240
606,exp,saez,8,257.9510854580561,248.1326815292495,9.818403928806617,3.806304560173339,240
606,exp,saez,9,160.10854406165086,147.47422568039323,12.634318381257629,7.89109566594566,240
606,exp,saez+rl_aux,0,199.15688720347788,192.3316363568033,6.825250846674578,3.427072466593256,240
606,exp,saez+rl_aux,1,109.60489034666601,117.01354037589361,-7.408650029227601,-6.759415575158194,240
606,exp,saez+rl_aux,2,152.31952200600085,153.05355769398795,-0.7340356879871024,-0.48190519397650416,240
606,exp,saez+rl_aux,3,236.2208704755713,231.20536549477276,5.015504980798539,2.1232268642059786,240
606,exp,saez+rl_aux,4,112.99131757994294,123.82059605988712,-10.829278479944179,-9.58416868825546,240
606,exp,saez+rl_aux,5,149.97792336784102,132.2356401847953,17.742283183045714,11.82992988876795,240
606,exp,saez+rl_aux,6,193.1561602645135,179.23996106053434,13.916199203979147,7.204636489419706,240
606,exp,saez+rl_aux,7,153.0722297744739,133.73032346254837,19.341906311925527,12.635803594435492,240
606,exp,saez+rl_aux,8,99.15281990098137,102.09329313672451,-2.9404732357431413,-2.965597184910762,240
606,exp,saez+rl_aux,9,249.31995268494478,256.8192033559614,-7.499250671016625,-3.0078822774738434,240
606,exp,us_federal,0,323.3939171476061,318.71891402440133,4.67500312320476,1.4456063875409746,240
606,exp,us_federal,1,364.11951446037875,355.19653059159845,8.922983868780307,2.450564585093461,240
606,exp,us_federal,2,294.96439035843355,286.1263946689116,8.83799568952196,2.9962924266153768,240
606,exp,us_federal,3,309.5992939456046,302.616750519593,6.982543426011603,2.2553486272608905,240
606,exp,us_federal,4,307.9624793048692,307.80521253123794,0.15726677363124963,0.051066861776873314,240
606,exp,us_federal,5,340.6125203707903,332.51822393429825,8.094296436492073,2.3763942757244014,240
606,exp,us_federal,6,303.90153739440393,296.9748959440325,6.926641450371449,2.27923870006029,240
606,exp,us_federal,7,370.83236432039587,361.39402069602255,9.438343624373317,2.545177965162359,240
606,exp,us_federal,8,260.70586180100076,244.0599955782774,16.645866222723356,6.3849221140372,240
606,exp,us_federal,9,247.93484411977224,238.10404766379938,9.830796455972859,3.9650725539907583,240
606,exp,us_federal+rl_aux,0,220.9294423669294,207.58963279055496,13.33980957637445,6.038040667399641,240
606,exp,us_federal+rl_aux,1,341.9522623405433,331.8215339591585,10.130728381384813,2.9626148141391226,240
606,exp,us_federal+rl_aux,2,240.58785099381728,227.8725505897319,12.715300404085383,5.285096629593381,240
606,exp,us_federal+rl_aux,3,296.23494320465534,288.01084029831725,8.22410290633809,2.7762095914040863,240
606,exp,us_federal+rl_aux,4,257.82623370352434,252.23864971347376,5.587583990050575,2.1671898587619154,240
606,exp,us_federal+rl_aux,5,215.4934464802961,207.4007846350075,8.092661845288575,3.7554097247354283,240
606,exp,us_federal+rl_aux,6,321.55455997007135,315.18651947952094,6.368040490550413,1.980391909585458,240
606,exp,us_federal+rl_aux,7,358.388369648094,347.72569404450104,10.662675603592959,2.975173444959381,240
606,exp,us_federal+rl_aux,8,185.23184764414117,188.16538056922946,-2.9335329250882864,-1.583708720934455,240
606,exp,us_federal+rl_aux,9,252.397865269455,244.03631730601774,8.36154796343726,3.3128441694665827,240
707,det,free_market,0,328.1022561882377,309.43639941432986,18.66585677390782,5.689036396994146,240
707,det,free_market,1,419.96236313918547,405.2299596422673,14.732403496918153,3.5080294783548225,240
707,det,free_market,2,298.5731387297226,293.22269301819085,5.350445711531734,1.792005045830703,240
707,det,free_market,3,393.45809499777926,383.61216710580413,9.845927891975123,2.5024082658740814,240
707,det,free_market,4,413.3919366388135,407.62040034323473,5.7715362955787555,1.396141478352402,240
707,det,free_market,5,387.86937992243105,374.89474477978206,12.974635142648992,3.345104257841584,240
707,det,free_market,6,386.12101178846456,377.9732984539937,8.147713334470836,2.110145028557664,240
707,det,free_market,7,410.0915286648963,391.7009525788405,18.39057608605583,4.484505238605788,240
707,det,free_market,8,410.92055340896775,400.23664810869013,10.683905300277615,2.599992921172887,240
707,det,free_market,9,385.8075562981912,379.2767066032397,6.530849694951485,1.6927739201416216,240
707,det,free_market+rl_aux,0,327.89242451928004,309.25692229776655,18.63550222151349,5.683419569340409,240
707,det,free_market+rl_aux,1,419.6739445486075,404.97485316189403,14.699091386713462,3.5025027351944606,240
707,det,free_market+rl_aux,2,298.3617055861743,293.0352079100011,5.326497676173233,1.7852484338459471,240
707,det,free_market+rl_aux,3,393.1842431493063,383.3691707744101,9.815072374896204,2.4963035894520993,240
707,det,free_market+rl_aux,4,413.0324287892719,407.2839346095137,5.748494179758154,1.3917779280936369,240
707,det,free_market+rl_aux,5,387.57418221070924,374.62807453662805,12.94610767408119,3.3402915540547764,240
707,det,free_market+rl_aux,6,385.7986708741067,377.6759962896476,8.122674584459048,2.105417980330375,240
707,det,free_market+rl_aux,7,410.7637951042638,392.501332177861,18.262462926402804,4.445976774016137,240
707,det,free_market+rl_aux,8,410.5945261223007,399.9433771837813,10.651148938519384,2.5940796237860235,240
707,det,free_market+rl_aux,9,385.45699328747804,378.9495119658645,6.507481321613568,1.6882509423717258,240
707,det,rl_learned,0,319.3421245238872,298.0154262543242,21.326698269562996,6.6783229119425895,240
707,det,rl_learned,1,398.2718420364242,383.0055248161236,15.26631722030055,3.8331399835452995,240
707,det,rl_learned,2,303.8497498863203,300.3534449989717,3.496304887348572,1.1506690029057614,240
707,det,rl_learned,3,414.94718988421806,406.3753356095508,8.57185427466726,2.065769930158835,240
707,det,rl_learned,4,431.7119445466116,426.74674416557184,4.965200381039779,1.1501188335787846,240
707,det,rl_learned,5,381.3935079150249,368.285611873382,13.107896041642903,3.43684299014428,240
707,det,rl_learned,6,395.93150370225254,387.7047304262967,8.22677327595585,2.0778274017170726,240
707,det,rl_learned,7,391.7077831402043,373.28956136875803,18.41822177144627,4.702031096699914,240
707,det,rl_learned,8,389.8765746084236,377.3076437389887,12.568930869434894,3.2238230476038794,240
707,det,rl_learned,9,397.6922152431094,392.7213712584772,4.970843984632211,1.2499223756727378,240
707,det,saez,0,151.01805555597616,156.42468902181741,-5.406633465841253,-3.5801238771990658,240
707,det,saez,1,152.18917773875904,154.50817698887883,-2.318999250119788,-1.5237609431732888,240
707,det,saez,2,282.47007480553816,262.47953868403636,19.990536121501805,7.077045642892953,240
707,det,saez,3,162.0283804485485,167.405233851641,-5.376853403092497,-3.3184639556401025,240
707,det,saez,4,287.1732553661856,296.2548431845367,-9.081587818351124,-3.162407239758746,240
707,det,saez,5,176.82018496789215,181.264303373339,-4.444118405446858,-2.5133546864312137,240
707,det,saez,6,135.06087609150165,137.43577244737102,-2.3748963558693674,-1.7583895681680695,240
707,det,saez,7,158.614522708118,161.3706844893196,-2.756161781201598,-1.7376478106443503,240
707,det,saez,8,164.36978871854356,164.61131719289745,-0.2415284743538848,-0.14694213348869292,240
707,det,saez,9,132.32733615047354,138.6860312415926,-6.358695091119046,-4.805277032017312,240
707,det,saez+rl_aux,0,150.20872876369262,155.75297959707945,-5.544250833386826,-3.691031059925289,240
707,det,saez+rl_aux,1,149.55127489009783,155.53406604682243,-5.982791156724602,-4.000494921304571,240
707,det,saez+rl_aux,2,233.0849334801779,245.13960002985817,-12.054666549680263,-5.171791402255273,240
707,det,saez+rl_aux,3,167.03004093366872,171.82287655398403,-4.792835620315316,-2.8694452767443526,240
707,det,saez+rl_aux,4,137.253654614701,143.09708551365281,-5.843430898951823,-4.257395488197036,240
707,det,saez+rl_aux,5,155.82531139221814,161.76843194448094,-5.943120552262798,-3.8139635333721498,240
707,det,saez+rl_aux,6,162.0835904308375,165.07677216784805,-2.993181737010559,-1.8466901732953507,240
707,det,saez+rl_aux,7,169.30213736292987,178.4539344512801,-9.151797088350236,-5.405600443620919,240
707,det,saez+rl_aux,8,143.14159075753798,142.7793906471022,0.3622001104357935,0.2530362478989843,240
707,det,saez+rl_aux,9,123.68900608203606,129.1148961793233,-5.425890097287237,-4.386719781456199,240
707,det,us_federal,0,350.96960641728316,342.1657371677843,8.80386924949886,2.5084420669268876,240
707,det,us_federal,1,342.2206418109465,334.0431963768909,8.177445434055642,2.3895243112112214,240
707,det,us_federal,2,293.36545404554033,294.2206673283925,-0.8552132828521621,-0.2915180608550466,240
707,det,us_federal,3,286.663833015125,280.6825487461471,5.981284268977902,2.0865151372835777,240
707,det,us_federal,4,300.07262438611167,298.0601981934452,2.012426192666453,0.6706463799500114,240
707,det,us_federal,5,327.68334704703625,323.71172100874725,3.9716260382890027,1.2120316989190507,240
707,det,us_federal,6,302.00970255068694,299.18016771124275,2.829534839444193,0.9369019655814886,240
707,det,us_federal,7,342.76201231508395,329.14754829639423,13.614464018689716,3.971987422624483,240
707,det,us_federal,8,332.25570274248656,330.67206969360444,1.5836330488821204,0.4766308104904098,240
707,det,us_federal,9,260.97315283012256,258.10524812068707,2.867904709435493,1.0989271035485868,240
707,det,us_federal+rl_aux,0,335.04269107063857,324.580076664609,10.462614406029559,3.122770525927897,240
707,det,us_federal+rl_aux,1,353.41429210973837,345.365340292767,8.048951816971396,2.277483394608196,240
707,det,us_federal+rl_aux,2,298.60746478495656,298.75803745697647,-0.15057267201990499,-0.05042495241314229,240
707,det,us_federal+rl_aux,3,296.8364427582906,288.11624077510976,8.720201983180857,2.9377127357241593,240
707,det,us_federal+rl_aux,4,298.53554626380094,296.3480156137577,2.187530650043243,0.7327538302960518,240
707,det,us_federal+rl_aux,5,302.806453231031,298.65093946322315,4.155513767807861,1.372333291931974,240
707,det,us_federal+rl_aux,6,307.5999813573957,301.41278683653195,6.187194520863727,2.011441773682984,240
707,det,us_federal+rl_aux,7,336.8289797116391,321.4069692968733,15.422010414765793,4.5785877533366195,240
707,det,us_federal+rl_aux,8,317.6791536976703,313.2950618470809,4.384091850589414,1.380037625875092,240
707,det,us_federal+rl_aux,9,235.56593206772513,234.75044263166805,0.8154894360570779,0.3461830957044438,240
707,exp,free_market,0,352.48663987875494,335.0015422627361,17.485097616018834,4.960499388581988,240
707,exp,free_market,1,369.1240448778099,353.88613215745744,15.237912720352483,4.128127910333407,240
707,exp,free_market,2,357.5614340475365,355.6093483488609,1.952085698675603,0.5459441407252216,240
707,exp,free_market,3,343.6816675872748,325.58501480514724,18.096652782127535,5.265527518290471,240
707,exp,free_market,4,293.99877369198543,280.5783986197865,13.420375072198908,4.564772466112077,240
707,exp,free_market,5,382.26308227779685,368.19061630922016,14.072465968576694,3.681356275558413,240
707,exp,free_market,6,398.02711129911063,389.4985022589852,8.528609040125446,2.142720633348099,240
707,exp,free_market,7,393.18115856234505,377.3830174902533,15.798141072091767,4.01803105974284,240
707,exp,free_market,8,365.6339063882383,353.3930996361683,12.24080675207,3.3478314068259403,240
707,exp,free_market,9,304.23713876331897,288.2622871929964,15.974851570322585,5.2507894451210335,240
707,exp,free_market+rl_aux,0,353.44473576729956,335.71888411098377,17.725851656315797,5.015169236524184,240
707,exp,free_market+rl_aux,1,368.94983071984143,353.74910838961586,15.200722330225574,4.11999710111484,240
707,exp,free_market+rl_aux,2,357.36611114199854,355.4435928302375,1.9225183117610527,0.5379688369491602,240
707,exp,free_market+rl_aux,3,343.63830154276974,325.4884811055326,18.14982043723711,5.281663992562295,240
707,exp,free_market+rl_aux,4,293.25525591711704,279.7994700906648,13.455785826452257,4.588421027398491,240
707,exp,free_market+rl_aux,5,381.7924083282377,367.6123912653419,14.180017062895786,3.7140646994491378,240
707,exp,free_market+rl_aux,6,396.3748280569732,388.27173185417627,8.103096202796905,2.0443014109947977,240
707,exp,free_market+rl_aux,7,393.11946262141106,377.28477041916153,15.834692202249528,4.02795936295297,240
707,exp,free_market+rl_aux,8,366.1298666400582,353.7333297774762,12.396536862582025,3.385830545960088,240
707,exp,free_market+rl_aux,9,296.4311290655418,279.9257206727269,16.5054083928149,5.568041536273845,240
707,exp,rl_learned,0,326.16778342765735,308.1271453148556,18.04063811280173,5.531091367520995,240
707,exp,rl_learned,1,348.43093992009364,327.0170892033783,21.41385071671533,6.145794837170951,240
707,exp,rl_learned,2,368.4373945054244,363.53638942442547,4.901005080998914,1.3302138040515206,240
707,exp,rl_learned,3,414.0666593525439,401.3096998601643,12.756959492379622,3.080895117787813,240
707,exp,rl_learned,4,342.44305405246587,328.04636791512814,14.396686137337724,4.204111009689804,240
707,exp,rl_learned,5,423.9359059038077,412.31374856193077,11.622157341876914,2.7414892628873044,240
707,exp,rl_learned,6,317.99430897857803,299.47418333995137,18.520125638626666,5.824043108857741,240
707,exp,rl_learned,7,424.13049165360496,411.08122442765875,13.04926722594621,3.076710465939285,240
707,exp,rl_learned,8,407.44986671047224,393.2838349592208,14.16603175125141,3.4767545429871447,240
707,exp,rl_learned,9,360.1640941426032,352.3639232469593,7.800170895643873,2.1657269623760658,240
707,exp,saez,0,258.00510273442103,251.15749376036877,6.847608974052264,2.654059513350357,240
707,exp,saez,1,243.70222766974013,223.31860013495424,20.383627534785887,8.364153142830245,240
707,exp,saez,2,303.07302547441924,294.3306301037323,8.74239537068695,2.8845837919761843,240
707,exp,saez,3,311.6717462710817,314.40329478951827,-2.7315485184365684,-0.8764183956734912,240
707,exp,saez,4,137.79647724184193,143.2612771432313,-5.4647999013893696,-3.9658487726056193,240
707,exp,saez,5,280.2997191675363,278.11241311845606,2.1873060490802345,0.78034543009045,240
707,exp,saez,6,264.9105868909149,259.3706548679199,5.5399320229950035,2.091245989076398,240
707,exp,saez,7,330.9655838363913,325.8126159826102,5.152967853781092,1.5569497571470747,240
707,exp,saez,8,295.53913030363515,293.0370631147345,2.5020671889006394,0.8466111361734165,240
707,exp,saez,9,269.7734589101998,254.90510632157927,14.868352588620525,5.511421564109385,240
707,exp,saez+rl_aux,0,156.96631768350363,162.93606521549032,-5.969747531986684,-3.803202890969057,240
707,exp,saez+rl_aux,1,348.2729712884357,335.45000835891824,12.822962929517473,3.6818714016419154,240
707,exp,saez+rl_aux,2,219.64734845411286,223.11414127615768,-3.466792822044823,-1.5783449454064684,240
707,exp,saez+rl_aux,3,180.7932724976707,196.51618656701856,-15.722914069347866,-8.696625627787359,240
707,exp,saez+rl_aux,4,270.72114182111,262.4989706172186,8.222171203891378,3.0371367188324405,240
707,exp,saez+rl_aux,5,233.94872646905927,213.91442539462236,20.03430107443691,8.563543549396725,240
707,exp,saez+rl_aux,6,240.82542286840405,226.2757914974771,14.54963137092696,6.041567870048927,240
707,exp,saez+rl_aux,7,291.12351219867816,279.456004168947,11.667508029731152,4.007751878786288,240
707,exp,saez+rl_aux,8,197.52551002582322,178.58668973454513,18.93882029127809,9.588037660959413,240
707,exp,saez+rl_aux,9,166.7359582362574,155.652282288603,11.083675947654399,6.647441898495179,240
707,exp,us_federal,0,303.2657887668735,297.4065022937653,5.859286473108227,1.9320631242096278,240
707,exp,us_federal,1,306.03807279454344,297.45777375050477,8.580299044038668,2.8036704602433544,240
707,exp,us_federal,2,300.897763337765,296.67901134421925,4.218751993545766,1.402054952734931,240
707,exp,us_federal,3,312.8324775666164,296.78888031958206,16.043597247034313,5.128494768775373,240
707,exp,us_federal,4,254.6046305963082,245.6281502175184,8.976480378789802,3.525654799665675,240
707,exp,us_federal,5,315.04742938890973,310.66770675754907,4.379722631360664,1.3901788184261372,240
707,exp,us_federal,6,321.6283042355797,319.03496388801875,2.593340347560968,0.8063159595747056,240
707,exp,us_federal,7,356.0064506137036,345.457730961832,10.54871965187158,2.9630698077765483,240
707,exp,us_federal,8,326.09897529318624,320.4197736153076,5.679201677878666,1.7415576583068557,240
707,exp,us_federal,9,254.53032852909422,253.9266091371056,0.6037193919886192,0.23718957009070563,240
707,exp,us_federal+rl_aux,0,238.28379317723437,243.57391286148925,-5.290119684254876,-2.220092106860205,240
707,exp,us_federal+rl_aux,1,352.1932036299756,342.2545876902219,9.938615939753674,2.8219215582011836,240
707,exp,us_federal+rl_aux,2,299.1033014944622,295.8853184057692,3.217983088692961,1.0758768200198354,240
707,exp,us_federal+rl_aux,3,350.347168077854,340.88695391564465,9.460214162209354,2.7002399403174593,240
707,exp,us_federal+rl_aux,4,210.00002454833736,199.63092453151955,10.36910001681781,4.937666097477561,240
707,exp,us_federal+rl_aux,5,231.00855045786332,237.58872862944648,-6.580178171583157,-2.848456543509372,240
707,exp,us_federal+rl_aux,6,295.95104700417556,292.76703046222025,3.184016541955316,1.0758591916420532,240
707,exp,us_federal+rl_aux,7,309.5820701167159,297.7591554341723,11.82291468254357,3.818992061809716,240
707,exp,us_federal+rl_aux,8,206.39137338418726,214.15856191278456,-7.767188528597302,-3.763330027432429,240
707,exp,us_federal+rl_aux,9,265.5073716055467,261.19990852668235,4.307463078864373,1.622351595293479,240
808,det,free_market,0,349.38025209223974,330.13702686553245,19.243225226707295,5.507817087963775,240
808,det,free_market,1,395.0742655203004,381.1414054304174,13.932860089882979,3.5266432936434975,240
808,det,free_market,2,367.7068509582553,364.3124171848791,3.3944337733761927,0.9231358525222455,240
808,det,free_market,3,377.4319970565322,367.7571349243183,9.674862132213946,2.563339146565476,240
808,det,free_market,4,348.42891182631695,337.33505624365193,11.093855582665014,3.18396528132976,240
808,det,free_market,5,423.8250983850461,417.26231158779706,6.562786797249032,1.5484658228726995,240
808,det,free_market,6,403.2348477537075,392.8843059828835,10.350541770824009,2.5668768035509753,240
808,det,free_market,7,443.8369887054984,429.54032065655474,14.296668048943673,3.221152903601286,240
808,det,free_market,8,374.2322679621519,359.6299566889816,14.6023112731703,3.9019380537883253,240
808,det,free_market,9,396.9727251105044,391.47285168828097,5.499873422223459,1.3854537287649853,240
808,det,free_market+rl_aux,0,349.4387233348832,329.80914928653635,19.629574048346853,5.617458151463921,240
808,det,free_market+rl_aux,1,396.45655349434963,383.0272847494688,13.429268744880858,3.3873241913939642,240
808,det,free_market+rl_aux,2,368.80503653365594,365.33029636487237,3.474740168783569,0.9421617994814113,240
808,det,free_market+rl_aux,3,378.58763928077275,368.78908714396766,9.798552136805085,2.588185962811682,240
808,det,free_market+rl_aux,4,349.7975656145888,338.59190654178747,11.205659072801325,3.203469713436444,240
808,det,free_market+rl_aux,5,433.89134429226783,426.20270497378795,7.688639318479886,1.772019520467973,240
808,det,free_market+rl_aux,6,420.71712434484084,410.1145220989597,10.602602245881144,2.520126144708747,240
808,det,free_market+rl_aux,7,445.20992196065237,430.76900515093564,14.440916809716725,3.243619716766558,240
808,det,free_market+rl_aux,8,375.4960778350047,360.7531046576969,14.742973177307817,3.9262655584344,240
808,det,free_market+rl_aux,9,398.6418379914074,393.04885277253794,5.592985218869444,1.403010092229707,240
808,det,rl_learned,0,353.66683684326637,334.2996143337439,19.36722250952249,5.476120600503297,240
808,det,rl_learned,1,405.677624411263,396.6733129700061,9.004311441256903,2.2195731042165194,240
808,det,rl_learned,2,387.91189878760395,376.3636809513336,11.54821783627034,2.9770207803276008,240
808,det,rl_learned,3,382.8363666304649,369.87121313169627,12.965153498768643,3.386604468348049,240
808,det,rl_learned,4,355.8170704393702,344.4516886088306,11.365381830539604,3.1941642981055964,240
808,det,rl_learned,5,412.3972524442727,403.7582727949611,8.63897964931158,2.0948198849794633,240
808,det,rl_learned,6,422.5507199640971,413.74499589846505,8.805724065632035,2.0839448732640267,240
808,det,rl_learned,7,425.2859515009072,410.80131628996753,14.484635210939643,3.405857908031262,240
808,det,rl_learned,8,378.28134525489094,365.27069718642116,13.010648068469777,3.4394104366164373,240
808,det,rl_learned,9,398.6316131983544,393.5573586758495,5.074254522504873,1.2729182419307983,240
808,det,saez,0,108.5259958139871,115.19044836881345,-6.6644525548263545,-6.140881274426808,240
808,det,saez,1,127.1779666206475,133.21011737815468,-6.032150757507182,-4.743078473254859,240
808,det,saez,2,165.73310025414833,144.4950552621592,21.238044991989113,12.814606713698716,240
808,det,saez,3,137.6112744032951,143.51421561905093,-5.902941215755817,-4.289576738063019,240
808,det,saez,4,116.30880612689978,120.99339970163128,-4.684593574731494,-4.027720454477303,240
808,det,saez,5,120.05275319262964,124.5757793187997,-4.523026126170066,-3.7675321938787047,240
808,det,saez,6,99.86318666428758,106.5762522562705,-6.713065591982911,-6.722262543604162,240
808,det,saez,7,109.22770884866868,115.8952746323392,-6.667565783670511,-6.104280547446252,240
808,det,saez,8,99.21509402648917,104.20069610151427,-4.985602075025099,-5.025043945121905,240
808,det,saez,9,95.19464397830069,102.37257085369052,-7.177926875389829,-7.540263375559253,240
808,det,saez+rl_aux,0,125.84623419196235,128.9370077126031,-3.0907735206407523,-2.4559920608559267,240
808,det,saez+rl_aux,1,126.18498230475936,130.2341092201296,-4.049126915370238,-3.2088817872089326,240
808,det,saez+rl_aux,2,188.56856227369826,186.62260388091715,1.9459583927811082,1.0319633184436345,240
808,det,saez+rl_aux,3,126.80047031486319,130.2748930537111,-3.4744227388479203,-2.7400708611099356,240
808,det,saez+rl_aux,4,104.55828544174321,109.10606763262943,-4.547782190886224,-4.3495187126228405,240
808,det,saez+rl_aux,5,118.44547111029142,121.62181602950584,-3.176344919214415,-2.6816938540915056,240
808,det,saez+rl_aux,6,110.00007688095903,115.0913620782941,-5.091285197335068,-4.62843785358878,240
808,det,saez+rl_aux,7,121.82031444262897,126.93997659624385,-5.1196621536148825,-4.202634164128658,240
808,det,saez+rl_aux,8,106.59495117962341,111.1556150306399,-4.560663851016486,-4.278498935030516,240
808,det,saez+rl_aux,9,97.71356619765618,98.792186565513,-1.0786203678568285,-1.103859381894815,240
808,det,us_federal,0,291.2648548737479,277.3761375223916,13.888717351356263,4.76841511049333,240
808,det,us_federal,1,325.38940066534343,314.44692916794094,10.942471497402494,3.362885046356076,240
808,det,us_federal,2,281.8857013168072,276.91800404725103,4.96769726955614,1.762309065819915,240
808,det,us_federal,3,369.15296981993015,366.99012147683106,2.1628483430990855,0.5858948782544281,240
808,det,us_federal,4,302.6872112927378,298.86156578666316,3.825645506074636,1.2638940012482855,240
808,det,us_federal,5,360.39402266788716,353.5527727717667,6.841249896120473,1.8982695233058486,240
808,det,us_federal,6,312.29738400138314,312.21357542442075,0.08380857696238309,0.026836144410998942,240
808,det,us_federal,7,310.64557430803364,297.3690929209094,13.27648138712425,4.273835678070661,240
808,det,us_federal,8,315.6470783710822,306.7135287226121,8.933549648470091,2.830233593344906,240
808,det,us_federal,9,324.13181968449464,323.79368115132223,0.3381385331724118,0.10432130159314539,240
808,det,us_federal+rl_aux,0,249.70389260514187,233.7231643987326,15.980728206409282,6.399871479648775,240
808,det,us_federal+rl_aux,1,286.3174988564219,272.0590070076042,14.258491848817698,4.9799582302050736,240
808,det,us_federal+rl_aux,2,268.94105340643347,264.77085841322844,4.17019499320503,1.5505981479528452,240
808,det,us_federal+rl_aux,3,338.9324361321155,335.5084958942242,3.4239402378913155,1.0102132085571967,240
808,det,us_federal+rl_aux,4,244.12991809941477,236.698543097133,7.431375002281754,3.044024698052594,240
808,det,us_federal+rl_aux,5,338.7087936502561,332.6193516353652,6.089442014890892,1.7978399525046662,240
808,det,us_federal+rl_aux,6,247.17797340068856,242.33446288337186,4.843510517316702,1.959523516873049,240
808,det,us_federal+rl_aux,7,287.6932105384002,271.60950804685274,16.083702491547456,5.590574230600644,240
808,det,us_federal+rl_aux,8,294.1587480170392,282.6664224591025,11.492325557936738,3.906844734487054,240
808,det,us_federal+rl_aux,9,254.27018046090728,245.66870946846964,8.60147099243764,3.3828076012869595,240
808,exp,free_market,0,382.8547786181548,368.7825411239681,14.072237494186709,3.675607117920249,240
808,exp,free_market,1,396.8465027635716,385.450946232954,11.395556530617625,2.8715275178843473,240
808,exp,free_market,2,378.56410795594815,376.74718088805764,1.8169270678905036,0.4799522801305642,240
808,exp,free_market,3,439.9793810154308,435.42174809671536,4.557632918715456,1.0358742057859325,240
808,exp,free_market,4,297.6818207732441,283.0220210620997,14.659799711144387,4.924654005765213,240
808,exp,free_market,5,404.28235780057105,394.30241557696525,9.979942223605804,2.4685574403740915,240
808,exp,free_market,6,345.23229027851863,334.29001692323175,10.942273355286886,3.1695393691184357,240
808,exp,free_market,7,388.04787562777693,369.8844973898076,18.16337823796931,4.680705495059063,240
808,exp,free_market,8,420.41893521312863,409.76838726828566,10.65054794484297,2.5333178534034735,240
808,exp,free_market,9,339.03244388417727,328.4750151889578,10.557428695219471,3.1139877276247274,240
808,exp,free_market+rl_aux,0,382.6968914819823,367.82349207172933,14.873399410252944,3.8864698776768605,240
808,exp,free_market+rl_aux,1,397.98695132607617,386.36450452804763,11.622446798028534,2.9203085074279493,240
808,exp,free_market+rl_aux,2,371.46619661943436,366.27117245783387,5.195024161600486,1.3985186832283336,240
808,exp,free_market+rl_aux,3,440.0730847817063,435.6619612746746,4.411123507031732,1.0023615757414077,240
808,exp,free_market+rl_aux,4,316.61675859356063,302.09176989326164,14.52498870029899,4.587561557013047,240
808,exp,free_market+rl_aux,5,405.03917339487424,394.98925977603744,10.049913618836797,2.4812201581892666,240
808,exp,free_market+rl_aux,6,346.2420185944818,335.21845920909044,11.023559385391366,3.1837728506031335,240
808,exp,free_market+rl_aux,7,389.2071489403837,370.8631015772038,18.344047363179925,4.713183561278766,240
808,exp,free_market+rl_aux,8,421.661570009499,410.9152524420564,10.746317567442588,2.548564614792973,240
808,exp,free_market+rl_aux,9,344.2396365558304,334.3774503154515,9.86218624037889,2.8649188510223733,240
808,exp,rl_learned,0,391.46152179257405,379.62254474211767,11.838977050456378,3.0243015957848254,240
808,exp,rl_learned,1,402.13287752381257,389.2511781525422,12.881699371270372,3.203343991814639,240
808,exp,rl_learned,2,362.3059759718185,358.71638164692126,3.5895943248972344,0.9907632120250885,240
808,exp,rl_learned,3,376.65406395883025,362.98369332716095,13.6703706316693,3.629423372732685,240
808,exp,rl_learned,4,282.61875125208195,266.82192007388267,15.796831178199284,5.589449075199292,240
808,exp,rl_learned,5,334.4179412924144,316.58178823188337,17.836153060531046,5.333491675596181,240
808,exp,rl_learned,6,361.5527320272289,351.12448188691843,10.428250140310467,2.8842957656105073,240
808,exp,rl_learned,7,397.5355708143676,382.2511851003739,15.284385713993686,3.8447844258774144,240
808,exp,rl_learned,8,356.91376458871554,339.12284613795606,17.790918450759477,4.984654618535261,240
808,exp,rl_learned,9,340.16443232450257,327.0634911600681,13.10094116443446,3.8513553797819498,240
808,exp,saez,0,117.4329924764999,125.32418637848289,-7.891193901982987,-6.719741816646743,240
808,exp,saez,1,129.45827949896935,136.74341514448128,-7.285135645511929,-5.627400328280995,240
808,exp,saez,2,177.04895283933197,180.18701202541217,-3.1380591860801985,-1.7724245954326079,240
808,exp,saez,3,146.5536694514765,147.2647906442595,-0.711121192782997,-0.4852291965425316,240
808,exp,saez,4,103.80999630252359,109.10776596380123,-5.297769661277641,-5.10333286771233,240
808,exp,saez,5,94.49163607606918,101.79506756397835,-7.303431487909165,-7.729183016822398,240
808,exp,saez,6,103.968248332521,112.07912302978175,-8.110874697260755,-7.801299750015788,240
808,exp,saez,7,146.16559986531465,153.72515126575203,-7.559551400437385,-5.171908716827481,240
808,exp,saez,8,111.0520007014048,118.37098508934022,-7.31898438793543,-6.590592102536379,240
808,exp,saez,9,264.89769100247474,272.5614143036372,-7.663723301162463,-2.8930879964109866,240
808,exp,saez+rl_aux,0,114.3968723981982,119.66564498225759,-5.268772584059391,-4.605696356557363,240
808,exp,saez+rl_aux,1,117.71481643157516,123.4220997583266,-5.707283326751437,-4.8483984427473885,240
808,exp,saez+rl_aux,2,210.87216353765325,212.50400209668132,-1.6318385590280684,-0.7738520493420593,240
808,exp,saez+rl_aux,3,131.890660810669,136.62898538745665,-4.738324576787647,-3.592615692167607,240
808,exp,saez+rl_aux,4,101.65684780556344,107.1809786482792,-5.524130842715749,-5.434096140066844,240
808,exp,saez+rl_aux,5,121.75702296990511,124.68892708914935,-2.931904119244237,-2.407995898494431,240
808,exp,saez+rl_aux,6,116.16774653266175,118.61010069791494,-2.4423541652531924,-2.102437413268148,240
808,exp,saez+rl_aux,7,127.74375462203525,135.32944475023874,-7.585690128203481,-5.938208212720704,240
808,exp,saez+rl_aux,8,120.45699464836801,121.44145323051157,-0.9844585821435601,-0.8172697525929,240
808,exp,saez+rl_aux,9,115.13666458469369,122.15127400984674,-7.014609425153054,-6.092420212497261,240
808,exp,us_federal,0,321.24494018852926,315.0904660454893,6.154474143039977,1.9158197914115305,240
808,exp,us_federal,1,360.9994431770378,354.8972703809713,6.1021727960664975,1.690355182369057,240
808,exp,us_federal,2,285.72239918087934,283.88798990460356,1.8344092762757782,0.6420250150267315,240
808,exp,us_federal,3,302.03844676857426,296.81808604036723,5.220360728207027,1.7283762329128034,240
808,exp,us_federal,4,279.9289020168846,278.60691138313956,1.3219906337450311,0.4722594288121389,240
808,exp,us_federal,5,333.21387546311234,325.7661106502006,7.447764812911771,2.2351304556452236,240
808,exp,us_federal,6,303.45694365184534,299.75208617606006,3.704857475785275,1.2208840671762118,240
808,exp,us_federal,7,323.1767770246777,311.06919316265595,12.107583862021727,3.746427566203866,240
808,exp,us_federal,8,297.4495233436285,287.36211206831354,10.087411275314992,3.3913018793650953,240
808,exp,us_federal,9,229.03154581826323,217.26789364931346,11.763652168949761,5.136258469077545,240
808,exp,us_federal+rl_aux,0,235.61680351665265,236.53889829946462,-0.9220947828119677,-0.3913535745538611,240
808,exp,us_federal+rl_aux,1,361.2214513810003,358.0504100330654,3.1710413479348745,0.8778662883423834,240
808,exp,us_federal+rl_aux,2,251.47849225916437,247.02172589099013,4.456766368174243,1.772225659592895,240
808,exp,us_federal+rl_aux,3,255.06644926399716,245.86002334651891,9.206425917478242,3.609422542260534,240
808,exp,us_federal+rl_aux,4,274.6124479980205,271.7789854248975,2.833462573123029,1.0318041275184486,240
808,exp,us_federal+rl_aux,5,298.39588321347054,286.6846391742887,11.71124403918185,3.924733784213671,240
808,exp,us_federal+rl_aux,6,254.74744252555337,244.57418428233078,10.173258243222591,3.9934682532493433,240
808,exp,us_federal+rl_aux,7,319.14145471102233,308.52448266222535,10.616972048796981,3.3267292268284248,240
808,exp,us_federal+rl_aux,8,256.2856805639822,237.99379532726275,18.29188523671948,7.137302870947125,240
808,exp,us_federal+rl_aux,9,248.96135626185438,243.4535303441092,5.50782591774518,2.2123216231004617,240
909,det,free_market,0,366.76407349308005,381.0058096702453,-14.24173617716525,-3.883078307405144,240
909,det,free_market,1,441.88671213661263,443.48580852459474,-1.5990963879821152,-0.36187926544569693,240
909,det,free_market,2,402.63417087348614,417.65882257240554,-15.0246516989194,-3.7315888182874515,240
909,det,free_market,3,416.21990401515103,426.28500123607705,-10.06509722092602,-2.418216217876893,240
909,det,free_market,4,378.07481166654605,375.6594145320464,2.415397134499642,0.6388675098064907,240
909,det,free_market,5,389.2193214608424,397.4907476661304,-8.27142620528798,-2.1251324765284374,240
909,det,free_market,6,418.79570059146545,414.49096422837016,4.304736363095287,1.0278845644823251,240
909,det,free_market,7,445.31213208615276,436.49032505499457,8.821807031158187,1.9810390051200013,240
909,det,free_market,8,382.04219674532834,388.5666086484696,-6.524411903141242,-1.7077725860451105,240
909,det,free_market,9,321.6451569422593,329.53235662362016,-7.887199681360869,-2.4521431494075796,240
909,det,free_market+rl_aux,0,367.0705473177274,381.21116367096766,-14.140616353240262,-3.852288465138143,240
909,det,free_market+rl_aux,1,442.1932295254484,443.7834314821624,-1.5902019567140542,-0.359616984280972,240
909,det,free_market+rl_aux,2,402.82631807604605,417.84814956984854,-15.021831493802495,-3.7291087547479096,240
909,det,free_market+rl_aux,3,416.4600559278656,426.4691678657205,-10.009111937854925,-2.4033786182818426,240
909,det,free_market+rl_aux,4,386.0431570790067,381.3009133029153,4.742243776091357,1.228423218785567,240
909,det,free_market+rl_aux,5,391.2238558050583,399.26767637376133,-8.04382056870304,-2.056065970760017,240
909,det,free_market+rl_aux,6,419.0350601385091,414.72939928355675,4.30566085495235,1.0275180443204786,240
909,det,free_market+rl_aux,7,445.70534875567967,436.6847403987879,9.020608356891785,2.0238950198994745,240
909,det,free_market+rl_aux,8,386.24773295147986,390.8677073401777,-4.619974388697813,-1.196116894562633,240
909,det,free_market+rl_aux,9,313.8336462056181,326.47166132421876,-12.638015118600663,-4.02697902898546,240
909,det,rl_learned,0,372.5266331317591,384.676845540716,-12.150212408956861,-3.261568792226312,240
909,det,rl_learned,1,431.7398891777971,441.68402336287653,-9.944134185079406,-2.3032697312302917,240
909,det,rl_learned,2,398.96050913833176,415.9897011799288,-17.029192041597014,-4.268390392416627,240
909,det,rl_learned,3,411.96552089452183,427.39603165264714,-15.430510758125308,-3.7455830586550665,240
909,det,rl_learned,4,362.7651917570199,366.27679197833953,-3.511600221319611,-0.9680091423081408,240
909,det,rl_learned,5,384.523280325512,397.58690156977764,-13.063621244265619,-3.397355092052377,240
909,det,rl_learned,6,417.64118965763606,420.9842501902227,-3.3430605325866622,-0.8004623622797254,240
909,det,rl_learned,7,453.5603770557714,443.56780923403545,9.992567821735975,2.2031394996629636,240
909,det,rl_learned,8,388.733614769548,399.19640200512384,-10.462787235575831,-2.691505657872798,240
909,det,rl_learned,9,321.99034066569493,331.2088562958137,-9.218515630118759,-2.8629789362811486,240
909,det,saez,0,157.0437253100407,164.40540218176864,-7.361676871727923,-4.687660622666883,240
909,det,saez,1,193.0456230303381,184.39814323918623,8.64747979115188,4.479500573702666,240
909,det,saez,2,204.34974281145676,197.03843925533693,7.311303556119839,3.577838393888076,240
909,det,saez,3,178.4595935359337,188.6730471072226,-10.213453571288909,-5.723118252666188,240
909,det,saez,4,156.8206203889647,161.85561867917843,-5.034998290213736,-3.2106736204239907,240
909,det,saez,5,184.28283918373543,181.04692138042148,3.235917803313953,1.7559517845759078,240
909,det,saez,6,199.1801011493113,177.71912224782457,21.460978901486726,10.774660107938663,240
909,det,saez,7,163.6136153705046,172.94472929970115,-9.331113929196562,-5.703140235649806,240
909,det,saez,8,164.81009923179604,170.388032915497,-5.577933683700962,-3.384461091705257,240
909,det,saez,9,156.92545059212807,163.28420079285254,-6.358750200724472,-4.052083442635308,240
909,det,saez+rl_aux,0,189.06695023583814,194.28808155341898,-5.221131317580841,-2.761525116403534,240
909,det,saez+rl_aux,1,223.66020496969028,229.10559517291793,-5.445390203227646,-2.4346710242734453,240
909,det,saez+rl_aux,2,223.98721454457097,230.97261333501424,-6.98539879044327,-3.11865960949894,240
909,det,saez+rl_aux,3,236.25562025544542,241.31897693848157,-5.063356683036147,-2.143168775228086,240
909,det,saez+rl_aux,4,196.03750351062902,201.60178387789588,-5.564280367266861,-2.838375447361871,240
909,det,saez+rl_aux,5,202.6872457260464,204.90414537035866,-2.2168996443122637,-1.0937538947609176,240
909,det,saez+rl_aux,6,206.77512605823892,216.69592153597003,-9.920795477731104,-4.797866971164065,240
909,det,saez+rl_aux,7,209.9071758241984,216.74699365721554,-6.83981783301715,-3.258496431177579,240
909,det,saez+rl_aux,8,183.68113603901358,185.9565788803714,-2.2754428413578296,-1.2388005052813529,240
909,det,saez+rl_aux,9,167.28937402107945,173.1002802651285,-5.81090624404905,-3.473565657144991,240
909,det,us_federal,0,309.69737487859436,323.4520321449971,-13.754657266402717,-4.441321878105919,240
909,det,us_federal,1,400.7425446246513,397.82944969611134,2.9130949285399765,0.7269242978103254,240
909,det,us_federal,2,358.83274533076275,366.2403554907083,-7.407610159945534,-2.064362925718329,240
909,det,us_federal,3,372.470430628361,384.65095447561197,-12.180523847250981,-3.2701988790633196,240
909,det,us_federal,4,300.83084210185535,306.4679781852331,-5.637136083377754,-1.873855766912733,240
909,det,us_federal,5,340.43999340483066,349.6908984173356,-9.250905012504916,-2.7173379132058373,240
909,det,us_federal,6,370.75178674709485,364.28207916925993,6.4697075778349245,1.745023978063302,240
909,det,us_federal,7,362.54812176795673,358.56931220063865,3.9788095673180806,1.097456952173829,240
909,det,us_federal,8,352.7606636141265,359.6348253501695,-6.874161736042993,-1.9486758148188588,240
909,det,us_federal,9,276.04624351194093,287.724830360618,-11.678586848677071,-4.2306632034179055,240
909,det,us_federal+rl_aux,0,320.188428372561,335.76053760041754,-15.572109227856515,-4.863420363754466,240
909,det,us_federal+rl_aux,1,385.34649981003247,393.1587255431955,-7.812225733163018,-2.027324949626966,240
909,det,us_federal+rl_aux,2,339.5161655336434,357.8639284902321,-18.347762956588724,-5.404091121184215,240
909,det,us_federal+rl_aux,3,364.45322010888106,386.0466125476109,-21.593392438729836,-5.924873549554253,240
909,det,us_federal+rl_aux,4,270.0735662435969,285.05088654060364,-14.97732029700677,-5.545644657240447,240
909,det,us_federal+rl_aux,5,329.92304139943406,346.8319472482384,-16.908905848804352,-5.125106078399942,240
909,det,us_federal+rl_aux,6,326.35721338106816,338.62922493086717,-12.272011549799004,-3.760300384557364,240
909,det,us_federal+rl_aux,7,333.4869689660298,347.84424754770635,-14.357278581676553,-4.305199278457875,240
909,det,us_federal+rl_aux,8,323.21460474620284,337.2670691734628,-14.052464427259963,-4.34771950923887,240
909,det,us_federal+rl_aux,9,267.0525804760166,281.20853286524755,-14.155952389230947,-5.300810935433841,240
909,exp,free_market,0,375.644175016876,380.0328511936893,-4.388676176813306,-1.1683067297971923,240
909,exp,free_market,1,402.992627887684,416.9155769933188,-13.922949105634757,-3.454889281377909,240
909,exp,free_market,2,374.0565515392243,389.2193856256319,-15.1628340864076,-4.053620775792666,240
909,exp,free_market,3,415.00098851125796,423.0653376749877,-8.06434916372973,-1.9432120373156567,240
909,exp,free_market,4,343.45865870781466,353.66501643649457,-10.206357728679905,-2.9716408277721142,240
909,exp,free_market,5,350.13406617928854,364.5531649508622,-14.419098771573658,-4.118165058577951,240
909,exp,free_market,6,363.90030699886785,375.23273648774904,-11.33242948888119,-3.1141577159802853,240
909,exp,free_market,7,423.4943072961307,427.27072854053694,-3.776421244406208,-0.8917289274836757,240
909,exp,free_market,8,401.90620455924153,399.3463347273355,2.559869831906042,0.6369321505532303,240
909,exp,free_market,9,326.9147969089966,339.0608853053716,-12.146088396374978,-3.7153681972235995,240
909,exp,free_market+rl_aux,0,374.9898564856602,379.7067156950346,-4.716859209374377,-1.2578631469074824,240
909,exp,free_market+rl_aux,1,409.11332020235744,421.69799193594463,-12.584671733587186,-3.0760845741621172,240
909,exp,free_market+rl_aux,2,377.12434252249096,391.3395775364223,-14.215235013931363,-3.7693761476252607,240
909,exp,free_market+rl_aux,3,415.4494556216326,423.46844507188376,-8.018989450251183,-1.9301961626721729,240
909,exp,free_market+rl_aux,4,343.39032641969806,353.699037129922,-10.30871071022392,-3.002038763789875,240
909,exp,free_market+rl_aux,5,350.0969550939993,364.70294286824213,-14.605987774242806,-4.171983663874245,240
909,exp,free_market+rl_aux,6,371.27935502757254,377.61841747347836,-6.3390624459058245,-1.7073565659030685,240
909,exp,free_market+rl_aux,7,422.0358397502811,427.09684328805463,-5.061003537773502,-1.1991880928330876,240
909,exp,free_market+rl_aux,8,410.3551368707587,405.137078732842,5.218058137916728,1.2715956665506918,240
909,exp,free_market+rl_aux,9,327.1195656104224,339.12139769166555,-12.001832081243151,-3.668943512702182,240
909,exp,rl_learned,0,371.41077459063507,380.3676893955808,-8.956914804945711,-2.4115926132778256,240
909,exp,rl_learned,1,400.7901875336316,417.6360047293961,-16.84581719576454,-4.203151104928424,240
909,exp,rl_learned,2,406.4306544445928,414.8614596217582,-8.430805177165382,-2.074352681070892,240
909,exp,rl_learned,3,424.8825565814109,432.9066285045886,-8.0240719231777,-1.888538797106448,240
909,exp,rl_learned,4,326.42791866519923,335.7335468809058,-9.305628215706577,-2.8507451978244833,240
909,exp,rl_learned,5,363.1580999830935,376.85068846712693,-13.692588484033422,-3.7704207849613893,240
909,exp,rl_learned,6,372.2213676477225,378.9058016020985,-6.684433954376004,-1.7958222002725759,240
909,exp,rl_learned,7,410.94076517679196,422.7439768189264,-11.803211642134443,-2.8722416081199804,240
909,exp,rl_learned,8,386.9276824867607,394.5244739464361,-7.596791459675387,-1.963362096723416,240
909,exp,rl_learned,9,348.6607500031392,355.5351574985087,-6.874407495369496,-1.9716608466274457,240
909,exp,saez,0,224.7499631648285,214.33278176074802,10.41718140408048,4.635009170809369,240
909,exp,saez,1,217.11685369135878,194.6617905991827,22.45506309217609,10.342386005693024,240
909,exp,saez,2,185.52946781487975,184.39611111815574,1.1333566967240074,0.6108769189457625,240
909,exp,saez,3,174.2347006624961,180.53762547729207,-6.302924814795972,-3.6174911144738875,240
909,exp,saez,4,154.1535856532471,157.65798945529255,-3.5044038020454593,-2.273319681274402,240
909,exp,saez,5,252.28715271690055,246.57477527922617,5.712377437674377,2.264236357720687,240
909,exp,saez,6,169.31450592419256,177.01700287330905,-7.702496949116494,-4.549224478477434,240
909,exp,saez,7,211.94519888016222,196.3505915376412,15.594607342521016,7.357848833055425,240
909,exp,saez,8,164.4755925731802,163.78749182086827,0.6881007523119251,0.4183604032347646,240
909,exp,saez,9,157.55463517719815,142.1483754947539,15.406259682444244,9.778360163835973,240
909,exp,saez+rl_aux,0,200.70755732704438,206.79250624670212,-6.084948919657734,-3.0317487795153473,240
909,exp,saez+rl_aux,1,213.29445000285156,214.6509573224028,-1.3565073195512412,-0.6359787230905941,240
909,exp,saez+rl_aux,2,230.6629707000721,241.19571740139747,-10.53274670132538,-4.566292833807714,240
909,exp,saez+rl_aux,3,238.75173792575347,252.7971911257471,-14.04545319999363,-5.882869512079304,240
909,exp,saez+rl_aux,4,186.93504381296125,194.42369764592615,-7.4886538329649,-4.006019246160023,240
909,exp,saez+rl_aux,5,202.99581794871122,210.485701710879,-7.4898837621677785,-3.689673924248118,240
909,exp,saez+rl_aux,6,191.25551595542012,194.43680989911442,-3.1812939436942997,-1.663373695551782,240
909,exp,saez+rl_aux,7,223.95986048006284,227.7292365014957,-3.769376021432862,-1.6830587469348848,240
909,exp,saez+rl_aux,8,192.94059406448216,198.46875915345882,-5.528165088976664,-2.865216164478643,240
909,exp,saez+rl_aux,9,165.51030912943153,171.75956666410232,-6.2492575346707895,-3.775751231171816,240
909,exp,us_federal,0,331.65330819247237,332.24544735069725,-0.5921391582248816,-0.17854161065121604,240
909,exp,us_federal,1,365.92721200281846,378.8883924882025,-12.961180485384034,-3.54201055845068,240
909,exp,us_federal,2,369.7776660251774,373.58702106968747,-3.8093550445100846,-1.0301744519775062,240
909,exp,us_federal,3,378.8387284594234,385.26871860084736,-6.429990141423957,-1.697289547869618,240
909,exp,us_federal,4,288.44507873000987,300.44645134704297,-12.001372617033098,-4.160713252544903,240
909,exp,us_federal,5,346.78258004504625,347.5434143179235,-0.7608342728772755,-0.21939806572130724,240
909,exp,us_federal,6,314.8196315692402,325.78852453822515,-10.96889296898496,-3.4841832811727005,240
909,exp,us_federal,7,352.7748057283466,364.1184019188256,-11.34359619047899,-3.2155346714907127,240
909,exp,us_federal,8,332.9153138677465,337.92812106807133,-5.012807200324858,-1.5057304339914621,240
909,exp,us_federal,9,271.0244091548209,282.67299347147684,-11.648584316655956,-4.297983474249281,240
909,exp,us_federal+rl_aux,0,310.9931519376898,333.40705637307923,-22.41390443538944,-7.207201925745382,240
909,exp,us_federal+rl_aux,1,357.96809755494917,378.18951579950647,-20.2214182445573,-5.648944244662264,240
909,exp,us_federal+rl_aux,2,322.49438035322993,346.9811433715392,-24.48676301830926,-7.592927043097238,240
909,exp,us_federal+rl_aux,3,360.8672703697625,379.6212355579154,-18.753965188152904,-5.196914967915118,240
909,exp,us_federal+rl_aux,4,303.81682426988226,314.6832152342709,-10.866390964388643,-3.576625814091179,240
909,exp,us_federal+rl_aux,5,322.2184312163744,336.4675177350022,-14.249086518627792,-4.422182326702261,240
909,exp,us_federal+rl_aux,6,309.4937438872236,327.39447711088417,-17.900733223660552,-5.7838756282528925,240
909,exp,us_federal+rl_aux,7,346.986070295857,366.8567861348179,-19.870715838960905,-5.726660964233572,240
909,exp,us_federal+rl_aux,8,324.1804999568048,339.13960119966765,-14.959101242862857,-4.614435860533274,240
909,exp,us_federal+rl_aux,9,274.09875601971294,285.43056704732186,-11.331811027608921,-4.134207390125458,240
