seed,iter,source_run,episode_reward_mean,reward_government,reward_employee,reward_firm,reward_bank,reward_supervisor,reward_economy,vf_explained_var_government,kl_government,entropy_government,vf_explained_var_employee,kl_employee,entropy_employee,vf_explained_var_firm,kl_firm,entropy_firm,vf_explained_var_bank,kl_bank,entropy_bank,vf_explained_var_supervisor,kl_supervisor,entropy_supervisor,vf_explained_var_economy,kl_economy,entropy_economy
42,1,PPO_RLlibMacroEnv_2026-09-28_13-53-166nobc4up,286.2666660577625,63.71736337713183,0.9162262102165099,2.357649207506887,0.7539422226371926,30.87253071231541,38.333162529723126,-0.008364984393119812,0.0076942653102832995,7.045279255509376,0.5099727429799585,0.004639909732372413,5.666544045817932,0.45197121388891826,0.0064794031982996665,4.204036384362441,0.12709100171923637,0.0074387099542946086,4.218186548352241,0.13270002603530884,0.006374800968478667,4.299348855018616,-5.681030452251434e-05,0.0038350642589648487,4.248565131425858
42,2,PPO_RLlibMacroEnv_2026-09-28_13-53-166nobc4up,284.4268183102801,65.05527426079685,0.8406821718515236,2.4699557780017485,0.7998699411316456,30.801692154247853,38.84539347974328,-0.008735843002796173,0.005242039090792632,7.00754329264164,0.7140296527469768,0.0061875217746357744,5.647578649458897,0.6748800334700367,0.007360395314929304,4.1552522726226275,0.7512788824737072,0.006393913857050395,4.244125530123711,0.4960793774574995,0.008273422369688898,4.269291481375694,-6.181225180625915e-05,0.005261067190747332,4.186105281114578
42,3,PPO_RLlibMacroEnv_2026-09-28_13-53-166nobc4up,296.7294353317279,66.35837164283815,0.9429549905207905,2.5102333244562924,0.8414447150477119,29.989105992153792,39.3055279975684,-0.005115249007940292,0.005471523621910302,6.981455701589584,0.7655148333355015,0.006851738214086875,5.569958198978508,0.7005200477389546,0.007499873876356038,4.134684966240094,0.851869435980916,0.0012313323177977613,4.249628719687462,0.7875125598162412,0.0061024186284925125,4.227073654532433,-1.1220574378967285e-05,0.0038875542388837085,4.16111536026001
42,4,PPO_RLlibMacroEnv_2026-09-28_13-53-166nobc4up,298.81195107865824,67.25274373790263,0.9556656732332636,2.484544273092516,0.8625993670858598,29.821788533792564,39.55087853923233,-0.002392493560910225,0.006534801374179722,6.931385549902916,0.7710106004530646,0.007109492837934144,5.508939970254512,0.7263960120916366,0.007992717218781763,4.15714174861908,0.8688759464770556,0.005691137077417365,4.201622501015663,0.9332130365073681,0.006539723017203886,4.234777829051017,-1.6106665134429933e-05,0.007503974223845961,4.17234713435173
42,5,PPO_RLlibMacroEnv_2026-09-28_13-53-166nobc4up,316.6098663799304,67.56697353752682,1.1068465699207917,2.5633675412337933,0.8673345925375553,29.689579683550427,39.774231381154095,-0.001781684160232544,0.00885828671156048,6.929275795817375,0.7841873864995648,0.006886331514100863,5.536787808901707,0.7288230771988126,0.0074690131397339,4.072163894519967,0.8471815411001444,0.008408354816424435,4.1831321001052855,0.9637558441609144,0.007861129128332344,4.190568536520004,-4.6353787183761595e-06,0.0064556270971479705,4.0877785384655
42,6,PPO_RLlibMacroEnv_2026-09-28_13-53-166nobc4up,316.52630556818565,67.74098877283427,1.1038108456194753,2.590153680229851,0.876467365100723,29.526775166767464,39.97378470159328,-0.0024624377489089965,0.011616888282912925,6.947489386796951,0.7776124051701468,0.007087975036737787,5.502252880265874,0.7383183444638651,0.0078037894127431125,4.0096175867247865,0.850348949804902,0.010801331407105874,4.188890609145164,0.9765071146190166,0.008878054589834528,4.192008218169212,2.6792287826538088e-06,0.008111398099481481,4.133466506004334
42,7,PPO_RLlibMacroEnv_2026-09-28_13-53-166nobc4up,328.5681651446698,68.79003708318446,1.1823928832324928,2.728677081658157,0.889830671640238,29.163043469475568,40.4132432491888,-0.00225943997502327,0.00960087117679226,6.931267741322517,0.8087525776160762,0.007151426768081893,5.453028884662196,0.7706660986759446,0.007065136578535616,3.998998118097132,0.8539547581225634,0.014275162430885757,4.149931383132935,0.9774596150964499,0.00861071624344734,4.133972036838531,-7.572025060653686e-06,0.009975593014769421,4.1261869966983795
42,8,PPO_RLlibMacroEnv_2026-09-28_13-53-166nobc4up,338.46413014594526,69.52589036450583,1.2587287840006662,2.7772842200511585,0.9028445099004223,28.884386027219406,40.74030970233347,-0.0007312018424272537,0.01685368335238313,6.777798411250115,0.7986089629276972,0.007240971744220355,5.379818820991917,0.7421360897718613,0.007944164288339805,4.019508432543926,0.8742430008947849,0.01350866936077183,4.136757397651673,0.9782969146966934,0.00858536395480203,4.153154855966568,-1.0676681995391847e-06,0.005912315212299291,4.099812033772468
42,9,PPO_RLlibMacroEnv_2026-09-28_13-53-166nobc4up,359.172608409791,69.8050790417003,1.429691304662972,2.877561333660118,0.9125883957196719,28.899361403739054,40.95875896591097,0.00042376667261123657,0.008618255844430735,6.797958397865296,0.7999404131096958,0.007577525006781131,5.320593190329862,0.7844210959474246,0.009377301893705408,3.9891355054577193,0.8332377918064594,0.007744694804000599,4.028799183666706,0.9784221887588501,0.006203158167238632,4.138830545544624,1.8591061234474182e-05,0.0062013415132696715,4.075053817033767
42,10,PPO_RLlibMacroEnv_2026-09-28_13-53-166nobc4up,385.4089076997844,70.3676079494851,1.644051735280336,3.014968228629528,0.9245851705775437,28.560417428058734,41.276414785074785,0.20287141650915147,0.009147133205260682,6.7345260173082355,0.804337078096986,0.007815825082872015,5.29085397011629,0.7812144212606477,0.007114091740743796,3.932427349517016,0.8665126744657755,0.007122685662523073,3.9736771449446677,0.9761660542339087,0.0060998134011328265,4.107755666971206,0.003544171527028084,0.005312993698191838,4.0773223608732225
42,11,PPO_RLlibMacroEnv_2026-09-28_13-53-166nobc4up,393.6002914121042,71.16254524964884,1.6888677533444079,3.0965895119542663,0.9408525134311873,28.136074241137784,41.52035782555039,0.5776102438569068,0.005850215889745413,6.718235310912132,0.7972693906931938,0.007986989007750403,5.251112404050707,0.7779556096092729,0.007548018729072989,3.8700478168558483,0.8562170073390007,0.008339289685068276,3.8837101638317106,0.9844273123890162,0.007619013552692908,4.092178413271904,0.011976421624422074,0.007563549113410799,4.036774225533009
42,12,PPO_RLlibMacroEnv_2026-09-28_13-53-166nobc4up,421.7651719011569,71.6067339960179,1.918423011462613,3.255991343234143,0.9517265605992031,27.69856753376125,41.73788080450793,0.7123642090708018,0.009268438454023519,6.7335286945104595,0.8147420805481513,0.007751341941226837,5.1524506709042,0.7469132105163906,0.007604035056561849,3.847078239606774,0.8362061996012926,0.010960393341520127,3.8827671140432356,0.978779423981905,0.008615828699510076,4.055534102022648,0.07135831192135811,0.00883074373618914,4.077814564108849
42,13,PPO_RLlibMacroEnv_2026-09-28_13-53-166nobc4up,447.90816868959234,72.7704143753519,2.124864324833927,3.364980962153936,0.9866554945760521,27.23144709088941,42.090126350023446,0.706535904482007,0.008714581871413492,6.723758372664451,0.8418862777745129,0.008258338801697856,5.04187360524564,0.760757274302092,0.007081146667436399,3.782033078470944,0.8472348842769861,0.01148941984989733,3.866354024410248,0.9809602532535792,0.009149181556585973,3.973568758368492,0.11332825645804405,0.008970161287550156,4.093814605474472
42,14,PPO_RLlibMacroEnv_2026-09-28_13-53-166nobc4up,475.59613796207157,73.17211730784605,2.3707754030156525,3.5453884865052143,0.9982201440903854,26.633905340581826,42.31032830087503,0.7847144115716219,0.009626475169952254,6.628226014971733,0.8242139609346585,0.008061337080609297,5.03126139952212,0.718930479431791,0.007585356553902657,3.7835818204496587,0.8672397661954164,0.011272314833377095,3.82171473801136,0.9780366398394108,0.011696355317371888,3.922614525258541,0.13849444016814233,0.013271229206043284,4.004258272051811
42,15,PPO_RLlibMacroEnv_2026-09-28_13-53-166nobc4up,486.4018061975671,74.37686004813519,2.442061672077644,3.6662441470761684,1.0144320729048728,25.775527440795145,42.6042834215097,0.7715161360800267,0.010427998136737034,6.572582978010177,0.8267194784378797,0.008129509671744162,4.9594618055723885,0.7850837475293643,0.008632376638440619,3.7219639245565834,0.8608967036008834,0.009797572738085616,3.8415090277791024,0.9697524949908256,0.007570235772118436,3.899828553199768,0.1929157145321369,0.00978247982766337,3.941570574045181
42,16,PPO_RLlibMacroEnv_2026-09-28_13-53-166nobc4up,512.023114322008,74.40057295950157,2.6641626830185636,4.032393984364006,1.013613428381919,24.934857446457062,42.79599543128345,0.7812915045768023,0.010942991876527303,6.620405086874962,0.8513826360257619,0.008448452349159162,4.932524118012789,0.7682569754782633,0.007977429415225301,3.640758542319638,0.8892154514789581,0.01067845243469496,3.749585421383381,0.953325967118144,0.006787222466255158,3.9356265529990195,0.2903593074530363,0.01471900482988534,4.005593971908093
42,17,PPO_RLlibMacroEnv_2026-09-28_13-53-166nobc4up,545.1425772451671,74.11165641952782,2.9659712992350413,4.444098513854366,1.0112409450356372,23.78137652012393,43.03873925570602,0.8288398429751396,0.006552744002579022,6.64706067442894,0.8592303951452305,0.007833007290463382,4.890620234956989,0.7435234702694479,0.00810470262206417,3.6127333807071467,0.9133211735635995,0.008477707284828283,3.746545048058033,0.9660177730023861,0.005780579367115064,3.866149555146694,0.30979360528290273,0.007092080166057746,3.9678602784872057
42,18,PPO_RLlibMacroEnv_2026-09-28_13-53-166nobc4up,578.6551983040557,75.3180159210029,3.2240256750821534,5.0200672656718694,1.0373250643700183,22.603078244652316,43.54099512333632,0.7792330898344517,0.009554097726675157,6.577947726845741,0.8794143341708165,0.007967114409600008,4.76410228531526,0.7451439367741653,0.008689673729051871,3.6054678095984705,0.8942409157752991,0.00951678182282198,3.638733173906803,0.9531812738627196,0.0077217903407472924,3.888744831085205,0.3108433771878481,0.007169738463494469,3.8947599321603774
42,19,PPO_RLlibMacroEnv_2026-09-28_13-53-166nobc4up,607.5473897667389,75.08150781933989,3.452439835789369,5.689214302607661,1.0324142825090243,21.523981693257955,43.78713380854785,0.7975649822503328,0.00852307566030398,6.592236539721489,0.9025515396882321,0.008076209200712869,4.6502292520411945,0.7587572566901937,0.0070031722003777224,3.5332957741793463,0.8993924591690302,0.012444063881048392,3.5578674137592317,0.9590941987931728,0.006538420241645327,3.80107960999012,0.5284509140998125,0.011868712658565563,3.8465602725744246
42,20,PPO_RLlibMacroEnv_2026-09-28_13-53-166nobc4up,625.897380752198,76.3030380791243,3.5900999603118326,6.133483295242424,1.0670418832028592,20.403822085289356,44.098273405904685,0.6544496286660433,0.008073012635736718,6.4320087194442745,0.8929259513890203,0.008194127327835095,4.611958675142126,0.789787192444496,0.007810662076278877,3.523282302424238,0.894734089076519,0.012213129290785257,3.502296043932438,0.9525550536811351,0.005369726078140543,3.8071486055850983,0.4447011798620224,0.008488275018612513,3.8162647873163222
42,21,PPO_RLlibMacroEnv_2026-09-28_13-53-166nobc4up,669.415149067907,75.9359350313667,3.9278805301662834,7.119947380502788,1.0640384713037714,19.478623965775434,44.35427765299526,0.7293464571237565,0.008511107257783123,6.442599892616272,0.908225593152456,0.00774112241194878,4.590821672603488,0.76773726433173,0.00894300760427196,3.4467509667078655,0.8824351537972689,0.008233857180948732,3.4933560118079185,0.9589585132896901,0.006869648897259184,3.730683220922947,0.5735598109662533,0.010399412214201256,3.870419381558895
42,22,PPO_RLlibMacroEnv_2026-09-28_13-53-166nobc4up,701.6041997067346,76.16055257180432,4.2006409393832,7.6057978446024626,1.0814123099414292,18.32211666564254,44.56045747120383,0.7384670875966549,0.008718769753886671,6.382065245509148,0.9167606694836103,0.008131695184675243,4.564753379025773,0.7944831271850785,0.007405405613495576,3.4401626008887622,0.9252794433385134,0.009836311322396842,3.459139361977577,0.9319772195070982,0.006690840825194798,3.718389503657818,0.5420749597251415,0.011936163501991394,3.7847026601433753
42,23,PPO_RLlibMacroEnv_2026-09-28_13-53-166nobc4up,728.1193534974495,77.36017943963965,4.437110611216664,7.876824297180796,1.1144881828997817,17.740473505933117,44.73595066203246,0.7497786708176136,0.009197975298511189,6.2049725413322445,0.8953696304132245,0.00843906522334616,4.563303859535481,0.7683230488884206,0.008948012709589068,3.42119964945073,0.8958717461675405,0.007673462404454767,3.4669752195477486,0.9326498974114656,0.0108531416346978,3.6439594283699988,0.6490345366299153,0.011283039578415846,3.636162203550339
42,24,PPO_RLlibMacroEnv_2026-09-28_13-53-166nobc4up,761.076242523612,77.55315913349392,4.782861321247192,8.166256669279981,1.1141935755585712,16.352134290701535,44.79969765849443,0.7466311022639275,0.008810427014157176,6.1302350461483,0.8953434341499604,0.008254823910457166,4.488844604453887,0.7890356773561468,0.006958291364933589,3.4071414822437722,0.8468353405594826,0.007981624181434199,3.4644272133708,0.9299270126968622,0.005096166051816953,3.668565359711647,0.4292821142822504,0.01227004402167044,3.5502186521887777
42,25,PPO_RLlibMacroEnv_2026-09-28_13-53-166nobc4up,784.2094145961349,77.67443419940082,5.032229159708494,8.321234176306943,1.117232638599708,15.188264525246728,44.82681253212558,0.7635767102241516,0.008730534082269514,6.217722797393799,0.9193589140682159,0.008235102440533448,4.478130538795372,0.7891293921253898,0.006109620021242707,3.3475096091357144,0.8910258766263723,0.007431155764561481,3.4869736284017563,0.8783137854188681,0.011484018564522155,3.6539536744356154,0.6277767103165388,0.00982512806019718,3.5342483803629876
42,26,PPO_RLlibMacroEnv_2026-09-28_13-53-166nobc4up,827.8135045611366,77.66159149681526,5.395805008937592,9.174995248950529,1.0923201241412999,14.222855159544002,44.966551736547046,0.6999442938715219,0.006642586331850093,6.169490224123001,0.916627151172617,0.008281102179403846,4.394260432905892,0.744067276625117,0.00761422188949437,3.2227468490600586,0.899895989522338,0.01001935736862838,3.40604353249073,0.8562519323080778,0.006058653635364002,3.6842263236641886,0.5721412878483534,0.007309496022981013,3.5083145260810853
42,27,PPO_RLlibMacroEnv_2026-09-28_13-53-166nobc4up,843.6068343245179,78.70219317948553,5.557821677828124,9.30912666223408,1.0998462994084766,13.454691404314126,45.05010828597654,0.789143280684948,0.008144973234630105,6.180477428436279,0.9095835847994861,0.008518074796086177,4.325718659307443,0.7741284362327905,0.007869984770141057,3.2269651933952614,0.853235001116991,0.01207828731384102,3.3578929558396338,0.8811643533408642,0.007505040758997034,3.6603470608592032,0.6046168994158506,0.013881491265419803,3.417869880795479
42,28,PPO_RLlibMacroEnv_2026-09-28_13-53-166nobc4up,858.8030958809837,79.037369114791,5.6726940572125555,9.709479334475716,1.0992290480315647,12.990616825687049,45.14873347811195,0.7502551905810833,0.007278601510586319,6.054939085245133,0.916153422386544,0.00883267711854377,4.293488606815308,0.7615737344845231,0.006983200043830685,3.2605142155325555,0.8763422936201095,0.010982712331679115,3.307293026149273,0.9112714096903801,0.005753208389933259,3.6479689836502076,0.6883590534329415,0.010832048387033017,3.4065868511795996
42,29,PPO_RLlibMacroEnv_2026-09-28_13-53-166nobc4up,878.1692899143552,79.56932499901758,5.742922364704831,10.451485183063038,1.0954989085048745,12.485646769514856,45.306990125343646,0.5548508740961552,0.007418137830109214,6.014458820223808,0.9260010302704773,0.008558602266806206,4.248627332773413,0.7726902287796231,0.007560196807358487,3.166927180260968,0.9110852755606175,0.011328443190313977,3.232261148095131,0.89538051225245,0.007337121899166782,3.64501561075449,0.7819064483046532,0.0073822406195859,3.420993024110794
42,30,PPO_RLlibMacroEnv_2026-09-28_13-53-166nobc4up,899.6735635397158,80.25689743864027,5.84377689456979,11.11073001151317,1.1056063242921543,11.924198069262633,45.46908123736554,0.6864230565726757,0.009253836343055011,5.9272141546010975,0.9252921327482909,0.008568973013762502,4.220322969965637,0.782834806839625,0.006622866652345912,3.1386973609346334,0.8857987657189369,0.008401339130887258,3.37661787122488,0.8897822450846433,0.00611630277888372,3.583978642523289,0.7995181757956743,0.015502011473836372,3.308938792347908
42,31,PPO_RLlibMacroEnv_2026-09-28_13-53-166nobc4up,928.1381396977381,80.67229654208539,6.030263846369375,11.709705058375595,1.1015032933235491,11.164149979383023,45.61750852310126,0.812645835801959,0.008695082030567505,5.9874031156301495,0.938994749632527,0.008094992913946181,4.132945476827614,0.7857327349483967,0.008669289872952709,3.111897189418475,0.9278829272836446,0.010671956315832232,3.33963106572628,0.7397796556353569,0.003503243625026248,3.537005087733269,0.7779379438608884,0.008864153266677076,3.2674732983112333
42,32,PPO_RLlibMacroEnv_2026-09-28_13-53-166nobc4up,953.9698425667738,80.21901014609661,6.263148241925147,12.249531772625355,1.0918137239394878,10.198444993599507,45.64781007016437,0.7967334307730198,0.009651944901480749,5.855608624219895,0.9288896164706923,0.008311228232112345,4.048980300110735,0.7897094818327924,0.005721178353600434,3.0570368348265724,0.831031945720315,0.008832507457373205,3.376824562251568,0.663410310447216,0.008129934563703561,3.4251644387841225,0.6959786213934421,0.008455971287662628,3.28183898627758
42,33,PPO_RLlibMacroEnv_2026-09-28_13-53-166nobc4up,981.904914163959,79.7416670638323,6.439615819433076,13.21178665096696,1.064549231269046,9.346945554235644,45.764987031137245,0.8005830552428961,0.007318298654286082,5.775491932034493,0.9345204561056765,0.008594884955699109,4.011600575187256,0.7706845445614873,0.0061376066765564214,2.9814573441490984,0.8687927432358264,0.006145019206485358,3.404245686531067,0.7517636924982071,0.006984683061909948,3.50204550921917,0.6790910065174103,0.009281238477433416,3.2506445705890656
42,34,PPO_RLlibMacroEnv_2026-09-28_13-53-166nobc4up,1025.2617528860178,79.13450972839456,6.717749672400294,14.63738203737258,1.022699070504495,8.563972792475825,45.87399580247986,0.8367923218756914,0.008147588730048613,5.804756283760071,0.9443954826725853,0.008894816755046994,3.9349048657983654,0.8091633196387972,0.006312158222475466,2.8743078233940262,0.8483842708170414,0.010955293128563474,3.3570173397660255,0.838712890446186,0.007981569494859337,3.4678567916154863,0.7513682976365089,0.011585503272226561,3.1397047474980355
42,35,PPO_RLlibMacroEnv_2026-09-28_13-53-166nobc4up,1064.961197176794,77.37802701248035,7.092948930960342,15.861371348576037,0.9823656096850404,7.49907202261811,45.91284700746726,0.8281861536204815,0.0069255235472952675,5.742288213968277,0.9559675278250988,0.00848398967339213,3.880183389553657,0.8223955818152023,0.006325736375340245,2.9102705664553885,0.8574623819440603,0.019266382364003274,3.2348425447940827,0.7505198612809181,0.011319016676998283,3.4582743659615516,0.6830711234360933,0.009105277197250017,3.125732445716858
42,36,PPO_RLlibMacroEnv_2026-09-28_13-53-166nobc4up,1117.713859953854,75.99717125790217,7.4699670397579645,18.20921220486511,0.919328845039673,6.189571515584683,46.111026936901396,0.8590731117874384,0.007658533677158776,5.71541657447815,0.9550435525364467,0.008885177917259311,3.804636845465583,0.8244321464982807,0.00729307404017416,2.86174143440703,0.857955627515912,0.009841803257904815,3.1426028221845628,0.6932652674615383,0.006808609345101568,3.3922179043293,0.7620436049997806,0.012483315103236291,3.0603539109230042
42,37,PPO_RLlibMacroEnv_2026-09-28_13-53-166nobc4up,1145.1380969527806,75.3632274225533,7.6543581511551375,19.557018209179144,0.9073861790573094,5.4848462078591185,46.19465884436636,0.8924556747078896,0.008724671985032847,5.746877646446228,0.9593954028594947,0.00921450761278042,3.771401178661107,0.8362547873404989,0.007171001408434613,2.8291986632765385,0.9086333118379116,0.013101366247428886,3.0078888460993767,0.5609273113310337,0.009367704039090147,3.3363744959235193,0.7606172434985637,0.008898645740737334,3.087638022005558
42,38,PPO_RLlibMacroEnv_2026-09-28_13-53-166nobc4up,1171.0631199326601,75.00041816010356,7.803538388986169,20.56902340337388,0.8930965872842214,4.772849621774935,46.31453532446393,0.896789900958538,0.009006065875519335,5.662930971384048,0.954064491409664,0.00881642437761432,3.732917069242906,0.79953642869607,0.006278508692634611,2.7278869496451486,0.9060637280344963,0.008867834507873412,2.992923232913017,0.5721836999058724,0.00844972285449336,3.3410361245274545,0.6748881861567497,0.013905913910321099,3.083419618010521
42,39,PPO_RLlibMacroEnv_2026-09-28_13-53-166nobc4up,1208.6372208866921,73.17258701212825,8.161747207950887,22.074512993063085,0.8718538184721382,3.9252539483225526,46.3463115207681,0.8790528543293477,0.009962693943907804,5.692359054088593,0.9564402606332505,0.008350105315209378,3.775798275094865,0.773739366071059,0.005528900050122312,2.651389012478366,0.8267833273857832,0.01318078376334603,2.907617011666298,0.7100792288780212,0.00449148157864562,3.350021865963936,0.8300972152501345,0.011436721269865361,2.9895163804292677
42,40,PPO_RLlibMacroEnv_2026-09-28_13-53-166nobc4up,1230.8297634464352,71.98598001659532,8.38497005558693,23.145083723948293,0.8576578921596042,3.0886888812878652,46.43917062907479,0.9270383410155774,0.009040422851609418,5.766104915738106,0.954515014030329,0.008663612370446926,3.713623419037874,0.7669460945452253,0.005557170994015341,2.580551410963138,0.8387539338320493,0.018311471029665047,2.7212648779153823,0.7462841898202897,0.005585669784420653,3.292469549179077,0.8017107777297496,0.01086077284799103,2.9430265709757806
42,41,PPO_RLlibMacroEnv_2026-09-28_13-53-166nobc4up,1250.6294646545614,71.82235485169639,8.50427790224569,24.027593399802875,0.8480907137332823,2.1819447254857276,46.572246959637326,0.9151549454778433,0.008494776944212544,5.697115415334702,0.9600556572081025,0.008382679529536287,3.6464151672774183,0.8035474569167731,0.007076369983503855,2.568175657515256,0.8987972855567932,0.016364546274780963,2.6393223866820335,0.7998035602271557,0.010706443990261574,3.249209199845791,0.8450153481215239,0.011332851574661693,2.8994331300258636
42,42,PPO_RLlibMacroEnv_2026-09-28_13-53-166nobc4up,1305.5209801258918,70.05400364323935,8.97125319208556,26.390308789411602,0.8290064144469538,1.4418246041134484,46.63963136831307,0.9120689287781716,0.009777226045827245,5.719474649429321,0.9592869317986583,0.008248015201601141,3.5421831308976386,0.7730777882515116,0.007204065968638121,2.5312207478158015,0.8705083806067705,0.011807502404508341,2.659677842259407,0.7768495444208383,0.006558285744154149,3.1965175956487655,0.8572456896305084,0.018757753850422887,2.8643657892942427
42,43,PPO_RLlibMacroEnv_2026-09-28_13-53-166nobc4up,1337.1518440725836,68.76462383943326,9.325196843918995,27.50534115542874,0.8069741668464606,1.0345556617450133,46.68739015846368,0.9312602709978819,0.009496340873738657,5.803424987196922,0.9634726766177586,0.008683808083931956,3.4620229971030403,0.8275297537738202,0.005052735399272024,2.541885008765202,0.8869225904345512,0.009755275053430604,2.5924093022942545,0.7095676772296429,0.007593743309962592,3.112876921892166,0.8370381373912096,0.014479008682519705,2.7298448145389558
42,44,PPO_RLlibMacroEnv_2026-09-28_13-53-166nobc4up,1382.1053077342087,67.25774015988385,9.710145819797589,29.858883470646695,0.7722664561748988,0.48262220447865695,46.75247608684119,0.956670543551445,0.009680707278357832,5.609443959593773,0.9604196259601587,0.00877361267301884,3.4402037427207306,0.8224639934770177,0.004858026457093739,2.5976865575554666,0.8533826477825641,0.010293445932984554,2.597109538316727,0.7719067919999361,0.01342674711086147,3.1154175356030462,0.8424076497554779,0.013196563476231018,2.6619242087006567
42,45,PPO_RLlibMacroEnv_2026-09-28_13-53-166nobc4up,1411.652058455408,67.41789295404584,9.989877027727506,30.495084979442723,0.7673923958197875,-0.1851834956079789,46.7734388901341,0.9647864162921905,0.007251875414158506,5.4383897364139555,0.9688804070962354,0.008762302627104193,3.4146706626824805,0.8343795769537489,0.008600639837463104,2.623146639764309,0.8850206796079874,0.01598700608283259,2.5145768597722054,0.7887627594172955,0.009923226723458422,3.1733532577753065,0.7794843409210443,0.01960544862413379,2.4847197845578193
42,46,PPO_RLlibMacroEnv_2026-09-28_13-53-166nobc4up,1432.5496606167997,67.7910726406977,10.182791661079117,30.449672565451767,0.7680210250996116,-0.9683980783552174,46.80546818670162,0.9495474677532911,0.008591809614347495,5.509832704067231,0.9651902805973889,0.008738151520844216,3.3581013971594538,0.8314610091295648,0.007893336243542047,2.5379192933123162,0.8731845419853925,0.013315994629010763,2.4038090109825134,0.8447310246527195,0.010560466782169441,3.175974404811859,0.8491589233279229,0.011910186726709158,2.42086147069931
42,47,PPO_RLlibMacroEnv_2026-09-28_13-53-166nobc4up,1472.7383639917398,67.11613433964449,10.601294163278459,32.09654802922841,0.744635640838986,-1.2794369609155158,46.787600564804634,0.9591976474970579,0.010469698257520577,5.4612281888723375,0.966484540297745,0.008499243036754561,3.348023872133588,0.8317955287708634,0.007839175328221266,2.5001016063251713,0.8380565613508224,0.014294076415217294,2.2777981966733933,0.79836818985641,0.010187571226902097,3.1876397475600244,0.8166983783245086,0.009325189139826849,2.4510875269770622
42,48,PPO_RLlibMacroEnv_2026-09-28_13-53-166nobc4up,1494.0697238929163,67.72066120587637,10.822701017223023,32.0087242453512,0.7506149448367552,-1.900097467511469,46.807322168260825,0.9512576844543219,0.011131544253612617,5.381442412734032,0.9659247123949588,0.008690086413303832,3.2581955168285415,0.8214691123429765,0.008900207678116783,2.555080213952572,0.885111840814352,0.010440509052205116,2.2424765110015867,0.729860732331872,0.007490389669567379,3.2283823892474173,0.8323151309043169,0.010344563021249087,2.5018722772598267
42,49,PPO_RLlibMacroEnv_2026-09-28_13-53-166nobc4up,1508.5389917022708,67.93997805228219,10.933941328522895,32.36327409567767,0.7511044737110479,-2.576340735441695,46.8055901639674,0.9439637672156096,0.008695433700654741,5.468023401498795,0.9694771296994866,0.009134390693839837,3.1670353858350957,0.82306554329892,0.010584542379427834,2.5390793728331724,0.8770982772111893,0.009418332199311496,2.2236634314060213,0.7786340720951557,0.007525779472234781,3.1277946874499323,0.8147116523236037,0.015033412138473146,2.5586618945002555
42,50,PPO_RLlibMacroEnv_2026-09-28_13-53-166nobc4up,1513.808697543613,68.02673945357998,11.004124797001948,32.28290862980432,0.7539492913077852,-3.0182231122815453,46.82969286910211,0.9383505575358868,0.00963736278076813,5.382145240902901,0.9694980105422495,0.009060787737238155,3.066405820993503,0.8068775211942607,0.008211716821751489,2.484542396150786,0.887722785025835,0.01575625515458796,2.2429872557520865,0.8434228003025055,0.00951302874342452,3.0559246584773065,0.8847577810287476,0.008586575337085473,2.5235090509057043
42,51,PPO_RLlibMacroEnv_2026-09-28_18-13-35q9voc3yc,1526.7915948533816,62.847299620212986,11.37171431167807,35.44681089939256,0.7082988423345151,-5.3256639444873075,46.7972897686215,0.8979777071624995,0.007959963796611373,5.434242415428161,0.9699170418545627,0.008794685711564955,3.016543594320173,0.8317387149936851,0.0077482616179162765,2.462192647210483,0.8902141366153955,0.009960997838698044,2.202578929066658,0.8305207580327988,0.009981696226032075,3.0072651386260985,0.8095398392528296,0.010191882653543946,2.5304439172148703
42,52,PPO_RLlibMacroEnv_2026-09-28_18-13-35q9voc3yc,1543.2834200896227,62.97144100817608,11.490082382638171,35.436060017318965,0.7002785117735773,-5.54719208315144,46.75784640711059,0.940157924965024,0.011159392854836114,5.315951260924339,0.967481836306719,0.007921887917464586,2.9837092875115014,0.8344407284396819,0.008922067398816581,2.3577085749856357,0.8740375820547343,0.00771709742857638,2.220515863597393,0.8617769859731197,0.006552218015622202,2.9637047290802,0.7761685281991959,0.011828900238924763,2.4639830961823463
42,53,PPO_RLlibMacroEnv_2026-09-28_18-13-35q9voc3yc,1554.0508779489535,65.39552395991844,11.616100650606459,35.845914635156234,0.6984313865260826,-6.207692492557683,46.8500356777594,0.9591224897652865,0.007495392479222726,5.306458213925362,0.9713746090379595,0.00888802253194477,2.8992335497601633,0.8364290899541005,0.07518547230352106,2.3375678846635015,0.9036044720560312,0.01002583494918099,2.254315246641636,0.8948372103273868,0.011170290931176016,2.940331846475601,0.8791599556803703,0.011726581035236543,2.4867304041981697
42,54,PPO_RLlibMacroEnv_2026-09-28_18-13-35q9voc3yc,1567.1291054024182,64.25848299956402,11.754487411726569,36.69643267995542,0.6961361475119106,-6.333415203049142,46.87774325339493,0.9339361663907766,0.007404708650392616,5.220877027511596,0.9673009303326342,0.008750678325464048,2.8698571933630017,0.8036964712319551,0.005438627014985816,2.108592524940585,0.8868254907429218,0.016888062186512797,2.1404084295034407,0.8858650386333465,0.007720845702169819,2.961779697239399,0.8601976558566093,0.011278122844498823,2.533687563240528
42,55,PPO_RLlibMacroEnv_2026-09-28_18-13-35q9voc3yc,1580.129295981217,63.76307734127712,11.891627458801539,37.388345491076144,0.6967345200838306,-6.585630770145196,46.87183984521512,0.9533419273793697,0.012073458279633287,5.099853608012199,0.9789782801439868,0.008951984445897836,2.928993012846523,0.8376387683651115,0.1211044968576033,2.312387470006943,0.8959911081939935,0.017394276865582016,2.0297336891293525,0.9421378899365663,0.010244709965650144,2.9621492475271225,0.8946715570986271,0.014046132209932777,2.4269508704543115
42,56,PPO_RLlibMacroEnv_2026-09-28_18-13-35q9voc3yc,1590.8026320425304,64.27613592088721,11.96288174180843,37.72345303260085,0.6910302555591404,-6.980853085824179,46.89057871279229,0.9695946510881186,0.007845968621950528,5.086975878477096,0.9714863809251967,0.008844622354120927,2.8520154500098283,0.8482698883861304,0.003288980426833632,2.281959559619427,0.9047795947641134,0.01322249385011683,2.0186670131981375,0.9528266586363315,0.0073980825331774,2.947613798081875,0.8374580573290586,0.010098040791399482,2.359636536240578
42,57,PPO_RLlibMacroEnv_2026-09-28_18-13-35q9voc3yc,1613.3560115890493,64.42134142242683,12.221830673955834,38.466168091521915,0.6905742299356049,-7.255520982363947,46.88413258268845,0.967865490168333,0.011549023196585259,5.167189022898674,0.9732976867888756,0.00791957441254342,2.7902844633321044,0.8430086374282837,0.005086778573917678,2.2539736699454394,0.9020263455808163,0.009635297299428299,1.9278251275420188,0.898220318928361,0.007250683115080469,2.9076962560415267,0.8904116667807103,0.01014223066140411,2.4969218909740447
42,58,PPO_RLlibMacroEnv_2026-09-28_18-13-35q9voc3yc,1631.8548942290895,64.94260947041087,12.380329213208626,39.01915485973651,0.6941140899472454,-7.4429146570061855,46.92176402778823,0.952924182265997,0.009697048933867535,4.975103771686554,0.9729741020133934,0.008525987836784675,2.686049717200508,0.8172632947927568,0.03282277246308132,2.207743075126555,0.9032653123140335,0.01606247770887421,1.7557935833930969,0.9119616061449051,0.007031631698055207,2.9450152695178984,0.8581463772803545,0.010301725726776567,2.457644958794117
42,59,PPO_RLlibMacroEnv_2026-09-28_18-13-35q9voc3yc,1658.6663832261613,63.563329788385474,12.600686899227062,39.73248871493157,0.6931204521845179,-7.447412739582032,46.91593525397756,0.936784303188324,0.009689004448137214,4.849134075641632,0.9704865821743608,0.008116879401204187,2.610318671761544,0.8195812427997589,0.005626461867981334,2.254682501256466,0.9152296062558889,0.016527977959060535,1.6755073167383672,0.9236680887639522,0.0073038356263964484,2.94197556078434,0.8484982002526522,0.013798835236230022,2.3038796931505203
42,60,PPO_RLlibMacroEnv_2026-09-28_18-13-35q9voc3yc,1682.51603437287,64.25890993612879,12.819288937942076,39.85227807910499,0.6917035896760333,-7.724403023045255,46.932025406286165,0.9690952137112617,0.00906182588278196,4.778328105807304,0.9741302059157603,0.008737831454647424,2.5472628509078468,0.8401266695577887,0.004987308303954614,2.2243633267245717,0.9190312817692756,0.012835756694221495,1.618932741135359,0.9239711657166481,0.0065828899589860865,2.922005000710487,0.8823797848075629,0.011933507308458588,2.2705549374222755
42,61,PPO_RLlibMacroEnv_2026-09-28_18-13-35q9voc3yc,1697.529800180589,64.66048952450284,12.970798318443453,39.84965107363613,0.6950614070319822,-7.799533620818993,46.938267695483546,0.9663548417389393,0.010658269538498898,4.718986532092094,0.9725118144033865,0.00854593643083467,2.50104805977304,0.8313664057586766,0.006229557981311666,2.165024488485312,0.9007629532366991,0.011283000576077177,1.4785915642976761,0.9178401604294777,0.007497169930553651,2.9385640382766725,0.79563526250422,0.00818778127013511,2.2771967113018037
42,62,PPO_RLlibMacroEnv_2026-09-28_18-13-35q9voc3yc,1716.5498526790316,64.32517031550393,13.227276831569762,39.91285887515278,0.7018813144060981,-7.796949602337921,46.93384590910224,0.9598624560981989,0.008992538589427824,4.636514994502067,0.9757363477649614,0.008810667343997582,2.4340667981694835,0.8302431804686785,0.057187248538239144,2.266824236810207,0.9309768788516521,0.013370027652763553,1.4552681945264339,0.9464765973389149,0.012227907279088868,2.9291369155049325,0.8569770440459251,0.017819217643727923,2.146876390278339
42,63,PPO_RLlibMacroEnv_2026-09-28_18-13-35q9voc3yc,1728.7583686371465,64.42597911568491,13.383434779684762,39.843606910829,0.7003197616734887,-7.9719778539131765,46.94091046959505,0.9540636941790581,0.011466062681393201,4.720704871416092,0.978332103202558,0.008892517730528154,2.364249347042105,0.840988407255728,0.003030416860620572,2.17472455320479,0.9283880986273289,0.01191509240616157,1.3884571120142937,0.9202709995210171,0.006294997234363178,2.8718813553452494,0.8375140991061926,0.012545724435858574,2.228507775068283
42,64,PPO_RLlibMacroEnv_2026-09-28_18-13-35q9voc3yc,1749.125095316265,64.04411320231203,13.64147066933794,40.12139391244849,0.7034899511407329,-8.276744773735391,46.910015569425525,0.9575852997601032,0.00885461815778422,4.599579164385796,0.9771724899361337,0.008368075207374242,2.344840874105249,0.8562686396550528,0.005984785128407567,2.055313458020174,0.9196891874074936,0.011180524274095851,1.3369932033121585,0.9423543214797974,0.008806654240424986,2.819669169187546,0.8581168234348298,0.010682195080880877,2.2939687952399255
42,65,PPO_RLlibMacroEnv_2026-09-28_18-13-35q9voc3yc,1763.5084847392347,64.21230553560643,13.852833437373473,40.03665367343121,0.7120972442334502,-8.338868729687587,46.85044022268719,0.9555613316595555,0.009714311590732905,4.542738828063011,0.970146418847437,0.008780880829214056,2.320509909288151,0.844317424070986,0.005116379703428743,2.0152752770653253,0.8935540005564689,0.015759969374176033,1.2868660256266593,0.9479399252682924,0.007191885275983708,2.7969801008701323,0.777362358942628,0.01144688231811424,2.2027723371982573
42,66,PPO_RLlibMacroEnv_2026-09-28_18-13-35q9voc3yc,1770.0251120245725,63.8820969412227,13.901234928236804,40.05843505442441,0.721400167040827,-8.231469174232592,46.81352928404527,0.9709492582827807,0.008148305373288447,4.4946322530508045,0.977395882348376,0.009021059374642829,2.302772879074878,0.866330493854571,0.007755613065544338,2.0093382319317588,0.9165621399879456,0.013481265116115537,1.206289903074503,0.9297948557883501,0.00809285836419349,2.8107457533478737,0.8611912190914154,0.007358588691750001,2.195077969133854
42,67,PPO_RLlibMacroEnv_2026-09-28_18-13-35q9voc3yc,1786.965407909568,63.48790490054307,14.029253800437877,40.03621569820324,0.7267326151996829,-7.889674814661241,46.80754661128744,0.9355795390903949,0.008342804689573593,4.431276816129684,0.9789679151019725,0.00859480949396837,2.149939195586324,0.8463829527050257,0.008969290846657714,1.9693951869010926,0.9266659922897815,0.009725090941083356,1.1328593030571938,0.9354152601212263,0.02073102598524209,2.8571779161691664,0.8409851580858231,0.008350508090006875,2.140158735960722
42,68,PPO_RLlibMacroEnv_2026-09-28_18-13-35q9voc3yc,1810.954093203646,63.71691006981633,14.179232396126176,40.185166989736885,0.7397211889565243,-7.690217876075487,46.81250399180622,0.961962254717946,0.013477217794502394,4.341772025823593,0.9785419759994431,0.0085318980417881,2.164839866973682,0.8550554797798395,0.07853949778113019,1.8824553787708282,0.9299703665077687,0.014257572847145638,1.0837500095367432,0.9073885940015316,0.00995100877398734,2.9369274109601973,0.8856044735759496,0.010600804465866632,2.1263505205512048
42,69,PPO_RLlibMacroEnv_2026-09-28_18-13-35q9voc3yc,1826.5305999161399,63.7436428480941,14.256395356562733,39.41419801951937,0.7555939498510452,-7.8443201936012645,46.808590833551506,0.9466076027601957,0.008408963553847855,4.3840401589870455,0.9751828746289462,0.008419871093721686,2.0763252021575784,0.8179642678743385,0.006982034725082353,2.3835823828915514,0.9231128763407469,0.011735102797683987,1.0648307912051678,0.9323820058256388,0.013048921555218912,2.8091781735420227,0.8489550616592169,0.007820313464139871,2.2522646829485895
42,70,PPO_RLlibMacroEnv_2026-09-28_18-13-35q9voc3yc,1838.0759565956519,63.643148610300614,14.384453144121283,38.87751733264005,0.7712432058945095,-7.999758769565946,46.7919924921767,0.9627884898334742,0.010069349741980042,4.262391525506973,0.9715218954356,0.009257223794638569,2.047103364216654,0.826589838369393,0.007435202747586871,2.3575028284096424,0.9072855360805988,0.010651414993663103,1.0179197669029236,0.9455089345574379,0.005738583509833079,2.7033068150281907,0.8468147557228803,0.012685315709541201,2.178884044289589
42,71,PPO_RLlibMacroEnv_2026-09-28_18-13-35q9voc3yc,1839.9818737916567,63.97361774416659,14.395880363723947,38.32870609356236,0.7801606869664627,-8.268483941725,46.75768336627678,0.9615943130105734,0.010028889932801006,4.131355625391007,0.9753615129303015,0.008425342444088879,2.048074893219117,0.8151714960249459,0.032645757133331045,2.413037618485893,0.8721962876617908,0.017963143592351308,0.9581386554986239,0.9703892331570387,0.006851540717571046,2.702311250567436,0.7772219900041819,0.011969039365794836,2.1964974746108057
42,72,PPO_RLlibMacroEnv_2026-09-28_18-13-35q9voc3yc,1854.3323492343761,64.1588544723691,14.55944834127004,37.874001358809075,0.7921374303113319,-8.717610846412493,46.72746919451346,0.9660760182887316,0.008920966402638774,4.042391292750835,0.9700333683918684,0.00855926239995656,2.0185114476508472,0.7799093789443737,0.023026748937441083,2.7793913745298617,0.9152312971651554,0.014852403708619021,0.991528895497322,0.963235580176115,0.0075350523618908484,2.7361867859959603,0.8147332336753607,0.008136242678756478,2.1577938854694367
42,73,PPO_RLlibMacroEnv_2026-09-28_18-13-35q9voc3yc,1856.5150690893709,65.27381975211648,14.606179856332709,37.29181541555415,0.7960137594030825,-9.627069740344385,46.70593980227018,0.9580375105142593,0.009977050651059772,4.1192267253994945,0.9771042127142019,0.008726887515055027,2.0034590445037592,0.807623721640787,0.003984973296596932,2.7099461287627986,0.8881905045360327,0.011990113629326515,0.9691062238067388,0.9609534464776516,0.00967090128719974,2.701901836693287,0.7496424663811923,0.010981637899749425,2.148915374279022
42,74,PPO_RLlibMacroEnv_2026-09-28_18-13-35q9voc3yc,1859.4653957591486,65.00010182181909,14.820396459249702,36.650447549703415,0.8019145810582714,-10.208644636328344,46.61957745629329,0.9697293728590012,0.009231986102531984,4.187078557908535,0.9682374620748357,0.008555249301613839,2.0001017644883707,0.8222649025917054,0.007171289570264891,2.613812362253666,0.9120334092527628,0.012061447980522843,0.8235379312187433,0.962537557631731,0.009619318257477971,2.72580081820488,0.8357415195554495,0.00901315442151836,2.062838736921549
42,75,PPO_RLlibMacroEnv_2026-09-28_18-13-35q9voc3yc,1871.0883980961974,65.06511892315149,14.942978214232918,37.32004558272499,0.8035991526220418,-10.432686830178614,46.60121803651468,0.9621827270835638,0.008116398120182566,4.274224987626075,0.9746850501105284,0.008394890908491952,1.9196818100608837,0.8294594466686249,0.007400340995785353,2.5227625059176093,0.9159799285233021,0.012741769285639956,0.8541483487933874,0.9730345785617829,0.006228572632790107,2.7236065194010735,0.8618303470313549,0.012974884347477306,2.1563010454177856
42,76,PPO_RLlibMacroEnv_2026-09-28_18-13-35q9voc3yc,1882.7543531610531,65.40464616972699,15.006862050634204,37.556780559429924,0.8030112773185359,-10.674949891558224,46.59989465022258,0.9634136997163296,0.008890311283630907,4.116143791377544,0.9748638724935903,0.008384621328309248,1.896912865418769,0.8455605638178089,0.008490819032372605,2.465520943267436,0.9272418018430472,0.010756478557232396,0.8436308611184359,0.9584251761436462,0.005567047146814816,2.7005963772535324,0.8320576850324869,0.010909950331915882,2.030088523775339
42,77,PPO_RLlibMacroEnv_2026-09-28_18-13-35q9voc3yc,1896.5189725563139,65.33716279495025,15.135532830147817,37.67800957429594,0.8027276734097653,-10.860077792018785,46.627679584306506,0.958808870986104,0.009767329996975927,4.0643318593502045,0.9740412545382366,0.008684877449315913,1.8894765968589122,0.8537853035745742,0.007564114877171578,2.39508395496803,0.9084291212260723,0.01664209665541439,0.8335355076938867,0.9745739229023457,0.011692196793501444,2.617437444627285,0.7073245994746685,0.013129226002411088,1.9603371120989324
42,78,PPO_RLlibMacroEnv_2026-09-28_18-13-35q9voc3yc,1903.844851954479,65.78103213398377,15.179199659423267,37.99893548076187,0.8006037305685091,-11.030907091943336,46.638244035680025,0.9549048922955989,0.00934080600022753,4.077900253236294,0.9724400071232147,0.009137290164574229,1.8869088729006824,0.8333746855017505,0.00941724102115966,2.3713720228098616,0.9001298308372497,0.012094727758813142,0.8113737005740405,0.9699697129428386,0.010415954142445208,2.662009058892727,0.8244558468461036,0.015051423321347212,1.8766302704811095
42,79,PPO_RLlibMacroEnv_2026-09-28_18-13-35q9voc3yc,1920.9786609873627,65.74551980581165,15.377451188839999,38.281232119763416,0.8069689654087605,-11.052315357993473,46.627387699338875,0.9601393546909094,0.009082151361963383,4.004828976094723,0.974804295803129,0.00827992314706791,1.8654801308418334,0.8402941994274719,0.009361512602067072,2.2928692838813687,0.9228085190057754,0.015615032628557146,0.7706778828054667,0.9770295523107052,0.0058247680797650124,2.6691459268331528,0.823346184194088,0.011116648950474092,1.882058636844158
42,80,PPO_RLlibMacroEnv_2026-09-28_18-13-35q9voc3yc,1942.5337854873712,66.29890321280486,15.427265661386947,38.8580308921252,0.8076552144864779,-11.333966656625797,46.65555449068486,0.9656383834779263,0.008955834759808568,3.9815790921449663,0.9731182782600324,0.008603081636270271,1.8629537397696647,0.8539651680596267,0.008653269103285045,2.2554725665080397,0.9196584086865187,0.01625994225942142,0.6525180101394653,0.9791509367525577,0.0086878656102499,2.664957359433174,0.8223858390003442,0.012392022791527901,1.7883784726262093
42,81,PPO_RLlibMacroEnv_2026-09-28_18-13-35q9voc3yc,1951.5292229579331,67.14158503604149,15.407053851874727,38.87939079535781,0.8095591789088837,-11.553642794674092,46.67070811463616,0.9584756448864937,0.008941304437940183,4.0136037319898605,0.9808516732028159,0.008174172086802217,1.8350950588430572,0.8647470831871032,0.009285811693249182,2.258058495762982,0.9345669448375702,0.016587572888966156,0.5172925755381584,0.9657174553722143,0.007166482167781494,2.606777477264404,0.9043899461627006,0.015636901999232698,1.7443946592509747
42,82,PPO_RLlibMacroEnv_2026-09-28_18-13-35q9voc3yc,1960.2480545177625,66.76863371910488,15.499239546829475,39.1868660161976,0.8067561021391455,-11.563844791755256,46.66671474601373,0.944984620437026,0.006819242232314007,3.9539158195257187,0.9739647471543514,0.008886672030083984,1.796604202461965,0.8194622935373572,0.009993906822186361,2.254201422763776,0.9232847541570663,0.013430321345913643,0.496714586019516,0.9692031305283308,0.011367240860872227,2.583242955803871,0.805380455031991,0.007401608071541102,1.7202736370265483
42,83,PPO_RLlibMacroEnv_2026-09-28_18-13-35q9voc3yc,1970.3267629703446,67.27629577759818,15.56268133792405,39.38309522709161,0.8094345627112459,-11.649127506783747,46.67656197690482,0.9754438627511263,0.007900575058647935,3.8380440950393675,0.9790886352197354,0.008881645938287976,1.802305552178288,0.8622517126053572,0.0084867360094313,2.245703482925892,0.9348556201905012,0.016384415925017493,0.45121881943196057,0.9775915700942278,0.01311667038880851,2.592154437303543,0.8592077232897282,0.010664628918994057,1.6639812670648098
42,84,PPO_RLlibMacroEnv_2026-09-28_18-13-35q9voc3yc,1982.8029141142877,67.472785973707,15.693924452981486,39.357814584231896,0.8173862503561756,-11.579993196948557,46.670941697981085,0.9650781396776438,0.009471256253937453,3.8899790808558463,0.9745189057846602,0.00876827999080873,1.7484735823029043,0.8508181916007512,0.0075532818305896685,2.2380267435991312,0.9252330087125301,0.01654173872830162,0.465639565885067,0.9666174542158842,0.0059431114753352695,2.61087793558836,0.8038045693188905,0.01331493967637698,1.6020854838192462
42,85,PPO_RLlibMacroEnv_2026-09-28_18-13-35q9voc3yc,1995.980807529836,67.45835293040619,15.741961507839394,39.73998182717654,0.8141648030051553,-11.53466002013687,46.69257931485926,0.9515287037938833,0.013606970802357326,3.7166091367602347,0.9821237949360806,0.008553294102969707,1.6873259935502505,0.8781351594985286,0.007577779881555068,2.1940888564797896,0.9343520127236843,0.01651644651810807,0.4691360840573907,0.9779282052069902,0.011603047042535859,2.565786325931549,0.8601777039468288,0.011961360129771626,1.5311624132096768
42,86,PPO_RLlibMacroEnv_2026-09-28_18-13-35q9voc3yc,2008.135474521016,67.54057139452878,15.882666664347706,39.91992088377473,0.8173729947278108,-11.487220481141591,46.733895482938806,0.9480571009218692,0.009934508433616429,3.8075825184583665,0.9771859777176556,0.008220573874748982,1.6743642464499093,0.8634217526339277,0.008096332659064086,2.1634837557997884,0.9437948789447546,0.01051587732022199,0.4368720822036266,0.9791537746787071,0.006082625390854548,2.4889410004019736,0.8534920498728752,0.013513886121381801,1.3913593001663684
42,87,PPO_RLlibMacroEnv_2026-09-28_18-13-35q9voc3yc,2018.4931817214417,66.68401970740071,16.07026694025365,40.094202368645156,0.8141840068794344,-11.464828083196272,46.731296328620076,0.9621183071285486,0.011821572271810868,3.9111841708421706,0.9822397687458168,0.00890088533611189,1.5600749663547078,0.8795688442791565,0.0066583993646855575,2.058805838566792,0.9357349585741759,0.01292114754323872,0.33391292933374644,0.9782474558800459,0.008985722104353139,2.416641741991043,0.8919228564947843,0.010437285499142645,1.4709064111113548
42,88,PPO_RLlibMacroEnv_2026-09-28_18-13-35q9voc3yc,2037.904222657269,67.2985370790662,16.207910590298,40.243386345823595,0.8237470419242885,-11.5239878898621,46.74228832150266,0.9547231812030077,0.007866836187077201,3.8403126284480096,0.9768355427958001,0.008607437060151959,1.516043883692882,0.8602744413327568,0.006865552256627618,1.989084346988533,0.8737833090126514,0.011671919955733755,0.3908339424058795,0.963173434883356,0.00896595945378067,2.3951868593692778,0.8288939036428928,0.01155942185287148,1.4297219760715962
42,89,PPO_RLlibMacroEnv_2026-09-28_18-13-35q9voc3yc,2054.988114700378,67.13762230131857,16.368052152705335,40.58969676255602,0.8250552584838529,-11.491728165517559,46.727453573704864,0.9742084484547376,0.008027583662214965,3.876928836107254,0.9720168727645754,0.008473974777303224,1.5128628080019266,0.8565004591700397,0.0075188227307587075,1.9674772271627112,0.9032793212682009,0.013033352673005538,0.39496116861701014,0.957997003570199,0.009546490659704542,2.348655053973198,0.8633912775665522,0.009857683295376925,1.406992632895708
42,90,PPO_RLlibMacroEnv_2026-09-28_18-13-35q9voc3yc,2066.8148152789868,67.77029887196726,16.41576397852543,40.60567010968738,0.8310104406132888,-11.653887607448883,46.749504044655765,0.9610134534537792,0.007482212900845298,3.7780053496360777,0.9809565993186448,0.009114713773652586,1.5025035229009314,0.8650160168111324,0.008350837514558406,1.9435224322974682,0.9470511607825756,0.01742409376431624,0.320693039894104,0.9658834867179393,0.012350779076132414,2.2958954706788064,0.817280188202858,0.013596112183131634,1.3077470168471337
42,91,PPO_RLlibMacroEnv_2026-09-28_18-13-35q9voc3yc,2069.702028995533,68.28144408251356,16.453508922823904,40.45917188113296,0.8421646895707119,-11.845658014376065,46.74363804128704,0.9707912370562554,0.008731115178966704,3.793959303200245,0.9770768611371017,0.008444756202559363,1.5621911636921537,0.8686739413044121,0.0056942228934818975,1.917992519879643,0.931431581825018,0.016824473134329544,0.22332976358011364,0.9764020305126906,0.011707893733682901,2.2583764150738714,0.826371493563056,0.010388869205081766,1.256336361169815
42,92,PPO_RLlibMacroEnv_2026-09-28_18-13-35q9voc3yc,2078.039020758029,68.42895051916638,16.444457761532238,40.53122972083627,0.8549794143336462,-11.907440755472203,46.7090126328649,0.9638299852609634,0.012645943092093515,3.769273188710213,0.9799050750915821,0.009100953028248253,1.5508821085508053,0.8742616204521324,0.006757183873645473,1.893698469596573,0.9362627547234297,0.014495792140951636,0.16067719706334174,0.9772270888090133,0.012987566647370944,2.2299611896276472,0.865367254987359,0.011488483566427215,1.2746695764362812
42,93,PPO_RLlibMacroEnv_2026-09-28_18-13-35q9voc3yc,2089.088624245029,69.16927878636655,16.506401693414,40.629176750523065,0.864018496265509,-11.892701926665302,46.69797523310062,0.9721342526376248,0.008977281950683771,3.826057976484299,0.9804607215616852,0.008572210704767259,1.454023400414735,0.852880261668676,0.0075403984906476955,1.8038942240461517,0.9481685746461153,0.01244723069394263,0.13674305665772407,0.9784257851541043,0.014044857804037863,2.1516618579626083,0.8619238812476396,0.010970364431705244,1.3076015383005142
42,94,PPO_RLlibMacroEnv_2026-09-28_18-13-35q9voc3yc,2086.474676078577,69.25068431315242,16.491292127160722,40.60497784317756,0.8674880999798019,-11.832078926332537,46.678991496484734,0.9679992321878672,0.009623501757778643,3.707630380988121,0.9784408163282194,0.008644030524013135,1.4605534780999565,0.866753816001023,0.007335140418530776,1.7607089821296402,0.9502034664154053,0.018072402153666418,0.04258800737698039,0.9722946338355541,0.011723302897371581,2.1207226127386094,0.8947977233678103,0.012441419511014986,1.226810783147812
42,95,PPO_RLlibMacroEnv_2026-09-28_18-13-35q9voc3yc,2085.728540950667,69.65286868960317,16.43739934540294,40.667755574222916,0.8751166514591132,-11.965494631996398,46.71061442592864,0.9560192249715328,0.010068119583002424,3.592199519276619,0.9832746581519051,0.008374216222471698,1.4252887751531162,0.8869626847654581,0.008068710800378654,1.7057918989658356,0.9521903030574321,0.01441277442991146,0.025020431752636796,0.9805752549320459,0.013959610135225491,2.067492040991783,0.9024688862264156,0.01125004094319609,1.2358796775341034
42,96,PPO_RLlibMacroEnv_2026-09-28_18-13-35q9voc3yc,2089.641282940105,68.44153487748218,16.45215416554986,40.88171239797365,0.8768047992258262,-11.88475288747343,46.698871119214516,0.9372159413993358,0.006977615251708276,3.6362330704927444,0.9703083078343095,0.008633157701927128,1.3416975897038896,0.8370963913947344,0.008602102914910575,1.713855673223734,0.9282253611832857,0.013331300843310861,0.07042525706929155,0.9527623824775219,0.007850302655288152,2.05787653028965,0.8366770382970572,0.01199867400773671,1.2504156067967416
42,97,PPO_RLlibMacroEnv_2026-09-28_18-13-35q9voc3yc,2106.688231903127,67.9304327015766,16.558611237973587,41.28609593049109,0.8814881481586332,-11.609223890726467,46.69742810503612,0.9569141492247581,0.006559396941793624,3.716239184141159,0.9808562282815667,0.00886427709256133,1.306701119682906,0.8785914771919009,0.007321573485907859,1.7092823266983033,0.9431320212781429,0.012079690422979425,0.016223209555028005,0.9758436411619187,0.010657717974777478,1.9974547512829304,0.8204517070204019,0.010945844705566015,1.22270567715168
42,98,PPO_RLlibMacroEnv_2026-09-28_18-13-35q9voc3yc,2128.4742213460895,68.07153182231232,16.711635320505195,41.55863931158323,0.8883957593418158,-11.368649114057567,46.71092129445875,0.928993234038353,0.009979804660816083,3.77137101739645,0.9792780600561507,0.008372989216647383,1.2980434787805832,0.8686112185567617,0.009359547271815245,1.6487263628840447,0.9261611446738243,0.01580192219735207,-0.1274151538265869,0.9645476125180721,0.016219689930676528,2.0161068223416807,0.8337974864989519,0.009277652340665736,1.218141434341669
42,99,PPO_RLlibMacroEnv_2026-09-28_18-13-35q9voc3yc,2145.820624899494,68.05095193014763,16.84839738666968,41.80427360713762,0.8993137457956984,-11.288007714586694,46.717967922641165,0.9644714396446943,0.010275251238818246,3.834949854016304,0.9780356353026198,0.008542059011265438,1.2342336622431733,0.867672450255744,0.009172650483958909,1.5921741642529452,0.9416594356298447,0.012681514297491958,-0.14823152436874806,0.9546539939939975,0.011266318093930867,1.9747155152261258,0.9034872721880675,0.013147835222991944,1.2272449158132077
42,100,PPO_RLlibMacroEnv_2026-09-28_18-13-35q9voc3yc,2171.3863769672403,68.38600843790672,17.003537756739277,42.11245115588342,0.909681960625019,-11.122858269690886,46.73099864033321,0.9675562623888254,0.007979901038652704,3.7818599566817284,0.9816551782553821,0.009037507653517985,1.1868656644872797,0.8970083859147905,0.007418278847138869,1.5409010103986234,0.9525845631957054,0.017857766139377416,-0.06391291657200782,0.9625779319554567,0.014951030514112187,1.8786712072789669,0.8772743567824364,0.01036027969603327,1.1792945384979248
202,1,PPO_RLlibMacroEnv_2026-09-29_14-31-38kf85nc0m,350.43821727235104,62.216546418907804,1.4078588007405788,2.805710020849592,0.5538471708920198,30.53222978961813,37.650553209303574,-0.0015404723584651948,0.004980631286298376,7.086088544130325,0.49123909050211395,0.004777281786117035,5.640182596884587,0.3767670452314923,0.00438218816578937,4.244595438549776,0.008778214082121849,0.009595171795081115,4.213702663779259,0.14402799494564533,0.011509423543611775,4.172875720262527,0.0003209426999092102,0.00768178614853241,4.237204083800316
202,2,PPO_RLlibMacroEnv_2026-09-29_14-31-38kf85nc0m,352.52372932833316,63.23452072837603,1.4065792530417767,2.884896213969039,0.5894060231305625,31.474730243369404,38.20656810776345,-0.008048564940690995,0.0031315915903643915,7.0995573699474335,0.6941639437449812,0.0065378358578966345,5.564668902565913,0.5719275906752636,0.007442987806897393,4.197342786065775,0.4890759989619255,0.004738451350584691,4.286016798019409,0.5146137312054634,0.006412995340610915,4.220615312457085,-0.00010710246860980987,0.00458961733328068,4.226889967918396
202,3,PPO_RLlibMacroEnv_2026-09-29_14-31-38kf85nc0m,345.64152074959844,64.21560264495785,1.3578110531203447,2.831384756673426,0.673169613255079,31.528311290193447,38.72601262202394,-0.003055061772465706,0.006141706757436813,7.075655663013459,0.74363364193979,0.006351511437251534,5.4750341355503105,0.6562715542999134,0.010039995410368503,4.131785695248238,0.7516175892204047,0.0056435700498241245,4.264273083209991,0.7786181483417749,0.012219629088599521,4.215477955341339,-3.453642129898071e-05,0.005220603559052961,4.152717334032059
202,4,PPO_RLlibMacroEnv_2026-09-29_14-31-38kf85nc0m,351.2481380679763,64.75262729754354,1.408828115672914,2.8118980581650965,0.7272491108498469,31.70873421276232,38.96983833542497,-0.0038358896970748903,0.007833390311640208,7.080658987164497,0.7806220196452727,0.006765774348393399,5.361943095710285,0.7194555863476636,0.010234941143994945,4.066164488332314,0.6858314037322998,0.00833643960468181,4.219268190860748,0.911726538464427,0.011954266614429821,4.283949083089828,-3.766715526580811e-05,0.0075338903212241485,4.176079833507538
202,5,PPO_RLlibMacroEnv_2026-09-29_14-31-38kf85nc0m,365.1217168252168,65.47002345281851,1.5062564022191587,2.899962018493977,0.737577153803242,31.92839215287272,39.2415961337819,-0.0006010405719280243,0.010530980843213938,7.132275441288948,0.7702806320163705,0.0075222172128611405,5.362695021969113,0.718940250241551,0.0103995732783131,4.024661031673695,0.696171746775508,0.013568558701558698,4.164826190471649,0.9629650942981243,0.013074548260101437,4.354835623502732,8.29845666885376e-06,0.004143994462651802,4.092545732855797
202,6,PPO_RLlibMacroEnv_2026-09-29_14-31-38kf85nc0m,372.6095591318124,65.69946815600676,1.5645043963389944,2.958269460732311,0.7552147736634605,31.956441037902092,39.640333210704405,-0.0014988962560892106,0.01235251618163605,7.118886962532997,0.7785924472666441,0.007514780030477397,5.315458678237078,0.7169417116019103,0.009171355737294311,4.0044767407683635,0.8225373350083828,0.013227914592744128,4.146721026301384,0.9749594684690237,0.010554772171531137,4.418463844060898,2.0164623856544493e-05,0.005119820022082422,4.0578303158283235
202,7,PPO_RLlibMacroEnv_2026-09-29_14-31-38kf85nc0m,363.95281297088695,67.33443793504613,1.4588683076698508,2.9719668697151422,0.8099203785744966,32.05684063784606,40.3149322784642,-0.0004918798804283142,0.014706453666394772,7.114959424734115,0.7978802551124895,0.008199654631623043,5.336656500900652,0.7259309783268766,0.010938740472911037,4.03172403519579,0.761145393550396,0.012210713760828199,4.088164484500885,0.9762149665504694,0.008701183235757526,4.344423162937164,9.09857451915741e-05,0.008739227244154803,4.004302035272121
202,8,PPO_RLlibMacroEnv_2026-09-29_14-31-38kf85nc0m,375.44667245749713,68.22108365362558,1.5296485236512116,3.1016970382164675,0.8425068201120051,32.008998540518,40.900364055507154,0.00233527272939682,0.02487192301650799,7.122970771789551,0.7988642066789777,0.0074236288160155085,5.2714839080017235,0.678121325986026,0.011658055285312776,3.978341289851219,0.8314679246395826,0.012578597576180097,4.039892871677876,0.9737441055476665,0.007854291622311433,4.324551600217819,0.0009383529424667359,0.007397446309278166,4.014047229290009
202,9,PPO_RLlibMacroEnv_2026-09-29_14-31-38kf85nc0m,377.14900362485196,68.65658008266101,1.5169076337037173,3.199746298842553,0.8465596487135554,31.91297841053766,41.192690796265225,0.3189307864755392,0.009255176245767483,7.234460800886154,0.7872007808038083,0.00801484424655688,5.271350120581864,0.726504029188536,0.010368846753287302,3.951699701980152,0.791696909815073,0.007858131020748298,3.9936357200145722,0.9778869658708572,0.009115951467663346,4.367946845293045,0.06420004181563854,0.007401164406564931,4.001086775958538
202,10,PPO_RLlibMacroEnv_2026-09-29_14-31-38kf85nc0m,379.70069061021064,69.11352495477587,1.4948623751300087,3.4095916938933217,0.8353469729689507,31.84033010268054,41.67655880161897,0.6546289682388305,0.010923563392361835,7.2818161934614185,0.8062182244858723,0.007742149170614858,5.197959604979504,0.7178264879674282,0.00923927907459649,3.914578577032629,0.5888614092022181,0.01631101541465798,3.893593820929527,0.9797057241201401,0.007819614828304112,4.454362565279007,0.15695222206413745,0.010242761962842935,3.950659249722958
202,11,PPO_RLlibMacroEnv_2026-09-29_14-31-38kf85nc0m,371.72613961329256,69.04653082199607,1.4030852800708307,3.541482080000244,0.8465737696278909,31.600831020273258,42.02702936184506,0.746827831491828,0.00783106109465743,7.189132797718048,0.7997892680175805,0.007909884775595085,5.178057131874428,0.7235316005950803,0.010321113011599357,3.850818694813151,0.7094633109867573,0.010680019764367924,3.880526338517666,0.9819299068301917,0.005161001323460872,4.449358594417572,0.1968030843883753,0.0072815785758394026,3.935994166135788
202,12,PPO_RLlibMacroEnv_2026-09-29_14-31-38kf85nc0m,368.88749330566003,69.73935819094343,1.3352313695078804,3.807522167657543,0.8435561463296566,31.298961170842436,42.407657792513895,0.8374801211059093,0.013956621657962487,7.211555072665215,0.813153875458288,0.008226633658750255,5.15704015773606,0.759029813895479,0.008606199269879081,3.839621757885108,0.6454188179224729,0.010511983686819827,3.8347361996769904,0.9861348334699869,0.009163782972530087,4.357186403870583,0.355002673342824,0.009584625679144709,3.94837004840374
202,13,PPO_RLlibMacroEnv_2026-09-29_14-31-38kf85nc0m,392.9375337815097,68.93338273001696,1.5240145982658737,4.235089900498826,0.8360088854147224,31.36397497593073,42.672137985451144,0.8993692353367806,0.013749421164305975,7.431590783596039,0.8543917148337736,0.008341171738280306,5.101158918653216,0.7287115656130807,0.006151674011903577,3.8432905606051397,0.6670102048665285,0.01115407359538952,3.798253524303436,0.9804082244634629,0.0085060222258591,4.2629330307245255,0.40300206989049914,0.010034033511851703,3.884516029059887
202,14,PPO_RLlibMacroEnv_2026-09-29_14-31-38kf85nc0m,390.03423214750205,69.20341326979523,1.4812270281441622,4.41366951159239,0.8380904324646491,30.946371460016817,42.84604159128804,0.8454633515328169,0.011512963968982604,7.09793544113636,0.8242843600331395,0.008581832104336527,5.067923178166822,0.7331270538306818,0.010127231180771582,3.810577950012393,0.7677164509892463,0.008309035903715793,3.797345107793808,0.9747588180005551,0.0066917869909417504,4.258575654029846,0.4723168950527906,0.00999424420467392,3.841705520451069
202,15,PPO_RLlibMacroEnv_2026-09-29_14-31-38kf85nc0m,408.79749519406175,69.51629134443108,1.6294422851058192,4.792004774742408,0.8415425704733799,30.412122726249386,43.216766100769,0.8218010686337948,0.00977043900127228,7.046712711453438,0.8429666824801467,0.007955850912262911,5.036224459599562,0.7424726675055465,0.009357820808976873,3.782512606041772,0.7892101161181927,0.011220963001596867,3.7385151088237762,0.9746530603617429,0.004125658292764506,4.288315531611443,0.46976820901036265,0.008071850763462892,3.9498217716813087
202,16,PPO_RLlibMacroEnv_2026-09-29_14-31-38kf85nc0m,424.4182991738242,70.19931942483232,1.7544515240556533,5.135393246250071,0.8498882170962484,29.559166282393008,43.51715466796978,0.8445815343409777,0.012576110882139443,7.020970827341079,0.8628959222787226,0.007817190934918266,4.897332345131423,0.771005490091112,0.010372756120156578,3.7408741816011055,0.8635025817900897,0.0109772986405233,3.6816411808133127,0.9696783870458603,0.007788761012670923,4.275560939311982,0.345527483522892,0.008144194428530259,4.059766748547554
202,17,PPO_RLlibMacroEnv_2026-09-29_14-31-38kf85nc0m,448.6483954801684,71.58802931918936,1.937770454604944,5.537856997800854,0.8657516792350658,28.770807456336467,43.88940873517621,0.8069033078849316,0.010830811111435521,6.882885414361954,0.8631498711890188,0.00839872131378009,4.8770306556576095,0.7719778084633302,0.008630934256744435,3.653181494742024,0.8643704816699028,0.008770256007574102,3.614394907653332,0.968090183287859,0.005344739874266275,4.3042994976043705,0.49759450294077395,0.01253695509039975,4.037528996169567
202,18,PPO_RLlibMacroEnv_2026-09-29_14-31-38kf85nc0m,475.3513962720792,71.68539288528552,2.150950014293774,6.257138735008781,0.8800366445029537,27.470150517344347,44.181811452230825,0.7980437465012074,0.007891425517354472,6.917220854759217,0.8781427507043823,0.008076750018358038,4.852580909203357,0.7503755736280475,0.00852731863990505,3.5867935359830687,0.8628970701247454,0.012792449196831557,3.5115123704075812,0.9656609337776899,0.007162088701284164,4.310091063380241,0.5228348020464182,0.01143346151225164,4.02903697937727
202,19,PPO_RLlibMacroEnv_2026-09-29_14-31-38kf85nc0m,506.7146426681717,72.48890227515442,2.3979746704659113,6.873297036304897,0.8821852690075478,26.058973084634513,44.44179052955056,0.8280097264796495,0.013415840112543358,6.94153234064579,0.9050380664496195,0.008363307556394663,4.870929891230568,0.7334398978834699,0.007749570515457241,3.5534941691501887,0.8777613364160061,0.009034733752514554,3.4658878460526465,0.9604904264211654,0.005414997888726751,4.267315852642059,0.6041914746165276,0.011519132917021618,4.062345114350319
202,20,PPO_RLlibMacroEnv_2026-09-29_14-31-38kf85nc0m,551.6314863729422,72.54462921936995,2.728606770081132,8.115592818137978,0.878425105814185,25.03270411064541,44.76577579282445,0.7823623847216368,0.012509858786666073,6.888490757346153,0.9038247402655304,0.008181650291875786,4.771168007436168,0.7325907023439945,0.009301547768090017,3.452975543619881,0.864599222689867,0.013946924882384392,3.444269585609436,0.9557516716420651,0.009529147216653702,4.241450569033622,0.6141668815165758,0.007482172898983244,4.073463556170464
202,21,PPO_RLlibMacroEnv_2026-09-29_14-31-38kf85nc0m,592.7677418071729,72.91248409012204,3.012911953495483,9.449441411760167,0.8691743215278024,23.98561070066539,45.03080292253999,0.8889614533632993,0.014959106442910394,6.914685609936714,0.9158398240408551,0.008694844689251182,4.741823545594622,0.7917377652082228,0.010853762132494461,3.3542300057590455,0.8886250257492065,0.007481876015117492,3.4598664432764052,0.9419875968247652,0.005822972794396762,4.234582170844078,0.6775353506207467,0.006940084283178332,4.10496389567852
202,22,PPO_RLlibMacroEnv_2026-09-29_14-31-38kf85nc0m,656.2223174729132,71.92281436561044,3.4816108695599572,11.310426142237567,0.8371791222652591,23.149605942369966,45.142608594321224,0.9054544489830733,0.012653396926634858,6.9397558003664015,0.9157153051041378,0.00895245525529702,4.574944368617428,0.7817810659148112,0.00681955192728975,3.302294996606202,0.7046735838055611,0.01137850415066174,3.393709023296833,0.9555743806064129,0.007706517177075561,4.292505651712418,0.685672328621149,0.013531773153317809,4.0157349959015844
202,23,PPO_RLlibMacroEnv_2026-09-29_14-31-38kf85nc0m,708.0533181353121,71.28869432493097,3.879350597653429,13.225343851523629,0.8065903451312998,21.86728580729548,45.30617872922218,0.8469602514058352,0.010010258616523618,6.773925217986107,0.9249124260404692,0.008975848714495098,4.48137247525785,0.7571603735881065,0.026149887934026537,3.354932422246506,0.8042565584182739,0.01122701817253079,3.35623714029789,0.916460394486785,0.006470662422924582,4.324573785066605,0.7422624628990888,0.00923031410925436,4.005398216843605
202,24,PPO_RLlibMacroEnv_2026-09-29_14-31-38kf85nc0m,779.9129320325494,70.89992716952241,4.407559688322288,15.479101673440598,0.7856420692257886,20.910457158859835,45.5535703329576,0.8611272986978292,0.00929957193019402,6.8829965710639955,0.9263904913930289,0.009085334917551226,4.406670698221179,0.7557896170885332,0.006280832483765803,3.3115131118605214,0.8692955490201711,0.009977234654979891,3.4130100697278976,0.9370809968560934,0.00977166482018679,4.273429331183434,0.7689907018095254,0.01055049081976453,4.034056903421879
202,25,PPO_RLlibMacroEnv_2026-09-29_14-31-38kf85nc0m,816.1512262079738,70.744076971304,4.671275084304697,16.803246278074365,0.7869588224979575,19.7752048323373,45.660517783930224,0.8655916891992093,0.016855761535612145,6.725895690917969,0.9353699694084953,0.008569728024344936,4.364005677851272,0.7874803193652903,0.008540601461889046,3.3352031425665354,0.8716042649000884,0.009125033448685883,3.288438807427883,0.9213231761008501,0.005466499646809146,4.203182622790337,0.7972499936819076,0.008670350588863621,4.019197621941567
202,26,PPO_RLlibMacroEnv_2026-09-29_14-31-38kf85nc0m,861.7310265793703,70.58140978082145,5.044399815738696,18.002874634252738,0.7774771411979731,18.56830061733374,45.774826756555534,0.8402806617319584,0.013206624603725459,6.597346699237823,0.9363610437512397,0.008192086107706368,4.31129554106639,0.7597199755856114,0.010115718781302208,3.2873293120636897,0.8541759852319956,0.013596691516204438,3.2819364994764326,0.8848698824644089,0.005456252012044205,4.134351719915867,0.7029429707676172,0.011304292971999572,3.964704470336437
202,27,PPO_RLlibMacroEnv_2026-09-29_14-31-38kf85nc0m,904.5426600121916,71.06534276574504,5.376114154762886,19.31463253784923,0.7712237077868977,17.02044787885176,45.864204550345036,0.8485209003090859,0.01600657534771428,6.430846017599106,0.9342321490037414,0.00835319425942707,4.255637083553588,0.756238319086177,0.007148741040761575,3.2131685959441323,0.913463406637311,0.013146200287928877,3.254460594058037,0.8211790878325701,0.007544425187404657,4.055174428224563,0.7714712180197238,0.01438730120917175,3.781011921167374
202,28,PPO_RLlibMacroEnv_2026-09-29_14-31-38kf85nc0m,930.2437006656196,72.87275987241104,5.6229145044107725,19.70551960101748,0.7990662354778784,15.49049428651694,45.99071009178841,0.8355274397879839,0.012912710564018107,6.257697081565857,0.9540943649619658,0.008460557984333825,4.1963450243068054,0.8144940273226978,0.007289372915608093,3.2284142721479183,0.9250408072024584,0.012742521299878778,3.226601369678974,0.8772002492100001,0.0067220857417652265,4.059972116351128,0.7676115415990352,0.014040002207275437,3.7512048348784446
202,29,PPO_RLlibMacroEnv_2026-09-29_14-31-38kf85nc0m,951.2892471065439,74.01465977136868,5.7433487139323995,20.710771976890854,0.8051361468260603,14.074065149897912,46.06088711216199,0.8048135142773389,0.01199091980811332,6.084869754314423,0.9499272435323564,0.008357206185752374,4.21649311688132,0.7973672025437866,0.008600727987238448,3.2066002579671995,0.8802463222295046,0.011259255674940506,3.238363417983055,0.7988271977752447,0.011542628102802202,4.048804543912411,0.757832695171237,0.01063809346637759,3.751131124794483
202,30,PPO_RLlibMacroEnv_2026-09-29_14-31-38kf85nc0m,982.5342202956685,76.42378272324432,5.977407323819674,21.411899152412094,0.8229523348819413,11.75277706874438,46.19217487264269,0.8604564409703016,0.010238572028845283,5.974783104658127,0.9525476988153658,0.008738129576067195,4.189568002434863,0.7949454185153757,0.0069781118100373934,3.174470169203622,0.8634172733873129,0.013523354651033576,3.1404044702649117,0.8282894056290389,0.007852700914003257,4.057627858221531,0.7197265606373549,0.010195804944487515,3.6976936012506485
202,31,PPO_RLlibMacroEnv_2026-09-29_14-31-38kf85nc0m,1021.5459532150917,76.61834820750259,6.352689283117685,22.833665153059346,0.8088816852837835,10.300681627913717,46.254877148664626,0.8740024715662003,0.014269636447397871,6.161290326714516,0.9564078806436831,0.008532592423114256,4.099324644611728,0.7907375892389168,0.009972112801714181,3.1842391574267044,0.8461822535842657,0.014128253777016717,3.0962047025561334,0.7956201855093241,0.006318437342821425,3.9443603843450545,0.7610678631812334,0.009548389110409564,3.689593730866909
202,32,PPO_RLlibMacroEnv_2026-09-29_14-31-38kf85nc0m,1045.8097033885492,77.15198031960946,6.584240935349548,23.55733183413884,0.8177882219174473,8.800917727567287,46.24835998744785,0.8963241957128047,0.014239563662113286,5.9658767759799955,0.9555224130597225,0.008138633425795705,4.009983575750691,0.8043662936970739,0.011338640864376809,3.15217131317252,0.8871637362986803,0.012182035948717439,2.954858611524105,0.7805514484643936,0.005584829094226558,4.004713334143162,0.7386877942830324,0.006564466315967419,3.6465358272194863
202,33,PPO_RLlibMacroEnv_2026-09-29_14-31-38kf85nc0m,1067.8789754656113,77.05540343678567,6.783769502509811,23.962977330310938,0.8204872158988956,7.83871026627781,46.292916783865415,0.8752946075052023,0.010901222210452638,5.92893433868885,0.9590880858898163,0.00888176081590777,3.931210743152178,0.8320957378276344,0.007432202806335538,3.1193549068228714,0.8983504515141248,0.014312937268277892,2.8324638679623604,0.846696499362588,0.006740138130669539,3.9554340481758117,0.7172523636370898,0.01167321543398434,3.6038836196064947
202,34,PPO_RLlibMacroEnv_2026-09-29_14-31-38kf85nc0m,1079.302273312102,76.19432372219848,6.876664834402875,24.17441703817947,0.8196489219503508,6.627853048512944,46.319468916892,0.911652323231101,0.01026234008193129,5.977238658070564,0.9565729307942817,0.008892961597711316,3.7914987193007414,0.8200194804173595,0.04072531127177635,3.067604344745852,0.9153584394603967,0.011069917843906374,2.802043630182743,0.8223841208964586,0.006259986631994313,3.9713727056980135,0.7695063147693872,0.01053065868100026,3.5116427689790726
202,35,PPO_RLlibMacroEnv_2026-09-29_14-31-38kf85nc0m,1096.2952687958577,75.69604521883039,7.135856502095945,23.780158943047017,0.833571776002465,5.496307887366093,46.332916655125764,0.8684016034007073,0.01310031462534213,5.833785575628281,0.9534541487785911,0.008502590146608964,3.734088792701409,0.8001455296818007,0.025260207502401596,3.174331977428534,0.8689908567816019,0.01105767417334399,2.750839129090309,0.7932721093297005,0.006421813255383361,3.934800472855568,0.7232509352266788,0.01020860835833452,3.5432839348912237
202,36,PPO_RLlibMacroEnv_2026-09-29_14-31-38kf85nc0m,1105.6922989437976,75.88498547116077,7.189804366336437,23.665861646474198,0.8392299980288717,4.29370031208635,46.367773284681085,0.9161264691501856,0.010465131513092274,5.77785707116127,0.9609158262359354,0.008562176898362767,3.674140075798873,0.825619655794802,0.005854656121667672,3.31195963694986,0.9329339556396008,0.0078903905348853,2.621554745733738,0.7741891272366047,0.006295203517174791,3.909751158952713,0.7856406014412641,0.008481979077350899,3.5189194172620772
202,37,PPO_RLlibMacroEnv_2026-09-29_14-31-38kf85nc0m,1127.046278915788,75.40457784891284,7.364583950004308,24.31433724206465,0.8431696421583353,3.758018106506427,46.34416988022239,0.9083958767354489,0.010137763538170929,6.010349887609482,0.9623153974761526,0.008604167256200041,3.6695320311172233,0.8232523397091897,0.00239983476695323,3.2046470352398453,0.7128796309232712,0.009485656998435843,2.530560424923897,0.6710678096860647,0.005696505784953889,3.7927641198039055,0.764460415393114,0.009209567252469242,3.5184751585125924
202,38,PPO_RLlibMacroEnv_2026-09-29_14-31-38kf85nc0m,1143.2457781245664,75.64817377510775,7.464718845716652,24.669746187175654,0.8436213824049799,2.9747531456011824,46.4325511225643,0.9127438850700855,0.0160085010995319,5.860224747657776,0.9641454398310607,0.008254927497325096,3.6169336262763188,0.8279454757149021,0.005316898127267694,3.2292936712503435,0.9152499075978995,0.012158706974196406,2.5560733303427696,0.7415113717317581,0.006370152168915411,3.758534550666809,0.84492750428617,0.010004104554354909,3.5296109944581984
202,39,PPO_RLlibMacroEnv_2026-09-29_14-31-38kf85nc0m,1158.7970024287463,74.59168704423155,7.684790997211982,24.990581772298793,0.8445990016757224,2.3355588456003353,46.37715639151338,0.9363494582474232,0.008906239591533617,5.755102878808975,0.9609344689120747,0.009133960832153079,3.5723764163146803,0.8165317785494106,0.00615236788413019,3.2037176390284117,0.8197002958506345,0.009444267753133407,2.517676520347595,0.7533359192311764,0.008629473958403418,3.730331137776375,0.751576055213809,0.009402608400250811,3.475969998538494
202,40,PPO_RLlibMacroEnv_2026-09-29_14-31-38kf85nc0m,1182.0851311565684,74.63028685071262,7.893221109287918,25.970947921658603,0.8276752465522565,1.6884508035160275,46.42153517325582,0.9385831777006388,0.009630682338229394,5.73649922311306,0.9650556075472021,0.008987590057278977,3.4981624973655387,0.8020661210076193,0.006402594669731792,3.122742266065619,0.8844949897378683,0.011523958585394295,2.4757730558514597,0.8237369053065777,0.007496809940119016,3.6958480924367905,0.8086976405233145,0.00942460700689487,3.4422664299607275
202,41,PPO_RLlibMacroEnv_2026-09-29_14-31-38kf85nc0m,1200.4975279762593,74.28628558896436,8.003691910776125,27.277188923110963,0.8149009384023462,1.3104381581094637,46.455335890008115,0.9354300618171691,0.0122920939221105,5.546589249372483,0.9674820245275131,0.008813277042696287,3.460378718981376,0.8275971723586014,0.008790846424234746,3.0616127965376547,0.9026673126965761,0.013034831064214904,2.349452257156372,0.8587427891790866,0.007137601056661029,3.6910148814320562,0.8178749952465296,0.011681171542386501,3.3514336377382277
202,42,PPO_RLlibMacroEnv_2026-09-29_14-31-38kf85nc0m,1240.8321851748774,72.49976641333834,8.50748651493422,29.700802282223556,0.7840580685229394,1.026168088973491,46.41176341496481,0.9625767383724451,0.009219905616441792,5.502653390169144,0.9651552395918119,0.008900509809499395,3.4151380319286275,0.8273303087318645,0.007028370362527579,3.008699305197772,0.8732958633452654,0.014205784920341191,2.4217480227351187,0.8665898136794568,0.007553887062499598,3.734084551036358,0.7380809549242258,0.009802062964081478,3.341877783834934
202,43,PPO_RLlibMacroEnv_2026-09-29_14-31-38kf85nc0m,1253.0005988990542,73.00124193717066,8.615000563001654,30.09157475192637,0.7820314297658983,0.5320803857304995,46.47671308192744,0.9610042721033096,0.010838282200484346,5.6036415010690686,0.971149732899231,0.008837948408658595,3.438966035351311,0.8343508687208999,0.008971518076842504,2.9303818328814075,0.9096836984157562,0.008930912847881783,2.3781940549612046,0.857709551975131,0.006642034062417734,3.6821972757577894,0.8859885904937983,0.00880474132169411,3.3470454677939414
202,44,PPO_RLlibMacroEnv_2026-09-29_14-31-38kf85nc0m,1270.901700413137,72.6475752975995,8.881294358889363,30.442428514218904,0.7768692256427008,0.3679663781338063,46.41823607691162,0.9464136011898517,0.011060997409185987,5.466802927851677,0.9615665151228429,0.00842179323954842,3.438013060572786,0.8281916641927027,0.006519357359602409,2.8830112150737217,0.9094657339155674,0.01086332051845602,2.4034680396318437,0.8729459963738918,0.010501259189095493,3.6390245661139486,0.8426143959164619,0.011999250092321799,3.27082509547472
202,45,PPO_RLlibMacroEnv_2026-09-29_14-31-38kf85nc0m,1291.6443941628124,73.24871666115261,8.990748494264448,31.381578999645622,0.7729515771027867,0.3276118805719463,46.47771563223576,0.9592790529131889,0.012098728899514032,5.267648249864578,0.9701672351462131,0.008713501970975914,3.3685785359292297,0.8347445619807524,0.005969355138616212,2.844006769797381,0.9142743706703186,0.010279035961502921,2.3576546192169188,0.9081307273358107,0.007085284643983414,3.6581064760684967,0.8108770061284304,0.007278277918573,3.3380963414907456
202,46,PPO_RLlibMacroEnv_2026-09-29_14-31-38kf85nc0m,1307.416941099752,73.44372605524536,9.16676787887367,31.728892828086334,0.7838662548163629,0.4657356645318957,46.47201484012496,0.9568401973694562,0.01244845218814154,5.0951852887868885,0.9699700264626948,0.008449975534083786,3.340378768729427,0.8335404925647824,0.0073408107077477915,2.806672866865136,0.9160858724266291,0.00811486978832363,2.3618910923600196,0.8399783831089735,0.0073666098385842815,3.6978176176548003,0.8416302338242531,0.008483363485811423,3.3276013523340224
202,47,PPO_RLlibMacroEnv_2026-09-29_14-31-38kf85nc0m,1331.4991278365485,73.89496505630645,9.408554076713177,32.3036876899238,0.7920128794371835,0.5217188488130124,46.467100999186066,0.9589468251913786,0.01198211196060606,5.112694981694221,0.968689313012225,0.00863160211330992,3.3280352912786353,0.8466159612602657,0.006846612527192016,2.8169164080089995,0.9184999216347933,0.01427623460358518,2.256233271956444,0.8893155008554459,0.006630721287979274,3.7047698900103567,0.8298847995698452,0.012241397869274806,3.293228018283844
202,48,PPO_RLlibMacroEnv_2026-09-29_14-31-38kf85nc0m,1365.8030527601397,73.58259810903058,9.718691518213177,32.89908384681625,0.8047619243941735,0.6922434613088941,46.418362375222216,0.9616646401584148,0.012215288630432242,5.073779034614563,0.9656430667390621,0.009354623556994375,3.2522729952318503,0.8501829734767776,0.007465206902941601,2.7667203745210025,0.8558853477239609,0.014510767962929189,2.195865221321583,0.8748489122837781,0.00406794185257695,3.673023636639118,0.6294133771210909,0.009524787759960483,3.36947730332613
202,49,PPO_RLlibMacroEnv_2026-09-29_14-31-38kf85nc0m,1392.4263265833956,73.94231219586317,9.91865537380097,33.13044554117085,0.813745792225797,0.6906921069031334,46.41157749470919,0.9430210784077644,0.01635087773981944,4.9522141993045805,0.9696376851036134,0.008957230120917755,3.1503770723997016,0.8299843727187677,0.0076247750726906845,2.697514352744276,0.9103506587445735,0.009149327545219525,2.1555348955094815,0.8518022742122412,0.007747978641873559,3.587357285618782,0.8159479800611734,0.010414214192587678,3.3625536605715753
202,50,PPO_RLlibMacroEnv_2026-09-29_14-31-38kf85nc0m,1407.8332224413687,74.79628954050236,10.085128493512055,32.86055350508302,0.8287578524155904,0.3283483403533143,46.43108175084508,0.9400782950222493,0.010709737087518312,4.804666140675545,0.967219638210469,0.008992839336297211,3.123824635719535,0.8318210788692038,0.008941030279728087,2.6595247191687426,0.9078657012432814,0.01145646460599901,2.1405633188784123,0.8846281502395869,0.007420280768417406,3.6093721851706504,0.8538053229451179,0.013760175710558603,3.3957286208868025
202,51,PPO_RLlibMacroEnv_2026-09-29_14-31-38kf85nc0m,1438.8661420478809,75.49652927087774,10.43836675457451,33.31966637944184,0.8351326848036681,-0.026988260291238263,46.43982547687162,0.9548083025962114,0.013441178671610285,4.828987887501716,0.9737528758522863,0.008815490676032664,3.1074563475468535,0.8234371746579806,0.006544196167370891,2.688444683665321,0.9170687962323427,0.009716434953588867,2.193069635331631,0.9165752939879894,0.005250802643718089,3.6511358484625815,0.8639966960996389,0.010705900740958969,3.327212519943714
202,52,PPO_RLlibMacroEnv_2026-09-29_14-31-38kf85nc0m,1466.6976928642785,75.90697015624899,10.673026024391069,33.44831387612022,0.8447238787734408,-0.6843999084421409,46.47723400171842,0.9527421858161688,0.012977504262494222,4.79807159602642,0.9678705728321622,0.008810925799549865,3.0668580230175526,0.8248324295570111,0.0078433255738067,2.608349135278285,0.9148847360163928,0.01306985446012742,2.1170760080218316,0.8852332666516304,0.009512353381683237,3.7240883082151415,0.8199662800878287,0.01063452297776173,3.290826840698719
202,53,PPO_RLlibMacroEnv_2026-09-29_14-31-38kf85nc0m,1506.9348851270665,75.6397167595146,11.106302584444133,34.35556674606488,0.8417243144620196,-1.2371263652952829,46.48249907112547,0.9541987273842096,0.009847899191209094,4.731909483671188,0.9767500753757643,0.008832255473031226,2.9757537178573252,0.8409708334576516,0.006306664227910612,2.6306201665174394,0.9171283785253763,0.009906275982666666,2.1118089362978933,0.9272230319678784,0.007376713174312555,3.7201731219887733,0.7921323191374541,0.011049990043329672,3.3169453635811808
202,54,PPO_RLlibMacroEnv_2026-09-29_14-31-38kf85nc0m,1542.8232295896003,76.75021010135869,11.450128384282115,34.806988788797995,0.8450891346917498,-2.0668831803808048,46.5386296045011,0.9514323230832815,0.01055416888757486,4.715038442611695,0.9763700269569885,0.00951550303171007,2.893241930650325,0.84829274975672,0.006859171395817391,2.616879939160696,0.927869426831603,0.012636758576809504,1.9751159258186817,0.9026092059910298,0.008007372678400829,3.716697984933853,0.8555409736931324,0.006770921413499309,3.371880105137825
202,55,PPO_RLlibMacroEnv_2026-09-29_14-31-38kf85nc0m,1576.743142422379,76.5812499139425,11.816059159895302,35.614103699293864,0.8407288453013798,-2.5873530494925863,46.557200513274935,0.9419233500957489,0.013586960315388103,4.72088710963726,0.9724823663138893,0.009182131692950768,2.786609404757795,0.8362784166161606,0.007987009646702273,2.5583020972042547,0.9100076697766781,0.016898537799716118,1.8410045959055423,0.9238666791468859,0.007551205910238032,3.643319919705391,0.8302855659276247,0.009890802725431058,3.3456362798810004
202,56,PPO_RLlibMacroEnv_2026-09-29_14-31-38kf85nc0m,1622.5334275907342,76.7561924263842,12.205120193321333,37.372494658291714,0.8307439980355261,-2.7494966177954647,46.58042023383221,0.9481881629675627,0.012894895859335767,4.638623648881913,0.9743652050921889,0.008518239229918715,2.729868320082876,0.8505185645303609,0.006745865887490222,2.481113533914825,0.929227452352643,0.008392399315744242,1.897354456782341,0.9305932998657227,0.011727255857113122,3.627560830116272,0.8892641007900238,0.013472044676609646,3.2567039355635643
202,57,PPO_RLlibMacroEnv_2026-09-29_14-31-38kf85nc0m,1653.0880801514359,76.48516306966418,12.464126108656018,38.031944348311605,0.8276771131022561,-2.934730197544039,46.60159868135906,0.94159753061831,0.012729879077051278,4.598647204041481,0.9748563516413487,0.009090345702886277,2.661639752569078,0.8365402618540994,0.004637462641942334,2.4702878230734715,0.9213866285979748,0.012414186287696924,1.9243893682956696,0.9524580981582403,0.006745920260590392,3.6922553792595862,0.8410757843405008,0.009039717751341023,3.2053551867604257
202,58,PPO_RLlibMacroEnv_2026-09-29_14-31-38kf85nc0m,1689.8894087899505,75.9692548806434,12.834349351542366,38.87181625910644,0.8205189917749685,-2.9357078315697036,46.519255242293596,0.9149124290794134,0.01303502555113055,4.42569810450077,0.9748795713547089,0.008777977545028445,2.6152930245819674,0.8396339063843091,0.009698724799727648,2.371650221234276,0.8792847786098719,0.015289501710503963,1.874392106384039,0.9244110725820065,0.009150349232550144,3.771198885142803,0.7102591894567013,0.011324877754759712,3.251876674592495
202,59,PPO_RLlibMacroEnv_2026-09-29_14-31-38kf85nc0m,1708.5374057757085,76.97205003254156,12.900323244289622,38.94843489798042,0.8209884922876592,-3.0693877763932704,46.551297909125,0.9463091064244509,0.011792634397898205,4.400179082155228,0.97863872332393,0.009528375190804616,2.5690730061441096,0.8454691591033017,0.007893220610600684,2.284713574202664,0.9282448839396238,0.012206763371432441,1.8929093398153782,0.9507017489522696,0.009531780288671214,3.7662274464964867,0.7893812779337168,0.009701643486005251,3.2498300552368162
202,60,PPO_RLlibMacroEnv_2026-09-29_14-31-38kf85nc0m,1737.3444521396095,77.87572954852455,13.070032880124947,39.395846927495654,0.8188196035802261,-3.050451390914519,46.58354510709068,0.939282800257206,0.013581495276139322,4.273162388801575,0.9798933700954743,0.008824880920411204,2.5066831374835177,0.8614563651382923,0.018552503531836958,2.298412945270538,0.9107673034071923,0.01191417100981212,1.770406787097454,0.9294327408075332,0.009031854592581193,3.761874632537365,0.9039219748228788,0.008848448534217823,3.2606163203716276
202,61,PPO_RLlibMacroEnv_2026-09-29_14-31-38kf85nc0m,1756.318531608122,79.03360253422072,13.19357618155096,39.13392033575109,0.82375366888144,-2.9926871147854364,46.592241757204384,0.9288130480796098,0.012798746224473556,4.241343235969543,0.9786787506154699,0.008924894997091978,2.45590226990836,0.8495172449912148,0.009142812322567615,2.2311752376885248,0.9269893221557141,0.012602948903531929,1.7748223185539245,0.9124792460352182,0.005460048431723494,3.6653589218854905,0.9086361721158027,0.01267530540008017,3.1957841366529465
202,62,PPO_RLlibMacroEnv_2026-09-29_14-31-38kf85nc0m,1775.2859993236095,78.64990539566972,13.334578801728371,39.273289182982374,0.8340983188965719,-3.0640669849964866,46.56083228038645,0.9183443937450647,0.01117813891064543,4.220260858535767,0.9809984732170509,0.009191051156339223,2.4084804418418506,0.8435277746218007,0.007844517036601724,2.138959639246871,0.93785535171628,0.012663901694759404,1.7990432411432267,0.9127295896410942,0.006983354774342923,3.672231934964657,0.8742702513933182,0.013776786826747479,3.0794863149523737
202,63,PPO_RLlibMacroEnv_2026-09-29_14-31-38kf85nc0m,1789.8237306817898,79.34744498753852,13.43522948217433,39.166430705504524,0.8382776292308535,-3.3035232691891157,46.55083884313896,0.9352753400802613,0.013825343541475377,4.167313326895237,0.9814951451404674,0.00891937980884181,2.391006508996588,0.8442132287555271,0.0063638718813353425,2.13114359025602,0.940480699762702,0.012840312909247725,1.739432157576084,0.9432626679539681,0.010197452775923922,3.7167549610137938,0.8681823965162039,0.008262069521697482,3.06546423882246
202,64,PPO_RLlibMacroEnv_2026-09-29_14-31-38kf85nc0m,1805.2084630375134,80.52063036055581,13.584978561345979,39.19559330809387,0.8482939667706384,-3.244116441325943,46.58389135934064,0.9318573635071516,0.013194824327729601,4.043640460073948,0.9797783816670194,0.009010843911881766,2.314626062983348,0.8727821784775431,0.009931333524937367,2.060223610953587,0.9332065187394619,0.01126809247039091,1.843398991972208,0.9396462652832269,0.007828572359790087,3.73861443400383,0.8716451339423656,0.009556271877329508,3.02247511446476
202,65,PPO_RLlibMacroEnv_2026-09-29_14-31-38kf85nc0m,1830.992083459031,80.14504890921413,13.842060650594906,40.01355255440172,0.8510023540611427,-3.1244401865549376,46.53876565396728,0.9365932364016771,0.010263071575923276,4.035256613790989,0.9808607387147505,0.009218857754132453,2.2851054245633353,0.8588480113446713,0.036416823609306447,2.124997853189707,0.9244174778461456,0.011459874071852028,1.7489692278206348,0.9616730157285929,0.006607177388082164,3.70277910977602,0.8924010541290045,0.013952552464843471,2.961355073750019
202,66,PPO_RLlibMacroEnv_2026-09-29_14-31-38kf85nc0m,1852.074910142695,79.23350447825561,14.098466044536115,40.286709351656626,0.8580654917484482,-3.2017503648676895,46.483674725373334,0.9134895287454128,0.011478606192304484,3.937613433599472,0.9847668636806997,0.00927886348729357,2.2399788351184737,0.8657395628094673,0.03587066345142375,2.5316306275129317,0.9286211371421814,0.010602099616608185,1.781702633947134,0.9654470816254616,0.006788214005632741,3.726382204890251,0.8343778282403946,0.014718564904433231,2.9749386429786684
202,67,PPO_RLlibMacroEnv_2026-09-29_14-31-38kf85nc0m,1865.5553372418422,78.92450226859823,14.271198002050333,41.21282312165872,0.8529235782222251,-3.1439322893212993,46.485939410276416,0.9168583624064922,0.01328998090314144,4.096716633439064,0.9837290166851796,0.00921566063594994,2.1797305078414624,0.8762680263458928,0.0015368423310869995,2.4343671285653414,0.945529418438673,0.013678156685455339,1.6748338527977467,0.908881387859583,0.006829814287493796,3.61148965805769,0.9015523195266724,0.009801310565353629,2.9291706651449205
202,68,PPO_RLlibMacroEnv_2026-09-29_14-31-38kf85nc0m,1873.7119135915666,79.94973572253645,14.305235878802813,41.553473008485405,0.8452143251484631,-3.048771596278653,46.516270543160424,0.9218312688171864,0.013065198559297917,3.9932712376117707,0.9810310931911009,0.008781590919108838,2.122787153563514,0.854538319259882,0.028389333460149827,2.3315636460483073,0.9321660690009594,0.010352747310662524,1.7091800354421138,0.9242064028978347,0.010519609034963736,3.6928375720977784,0.8483558773994446,0.010470764957699491,2.8734669044613836
202,69,PPO_RLlibMacroEnv_2026-09-29_14-31-38kf85nc0m,1898.071696400083,80.43172526372403,14.47971655418458,42.13625649775066,0.8460413149240871,-2.8348916040140026,46.53252809617539,0.9353037662804127,0.011148872322974387,3.992023316025734,0.981219436053572,0.008762914268511246,2.082942442857443,0.8729388813429241,0.009533016678665126,2.338476082644885,0.9357677854597568,0.0122714040375287,1.7015137426555156,0.9543696723878383,0.006903461593446991,3.741259330511093,0.9179104868322611,0.010269653648629248,2.812685079872608
202,70,PPO_RLlibMacroEnv_2026-09-29_14-31-38kf85nc0m,1909.3352006819205,80.82395262245342,14.562781776406275,42.70970169474065,0.8344566573401885,-2.9951898173094644,46.55681746935201,0.8952030546963214,0.013163861186126596,3.940341740846634,0.9818731005123631,0.00897228160718658,2.1969498760733392,0.8643148018589503,0.0036875202762472973,2.3127556755572933,0.9045301128178835,0.013816590269925655,1.686649575829506,0.9427591171115637,0.008624704799262872,3.7312045499682425,0.9042217563837767,0.010969936822380155,2.7961012601852415
202,71,PPO_RLlibMacroEnv_2026-09-29_14-31-38kf85nc0m,1918.503017455229,80.99288191106459,14.713062589938323,42.899573358283426,0.8280634114974562,-3.045814455689018,46.54319618478857,0.9075311452150345,0.013808460920017751,3.830070772767067,0.9825439147888181,0.009141911316625489,2.101700506522916,0.8775605694204569,0.004494122995176895,2.298779237270355,0.9232543539255857,0.011856174744753083,1.6654437623918057,0.9513115756213665,0.007723808836431159,3.7371283888816835,0.8419119454920292,0.009366973480519009,2.7317074596881867
202,72,PPO_RLlibMacroEnv_2026-09-29_14-31-38kf85nc0m,1921.2170660176248,83.3023028822739,14.749493182764839,42.44740848740587,0.8243767140665558,-3.263390007882746,46.60062284670079,0.9181041583418846,0.013116488388755334,3.818976490199566,0.98128419484057,0.009098465518730661,2.0746588621715842,0.8889165263622999,0.007248443304192733,2.2409521502256395,0.939987451210618,0.011063263972391891,1.5931579291820526,0.8704878322780132,0.008497086768238762,3.7359011352062224,0.8461947962641716,0.009818966694319978,2.8303373724222185
202,73,PPO_RLlibMacroEnv_2026-09-29_14-31-38kf85nc0m,1933.0336295089896,85.01082366269708,14.769845981777424,42.47320523409054,0.8237405546834258,-3.582131019673076,46.612986860421714,0.9122055139392614,0.01089114650879992,3.860388012230396,0.9825496046767905,0.009029401778298755,1.9744454957510258,0.8801173839388015,0.007904370393815138,2.1719960288156437,0.9427088603377343,0.01652455714738626,1.4635584883391857,0.9162057988345623,0.014043981519898895,3.6431059181690215,0.8668370082974434,0.012496003861633654,2.7628168374300004
202,74,PPO_RLlibMacroEnv_2026-09-29_14-31-38kf85nc0m,1948.74446126069,85.2796736976636,14.979160811237827,42.751638440621925,0.8203475292583222,-3.8053198535715467,46.585446094852315,0.8773268759250641,0.011022718247273041,3.781045615673065,0.9820853640980525,0.00953561106623403,1.9328163338572446,0.8799167728122277,0.012025382579032635,2.1119390234162534,0.9509297393262386,0.01421689657290715,1.3477062307298184,0.9380667477846145,0.015899327255147,3.5522264182567596,0.8268394209444523,0.011708151011816957,2.788461396098137
202,75,PPO_RLlibMacroEnv_2026-09-29_14-31-38kf85nc0m,1951.7991812393666,85.91374698878221,15.046683290573332,42.79900134135254,0.814372508669458,-4.170328062633861,46.572058096204444,0.9146140456199646,0.012541513758924339,3.6941170275211332,0.9826961041422364,0.008950610116536261,1.850059323234958,0.8763273321375062,0.01089665378346086,2.0660578694524645,0.937414838373661,0.01334868161065986,1.304720290750265,0.9562575437128544,0.010973365990003082,3.484648708999157,0.8094351254403591,0.011903976251414938,2.7350622966885565
202,76,PPO_RLlibMacroEnv_2026-09-29_14-31-38kf85nc0m,1969.0986888653542,85.98947250591445,15.215076418435931,43.114983569844114,0.8160838567233154,-4.2327145818993905,46.56373232326425,0.8955146137624979,0.015765504675255636,3.6183856219053268,0.98287500048448,0.008855122710802668,1.8076260821068073,0.8704265908349919,0.011350387603016345,1.9859017068826699,0.9531845763325691,0.013994104912853985,1.276905681192875,0.8872424475848675,0.01436675123204632,3.4151679635047913,0.8945639364421367,0.00877222013114085,2.6641413137316703
202,77,PPO_RLlibMacroEnv_2026-09-29_14-31-38kf85nc0m,1987.92477577357,86.41829041927423,15.442075716886858,43.40119110011639,0.8228843049342598,-4.217073999690467,46.54832264592524,0.9172759562730789,0.013346191938399376,3.5875334605574607,0.9786063497171462,0.008791182820027214,1.7867109366557883,0.8515299879297425,0.0114768611080613,1.9166068173662016,0.928766468167305,0.0126001211172481,1.1447271168231965,0.9136211585253478,0.008973526176578244,3.370922800898552,0.8794175330549479,0.011919087514945659,2.595450389385223
202,78,PPO_RLlibMacroEnv_2026-09-29_14-31-38kf85nc0m,2015.568755715152,85.32064305768964,15.682242878705187,44.414918306108234,0.8241828102395985,-4.080485090584571,46.49873318173788,0.9467768121510745,0.014833608480967504,3.4524788305163385,0.9843723427728226,0.008877916467105389,1.805146139259919,0.8830534222759778,0.010355767987652767,1.8864912893198713,0.9486885666847229,0.012098046635583335,1.174717142060399,0.8942871633917093,0.02104983971785267,3.2985374093055726,0.8864930175244808,0.010022063505857734,2.580390474200249
202,79,PPO_RLlibMacroEnv_2026-09-29_14-31-38kf85nc0m,2021.8290239294117,84.58964373969458,15.801599926212136,44.62813900236239,0.8320269838930536,-4.024235384557107,46.45748398866382,0.947837857529521,0.01766838135695291,3.363428455591202,0.9860833389190686,0.008893275681568094,1.7348524588191725,0.8940079357805132,0.009338783888846063,1.8174312866186795,0.9486906293779611,0.012226021575770754,1.1455099906772375,0.8957963772118092,0.017766978460622418,3.1222898602485656,0.8818863667547703,0.008459007045894473,2.5751276195049284
202,80,PPO_RLlibMacroEnv_2026-09-29_14-31-38kf85nc0m,2028.001867725815,84.0284459065285,15.906349102849383,44.71472974701489,0.8341083486825392,-4.037572238393942,46.43778756948745,0.9141065828502178,0.014546856287598008,3.319668339192867,0.983067370609493,0.00882947487996957,1.6660483945232287,0.8871945286853404,0.009001255574134398,1.809681100483182,0.9405154645442962,0.011176399776013774,1.1461320586502552,0.8680803321301938,0.019112543934352366,2.971807135641575,0.7901226695626974,0.010904780043074507,2.5810688853263857
202,81,PPO_RLlibMacroEnv_2026-09-29_14-31-38kf85nc0m,2034.2668519775716,84.50244872922121,15.931190531154394,44.822949763233936,0.8392159354152315,-3.97857362370683,46.45529203057043,0.9155231367796659,0.01058199655508402,3.192035439610481,0.9831655748572192,0.008442275117618846,1.6341781562333104,0.8834197831304768,0.008182930792707663,1.810821895056133,0.9539622150361537,0.012434477701754274,1.0924387421458959,0.9265019152313471,0.020753109783072533,2.9005090281367303,0.7929771199822426,0.011602005469922093,2.5991987988352774
202,82,PPO_RLlibMacroEnv_2026-09-29_14-31-38kf85nc0m,2035.741923315567,85.02594844381248,15.877569310275156,44.78606071750606,0.8424694152650838,-3.8595015087266855,46.46280510231622,0.8888030253350735,0.014753807058878405,3.1802384108304977,0.9813210119391733,0.008911525157215374,1.6113308176192271,0.8720526771454872,0.006539863862963102,1.8149507051781764,0.9451649334281683,0.014574019284191497,1.0790087543427944,0.8843762751668691,0.01270976323562536,2.8167331710457804,0.8075260955840349,0.00848613876519274,2.7140250742435454
202,83,PPO_RLlibMacroEnv_2026-09-29_14-31-38kf85nc0m,2037.0814583290366,85.11668867619423,15.837722165345744,44.72918360742081,0.8373275303045109,-3.805914677479159,46.4705548134353,0.8993097711354494,0.00920113842498722,3.222934602200985,0.986303594329225,0.008991810827865408,1.607667664631003,0.8902063871486278,0.009380705780928065,1.7172440251217613,0.9543438483029604,0.015210446767741997,1.0562224499881268,0.8885628543794155,0.01700049022281301,2.7334306612610817,0.8031254529953002,0.008379395273004775,2.7252672150731088
202,84,PPO_RLlibMacroEnv_2026-09-29_14-31-38kf85nc0m,2042.6464708898163,85.63442592767237,15.87911574046802,44.65550994860253,0.8440553942923027,-3.764750537286626,46.482110946712965,0.9153191465884447,0.01336627252203508,3.2231513768434525,0.9872355910302316,0.00950111829369524,1.5560980406867544,0.887679711474648,0.007491076951027016,1.7005358087865612,0.9621183913201093,0.014509809808123464,1.0329228781163693,0.9060670871287584,0.010766179728943915,2.67467498332262,0.8827796544879675,0.016690530404935087,2.63862207531929
202,85,PPO_RLlibMacroEnv_2026-09-29_14-31-38kf85nc0m,2049.249839624397,86.48340984431167,15.942533573207887,44.61286898419906,0.8493046113788795,-3.769260192513694,46.49589358664097,0.907328725606203,0.013188104510982157,3.186016207933426,0.9880818993083833,0.008986481040111518,1.5187311745834056,0.8947489020190661,0.01067295556825494,1.5359047302716895,0.9552391730248928,0.012782499139211895,0.9781635519117117,0.9153162855654955,0.014744937721161588,2.532738149166107,0.870484521239996,0.016743677362876574,2.598496773838997
202,86,PPO_RLlibMacroEnv_2026-09-29_14-31-38kf85nc0m,2056.5783887451207,87.04715770211877,15.981410290822247,44.60981339815816,0.8678973687785487,-3.670527338651205,46.46552753497585,0.9222028467804193,0.01240217844188049,3.09665996581316,0.9831217151082406,0.009424843671520319,1.495880140235105,0.8919599498374553,0.010280988497318422,1.5331070385401762,0.9455647692084312,0.012783163213316785,0.9651009231805802,0.9001471519470214,0.011022577028819569,2.468393622338772,0.8507748801261187,0.011535188184279909,2.559284745156765
202,87,PPO_RLlibMacroEnv_2026-09-29_14-31-38kf85nc0m,2061.83007360613,86.92044367143446,16.13956906884644,44.595922312603065,0.8837031372331235,-3.5903771298045997,46.424702117547966,0.9223253197968007,0.013079444595860412,3.1237355008721353,0.9820571105894835,0.008786188647149024,1.463617691145584,0.8902929733825635,0.009422193997942247,1.4407951451555083,0.9531191345304251,0.010913995796363627,1.055912086367607,0.9287781327962875,0.011803327317588241,2.380031532049179,0.8695194669067859,0.01114939606122799,2.528399658203125
202,88,PPO_RLlibMacroEnv_2026-09-29_14-31-38kf85nc0m,2066.8092755543466,86.29345144561923,16.26578647847987,44.7720536980448,0.8899574733894806,-3.5848518934113507,46.400475989812556,0.9249124515801668,0.014999055064299683,2.948955662548542,0.9825911172508343,0.009170054809666553,1.4445495936721209,0.8766191214700289,0.00806074215712975,1.4663223133811467,0.9597544599324465,0.019766026870502173,1.0510968040674924,0.919062415882945,0.012879769077426318,2.2969742327928544,0.8801123443990946,0.013371664234432501,2.439979353547096
202,89,PPO_RLlibMacroEnv_2026-09-29_14-31-38kf85nc0m,2065.88860174116,87.39044515002566,16.22608934866746,44.85976277896057,0.9010978145092075,-3.661057112215376,46.40496285751566,0.8827651601284743,0.011445611905219723,2.96348439604044,0.9838891632246494,0.008763932068234418,1.3845817422830085,0.8951698587665075,0.007843626953901457,1.4374097397055807,0.944723553583026,0.012380771803145951,1.1371173676103354,0.9171983659267425,0.014722049240981505,2.2536097511649134,0.7310010947287082,0.016358327314719645,2.345766395330429
202,90,PPO_RLlibMacroEnv_2026-09-29_14-31-38kf85nc0m,2066.398039316834,87.38790694893838,16.324628453704847,44.928266797188726,0.9072820328291109,-3.5580611176352317,46.361761803028976,0.9148365020751953,0.010652663541828087,2.9225793182849884,0.9866284855868559,0.00888242608142465,1.365495886573099,0.9021101414402829,0.010645453980815327,1.379714305642285,0.9541320376098156,0.019006620435447985,1.072483191266656,0.9122271653264761,0.011731776904616844,2.2062423273921015,0.846319903805852,0.011163432115290561,2.2861302375793455
202,91,PPO_RLlibMacroEnv_2026-09-29_14-31-38kf85nc0m,2068.8473460281944,86.21181891559569,16.428467129224465,44.93044442375202,0.9096702930505396,-3.544665915446547,46.307755681663785,0.9261277038604021,0.01734829596480309,2.8800708681344984,0.9878456285638266,0.009402085116939391,1.3254685101633388,0.911175504138198,0.010393970657582652,1.3472638401804091,0.9672547694295645,0.014164370765866088,0.9964347217231989,0.9192357908934354,0.0198785976236651,2.200428809225559,0.8804503705352544,0.010109118377704363,2.3240451201796533
202,92,PPO_RLlibMacroEnv_2026-09-29_14-31-38kf85nc0m,2069.6733987621656,86.45572213388715,16.35912066438922,44.900642312617315,0.9039883530520035,-3.633275591498783,46.35354184907547,0.8932080894708634,0.011264972285562636,2.7560452818870544,0.9871450137192002,0.008759508446022109,1.3107464021269823,0.8971654388723495,0.009598648344224421,1.337588495996934,0.9628620691597461,0.014011176601252373,1.0266885835677386,0.9201359957456589,0.015725818527607908,2.133637298643589,0.8532766252756119,0.008390363435410206,2.259537734091282
202,93,PPO_RLlibMacroEnv_2026-09-29_14-31-38kf85nc0m,2072.76845681325,86.1089065779653,16.35724448314482,44.9278316147995,0.8973812461372711,-3.572868823707114,46.367346784496085,0.9056265357881784,0.012744269989707856,2.724394974112511,0.9824340443034235,0.009359849808506389,1.2989537618173317,0.8968839444691622,0.008070114575801061,1.3240488026715531,0.9632205471396447,0.015940840843905048,1.0106365002691746,0.9505180228501559,0.016918853546167293,2.0443879455327987,0.8242164008319378,0.011910204684863946,2.2532442793250085
202,94,PPO_RLlibMacroEnv_2026-09-29_14-31-38kf85nc0m,2071.670093945874,86.53376785117456,16.36619278412312,44.72751054662472,0.9003255319701818,-3.576165105036655,46.3790183130834,0.9243209317326546,0.010875576950502848,2.6715790823102,0.9838321242265088,0.00877834525061609,1.2598882241657055,0.8710394138022314,0.008237230543940474,1.3548106409326384,0.9680383659899234,0.011939856569461137,1.0283821128308772,0.901136202737689,0.01436471953570631,1.9802114702761173,0.8752013288438321,0.011338460241859237,2.178773342072964
202,95,PPO_RLlibMacroEnv_2026-09-29_14-31-38kf85nc0m,2083.9898472628556,85.79582943544482,16.45970737066203,44.87215633178885,0.9040808366988106,-3.5446462406205916,46.3939598421063,0.9118573989719152,0.011614628478765118,2.6602857068181036,0.983812149334626,0.008776842917279265,1.2217810259074462,0.8911411470250238,0.009455461059647698,1.3891349418253838,0.9698416341096163,0.014939476232757442,0.9891845267266035,0.912077859789133,0.011625758325965307,1.9347288936376572,0.8025306861847639,0.012343311565064255,2.16593726426363
202,96,PPO_RLlibMacroEnv_2026-09-29_14-31-38kf85nc0m,2098.9377087348753,85.7240177826584,16.511226920071532,45.11264888444808,0.9103272947904594,-3.7516343810246413,46.41085404905723,0.9132944397628308,0.012010291389788574,2.6423280104994773,0.9836768410652187,0.008695039785486282,1.2178043769577802,0.8977945978882946,0.008655180491022972,1.391247989859762,0.9629036452621221,0.010964862705350242,0.9177935168147087,0.9401677027344704,0.011911228131066456,1.8615508772432805,0.8381584782153368,0.011068136374342528,2.157777342200279
202,97,PPO_RLlibMacroEnv_2026-09-29_14-31-38kf85nc0m,2113.3291472810693,85.48521440395814,16.58779344622173,45.4937797353529,0.9111533559790773,-3.7647906359641095,46.41546759099021,0.9180335447192192,0.014544866762105854,2.701090317964554,0.986183382691823,0.009309825497830177,1.1495206921453545,0.9056378731999216,0.009983916658124536,1.3594453333299372,0.9536512549966574,0.01676638771314193,0.834374638274312,0.9352288410067559,0.016209436804092547,1.848545279353857,0.6749431077390909,0.014131902368808475,2.1075033843517303
202,98,PPO_RLlibMacroEnv_2026-09-29_14-31-38kf85nc0m,2127.5572491394796,85.05397979510279,16.721977837804022,45.96260769476395,0.9151727452809859,-3.634727647156629,46.39175031114732,0.9444502409547567,0.011539882433090062,2.6977634951472282,0.9871089202090393,0.009264283217140325,1.112710789790853,0.8886009675038011,0.009281874800631792,1.3132352468333668,0.9681564271450043,0.015464885238907489,0.7774630036205054,0.9258213728666306,0.011895605537393012,1.7709105364978313,0.893145601823926,0.014847763418947686,2.0495249412953855
202,99,PPO_RLlibMacroEnv_2026-09-29_14-31-38kf85nc0m,2134.389301448302,85.24847907279123,16.745957533141723,46.196952032652675,0.9211152300755765,-3.7151622667063515,46.38098946185294,0.8868858478963375,0.011686855681114642,2.629128430783749,0.9863601599222027,0.009490510362028534,1.0819827042618615,0.8739227377915684,0.009090480605509928,1.3206698835650577,0.9597167924046517,0.019554557675292204,0.6984792243689298,0.9637404289096594,0.01400079882732842,1.6902521885931492,0.8800519950687885,0.01126959471780548,2.0291351176798345
202,100,PPO_RLlibMacroEnv_2026-09-29_14-31-38kf85nc0m,2146.1904002299234,85.32596205824231,16.83151925678373,46.366946108898716,0.9290652880087328,-3.76064518712679,46.3737247666912,0.9199578866362572,0.01312805413224447,2.636786437034607,0.98477759426206,0.00865282096086087,1.021143418773139,0.887769304046148,0.01056879956993242,1.311392247827747,0.9652969103306532,0.016271877999679586,0.6726512961089611,0.9465225763618946,0.01458465271066416,1.6036324054002762,0.8979020692408085,0.01375344166405057,2.099861228466034
303,1,PPO_RLlibMacroEnv_2026-10-01_16-34-53b6znlfju,265.9261261540492,64.32449621015802,0.7226120520715854,2.3116651937024497,0.8123004890100327,30.2785537868457,38.65032709293883,-0.007990180701017379,0.004788502346309542,7.103357645869255,0.5380227776933291,0.004069858604067327,5.6694318205737515,0.3044472924228442,0.005689212051417552,4.231858517557888,0.20241582058370114,0.007975458477721986,4.260788923501968,0.13138923048973083,0.007870707176152791,4.214628410339356,-0.00012614205479621887,0.0035426848857241567,4.181862458586693
303,2,PPO_RLlibMacroEnv_2026-10-01_16-34-53b6znlfju,268.05389642314253,66.00007199926335,0.6919500937000005,2.3543407702974894,0.8347104137921936,30.878838595658575,39.12342697942461,-0.007646589726209641,0.007394662557411291,7.078959754109382,0.6888678764832107,0.005839855256574523,5.64663371865484,0.5454777661082032,0.007169936028909429,4.246272725563545,0.5711557671427727,0.0075349162952136365,4.1602444618940355,0.4553553733974695,0.007657915761177492,4.210732024908066,-1.73274427652359e-05,0.006690024330802666,4.161679887771607
303,3,PPO_RLlibMacroEnv_2026-10-01_16-34-53b6znlfju,273.5480731470238,66.193421332575,0.7182746929677918,2.430550859369713,0.8262417397856444,31.233283044702222,39.2325661406549,-0.0036570433527231216,0.0114950322174991,7.050263330340385,0.7333725866349564,0.006504446427179193,5.61363550152426,0.6549082209580931,0.007213278451483959,4.182357573509217,0.7875682305544615,0.007485287300198716,4.160519486665725,0.7737946357578039,0.006895575942257909,4.264542677998543,-7.86706805229187e-06,0.00913229048533141,4.067636919021607
303,4,PPO_RLlibMacroEnv_2026-10-01_16-34-53b6znlfju,289.58574907260254,65.87690565556659,0.8612134115289424,2.464770345134926,0.8312461477989871,31.589975558007964,39.440833182308836,-0.004211109131574631,0.010712003875514162,7.0021064430475235,0.7652528415213709,0.00615745167440431,5.634129263366045,0.6636536220709482,0.008778751965838496,4.117054344531353,0.7782137438654899,0.011286906894270032,4.1080680847167965,0.9243129439651966,0.016304692248286325,4.348921146988869,-1.4773383736610412e-05,0.007042731434921734,4.072163134813309
303,5,PPO_RLlibMacroEnv_2026-10-01_16-34-53b6znlfju,293.47668577868933,66.23880306892644,0.8982545768733549,2.444033839038292,0.8446535084863026,31.62921095822501,39.55579395990608,-0.0012169785797595978,0.017544242003509708,6.9015368014574054,0.7640407545337086,0.007053753322606641,5.651446598427914,0.6507350269527662,0.008896247389141838,4.085751286669383,0.7559362385421992,0.007829066241589556,4.034744936227798,0.9571980487555265,0.008556328530676205,4.499264034628868,1.0400265455245972e-05,0.00579214173094444,4.1205679178237915
303,6,PPO_RLlibMacroEnv_2026-10-01_16-34-53b6znlfju,302.105183022322,66.54595757217893,0.9569999589018622,2.4964850116416204,0.8400797516651878,31.998950035648676,39.72358742923405,-0.0015125036239624023,0.01279179465966539,6.896126174926758,0.76715449572567,0.00676630325999527,5.634467191696167,0.7118521668737935,0.006665538610198587,3.985171462451258,0.8036135092377663,0.008306440745161594,3.9528548434376716,0.9815223466604948,0.005651359406238067,4.54581452012062,1.2207776308059692e-05,0.008883363421784928,3.974878232181072
303,7,PPO_RLlibMacroEnv_2026-10-01_16-34-53b6znlfju,310.25318504117615,67.19713486906718,1.0022225298921192,2.566384643729587,0.8663943840025476,32.341277538626535,40.04321055081748,-0.0013707291334867477,0.027637556486547567,6.96944482922554,0.7894972566209856,0.006989955277670367,5.584279069978683,0.7396421783808934,0.007276827646450005,3.9477897406634637,0.7879749294370413,0.009318329383239643,3.885407280921936,0.9812208205461502,0.009007925191963322,4.492896577715873,0.0001242220401763916,0.007036850651343229,3.9520949959754943
303,8,PPO_RLlibMacroEnv_2026-10-01_16-34-53b6znlfju,313.19738812883764,67.89156616424934,1.014694524213682,2.593003856827195,0.8811237287345854,32.35483145853074,40.30714586614116,-0.00016188062727451324,0.02166441047920677,6.752399313449859,0.7734075966388252,0.007366104383305155,5.502986131142298,0.7284471191931516,0.007216177870531926,3.939195305202156,0.7538023561239242,0.01335960702581363,3.8577531546354296,0.9824481375515461,0.0072722962490957156,4.495828059315682,0.00022354312241077424,0.008778899589378886,3.8487063720822334
303,9,PPO_RLlibMacroEnv_2026-10-01_16-34-53b6znlfju,318.0886316743327,67.88538617700918,1.0526380687096317,2.6406179231107934,0.8839374137144218,32.52815869591924,40.48269061881694,0.01706899292767048,0.018883829600963593,7.040592756867409,0.7476337485268059,0.007824508457983964,5.506299453692756,0.6920746364145197,0.006490771129150138,3.861265810738262,0.567495372518897,0.005770226340757764,3.811370086669922,0.9872394822537899,0.007214242735244654,4.538501328229904,0.20316659174859525,0.009617755135104744,3.9017775520682334
303,10,PPO_RLlibMacroEnv_2026-10-01_16-34-53b6znlfju,313.25482570267036,68.70935684307237,0.9865412892713507,2.6774422563918616,0.8975910326543124,32.44499289686287,40.714970373528786,0.4381961263716221,0.005136268865152351,7.004329839348793,0.7556350366600854,0.008141295429595043,5.44002301827337,0.7450549937009812,0.006570280391103006,3.8408952189445498,0.7598692424595356,0.004113552095122941,3.830225922167301,0.9829701624810696,0.006271387479745307,4.522302475571633,0.151374027505517,0.010039432964185874,3.7753025233745574
303,11,PPO_RLlibMacroEnv_2026-10-01_16-34-53b6znlfju,311.2046421869197,69.30392443827894,0.940765669106686,2.739083617539662,0.9159124736528945,32.336475838888184,41.0489545838467,0.5993664897978306,0.0064248356787175,6.912220555543899,0.7705236819081606,0.007809875444608968,5.343438239706404,0.7623469994418205,0.006328691129234025,3.7398808351584845,0.7735266916453838,0.007846343320852638,3.740739496052265,0.9859186820685863,0.0074828734958657965,4.520093104243278,0.20503617636859417,0.007351174703671909,3.7777217447757723
303,12,PPO_RLlibMacroEnv_2026-10-01_16-34-53b6znlfju,312.2102359851585,70.9294052371374,0.9222699416313945,2.7715820932496813,0.9330440399023071,31.812581423033198,41.497984209648756,0.7144978072494268,0.00486384980895319,6.9399369895458225,0.7471756673477244,0.007915783664950314,5.29309599127998,0.7793948516715318,0.0059324582291573336,3.70266853813082,0.5221479874104261,0.012894838489592103,3.800091399252415,0.9829898577183485,0.00622400870101959,4.4627806574106215,0.43468057848513125,0.009260852396892005,3.7710623666644096
303,13,PPO_RLlibMacroEnv_2026-10-01_16-34-53b6znlfju,328.8045871031122,71.53918048623602,1.0504746403427148,2.8906350396001623,0.912429875425313,31.460712889455813,41.76119729002442,0.8280663270503282,0.011812372947144923,6.984421029686928,0.7850731243601086,0.008038884498495342,5.250118301555841,0.7377234355993733,0.0052657919779649336,3.6698011553760144,0.5357266880571843,0.009745930353659582,3.7721320912241936,0.9845708783715963,0.008488738676510402,4.395572060346604,0.5182107288390398,0.00641589427407329,3.8021638453006745
303,14,PPO_RLlibMacroEnv_2026-10-01_16-34-53b6znlfju,348.15796198377734,71.93186849623574,1.2043012950430245,3.039811960753465,0.9077549046372232,31.14321556460756,41.991956559161,0.8174064982682466,0.009901433202378598,6.765204957127571,0.7859040834878782,0.00871898487649799,5.200798507016796,0.7597032220353114,0.006628369024819089,3.669017525076341,0.4471763100475073,0.011173661570501281,3.750548367202282,0.9810994654893875,0.004474952350869933,4.413045978546142,0.45428098402917383,0.007785539116810061,3.77390595972538
303,15,PPO_RLlibMacroEnv_2026-10-01_16-34-53b6znlfju,375.1303514138227,73.40992371028284,1.4095446843663244,3.218710891080147,0.9161197444497401,30.502955569759706,42.38955406241049,0.8733313318341971,0.013039598179762047,6.755473083257675,0.7710321770779266,0.008030823952772066,5.192334806311662,0.751481964050884,0.005516491425422286,3.672822023445452,0.6872482314705849,0.009364464732323117,3.7442788660526274,0.9783354386687279,0.009500500372547549,4.412059637904167,0.5199747066944838,0.008354135227500635,3.7491897985339167
303,16,PPO_RLlibMacroEnv_2026-10-01_16-34-53b6znlfju,398.8908486983448,74.01362997016967,1.5836143557083855,3.578924229907289,0.9065160323428961,29.890151542788434,42.73247524650564,0.8586923994123936,0.00860527285393573,6.798699176311493,0.7934524265211224,0.008074144581618115,5.194819985247189,0.7561850058718732,0.005608739961222264,3.6631312059101306,0.5402449458837509,0.008728830777647545,3.7437580570578577,0.9857203640043736,0.012215041196913034,4.440255880355835,0.48943477421998977,0.00645675944181225,3.751705567538738
303,17,PPO_RLlibMacroEnv_2026-10-01_16-34-53b6znlfju,429.80641104401855,74.32793127790356,1.824063989955937,4.011608303691498,0.8820181605534142,29.2346557801238,43.01371110527603,0.809605285525322,0.013077778670708681,6.607526338100433,0.8072111795353685,0.008025767481728705,5.173526922390968,0.7890059900895143,0.006444462409966893,3.6158543409445345,0.6585372902452946,0.007136284470016139,3.742597463726997,0.9789419338107109,0.011311666504764192,4.375765934586525,0.5111857905983925,0.006916388935690065,3.6878914415836332
303,18,PPO_RLlibMacroEnv_2026-10-01_16-34-53b6znlfju,456.47002823761954,74.10110584258871,2.0543136581485633,4.513946836591125,0.8814363443909089,27.960270117242203,43.22473877355783,0.8746696889400483,0.01090376278129965,6.600251415371895,0.8220457432636126,0.008471071789217246,5.183650545585812,0.7819393578232551,0.00711170151038719,3.562346773488181,0.6165212150663137,0.009831267009849426,3.7563913762569427,0.976839716732502,0.006987195449386287,4.4260880768299105,0.5674739457666874,0.009713082210760202,3.647918623685837
303,19,PPO_RLlibMacroEnv_2026-10-01_16-34-53b6znlfju,472.233995688883,74.51220648132264,2.1668633936768376,5.002119784023454,0.8772866539966846,26.767742685100124,43.463042461014936,0.8576293095946312,0.007674574146176383,6.694764962792396,0.8398835847307374,0.008170326421039771,5.185033798446107,0.7825808651225511,0.006294556398609339,3.5663699155630066,0.5696734916418791,0.005206941156393465,3.7660097554326057,0.9762085895985365,0.007140147763129814,4.365848726034164,0.625715546309948,0.007968839886348219,3.7458692267537117
303,20,PPO_RLlibMacroEnv_2026-10-01_16-34-53b6znlfju,505.3778373778534,74.77133117150812,2.419170618995092,5.805710872784893,0.8504124531888148,25.522655216120732,43.79176642076841,0.866043895483017,0.010247033457136599,6.632963341474533,0.8577020298265944,0.008306143546963593,5.089457098007202,0.7634386695730381,0.005994578355095644,3.5117100851658063,0.7817216068506241,0.011289981369895941,3.679618699848652,0.9494736231863499,0.005305660532803837,4.364233195781708,0.49983930476009847,0.011484819209636097,3.720395928621292
303,21,PPO_RLlibMacroEnv_2026-10-01_16-34-53b6znlfju,526.4389769540047,74.89566875217177,2.584405098114499,6.626270112276029,0.8369643520917879,24.22063145632855,44.04522585281977,0.860354670509696,0.008972447262272157,6.54793647825718,0.8586829650204796,0.008095837789812894,5.0646455598309625,0.7667257970379245,0.009763759059884662,3.464935481009945,0.6888247780501843,0.006605505740776639,3.6471145555377005,0.9554634310305119,0.006232047157618608,4.304711002111435,0.5545732118189335,0.007960875663229719,3.6377786725759504
303,22,PPO_RLlibMacroEnv_2026-10-01_16-34-53b6znlfju,560.874063344585,74.17412816712277,2.845906270672131,7.5323962074842985,0.8037557264074467,23.114827175348893,44.1112138511959,0.860386298969388,0.012205652748150586,6.6816036880016325,0.8630073378806451,0.00840293805721674,4.995440348663753,0.7519969685162817,0.005286565145273211,3.385913891962596,0.3337174624204636,0.009893750674746146,3.6081476137042046,0.9304282732307911,0.004832609351832673,4.29282169342041,0.62527836561203,0.011784557333112438,3.628301592171192
303,23,PPO_RLlibMacroEnv_2026-10-01_16-34-53b6znlfju,599.6081819763158,74.24541398038446,3.1403027471139167,8.61946427016059,0.7701367113469586,21.79054793335154,44.22384174025748,0.8605809651315213,0.010600628172432087,6.647444561123848,0.880407677287753,0.008297782930123239,4.87575030466981,0.776605063587872,0.006568329234624346,3.370556157560491,0.6843305647373199,0.011355143246555632,3.5845034033060075,0.9502810187637806,0.006355875905831025,4.313578364253044,0.6702833488583565,0.00875165630623092,3.6969741523265838
303,24,PPO_RLlibMacroEnv_2026-10-01_16-34-53b6znlfju,657.6651056365072,74.93098133347465,3.5856708890275035,10.054853600300332,0.7453191098001172,20.12442835794751,44.54695700792831,0.8052758358418941,0.01114333018990692,6.446017453074456,0.89211006436359,0.008860322373094098,4.855216412595761,0.8114995765686035,0.007623558028353727,3.3342406611288746,0.8348164945840836,0.01018194534372018,3.5092422649264337,0.9240891348570586,0.00666000778179523,4.33721853196621,0.5059908207505941,0.00711414810766661,3.6580698281526565
303,25,PPO_RLlibMacroEnv_2026-10-01_16-34-53b6znlfju,704.7881659071304,75.02726461680044,3.9559472419519883,11.189093544815993,0.7445334992192878,18.743535622744126,44.81087729232442,0.8826030660420656,0.01101049106658838,6.718013626337052,0.9075026050480075,0.008155008310596958,4.815300791389459,0.7745976468942462,0.005941437113971623,3.2425348647319487,0.8635467816144228,0.008545150707595935,3.483481954038143,0.9443163216114044,0.010081747925247016,4.269993188977241,0.6689717169851065,0.008871799903795417,3.7185342609882355
303,26,PPO_RLlibMacroEnv_2026-10-01_16-34-53b6znlfju,739.845188423365,74.6669382902205,4.249693955456135,12.062824821473432,0.7598714513099223,17.282910267626225,44.88752615233891,0.8407289192080498,0.013390814226235647,6.455894455313683,0.9066461760239083,0.008303727094534294,4.744901637643273,0.8047165871556126,0.006396211952019868,3.2129910394326964,0.8354605332016944,0.011576119248024996,3.5089582711458207,0.8821243207901717,0.014672408493970612,4.253317341208458,0.5577313743531704,0.013777576595021015,3.628093993663788
303,27,PPO_RLlibMacroEnv_2026-10-01_16-34-53b6znlfju,777.5154036180521,75.06214534559591,4.531414712646059,13.118020133937327,0.7573087434897314,15.637587435221365,45.091260127935904,0.8435049567371606,0.00954306515974963,6.464390853047371,0.9145666190129386,0.007920374197109089,4.750655478225273,0.7839597632960668,0.0057909114796988416,3.1102908628327506,0.8879148297011852,0.009055948750256029,3.449158911406994,0.8730072285979986,0.007539907794534911,4.2980537682771685,0.6068748831748962,0.009121190285895914,3.604627737402916
303,28,PPO_RLlibMacroEnv_2026-10-01_16-34-53b6znlfju,814.3173805648157,76.84844453727051,4.817427827680649,13.86020627922243,0.7781701335400857,13.602118520917704,45.40968178938799,0.8462742198258638,0.012115362992244798,6.435907989740372,0.9201069681432472,0.007649478424407078,4.7615987769376185,0.7527942172395504,0.005210289211703551,3.0472138606435886,0.892960499972105,0.013769199681610233,3.3590641275048254,0.8614196851849556,0.008354900715357908,4.307855072617531,0.649462977424264,0.008244408327755142,3.6691431894898416
303,29,PPO_RLlibMacroEnv_2026-10-01_16-34-53b6znlfju,845.1234946860309,77.42966586541591,5.102961060992192,14.600778318179977,0.8037373920272605,11.6506700264213,45.62251916272361,0.8922727238386869,0.013778501322951798,6.448231962323189,0.9241998461007513,0.007807239348692493,4.7244706913235595,0.779360600006886,0.004344511594111585,3.038012222550873,0.8620567608624696,0.011830477947296459,3.257107549905777,0.8298292018473148,0.006341629703692353,4.267945277690887,0.6047492526471615,0.013863676010578274,3.566068658232689
303,30,PPO_RLlibMacroEnv_2026-10-01_16-34-53b6znlfju,888.5729505239458,75.62675190843225,5.525346995527526,16.950883271633167,0.7938720984234128,9.50157160483771,45.7023094595561,0.8834029786288738,0.010372705018153464,6.573146238923073,0.9205945178290098,0.007360347070114954,4.765290733463856,0.7648257055118972,0.006062693140294121,2.972748867670695,0.7403417486697436,0.01013297243271154,3.199752002954483,0.8498513359576464,0.012780373614396049,4.311910971999168,0.682400906831026,0.009779119411541668,3.5288173377513887
303,31,PPO_RLlibMacroEnv_2026-10-01_16-34-53b6znlfju,919.1337999004353,75.55431560025386,5.82426690214708,18.735897790905728,0.7808823883381146,7.965378161778566,45.77625502559737,0.868204778060317,0.008734679982671878,6.55272459089756,0.9343795749481083,0.007800908023806041,4.632359352885681,0.7971397987268504,0.008377102420074806,2.956692039156423,0.8626333698630333,0.014904524427765917,3.089307647943497,0.8459129761904478,0.009560380157927317,4.2870887279510494,0.687800970673561,0.013493307006001487,3.5295338436961172
303,32,PPO_RLlibMacroEnv_2026-10-01_16-34-53b6znlfju,950.5124070933759,76.0476388807298,6.076156438074741,20.612492390476945,0.7621409775304729,6.384614630435205,45.8969567530153,0.8790733877569437,0.009118470983935558,6.498139065504074,0.9325858913547134,0.007972278569355491,4.542515547675376,0.800263306260109,0.005986924123339122,2.947348435878754,0.7875386435538531,0.00952508957379905,3.110030861198902,0.752108833193779,0.013291742204194209,4.292359343171119,0.5781508430838584,0.010648229572120726,3.4859118521213532
303,33,PPO_RLlibMacroEnv_2026-10-01_16-34-53b6znlfju,977.6012388388568,75.2861633216515,6.345134553242252,22.112466851976215,0.7597545244387905,5.093617307623828,45.86295112447199,0.8423012800514698,0.010983375536534591,6.2753137111663815,0.9338966135798902,0.008128477371647508,4.46319558251494,0.7658185722179783,0.013105461941841957,2.9594364712539227,0.8317773241549731,0.009511647071849493,3.095749182999134,0.6746366951614619,0.01141842084117286,4.2398648202419285,0.7101044002920389,0.00947791195644647,3.418893153965473
303,34,PPO_RLlibMacroEnv_2026-10-01_16-34-53b6znlfju,1002.1572469477547,74.59944771471038,6.609065211354393,23.46682840088789,0.7536140964776656,3.875212820947427,45.87349046484118,0.871292494609952,0.010717876848684896,6.046800690889358,0.9478645978188164,0.007610229542236716,4.368951110411392,0.7785134727464003,0.007682617132772351,2.9282421060636934,0.8918889127671719,0.010165292378769711,3.117227408289909,0.5497694611549377,0.007243131351879169,4.20310388803482,0.8097207624465227,0.011864695154895407,3.376834401488304
303,35,PPO_RLlibMacroEnv_2026-10-01_16-34-53b6znlfju,1022.4938193708439,74.55242106034467,6.743247331848877,24.88611431199348,0.7369818409692117,2.656588606446767,45.96622904717808,0.9125934273004532,0.010912490496252758,6.129432025551796,0.9519261655659161,0.008242192366748464,4.274840716237544,0.8023488746535393,0.004719010749035548,2.8762532400828538,0.8524467539042234,0.011866335375805254,2.9638871133327482,0.7068210951983929,0.00661089059698274,4.197837951779365,0.7552886065095663,0.007986498027276027,3.2548311710357667
303,36,PPO_RLlibMacroEnv_2026-10-01_16-34-53b6znlfju,1041.1600515203118,76.29689424854234,6.8128393375113445,25.71293603921369,0.7358944517592002,0.9908301434935168,46.159275181090315,0.8529982395470143,0.011983859079396305,5.880974707007408,0.9590496899101509,0.007993692944034942,4.176128813488505,0.8002775683999062,0.006348853474380197,2.8975158773362635,0.8736112009733915,0.010821387584655956,2.850124661624432,0.8149496085941792,0.014166682667217895,4.262243530154228,0.791941561922431,0.011854266056389028,3.122027452290058
303,37,PPO_RLlibMacroEnv_2026-10-01_16-34-53b6znlfju,1060.6544165142957,76.35303598768729,6.960102684764072,26.727116670656578,0.7272678320964648,-0.3108453149856033,46.24850500013648,0.913884349912405,0.011746785516095315,6.18032853603363,0.962954020163856,0.00797629863258134,4.074517406453159,0.825251433152831,0.008322908643940844,2.804378859112772,0.8820192884653807,0.006876019450101077,2.836529253423214,0.847208771109581,0.020800720486056433,4.2832844913005825,0.7394600693136454,0.009435259164183732,3.269242872297764
303,38,PPO_RLlibMacroEnv_2026-10-01_16-34-53b6znlfju,1068.5680660475573,76.48633497976581,7.0108512821612985,26.541248152408418,0.7332442049282534,-1.6796450124528335,46.37184387021647,0.9005992181599141,0.006983759507602372,5.784932950139046,0.9557090515715683,0.007844302454291819,4.042557787711521,0.8078447011489313,0.01012080542436309,2.7861207082433608,0.9114633068442345,0.009835741608822054,2.7657505705952645,0.9064012508839369,0.007736863376112575,4.257885095477104,0.8177307944744825,0.01038343030713813,3.1568705439567566
303,39,PPO_RLlibMacroEnv_2026-10-01_16-34-53b6znlfju,1083.708632939253,76.68103179110958,7.112685641738617,27.245586028589642,0.7228899621728346,-3.1705404590592376,46.54059948562564,0.9036791123449802,0.010797767020449345,5.807957199215889,0.9634545425927676,0.008403743890188997,3.9426270000521244,0.8039455281149956,0.0072143924568580774,2.7810090872549242,0.8810773853212595,0.007247293731052262,2.8141728162765505,0.9178190551698208,0.006643610200313839,4.217422151565552,0.7638508506119251,0.009907449399690904,3.2130950152873994
303,40,PPO_RLlibMacroEnv_2026-10-01_16-34-53b6znlfju,1097.9794572754784,76.74757261952129,7.215862022438569,27.587918033456823,0.7170818732607492,-4.384946115075588,46.66282065925268,0.8907917886972427,0.007737157349629568,5.633873239159584,0.9638092088535791,0.008078914414873191,3.8822025123347594,0.8347124290963014,0.010289498550715355,2.789717408766349,0.9111884400248528,0.014629683590465061,2.7404688224196434,0.9361294824630022,0.009516022221532751,4.055159841477871,0.8034748021513224,0.008449475087582032,3.2181228339672088
303,41,PPO_RLlibMacroEnv_2026-10-01_16-34-53b6znlfju,1110.6489651988738,76.45415208554847,7.3806029397506805,27.57360532720001,0.7199491726888625,-5.2033863571676795,46.68413818699786,0.9262935355305671,0.015431372155831227,5.800174367427826,0.9564519044631747,0.0077832690684826135,3.905560179483464,0.814607279034371,0.00831090215606116,2.757484464696113,0.8590355761349201,0.009657944749233203,2.7168049246072767,0.9198767609894276,0.005855798437869511,4.021783778071404,0.8007881388068199,0.010489243133633863,3.178002254664898
303,42,PPO_RLlibMacroEnv_2026-10-01_16-34-53b6znlfju,1140.329953493811,74.58347448223225,7.760773743914697,28.44208458658533,0.709706711905893,-6.080368209577814,46.6511609366177,0.9035344969481229,0.011192099581058096,5.730613577365875,0.9664493637114601,0.008207727490323441,3.8179157899161504,0.8418203507634726,0.009170171248942179,2.6700171974572267,0.8507589124143123,0.018164653752342018,2.5782965540885927,0.9288481991738081,0.00529768084051063,4.046729570627212,0.8533685810863971,0.007560453801966105,3.2766862213611603
303,43,PPO_RLlibMacroEnv_2026-10-01_16-34-53b6znlfju,1153.364086173011,74.4672831082908,7.8701361754747765,28.301316729952365,0.7164016435945356,-6.95580420692754,46.704492911381095,0.8917641703039407,0.011783926413409309,5.7436463117599486,0.9719253470337456,0.00848380906865975,3.737757891290919,0.8450410984536653,0.008184222118143226,2.655082477805435,0.8998429395258427,0.009916626138510834,2.5675426334142686,0.9274142239242792,0.011953774531866709,4.148049020767212,0.7811846930533648,0.008568147727783146,3.170211398601532
303,44,PPO_RLlibMacroEnv_2026-10-01_16-34-53b6znlfju,1177.0116301427881,74.08161016525959,8.140024157668465,28.9586300385039,0.7083033927113841,-7.584753595682024,46.711665148558204,0.9052201252430677,0.01251013068640558,5.71293568611145,0.9679829837334146,0.008055319737336607,3.7391097209306547,0.8272867934954794,0.007883227350443792,2.6354671202207864,0.8941546007990837,0.01006001273849506,2.4382672876119615,0.960491644963622,0.009058376924610975,4.179412315785885,0.8081633374094963,0.008195666607389362,3.1224591732025146
303,45,PPO_RLlibMacroEnv_2026-10-01_16-34-53b6znlfju,1197.186510490254,73.75471306269365,8.326277265902364,29.142529469630365,0.711059205646697,-7.961222763195236,46.72220648018313,0.9172255977988243,0.009856697230361814,5.648680236935616,0.9676414798159544,0.008172856573680084,3.6799181885663637,0.8294012764653007,0.00929046040833922,2.597528142981477,0.884333587065339,0.010687182254878374,2.3963599413633347,0.9547421030700207,0.008380777633260606,4.139518648386002,0.7753897074609994,0.007879130867832002,3.126905456185341
303,46,PPO_RLlibMacroEnv_2026-10-01_16-34-53b6znlfju,1220.0813935379447,72.881354964089,8.554415961055073,30.046189652178022,0.7036058856172714,-8.320661181925924,46.73857419992694,0.9022121075540781,0.009934417537670328,5.707343605160713,0.9694000044267929,0.008323819679184602,3.636910471730659,0.8184802950767989,0.011052245242163746,2.5444537296723784,0.879661002010107,0.012313119292957789,2.2701530873775484,0.9633293643593788,0.005115652637201206,4.174102854728699,0.8111903946846724,0.01400879627242375,3.113172174990177
303,47,PPO_RLlibMacroEnv_2026-10-01_16-34-53b6znlfju,1248.9718111208213,72.4892758732297,8.831429461937951,31.289604976146126,0.6941521883662908,-8.710150553246923,46.766826686573005,0.9116961788386106,0.014022575423155373,5.737705510854721,0.9635484130572315,0.008278362539482425,3.604487851929996,0.80338183648615,0.007071955460498912,2.513860219357962,0.8909428466111422,0.011648653100201137,2.2920074969530106,0.9444505214691162,0.008935212693410221,4.136481600999832,0.7590121749788523,0.011309051895204902,3.0197297126054763
303,48,PPO_RLlibMacroEnv_2026-10-01_16-34-53b6znlfju,1271.1467664723716,72.5188787618377,8.94816340735317,31.749315772461937,0.7004152082154996,-9.16097924862243,46.81311879332227,0.8873957529664039,0.01230869742942133,5.74980828166008,0.9667141732954162,0.008009097345664039,3.5786513610049573,0.8078013950380786,0.009062077553756551,2.46027562453829,0.9062086157500744,0.015104525688275406,2.210891616344452,0.962722098454833,0.00992202491250401,4.071965977549553,0.7066572047770023,0.008086107881399662,2.9337796196341515
303,49,PPO_RLlibMacroEnv_2026-10-01_16-34-53b6znlfju,1290.630424963978,72.89123522475447,9.163447399801376,32.14731118927871,0.6983596498456035,-9.1939501881077,46.83673966620281,0.8876849498599768,0.009989615551478436,5.842924517393112,0.9715061420334921,0.008882516115030254,3.5050755884006786,0.8247232299380832,0.011387675783933245,2.368647580941518,0.8904009975492955,0.01240082305994302,2.102479858696461,0.9529966473579407,0.007371095152336746,4.10169713050127,0.7788114007562399,0.013151267259172528,2.8631476685404778
303,50,PPO_RLlibMacroEnv_2026-10-01_16-34-53b6znlfju,1310.0900405200382,72.30927003192299,9.323089709301563,33.20809675405722,0.6946345642146496,-9.243964982817703,46.86322244126822,0.9277374681085349,0.011610493797479932,5.7192415535449985,0.9710199156396507,0.008592624518967727,3.4591054301670834,0.8297218901770456,0.010708872473767367,2.328425997779483,0.9024434097111225,0.015744964602345254,1.9636159084737301,0.9611414957791566,0.011532036206404025,4.097710734605789,0.8121885802596808,0.009478712039617676,2.8204882591962814
303,51,PPO_RLlibMacroEnv_2026-10-01_16-34-53b6znlfju,1325.842295529955,72.19276385264551,9.538047035511312,33.47724746947929,0.6956819552209081,-9.406744268834185,46.83431258152399,0.8724019907414913,0.011957499532900605,5.488573360443115,0.9725127665644725,0.008663314599160794,3.4543110045757923,0.8347189129738325,0.010051345307712942,2.2951265498493494,0.895937068760395,0.011361539523204556,1.9178243823349477,0.963503721728921,0.01497195306321833,3.9953349098563193,0.8238216616213322,0.008324362366465813,2.758547155559063
303,52,PPO_RLlibMacroEnv_2026-10-01_16-34-53b6znlfju,1342.3554501324272,72.79431154278618,9.731866547171677,33.44682703135125,0.7030344096671992,-9.689494783588138,46.78456739251644,0.926950978115201,0.009539807391161049,5.42205992937088,0.9772189254982997,0.008998055004182742,3.3788311071866097,0.844737952478816,0.010998993076180397,2.311710518129756,0.8854946482926607,0.014824965365187515,1.836523000895977,0.9731703959405422,0.015518201038867165,3.9153839513659476,0.8100338034331799,0.00981406365688153,2.912710827589035
303,53,PPO_RLlibMacroEnv_2026-10-01_16-34-53b6znlfju,1361.4995118213121,72.83463024253291,9.861125770370831,33.30488210989105,0.7078616001149993,-10.038850146725705,46.79581476933138,0.8890243265777826,0.012723675632332742,5.5042764961719515,0.9735285999954387,0.008706531499357262,3.3108580627565924,0.8488692987532843,0.009472474758320545,2.2407962237085615,0.8859390679746866,0.017668377979134807,1.732708501070738,0.963592068105936,0.011199319149727719,3.922564868628979,0.812348872795701,0.009992407784739135,2.841285528242588
303,54,PPO_RLlibMacroEnv_2026-10-01_16-34-53b6znlfju,1376.8297321721966,73.40244396414832,10.084047665434525,33.0414064495769,0.7069714366879201,-10.378957876397232,46.81075263465813,0.9014934193342924,0.011633146877648238,5.284287762641907,0.9776834563227261,0.009251745012942538,3.2530230374616735,0.8429545595564626,0.009045899092432757,2.167424577474594,0.9015181828290224,0.014391329460886481,1.666651390492916,0.9739559564739466,0.014589830896466132,3.8437509045004843,0.8537104316055775,0.009566498601429885,2.8360153168439863
303,55,PPO_RLlibMacroEnv_2026-10-01_16-34-53b6znlfju,1405.6325018350967,72.00424519709145,10.362952090997693,34.055799094248684,0.7003487043087574,-10.770909077379356,46.7566815168964,0.9261114798486233,0.01571521593286916,5.581816157698631,0.9812793545138377,0.00899782925041855,3.1318705018705284,0.8416519386739265,0.04689206238207168,2.0523509858584985,0.9081940270960331,0.009831943537210609,1.6001627504825593,0.9653661705553531,0.016010910225759338,3.880220006406307,0.8203712489455939,0.008761562173185767,2.8624396130442618
303,56,PPO_RLlibMacroEnv_2026-10-01_16-34-53b6znlfju,1431.2353198308151,71.7193188278268,10.614585969552659,34.58185159752025,0.6940990593546761,-10.751312101157728,46.77270425813919,0.8840291954576969,0.008193237953310017,5.505821225047112,0.9755574389985171,0.00926253859205963,3.0242440215759157,0.8318074994776622,0.006483433021274499,2.117939430834299,0.9170033302158117,0.013561552581722935,1.4954842194914817,0.891586535423994,0.017209779245695295,3.8728259027004244,0.8392421219497919,0.00872414255975408,2.8522930949926377
303,57,PPO_RLlibMacroEnv_2026-10-01_16-34-53b6znlfju,1459.6747541007928,70.91861965811111,10.857480425750026,35.6223443751951,0.6846477727423695,-10.650095317597742,46.81251192236639,0.8814418938010931,0.010223954263256311,5.323417600989342,0.9737134448985725,0.008804838539600412,3.0159355630523907,0.8341227504942152,0.006975526521864036,2.102684367733237,0.9179305147379637,0.012657173666593875,1.4494133234024047,0.897506269812584,0.0194652178920706,3.776383239030838,0.8746183149516582,0.013110101889833548,2.5969633355736734
303,58,PPO_RLlibMacroEnv_2026-10-01_16-34-53b6znlfju,1477.5886200601644,70.42347308535176,11.005432300733492,36.39616070336827,0.6703217537501237,-10.44361312485266,46.86394909360271,0.9129060380160808,0.010628260701673753,5.271308439970016,0.9758213983330253,0.008726490539240272,2.939529644294068,0.8349978840351104,0.06524609826535879,2.0876454566419125,0.9025308482348919,0.013472713124133406,1.387551486492157,0.8721240345388651,0.01860728144940827,3.7337586507201195,0.8381605837494135,0.01089876470869068,2.4324316516518594
303,59,PPO_RLlibMacroEnv_2026-10-01_16-34-53b6znlfju,1493.2484116863038,70.02334176572926,11.173632654809055,37.1145517747105,0.6683873684231901,-10.088696193747017,46.8683503287811,0.9135940458625555,0.009621989853804119,5.115457099676132,0.9807763897114481,0.009000211149168847,2.9372225004701606,0.8506440676748752,0.0688089929457692,2.07564625531435,0.9301913790404797,0.010947363633272289,1.3383801572024823,0.8307023279368877,0.016853914478770143,3.702814128994942,0.8663310226052999,0.011410921610331571,2.1864316016435623
303,60,PPO_RLlibMacroEnv_2026-10-01_16-34-53b6znlfju,1516.7841210380977,69.85777859447188,11.362486257713936,37.71179014245967,0.6629115213207846,-9.299845356672648,46.88878250715499,0.9366405680775642,0.010730713536623018,5.0700762331485745,0.9758972436028807,0.009071386964404089,2.8899492950189454,0.8770938509040409,0.005893961441363248,2.110433844872463,0.9047483038157225,0.012725472872262042,1.2952603816986084,0.7445767343044281,0.015601794620386106,3.683322846889496,0.871864615753293,0.013107074711570021,2.0550135016441344
303,61,PPO_RLlibMacroEnv_2026-10-01_16-34-53b6znlfju,1524.573233406443,69.53801659972262,11.383955396834057,37.95655134940403,0.6568929533147412,-8.565788830474109,46.9562692890826,0.9119062226265668,0.009728246829604636,5.297129064798355,0.979452496159218,0.009213152617178106,2.813938815018876,0.8513348272329644,0.005417071176468854,2.0811887780322302,0.9187262181192637,0.014892914435950094,1.1859021112322807,0.6945903014391661,0.013501484480639193,3.7633783176541327,0.8849128905683756,0.012794563437455508,2.0367586471140386
303,62,PPO_RLlibMacroEnv_2026-10-01_16-34-53b6znlfju,1539.2495273256002,69.07790184738613,11.50130265580349,38.19582751534103,0.6554611455866777,-8.131289534841796,46.95566934206893,0.902636582031846,0.011451076584490093,5.090041387081146,0.9786984674760807,0.009326112890482017,2.7001939271164237,0.8688489646096773,0.0059115969332622946,2.075086604190778,0.8879940047860145,0.01170384769152406,1.106852400302887,0.7179389078170061,0.014123849566317404,3.6534550487995148,0.8602620977908373,0.008694315337720701,2.0771348267793655
303,63,PPO_RLlibMacroEnv_2026-10-01_16-34-53b6znlfju,1560.377395176759,68.9763126772004,11.716321915509061,38.454837699564116,0.6550353120681421,-7.55673424669958,46.944509517272316,0.9020222317427397,0.010465272239025904,4.955814161896706,0.9796022287517224,0.009051300345995028,2.6705451938903555,0.8838443571253668,0.007129711586623925,2.038973381700395,0.8805150371044874,0.015447438305375271,1.0462536480277778,0.6332162577658892,0.01773753564229998,3.586769650876522,0.7615774124860764,0.01429218309625654,2.1058098420500757
303,64,PPO_RLlibMacroEnv_2026-10-01_16-34-53b6znlfju,1582.3221462183305,69.02889768284585,11.923047175792801,38.582840798550194,0.6597447215420438,-7.080912607015916,46.958874086810546,0.9162401914596557,0.010721914369605977,4.866505879163742,0.9804459821667653,0.0094812912696363,2.597245190895021,0.8761336952447891,0.10607111924370428,1.8947612068802118,0.9264987036585808,0.012281434810211234,0.9896327000111341,0.7275289200246334,0.016297998922027608,3.526634469628334,0.8937075577676297,0.012294313467464235,1.973951032012701
303,65,PPO_RLlibMacroEnv_2026-10-01_16-34-53b6znlfju,1606.2041320901978,68.75332059177104,12.105173301054002,38.82968860100354,0.6517080786935702,-6.6908336550172445,46.96638359443219,0.9163808811455965,0.011260116033554706,4.7844011157751085,0.9836776042828842,0.009490982507018499,2.4884291194235937,0.8853045913992049,0.003948192677437908,2.035710636271706,0.8203539829701185,0.015596636153418502,0.9609962929040193,0.7760794829577208,0.018405317193639865,3.4727409943938254,0.6795345112681389,0.011463588655033163,1.9866122156381607
303,66,PPO_RLlibMacroEnv_2026-10-01_16-34-53b6znlfju,1635.6457562944706,69.43885971200149,12.362348664908845,39.09622282650798,0.6542197522984149,-6.552344954609049,46.97294166802485,0.9227153092622757,0.010739581421603663,4.697747498750687,0.9835324143369992,0.009906588211404024,2.3999265909377225,0.8822008164576542,0.06882392161192113,2.0914263469201546,0.9120038781315088,0.017747599667746018,0.8089459098875522,0.8272541098296642,0.019010792676954286,3.4101487040519713,0.890883443877101,0.011894204874533899,1.9700232498347758
303,67,PPO_RLlibMacroEnv_2026-10-01_16-34-53b6znlfju,1662.7790351228912,69.83536407728543,12.616537209752874,39.273831565873074,0.6594585251956215,-6.384484826774058,46.97414364870218,0.8305636253207922,0.010027440755902717,5.024825644493103,0.9801844315842478,0.009640213462931835,2.262576494126237,0.8367088169991216,0.0041924071022422845,1.9821881339519838,0.9291049376130104,0.015038433902373258,0.830163675174117,0.7987994477152824,0.01699737996350456,3.4081811890006066,0.7988412525504828,0.012193502996342582,1.9704687163233756
303,68,PPO_RLlibMacroEnv_2026-10-01_16-34-53b6znlfju,1681.0205248557957,70.03073573518955,12.806094065907748,39.34477081634769,0.6600348301173378,-6.196789081859276,46.95234588055697,0.8998564787209034,0.020277288579837075,4.795888644456864,0.9849522892111717,0.009279843595176715,2.221278896148962,0.8775788888146606,0.006267255371553975,1.938509657111349,0.9280017908662558,0.013941477439220945,0.8290516544133425,0.7874240536242724,0.01647267999323964,3.34508530497551,0.8067653376609087,0.011461056394910147,2.0033065259456633
303,69,PPO_RLlibMacroEnv_2026-10-01_16-34-53b6znlfju,1696.1471893678324,71.14844101039586,12.866108009994345,39.44203775026641,0.6616694629689489,-5.989885880428192,47.01721155806432,0.8592925377190113,0.011009715553609568,4.710973539948464,0.9827865035214299,0.009722242955563518,2.1588980224999514,0.8757952260820171,0.0064996497344722865,1.9131292998036251,0.9339687939733267,0.017362188996958364,0.8669687390327454,0.5814445413649082,0.013949037673319314,3.291822652518749,0.8798355098813773,0.012450625301153196,1.8860288806259633
303,70,PPO_RLlibMacroEnv_2026-10-01_16-34-53b6znlfju,1709.8654678593964,70.68861223482793,13.009985129969404,39.61696365176823,0.6624879932980052,-5.674030412560114,46.99216866022659,0.927028802037239,0.010327710600859064,4.765412241220474,0.9810983645628174,0.009224173568010552,2.1929178703796826,0.8737410853935194,0.005784393387624783,1.8536174048351337,0.9325064122676849,0.016109476205019957,0.7610802330076695,0.5293217163532973,0.013355960635453879,3.2292118936777117,0.8658664394170046,0.011295778847670742,1.9007117681205272
303,71,PPO_RLlibMacroEnv_2026-10-01_16-34-53b6znlfju,1717.8281990081966,70.86453355715923,13.12128612599397,39.64389876816611,0.666387653155642,-5.4130708492458375,47.01179374929962,0.9107713490724564,0.011801820960863886,4.730398827791214,0.9821995935161939,0.009725712467593945,2.1261914672434377,0.8869428871553156,0.00813753358197573,1.8215935034087942,0.9227960564196109,0.011753099256202404,0.7395862463861704,0.7096131622791291,0.01785649105800084,3.147408863902092,0.8659842021763324,0.009939323149592538,1.819932472705841
303,72,PPO_RLlibMacroEnv_2026-10-01_16-34-53b6znlfju,1724.665431305084,70.60420111452709,13.099505373669729,39.978410116052586,0.6602075174493323,-4.9040194173828695,47.07228255105275,0.9452694084495306,0.010978604146112386,4.8027052849531175,0.9776000263629021,0.009431323058615302,2.067406695256987,0.8795715650425682,0.008125174102080357,1.8018023616150964,0.9311853960156441,0.012572029742796077,0.7211553692817688,0.6717261370271445,0.015780185685662217,3.114402097463608,0.858143312484026,0.011728253150613599,1.8010160140693188
303,73,PPO_RLlibMacroEnv_2026-10-01_16-34-53b6znlfju,1732.0753000974937,71.15052746093036,13.083988992897678,39.96722044220712,0.6621731034945961,-4.581458179762273,47.09606834147653,0.9046760246157646,0.011658183048712429,4.920695093274117,0.981558447596617,0.009114845744375941,1.9958304794412107,0.8791661238368553,0.007562573529847653,1.670866598509535,0.9339646689593792,0.014184580542496605,0.7211001999676228,0.6165582992136478,0.017646149828942807,2.986690606176853,0.9019750218838454,0.012227116103349683,1.890779695659876
303,74,PPO_RLlibMacroEnv_2026-10-01_16-34-53b6znlfju,1744.6789885403562,71.59163778420029,13.183800925118483,39.54485473595428,0.6791314136313202,-4.163005763054282,47.086432879517744,0.934734532609582,0.009343676893240987,4.787226274609566,0.9811813547256145,0.00939529762591484,2.001024471332559,0.8743479882798544,0.012147357366049574,1.6363574096342413,0.9225994769483805,0.014441797514155247,0.7595328889787197,0.5908160533756017,0.015047500226137434,2.8844860389828684,0.9226838272064924,0.010394573829307922,1.9468256130814552
303,75,PPO_RLlibMacroEnv_2026-10-01_16-34-53b6znlfju,1757.0487268676661,71.65076410131874,13.29275910349565,39.541000708258856,0.6900055536610552,-4.024218628038045,47.048241950787705,0.9445352625101805,0.011419390654555517,4.645915225148201,0.981690419257928,0.00906671574702802,1.8997127003640326,0.8827995168257363,0.016810206288951298,1.6016958511328396,0.9237384326756001,0.012989859628214806,0.7517069671303034,0.6244385883212089,0.014713385569120972,2.812808056175709,0.8907126728445292,0.009126222766826836,1.9165130130946637
303,76,PPO_RLlibMacroEnv_2026-10-01_16-34-53b6znlfju,1772.601352219925,72.41477866459027,13.38426669181187,39.59448938805428,0.6998355011309261,-3.8813300598632297,47.07383796834422,0.9341149382293225,0.009251083630443043,4.660636225342751,0.986069863068342,0.009620386876251228,1.854015475646277,0.8804057531803846,0.12845365916884474,1.578945227265358,0.939275561645627,0.014659654824367863,0.7684499111026526,0.5686383754014969,0.01414875819609743,2.7253920689225195,0.8886191450059414,0.011244124214135932,1.9329060778021812
303,77,PPO_RLlibMacroEnv_2026-10-01_16-34-53b6znlfju,1793.8961416046159,73.0662780429022,13.611529331254754,39.72035124773182,0.711901429269072,-3.6923349401617798,47.05216729698367,0.8825028829276562,0.009152978228212684,4.642789223790169,0.9864854437983953,0.009114020848962984,1.813402733179239,0.8715998964219154,0.00275461982058363,1.5966534700574755,0.9357153818011283,0.013021304360882151,0.7555952683091164,0.4296288248151541,0.011057972872095072,2.690060819685459,0.8705016598105431,0.01267438796101048,1.9238168254494667
303,78,PPO_RLlibMacroEnv_2026-10-01_16-34-53b6znlfju,1826.7553439176625,73.04442152123089,13.92710506475665,40.07247250018331,0.728202453257109,-3.5626568059207058,46.98808051520733,0.9230547986924649,0.009831860235590285,4.633334848284721,0.983924117382221,0.009099942549869237,1.797303894752731,0.8810944088652164,0.005790565891086955,1.5876675316050082,0.9327912282198667,0.017612867258867695,0.7718197416514159,0.5846190683543682,0.01005713361555547,2.599412517249584,0.8584204230457544,0.008262488818172794,1.959440166503191
303,79,PPO_RLlibMacroEnv_2026-10-01_16-34-53b6znlfju,1845.166084126489,73.13846121213005,14.241522438392568,39.99263817012815,0.7418808016881349,-3.4114957184328074,46.8977010225794,0.9356280617415905,0.010481575637141216,4.841640472412109,0.9829964411705852,0.009053409800582387,1.7259470165013697,0.8824633444411845,0.00696392300882669,1.5300377320639695,0.9348892584443093,0.013001979530236189,0.7024391308426857,0.5588915113359689,0.014670756872055898,2.5732092440128325,0.8718420036137104,0.00981899083344628,2.013177567720413
303,80,PPO_RLlibMacroEnv_2026-10-01_16-34-53b6znlfju,1859.9687667370465,74.43978116658148,14.368211802664066,40.36838066935698,0.7398274693795049,-3.3494131737708503,46.91381793803223,0.910821633040905,0.011024277291744511,4.706833904981613,0.9838481182715407,0.009433863519594233,1.718106583248318,0.8927916711644281,0.007882310677142772,1.517061661014074,0.9295584548264741,0.013286398067794119,0.666951347514987,0.5295007783919573,0.012973225669520739,2.4992221638560297,0.8074437912553549,0.0092747388302088,2.0057909712195396
303,81,PPO_RLlibMacroEnv_2026-10-01_16-34-53b6znlfju,1877.0238934787058,74.40989228267895,14.513752858780073,40.59922360996104,0.7440843408254666,-3.156477208938856,46.911077545717525,0.9389323126524687,0.01041719830082034,4.665687212347985,0.9866121661291976,0.009305547102941668,1.6321828725644123,0.8761445673206184,0.005938865351483308,1.469305233563049,0.9446183044463397,0.014224682909298483,0.5590512074530125,0.42051483877003193,0.012699802001657306,2.3425031527876854,0.9041490223258734,0.008181184908016803,2.0461959138512613
303,82,PPO_RLlibMacroEnv_2026-10-01_16-34-53b6znlfju,1896.1236058788404,74.12420778034291,14.714369795244469,40.78888017545693,0.7468402218669611,-2.9554044029879574,46.85599919684631,0.891343991830945,0.009132051580673223,4.6589418172836305,0.9835585005679793,0.009512879715452541,1.579540758653491,0.8676056001005293,0.008939894168333578,1.4147072745274893,0.9283973909914494,0.01767931262220398,0.5973775731399655,0.25722273997962475,0.00944866037552869,2.3048355162143705,0.8713711801916361,0.009757135356994838,2.05653215944767
303,83,PPO_RLlibMacroEnv_2026-10-01_16-34-53b6znlfju,1909.4071502516401,74.43123410743517,14.771669044825739,40.91309816707327,0.7477202160956157,-2.7944126053750638,46.86616242652629,0.929817421734333,0.009425068913879269,4.632062312960625,0.985125934198997,0.008687702187196748,1.5575340198619025,0.8788450026813942,0.01159631070895327,1.3757158709477775,0.9414547815918922,0.01065312899590953,0.5733862241730094,0.22394577525556086,0.017391474151190904,2.18893256932497,0.8505261603742837,0.014555518147972324,2.1644891276955605
303,84,PPO_RLlibMacroEnv_2026-10-01_16-34-53b6znlfju,1931.0550219241052,75.13163538637451,15.00807116395938,41.095497315395214,0.7440662309209237,-2.562226634821447,46.850687955923064,0.9051462300121784,0.009171015895663371,4.799659100174904,0.9840396725827428,0.009140495200169707,1.4878158936636894,0.9009221897095064,0.00993089365063359,1.3504533838622177,0.9005804680287838,0.015458118263996068,0.5649768214672803,0.348625273630023,0.014332387383001457,2.0921471267938614,0.8132487569004297,0.01701645865723549,2.4820789471268654
303,85,PPO_RLlibMacroEnv_2026-10-01_16-34-53b6znlfju,1950.625503449912,75.31542186024606,15.100121669670436,41.47802643918533,0.7459008525925707,-2.368575964938065,46.88354988330248,0.8911435510963202,0.008945577220106637,4.985563039779663,0.9882936862954199,0.009464514195707168,1.4395252582029248,0.9011056517498403,0.009255465782907663,1.2902904374689996,0.9443787869066,0.011736840764933731,0.6440090987831354,0.1809027936309576,0.014034251544944854,2.0835208132863046,0.8482205856591463,0.010459125614488718,2.287646731734276
303,86,PPO_RLlibMacroEnv_2026-10-01_16-34-53b6znlfju,1974.0233741861416,74.54614732799706,15.364892528265036,41.97258752854499,0.7483110385244898,-2.202713583706301,46.87154231096308,0.870453042164445,0.012906341298912933,4.872786599397659,0.9865729136173688,0.00931078265541117,1.3439547742548443,0.8855514853815489,0.008942050580561597,1.2830227488203894,0.94440838098526,0.016478462597842938,0.5282597206532955,0.1647702518850565,0.01390493955423166,1.968935063481331,0.8925418131053448,0.01642146332505958,2.3118652895092966
303,87,PPO_RLlibMacroEnv_2026-10-01_16-34-53b6znlfju,1991.502915061827,75.3212037321984,15.496522828604075,42.08629674853057,0.7468691600952033,-2.1724420375194247,46.87834460776276,0.8706294521689415,0.009519181979260338,4.742245361208916,0.9885177861902001,0.009280849571448193,1.2910454671535008,0.8962740888323965,0.010672042544596295,1.2280494625055338,0.9408852171152831,0.013575849289191167,0.49744570516049863,0.23306682780385019,0.015185502036138266,1.8403223030269147,0.8465940866619348,0.00839362381539118,2.1747541025280954
303,88,PPO_RLlibMacroEnv_2026-10-01_16-34-53b6znlfju,2012.5560419302733,75.6371712553337,15.683907717503727,42.30911544451623,0.7514966025624361,-2.1673199435772097,46.885761171552396,0.9028574142605066,0.007612708937199742,4.746233198046684,0.9853341220875145,0.009372278300832357,1.2458239099915873,0.8712119263184221,0.011278075455002297,1.2353191965742956,0.9327237643301487,0.015172216397331966,0.49953610971570017,0.3653941176831722,0.017160771488215834,1.744110856950283,0.7966091461479664,0.013632971780350677,2.0389897875487804
303,89,PPO_RLlibMacroEnv_2026-10-01_16-34-53b6znlfju,2036.9449429049025,75.05289171276495,15.968649171665652,42.54988684755235,0.7551093148827173,-2.1527092361330515,46.84503675062121,0.8935735244303942,0.007282158889393359,4.787081578373909,0.9856250302319647,0.010046749727165207,1.1861193678027449,0.8516837657252444,0.007934657836691098,1.1840373156945916,0.9443734284490347,0.018617052899208127,0.42590146865695716,0.4025613397359848,0.01335703685763306,1.6777639754116536,0.8922294430434704,0.008860443517778548,1.8883644022047519
303,90,PPO_RLlibMacroEnv_2026-10-01_16-34-53b6znlfju,2063.6330235716423,74.75356132059896,16.13170072997753,42.79488713669967,0.7677825277763826,-2.189057706499353,46.84666648538232,0.9147256895899772,0.009063845911009916,4.67496645450592,0.9869776874962654,0.009395314590635024,1.1424651925663911,0.8739553768423539,0.009618727663814464,1.2462804545330095,0.9424114335328341,0.013732624621843792,0.4037073779851198,0.42694043926894665,0.014319751386756391,1.5824310578405858,0.8845116160809994,0.012143725206351671,1.8892209731042384
303,91,PPO_RLlibMacroEnv_2026-10-01_16-34-53b6znlfju,2077.6417026931704,74.8829480548687,16.253226094103148,42.873180118622635,0.765441114820161,-2.2402258041791505,46.87167240293102,0.8814652767032385,0.010758880164667408,4.802908432483673,0.9889641708107577,0.009584069306134084,1.0853137660456302,0.8759225839301,0.007858886035075235,1.1706026875520055,0.9462878227233886,0.01564599545417899,0.3712061448022723,0.4965488355606794,0.013307166557478923,1.6232743069529534,0.9060244228690862,0.010447054431961079,1.929012704640627
303,92,PPO_RLlibMacroEnv_2026-10-01_16-34-53b6znlfju,2092.8135147924936,74.83145747805592,16.360741889018833,42.86794518231372,0.7696852395659854,-2.274710971355787,46.85842632181032,0.8829165160655975,0.010764233891314095,4.662857422232628,0.988836044925946,0.009531217512584097,1.0553930518655437,0.9076132276390172,0.011623751480998826,1.083452873063993,0.9393288612365722,0.014727715929393736,0.3446849251165986,0.43727298378944396,0.0167044593188622,1.4663053341209888,0.8112974844872951,0.012786182403852014,1.8485284313559531
303,93,PPO_RLlibMacroEnv_2026-10-01_16-34-53b6znlfju,2116.5665295862577,73.88755011904396,16.594161468655074,43.123021122040115,0.7746360814934118,-2.2596716207508,46.833792506778934,0.8644667897373438,0.01010022964037523,4.603217342495919,0.9873129393339903,0.009334772609524034,1.0135056600930732,0.8944946584067767,0.008150962686828925,1.107676336433314,0.9362105458974839,0.015877398284647164,0.31615862315520643,0.3739579740911722,0.015187628102398775,1.4157025061547757,0.8498672183603049,0.014600292259274441,1.7536319844424724
303,94,PPO_RLlibMacroEnv_2026-10-01_16-34-53b6znlfju,2140.1979883048157,73.73325916719014,16.76996939122818,43.398624328428205,0.783082565608807,-2.256434202298552,46.83165202385106,0.860373580083251,0.007659976014383929,4.414582154154777,0.9900189102762038,0.009742182495462005,0.9455441936595629,0.8962692130970049,0.011912072279416484,1.1248235734203194,0.9500938396900892,0.015426864322216946,0.30379548352211716,0.2983569908887148,0.018321596890382503,1.3417588666081428,0.9024376049637794,0.009062878474651521,1.8418663553893566
303,95,PPO_RLlibMacroEnv_2026-10-01_16-34-53b6znlfju,2155.0498664463694,73.5659390888431,16.853506250592417,43.192285712561734,0.7953725534254239,-2.2634326585144815,46.8432253627777,0.8022693611681462,0.008928974218747816,4.4452496945858,0.9873200230382044,0.00993899811839045,0.8979511012073974,0.8495597673467843,0.010046423718099013,1.1667367646493108,0.9252783302217722,0.015487842041693761,0.22573691615834832,0.25676218084990976,0.013575625773410297,1.2684917710721493,0.8942263375967741,0.012813169723301598,1.8071223966777326
303,96,PPO_RLlibMacroEnv_2026-10-01_16-34-53b6znlfju,2180.73986829268,72.5583721361047,17.04973370202022,43.72207770314994,0.7943656233375989,-2.151336235581828,46.85924253867128,0.6078383922576904,0.010824893328731378,4.449187132716179,0.9909468412119239,0.010125807585504456,0.818197073050561,0.8820893571346621,0.008773571405902928,1.085890444773662,0.9333469804376364,0.01288687712367414,0.1606477364897728,0.2028424508869648,0.013547315079631517,1.2009799964725971,0.8899425204843283,0.012583466917453734,1.8313635118305682
303,97,PPO_RLlibMacroEnv_2026-10-01_16-34-53b6znlfju,2208.392746369972,71.96421918740451,17.2129809155221,44.16832998255805,0.8053421884536235,-2.065920432171564,46.85847987106683,0.7267618823796511,0.011242961253765674,4.520431250333786,0.9911610302524914,0.009825300306951614,0.7403722481909765,0.9042516192303428,0.009127756374423198,1.0281299062922031,0.9444536168128252,0.021966636114666704,0.1465379166882485,0.044209239259362224,0.01734364179128548,1.1454622864723205,0.892202389612794,0.013978046001921176,1.6093993060290814
303,98,PPO_RLlibMacroEnv_2026-10-01_16-34-53b6znlfju,2233.074138307324,71.46132892808207,17.355799452715733,44.62397534917271,0.8099070747776819,-1.9855791844997364,46.87017159132095,0.826969550922513,0.010249167750771792,4.575945943593979,0.9892029047439432,0.009502284712497078,0.7226998248867168,0.8870237361026716,0.010716643938304758,1.0077369874036766,0.9617159310728312,0.020633834800537654,0.04845461623190204,0.009709564968943596,0.011031268304577865,1.0959617100656032,0.8955043978989125,0.011645101449539652,1.606915468722582
303,99,PPO_RLlibMacroEnv_2026-10-01_16-34-53b6znlfju,2256.3143641865263,70.7276677250648,17.47434279493125,45.278241391842414,0.8167907602928506,-1.912252914171133,46.858168104909076,0.6909531898796558,0.009707295672388136,4.3876811355352405,0.9893086820746674,0.00954267469065975,0.6825162740750901,0.8634836067881765,0.009551770776656495,1.0209703010848805,0.9386380549520255,0.01282364382350373,-0.026236549938039387,0.14842389114201068,0.01232523391995528,1.0769655250012875,0.8997013933956624,0.011901823703647233,1.7699650831520557
303,100,PPO_RLlibMacroEnv_2026-10-01_16-34-53b6znlfju,2269.9285646694398,70.03011805315604,17.581299771883536,45.68059448622939,0.8160898841915639,-1.8618778549100605,46.863037387490266,0.7404950063675642,0.009578644532030372,4.302661091089249,0.9890820796032087,0.009729386525895542,0.6711184386158064,0.8779335200032101,0.00783217908531616,0.9633703353284281,0.9522003278136253,0.011162890869855117,-0.02195714729023166,0.0524234913289547,0.013461537621333449,1.0579883940517902,0.9112953756004571,0.011352677636546248,1.8104092687368394
404,1,PPO_RLlibMacroEnv_2026-10-06_11-57-23jfjljxci,298.05831614019985,60.06309013735576,1.0240332504696044,2.608349096492769,0.5409275098756553,30.56728919989822,37.44054175273356,-0.011910399049520492,0.0077600298070137795,7.12691333591938,0.4800802225402639,0.004277082860989512,5.628226319807994,0.2963836254896941,0.004243133849430941,4.223578299416436,0.08541733361780643,0.0039334424702246905,4.270671007037163,0.14418783150613307,0.006467531320595299,4.2093578457832335,-0.00015515610575675965,0.005348334874361172,4.257178911566735
404,2,PPO_RLlibMacroEnv_2026-10-06_11-57-23jfjljxci,303.9407645394117,64.0741937003631,1.0535880511114706,2.5014246275665637,0.6873532365061377,30.180207112009583,38.60890817494737,-0.010310729593038559,0.00592591892062444,7.1287032753229145,0.6938371814898591,0.005790513406880301,5.5963041985212865,0.558886901064122,0.00964490342407239,4.1280253467154,0.7026407804340125,0.007879904088221682,4.2982600837945935,0.5541642162948847,0.00834475713120356,4.177017775177956,-0.00014606378972530364,0.006045993043403547,4.249904155731201
404,3,PPO_RLlibMacroEnv_2026-10-06_11-57-23jfjljxci,323.08020241881917,65.16969203520185,1.2082690087741912,2.5426764024550894,0.7257716463354354,30.108570873363718,39.13776997836382,-0.006110094487667084,0.005701431264898815,7.135883042216301,0.7339299875629622,0.006502064537726336,5.548511834539028,0.6208558560719136,0.009931757541912941,4.100509287280286,0.7027550682425499,0.012192908160488982,4.234457743167877,0.830073082447052,0.013591126499954953,4.141188752651215,-2.4560838937759398e-06,0.0058715898566561115,4.152873757481575
404,4,PPO_RLlibMacroEnv_2026-10-06_11-57-23jfjljxci,338.80627535435383,66.26445965161324,1.3346973074923612,2.588326559257206,0.7734586056202566,29.89035474456192,39.56613442872529,-0.004657252132892609,0.006965866440918972,7.158989250659943,0.7984893723264818,0.007322504004235677,5.515703391567353,0.7389545527024147,0.011214897118630836,4.063106397074512,0.832567635551095,0.01079360728640497,4.205258396267891,0.9374671787023544,0.0060073327244936255,4.241869571805,-3.690682351589203e-05,0.004616155017788515,4.168854811787606
404,5,PPO_RLlibMacroEnv_2026-10-06_11-57-23jfjljxci,347.73990077959786,66.51293230053977,1.4025824501930886,2.591304996374,0.8037052994420568,29.96538811389762,39.70877095767683,-0.002479760721325874,0.008182501172063927,7.184363210201264,0.785397400663745,0.007064405445617122,5.504665001130873,0.7595612072175549,0.00826714914175559,4.014999341868585,0.8436655204743146,0.013408295726048906,4.214252331852913,0.9699602294713259,0.010918847248308354,4.237579920887947,-1.3979524374008178e-05,0.006941990359973715,4.129265037178993
404,6,PPO_RLlibMacroEnv_2026-10-06_11-57-23jfjljxci,354.79114988684836,67.08393995607709,1.4488788880678718,2.617883046615705,0.860381895917925,29.82833496500713,39.94150160922358,-0.0030932143330574037,0.011570070062293814,7.2428049594163895,0.7976367465978998,0.00686897270219027,5.445929385413178,0.7575251361470163,0.009898137270674515,3.9696247424608395,0.8681363768875598,0.008944309689582064,4.173723375797271,0.9763562712818384,0.006499803532955209,4.1970179438591,7.845088839530945e-06,0.004950362487232951,4.171016436815262
404,7,PPO_RLlibMacroEnv_2026-10-06_11-57-23jfjljxci,367.4998518218604,68.53842532239561,1.5405001852332545,2.6231913767125716,0.9449746300941425,29.46879545728536,40.450745832522486,-0.002459760755300522,0.010709378067826989,7.268497830629348,0.8320209441495559,0.007611456058792429,5.382928524626883,0.7871904680095767,0.010215048574266715,3.896204870469343,0.858742729946971,0.012205965814439423,4.0917332708835605,0.9755419816821813,0.007830668841256768,4.132354785501957,-3.3549964427948e-06,0.006566127341352512,4.127318051457405
404,8,PPO_RLlibMacroEnv_2026-10-06_11-57-23jfjljxci,387.19086951624536,68.80137891708095,1.6939483675908926,2.703524660294491,0.9929035514141407,29.24065600496374,40.7164171170551,-0.0007089506834745407,0.011720649539529443,7.1893642246723175,0.8080784738931841,0.007281301354019597,5.338552483655874,0.7651102391110749,0.010405166725771284,3.8243136992975444,0.8451451946049928,0.0066208291707425815,4.1427635729312895,0.9747485432773828,0.007595657072351996,4.166822409629821,-2.8502196073532105e-06,0.009398859627822276,4.076019951701165
404,9,PPO_RLlibMacroEnv_2026-10-06_11-57-23jfjljxci,383.8985655370004,69.88687265070875,1.6405911235359771,2.702269887031901,1.0395470892553806,28.650930955014065,41.03700841704812,0.0005350787192583084,0.004492845230157672,7.208287942409515,0.7960075826806376,0.00709042629785385,5.361183857290868,0.78186465356801,0.009235660806695835,3.836039927843455,0.8697300512343645,0.012859698647457693,4.07466551065445,0.9661085050553083,0.006309471789785479,4.244561168551445,3.557614982128143e-05,0.006447265866199833,4.0536455258727075
404,10,PPO_RLlibMacroEnv_2026-10-06_11-57-23jfjljxci,387.3869692937782,69.98959175104123,1.6544506427195005,2.73197274785176,1.0598728290748407,28.466388775209225,41.076347448443066,0.17838522233068943,0.011081470702265553,7.239600604772567,0.7971941144789679,0.007766942095660677,5.256804774402129,0.7909398823743686,0.011573488693694855,3.786334104463458,0.8085828017443418,0.008442824835992771,4.105755007266998,0.969364957511425,0.006403239512685843,4.241211649775505,0.00010611973702907562,0.010946465251254298,4.006615015864372
404,11,PPO_RLlibMacroEnv_2026-10-06_11-57-23jfjljxci,388.5107771202205,71.05875009035267,1.65155980495067,2.748728661203138,1.0861482248534964,27.982590113205283,41.371440830000104,0.522964297235012,0.008165428593247323,7.269652661681175,0.79685556690536,0.008011755148327153,5.220739798522875,0.7561001338408544,0.009612937007715608,3.7235465017648846,0.8041895292699337,0.010057278371141365,4.004916331171989,0.9769506670534611,0.008512687832143229,4.257959708571434,0.0806199461221695,0.011827620822555254,3.9762285366654395
404,12,PPO_RLlibMacroEnv_2026-10-06_11-57-23jfjljxci,413.62028638820647,71.74590514647234,1.8395322246270998,2.8781411945331703,1.0739348769325632,27.668016531786066,41.620293614495104,0.62086016908288,0.006879724001464686,7.189418789744377,0.8187929344270378,0.007387356671508627,5.1654122007638215,0.7842319770139239,0.009284707111876959,3.6800708193528027,0.7682615697383881,0.004846201174291309,4.068532937765122,0.9768872335553169,0.008642343887265758,4.226383808255195,0.22345088459551335,0.008732449028457268,4.033974352478981
404,13,PPO_RLlibMacroEnv_2026-10-06_11-57-23jfjljxci,429.6931605892058,72.385897307056,1.9676451519148275,2.9580041314221956,1.0844166946624703,27.465457739406812,41.90131400924874,0.66480861492455,0.009755452370433258,7.141484841704369,0.8401194124779803,0.007790265090190078,5.09589933377436,0.7925262179364801,0.009086012880051767,3.647781178367583,0.7707321386784315,0.018093139637949236,3.9031043156981466,0.9740944147109986,0.005546919361842165,4.193536153435707,0.26265015862882135,0.009780620526339623,3.97461129873991
404,14,PPO_RLlibMacroEnv_2026-10-06_11-57-23jfjljxci,427.06943804044846,73.59433060778923,1.9288323815572361,2.940670379422903,1.1034044361483346,26.81233800739213,42.124612509264516,0.6449028421193361,0.008669909825167164,7.072835382819176,0.8124195175161285,0.008016558628253645,5.139461713837039,0.7591473706938185,0.009298397018000339,3.5643553240794055,0.8297841779887676,0.011334183160761343,3.878973352909088,0.9630233023315669,0.013731294938992278,4.242715695500374,0.2655408181250095,0.010973070801037496,3.949695824086666
404,15,PPO_RLlibMacroEnv_2026-10-06_11-57-23jfjljxci,455.90452914232986,74.2299500651966,2.1847778151418225,3.0435098638418037,1.1242887020934942,26.361724380517607,42.29016027154024,0.7074030186980963,0.008287465566263617,7.01902272105217,0.8331124089094368,0.008147313108690355,5.09494223272167,0.7916198628704723,0.008997904205495164,3.4619800793446176,0.8906231936067343,0.009839983276333468,3.8474656149744986,0.9696308504790068,0.006853575626313102,4.264295279979706,0.21463991031050683,0.008408162345199375,3.8846225649118424
404,16,PPO_RLlibMacroEnv_2026-10-06_11-57-23jfjljxci,470.6721358456656,75.12132607719963,2.31512577081256,3.1199837025462505,1.1502682476808823,25.389141128105038,42.66699370161587,0.6742915499955415,0.010731600589565519,7.002039894461632,0.8169640243867969,0.008416597598406192,5.080642123467669,0.7969865061645586,0.00920047757031725,3.363537354294847,0.8726031452417373,0.008681832249203613,3.8670926719903944,0.9659958641976119,0.006490014679320697,4.316383332014084,0.24818724319338797,0.007588787015947722,3.868972326815128
404,17,PPO_RLlibMacroEnv_2026-10-06_11-57-23jfjljxci,494.46549712313134,76.05651150723577,2.5334736221603293,3.222325967301036,1.1764551555482223,24.227368443523282,42.9249069715506,0.6227231238037347,0.01031254170604263,6.918670171499253,0.8319048472612927,0.007954244779021598,5.00389582068574,0.7714882966667537,0.007678585652685475,3.3539060289477125,0.8028154142200947,0.009994128665857756,3.733531491458416,0.962585287541151,0.006987060089386462,4.255735006928444,0.26825034357607364,0.008957326418362754,3.8438561365008352
404,18,PPO_RLlibMacroEnv_2026-10-06_11-57-23jfjljxci,512.227278808753,77.3875497774156,2.7066717976589825,3.454447614191069,1.1757156726533686,22.33589120045169,43.30722461056086,0.6408604830503464,0.010857368624400069,6.872106546163559,0.837573892986284,0.00808489075692521,4.890020017759709,0.7803337004668308,0.00726787004268257,3.342979767637433,0.7206636231392622,0.010952709714183651,3.6939505651593207,0.9407294899225235,0.006313377819901716,4.216936156153679,0.36146566569805144,0.011802662302568514,3.9241943314671515
404,19,PPO_RLlibMacroEnv_2026-10-06_11-57-23jfjljxci,538.374444292772,77.46254349013662,2.9434359537206123,3.8498503422021684,1.1570360014719083,20.67588815131074,43.53301312967739,0.7564246967434883,0.007725742445177275,6.9368634790182115,0.8765294196032146,0.00795305602243048,4.848405424205736,0.7736479596599288,0.006077659218805045,3.2890840279019398,0.9121549230068922,0.013702613648331478,3.5813541442155836,0.9444187168031931,0.00863364145861854,4.098796778917313,0.2815417662262917,0.01070687685821671,3.8558446779847144
404,20,PPO_RLlibMacroEnv_2026-10-06_11-57-23jfjljxci,584.4792104059728,77.4660550059015,3.3498548657127425,4.5423870531723285,1.110163237261957,19.314897044935844,43.86650588898229,0.7005836706608534,0.01070299413435415,6.814579525589943,0.8754325917016071,0.00828385027698076,4.7939645731592755,0.7542152907567866,0.005757662435787152,3.242494217648226,0.8428892653435469,0.012163375482077802,3.55882086455822,0.9151181083172559,0.007417495924823962,4.083528833091259,0.49761211648583414,0.008594585489447581,3.8120418682694437
404,21,PPO_RLlibMacroEnv_2026-10-06_11-57-23jfjljxci,608.3185506349957,77.7371590024252,3.5861570950786223,5.089649614750779,1.0868270494695622,17.834608665639212,44.07255949755534,0.6804036531597376,0.010501491035850564,6.662298530340195,0.8902808505350759,0.008550874709154322,4.787060605054637,0.816555855368313,0.008195632527117835,3.2104100493380896,0.8884398937225342,0.008658587333206924,3.5808096066117288,0.909606920182705,0.008125333263146252,4.040040551126003,0.4339508268982172,0.01321880058310403,3.6921492978930472
404,22,PPO_RLlibMacroEnv_2026-10-06_11-57-23jfjljxci,644.3423505832461,78.80572502321309,3.864076078582527,5.943908586118224,1.0582186515835936,16.560752135882314,44.385767275468496,0.7821888636797667,0.006852737156563649,6.585393637418747,0.8951780856491249,0.008247746011039026,4.757349313865198,0.7426945170935463,0.00522669473780458,3.2157816907938788,0.9244205243885517,0.010383009357428872,3.5227659791707993,0.9090686161071062,0.004779698479774235,4.005903685092926,0.4371823288500309,0.012609784535470726,3.6939491063356398
404,23,PPO_RLlibMacroEnv_2026-10-06_11-57-23jfjljxci,676.8436395319338,79.23353114679861,4.094770434540468,7.037576147369861,1.0266055128525746,15.279343247821465,44.662252353570146,0.7085701759904623,0.008194278485223094,6.5255729585886,0.8961180532303302,0.008550426858721556,4.683100571539615,0.7762286464490834,0.012191113398743897,3.17820503431208,0.8919863644987345,0.013269285754040539,3.5195429235696793,0.881816865503788,0.00614149514716477,3.9832132026553153,0.292358298972249,0.012195155212180042,3.7465658262372017
404,24,PPO_RLlibMacroEnv_2026-10-06_11-57-23jfjljxci,719.9857705104748,80.19121086817255,4.398606447397744,8.303419131244391,1.0342210166857932,13.955369474922,44.99913864096148,0.7323440361768008,0.009166641709191589,6.424975347518921,0.9105728351233299,0.008216638586731705,4.60503145991892,0.7836785177014909,0.005838955134860507,3.109321849451125,0.875807149335742,0.014394575985215851,3.520339381694794,0.8744263838976621,0.005815866336706723,3.9801816761493685,0.5374680619686842,0.012999704856432046,3.7389320597052573
404,25,PPO_RLlibMacroEnv_2026-10-06_11-57-23jfjljxci,745.63266389308,81.95818197937952,4.569316551190884,9.065332830974357,1.029695047545642,12.855449010927167,45.31977339139187,0.7977733053267002,0.010451847115405243,6.4201167732477185,0.913150594768366,0.008314896145018456,4.5707240079063185,0.8253704205447552,0.00683689021364643,3.035752471288045,0.937817956879735,0.01233610048598171,3.4830020010471343,0.8866661120206117,0.009311157812226203,3.937202717363834,0.6304301522672177,0.010036468336738888,3.676463983952999
404,26,PPO_RLlibMacroEnv_2026-10-06_11-57-23jfjljxci,757.5645266185213,83.34499841042772,4.677186092992134,9.12740249812646,1.0608844343399721,11.781478561383114,45.43983200923763,0.7284908547997475,0.007507974358031788,6.351915636658669,0.9070642356405553,0.008295343795645185,4.519219287589464,0.8217604893075544,0.006093158048848523,3.047922761561507,0.9064411591738463,0.010034265686317727,3.4603000923991205,0.8328207526355982,0.006165716982923233,3.9076725423336027,0.5527945347130299,0.010617600824537077,3.67399355918169
404,27,PPO_RLlibMacroEnv_2026-10-06_11-57-23jfjljxci,794.7500000164466,84.05207250628364,4.9106434275815944,9.989402191052397,1.0508572777179601,10.825681240204105,45.64897117066127,0.799612357467413,0.009110878985552628,6.30832687318325,0.922905307273597,0.008794551779344364,4.400332948570132,0.8154912409090227,0.007186333517924023,2.9886327094416463,0.893666286021471,0.009483014100919718,3.466648182272911,0.7983332313597202,0.008549213073570223,3.950548304617405,0.6650142930448055,0.01049129674188411,3.7310384929180147
404,28,PPO_RLlibMacroEnv_2026-10-06_11-57-23jfjljxci,807.6308194184606,85.0668501569123,5.03228417301488,10.021248504780594,1.0658927400726619,9.746169988696801,45.73184356274449,0.7284873563796281,0.008694411770193256,6.270600512623787,0.903417485227901,0.00777722070796905,4.315563008760785,0.808725998589867,0.007042128384994596,2.9450282428696837,0.9019215758889914,0.017694632345774217,3.3049101173877715,0.776209469884634,0.012808633253189327,4.00240358710289,0.7666660062968731,0.013006478774514158,3.6376201197505
404,29,PPO_RLlibMacroEnv_2026-10-06_11-57-23jfjljxci,830.2819426450344,85.46790032364541,5.241743407034978,10.196461197230796,1.0738489725026452,9.010623398769518,45.814340979230195,0.7090301610529423,0.00969046847280879,6.205458867549896,0.9204161007998523,0.008003785947465087,4.2332458725627164,0.7772918911942517,0.0049209472216557824,2.921365975328239,0.9185200672596693,0.006683258712109888,3.257811541855335,0.7840745452791452,0.0075383812726841385,3.9500664129853247,0.7694876104593277,0.010555415953922473,3.5505164220929144
404,30,PPO_RLlibMacroEnv_2026-10-06_11-57-23jfjljxci,858.2092504607905,85.53283372312576,5.500068751711575,10.543364274439051,1.0696802330068507,7.753723955852678,45.91594351651288,0.8176152814179659,0.015634107750241932,6.1721078097820286,0.9224100029137655,0.007919760792052609,4.1471498823202655,0.7762821029166918,0.007350268562009121,2.931513115844211,0.8886324111372232,0.00674435778073536,3.2637633711099623,0.6964261498302221,0.004338006627699542,3.9321259260177612,0.8255440931767225,0.00876609929185861,3.5202962189912794
404,31,PPO_RLlibMacroEnv_2026-10-06_11-57-23jfjljxci,884.083787602645,85.82684004901895,5.6961063902158315,10.817671235648897,1.0692552904374693,6.9620993615393125,45.9815947769898,0.7948684766888618,0.011999712140289064,6.164256948232651,0.934058967297795,0.008441775469757044,4.05822499599918,0.828176973729298,0.008222454906382813,2.8598917706259366,0.8795638993382454,0.014896488241174732,3.156860686838627,0.7352026179432869,0.009509427887775293,3.8617708325386046,0.7941120214760303,0.012389061275905533,3.5327483832836153
404,32,PPO_RLlibMacroEnv_2026-10-06_11-57-23jfjljxci,920.3418788981767,86.20331474334247,5.932423624155034,11.713030391442745,1.0390429917959403,5.990588353723492,46.1174214992817,0.8386654354631901,0.0079196585539536,6.131309950351715,0.9374548124644502,0.008030087697154012,3.9745436125403724,0.817513534786008,0.007474295736282078,2.8548350337549304,0.8615674268454313,0.010063543800060928,3.114186690747738,0.6341571848839521,0.009138988717563783,3.748514401912689,0.7424814842641354,0.00974162215920847,3.463016203045845
404,33,PPO_RLlibMacroEnv_2026-10-06_11-57-23jfjljxci,938.9833781546133,86.60240400103139,6.0338477784849065,12.223050899132025,1.030224351349306,5.0558864614674315,46.22475191563651,0.8185735654085875,0.006523588267941705,6.112621653079986,0.9375346865898893,0.00814123119336035,3.883328089271067,0.8138449817006268,0.006506984180152609,2.796735203266144,0.8575697533786297,0.013753193951561177,3.012299482524395,0.7061855230480433,0.00853119061030162,3.7097255393862723,0.7186824284493923,0.01041048853169292,3.372173047065735
404,34,PPO_RLlibMacroEnv_2026-10-06_11-57-23jfjljxci,974.0829510336024,85.8484809553589,6.249484577358835,13.380755450325129,0.9984967847362073,4.3883070364436705,46.33770840246914,0.8886138793081045,0.009583398916297045,6.088650032877922,0.9410591198952365,0.0076481153336278515,3.8263166141727414,0.8041898899811964,0.009689097613522445,2.682399721512428,0.8958641223609447,0.014529500529988582,2.8260297060012816,0.6494831021875143,0.010460686205692581,3.6369691357016563,0.8152055848389864,0.014864374361241125,3.429695963859558
404,35,PPO_RLlibMacroEnv_2026-10-06_11-57-23jfjljxci,1002.1764248108468,85.26987976670452,6.4233022589190725,14.520628308912778,0.9855888109614631,3.62415011186728,46.420188279365966,0.8233912386000156,0.010425503241953172,6.0187213063240055,0.9428933907749985,0.007892283364005546,3.745806469949883,0.7827148066527808,0.008579778751205164,2.6246220855570552,0.8870484907180071,0.012685984264135258,2.827372546494007,0.7563292752951384,0.0065261887673842165,3.6121778577566146,0.780575105175376,0.011291955346359902,3.3897305324673654
404,36,PPO_RLlibMacroEnv_2026-10-06_11-57-23jfjljxci,1037.4739090868131,84.31139845499187,6.66670116113826,15.863060198420554,0.9477292533690722,3.2001200581207603,46.535151789997,0.8902035299688578,0.009935871137713687,5.991596132516861,0.9476199540659922,0.008361593644228631,3.6543371480539304,0.8272358042203773,0.00799406864507392,2.629361375711732,0.8822072491049766,0.015879852460420868,2.8377559438347815,0.6469622097909451,0.009394999628580127,3.619169682264328,0.8083224795758724,0.01204242214794255,3.4073635384440424
404,37,PPO_RLlibMacroEnv_2026-10-06_11-57-23jfjljxci,1066.1415206538468,82.9059705147517,6.924213929251192,16.83899792156422,0.9249589580464156,2.6010788453890505,46.58962235449026,0.8837665226310492,0.011535307212125347,5.888112965226173,0.9521217903960938,0.008619951210672057,3.6123398435059317,0.8547882359835409,0.007313511571035838,2.572794760234894,0.8199744880199432,0.011216799175963387,2.734654910862446,0.708645448833704,0.006774012826304044,3.6073545053601266,0.8025527238845825,0.009322062524233909,3.5078125596046448
404,38,PPO_RLlibMacroEnv_2026-10-06_11-57-23jfjljxci,1095.6390062017642,81.73954039445145,7.16990074298995,17.932476672002547,0.9075021098932988,2.0921295875147736,46.626539254300944,0.8788350515067578,0.010810468034196826,5.788800954818726,0.9509382523047535,0.007593278678245969,3.6300360471983253,0.8408052544133002,0.008735048845204908,2.48496870092985,0.8669831123203039,0.013072762720389697,2.6520657002925874,0.7922052294015884,0.010432456460193917,3.5518403872847557,0.8436526544392109,0.01102784366112253,3.489877110719681
404,39,PPO_RLlibMacroEnv_2026-10-06_11-57-23jfjljxci,1130.4854217890063,80.7360514451544,7.468812804826672,19.09668964889268,0.8808521050051791,1.4304246280226338,46.67929977129899,0.9265129990875721,0.007561787747749957,5.819277182221413,0.9571825835424842,0.007819888684729118,3.581332323785984,0.8507392217715581,0.00619198062156472,2.4537418091738665,0.8878017067909241,0.014812751642398325,2.663279490172863,0.8297290481626988,0.010034466484199867,3.6030624702572824,0.8320882905274629,0.011861790821990393,3.5982856065034867
404,40,PPO_RLlibMacroEnv_2026-10-06_11-57-23jfjljxci,1182.8195703335625,78.60319799592135,7.94701235890067,20.926922849835517,0.8563311553411606,0.8113166686765128,46.68643822354078,0.9354842536151409,0.010756717709824833,5.805712077021599,0.9560124707753025,0.008092965858879978,3.5484795894490957,0.8426726679007213,0.005280442521439,2.4243568467597165,0.8800831522792578,0.014322049208658505,2.621460807323456,0.8060144934803247,0.0047071058766221694,3.647191435098648,0.7468558341264725,0.01610036882698302,3.761907458305359
404,41,PPO_RLlibMacroEnv_2026-10-06_11-57-23jfjljxci,1227.1281353162815,77.52835452900952,8.293024939480363,22.726644394200523,0.8109078273214285,0.32744037183290664,46.75363700283018,0.9381669223308563,0.010212473041497106,5.833815994858742,0.957449899170971,0.007623282146552463,3.461562682471839,0.8370189026618997,0.007748785826377497,2.4121415324509146,0.8794645443558693,0.011077726639996484,2.496954047679901,0.8320728551596404,0.007610270207362699,3.6486309692263603,0.7979536220431328,0.016943191243603904,3.6973241224884985
404,42,PPO_RLlibMacroEnv_2026-10-06_11-57-23jfjljxci,1277.3388168417403,75.63105461928492,8.794719564634496,24.73153378509225,0.7970070120383806,-0.5675862595404308,46.71284936911152,0.9316218860447407,0.013586019045851726,5.867837470769882,0.9498591977083767,0.00802365281556699,3.3798754849846437,0.8360703385367836,0.008242660465304991,2.327759983121734,0.877731167152524,0.012943079103251875,2.381586331129074,0.7219729818403721,0.00576591675607574,3.632348781824112,0.7777084439992905,0.011403790569647815,3.652681756019592
404,43,PPO_RLlibMacroEnv_2026-10-06_11-57-23jfjljxci,1320.765469513953,74.91586383736461,9.140577858949,26.794498915622835,0.7899464818066548,-0.9727922497988546,46.72999164605529,0.9259387616068124,0.010311072735339622,5.9227455139160154,0.9509014566973144,0.00757180801198767,3.359957775471257,0.8494774794578552,0.006403316318499396,2.2837296370456093,0.8700996819883585,0.019201284307837442,2.196363815665245,0.7370200511068106,0.009335615441295941,3.583691892027855,0.8311241000890732,0.011052584180288311,3.6976539209485053
404,44,PPO_RLlibMacroEnv_2026-10-06_11-57-23jfjljxci,1354.9869732438121,73.35997793284255,9.450563352344064,28.581849989156275,0.7815103026991688,-1.294408238448823,46.72062236149458,0.950577075406909,0.012408820477640057,5.779456862807274,0.9427009945320282,0.007972342676115435,3.3078969514211516,0.8331772509962321,0.006939917856489804,2.252393768479427,0.8668561171740293,0.011821067925302586,2.271061214804649,0.7733049903064966,0.010732532086541435,3.5263709843158724,0.7785498823970556,0.011937290318678666,3.634668457508087
404,45,PPO_RLlibMacroEnv_2026-10-06_11-57-23jfjljxci,1382.0226740410092,72.80874980204699,9.690834152584802,29.66590619086995,0.7818249711279062,-1.4931816161433218,46.71659485255867,0.9399601008743048,0.011077768612665476,5.66343589425087,0.9574212478848032,0.008410314408104332,3.257431225505033,0.8555070139765739,0.007246793473284925,2.267189110517502,0.8816692251712084,0.008990477086081318,2.3336255729198454,0.8621968191117049,0.011097074504550683,3.4528826996684074,0.8659211482852698,0.015832194447648364,3.588469962775707
404,46,PPO_RLlibMacroEnv_2026-10-06_11-57-23jfjljxci,1394.7527545638836,73.27200254534509,9.845989269894526,29.7408173664209,0.7871877178885274,-1.8495644481208637,46.71809351802367,0.9438508864492178,0.010936996072132558,5.711978176236153,0.9604222150873932,0.008227436210014495,3.1249733907502426,0.8342765901678352,0.010414257938485315,2.1844137460954727,0.9074843145906926,0.013496105258673294,2.2493003815412522,0.890781469270587,0.008942531684613186,3.4902674302458765,0.8043693568557501,0.009227732141425804,3.5615410253405573
404,47,PPO_RLlibMacroEnv_2026-10-06_11-57-23jfjljxci,1415.8739327152832,73.11617825465082,10.170323707454564,30.35121417304306,0.7919655960501351,-2.173230408173208,46.676296780358946,0.9634817246347666,0.009930321187676039,5.741800406575203,0.958099625561181,0.008383339875157488,3.0723830947913524,0.8454570323849718,0.008558158577511677,2.1572575427591802,0.8776043660938739,0.01664455727295727,2.0758722096681597,0.7906693805009126,0.013111822420160082,3.3999807223677636,0.7465685762465,0.010890030922473721,3.5350416496396067
404,48,PPO_RLlibMacroEnv_2026-10-06_11-57-23jfjljxci,1438.4442736143462,73.98148457164187,10.313234605453404,31.02567625927095,0.7969351537017806,-2.2752392785081277,46.665931439720765,0.9408938881009817,0.01068585031603124,5.7687130838632585,0.961319910934813,0.008177107644361489,3.0191790014888333,0.8435381439536117,0.007663440228104668,2.1642349115637844,0.8851675540208817,0.015153505261059866,1.9777089931070804,0.7965554855763912,0.012646314465166661,3.3433142051100733,0.8041967075318098,0.009724694211104178,3.4704694554209707
404,49,PPO_RLlibMacroEnv_2026-10-06_11-57-23jfjljxci,1460.5702900623755,74.03071569611451,10.50330846442575,32.12463157034954,0.788077926064148,-2.2772976286166458,46.67607334774539,0.9497845966368914,0.01215496675472442,5.858549928665161,0.9622288886388266,0.008251877903323266,2.975833006286473,0.8556001345077193,0.008748273750001296,2.1136576307825297,0.8866886034607887,0.016876575983769838,1.9923835836350918,0.8835788980126381,0.008078957507405062,3.3363037437200544,0.8798661828041077,0.008561856554047228,3.4194022163748743
404,50,PPO_RLlibMacroEnv_2026-10-06_11-57-23jfjljxci,1488.080014198975,73.93580931564829,10.758491808967003,33.18639845358965,0.776111175778765,-2.2713098742257225,46.68077631934869,0.9515157479792833,0.009593653134902524,5.7602708518505095,0.9575325503548919,0.008242388938934099,2.9087605152891274,0.864580641513647,0.009774383210788074,2.0554584194061367,0.8894568953663111,0.012634053216243163,1.8977877005934716,0.7317284841090441,0.00937415162125041,3.328822848200798,0.8304271321743727,0.011650445037025748,3.360988552868366
404,51,PPO_RLlibMacroEnv_2026-10-06_11-57-23jfjljxci,1523.4367633855502,72.5320989248773,11.106888736398073,35.18445347756977,0.7650819632602803,-2.160146540730928,46.670312538231286,0.9586749747395515,0.009646556223424512,5.722439330816269,0.9684521626186888,0.00828685269492268,2.8623396270491526,0.833061443567276,0.15020255862495105,1.8541125710308552,0.9101801760494709,0.013507255321747033,1.7976020477712154,0.8373250339180232,0.01142516855925357,3.228270576894283,0.8473818834871054,0.011120138965361612,3.32067776620388
404,52,PPO_RLlibMacroEnv_2026-10-06_11-57-23jfjljxci,1557.5248273013103,71.80434723230192,11.403071469587998,37.019957737956794,0.7507388003564553,-2.33592595123187,46.66099822539873,0.9627570755779743,0.011174684308389433,5.658419179916382,0.9669788772434973,0.008546401436475795,2.7989116580735502,0.8007901707116295,0.0049279759528101695,1.9285316642592936,0.8855228316038847,0.010775307542371593,1.7803040795028209,0.8654040697962045,0.011546842275868194,3.1397190630435943,0.7882537167519331,0.013434023967101982,3.2760217517614363
404,53,PPO_RLlibMacroEnv_2026-10-06_11-57-23jfjljxci,1576.9911537460512,71.6324532927079,11.47427484152762,37.58051069804341,0.7535340101214519,-2.726950615739455,46.65895234942911,0.9527406129986048,0.011494304028428815,5.608678877353668,0.9662687742875682,0.008306450714343678,2.717687553572066,0.8608629840751026,0.007266529428312263,1.891288398448811,0.8747516933828592,0.012820185189457333,1.6880675002932548,0.8445084106177092,0.015903089793096115,3.0673951625823976,0.8136975169181824,0.014007540115108057,3.262446682155132
404,54,PPO_RLlibMacroEnv_2026-10-06_11-57-23jfjljxci,1611.5593098664865,70.56311932593536,11.831386154515494,39.28667176006596,0.7351280080247574,-3.44961195526308,46.70295881071912,0.957548363506794,0.011754063681394391,5.547065609693528,0.9692007341888156,0.008510483108409975,2.6544966220131587,0.868117168361758,0.007077562725112892,1.8289081797187712,0.8903042756021022,0.012242599669548326,1.6267898961901666,0.8498934883624315,0.008123269751501993,3.054045484960079,0.8357419975101947,0.010971310533477746,3.3190498039126397
404,55,PPO_RLlibMacroEnv_2026-10-06_11-57-23jfjljxci,1637.8308154232616,70.06582636515982,12.048139666283335,39.945138541580974,0.7372433348504799,-4.090863043772691,46.72655065965061,0.9674652244895696,0.009187725602987692,5.622056409716606,0.9748617629302996,0.008466997772859308,2.5396978155846166,0.8695254095542578,0.005803301096452349,1.8384948465559217,0.9014971386641264,0.011926545828464573,1.6027983710169793,0.8531315416097641,0.010083691691852498,2.998048357665539,0.8569849081337452,0.017959026076914672,3.2352550357580183
404,56,PPO_RLlibMacroEnv_2026-10-06_11-57-23jfjljxci,1661.81785533206,69.47468573258105,12.312640499016394,40.96398877285684,0.7284936876326299,-4.539928817549615,46.73020773401943,0.963838018849492,0.011345033258692377,5.507011476159096,0.9587204585345789,0.008061918686277862,2.482450577550041,0.8382920870298072,0.008187610293697606,1.7918409017067922,0.8813827153295278,0.015563315037297798,1.5639818593859673,0.8490973208099604,0.009061040057758957,2.984279139339924,0.8363997813314199,0.013461849454961417,3.199485571682453
404,57,PPO_RLlibMacroEnv_2026-10-06_11-57-23jfjljxci,1671.5934289606882,69.59377145212947,12.497773523115375,40.90508189914882,0.7265330202571322,-5.176083804313425,46.72125937770611,0.9619302369654179,0.010941596633165535,5.365626844763756,0.965151313333949,0.008565096547394941,2.4568168250065816,0.8293223833596265,0.010620130776061611,1.7355985198491886,0.8931329786777497,0.011272086362805708,1.570663695782423,0.9048827391117811,0.0097217166382962,2.9368342965841294,0.8563025802373886,0.010542517881367609,3.091921699047089
404,58,PPO_RLlibMacroEnv_2026-10-06_11-57-23jfjljxci,1677.0492556562344,69.93589282602225,12.574203461139952,40.97607957918127,0.726398248145516,-5.589787897565454,46.731971107596976,0.9575226079672575,0.010200649746752787,5.3227423399686815,0.9654611301264655,0.008132633764079427,2.4531218102113534,0.8552547227591276,0.02019194544293157,1.6961492437124253,0.8703922454267741,0.011825862622572588,1.5200881317257882,0.9068022631108761,0.007622473917103965,2.938074190914631,0.8290862530469895,0.010694526366080558,3.0440162509679793
404,59,PPO_RLlibMacroEnv_2026-10-06_11-57-23jfjljxci,1692.6208287631275,69.35601759540786,12.828744058747988,42.08158760357144,0.7155255348326088,-6.08640838459765,46.732055457911194,0.9633908700197935,0.011297432123638172,5.330332577228546,0.9660697311814874,0.00838705825401945,2.4145317179709673,0.8455412696433973,0.008090983615859184,2.1213584504550016,0.8735301908105612,0.014494367104725975,1.4549826614558696,0.9184476137161255,0.01929374618850951,2.979754753410816,0.8311556622385978,0.0075212568732241315,2.9866814211010935
404,60,PPO_RLlibMacroEnv_2026-10-06_11-57-23jfjljxci,1703.9035779082901,69.21188328890383,13.022102379437351,42.21992528691871,0.7257814182322035,-6.739896039275072,46.698598886776225,0.9707009114325047,0.009932398557885105,5.343577954173088,0.9698308387861896,0.008201517363616032,2.3325524223094085,0.886438594211506,0.009252013942299344,2.1071819439718995,0.9020583461970091,0.01211127456608678,1.4491167828440665,0.9713874973356724,0.014771517854023924,2.9281305491924288,0.8370873458683491,0.01193068350199269,2.8772705242037775
404,61,PPO_RLlibMacroEnv_2026-10-06_11-57-23jfjljxci,1703.6135339060677,68.57938652177683,13.160406245304602,42.28472104451709,0.7163226540946613,-7.270226130607093,46.63040103945612,0.9684109445661306,0.008491667265616577,5.389054542779922,0.973939547303589,0.008458023456813029,2.2624940863206278,0.883690217401408,0.009784980784577416,2.108079535900792,0.8834425002336502,0.015465153122750213,1.4718302316963672,0.9470547664910555,0.007849548852812034,2.9479858726263046,0.7097775906324386,0.014174217354161555,2.829957756400108
404,62,PPO_RLlibMacroEnv_2026-10-06_11-57-23jfjljxci,1711.6422450321948,68.90178446709814,13.208067039480891,42.19948811871537,0.723734102108956,-7.816505493324586,46.60251392144112,0.9475380413234233,0.011285940300263064,5.415113452076912,0.9618507971499118,0.007348992126740562,2.1989260771253933,0.8399401500255247,0.0073944494852898794,2.0686123710644395,0.8706156298518181,0.012396238520523331,1.4832612305879593,0.9226376734673977,0.00699417507034931,2.8352444037795066,0.7613741222769022,0.015038080766589792,2.7914683863520624
404,63,PPO_RLlibMacroEnv_2026-10-06_11-57-23jfjljxci,1731.925319790172,69.05201972931353,13.342436906854157,42.47942730254883,0.7321114269241762,-8.146994939113817,46.587931924882476,0.9655216202139855,0.010966991899386118,5.391453269124031,0.9649331974192253,0.007977830372186797,2.1573094743499635,0.847481571212411,0.007390032690232147,2.1014440301060677,0.880494087934494,0.01543045913313123,1.3861411817371845,0.944465845823288,0.01297754954080128,2.7761181488633158,0.8172221127897501,0.010862016506507744,2.746338237822056
404,64,PPO_RLlibMacroEnv_2026-10-06_11-57-23jfjljxci,1756.3930080984023,69.26554152932023,13.587001954010685,42.81388917833186,0.735313387989962,-8.418982792303142,46.592576169585236,0.9601449068635702,0.011508842914622855,5.368689852952957,0.9689339072115696,0.00797973441881467,2.082654339483594,0.8823631442800353,0.008236783808664584,2.0234739926796923,0.8741461854428053,0.015427064237883464,1.3162649273872375,0.9411605186760426,0.00981186828884129,2.7345125302672386,0.8024767696857452,0.012068673688645504,2.6954231813549994
404,65,PPO_RLlibMacroEnv_2026-10-06_11-57-23jfjljxci,1788.981304291187,69.80389874585524,13.797145605629602,43.220945669733446,0.7460333036372336,-8.345422986494244,46.62035648911119,0.9528839617967606,0.011748748903437653,5.335466957092285,0.9753061031093894,0.008133603760142737,2.033593262461729,0.8791320460506632,0.013878243749878737,1.9837657078911985,0.9068167883902788,0.014061678577127337,1.1830831252038478,0.9210822261869908,0.018546431056262327,2.834443336725235,0.8482513960450888,0.010698675697585817,2.6809024304151534
404,66,PPO_RLlibMacroEnv_2026-10-06_11-57-23jfjljxci,1825.6980147324182,70.2258288239732,14.00679220849323,43.588691827323366,0.7456424309835061,-8.204874116669309,46.650029610959336,0.9514020498842001,0.009890883673051807,5.322351881861687,0.9647739934993897,0.007917844733530419,1.9798303866604314,0.8394477816322182,0.009675916429482697,1.9193730807002587,0.9069938991218806,0.013711527872874468,1.251784408837557,0.9156658314168453,0.017172360574522826,2.898980087041855,0.839458292350173,0.009426199522363277,2.602419938147068
404,67,PPO_RLlibMacroEnv_2026-10-06_11-57-23jfjljxci,1853.2178596108422,70.77154304683727,14.192638664560857,43.837447715187785,0.7597451404658233,-8.197151263595247,46.66575367622312,0.9649578679352999,0.012810658284433885,5.37460724413395,0.9748832017372225,0.008676265356006919,1.8804298259376913,0.8548041287102277,0.019313597241384567,1.9065084830115113,0.9214368648827076,0.013930004723352055,1.0840415254235267,0.9329241294413805,0.01377330369367095,2.8643571585416794,0.9077089697122573,0.012856445273382634,2.5484387442469596
404,68,PPO_RLlibMacroEnv_2026-10-06_11-57-23jfjljxci,1876.372061648242,71.31139002888598,14.407672408875824,44.04053751908337,0.7676071428166522,-8.261150761883055,46.680081212960566,0.9659325122833252,0.010684601313278322,5.28432763516903,0.9642427196665545,0.007635785642886673,1.8351936674288476,0.8314276287072822,0.007994934427763757,1.8589761234536957,0.8889515664428472,0.01474033990853077,1.2609097100794315,0.9500290375202894,0.009239839476413266,2.795254811644554,0.8545776788145304,0.012538607695478387,2.4614389151334763
404,69,PPO_RLlibMacroEnv_2026-10-06_11-57-23jfjljxci,1892.0499043345487,72.12882260684127,14.519441944757665,44.228383731062095,0.767805946787675,-8.384392735546077,46.71059557632159,0.9482297908514739,0.011469850055675579,5.081149154901505,0.9672648428802089,0.008008238361059936,1.7970796089105465,0.8496446272240409,0.006017117539796588,1.8069930192790453,0.9094927448779344,0.012693534221830305,1.1356174152344465,0.9460033066570759,0.009444296494541505,2.7335999473929404,0.9009643293917179,0.008956756116640572,2.5839593544602395
404,70,PPO_RLlibMacroEnv_2026-10-06_11-57-23jfjljxci,1904.3129133882176,72.06043658951083,14.618443881248307,44.33427388883413,0.7789698285917871,-8.517696861819397,46.686143292309744,0.9528757937252521,0.012360566907545945,4.909036704897881,0.9721680938872845,0.008252205820291,1.7840832543280338,0.8630496014522601,0.007669424777189687,1.841505119770388,0.9170237012207508,0.016293060075804756,0.9370105337351561,0.9562068972736597,0.007806000924210821,2.743707258999348,0.8223590638488532,0.008634630161395861,2.52373775690794
404,71,PPO_RLlibMacroEnv_2026-10-06_11-57-23jfjljxci,1911.8324424152906,72.00708553422452,14.738536232541145,44.431839641406015,0.7843075331258765,-8.700790771634992,46.64109301097658,0.9440061498433352,0.00923264773018698,4.919953474402428,0.9672669688215204,0.008286220986445627,1.7545721321998413,0.8679806297338462,0.007058813289814346,1.8732563936257665,0.8706432424485684,0.011553876656762671,0.9612725600600243,0.9322238896042109,0.012152158450692337,2.7304576873779296,0.7782950285822153,0.011185242335477597,2.554725284874439
404,72,PPO_RLlibMacroEnv_2026-10-06_11-57-23jfjljxci,1922.9258758348763,72.38853513274526,14.926792519164914,44.539067403802115,0.7854825079563094,-8.917254030234012,46.57132086625785,0.9440111584961415,0.01154185972968684,4.957751876115799,0.972178607976731,0.008016534650171448,1.760221955134177,0.8710049873665918,0.006669792375557531,1.8539599272269236,0.885938873142004,0.023712048519519375,0.7486309126019478,0.9525088325142861,0.008043793746446776,2.780498193204403,0.8898466043174267,0.01130947532053608,2.618265654146671
404,73,PPO_RLlibMacroEnv_2026-10-06_11-57-23jfjljxci,1943.215899608977,72.36597388368668,15.07869290317442,44.87542941132837,0.7868191974926976,-9.042741958860585,46.589709799448144,0.9474745217710734,0.011146719891303291,5.131850031018257,0.9715643047325847,0.008065222906267678,1.6681524982671407,0.8555463320846799,0.00811843321897396,1.7687801999381827,0.918312905728817,0.01829555500862625,0.8433416955173015,0.9328936912119389,0.009610570598852158,2.754115715622902,0.8921952869743108,0.015771752063301503,2.4882029831409453
404,74,PPO_RLlibMacroEnv_2026-10-06_11-57-23jfjljxci,1964.0058025939427,73.0117882818846,15.209956922446295,45.23973781995399,0.788709655243045,-9.164561869723938,46.622285469838154,0.9476045038551092,0.01014155568746013,5.018903774023056,0.9780479092895985,0.008748647932012545,1.6536511287558824,0.8846001113517374,0.011304401741663356,1.7583876950831352,0.9282647300511598,0.016121453809978446,0.7954961001873017,0.9250015895813704,0.010308574084058459,2.6808546513319014,0.8923275880515575,0.010899862699534534,2.5915853813290597
404,75,PPO_RLlibMacroEnv_2026-10-06_11-57-23jfjljxci,1992.9108288302502,73.04586711502648,15.418173219183863,45.65173894229744,0.7963633275689319,-9.257072774237765,46.63413603943458,0.9246644034981728,0.013349069271680744,5.04387695491314,0.9778142076977336,0.008329367637583726,1.6100459674296204,0.8690620376914739,0.02480549785997482,1.6820203578472137,0.9271820954978466,0.01690801202821624,0.8423573944717646,0.9584419045597314,0.011467434061114647,2.6955418795347215,0.8957509238272905,0.010255323314231745,2.62249613404274
404,76,PPO_RLlibMacroEnv_2026-10-06_11-57-23jfjljxci,2018.958365810245,73.66253732025686,15.60716204491358,46.14368201891048,0.797773953699853,-9.23530906943622,46.65645630816394,0.9518036130815745,0.013174803258488304,5.033300897479057,0.9729514741543404,0.00822358407245336,1.5868818004118268,0.8680130512654027,0.008629927969658512,1.6635948392409312,0.9185206405818462,0.017055911019270054,0.803226375207305,0.9328787177801132,0.019885167149800608,2.5573611214756964,0.8340491611510515,0.01064305517102195,2.483590531349182
404,77,PPO_RLlibMacroEnv_2026-10-06_11-57-23jfjljxci,2039.8942233512082,74.00497793690441,15.72009393806686,46.4857367719393,0.7926909390008764,-9.285859717229904,46.70554550213009,0.9538040596991777,0.011142796049489334,4.9722972989082335,0.9789639359689587,0.008395974716811654,1.5806024908927416,0.8639558374881744,0.00864538151369248,1.633813540543182,0.9270865026861429,0.015784816900486692,0.7960565544664859,0.9246050342917442,0.014795511993929821,2.568327695131302,0.8609336003661155,0.010481999082185316,2.5287464916706086
404,78,PPO_RLlibMacroEnv_2026-10-06_11-57-23jfjljxci,2074.5621510939277,74.28651986589188,15.89796211417581,47.06544061530072,0.8051298960869905,-9.281743859163656,46.753661351247686,0.9549528911709786,0.010472428716957709,4.84707462489605,0.9786343650367748,0.00825879839558337,1.5539363177849161,0.880910696938068,0.007229953927339863,1.5855085940300664,0.9032548308372498,0.016326377698351525,0.6846094397827983,0.9418689910322428,0.015147746868876766,2.5174267157912253,0.7974603313952684,0.013998786919955925,2.57752178311348
404,79,PPO_RLlibMacroEnv_2026-10-06_11-57-23jfjljxci,2093.2014342341076,75.46409943588137,16.01778544569972,47.31407620874854,0.809548737172081,-9.130866263031715,46.76060758949891,0.9396247386932373,0.0078036486905833065,4.9207404285669325,0.9791199251904537,0.008351087069174474,1.4769995994825118,0.8718274286276178,0.010409750985615312,1.5706702357606044,0.9376112874597311,0.013712484716598064,0.7423485811799765,0.92550413236022,0.012856570456733715,2.5253555566072463,0.9006483744829893,0.01553923290848625,2.612421716749668
404,80,PPO_RLlibMacroEnv_2026-10-06_11-57-23jfjljxci,2104.0807320892122,75.36862657047378,16.169404837491516,47.396761609127886,0.8185693087159849,-9.038828228923881,46.71110439313659,0.962789548188448,0.01274316371191162,4.690541818737984,0.9764071035310742,0.00814028554856511,1.4557184122374947,0.872306998998304,0.00787881807322541,1.4914448007752623,0.9169509783387184,0.016223373137177078,0.5508794026449323,0.9184470269829035,0.012575381853548607,2.4710554510354994,0.8577645987272262,0.017538265494658846,2.413202142715454
404,81,PPO_RLlibMacroEnv_2026-10-06_11-57-23jfjljxci,2112.6272939211026,75.79144260750577,16.288093498651943,47.509057063166836,0.8223359736847938,-8.797406448575959,46.685610203367474,0.9520271085202694,0.012917521420786542,4.679835835099221,0.976804474108928,0.008510227972436737,1.4008046923364912,0.8738769437693342,0.008362377144837837,1.416571925108946,0.9311719231307507,0.017637151617009295,0.5820374893024564,0.9067382518202066,0.013780422411264325,2.3418630331754686,0.9013240162283183,0.011158828154475598,2.4468365982174873
404,82,PPO_RLlibMacroEnv_2026-10-06_11-57-23jfjljxci,2137.824745930143,74.94653739066219,16.453934021340686,47.84603129786133,0.8277759313059593,-8.601979696025083,46.66403252007176,0.9480869356542826,0.010156835183875314,4.726446512341499,0.9727224474415006,0.008775117713592934,1.3677639694647354,0.852629055252558,0.010268949874598202,1.3447355027440229,0.927077192440629,0.019558439977118054,0.6013324880972505,0.8962381403893233,0.010456517019156416,2.2915962517261503,0.8938653662800788,0.00723374181397971,2.2999680608510973
404,83,PPO_RLlibMacroEnv_2026-10-06_11-57-23jfjljxci,2168.2724904894167,74.5893870205229,16.675666191581662,48.25379045605221,0.8345763309739617,-8.371420297787163,46.639053482859005,0.9500364046543837,0.010509299858404422,4.731546890735626,0.9801345824215126,0.008706777238389373,1.3504470541314773,0.8617383299749108,0.00830155306686743,1.293523206740995,0.9425836935639381,0.012180991779041505,0.6614717703312636,0.8814837239682675,0.014717516278483455,2.193084119260311,0.8789556663483381,0.014049873128169688,2.366957239806652
404,84,PPO_RLlibMacroEnv_2026-10-06_11-57-23jfjljxci,2210.3576450657492,75.26173883736745,16.933910686799813,48.80909906365005,0.8405081074148189,-8.16662413750313,46.65339333866307,0.9317764364182949,0.011233585287391486,4.687663847208023,0.9839112731825803,0.009041173006228387,1.2612702084775171,0.8826756167260906,0.007789386272402743,1.2900735363175597,0.9512474250048399,0.015652074846002745,0.7120426267385482,0.9077500998973846,0.024404647535811938,2.1423040300607683,0.9206040129065514,0.013998243087189726,2.4377070024609564
404,85,PPO_RLlibMacroEnv_2026-10-06_11-57-23jfjljxci,2250.504602880309,75.16103712551067,17.212397300810483,49.327868441215216,0.8443440363791284,-7.992437315061274,46.61958909044801,0.941511482745409,0.011887070306551381,4.693280521035194,0.9829610776779507,0.00854013252473797,1.19139189142368,0.8641551582119132,0.007571405305120434,1.2549659181244766,0.9249510545283556,0.014467945658862178,0.6685289345681668,0.8205672144889832,0.012694174948956189,2.143866901099682,0.8681065086275339,0.017382484324116477,2.30230727493763
404,86,PPO_RLlibMacroEnv_2026-10-06_11-57-23jfjljxci,2298.425006248089,75.4986126269751,17.49290207699213,50.03315577056138,0.8476680304053424,-7.863095294305315,46.63543350380958,0.9062230374664069,0.00967565466958176,4.5740083992481235,0.9845523287128,0.008607448951514694,1.1052580301948622,0.859378572204445,0.009226304045554159,1.1788174048254763,0.9278480004519224,0.017489198694966283,0.5615274801850318,0.9081961758434772,0.015087407624150848,2.069884443283081,0.8941381309181452,0.009054206578366702,2.2679237127304077
404,87,PPO_RLlibMacroEnv_2026-10-06_11-57-23jfjljxci,2347.625990619173,74.98964236625488,17.78174611561903,50.73979708848779,0.8569531510181957,-7.614246857544944,46.5863138486096,0.9163668785244227,0.009795727290111569,4.455896553397179,0.9793668355815899,0.008567144451095226,1.1193104950537593,0.8479668255848221,0.007179174422671616,1.2209061711649352,0.8741993673145771,0.018138751120750602,0.7200179491192102,0.8410980638116599,0.015272744708022538,2.043333790451288,0.8127243496477604,0.015691705688368647,2.363141690194607
404,88,PPO_RLlibMacroEnv_2026-10-06_11-57-23jfjljxci,2382.7361712238517,76.55287008737936,17.92420150286772,51.311894197964286,0.8572778417867856,-7.503672911341392,46.60875271467844,0.9141256168484688,0.008267966642870573,4.513987052440643,0.9845406709364587,0.008647239437799102,1.076342684624751,0.8266631710378429,0.00911794103657374,1.1446455558644066,0.9377774640917778,0.012743748108914857,0.6028670642524958,0.8407802939414978,0.013389885020865355,2.0386336006224157,0.9063653785735368,0.010261032062476394,2.3449759900569918
404,89,PPO_RLlibMacroEnv_2026-10-06_11-57-23jfjljxci,2418.29388281417,77.56102648039344,18.17227115715874,51.686626394693185,0.8524481690504244,-7.503732182302787,46.56945302049435,0.8578408505767584,0.008878885308604674,4.417578664422035,0.9836353032000773,0.008566755693654074,0.9866825249233941,0.7629067390025417,0.008402859103918235,1.0581457221809822,0.9302952844649554,0.012827781328087684,0.5420957330614329,0.914712668210268,0.032576365973864235,1.964240189641714,0.8974529702216387,0.012225424445364402,2.347129303216934
404,90,PPO_RLlibMacroEnv_2026-10-06_11-57-23jfjljxci,2447.7721213089562,78.167083042814,18.375255296552712,52.049474242378984,0.8437075504671883,-7.462556616939863,46.555264622955676,0.9092266332358122,0.007588941749077094,4.388263103365898,0.9857363185866075,0.00874667995745875,0.969420621635179,0.7806844424597824,0.008469911931742985,1.081665664081332,0.9216399524360895,0.01467435621216282,0.46750495918095114,0.9122009444981813,0.010476645835842803,2.0063594333827495,0.9153011750429869,0.009564256939302258,2.3679716676473617
404,91,PPO_RLlibMacroEnv_2026-10-06_11-57-23jfjljxci,2470.9022590908007,78.9250614981177,18.535824165915624,52.29825964285421,0.8461546239409397,-7.393445041651781,46.562940364161115,0.9363914296030998,0.00954010850634889,4.509921139478683,0.9850217705505085,0.008434625785186462,0.8898823649046814,0.7659380475177041,0.008759879851433791,1.0954582555384575,0.9360080070793628,0.01552979985935988,0.30653779301792383,0.8532443258911371,0.012593135879296979,1.9979211427271366,0.9386904988437891,0.01040049399989596,2.400933200120926
404,92,PPO_RLlibMacroEnv_2026-10-06_11-57-23jfjljxci,2487.9709674151713,79.93337061353233,18.691244057065784,52.4386108930284,0.8446087483245027,-7.3082916746389746,46.55266979378282,0.9249991871416569,0.011665628091714422,4.42661275267601,0.9800535761068659,0.008735431050156,0.8576120260457356,0.7234773643409149,0.008545228669125991,1.0989345653147637,0.9192000519484281,0.014061006448321223,0.23696096062776634,0.8993627499789,0.016748996367459766,1.9257946446537972,0.9206393666565418,0.010857935212698183,2.3943266749382017
404,93,PPO_RLlibMacroEnv_2026-10-06_11-57-23jfjljxci,2496.610276137711,81.13252384805156,18.84745427666123,52.42055343908446,0.844943157776704,-7.612675895404945,46.589195247077875,0.9353672690689564,0.0127161222626913,4.337035536766052,0.9809060047290593,0.008777299459024484,0.8477532813741742,0.6650584013401708,0.008729881791658022,1.0424992352346831,0.8998778015375137,0.016314721314120366,0.20885859748959773,0.9213766705244779,0.02150176193354144,1.8080230928957461,0.924990625306964,0.01026447473927885,2.3218018427491187
404,94,PPO_RLlibMacroEnv_2026-10-06_11-57-23jfjljxci,2516.5389926824537,81.75338178593859,18.99393356038184,52.58224054418987,0.8585829285607974,-7.809294558266189,46.56613831680917,0.8972414817661047,0.010124656520179404,4.2925232470035555,0.9821721754643237,0.008256909828864543,0.8607436255179203,0.7149389002896562,0.006670910298100951,1.0403111220160617,0.933019295707345,0.015652304640389286,0.3879584423266351,0.939896835014224,0.008594026212131211,1.7940704919397832,0.9242786645889283,0.012498799433456043,2.39805878251791
404,95,PPO_RLlibMacroEnv_2026-10-06_11-57-23jfjljxci,2540.3199407068846,82.73726344467055,19.127327102655183,52.91140252099439,0.8743496745015744,-7.966717771496308,46.57227426629219,0.9007211152464152,0.008613901615308664,4.292169907689095,0.9853526447951062,0.0085207814075072,0.8418866443076383,0.7172374781173996,0.008060219923402348,0.9826380663280245,0.9414243496954441,0.01509696391440255,0.5046479620039463,0.9489776860922575,0.015570941423993817,1.7364922128617764,0.9597592849284411,0.013750921170503833,2.4385376825928686
404,96,PPO_RLlibMacroEnv_2026-10-06_11-57-23jfjljxci,2574.488194847891,84.01520621273748,19.37764021213003,53.322952023888675,0.8953967123566493,-8.049897672204137,46.57134836214338,0.9051591914147139,0.011234467535405513,4.232495611906051,0.9873265866789959,0.008517324545234864,0.8094515941333158,0.6526841284353522,0.007555907646212889,0.9297209118740468,0.9212535452097654,0.018952414284285853,0.3391450059134513,0.9496065951883793,0.015167477293016578,1.6666893273591996,0.9620458900928497,0.012223724890191202,2.4939421832561495
404,97,PPO_RLlibMacroEnv_2026-10-06_11-57-23jfjljxci,2613.580171447521,84.70073157024774,19.722975556722602,53.58541452217481,0.903039752451317,-8.294835448608925,46.55096649775923,0.8933473140001297,0.011898819375346942,4.441946616768837,0.9777591440841543,0.008742114626364827,0.6925355228731672,0.5779176850862141,0.007608838498151582,0.9746752170822288,0.9430793628096581,0.015175174696924221,0.35794813456013796,0.9340518482029438,0.01570723284048654,1.7294026456773282,0.9584761273115874,0.009058306904262282,2.475194884836674
404,98,PPO_RLlibMacroEnv_2026-10-06_11-57-23jfjljxci,2645.6986051777044,85.5994323268849,19.853174542769658,53.83633881811721,0.907866328023985,-8.50847885583364,46.57250290168412,0.8718323703855276,0.010239691786864569,4.339809572696685,0.9811704684332778,0.008591052050133142,0.6268849903025301,0.6192026301275326,0.006539939153861016,1.0103437974483152,0.9098133858293295,0.017857487962555752,0.338593456055969,0.9411562211811543,0.010872398342917223,1.6894083231687547,0.942073468118906,0.014579649361439928,2.319253236055374
404,99,PPO_RLlibMacroEnv_2026-10-06_11-57-23jfjljxci,2693.8056938444533,86.25369610769471,20.118257030070023,54.205586567156786,0.9061199051724858,-8.666894182816613,46.578703774324886,0.8494526959955693,0.010328958794969234,4.225992050766945,0.9812028107277764,0.008988417217519473,0.593922902505038,0.5795547724524631,0.008521917418978706,0.9295671410952943,0.9505971889942885,0.01355682567882493,0.3082772676832974,0.9587130062282085,0.013714042468245851,1.5903546825051307,0.9624022293835879,0.011267205297190361,2.40747342556715
404,100,PPO_RLlibMacroEnv_2026-10-06_11-57-23jfjljxci,2725.6858112926448,86.8989755698489,20.401713856658553,54.24033877894469,0.8936659600443604,-8.768789616171812,46.60462874662903,0.7910209752619266,0.009093450472392156,4.237985390424728,0.9826413132152351,0.00882431342245702,0.48434544000990704,0.6280405209034304,0.008474537162388354,0.8770955102353156,0.955876924470067,0.015890436936024627,0.20049839832354338,0.9744193784892559,0.014041835962041394,1.4936706818640233,0.9490361511707306,0.02232609331190373,2.314553402364254
505,1,PPO_RLlibMacroEnv_2026-10-06_16-50-44if2w9n0_,367.6352187574254,60.71800591226105,1.6740570349725747,2.762157957379396,0.6549839417901111,30.33351717241211,37.76876604423864,-0.013635196536779404,0.005135467195668752,7.1147610455751416,0.5114181175217694,0.0043163401647397385,5.661217543330209,0.4385428712811581,0.00745134379691715,4.217938282323438,0.151459252089262,0.00883435460164037,4.191156440973282,0.128959247097373,0.009387226914896019,4.238766598701477,4.4218078255653384e-05,0.002746239741281897,4.18260468840599
505,2,PPO_RLlibMacroEnv_2026-10-06_16-50-44if2w9n0_,301.63658866434855,63.38515118567194,1.0229988718222653,2.5290029703268044,0.7609856435073141,30.60421273707717,38.341884096464646,-0.006648722663521766,0.0031515614736150723,7.08331746160984,0.6658571083399715,0.006446153202062658,5.643520729532047,0.6488500774908467,0.007352842877403915,4.172168177115817,0.6980959650129079,0.006937599749281283,4.182895940542221,0.4763544168323278,0.014339676127474391,4.232166954874993,-7.809028029441834e-05,0.004999681504716591,4.140726998448372
505,3,PPO_RLlibMacroEnv_2026-10-06_16-50-44if2w9n0_,323.07684648326085,64.7258168525433,1.1973822388893633,2.5577536222960617,0.8210226538925709,30.809749776102105,38.976121926961234,-0.00566430613398552,0.007560506177843251,6.977973824739456,0.7495414814038005,0.006697638004043256,5.608891837499975,0.6726197140848534,0.007080532449780409,4.124433587351416,0.8095228701829911,0.0075066329450464864,4.146709582209587,0.7861682295799255,0.013176444902092072,4.227026426792145,-1.1039525270462036e-05,0.004883878364512396,4.152811130881309
505,4,PPO_RLlibMacroEnv_2026-10-06_16-50-44if2w9n0_,324.2073858242701,64.9843882233523,1.1991855373185885,2.57853932090676,0.8270264932714444,30.705659413114326,39.27652179819549,-0.005185030400753021,0.009212490766873341,6.8614849835634235,0.7456917434546875,0.006577189762209021,5.587858004884827,0.6874746802235454,0.007880579027356623,4.103376057982948,0.8450077682733536,0.004611599619943276,4.123688524961471,0.933553034812212,0.009714306576779602,4.2830855935812,-3.404766321182251e-05,0.008394920149930856,4.144818761944771
505,5,PPO_RLlibMacroEnv_2026-10-06_16-50-44if2w9n0_,328.40175713316637,65.18622889999601,1.233271774591567,2.5451258865271624,0.8324280564025008,30.72258580750779,39.46422470876695,-0.002500506117939949,0.009423291845212133,6.83965554535389,0.7654927579300361,0.006983265973939557,5.549515402259643,0.7120122661391103,0.008189691871969869,4.018437555586674,0.8586873721331358,0.0056173271962961895,4.085029140114784,0.98077835701406,0.014954589054332246,4.452046868205071,-1.4590844511985778e-05,0.006062799405276582,4.1743676364421844
505,6,PPO_RLlibMacroEnv_2026-10-06_16-50-44if2w9n0_,329.3570905128659,64.8795812979867,1.2359128909223092,2.5825052341912604,0.8426385200518286,30.534332187772087,39.548631751213534,-0.0022243566811084746,0.013853805181247522,6.828746953606606,0.8052483987675139,0.006358490197330061,5.503826805202965,0.7627086099693041,0.00689491122125967,4.0110198513867985,0.8237611453980207,0.008808786552219791,4.0195876270532604,0.9782909046858549,0.011255935918507067,4.48273965716362,-4.472211003303528e-06,0.007076163530109645,4.069221857190132
505,7,PPO_RLlibMacroEnv_2026-10-06_16-50-44if2w9n0_,320.82080819614157,65.35084305269044,1.1571785454720651,2.5285858502387635,0.8776148091305437,30.27099744987023,39.932028458001206,-0.0017908986657857895,0.02295076220007109,7.004130387306214,0.8014388563312792,0.007464452360789927,5.431421321549931,0.778916789506509,0.007058015305752944,4.091817790705983,0.8556601446121931,0.009770450974383494,3.9842502757906915,0.9805110432207584,0.014806578501156811,4.5093101263046265,-1.83887779712677e-05,0.008641527927738934,4.127744874358177
505,8,PPO_RLlibMacroEnv_2026-10-06_16-50-44if2w9n0_,343.79457808826606,65.09851268051182,1.3541517966412495,2.645665988000113,0.8578626784574039,29.987730328608205,40.22185220011587,0.0003124218434095383,0.01554867665104218,6.955903095006943,0.7896162353161919,0.007327498659033513,5.332567198182407,0.7817912096562593,0.006363031843361272,4.032396409304246,0.7209213010966777,0.010016448994929334,3.9422924652695657,0.9767515979707241,0.008688579465138043,4.513789489865303,7.00823962688446e-05,0.010013650289909068,4.037528339028358
505,9,PPO_RLlibMacroEnv_2026-10-06_16-50-44if2w9n0_,336.53009725812734,64.81297166994723,1.2869891597840888,2.6655982432993732,0.8498921339790658,29.554753622248317,40.36473881390796,0.12091304250061512,0.007255143954080343,6.9342088282108305,0.7844922307786675,0.007594287790498938,5.3139740247899265,0.7887531178204094,0.0071036673057113964,4.002497600570439,0.7206365276128054,0.009436273198525696,3.948471139371395,0.9721552222967148,0.007658659768458165,4.5534916669130325,0.00013469085097312928,0.007951014496529778,4.188879212737083
505,10,PPO_RLlibMacroEnv_2026-10-06_16-50-44if2w9n0_,339.3332934803143,64.65144971481246,1.2977814447272489,2.7566102948721447,0.8487254991640084,29.364551173902292,40.55032563569211,0.665816654637456,0.014540718165039834,6.95833303630352,0.7766932048545302,0.007518708724068715,5.255738334992168,0.7807874008950828,0.006305230070539517,3.9780475631418586,0.742817323282361,0.01153505439202294,3.848617371916771,0.9710929416120052,0.007465644657031643,4.572187149524689,0.03943117335438728,0.012531815264151192,4.120394134521485
505,11,PPO_RLlibMacroEnv_2026-10-06_16-50-44if2w9n0_,338.8385255899577,64.6710130267576,1.2811917311306922,2.8629651745272375,0.8522438806047823,28.822344126356,40.779433063061546,0.6974981881678104,0.006235707082555652,6.844530752301216,0.7726904674335576,0.007670451203818706,5.250712590407396,0.7484004309866578,0.007209432560892992,4.00561457099393,0.7167253695428372,0.0102103152891232,3.8171971902251243,0.9810620214790106,0.006930527466079245,4.5920190691947935,0.12530665434896945,0.014836981833104801,4.136301136016845
505,12,PPO_RLlibMacroEnv_2026-10-06_16-50-44if2w9n0_,345.41762819259117,65.58281877577933,1.3239493945188414,2.8862140113558428,0.8759896889732781,28.19874718500697,41.26801332518363,0.7923326723277568,0.007499219694455046,6.845690450072288,0.8027352849642436,0.008045774085176838,5.216924006453057,0.7768824138031661,0.006914771279058075,3.9719188319817755,0.7712897874414921,0.01602151610277363,3.753924562036991,0.9833003278821707,0.008053469990841278,4.583301985263825,0.12518503777682782,0.00824465556390809,4.169965636730194
505,13,PPO_RLlibMacroEnv_2026-10-06_16-50-44if2w9n0_,366.0828033425197,65.82743590206684,1.4804629490807744,3.037676174422774,0.8937883789031786,27.78303372850638,41.60333827152727,0.7680779360234737,0.009559884303254856,6.942775356769562,0.8248467131355264,0.007945588823725052,5.205782230098718,0.7535314950761915,0.005965116903431823,3.9662811881882227,0.7812426295131445,0.012695348444049195,3.655952700972557,0.984531344473362,0.006125982037997403,4.476688319444657,0.10009902641177178,0.01067698648544706,4.135536926984787
505,14,PPO_RLlibMacroEnv_2026-10-06_16-50-44if2w9n0_,373.90689347386774,66.78628784722885,1.537482290064743,3.0361605708400425,0.9483176379104884,26.86906721299751,41.95783992500077,0.791227887943387,0.00929513476203861,6.822743809223175,0.8029024277529387,0.008123508803365582,5.188623527191066,0.7977024692666623,0.0068344587998143995,3.9099257459936214,0.6680176351219416,0.010583502769804942,3.581777757406235,0.9666030213236809,0.006592918981459722,4.479955711960793,0.28314214274287225,0.012456326849860522,4.09785506427288
505,15,PPO_RLlibMacroEnv_2026-10-06_16-50-44if2w9n0_,400.25436377848064,67.60685810268853,1.7588550087173556,3.1129798158378903,0.9824118441436666,26.277765838696947,42.251074670974816,0.7927361592650414,0.008608836514270126,6.728210890293122,0.8191441583498397,0.008125318490066685,5.132068464478243,0.8012197186747395,0.006847326090438543,3.836009719362297,0.8349132053554058,0.009447627217718977,3.548394352197647,0.9643551535904408,0.005397796275406164,4.536531236767769,0.3079255733639002,0.008379047707353492,4.0072612658143045
505,16,PPO_RLlibMacroEnv_2026-10-06_16-50-44if2w9n0_,428.56949235187136,67.98043981274336,2.006916238625019,3.2081450544745875,1.0306188670937142,25.708292937453912,42.527287198364164,0.8589808415621519,0.012151006191027236,6.749516454339028,0.8378768416245779,0.007855857374080904,5.057608073785053,0.7774727643804348,0.005507954229943471,3.7858838115854465,0.8507559821009636,0.007699287808600313,3.546480377018452,0.9801283095031976,0.006818278653213444,4.540783101320267,0.3456708319485188,0.010549207398889848,3.9540688306093217
505,17,PPO_RLlibMacroEnv_2026-10-06_16-50-44if2w9n0_,454.1732103818924,69.48769296928116,2.2179194586411723,3.34646568766371,1.0852276221591801,25.02514866241096,42.88862513827231,0.6978862762451172,0.009629426460605828,6.593305823206902,0.8491113002163863,0.008058957774928472,4.949320307943888,0.742583784860966,0.007143440594010425,3.743428038621878,0.8468237861990928,0.007986890703432479,3.5142714619636535,0.9647638626396656,0.005030397981147417,4.559284925460815,0.30358268730342386,0.009924260113803074,3.9165699377655985
505,18,PPO_RLlibMacroEnv_2026-10-06_16-50-44if2w9n0_,488.63821964862285,71.131161598433,2.496150441720592,3.6908691829173383,1.1171724641025498,24.231717381430702,43.23176272974766,0.7528849206864834,0.005972199109763314,6.6103810399770735,0.8517588003427022,0.008433701968473031,4.88804275066263,0.7537088697289561,0.005840699885583171,3.6778713625830575,0.8474715616554022,0.01383465711987814,3.4441582918167115,0.964367502182722,0.004832726785028343,4.520501765608787,0.35842702761292455,0.008354480653258634,3.9422491759061815
505,19,PPO_RLlibMacroEnv_2026-10-06_16-50-44if2w9n0_,514.8826020184056,72.91400351303137,2.7076323235245594,4.003701752216898,1.1485188622986569,23.51977290605275,43.564940121465995,0.8001811467111111,0.009843940760123463,6.708528870344162,0.8787804551512651,0.008205003980563855,4.776168160972626,0.7619517890103344,0.005252260977153669,3.635609312362859,0.8571766801178455,0.01235249972050956,3.320782597362995,0.9680693544447422,0.007179443209554393,4.428678351640701,0.42506758868694305,0.0108709256087082,3.9172835528850554
505,20,PPO_RLlibMacroEnv_2026-10-06_16-50-44if2w9n0_,540.7485977092421,73.56975929743666,2.939886246396007,4.442894500295382,1.1518693719783328,23.24890775435615,43.80744240998325,0.8351890061050653,0.00837534825011528,6.658289590477944,0.8666771278730253,0.00810717701199193,4.667285481662285,0.7243895337738172,0.0054131010351196945,3.632862568383265,0.8871178701519966,0.0129924271518576,3.229314924776554,0.9515780005604029,0.005577318133578103,4.440051108598709,0.3017989046871662,0.014952346648772218,3.904766599833965
505,21,PPO_RLlibMacroEnv_2026-10-06_16-50-44if2w9n0_,565.0502488512791,74.2866852044087,3.1385290700170296,5.0006781660641675,1.1416319751656048,22.753885729718164,44.06588627648258,0.8259402569383383,0.009394992679176655,6.60595982670784,0.8742373011134974,0.00869733864151917,4.54245779394819,0.779213341721829,0.006523675251283409,3.55193974439134,0.8922335032373667,0.009401024435555932,3.262408347427845,0.9690996121615172,0.006536198418120931,4.462671273946762,0.4447792310267687,0.009820248500818706,3.861246095597744
505,22,PPO_RLlibMacroEnv_2026-10-06_16-50-44if2w9n0_,587.7569610835584,76.20852270019104,3.283868740407918,5.611227351424192,1.1403851134687628,21.567295857900504,44.405235732104096,0.7317335024476052,0.005308418579804197,6.568506821990013,0.8861529322785121,0.008417020071844094,4.478453299246336,0.7529365180285422,0.006324235065270202,3.455288523501092,0.7308148380368948,0.009847386605906703,3.1403757825493814,0.9535461001098156,0.016537944143192422,4.5114699512720104,0.4069657139480114,0.014360997572384857,3.854727180302143
505,23,PPO_RLlibMacroEnv_2026-10-06_16-50-44if2w9n0_,626.8097572709278,77.19318249563554,3.597940905634762,6.218156335303324,1.1309597560673488,20.60120851068013,44.6160093036236,0.7428102020174265,0.008327995092986491,6.4934323072433475,0.8946274452382134,0.007880588134638013,4.4272203972600455,0.7763328156255661,0.006611115034226298,3.40974174839385,0.8779391434043646,0.009861410937355741,3.0368500247597696,0.9487594570964575,0.00814403039575217,4.548763379454613,0.4828649219125509,0.008891989555786494,3.8820759266614915
505,24,PPO_RLlibMacroEnv_2026-10-06_16-50-44if2w9n0_,675.9464532424073,77.90249528346065,4.013851525582343,7.050801537946615,1.1167157101210536,19.6550722876603,44.82223458861844,0.7426356315612793,0.006346266673563264,6.560390803217888,0.8991644543877108,0.008053833991424538,4.426170772976345,0.7851995451159255,0.009431779259498292,3.421003411952839,0.8868977542966604,0.010981608340716837,3.011235882341862,0.9465514071285724,0.00753435505929474,4.515621992945671,0.6269269067794084,0.01799699581513329,3.8310249909758567
505,25,PPO_RLlibMacroEnv_2026-10-06_16-50-44if2w9n0_,708.4046570550703,78.61318766207931,4.270537858840106,7.674731907576287,1.092923937356192,18.66186271573105,44.965203459046315,0.7927904158830643,0.011229602305630363,6.591387149691582,0.9192624125073826,0.008129519259879732,4.355259797497401,0.794861092876239,0.005668161519124954,3.378740545640509,0.8813166316598654,0.009323526254434056,2.984602463245392,0.9145073004066944,0.007108769861764586,4.4340451002120975,0.5920469522476196,0.011926880312330525,3.7586732313036917
505,26,PPO_RLlibMacroEnv_2026-10-06_16-50-44if2w9n0_,743.7701557824438,79.8737045160275,4.503511288333405,8.400594245946685,1.0833568980877084,17.44622316549183,45.16556737176753,0.7486868023872375,0.012196704009034096,6.415361014008522,0.9294496485944679,0.007951812463360968,4.296891587015453,0.8113781462591815,0.006319218584786838,3.3638712986406074,0.885670367255807,0.011076088693334948,2.982977218925953,0.8768872670829296,0.005592159551753184,4.393673393130302,0.7051826037466526,0.013797535318372012,3.7168724283576013
505,27,PPO_RLlibMacroEnv_2026-10-06_16-50-44if2w9n0_,783.5547657734825,80.63764266783633,4.808027519712115,9.157557746349289,1.0765630714939898,15.75458157295182,45.34579978882835,0.7752458721399307,0.00571064356627744,6.448479595780372,0.9208985182838169,0.008108320166813633,4.191277040377694,0.7873057034535286,0.005134545776024589,3.278733658026426,0.8837589487433434,0.011197801471280458,3.0672792747616766,0.8606407511979342,0.005533609707043802,4.378090527653694,0.6051100123673677,0.011756076087658645,3.6111377626657486
505,28,PPO_RLlibMacroEnv_2026-10-06_16-50-44if2w9n0_,833.5208191526289,80.01472734351623,5.239848733084875,10.102229097029525,1.0428078084361163,15.029889583107781,45.40682757178276,0.7933442402631045,0.007620975288259177,6.508246865868569,0.9315040685061557,0.007923999272241414,4.156895462149559,0.8068380634412697,0.006612707870796796,3.233227745353753,0.857474722713232,0.006254381357121091,3.1095611065626145,0.9158771801739931,0.008562343006713088,4.37760446369648,0.7312948063015938,0.01096474736841635,3.5058807522058486
505,29,PPO_RLlibMacroEnv_2026-10-06_16-50-44if2w9n0_,869.2242720411223,79.7324821047012,5.5221117858224495,10.980631280050918,1.0163508722242987,14.156576480294653,45.50999560807954,0.8719671454280615,0.012699684131507766,6.485982617735862,0.9354199520857502,0.008253688569991716,4.051396554233672,0.8016939865781906,0.0057149184744822576,3.170208891740082,0.8630699444562197,0.01279436235145118,3.083209364116192,0.8828822251409292,0.005500213964569412,4.399626386165619,0.7062693849205971,0.01458286716656403,3.4240061759948732
505,30,PPO_RLlibMacroEnv_2026-10-06_16-50-44if2w9n0_,931.5468752151256,78.36801170168421,5.988572324222186,12.803323587074592,0.9513664148835265,12.58575650445835,45.75146717831997,0.8496727727353572,0.009019590451771364,6.531802135705948,0.937584907403429,0.008258699547149894,3.946787323660523,0.7699467739555985,0.0067629919632971325,3.0818448670208456,0.8373699989169836,0.006644701792311086,3.098857256770134,0.819541298598051,0.015262649028932224,4.3551426231861115,0.7741464212536812,0.011241361079055488,3.3425156638026237
505,31,PPO_RLlibMacroEnv_2026-10-06_16-50-44if2w9n0_,977.027570855548,77.83548926297195,6.340695101464482,14.267677455192356,0.9138108206004558,11.417411757196879,45.93114425152231,0.8655358102172613,0.011863482968249326,6.652762213349343,0.943734353949174,0.008074227528410473,3.9170247443429718,0.7907806426044403,0.006143639721657833,3.0771895986262376,0.839279993250966,0.01127961978318132,3.0258760794997217,0.8412165991961956,0.009351214393836977,4.260649412870407,0.8042169403284788,0.009477297280591369,3.36788694858551
505,32,PPO_RLlibMacroEnv_2026-10-06_16-50-44if2w9n0_,1026.2990794456343,76.40880414302354,6.759342664380512,16.061663732291706,0.8660842615871744,10.085422445798649,46.04761471322272,0.8930759564042091,0.00843013341658434,6.494679853320122,0.9377165017405178,0.008180531336013408,3.801197500577239,0.757474711459616,0.004974918427834658,3.0615885409064916,0.8669074844568968,0.006204399025705243,3.1263416588306425,0.6727192763239145,0.006292486425627483,4.2717724531888965,0.7583445861935616,0.0192478397513014,3.165745858848095
505,33,PPO_RLlibMacroEnv_2026-10-06_16-50-44if2w9n0_,1073.3377705941268,75.59654068392365,7.146280223589218,17.865036631963005,0.8242818012002866,9.136754207345623,46.12050549743477,0.8832071106880903,0.009127045248215077,6.283982288837433,0.9451673293556935,0.008040832972329433,3.72369825359835,0.8089518156434808,0.007186127148084363,2.967504808945315,0.8456373646855354,0.01074476021922242,3.0928374961018563,0.7505043979734183,0.00787400312722189,4.288084864616394,0.7908444251865149,0.013313741407000701,3.2469432279467583
505,34,PPO_RLlibMacroEnv_2026-10-06_16-50-44if2w9n0_,1101.7425778721247,76.75152925869831,7.375947174286764,18.65246229207816,0.8090599404222164,7.564313751275449,46.24375883659588,0.8671205069869756,0.009556173059536377,6.328853252530098,0.9476876337707366,0.008595143240429565,3.6165652504454835,0.8326486641476895,0.006799709353160708,3.0179350715259026,0.8488810893148184,0.01456422411688436,2.9893235355615615,0.7182084947824479,0.007354369822672932,4.282307550311089,0.7672860309481621,0.011210894763098693,3.255311647057533
505,35,PPO_RLlibMacroEnv_2026-10-06_16-50-44if2w9n0_,1145.7290124660487,75.11279797156237,7.796057122316532,20.92440332540531,0.7622363948697363,6.177496771838795,46.31762197813565,0.8944196723401546,0.010964647544278866,6.371482467651367,0.9457988372412045,0.007852402181985274,3.5702990655286944,0.7645155429261402,0.006494728471355225,2.9056817765374787,0.8709120489656925,0.01101003276417039,2.9329857140779496,0.568206337466836,0.007680578970450873,4.275089198350907,0.705053947865963,0.010694816585328299,3.190326838195324
505,36,PPO_RLlibMacroEnv_2026-10-06_16-50-44if2w9n0_,1170.575350644683,75.36996200367831,8.074893361678829,21.687178836510682,0.7666605118895281,4.400321705944298,46.282200431596166,0.8875732723623514,0.008407008226845392,6.218785020709038,0.9505080201284705,0.008362184509437267,3.551478768343586,0.8276489927551963,0.007266302357504836,2.8746475408293986,0.8851045917719602,0.01136356414006059,2.84718292504549,0.5578366611152887,0.0062667966748677474,4.24175246655941,0.6791855681687593,0.010488060995021442,3.202022670209408
505,37,PPO_RLlibMacroEnv_2026-10-06_16-50-44if2w9n0_,1198.692877037006,75.06985355429254,8.33476302801223,22.810867093092458,0.7574972324486339,3.1924835879574975,46.30078271637932,0.8947139501571655,0.008648091726820602,6.266803807020187,0.9606941971208455,0.008256244303211802,3.4052811367237728,0.8368903569146698,0.007842243498588707,2.78568204945209,0.8934093233197927,0.006221187696337503,2.8167557388544084,0.7870854649692773,0.008238087945073858,4.17800886631012,0.7585439126938581,0.015036271907502025,3.2198948830366136
505,38,PPO_RLlibMacroEnv_2026-10-06_16-50-44if2w9n0_,1226.4765221212606,74.90772474743109,8.641780956137833,23.70059771765202,0.7499888301726098,2.512956885922516,46.30427901028471,0.9169507257640361,0.007048489939739966,6.2237658381462095,0.9547807349980347,0.008005222162873298,3.3750806930496937,0.8199127387754696,0.006631085242858633,2.741427266474852,0.8672672849148512,0.007218166473103407,2.8555815652012826,0.7536397416144609,0.00846941465815694,4.125931191444397,0.7121574953198433,0.016395867434675894,3.3075202882289885
505,39,PPO_RLlibMacroEnv_2026-10-06_16-50-44if2w9n0_,1242.0158453863557,74.64925092357208,8.835790718501618,24.547996710061692,0.7342519913625946,1.6819638198985196,46.35018735283861,0.9134610798209906,0.010435573259474204,6.203976774215699,0.9509534797300214,0.00788443498826908,3.3349083865881908,0.8245119115139575,0.0057762963663334005,2.7507256497728063,0.7974710173904895,0.011684421361860656,2.729543089866638,0.7608606517314911,0.006151199853076199,4.12663634121418,0.6559768073260784,0.010826574292502755,3.1650996536016462
505,40,PPO_RLlibMacroEnv_2026-10-06_16-50-44if2w9n0_,1269.7827242265887,72.94224494574775,9.159329563081723,26.656382726160174,0.7049868403033329,0.9746686970127323,46.39287331675999,0.9147728279232978,0.009070578611931524,6.1412926197052,0.9617071829236428,0.008656358246913277,3.266905285936436,0.8380289461125027,0.007202310497777118,2.7032409288666464,0.8782982576638461,0.011297077184644946,2.6213319838047027,0.7363686259835959,0.005375555440247126,4.11773869395256,0.8090094495564699,0.014706867926588596,3.0781471475958826
505,41,PPO_RLlibMacroEnv_2026-10-06_16-50-44if2w9n0_,1281.06826230011,73.6837545927855,9.21877008685488,27.12990173639353,0.7027368474734702,0.2616746999464728,46.45145711341915,0.9067699469625949,0.007234468006845572,6.222330969572067,0.9592854124847842,0.008040338427165254,3.279425212688693,0.8339084821277195,0.007393647857736351,2.651105875704024,0.8692761119455099,0.009346513165928699,2.6000738769769667,0.7249574143439531,0.00822801975731414,4.112485012412071,0.7283323261886835,0.013943995576482923,2.937937331199646
505,42,PPO_RLlibMacroEnv_2026-10-06_16-50-44if2w9n0_,1309.6708930594639,72.66603372040373,9.465154372944664,29.51331197979553,0.672625950815863,-0.341875498732964,46.561121449159025,0.9229132074862718,0.009281265244953985,6.245750844478607,0.9566569485179417,0.008240297874573761,3.1647183664068175,0.8282766208591231,0.008906060173373092,2.650798564072115,0.860774913802743,0.010481211549449731,2.5231514856219293,0.8582140028476715,0.008500578059829478,4.1288191884756085,0.7520441703498364,0.01150441239533401,2.938763765990734
505,43,PPO_RLlibMacroEnv_2026-10-06_16-50-44if2w9n0_,1319.8444435314075,71.90921823074453,9.560874970938192,30.725007819419776,0.656453014502725,-0.5805707275281676,46.62025194160457,0.9288879070430994,0.012286735683323969,6.276752546429634,0.9656928383944241,0.00882582992532197,3.0722781089679696,0.8322919733302537,0.00875289104888632,2.563589891722036,0.8781637202948331,0.010860685372881563,2.440935692191124,0.6752649996429682,0.007292774886900647,4.114308592677117,0.6852122906595468,0.012402731297697835,2.888758248090744
505,44,PPO_RLlibMacroEnv_2026-10-06_16-50-44if2w9n0_,1336.5221404703782,72.01018978134708,9.702588437319937,31.77174085778545,0.6457362165404982,-1.2606198198346918,46.66332857762144,0.9407221779227257,0.011863347507073907,6.142899876832962,0.9686804898483904,0.008973080142221465,3.047022900094488,0.8407639508387622,0.005548280640002359,2.588808804399827,0.900278526544571,0.007493393832192034,2.423612317442894,0.7903779212385416,0.00936734839899606,4.048426178097725,0.8037324197590351,0.01817875258781222,2.9146727964282038
505,45,PPO_RLlibMacroEnv_2026-10-06_16-50-44if2w9n0_,1358.165601843356,71.4232153036141,9.837970635225352,32.81409776739412,0.648716592635115,-1.9698468587720999,46.723977760749115,0.92173295840621,0.009856139381855655,6.035784518718719,0.9672273612291015,0.008867120648422265,2.997121825696149,0.8215274482614854,0.00834365369149429,2.5628965557322783,0.8904719479382038,0.009119336548428784,2.37958302795887,0.839211105555296,0.006120014293878794,3.977547784149647,0.8373470135033131,0.011275041501539901,2.8944733172655104
505,46,PPO_RLlibMacroEnv_2026-10-06_16-50-44if2w9n0_,1376.399773408954,70.54893846077351,9.941049890263951,33.556670738810766,0.6399339459927922,-2.5189583101372266,46.788623341770126,0.9060064669698477,0.00883030433642223,5.870349857211113,0.9604341483125515,0.008386036238212468,2.934616216598115,0.7830898507531867,0.032713868619883936,2.7503277028899595,0.8726934194564819,0.00825942972787753,2.3563494086265564,0.9113023642450571,0.005126133300768743,3.947587163746357,0.7000377465039491,0.012621721064715602,2.871351386606693
505,47,PPO_RLlibMacroEnv_2026-10-06_16-50-44if2w9n0_,1393.9700821607344,69.51901090744391,10.118594716755027,34.661790008947335,0.6262377914742108,-2.9839973949585072,46.79680373893457,0.9370350066572428,0.011831370298227738,5.796242222189903,0.9664279879290165,0.008219211056507079,2.926458904605114,0.8082659488106951,0.02221167508957063,3.2109692414601643,0.9160732977092266,0.009965582007498697,2.3267827540636064,0.8497283648699522,0.005673716324690813,3.896349996328354,0.8411919731646776,0.010069471936230997,2.835561913251877
505,48,PPO_RLlibMacroEnv_2026-10-06_16-50-44if2w9n0_,1409.6562457599562,69.46134481353045,10.28515237538453,34.7234630351489,0.6153670925908318,-3.722786235998537,46.83818783401609,0.9303239569067955,0.007465986442184841,5.84082678258419,0.9658148831648374,0.00840361957958709,2.894021461611081,0.7924862160915281,0.0024245326659233695,3.253172955280397,0.905101229250431,0.01478529327778243,2.1626452565193177,0.896163635328412,0.007111073823614386,3.871440003812313,0.8452495269477367,0.010837235968801906,2.8116510048508645
505,49,PPO_RLlibMacroEnv_2026-10-06_16-50-44if2w9n0_,1433.8694568295098,69.09346699734056,10.526253894949615,35.520898996806736,0.6055731022037111,-4.6448218086940845,46.824089784095,0.9420476861298084,0.012702945568662647,6.0422172993421555,0.9655623912576984,0.007930955500895622,2.8465109033966964,0.8330721906468838,0.00452366942358649,3.2395511980298197,0.8219226364046335,0.014854811642362714,2.0672223739326,0.9086525335907936,0.01468791436062707,3.8357395797967913,0.8531575787812471,0.009685387033096151,2.7994548261165617
505,50,PPO_RLlibMacroEnv_2026-10-06_16-50-44if2w9n0_,1450.4372986507476,68.73416745279327,10.636040570582876,35.988242397954295,0.6024851526981735,-5.379455079839124,46.844642419359445,0.9296319939196109,0.007647846637678585,5.8845408201217655,0.9676374704362442,0.007935603459846634,2.813789731000541,0.8176181612191377,0.004058337872611671,3.1589400005929265,0.861258939653635,0.014149482572975214,1.9746260337531567,0.9262822482734918,0.006518296838544356,3.811112441122532,0.8401355016976595,0.012336065842259904,2.7329846546053886
505,51,PPO_RLlibMacroEnv_2026-10-06_16-50-44if2w9n0_,1469.2574522525638,69.02802639936431,10.770933453397802,36.32236786804736,0.5960274774741547,-5.629655403843568,46.87878649579236,0.9022824075073004,0.008354870933635721,5.837899440526963,0.9657337996761621,0.008377310741923832,2.7227638279244024,0.8165232530236244,0.005385754231895135,3.1952372780442237,0.889372032880783,0.01013551722062414,1.8161032743752004,0.9301300428807735,0.012342818870530495,3.866245812177658,0.7823649901896715,0.012594751042888768,2.743979226052761
505,52,PPO_RLlibMacroEnv_2026-10-06_16-50-44if2w9n0_,1489.588386690033,69.05305406847478,10.953824464713987,36.59243467046679,0.5979421164524916,-5.859086337205798,46.88140487065202,0.932517546415329,0.008514475234102474,5.79227699637413,0.9639237711811365,0.00841745551183243,2.6946455387530186,0.7866711818426847,0.008182602618290957,3.1725139293074607,0.9042574692517519,0.011813670198171287,1.7928332164883614,0.9216799478977918,0.00636153948255469,3.942008429765701,0.7975940920412541,0.019152191580360522,2.69650804400444
505,53,PPO_RLlibMacroEnv_2026-10-06_16-50-44if2w9n0_,1517.9117207858135,69.07828938012906,11.159521373209564,37.17908203458546,0.5950398855454869,-6.156380196016738,46.94404523397906,0.9377218883484602,0.007966531149671328,5.8251589179039005,0.9606944470285909,0.008027484261240867,2.6531277588067366,0.7949919219315053,0.057222611475895066,3.150886655449867,0.8957338035106659,0.012447164916375302,1.6706088721752166,0.8877735439687967,0.006845108539144518,3.9273618549108504,0.8252976700663567,0.012289197404243255,2.5862589702010155
505,54,PPO_RLlibMacroEnv_2026-10-06_16-50-44if2w9n0_,1556.4660870069392,67.90354446022893,11.454318330178099,38.385430867265946,0.59674397708455,-6.302705363507633,46.963760996053814,0.911034420877695,0.010065016724729717,5.843822529911995,0.9711470761099217,0.008410782141467567,2.612912245215096,0.8186778350919485,0.040544616247066186,3.0154007875919344,0.8813051238656044,0.013485088283414496,1.6867336854338646,0.9116088826209306,0.009763809456694675,3.8836068361997604,0.6653527084738016,0.013018566444407135,2.4681835249066353
505,55,PPO_RLlibMacroEnv_2026-10-06_16-50-44if2w9n0_,1581.0689841122667,67.56701975924423,11.646024726421624,38.90925715538173,0.5965201749026451,-6.212551287000795,47.03180806144636,0.9083109125494957,0.008890420152516959,5.93880942761898,0.9708725632121786,0.0085813129204483,2.510681012326344,0.8255065472820137,0.005552783727126219,2.9701430037051817,0.8951668087393045,0.012596563905117496,1.6143594898283482,0.9117101810872554,0.009431776377732664,3.789923572540283,0.8412076532840729,0.017882218440263494,2.1819474548101425
505,56,PPO_RLlibMacroEnv_2026-10-06_16-50-44if2w9n0_,1596.5689994067068,67.5858891552253,11.784431285900247,39.3590358373671,0.593341936401941,-6.128449765373946,47.08514062223286,0.9499080754816532,0.008558274320603233,5.840299823880196,0.9729592591182092,0.008084302925246166,2.4291046478224785,0.8295848813992512,0.009107470867148618,2.975562526606306,0.9086675979197025,0.008975402635769712,1.5496356785297394,0.9293389823287725,0.008004552321585898,3.768038648366928,0.8503438536077738,0.015876842477882867,2.0921267360448836
505,57,PPO_RLlibMacroEnv_2026-10-06_16-50-44if2w9n0_,1608.6673241303467,66.79509065803587,11.948931495258044,39.87898527001852,0.5868804830315136,-6.235418775999145,47.08438589507621,0.9109507258981466,0.012505540920210478,5.7785682588815686,0.969051335544409,0.008368307601677036,2.383269081433122,0.7958292073841337,0.0037921207345012198,2.9675862218760236,0.8890294048935174,0.012658431654017597,1.5608314335346223,0.9376601472496986,0.008885262069452502,3.693368415534496,0.7519255246967077,0.009834959808540714,1.9024198316037655
505,58,PPO_RLlibMacroEnv_2026-10-06_16-50-44if2w9n0_,1624.2760262022844,67.25778050535692,12.077140119245025,39.79858797246381,0.5859712425983034,-6.499900117862029,47.11106052904584,0.9267919383943081,0.00877873017097976,5.719527018070221,0.9715972125853178,0.008466177614659346,2.3135911691853135,0.8309036846458911,0.005352063529995235,2.894283342063427,0.8937947884202003,0.01125844750658871,1.5430843986570835,0.904501437023282,0.009828262177006827,3.733345779776573,0.8125846721231937,0.01666404568695725,1.8688277259469033
505,59,PPO_RLlibMacroEnv_2026-10-06_16-50-44if2w9n0_,1632.2812362751145,67.31326885686678,12.15859779393181,39.93322414108914,0.5821546344345062,-6.714499836164439,47.137583254642095,0.87683493681252,0.009727251965813578,5.667711687088013,0.9782724503184668,0.008274763391232166,2.25875189454494,0.8427133078873158,0.00585554555900899,2.8689840233325956,0.9085658203810454,0.012163245506599196,1.4580790109932422,0.9549328625202179,0.011403746074165676,3.684200532734394,0.838769594207406,0.010850343894117154,1.9502675861120224
505,60,PPO_RLlibMacroEnv_2026-10-06_16-50-44if2w9n0_,1637.7115257678345,69.19705250751838,12.182055771721394,39.287795077366525,0.578901492976416,-7.126833127074457,47.20387710813685,0.9394426066428423,0.0096819703431495,5.631946995854378,0.9780222209812023,0.00840777968395928,2.1989414104090597,0.8503114277933851,0.00617870421178122,2.877928708512106,0.9160877149552107,0.01305113605594686,1.4041931241750718,0.953529954701662,0.007231387355250333,3.672625270485878,0.780348502472043,0.011526118377150976,1.8832260712981224
505,61,PPO_RLlibMacroEnv_2026-10-06_16-50-44if2w9n0_,1651.465996381074,69.60665338558798,12.338902903911986,39.04198354370763,0.5784819973447077,-7.510370206170187,47.162101150020746,0.957529429346323,0.011345067275636007,5.732064709067345,0.9801963067399069,0.00849182504813011,2.1321676403074687,0.8606839763212808,0.007271040333446913,2.887587314315989,0.890696445479989,0.01446193145602607,1.3817288480699061,0.9252586800605058,0.007861182266731322,3.598125287890434,0.6781550094485282,0.018932281230809166,1.6821844331920146
505,62,PPO_RLlibMacroEnv_2026-10-06_16-50-44if2w9n0_,1666.351527248008,69.29495489295105,12.528782037214611,38.9558527005614,0.5699246211242689,-7.770762665012195,47.14150559446003,0.9525563001632691,0.011924348325260325,5.676140430569649,0.9795026789506276,0.00853558729523188,2.1345113907608333,0.8476490081865576,0.007743333319142983,2.8203217120110233,0.9080990172922612,0.007960485224885074,1.4550017245113849,0.9611971627920866,0.008195371898500597,3.56524650901556,0.7691947642713786,0.016314565693756018,1.5126457594335079
505,63,PPO_RLlibMacroEnv_2026-10-06_16-50-44if2w9n0_,1674.4742303141088,70.23925219454573,12.632892446740028,38.775911923671686,0.562528087157579,-8.117524626010407,47.18895049375928,0.9560323752462864,0.00891674503093327,5.599413377046585,0.9745143607571896,0.008536824528702094,2.0766369959167004,0.8445641239232655,0.009247575739729792,2.7123625157754634,0.9290277671068907,0.011953900164735553,1.4480867139995097,0.9571863763034344,0.007873370994684593,3.5146473228931425,0.852961054071784,0.010293466252187649,1.4426135152578354
505,64,PPO_RLlibMacroEnv_2026-10-06_16-50-44if2w9n0_,1681.4191913627335,70.25131921716279,12.703523703537021,38.90848383615575,0.5592373195366303,-8.726187448192356,47.19037617287439,0.953870726749301,0.010413072763367637,5.588101699948311,0.9724307779840721,0.008158315408793495,2.0991198073985964,0.8380121838442887,0.009752339632173004,2.7052794402158713,0.9271852515637875,0.010087711430060306,1.4480057276785374,0.9582240801304579,0.01342781019384354,3.5029488250613214,0.8048173420131206,0.016329228778704564,1.3459423527121543
505,65,PPO_RLlibMacroEnv_2026-10-06_16-50-44if2w9n0_,1690.5110559681543,70.390853771727,12.816450757646694,38.72039192329995,0.5580637435996796,-9.247586819227559,47.17259661990446,0.9473440263420343,0.00927803974886956,5.481716451048851,0.9759592624698078,0.008320684212463644,2.0497046535707053,0.8398564165830612,0.05533984866467108,2.7587836584448815,0.9007315054535866,0.013086594592005119,1.4802048370242118,0.9544160086661577,0.006143813346983579,3.515784205496311,0.7810975253582001,0.009856022331769215,1.3076058432459832
505,66,PPO_RLlibMacroEnv_2026-10-06_16-50-44if2w9n0_,1711.627571590231,69.83561219960066,13.089304702019726,39.13633306726841,0.5556190036386419,-9.89059199121784,47.16828996195728,0.9544886857271194,0.010060261236060592,5.376963567733765,0.9753674039135986,0.008097581722702219,2.0049192169176875,0.8361328871189794,0.00732684565639288,2.5995477489278285,0.93844780549407,0.01276639722091219,1.5169186152517795,0.976625208184123,0.007788016605445591,3.5224096581339834,0.8380579691380262,0.008599270483591841,1.42900503128767
505,67,PPO_RLlibMacroEnv_2026-10-06_16-50-44if2w9n0_,1718.187444968138,70.12530490873569,13.176130839700486,39.03964155815609,0.5554610726241243,-10.541926091530947,47.2117873797224,0.9472006037831306,0.009828479536691057,5.646286496520043,0.9808320473575289,0.008438185357227119,1.9112212606973822,0.8705620575554763,0.01475254849608029,2.5696452288687985,0.9329266678541899,0.014002946191613002,1.403192253410816,0.9782471939921379,0.02420392806816387,3.4582442536950113,0.8163449805229902,0.015064728383004128,1.2643479965627193
505,68,PPO_RLlibMacroEnv_2026-10-06_16-50-44if2w9n0_,1731.990318789186,70.40078544820155,13.329149780865166,39.07671698737717,0.5590861008142479,-11.251463743154554,47.22282787439882,0.9453679397702217,0.00907597138179907,5.408757364749908,0.9799453498516232,0.008695554305452049,1.9076498525682837,0.8704124127762227,0.0037856947467153537,2.6454800645007364,0.9347243875265121,0.011429218969510657,1.3700001209974288,0.9777708638459444,0.007405972409128547,3.3730667874217035,0.850941514968872,0.016588324321492265,1.2158961124718188
505,69,PPO_RLlibMacroEnv_2026-10-06_16-50-44if2w9n0_,1755.2107772645331,69.61348151159962,13.52309189621195,39.275249333418444,0.5698279761489294,-11.839382503405634,47.176857790757175,0.9268865391612053,0.008118828923852562,5.330820098519325,0.98066548815083,0.00836845409397749,1.863598971836636,0.8530888015710855,0.008791673475161013,2.5014936785154704,0.9388414688408375,0.012238239743055736,1.3750795513391494,0.9840764634311199,0.009233427417530037,3.3019758209586145,0.8262084934860467,0.01268994966194456,1.1844239085912704
505,70,PPO_RLlibMacroEnv_2026-10-06_16-50-44if2w9n0_,1766.5439920805904,70.42580827907977,13.622804053000031,39.16546504600634,0.5713759867643019,-12.04734724650904,47.196195564325535,0.9497433584183455,0.010553300754691308,5.24830384850502,0.9838241027592702,0.00896139683120584,1.8232498246353943,0.8775890079480183,0.00988667692754116,2.484830748883984,0.9319025576114655,0.013355663653055832,1.3101044833660125,0.9800737287849188,0.007087998264933132,3.31278228610754,0.8123638663440943,0.013920130755650618,1.1565115839242934
505,71,PPO_RLlibMacroEnv_2026-10-06_16-50-44if2w9n0_,1777.9517734390322,70.55493098344913,13.772079093936503,39.23499206864683,0.570099642414799,-12.342510340811257,47.178297104514094,0.9506860628724099,0.010953593847534648,5.196220451593399,0.9832914531277025,0.008797162757814536,1.7791081486611244,0.8704713401160663,0.007972481528542654,2.411659065681168,0.9017734479159116,0.01595306190733936,1.2824433021247388,0.982287660986185,0.007084133036289586,3.2566439732909203,0.7986870381981135,0.008564193848542345,1.1199074007570744
505,72,PPO_RLlibMacroEnv_2026-10-06_16-50-44if2w9n0_,1776.9245020821777,71.3829262592583,13.746208810506115,39.00288211920335,0.5780533816856878,-12.59925587610462,47.16777608970363,0.9345497444272042,0.01125962348091889,5.115265744924545,0.9838902520262487,0.008391221065477296,1.7776480052478418,0.888267109288445,0.007938199252011943,2.377038915851448,0.9492484662681818,0.016994568678910582,1.17501762509346,0.9787830676883459,0.00545451910566052,3.3015443980693817,0.893607010319829,0.013539960511116245,1.0473234292119742
505,73,PPO_RLlibMacroEnv_2026-10-06_16-50-44if2w9n0_,1770.6221281503324,71.5290787051183,13.779415695995429,38.86763425478481,0.5807624919810531,-12.682411092870641,47.14404863731097,0.954658317938447,0.011333328732871743,5.291701549291611,0.9863881120578848,0.008839279313118653,1.66697760200996,0.8922455590737017,0.0069173235186007105,2.4091366964050485,0.9555594779551029,0.011183397037530244,1.2203545548021792,0.9776091422885657,0.0097731372018643,3.24863265901804,0.8796171274036169,0.01063227412078066,1.0280652455985546
505,74,PPO_RLlibMacroEnv_2026-10-06_16-50-44if2w9n0_,1763.4855235143398,72.1354281148029,13.705631734242457,38.63874533731967,0.5865116275387214,-12.794203481683356,47.150816619361365,0.927986354380846,0.008903083957557411,5.278017640113831,0.9868276174850674,0.008578853014095037,1.656626276544095,0.8785617145556438,0.01041254630383057,2.307379450979112,0.955396756157279,0.013704601055906271,1.1916537784039973,0.9855700071901083,0.00857958120974454,3.1896626219153403,0.8847517270594836,0.011319566397287619,0.9967401701956987
505,75,PPO_RLlibMacroEnv_2026-10-06_16-50-44if2w9n0_,1755.827696885019,73.31341972540352,13.62830871661837,38.31713372292604,0.5872436853140214,-13.016473522447505,47.17305201144858,0.9546992592513561,0.009054311210821045,5.182706838846206,0.9840099041136156,0.008477465436446369,1.655529477914668,0.8536410776874687,0.006863459853480846,2.2134770489946196,0.9416778594255447,0.013600017965904954,1.2540352843701839,0.9863696333020926,0.012328188742640198,3.1089843973517417,0.8339969430118799,0.016961747067580468,0.9892444681376219
505,76,PPO_RLlibMacroEnv_2026-10-06_16-50-44if2w9n0_,1754.993388254761,72.99689618571661,13.677669931928984,38.20829976556213,0.5904852811245904,-13.313354168436165,47.14279107743087,0.9552666556090117,0.00827704833250241,5.146009689569473,0.9824128445492871,0.008315335110971994,1.6150231237021326,0.8641084203237219,0.00816561934694112,2.1215735861017735,0.9366936895996332,0.01625406625789783,1.1488183598965407,0.9852849557995796,0.006444858316262981,3.077894204854965,0.8364121496677399,0.009352020733058634,0.9664371605962515
505,77,PPO_RLlibMacroEnv_2026-10-06_16-50-44if2w9n0_,1758.2318105483198,73.79238138350905,13.772192886721736,38.02831259683127,0.6018640503387345,-13.552280581033116,47.12039286111349,0.9674989297986031,0.009676882659414332,5.075603657960892,0.985320348934007,0.008188055205350955,1.547663662459419,0.866667873270904,0.006380764181605766,2.1728455154201654,0.9544523857533932,0.013861338772403708,1.1256395999342204,0.9878292605280876,0.0064053160416620795,3.1126444712281227,0.8754448898136615,0.016109566934392205,0.9429458469152451
505,78,PPO_RLlibMacroEnv_2026-10-06_16-50-44if2w9n0_,1760.3568895374422,73.87759094881966,13.895195742977178,37.686884698807155,0.6048728319005137,-13.767975321060815,47.071202146244616,0.9480994679033756,0.013613697657820275,5.087729054689407,0.982076398255477,0.008071398516860303,1.4617402656663279,0.8773830602440653,0.008443458403615042,2.093529670449752,0.9526044245809316,0.01419029747157784,0.8883152082562447,0.9858756769448519,0.012868091191194253,3.0064003273844717,0.8258587531745434,0.012949693353380276,0.9188756588846445
505,79,PPO_RLlibMacroEnv_2026-10-06_16-50-44if2w9n0_,1766.2188588867834,74.42708150681341,13.897123166359625,37.51069969135055,0.6073844290373355,-13.896377543924714,47.0726698055955,0.9321600593626499,0.009680870049351142,5.163799142837524,0.9865743476189849,0.008330080553283119,1.3796543181129677,0.884228091602084,0.00945493956551448,2.066181958777995,0.9411023333668709,0.014870539816092987,0.8806888770312071,0.9897288288921118,0.010025133433964679,2.932329225540161,0.8251087684184313,0.01231499945624837,0.8739947617053986
505,80,PPO_RLlibMacroEnv_2026-10-06_16-50-44if2w9n0_,1777.821347248895,73.88269655125225,14.070075004687245,37.473459282729486,0.606978302996083,-14.039035398698466,47.01750588566489,0.9423059727996588,0.009016311872437968,5.067591917514801,0.9841452819217679,0.008315060147528487,1.3901177777173876,0.8929091153265555,0.00929248962474267,2.061143910432164,0.9159055087715388,0.01618117027392168,0.9407680802047252,0.9889312904328108,0.010922230987671457,2.7884607702493667,0.7647804226726294,0.012573416591385663,0.8644669819623232
505,81,PPO_RLlibMacroEnv_2026-10-06_16-50-44if2w9n0_,1784.9900176051428,74.25639168844407,14.231128929893826,37.432428480953426,0.6049146383298291,-14.19329091171615,47.01834953613907,0.9537728205323219,0.011834810418577361,4.950393769145012,0.9847540133466908,0.009003794451383988,1.3588245250664506,0.8762077579769907,0.009768697020424238,1.970764998091927,0.950357598438859,0.012759692659892814,0.9983329515904188,0.9902041830122471,0.017769646997203476,2.7297691315412522,0.87645203769207,0.013373999182658941,0.7184653848409652
505,82,PPO_RLlibMacroEnv_2026-10-06_16-50-44if2w9n0_,1796.5986200379477,74.61568025712837,14.400318905325271,37.39834002024076,0.6085854813026207,-14.268375197081093,46.98577394807746,0.9496200826019049,0.009190908372147834,4.927390152215958,0.9851810736873948,0.008447791566449795,1.3504108484046335,0.885905214125597,0.009636147356757394,1.9165298908571653,0.9588698588311673,0.014327624870202466,0.9662710215896368,0.9858466636389493,0.0138745197881236,2.6218506187200545,0.8793355893343687,0.016099541002404495,0.7298342835158109
505,83,PPO_RLlibMacroEnv_2026-10-06_16-50-44if2w9n0_,1802.4411648079886,74.4508362248384,14.413251753055885,37.33200674880349,0.6050468558417883,-14.319253191342707,46.98597025239931,0.9345801744610072,0.012251706537608997,4.843423303961754,0.9826451172547093,0.008719248939614023,1.3479953485491114,0.8710774822325646,0.008355924406396873,1.88643812001506,0.9462313331663609,0.014348260282713621,1.0725405007600783,0.9853981684893369,0.01554997803541494,2.5936543494462967,0.8543793894350529,0.018178688250918822,0.6742155618965626
505,84,PPO_RLlibMacroEnv_2026-10-06_16-50-44if2w9n0_,1821.1170092475095,75.50750257308586,14.481648251802685,37.508980425344106,0.5988037048137678,-14.45421583632346,47.00245576439164,0.9153075128793716,0.009598881489137057,4.741039371490478,0.9859491639169511,0.008274901801752667,1.3231169719162246,0.8780925658684743,0.007546341587566289,1.8813016675695589,0.930542778596282,0.014117305372110422,1.0055504627525806,0.9894751563668251,0.02196137761930015,2.529388006031513,0.7985010325908661,0.015781406189398696,0.9614128261804581
505,85,PPO_RLlibMacroEnv_2026-10-06_16-50-44if2w9n0_,1835.6958463631215,75.70683845580007,14.653550684603475,37.605440662827654,0.5971012839259353,-14.537637842554862,46.98644825475639,0.9360794257372618,0.010437770673889051,4.895341667532921,0.9852595991574419,0.008822999273415887,1.1998292149211733,0.8829358546794215,0.00900083673409484,1.8474708173848406,0.9606230460107327,0.013001489958151249,1.0523039445281028,0.9884514532983303,0.012893476343242703,2.4212022170424463,0.846850312128663,0.012570585741673312,0.935108482837677
505,86,PPO_RLlibMacroEnv_2026-10-06_16-50-44if2w9n0_,1848.836221710231,76.50059355955278,14.755817555204432,37.6541772110905,0.5979325989162855,-14.51896329711698,47.00178956589015,0.9484390676021576,0.01109708168792198,4.790163311362266,0.9865555331712664,0.008844278878598946,1.1827696807263677,0.8796146326427219,0.0116554618198233,1.8193090008783943,0.9375513464212417,0.011924665574406565,1.0186653822660445,0.9891949620097875,0.012025388870279258,2.3050360187888144,0.8857383314520121,0.01673311635167938,0.7833575800061225
505,87,PPO_RLlibMacroEnv_2026-10-06_16-50-44if2w9n0_,1866.845169263421,76.6869563422029,14.85849747148644,37.78922955488242,0.6032038471150039,-14.395754340709198,46.98737747443777,0.9428562149405479,0.009414661442156103,4.701356780529022,0.9790252858568509,0.008424076972870299,1.1149327595312393,0.8573468534252312,0.00831180050133494,1.7984241226051427,0.9357058372348547,0.011732040058996251,0.9850632194429636,0.9882734686136245,0.017148036365870332,2.148253584653139,0.829584377631545,0.014865359161740527,0.6245528876781463
505,88,PPO_RLlibMacroEnv_2026-10-06_16-50-44if2w9n0_,1879.820926070198,77.03763283119771,14.958903752192981,37.89192008008198,0.6037556122790793,-14.25270801174188,47.0132309314326,0.9239745289087296,0.00818883643560223,4.628062823414803,0.9849568903960837,0.00872617564125552,1.0780659963702857,0.867378732222545,0.0073531672172952945,1.8049434693553779,0.9444845046848058,0.013678294084093249,1.0434903517365455,0.9899673003703355,0.013503687212869559,2.109464332461357,0.8285739228129387,0.013937010525569348,0.6225773714482784
505,89,PPO_RLlibMacroEnv_2026-10-06_16-50-44if2w9n0_,1901.120025960223,77.13676886126832,15.182270529793945,38.13857250269673,0.6113510199078508,-14.080276867666944,47.00347470884328,0.9100964523851871,0.01020451125660884,4.712146845459938,0.983011108853429,0.008344950206390847,1.0360781125406517,0.8629944280733036,0.008038051190209146,1.815562074999266,0.9430524107068777,0.012922704165089272,1.0967550225555898,0.9924035213887692,0.013139025385589776,2.041372986137867,0.8734433475881815,0.012130454501857669,0.6846523229032755
505,90,PPO_RLlibMacroEnv_2026-10-06_16-50-44if2w9n0_,1924.0514084955132,76.45940867777593,15.530253493268173,38.33085272541586,0.6238453102835327,-13.787513157245442,46.96642666576204,0.958127909898758,0.015173256284470287,4.529279863834381,0.9879273231503733,0.008873459841090071,0.9815344022089556,0.8815937026392056,0.00935140683941657,1.7917982757846012,0.9443476852029562,0.016630533618445232,0.9976867936551571,0.9870162528008223,0.01248441194475177,1.991253823786974,0.8510497964918613,0.009718018941203093,0.6969813894480467
505,91,PPO_RLlibMacroEnv_2026-10-06_16-50-44if2w9n0_,1935.8569177228333,76.88039824043247,15.62635019429231,38.323210105231716,0.6300832427032325,-13.502254669899095,46.96651807600816,0.9418754938989877,0.00956616041735324,4.607367134094238,0.9847763653675399,0.008721995629985683,0.9044784621627208,0.8631300660628307,0.0074400330174699495,1.7680011952979655,0.9551258657127619,0.013709097453829783,1.024690742790699,0.9844134371727705,0.012678747008976643,1.9599821418523788,0.8592444255948066,0.015655308756640805,0.647992504760623
505,92,PPO_RLlibMacroEnv_2026-10-06_16-50-44if2w9n0_,1942.871662696207,77.87839104003275,15.62419374502802,38.234258584422804,0.6408738786218051,-13.24306286652664,46.97751805617707,0.9151500660926104,0.010690642908412307,4.4174818933010105,0.9861934003720997,0.008671285405102354,0.9116670943617728,0.8821112547494188,0.00900603322935942,1.7084907868240453,0.9522896852344275,0.010991252989333775,0.9283241532742977,0.9895461685955524,0.014090152741209911,1.8547461204230786,0.8440414391458034,0.012402790414853577,0.5647983334958553
505,93,PPO_RLlibMacroEnv_2026-10-06_16-50-44if2w9n0_,1942.7206816366195,77.4992695890332,15.703148980709722,38.105296717102334,0.6428932545776204,-12.936791971528088,46.95194763370332,0.9323083985596895,0.010175244641425604,4.385235700011253,0.9794782799554158,0.008865597607944795,0.9217630880616277,0.8662208481679989,0.009661181738901858,1.6937356876421579,0.9581228494644165,0.014991633504996571,0.8933420810848475,0.9840756509453058,0.015474349841406516,1.762066775560379,0.8576242238283157,0.010767488659257867,0.5370603004470468
505,94,PPO_RLlibMacroEnv_2026-10-06_16-50-44if2w9n0_,1948.1300601536102,77.84040531086181,15.749671683363484,38.03471756680941,0.6464071946728516,-12.66897642613483,46.92793219601588,0.9519565902650357,0.011841992252584888,4.241868537664414,0.9867183981689752,0.00884428745185869,0.8743224204802046,0.8906661466707158,0.00736048676076107,1.6968695912180067,0.9646525908261537,0.017568111519358352,0.754605071991682,0.9857380624860526,0.013261369218298735,1.7017143838107587,0.8946112375706434,0.01712337535163897,0.5017457522451878
505,95,PPO_RLlibMacroEnv_2026-10-06_16-50-44if2w9n0_,1950.1775879215402,79.31283726021398,15.776024689591804,37.81248180403555,0.6480830991224917,-12.346079995560682,46.95664168489273,0.9313325434923172,0.011306120645759091,4.200000385940075,0.9864954786887392,0.008382016428502653,0.8064245322905481,0.8974919107141374,0.008714079121586386,1.6740547955790652,0.9645222377032041,0.01908575776383259,0.7414670139551163,0.9746730957180262,0.014943009111266291,1.6402781181037427,0.7640415441244841,0.014670596691485311,0.3446486315689981
505,96,PPO_RLlibMacroEnv_2026-10-06_16-50-44if2w9n0_,1950.1537320571254,79.86869026989476,15.749932892835714,37.577239633704494,0.6525903168038265,-12.02651556270849,46.95978558971302,0.9255257729440928,0.008847597356453135,4.1178241699934,0.9842584567946928,0.008751522848259828,0.7490773730802684,0.864801962013486,0.009415376019539588,1.5776236780082122,0.966020904108882,0.01555475291245349,0.7880993861705065,0.9796738553792238,0.01409526477218621,1.6131832294166089,0.9042624909430742,0.013256761833327102,0.34280989822000263
505,97,PPO_RLlibMacroEnv_2026-10-06_16-50-44if2w9n0_,1961.9358060900806,80.39393471103496,15.880657645771096,37.45354291631006,0.6570823015651984,-11.742998739786936,46.94299528784323,0.9181309692561627,0.012381720309304001,4.180282539129257,0.9896049953074683,0.008843146518971941,0.642148080255304,0.9162375843223137,0.008054702514649924,1.5249686538418636,0.9643491897732019,0.013398774340475938,0.6857155859470367,0.9683579098433256,0.017198083755647683,1.6750431507825851,0.8690895367413759,0.011837029155867828,0.3786550977267325
505,98,PPO_RLlibMacroEnv_2026-10-06_16-50-44if2w9n0_,1976.00669688362,81.22534807421431,16.018987794400992,37.43663101241701,0.6568303691044025,-11.414444858993892,46.93462176941339,0.9028420958667993,0.01012748534353746,4.066185973584652,0.9882959135236411,0.00958559389082111,0.6295716070512245,0.8995491272286523,0.005822012495772918,1.5297391497636144,0.961508059874177,0.01703090021383128,0.5133152762427926,0.9688186809420586,0.013220860592810094,1.6087254367768764,0.8719547878950834,0.016065565239842032,0.27086679683998227
505,99,PPO_RLlibMacroEnv_2026-10-06_16-50-44if2w9n0_,1991.319778446343,82.27570185468514,16.066535187670905,37.459589937058624,0.6661321073750258,-11.074363240369875,46.93548220456134,0.9245323095470667,0.008923809030625708,3.971062844991684,0.984030821033049,0.008991496692425166,0.6542240781559784,0.8773836743982533,0.008145557008501324,1.4695103517061547,0.9595137115567922,0.015004958935151302,0.5146542575210333,0.9478283379226923,0.01469905930243857,1.6070495814085006,0.7823649067431688,0.014593976760170334,0.1461338742636144
505,100,PPO_RLlibMacroEnv_2026-10-06_16-50-44if2w9n0_,2000.0489036692993,81.95286300277685,16.16719782377917,37.39011280606239,0.6731891607753555,-10.739786971442946,46.88974251482374,0.9031433060765266,0.010551390904357036,3.9446891754865647,0.9853049794397227,0.008559834195975589,0.6690567744926447,0.8829001208649406,0.007165161789411678,1.5088161771810507,0.9649384677410126,0.011534243987989827,0.5527142636477947,0.9592941228300333,0.016177451845214973,1.5970140136778355,0.8300894740968943,0.012655268007074663,0.15778316140640528
606,1,PPO_RLlibMacroEnv_2026-10-07_12-47-48l46d3r43,295.559042687004,63.074310255049795,1.0148480292168656,2.491177777931116,0.7977742029660984,30.07775093850886,38.2029428029865,-0.00980508029460907,0.006290887948125601,7.050355303287506,0.5366636441774287,0.005491981491189,5.648905942440033,0.4291255706416236,0.006252180352063281,4.227197436438667,0.24382675923407077,0.0051312583110302516,4.26348577439785,0.15937019027769567,0.003565107908616483,4.251791745424271,0.00013767704367637635,0.0030700885101396123,4.1929027289152145
606,2,PPO_RLlibMacroEnv_2026-10-07_12-47-48l46d3r43,308.71683369551374,64.61927588866484,1.1008317901936537,2.45450835507281,0.8229048918968107,30.270469368454194,38.69827863543004,-0.008248542249202729,0.005887561291140753,7.04762416779995,0.6948947145888105,0.004443914387144942,5.618225646233774,0.6369645374811301,0.0076678976828068665,4.194213409949157,0.6163303710520267,0.005539162791404806,4.202748894691467,0.524722819775343,0.008608948017104021,4.245176604390144,-5.103945732116699e-05,0.0030162885467376636,4.171264815330505
606,3,PPO_RLlibMacroEnv_2026-10-07_12-47-48l46d3r43,299.67319998117296,65.82712175082673,0.9928656547675909,2.4560391795216203,0.8379636272985783,30.058457829652014,39.09953450020966,-0.005634928867220878,0.006847382896268091,7.044264724850654,0.7535048225292793,0.007147168431935516,5.541635850798263,0.6591808277883647,0.007323260213480379,4.148759981241736,0.8129047732800245,0.008706090506098007,4.222227948904037,0.8099565483629704,0.016183768134476407,4.300830474495887,-1.0881572961807251e-05,0.00431830326449473,4.149639728665352
606,4,PPO_RLlibMacroEnv_2026-10-07_12-47-48l46d3r43,311.2143437215026,65.8280318259358,1.0909437409077343,2.5578840435711143,0.845375744293318,30.047895776641514,39.23408196521482,-0.0039321184158325195,0.008697233151164621,7.073401975631714,0.7583759057051643,0.007030072399195072,5.549392457623509,0.6609114818531892,0.0073078964930103,4.147068670494803,0.8112936083227396,0.005467519401508996,4.238200262188911,0.9371540885418653,0.017510155006038985,4.325586417317391,7.020309567451477e-06,0.010379855490282369,4.093180239200592
606,5,PPO_RLlibMacroEnv_2026-10-07_12-47-48l46d3r43,306.90590452913574,66.18385345897974,1.0340726862837482,2.580208203878775,0.8539637762602357,29.901483857839242,39.32508182930487,-0.002564439922571182,0.0095092364077573,7.118950501084328,0.7767920354812864,0.006699375465077537,5.545831681773776,0.7135731026281913,0.008058153268141648,4.099906070033709,0.8272664196789264,0.007748166279753848,4.195203760266304,0.9773481294512749,0.013884325728304281,4.349357032775879,0.00010306835174560547,0.008761643973684865,3.9903882667422295
606,6,PPO_RLlibMacroEnv_2026-10-07_12-47-48l46d3r43,312.9863699145737,66.71774488297137,1.0711363679010575,2.627689795318926,0.8611222398518922,30.136075714158515,39.51449719759515,-0.0016846813261508942,0.00703182688130255,7.0949936479330065,0.792313378378099,0.006905285705543671,5.529462306410617,0.7174374021838109,0.009286586885734398,4.049661911725998,0.8401192966848612,0.007147642418340183,4.180756869912147,0.9808873176574707,0.01143522469783423,4.386372083425522,0.00040444210171699526,0.015005568951710322,3.916313737630844
606,7,PPO_RLlibMacroEnv_2026-10-07_12-47-48l46d3r43,327.312853470759,67.20628933353709,1.170846366629779,2.712674273162334,0.8765784139959933,30.253931125851242,39.89965605906919,-0.001850300282239914,0.012637697623745258,7.1165266811847685,0.8071768841443732,0.007225479971059992,5.480372570417117,0.7312520087542741,0.007866182092449653,3.9849416692360586,0.8183879513293505,0.013640641461051947,4.157883703708649,0.9784714460372925,0.01705042237588263,4.345410415530205,0.015982375666499137,0.006466973730857717,3.8686956837773323
606,8,PPO_RLlibMacroEnv_2026-10-07_12-47-48l46d3r43,330.1147306262322,67.26175226419697,1.1782977555618939,2.7867171659473864,0.9060669502747973,30.251112791936475,40.09285804170821,-0.0005998112261295319,0.008529520499541888,7.075604411959648,0.7936653261948633,0.007716864327263323,5.4375232644577585,0.7171491754906518,0.007289988842582616,3.981042969827892,0.8408725459128619,0.007484266939900436,4.103582948446274,0.9786256328225136,0.008849069721782187,4.3855418235063555,0.15723957791924476,0.008672042016314687,3.880740188062191
606,9,PPO_RLlibMacroEnv_2026-10-07_12-47-48l46d3r43,337.98797068173,67.25838566320441,1.2204871468957987,2.886702472789028,0.9277740425921729,30.468849760115894,40.2014913255434,-0.0002671554684638977,0.008746198463973088,7.091330340504646,0.776361798883142,0.00742670555125099,5.432772529585518,0.726936329404513,0.008143414002104237,3.9587936967611315,0.825378131121397,0.005167309319858785,4.143237698078155,0.9786992084234953,0.008566811592172078,4.436431640386582,0.17295312508940697,0.010336342921618806,3.879874584078789
606,10,PPO_RLlibMacroEnv_2026-10-07_12-47-48l46d3r43,328.84572173049776,67.44688188395992,1.1258180183562494,2.8674091345580566,0.9514134128539878,30.442171906911152,40.39319217526605,0.07804217152297496,0.0067506341608180405,7.147116890549659,0.7793686352010475,0.007955834588435759,5.404483312634701,0.7254958179473877,0.008602179987967976,3.9718440024375914,0.7442542608827353,0.008540630643392434,4.1772747308015825,0.9853170201182365,0.0072368205846942615,4.498396477103233,0.1528775107115507,0.012195562983060881,3.832029861211777
606,11,PPO_RLlibMacroEnv_2026-10-07_12-47-48l46d3r43,332.53458666374064,67.30450445735208,1.1449785319660821,2.9393730074331406,0.9577172370672511,30.485876219887636,40.5837603990774,0.46219663619995116,0.006762503453214277,7.133753862977028,0.7979687686430084,0.007518366728107082,5.3787144091394214,0.7559880613783996,0.007420193720806291,3.93487288137277,0.7632233157753945,0.006861396000090281,4.239388394355774,0.9835509657859802,0.010172894655386296,4.480985787510872,0.0874548926949501,0.010175724074861163,3.790548811852932
606,12,PPO_RLlibMacroEnv_2026-10-07_12-47-48l46d3r43,325.39267577263473,66.94548539816893,1.0611290030246951,3.051429334368016,0.9797696699690077,30.04722685355278,40.72782975370015,0.4172603409737349,0.007327173188593936,7.035723257064819,0.8118291178933299,0.007696357449731366,5.314029689632994,0.7491422683381019,0.00720171877788086,3.883187856674194,0.8119101069867611,0.009542932286785832,4.314349856972695,0.9838664460927248,0.0047333015024606144,4.519501048326492,0.1546142019331455,0.009474339157236538,3.7639008849859237
606,13,PPO_RLlibMacroEnv_2026-10-07_12-47-48l46d3r43,318.646978912297,67.11001258073047,0.9901279426561119,3.1195016000179487,0.9880303503664498,29.403663354507092,40.86922928022917,0.4900762692093849,0.009322924244855887,7.158714979887009,0.8405798392822441,0.007589274798493302,5.329454086012054,0.777067282247971,0.006171163414014007,3.8198650892539945,0.827588776499033,0.007089382560229783,4.290316614508629,0.9856318339705468,0.010360279567713349,4.340123870968819,0.2994315467774868,0.009728388200250073,3.7156282305717467
606,14,PPO_RLlibMacroEnv_2026-10-07_12-47-48l46d3r43,329.7685629802008,67.77478678731856,1.0702234822323324,3.2851114770573426,0.992274793123938,28.734907999980432,41.17933235994062,0.3810043543577194,0.009634723645081162,7.05026316344738,0.8311428872327651,0.007854767308147808,5.3046090703625834,0.7176789207501454,0.006032691941785137,3.751820672954525,0.8127659440040589,0.008392486351660011,4.221897780895233,0.9848863616585731,0.009147372883899203,4.289743107557297,0.367253078147769,0.009881727354240909,3.650970995426178
606,15,PPO_RLlibMacroEnv_2026-10-07_12-47-48l46d3r43,338.20692360581893,68.157968803226,1.1382011827266627,3.4591717342157127,0.9986777469104705,27.774414816085745,41.44805006957784,0.5007614217698574,0.009720504206961866,6.921355760097503,0.8373868694343415,0.007388879627039543,5.280183312427475,0.7617211025559677,0.006695589492095408,3.7166160879270085,0.8336699958890676,0.007019123249938318,4.184345006942749,0.9784824144095182,0.006887919721998562,4.334081223607063,0.35763659588992597,0.009366479630216466,3.6796021535992622
606,16,PPO_RLlibMacroEnv_2026-10-07_12-47-48l46d3r43,359.1008469115826,68.99047247598642,1.297383846470753,3.787626088467884,1.0014877218728564,26.740967828917483,41.759658852333544,0.3233438540250063,0.008556347166757045,6.770462819933892,0.8509527998864888,0.007559488107312775,5.263611238821455,0.7638249543396015,0.0067449695637583984,3.7535005314836223,0.8893803399056196,0.00976296445689968,4.166912871599197,0.971488232165575,0.009043325990910536,4.367443063855172,0.4462918385863304,0.00977156963217567,3.747265474498272
606,17,PPO_RLlibMacroEnv_2026-10-07_12-47-48l46d3r43,376.5940527997265,70.24360967708945,1.439234931230268,4.069957108239959,1.0285852286785127,25.674722882571455,42.170869497040975,0.43601249270141124,0.006648499684161024,6.712670442461968,0.8550860195293517,0.007702778926373356,5.258801745126449,0.7632704811394214,0.007821855668880063,3.7285105040073394,0.8653137665241957,0.00428548604813841,4.209348288178444,0.9614363692700862,0.006942758332547827,4.370628225803375,0.3560899492353201,0.005771445032814933,3.7553903073072434
606,18,PPO_RLlibMacroEnv_2026-10-07_12-47-48l46d3r43,417.0724699889462,71.39405471275796,1.7760850962812331,4.640913754771235,1.0225370152719726,24.17882977774411,42.78288352012068,0.6440693311393261,0.010672513345656501,6.677210798859596,0.8693920525411765,0.007844403550504263,5.195479942155334,0.7544994371416776,0.005258922575255741,3.675917925264524,0.8952271368354559,0.01205188841315707,4.115336631238461,0.9658844243735075,0.009784761366813704,4.318425238132477,0.5148917183279991,0.008806645602874183,3.8106552436947823
606,19,PPO_RLlibMacroEnv_2026-10-07_12-47-48l46d3r43,443.8688404952401,72.8306363647901,1.9943731025957796,5.1169601034079575,1.045964336360054,22.89309526778089,43.24589139701961,0.4903097923845053,0.006599600459674203,6.6162517130374905,0.8995878710474667,0.007819058267630859,5.119374845889884,0.7507809691569385,0.007166464400835592,3.708534940551309,0.9053636629134416,0.009547800648306336,4.073847675323487,0.9625560261309147,0.0074144569407678775,4.2322426468133925,0.3531748544424772,0.013772039083505707,3.7945298179984093
606,20,PPO_RLlibMacroEnv_2026-10-07_12-47-48l46d3r43,471.4772512062054,73.49790964468993,2.2198736850308016,5.722223904193651,1.0374128631999229,21.42881623571343,43.580233408854696,0.36312619894742965,0.006451967684043325,6.5394314378499985,0.884797895630169,0.008440603864972607,5.059403537885722,0.711160405407175,0.005397525005440518,3.5992638490353412,0.877632624655962,0.00766757425326432,4.080840244889259,0.95545683093369,0.010306130285675917,4.209820196032524,0.40454988069832326,0.010579409989009084,3.746142700314522
606,21,PPO_RLlibMacroEnv_2026-10-07_12-47-48l46d3r43,501.2489305506629,74.54753272202596,2.478854676238379,6.238944851666177,1.0578443030319704,20.037706513601613,43.9566572221444,0.3436479985713959,0.007873694025045204,6.498940905928611,0.8984584649091251,0.007873578111741402,4.990223531212796,0.7414048174573057,0.007671821265706175,3.5888105039490004,0.8958807632327079,0.006986995415445563,4.03147853910923,0.946899876371026,0.01450112198286893,4.195898097753525,0.4866815894842148,0.012918351014650397,3.8050571575760843
606,22,PPO_RLlibMacroEnv_2026-10-07_12-47-48l46d3r43,541.0760832379943,75.57504230268303,2.7868945792884614,6.933490519630459,1.0480493911653719,18.803360906779787,44.35245374808241,0.42941062450408934,0.007578994832928743,6.469301116466522,0.9059551977183781,0.007973730164211155,4.908966002220602,0.772038052052808,0.006021485092973854,3.4985725241936056,0.9073455039411783,0.009088096816412917,3.971428905427456,0.9672869201749563,0.012106599761759231,4.22353204190731,0.4881006978452206,0.006536655197203402,3.766889287531376
606,23,PPO_RLlibMacroEnv_2026-10-07_12-47-48l46d3r43,593.2421787390151,76.0519326624058,3.2087370699282074,7.708465045324985,1.028320482068989,17.49754668817842,44.63129014936418,0.4675766982138157,0.009791831553673198,6.4512989729642864,0.8914881234176354,0.008222624808429559,4.831199257509734,0.7590732848929788,0.006842752137509287,3.5119053823505335,0.8895090010017157,0.00792129016463156,3.9147514030337334,0.9305869340896606,0.009366127718206486,4.207873806357384,0.4242637060582638,0.01655336276032251,3.6545954823493956
606,24,PPO_RLlibMacroEnv_2026-10-07_12-47-48l46d3r43,647.5520404289022,77.15004566217613,3.6511092546909163,8.447862000576231,1.0269407549213392,15.944920476967587,44.91760655390736,0.5163557160645723,0.010507344881182351,6.437623479962349,0.9124968167112268,0.008016437382933552,4.7594867992622225,0.7383759995554663,0.005649679747679109,3.4156479461937193,0.8740314934402704,0.012780468042547052,3.886518248915672,0.9538851115852595,0.007450956961020027,4.20370799601078,0.625007676705718,0.009905125313639535,3.588302432000637
606,25,PPO_RLlibMacroEnv_2026-10-07_12-47-48l46d3r43,701.1298541750879,77.51873422947432,4.058579783951403,9.497681196027882,0.9925177764586037,14.82475110219554,45.120560719243834,0.6369188915938139,0.013943442667402906,6.394747990369797,0.9270429501234556,0.008538547372860524,4.729351182444445,0.8116749234710421,0.00703167965813269,3.3034937337466648,0.8815017718821764,0.00975492344682613,3.8394394636154177,0.8798170242458582,0.007707198028981616,4.1652118265628815,0.635483393073082,0.01087786680518554,3.5452292785048485
606,26,PPO_RLlibMacroEnv_2026-10-07_12-47-48l46d3r43,735.8003642557806,78.67802939591989,4.2963585360964895,9.975318379425543,0.9939480241843565,13.354483270505757,45.327810362836644,0.44013396129012106,0.005824817302681261,6.2375809997320175,0.9185903606887992,0.00812791214600201,4.709520832309286,0.7934469639880103,0.009465144029716476,3.3584818034801844,0.9137299198657274,0.011945032084986531,3.6722427681088448,0.8756261318922043,0.010248208958159973,4.091109162569046,0.6649263884872199,0.014591097555012363,3.5054201558232307
606,27,PPO_RLlibMacroEnv_2026-10-07_12-47-48l46d3r43,788.5912272916223,79.13561368627902,4.724059926224505,10.953206411338378,0.9617810440679757,12.014615035345926,45.52255902984961,0.6430372942239047,0.00917273260996025,6.325981825590134,0.9270588132455457,0.008006548459327075,4.622962399317582,0.7930120013549294,0.00847402460921087,3.2918176204385894,0.9078062076121569,0.0064394931246170625,3.7650989279150964,0.7516978636384011,0.025590438878254018,4.07746444940567,0.7430368516594171,0.012770792969331587,3.3963381722569466
606,28,PPO_RLlibMacroEnv_2026-10-07_12-47-48l46d3r43,831.4725348972348,78.94938971701914,5.101304379356906,11.677061919517053,0.9559556107063258,10.364791496233092,45.59525296269517,0.5997499514371156,0.011653730839134496,6.243261796236038,0.9333846931291824,0.008452125862455698,4.612880936037159,0.8132339621291441,0.0077765437780566195,3.229470051386777,0.908493447676301,0.010043326151935681,3.6717108473181725,0.6528347738087177,0.0056224773224926635,4.090305191278458,0.5356902331113815,0.01599594104945936,3.3669764935970306
606,29,PPO_RLlibMacroEnv_2026-10-07_12-47-48l46d3r43,872.2691715419874,79.30593297949017,5.434951515293148,12.776264343592015,0.9462758395697308,8.636999909931943,45.719615639003806,0.6799463950097561,0.007505404711349683,6.246856558322906,0.9211550610425543,0.007572624989273539,4.624137286427001,0.7747495028757512,0.009168651558326718,3.1841480233615505,0.890118669718504,0.010905106937934839,3.611808308959007,0.6708583328872919,0.006893282710120729,4.039922121167183,0.7324299667030573,0.01007776750802811,3.361949661374092
606,30,PPO_RLlibMacroEnv_2026-10-07_12-47-48l46d3r43,917.4532471087596,79.95345895649359,5.81690431021563,13.564922828175936,0.9606212954347975,6.733601415030765,45.78416475072176,0.6401456762105227,0.008396449398878758,6.171059232950211,0.9381905625118323,0.008031657449307542,4.55711035206397,0.832773927350839,0.010209198060708032,3.1840018490950266,0.8958512954413891,0.00849113465155831,3.520876947045326,0.5366599455475807,0.007666418721339646,4.021575078368187,0.667465053126216,0.009482755374483594,3.3410385683178903
606,31,PPO_RLlibMacroEnv_2026-10-07_12-47-48l46d3r43,950.0935888619144,79.77645259758816,6.13099020435041,14.110381668023477,0.9692151913402567,5.42599741451188,45.84275773753877,0.7734957084059715,0.009444586668462308,6.267347377538681,0.9454403501966299,0.008150241835168093,4.50599062367211,0.824937242269516,0.00823125670859147,3.065729310944324,0.8287658017128706,0.010394717638291761,3.422671189904213,0.6698661345988512,0.011072400478195781,3.9920096173882484,0.7727631345391274,0.01140775508372378,3.318159741163254
606,32,PPO_RLlibMacroEnv_2026-10-07_12-47-48l46d3r43,976.5843513412885,80.17835751274777,6.384468158332974,14.497760216296953,0.9733813255604582,4.696863588840799,45.89927353614478,0.7141432546079158,0.0067725782545949185,6.112883228063583,0.9303915810816048,0.008298777007377878,4.4145751651497775,0.8084477793123271,0.011591034348388402,3.0875902496479655,0.8918577879667282,0.010566997304704359,3.474860003590584,0.4591060847043991,0.007236669907706589,3.978193786740303,0.7182966828346252,0.018935170575332515,3.1491861015558245
606,33,PPO_RLlibMacroEnv_2026-10-07_12-47-48l46d3r43,1001.5876344962857,80.46630361414309,6.603549907923975,14.728351602096,0.9814368839887183,3.81129529119107,45.965363563488296,0.7810898344963789,0.011236170956954238,5.995871242880821,0.9326989446805903,0.00828746660857287,4.310625729731948,0.7881509429971937,0.006902179632780811,3.1378586893350304,0.8706683441996574,0.009994152681019906,3.3365790262818336,0.48690031953155993,0.009933350324831797,3.9245242908596993,0.6995196443051099,0.011841852376073877,3.1425435200333593
606,34,PPO_RLlibMacroEnv_2026-10-07_12-47-48l46d3r43,1031.1595016154827,81.4047862737463,6.869156635167335,15.117528297590452,0.9847134572603526,3.1262502298363017,46.04949919684664,0.7620254132896662,0.010862636783542712,5.814083194732666,0.9346005411614222,0.008004347080548476,4.244591365273253,0.7774863517466393,0.007603757637286456,3.0407464780880296,0.8739840585738421,0.009638345084658863,3.374175125360489,0.48550704047083854,0.0071890442642996415,3.9457728639245033,0.7268498733639717,0.0066161327618829814,3.1690002128481867
606,35,PPO_RLlibMacroEnv_2026-10-07_12-47-48l46d3r43,1064.3992885875864,80.51882963572801,7.186931126122734,15.796966305172479,0.9671795645529153,2.3194320604016365,46.10825758998704,0.7740632280707359,0.009030828169261608,5.851811453700066,0.9508095031602728,0.008106212093411311,4.173856249675558,0.7873673332056829,0.008956978232108432,2.944651213501181,0.7969915103167295,0.007733909749060861,3.2357187628746034,0.6800639219582081,0.0070074486451290495,3.9167907401919364,0.837720625847578,0.010119723604748358,3.1657901093363763
606,36,PPO_RLlibMacroEnv_2026-10-07_12-47-48l46d3r43,1098.5353601701518,80.15554986499833,7.495000218206649,16.72290720834045,0.9405669750167432,1.323933276816627,46.20416199455741,0.7851331856101751,0.0072067402618133216,5.769308486580849,0.9518568056406825,0.007663539904832709,4.069954201239343,0.8276153875514864,0.006970331297044663,3.0359565587714314,0.8714365899562836,0.008784269517866506,3.2104422062635423,0.817877970635891,0.008919636812243026,3.8893263012170793,0.7297851175069809,0.008516424538129357,3.1956594839692114
606,37,PPO_RLlibMacroEnv_2026-10-07_12-47-48l46d3r43,1122.150556581156,80.88261226667095,7.720302143821507,16.88419748248578,0.9377410529515607,0.36393449014781937,46.27775046696948,0.8707975436002016,0.006995682145998402,5.804624298214913,0.9545165453965847,0.008042322000748106,4.010040359425957,0.8465043064023627,0.008606065491912,3.0089344536671874,0.8729668769985437,0.0087802497038866,3.1492388024926186,0.7531629156321287,0.005988176179062119,3.91171338558197,0.7322247203439474,0.006249227459920878,3.23474485129118
606,38,PPO_RLlibMacroEnv_2026-10-07_12-47-48l46d3r43,1177.091087139859,78.80191692053732,8.292172143487386,18.792493378349093,0.8981094037221972,-0.6107698335714623,46.34786365120014,0.8763378970324993,0.010119667605340704,5.7120825201272964,0.9511364744116481,0.008023569670948678,3.9354722593648312,0.8248685429875667,0.003982778810579854,2.843368206115869,0.8733344249427318,0.0104398230579136,3.1326902508735657,0.843973445892334,0.006452161084229147,3.882792367041111,0.8005319640040398,0.010772631661552687,3.2100536108016966
606,39,PPO_RLlibMacroEnv_2026-10-07_12-47-48l46d3r43,1223.0390912056507,77.3145040578126,8.766191505405567,20.490464610538275,0.8694453643161818,-1.624972453913217,46.363208589446174,0.9065291039645672,0.009071857819981441,5.626784807443618,0.9557692816685359,0.008085716788149708,3.9193948983398723,0.8284014491540082,0.01676198973138125,2.8220573011434302,0.8790768332779407,0.011676331544185884,3.0850992098450662,0.8810494370758534,0.009813441160076817,3.878496301174164,0.8512187246233225,0.009324456824811098,3.1974466890096664
606,40,PPO_RLlibMacroEnv_2026-10-07_12-47-48l46d3r43,1256.633742457978,76.02692453440623,9.133335011590276,21.712707858359245,0.858126643391203,-2.36119672176619,46.40414622307634,0.8748870313167572,0.008990965002249352,5.534354928135872,0.9497030972597565,0.008337207711207375,3.806143349976324,0.7501650421707718,0.011924485800968634,2.9956016578056195,0.9058040108531713,0.010697373617767951,2.961993919312954,0.856215451657772,0.006867417310650185,3.894424299895763,0.7295273337513208,0.008870324443637478,3.1519027307629583
606,41,PPO_RLlibMacroEnv_2026-10-07_12-47-48l46d3r43,1277.9795166956317,75.45873919275822,9.398596325822911,22.35806648959135,0.8674052664058034,-2.935453649136573,46.413852956221334,0.9034863915294409,0.009924862237437737,5.578955280780792,0.9505974011748445,0.008503305404699965,3.771261418473487,0.7906278688718776,0.01036930183730479,2.922062367495924,0.8427862878888845,0.016406107567536393,3.0116553783416746,0.9124207459390163,0.00801715540011969,3.903041200339794,0.7147241026163101,0.013314305425592537,3.054671636223793
606,42,PPO_RLlibMacroEnv_2026-10-07_12-47-48l46d3r43,1313.0824530061284,74.24533501196275,9.834497217138402,23.781520506321414,0.8612696796557838,-3.8888234155158132,46.38555354660142,0.8822486266493798,0.007804141184397167,5.539712175726891,0.9521335026642562,0.008680031850475185,3.75783578222884,0.8284274059112626,0.008544467306226102,2.8221706525243895,0.8964100442826748,0.011798537633080742,2.9859039932489395,0.9110704828053713,0.006527216792926585,3.841156095266342,0.790608037635684,0.01567517613125354,2.9874457269906998
606,43,PPO_RLlibMacroEnv_2026-10-07_12-47-48l46d3r43,1338.2227439849946,72.7223585825189,10.166418445414159,25.38900110449472,0.8450697835714177,-4.197945933987344,46.37096012600805,0.8894796051084995,0.007811511098668891,5.603815829753875,0.9620969224739074,0.008571685608255357,3.7067637446975708,0.7680091464760328,0.016091300110019354,2.768787663874,0.8763360049575567,0.010692640374281909,2.8100929290056227,0.883530217781663,0.01320076201989201,3.8539559483528136,0.7782314136624336,0.009242517161555951,2.980972073972225
606,44,PPO_RLlibMacroEnv_2026-10-07_12-47-48l46d3r43,1346.0185867626872,73.72973691754471,10.247429206430986,25.318277772219556,0.860503514094347,-4.618366535168777,46.37194048553678,0.8970602102577686,0.008396321647501483,5.416174843907356,0.9572363175428545,0.008482558207726492,3.6432650490957474,0.8306954193823408,0.0139742616640433,2.7669283909372764,0.8729730691760779,0.007394567682263186,2.785331133008003,0.8675008725374938,0.00815051266984033,3.902596506476402,0.7630991321057081,0.008510654498343298,2.9470791265368463
606,45,PPO_RLlibMacroEnv_2026-10-07_12-47-48l46d3r43,1365.8071173123892,73.47302398807659,10.453586517618437,26.552255878553364,0.852354855959326,-4.739714895218121,46.398065304088774,0.8971205357462168,0.007721448191023455,5.316271436214447,0.9650589102942084,0.00864666574767928,3.5953764782678586,0.8089728364314156,0.009879612045037435,2.662433573021286,0.910059729218483,0.009136223319728815,2.729142616689205,0.9229904893785715,0.00792572599049782,3.8255560502409933,0.8397131524980068,0.013560360995506998,2.8979469195008276
606,46,PPO_RLlibMacroEnv_2026-10-07_12-47-48l46d3r43,1380.9970393074827,71.60526892590389,10.697247005756378,27.64109046321198,0.8312496858374233,-4.9510434464749,46.37250168133908,0.915640102699399,0.009579792114709818,5.235417720675469,0.959646762354172,0.008695290967403435,3.5806416206134646,0.7751896176927833,0.013629849658461052,2.6796651701773366,0.8774884264916182,0.015527973923235627,2.7413200795650483,0.8932154085487127,0.010769249571239977,3.7858651325106623,0.8306198306381702,0.012615915934657182,2.887290449440479
606,47,PPO_RLlibMacroEnv_2026-10-07_12-47-48l46d3r43,1396.8903838937,71.39536506561976,10.899421032067066,28.053780002756213,0.8177400417344123,-5.082336840934841,46.388348490119284,0.9155768748372793,0.009033902543342518,5.181493294239044,0.9652345090309155,0.00878898533994229,3.5055533946964017,0.8292292564473254,0.00726415167824761,2.6300981070132967,0.8839260395616293,0.010800201208348952,2.635588803887367,0.8842380724847316,0.009642966284013755,3.775926446914673,0.8369814340025187,0.010722427853033959,2.9544878870248796
606,48,PPO_RLlibMacroEnv_2026-10-07_12-47-48l46d3r43,1426.2852622014152,70.45821598354783,11.152813946265441,29.927765981432117,0.7837190129651487,-4.967110373045932,46.501941013978296,0.9539363969117403,0.009432072047070746,5.186659863591194,0.9669534846402175,0.009052136800106303,3.4809492296847764,0.8524629400100237,0.007475749468752794,2.5802920909575473,0.8934221740812063,0.01638676553329798,2.4975287899374963,0.9102895103394986,0.006832082634167655,3.7633087292313574,0.8489030290395021,0.013776027767562565,2.809448429942131
606,49,PPO_RLlibMacroEnv_2026-10-07_12-47-48l46d3r43,1456.3952001961297,68.35063961826536,11.54509747086465,31.40649005708049,0.7673558933804274,-4.829345337793928,46.49856062458477,0.9227469187229872,0.010129910887417515,5.459203547239303,0.9691982876044541,0.008819053640720461,3.4601866467026823,0.8114716764630341,0.017485773364970977,2.576632718051352,0.8979472763836384,0.014603143969725452,2.477947622537613,0.9105669386684895,0.010358741161053332,3.88854890614748,0.7891521736979484,0.011438518022987497,2.8209960013628006
606,50,PPO_RLlibMacroEnv_2026-10-07_12-47-48l46d3r43,1484.9590910333663,66.88430409075434,11.84144794805662,33.373206933363264,0.7393994023858181,-4.507100590417602,46.52330186774102,0.942940404638648,0.010261772673766505,5.206078284978867,0.9700726323295753,0.008625851767813596,3.398250688811851,0.8251820959695956,0.008699093768514216,2.5187376065952023,0.9058446258306503,0.011961216063650682,2.4797911003232,0.8801454365253448,0.006726254336467718,3.9077934667468073,0.8339470997452736,0.010387953864892637,2.7264320343732833
606,51,PPO_RLlibMacroEnv_2026-10-07_12-47-48l46d3r43,1502.8588734981258,65.89538819599849,12.039375683961564,34.06677013115787,0.7270018642208005,-4.4010241144737625,46.48428040912154,0.9297679785639048,0.008394459069495746,5.022094291448593,0.9650944849965293,0.008552092385156225,3.350160631007037,0.8048133827286003,0.011955694594341626,2.458689814143711,0.8728995230048895,0.01285212628449699,2.409074267745018,0.9375901520252228,0.006129227240444429,3.9534563332796098,0.8237360954284668,0.013514358893326148,2.6500287652015686
606,52,PPO_RLlibMacroEnv_2026-10-07_12-47-48l46d3r43,1524.326380589776,65.91357544410609,12.251087144176271,35.30475267210708,0.7183937240467183,-4.24073906538588,46.51933407912355,0.9144851844757795,0.007926212582833875,5.0000088721513745,0.9678310680870087,0.00909167789954095,3.264443712349861,0.8099993282556534,0.01025595558783948,2.3992661675810814,0.9066255480051041,0.00977321480431794,2.379352967441082,0.9014439009130001,0.006373760328952517,4.009835524857044,0.7951028447598218,0.015570852327619017,2.5043231934309005
606,53,PPO_RLlibMacroEnv_2026-10-07_12-47-48l46d3r43,1551.7857644205512,65.40583423443928,12.469442290535712,36.87080134836426,0.7037184876182448,-4.168595101834249,46.57484285346461,0.930978661775589,0.010835593770753169,4.980726063251495,0.9664383406608991,0.009126434262695807,3.186864050975821,0.8174532553771647,0.007669954364015546,2.3837751891554855,0.8970278020948171,0.00919041697582088,2.289521296322346,0.9078371152281761,0.006877290113317308,3.94296662658453,0.7681374758481979,0.011282153348838708,2.600989019870758
606,54,PPO_RLlibMacroEnv_2026-10-07_12-47-48l46d3r43,1582.292576384134,65.02233261528511,12.734892763070414,37.26207977399711,0.7095539203577875,-4.366896428566225,46.562807168218505,0.9446182381361723,0.007034853585082873,4.903787320852279,0.9685555655057163,0.008464484384662732,3.191438281206491,0.8408883488032876,0.011199502727863664,2.3573500185478022,0.863065380975604,0.00951880360662483,2.180400113761425,0.9081008929759264,0.009339904476496533,3.9264921650290487,0.6882376611232758,0.012351891046637411,2.5440222769975662
606,55,PPO_RLlibMacroEnv_2026-10-07_12-47-48l46d3r43,1605.0554454177325,66.52959230084461,12.796489091844245,37.58764515519158,0.7151661993196489,-4.707640122737141,46.67533249889607,0.951525641232729,0.010274479740656093,5.040388292074203,0.9752004925167503,0.009355249798665404,3.0495801350394065,0.881853986158967,0.006039712654510368,2.268607909083366,0.905458538979292,0.011362682523758959,2.1408990435302258,0.9439770471304655,0.0062878197542432235,3.963556146621704,0.8235466625541449,0.010714583533035796,2.5589199855923654
606,56,PPO_RLlibMacroEnv_2026-10-07_12-47-48l46d3r43,1635.9412750325293,65.33614637832574,13.109649115081758,38.29100838711639,0.7099424298011482,-4.842656343240485,46.64757121089598,0.9286044053733349,0.00731733419597759,4.9208882480859755,0.9684605993907298,0.008315036674136477,2.992569407666883,0.8016673154383898,0.016002514062390675,2.2811470928788187,0.8412165120244026,0.010007783967012188,2.140290627628565,0.9258754502981901,0.009730729271728982,3.980753853917122,0.7170407030731439,0.012536069491443508,2.629429805278778
606,57,PPO_RLlibMacroEnv_2026-10-07_12-47-48l46d3r43,1658.3973826829126,65.3920130824707,13.292903059858249,38.09228600853948,0.7096166551171208,-4.923061034382329,46.70110519361463,0.9479789271950722,0.011612411447413578,4.773795169591904,0.9638473225690903,0.008502971923570392,2.904966676850656,0.825159417864788,0.020965810589286666,2.226239823720541,0.8716583304107189,0.01357735142532886,2.1092208936810493,0.8921159103512764,0.009669065321418202,3.9973399177193643,0.8584805268794298,0.02126039409681663,2.678891584277153
606,58,PPO_RLlibMacroEnv_2026-10-07_12-47-48l46d3r43,1690.153771096525,65.49281359951311,13.475174512098304,38.43752386842867,0.7127093470037089,-5.23235541609457,46.712814515631024,0.9087363544851541,0.006771332617109103,4.755012106895447,0.9679888087328457,0.008186534656781859,2.8338064981836646,0.816954253293291,0.010468909656946714,2.1995043624805497,0.8983695894479752,0.012361508087679001,2.041803323477507,0.9169117413461209,0.009419498882562095,3.90081427693367,0.7925619225949049,0.006772163492564686,2.7529194563627244
606,59,PPO_RLlibMacroEnv_2026-10-07_12-47-48l46d3r43,1710.2639199401813,65.39012688919911,13.65031593530533,38.86743504450589,0.7198314982822364,-5.429146651684847,46.709352213204575,0.9078453816473484,0.007607343826589716,4.583875921368599,0.9739431568740589,0.008598063907356774,2.775016213412586,0.8278681292564054,0.00792995158356266,2.1749714667284037,0.9128848604857922,0.014271658242250965,1.9736392296850682,0.9390706308186054,0.0108374750988105,3.8635315358638764,0.865028340741992,0.009123763409297785,2.7634504407644274
606,60,PPO_RLlibMacroEnv_2026-10-07_12-47-48l46d3r43,1733.8650807538486,64.79492040575428,13.940196957669698,39.465710330046484,0.7237487559347577,-5.546229547855113,46.69832046217475,0.9472648918628692,0.008066588471365616,4.595462045073509,0.9699430259841889,0.00837278252364942,2.6863733583108926,0.8452500144392252,0.011272454980935437,2.181496801972389,0.879560136422515,0.015167959623795585,1.8765968009829521,0.9363814890384674,0.009909033494562939,3.8104489997029303,0.8702084612101316,0.013111831658727712,2.6624593138694763
606,61,PPO_RLlibMacroEnv_2026-10-07_12-47-48l46d3r43,1751.4630125931797,64.42910310154919,14.111823721219368,39.762579400962906,0.7159692578422636,-5.683910173427588,46.6763457616361,0.9645519372075796,0.00836787251382735,4.76476728618145,0.9749090676474723,0.00869692467437359,2.5811971720996176,0.878919584615321,0.004732741772508395,2.076075339015526,0.9033543772995472,0.01005464982004014,1.7988927371799945,0.9348601505160332,0.012343444156795159,3.778187263011932,0.8764671612530947,0.012524685766084075,2.6427760854363442
606,62,PPO_RLlibMacroEnv_2026-10-07_12-47-48l46d3r43,1769.2598688021587,64.70562417731169,14.24768874044411,39.86580032240905,0.7215714923536926,-6.0254465469007785,46.72434968920601,0.9383714504539966,0.00796689192302471,4.724014455080033,0.9722586652708054,0.008740275033604703,2.525005342502594,0.8701542698884313,0.006886976005358819,2.03556411190878,0.8759560883045197,0.013188091289339472,1.7469008423388004,0.9190181482583284,0.013082278184583629,3.709234729409218,0.8743449322879314,0.012581794948073466,2.5144960790872575
606,63,PPO_RLlibMacroEnv_2026-10-07_12-47-48l46d3r43,1791.0778196962349,63.96904288776109,14.420616878719477,40.67785548484928,0.720919990911124,-6.221444874679056,46.73976277290054,0.9479472994804382,0.008195248573065661,4.691293969750404,0.9725443102925726,0.008061704920162407,2.472362343412387,0.8683366120616092,0.007820128035419212,2.004326888881152,0.9168007209897041,0.014374217273280126,1.766736514121294,0.9113940868526698,0.009237617717326476,3.6602576076984406,0.8614514138549566,0.013284934239845825,2.4049838319420815
606,64,PPO_RLlibMacroEnv_2026-10-07_12-47-48l46d3r43,1809.4713213524274,63.678921527722466,14.611392419189476,40.84717199498415,0.7197109743498494,-6.42264456781813,46.75908215037336,0.9268255744129419,0.009246482224898829,4.44802673459053,0.9718894394530002,0.008340814441981542,2.419053547263991,0.8071610242505617,0.013289353409472134,1.9399719506879396,0.9126596238464117,0.010977621697338836,1.7874181531369686,0.889466567710042,0.01524772480881893,3.6072442516684533,0.8402742791920901,0.010815530838590442,2.3592159017920493
606,65,PPO_RLlibMacroEnv_2026-10-07_12-47-48l46d3r43,1826.2621647216538,64.25330671621855,14.690676099506575,40.650207650517906,0.7191998060963275,-6.430851913512149,46.76569008516331,0.9517661616206169,0.011821649916419463,4.395582929253578,0.9786198719221217,0.008420600763641836,2.4553059042319085,0.8556952201112916,0.03192273008562667,1.8933446031582506,0.9183124631643296,0.012518064838696007,1.6320602953433991,0.891966013610363,0.01155908215796449,3.6102429777383804,0.8401987954974175,0.009953326744653263,2.3308237910270693
606,66,PPO_RLlibMacroEnv_2026-10-07_12-47-48l46d3r43,1847.727000656715,65.01917488274202,14.859035587510945,40.78384274312728,0.7210823264343599,-6.423704194734751,46.80550625551846,0.9614659428596497,0.009995691169752189,4.381951102614403,0.979405090464445,0.009021906077029157,2.3884505589926177,0.859397463858882,0.04374450357045825,1.9362341141398949,0.9216312818229199,0.011317352950755023,1.56746846139431,0.9298991903662681,0.011968264341931044,3.5894902303814886,0.8845098558813334,0.009632762789692606,2.3753103405237197
606,67,PPO_RLlibMacroEnv_2026-10-07_12-47-48l46d3r43,1867.535083903251,65.32250805173511,15.080112388266134,40.82339247494331,0.737558590947316,-6.508783597169947,46.78277216445943,0.9661571945995092,0.006833317931819158,4.564836302399636,0.9818517055828863,0.008779688745118985,2.331797270578363,0.870632870136937,0.008669821377545213,1.8752247915992255,0.9202914327383042,0.011834385639667874,1.4358814492821694,0.9206689704209566,0.02651990612448577,3.5908858612179757,0.8885005660355091,0.015680353469315476,2.2970864474773407
606,68,PPO_RLlibMacroEnv_2026-10-07_12-47-48l46d3r43,1879.971279945226,65.6654275000839,15.211122200572527,40.68625238839263,0.7487239674410445,-6.428124776195314,46.762482417243845,0.9524840865284204,0.0077151583961953705,4.385082560777664,0.9763339790388034,0.008353283596897606,2.2856600915640004,0.8322431166470051,0.006332638838262028,1.8782448218762875,0.9256201989948749,0.014953986127147956,1.3428584709763527,0.9036983925849199,0.017461333691790114,3.4886242672801018,0.8514704059809446,0.009563598691784247,2.229125414788723
606,69,PPO_RLlibMacroEnv_2026-10-07_12-47-48l46d3r43,1894.7094499332056,66.48812811543733,15.304437036794925,40.70165948906972,0.7633921236627288,-6.33263409910856,46.73547132896738,0.9493997111916542,0.007746979365970605,4.292183804512024,0.9744821131692529,0.008400554560098876,2.266641287536888,0.8406454268135602,0.010471354432498957,1.890377210514455,0.9291611891239882,0.011622543235171342,1.3923284322023393,0.8977837100625038,0.014568099810776461,3.4418833211064337,0.8526880815625191,0.011719518845711829,2.190790458023548
606,70,PPO_RLlibMacroEnv_2026-10-07_12-47-48l46d3r43,1910.8457461614119,66.05321698569819,15.451092223024078,40.869702006312956,0.778480505635505,-5.883889027729217,46.680400745365006,0.9296874575316906,0.0107838859806634,4.248132401704789,0.9742110603040843,0.008435773059843178,2.2733032993930546,0.8557558715343475,0.003834373834785501,1.8475377285027805,0.9158047515898943,0.011068834405023315,1.3831850238144399,0.855821805074811,0.00928345847323726,3.427550859749317,0.8348679807037115,0.013543426801516151,2.081246615201235
606,71,PPO_RLlibMacroEnv_2026-10-07_12-47-48l46d3r43,1930.3815030900118,65.22958247407564,15.696570969917117,41.2102929023544,0.7926306271064071,-5.591679519089197,46.64242065603691,0.9428344007581473,0.009732611667005097,4.169224421679973,0.9783453953778372,0.008404965726521283,2.183188899308443,0.8641859993149963,0.009758916387916176,1.8099635344517382,0.9364977076649665,0.013555810892649034,1.3773202575743198,0.8714168526232242,0.013703571867574737,3.3774238005280495,0.8769135106354952,0.012395052936699472,2.072497805953026
606,72,PPO_RLlibMacroEnv_2026-10-07_12-47-48l46d3r43,1955.689238595797,65.2221578919407,15.83841896573073,41.391216790980025,0.8087946887720241,-5.118668058818369,46.60799350245441,0.9559644743800163,0.010539412507728626,4.0446042403578755,0.9802369908695469,0.008892531578279895,2.164750912796931,0.8630193290076679,0.014209716047241007,1.8183620596233803,0.928986394777894,0.0118647759816669,1.228532464057207,0.8772013269364833,0.012462632449887736,3.3400666266679764,0.8610888727009296,0.009175047601002127,2.078167140483856
606,73,PPO_RLlibMacroEnv_2026-10-07_12-47-48l46d3r43,1970.544555688859,65.32670390327627,15.887329899337837,41.458547584137165,0.8153093430255636,-4.598621249619473,46.59362682290159,0.9585623640567065,0.008136603090224914,4.110526844859123,0.982241007137411,0.00910101209648611,2.0784000274239096,0.8946936553037619,0.005036701067637629,1.7914331940155994,0.9402450107038021,0.01175991726886441,1.0651219189167023,0.8181922759860754,0.015016001919593755,3.2287765353918076,0.8520434282720089,0.008978346666435889,2.084200382232666
606,74,PPO_RLlibMacroEnv_2026-10-07_12-47-48l46d3r43,1985.4049922247546,65.31699267629409,15.996255862329857,41.6064551674353,0.8212603310810432,-4.261862181859789,46.57463513495972,0.9312685240060091,0.008835045231899591,4.004598957300186,0.9778504079861416,0.008785223289068134,2.024541187600838,0.8601621843591521,0.011541551879054745,1.7682547434975828,0.933802654966712,0.012406196490519692,1.029621458053589,0.7621507219970226,0.009600557722751608,3.2227723255753515,0.8462290588766337,0.011308222212437742,1.9988116785883903
606,75,PPO_RLlibMacroEnv_2026-10-07_12-47-48l46d3r43,2001.251999111661,65.91980569538937,16.176167553956756,41.60183668898314,0.8322224516352833,-4.030355883108874,46.55887267985244,0.9484586372971535,0.0077049705887020535,4.034248419106007,0.9714375852641848,0.008418174637026406,1.9765881478361733,0.8504260821433007,0.010887891049592154,1.7194601372827458,0.881639413908124,0.012746594693453694,1.0262391112744809,0.8521616652607917,0.01723012172313935,3.110993292927742,0.8484245918691158,0.014403814274305659,1.8915643453598023
606,76,PPO_RLlibMacroEnv_2026-10-07_12-47-48l46d3r43,2017.3599876351352,67.10105688819488,16.250622080058196,41.55034949916856,0.8417421456266797,-3.9179861101524707,46.56241285956109,0.9406931716948748,0.008073755225359991,4.037149807810783,0.9758960077091109,0.00831696977021595,1.9295751231380656,0.8615844301030605,0.014934443079596068,1.6991987146908725,0.9324153229594231,0.010989901737775833,1.0474772244691848,0.8074611824005842,0.011161947510754605,3.0649477794766424,0.875648433342576,0.014178814914430548,1.8529454998672008
606,77,PPO_RLlibMacroEnv_2026-10-07_12-47-48l46d3r43,2036.029014686538,68.26806231214161,16.43999551510494,41.620284513544505,0.8513676984411265,-3.838024655484403,46.541646047717634,0.9427996493875981,0.008456633094181144,4.018127340078354,0.9771677167462368,0.008511854517400008,1.8820968206630033,0.8713182807723178,0.012402649437826421,1.6311190117763568,0.9419919107109308,0.009890690658721902,1.0779488325119018,0.7868427000939846,0.011578232202077812,2.9990892484784126,0.8580469090491534,0.0104230527465917,1.7390632145106792
606,78,PPO_RLlibMacroEnv_2026-10-07_12-47-48l46d3r43,2054.8249819858743,68.8073755737231,16.68428687893427,41.801499023026544,0.8589043536111869,-3.8005017801050576,46.53499998186806,0.9449211042374372,0.008350558793256807,3.9844126254320145,0.9802333583765304,0.00870694026344629,1.824423760900564,0.8812293794336198,0.01240965586213308,1.5968928432162803,0.9465662039816379,0.011478482809161705,1.01760227791965,0.827493815869093,0.016107584798487614,2.929750370979309,0.8548779264092445,0.011545353840074445,1.7877029106020927
606,79,PPO_RLlibMacroEnv_2026-10-07_12-47-48l46d3r43,2075.4510958044684,68.5954355585032,16.96918148653263,42.00528940521765,0.8694194423768234,-3.7755942042410613,46.48791007941341,0.9590796638280153,0.011014867690937962,4.090354739129543,0.9776850164896432,0.008321322927979739,1.7759679483618713,0.8881753224360792,0.004916716103432435,1.6008517020865332,0.9385133948177099,0.013236356704055652,0.8835834939032793,0.8540611486881972,0.011498107106490352,2.928607688844204,0.8876124158501625,0.010625066337661474,1.753653160482645
606,80,PPO_RLlibMacroEnv_2026-10-07_12-47-48l46d3r43,2097.7716756085383,69.52423185633869,17.145587930504725,42.1408249969472,0.8815033864597794,-3.879106177978984,46.50140128624809,0.9628832750022411,0.012346496875216403,3.891800105571747,0.9798360341493283,0.008337408249220744,1.7314836360741708,0.8723364383359499,0.012462899866728503,1.5818687307683728,0.9395759705454111,0.011508300867081028,0.8587183233350515,0.8413999274373054,0.01882043442665243,2.9249573305249212,0.9128332387655973,0.010987343897613905,1.622516706585884
606,81,PPO_RLlibMacroEnv_2026-10-07_12-47-48l46d3r43,2118.0515777680766,69.10049297886704,17.342264238190435,42.49932554050626,0.8893236740666919,-3.965134818157202,46.53069534536161,0.9405821219086647,0.011229730813579409,3.7502759858965873,0.981256010888312,0.008719668071206709,1.715246092585779,0.8722836210003382,0.012387870646443267,1.6186622683005998,0.939596664905548,0.010779202670528521,0.8992748726159334,0.8497100431472063,0.012440231728214788,2.8695336684584616,0.8661842819303274,0.009907142297561374,1.6426623076200486
606,82,PPO_RLlibMacroEnv_2026-10-07_12-47-48l46d3r43,2134.7753342851984,70.01876281509287,17.48597950983389,42.67222832001702,0.890625139269554,-4.075040354135482,46.55041817715674,0.9543184235692024,0.009982994214487917,3.774103981256485,0.9817646323896414,0.00865551624697338,1.6459411563888053,0.8964969786662089,0.014374237690118448,1.5982930799073811,0.942291023209691,0.014833405220997705,0.8464605782181025,0.8529265336692333,0.010637865921125991,2.7615309029817583,0.8852099306881428,0.013853847237623996,1.6497418694198132
606,83,PPO_RLlibMacroEnv_2026-10-07_12-47-48l46d3r43,2151.498627631213,69.45572477190028,17.667944131419134,42.84640932949125,0.8967859177983674,-4.099744382622492,46.54679845567753,0.9203978333622217,0.00722201189827274,3.892639748752117,0.9801941301389344,0.008855927156420331,1.611542360206742,0.8966783273069164,0.00869034482007758,1.6040713335894332,0.9504295036196708,0.013501683472395599,0.865359104052186,0.8755527179688215,0.008169335429568126,2.708355937898159,0.8300647016614675,0.01208087567297313,1.6488332092761993
606,84,PPO_RLlibMacroEnv_2026-10-07_12-47-48l46d3r43,2172.847140205934,69.43851357697893,17.83474455035716,42.93966347102522,0.9025108737070137,-4.1410232447923265,46.51510127575884,0.961773256957531,0.007226199432443995,3.887329970300198,0.9798883610825206,0.00828761671684164,1.5559703859155491,0.8789498132995412,0.010140505095485055,1.5440117670010918,0.9419940702617169,0.0129536311585982,0.8991671618074178,0.828074324503541,0.015894393197857053,2.6523511677980425,0.8534898012876511,0.012918606777202668,1.7364844411611557
606,85,PPO_RLlibMacroEnv_2026-10-07_12-47-48l46d3r43,2185.8191759164993,70.09720204969373,17.82031236027893,43.064615091246104,0.9032769251958409,-4.172268154423611,46.53889867143229,0.9657642766833305,0.009644767047393995,4.013675053417683,0.9826679879450331,0.009098806927450983,1.4729904499334447,0.879615749211251,0.005546284978355646,1.6078355567364753,0.9358842469751835,0.013425677773193659,0.752462936192751,0.7346593409776687,0.011027091335199742,2.6707093104720117,0.8574149921536446,0.012559325397796783,1.744891533255577
606,86,PPO_RLlibMacroEnv_2026-10-07_12-47-48l46d3r43,2196.5841188093136,70.03579912835541,17.92226853001363,43.27508525662955,0.9031355257228526,-4.058751084306434,46.54501887017815,0.9514305211603642,0.007653523468161902,3.9215190410614014,0.9845855507413921,0.009291052729796854,1.4247496409423697,0.8808140457430972,0.019739098781207724,1.571659788753413,0.9565872028470039,0.009330117190256716,0.7700862497091293,0.6952759642153978,0.011947566479966554,2.6015719056129454,0.8905384749174118,0.013059806628416482,1.6596844136714934
606,87,PPO_RLlibMacroEnv_2026-10-07_12-47-48l46d3r43,2204.392174799705,70.4799988984932,17.902396106120374,43.14331413578462,0.9007647568782963,-3.897770480571934,46.559329454887056,0.9473237652331591,0.011231113164649729,3.7573998138308524,0.9818297827699086,0.008796945435931354,1.3601754229419973,0.8965802338304399,0.006638354118154043,1.540386302109006,0.9486322727054357,0.010880088494241349,0.8755734864622354,0.833636686578393,0.012715050591941782,2.512137559056282,0.902845400199294,0.009823276004317599,1.6811582945287227
606,88,PPO_RLlibMacroEnv_2026-10-07_12-47-48l46d3r43,2214.4401323119123,69.76643826620503,18.019653691782175,43.1686655878271,0.906824703869663,-3.731070218068177,46.547345341398504,0.9441340707242489,0.008928494111751683,3.773757542669773,0.9763332673660865,0.00846541077442427,1.3471736877180298,0.8486440304713914,0.01470519716512851,1.505025476141821,0.950758820399642,0.01254287470142117,0.8040723916143179,0.8686404407024384,0.013404030482343024,2.460719372332096,0.860008080676198,0.010129962285782461,1.60296610891819
606,89,PPO_RLlibMacroEnv_2026-10-07_12-47-48l46d3r43,2217.6602459807546,69.88591855782674,18.00545487228213,43.20041084248387,0.9008080796623418,-3.6309910994334818,46.55861786052378,0.9535806730389595,0.00783871197679673,3.8751209139823914,0.9835426370949855,0.009491582906603223,1.3122550583340233,0.8823334217826022,0.0117749247776788,1.4738454758366453,0.9583143685013056,0.011378760428852006,0.7976358365267515,0.8407077219337225,0.011402649792125968,2.4920578390359878,0.895193250849843,0.01378619633987927,1.5940505012869834
606,90,PPO_RLlibMacroEnv_2026-10-07_12-47-48l46d3r43,2219.087192586553,70.51679457885449,17.99439189409708,43.28727611632885,0.8994196426669321,-3.4290728304125593,46.61908816185704,0.9502071969211101,0.011525599546667365,3.7585453376173974,0.987100987635353,0.00865206744304637,1.2905503792963722,0.9011402043360698,0.00893801587742099,1.5273079197618025,0.9535401236265898,0.011920669162646103,0.6533097982406616,0.8170468080788851,0.013942703599150355,2.484862245619297,0.8443474244326353,0.012028294614720093,1.5874090626835824
606,91,PPO_RLlibMacroEnv_2026-10-07_12-47-48l46d3r43,2216.6234807167643,70.10203356628324,18.001662309623306,43.225805056950755,0.9043146301385757,-3.4170764415741757,46.61878207046022,0.9321808218955994,0.009184958869355397,3.9491362154483793,0.9788085431072552,0.009114395491990874,1.2736383801486653,0.7995368127581439,0.01646598008987376,1.324321328990067,0.9574143651872873,0.014173795793613147,0.586852990835905,0.7734787661582232,0.009343116638501759,2.4909877464175225,0.8696621883660555,0.013030246795506174,1.4868746004998683
606,92,PPO_RLlibMacroEnv_2026-10-07_12-47-48l46d3r43,2209.9200500532716,70.10300676018535,17.952006486938195,42.94269957521939,0.9073912413475523,-3.305237559824953,46.59928523294259,0.9393313579261303,0.008273488850455122,3.9032197922468184,0.9824786060138803,0.008746484636841075,1.244958626385334,0.8606107979635649,0.010081791946136068,1.42021206013764,0.9543462790548801,0.010407120233867546,0.6399655057117343,0.7277809906750917,0.012468643668262303,2.4097038224339484,0.8612314969301224,0.008657580505678338,1.497134507447481
606,93,PPO_RLlibMacroEnv_2026-10-07_12-47-48l46d3r43,2209.799252850406,70.68038230752182,17.994664737884673,42.87895101531156,0.9091495298756979,-3.2067313180091706,46.57923214551508,0.9523214880377054,0.009905212010335639,3.7689204961061478,0.9824403947680188,0.008679133064031449,1.2069928848212998,0.8808390498915805,0.007594671056281363,1.4024569757377046,0.9611283101141452,0.010967872235642061,0.5730385104194283,0.7649533104151487,0.012050692780303617,2.3317673921585085,0.8560013275593519,0.0107949690024725,1.4810839660465718
606,94,PPO_RLlibMacroEnv_2026-10-07_12-47-48l46d3r43,2214.0829153793065,71.15428284787086,18.03046867487917,42.82898964188454,0.9134425984453586,-3.0650100468901833,46.57097055883816,0.9507663212716579,0.010129712641492521,3.691402557492256,0.982995667540598,0.008823505138639796,1.1647123201911997,0.8913555597957177,0.01919965114469546,1.328024140641659,0.948055126518011,0.012168008108187679,0.5170147007331252,0.822814368084073,0.00943848853185056,2.3020107999444006,0.8600433830171823,0.016866179561475445,1.4917550049722195
606,95,PPO_RLlibMacroEnv_2026-10-07_12-47-48l46d3r43,2231.705047295746,71.00743874821754,18.203165005129552,42.83468536088557,0.9330354735780837,-2.8085575214002048,46.53302405498949,0.9542937126010657,0.012377541973069128,3.6857640892267227,0.9840603616899496,0.00915234668182897,1.114251382277591,0.8535201545003094,0.02910572057049027,1.2574421995802771,0.9669388562440873,0.011091928181423327,0.5028408231213689,0.678481625765562,0.01061472615556351,2.2794668853282927,0.9055466875433922,0.012560724686454704,1.4155120976269244
606,96,PPO_RLlibMacroEnv_2026-10-07_12-47-48l46d3r43,2253.942226139084,70.72261424560982,18.39740562979126,42.88858302580856,0.941000210733262,-2.6657748802795886,46.50079067041156,0.9540107306092978,0.011296655362912678,3.6499489426612852,0.9865203034509563,0.009039324688113515,1.0936192561898912,0.8809695278541951,0.009764629449710821,1.2715170597728294,0.9649195790290832,0.01382873719721851,0.40994800040498375,0.7593511790037155,0.012813109157832635,2.191981014609337,0.8841089256107807,0.010601491394845827,1.479107639938593
606,97,PPO_RLlibMacroEnv_2026-10-07_12-47-48l46d3r43,2273.1915986102154,71.13019231072668,18.600146792999027,42.95266061577311,0.9455397146292394,-2.565001438744992,46.50423535185148,0.9447127025574446,0.009978133770800923,3.7317397400736807,0.987143142654258,0.009348333133508786,1.0550315216610766,0.8785514201544509,0.013954773406149349,1.235195154857032,0.9706137150526046,0.010816402540149284,0.33816532930359244,0.786288545653224,0.01635000526039232,2.166357234120369,0.9174491304904222,0.014745443872380012,1.4556501530110837
606,98,PPO_RLlibMacroEnv_2026-10-07_12-47-48l46d3r43,2309.4006259862585,71.17094004027767,18.911222440508087,43.26807829484953,0.9599798969317987,-2.520153762732731,46.47027440681993,0.9332687932997942,0.009079758237658617,3.543711172044277,0.9860235833650521,0.009078387768393354,1.0516466852233344,0.8893861796282515,0.00507775020588943,1.2626024922238122,0.9615812562406063,0.01067906880052789,0.28532858919352294,0.7663818039000034,0.013648124421797669,2.0640218891203403,0.8638171620666981,0.011117420109212618,1.4182265259325504
606,99,PPO_RLlibMacroEnv_2026-10-07_12-47-48l46d3r43,2339.422364291207,71.09541699523952,19.137378014355363,43.41440667227808,0.9823420124126392,-2.507577658782609,46.41743855593247,0.9569278854876757,0.010346640105990446,3.517298784852028,0.979788307588676,0.008534416341718443,1.0300110276730083,0.8685761738427078,0.011745607799045352,1.280362082433097,0.9590442057698965,0.010825003477839578,0.3411950070410967,0.7317750919610262,0.01167886322500647,1.9912021160125732,0.9077086474746465,0.011989845942980717,1.332564540952444
606,100,PPO_RLlibMacroEnv_2026-10-07_12-47-48l46d3r43,2360.791610324672,71.04536619156093,19.29452995189362,43.519384298721214,0.9900856634094432,-2.5225983779583614,46.40557330859382,0.9653424374759197,0.01089946815636773,3.4522658079862594,0.9830025986107059,0.00921877477880757,0.9915393404175298,0.8783863738367829,0.0063773424718546485,1.1478159546852111,0.9541380349546671,0.013477499183682346,0.28620454464107753,0.7403578262776136,0.013150927678998415,1.9301051467657089,0.9043873816728591,0.014106497223110637,1.3148447193205357
707,1,PPO_RLlibMacroEnv_2026-10-07_17-51-44poin65s7,366.93444259921773,60.42537346006944,1.6000443975708636,2.950680682238491,0.6384988697936208,31.340755069607358,37.14770432401468,-0.006669852137565613,0.003770432270493984,7.085936403274536,0.5264886825286669,0.004494812783276186,5.639623309963961,0.4008490893076051,0.004713329529806528,4.232365659722742,0.2123343672603369,0.0050915343634187595,4.217115062475204,0.09542847536504269,0.008466004268211692,4.257643210887909,6.767809391021729e-05,0.006811874983031885,4.211512789130211
707,2,PPO_RLlibMacroEnv_2026-10-07_17-51-44poin65s7,377.3150827687957,61.24830405507521,1.7268763394265474,2.8936923976976625,0.6761554072691052,31.1792524738482,37.810452002395564,-0.009904085099697113,0.006129605697546493,7.041654214262962,0.7074956454393907,0.0070058492407916615,5.561845284868366,0.6228879129202172,0.009213062449280121,4.172456595544039,0.6533307138830423,0.005807603080575071,4.182178089022637,0.42316813245415685,0.011294861443275303,4.25422170162201,-0.00010722465813159943,0.007181673619555806,4.171963587403297
707,3,PPO_RLlibMacroEnv_2026-10-07_17-51-44poin65s7,373.3384867885209,63.15871091834284,1.6545891834160529,2.8992292016754235,0.7285246892727467,31.587276051401798,38.65146803494744,-0.005948320776224136,0.0060770619649759055,7.040026840567589,0.7682904008754627,0.006272707055248698,5.5423578003441225,0.6570433768713586,0.012340444243772739,4.15611260873135,0.8342031534761191,0.00476506914624225,4.140568360686302,0.7739654768258333,0.007070674836194268,4.203103321790695,-1.2674182653427123e-05,0.003993087851813471,4.219040185213089
707,4,PPO_RLlibMacroEnv_2026-10-07_17-51-44poin65s7,367.06146050786504,63.90592311435081,1.5647277976815661,2.9375275122171067,0.7388083281919783,32.017708365536336,38.98966736093391,-0.0030731398612260817,0.00780802580326567,7.035341119766235,0.7828176226484949,0.00663068373694864,5.483205211913644,0.7056743707831048,0.01064709752327502,4.155333933764941,0.7594954550266266,0.011366737359639967,4.061973911523819,0.917183156684041,0.009844010062283828,4.162704741954803,6.652623414993286e-06,0.013616050278005786,4.111215808987618
707,5,PPO_RLlibMacroEnv_2026-10-07_17-51-44poin65s7,361.0543233269758,64.53043194537003,1.489071252809629,2.910920719458472,0.7494756066993217,32.152599954794006,39.31341683030757,-0.002609902620315552,0.01300610044823145,7.036767247319221,0.7843707731012892,0.0062973785552204896,5.4911582267369745,0.7402483921112686,0.01097551426535825,4.113783222128605,0.850536597147584,0.010292313648642467,4.038944327831269,0.9700872216373682,0.011866170980920288,4.229443967342377,1.773126423358917e-05,0.007217870106933359,4.0065749570727345
707,6,PPO_RLlibMacroEnv_2026-10-07_17-51-44poin65s7,368.4542653085993,64.47396248774685,1.5519256249064137,2.902622953710318,0.7625187880654759,32.219639482496774,39.42127448077892,-0.0005471576005220413,0.015382683722845092,6.980314299464226,0.7917162986856993,0.007281596657043875,5.442432595393697,0.7214201828448669,0.008805589289562625,4.046757317729618,0.7819596283137799,0.004579055730187065,4.064346472918987,0.9832985565066338,0.011477750935364408,4.2232538759708405,3.726296126842499e-05,0.005506082605541028,3.9893288597464562
707,7,PPO_RLlibMacroEnv_2026-10-07_17-51-44poin65s7,363.7646387612347,65.4278290510493,1.4912703118297241,2.8859193368063596,0.8048191117480576,32.41049717335327,39.911952998602665,-0.0024278387427330017,0.016426079065786366,7.027056637406349,0.8080353672051233,0.007383964516558318,5.363722057224305,0.7491956841998867,0.01003248733134358,3.9631902475442207,0.8327470116317273,0.013528099422978834,3.9990944996476174,0.9837169576436281,0.00844312975788739,4.226161766052246,0.00010840632021427154,0.0068747149727301175,3.976446969807148
707,8,PPO_RLlibMacroEnv_2026-10-07_17-51-44poin65s7,354.59249750530535,66.27539949361622,1.3782950348343872,2.8773620025277546,0.8410900399052244,32.534066039784,40.28834188191983,0.00023031234741210938,0.008720082086847516,7.07679081261158,0.7841972328526409,0.007509827407365396,5.328857631902945,0.7197680135734943,0.01119716494291948,3.910229791913714,0.7200855769217014,0.007737085755616166,3.995148378610611,0.9775232061743736,0.010121808220765194,4.220012530684471,0.00031957551836967466,0.004947458010246947,3.88650494068861
707,9,PPO_RLlibMacroEnv_2026-10-07_17-51-44poin65s7,364.65219269539824,66.06062710767849,1.4556040837048692,2.926315003264697,0.8294347917618593,32.37094343908492,40.365650283095306,0.1605681825429201,0.007651223763491611,7.024559551477433,0.7802292921574288,0.00780103608251109,5.27274933021053,0.7477620595877391,0.008457562532534,3.866774382255151,0.6591062467545271,0.012563601393480932,3.8635634765028954,0.9763717725872993,0.008542460825492527,4.203785407543182,0.01121627800166607,0.007894559194255663,3.848692448437214
707,10,PPO_RLlibMacroEnv_2026-10-07_17-51-44poin65s7,360.9371513107014,66.5335020330736,1.4238324012649788,2.8588412625443658,0.8591057183915715,31.784433371192964,40.64246079808724,0.5659560233354568,0.009580900061587341,6.964440241456032,0.7733189060033193,0.007671848718420782,5.244750014260812,0.7721963041694835,0.0123285993881475,3.7809031058102844,0.7512882586568594,0.01630171930723918,3.7152000248432158,0.9828409612178802,0.005488141325713547,4.20974041223526,0.005872777476906776,0.012462735617964451,3.7194145932793616
707,11,PPO_RLlibMacroEnv_2026-10-07_17-51-44poin65s7,363.84886054988135,66.7590650052276,1.4489678261857837,2.8395219023607097,0.8867837946205189,31.357727621307422,40.810487977741005,0.7105961889028549,0.01136622247836962,6.935592731833458,0.7879851657793342,0.00803468798645532,5.180565874548073,0.7615187879870919,0.009788314150550743,3.772029811260747,0.7649402529001236,0.014894313077297739,3.689950296282768,0.9834972597658634,0.00630241441880347,4.2133126854896545,0.18319788239896298,0.006301743626249886,3.70082930624485
707,12,PPO_RLlibMacroEnv_2026-10-07_17-51-44poin65s7,365.62081907079124,68.35489514629427,1.4268389367580425,2.878666534180422,0.9207673496295434,30.659767061316124,41.393624490274966,0.8126386057585477,0.005959588525388426,7.0246086657047275,0.7728949745715652,0.008124885337118578,5.144039532323474,0.7412050452196237,0.008817685254954003,3.731154040856795,0.7905219320207835,0.015282194721976386,3.6523295059800147,0.979171184822917,0.005429247664079639,4.2210678845644,0.31313049159944056,0.008941101447567271,3.7524529501795767
707,13,PPO_RLlibMacroEnv_2026-10-07_17-51-44poin65s7,378.5342856684694,69.08507054595765,1.5274952217756974,2.9284020669579935,0.9414027341604111,29.986692461096908,41.81987875048509,0.8873035114258527,0.012476398638045887,7.111894908547401,0.8176877450516207,0.008261767940106152,5.12569426857814,0.7628272922467986,0.010114370773704216,3.571216631534209,0.7015212830156088,0.011325208048674582,3.6397200614213943,0.9863719444721937,0.006380170582156131,4.156842204928398,0.4188917260617018,0.00935790765497591,3.7423908025026322
707,14,PPO_RLlibMacroEnv_2026-10-07_17-51-44poin65s7,405.2575827262766,69.7784387773002,1.7635455325010705,2.993058256663431,0.9915436743892618,29.19403054232617,42.14802017933045,0.821307399123907,0.008015158383756299,6.9224490493536,0.8044769174288052,0.00927008476983509,5.013451879474611,0.703200737611357,0.007506209853948323,3.507403785636626,0.8462735984474421,0.0141417812433247,3.6487040385603904,0.9794710241258144,0.006362675076866289,4.139569056034088,0.404718242585659,0.0114150949649002,3.6706707179546356
707,15,PPO_RLlibMacroEnv_2026-10-07_17-51-44poin65s7,413.3532789121236,70.6170369833933,1.845153264190403,3.0123507010991784,1.0779934751819218,28.405562267279738,42.49158426356724,0.883945182710886,0.01165951182824756,6.902153894305229,0.8062834625242176,0.007952016939846185,4.956899569276336,0.7095189471225269,0.008729092568890545,3.4594294857783394,0.8925380673259496,0.006072021757199812,3.667096923291683,0.973480972647667,0.006260835722855555,4.1510886430740355,0.37285780198872087,0.009209933794863952,3.626740902662277
707,16,PPO_RLlibMacroEnv_2026-10-07_17-51-44poin65s7,437.5511246760169,70.89694567338077,2.047229188360019,3.182871798834696,1.115756047210554,27.87195717808619,42.732510816220156,0.8624206833541394,0.009162653622593098,6.808947619795799,0.8268791380786896,0.008333424337876276,4.9594434468460085,0.768917929718637,0.007746697753983857,3.385079569184882,0.7629688262939454,0.01232840220827716,3.567704713344574,0.9859595376998186,0.007698136447766074,4.126007860898971,0.4174408670514822,0.008287200384847893,3.692521242797375
707,17,PPO_RLlibMacroEnv_2026-10-07_17-51-44poin65s7,456.50243607875194,71.75430125493857,2.2057006103480834,3.393225185955685,1.1729042716007494,27.101054097997217,43.00871370156583,0.8078844029456377,0.014867814816443652,6.7111587762832645,0.8378070212156761,0.008137548818374293,4.882589031626041,0.7689826449281291,0.011237135495595919,3.3353105111080303,0.8489566806703805,0.008557375222199012,3.512686650454998,0.979414115101099,0.006137114572152313,4.128881677985191,0.4343027614057064,0.008476002136853865,3.7253307685256005
707,18,PPO_RLlibMacroEnv_2026-10-07_17-51-44poin65s7,484.8232889084746,71.12479090845991,2.46895646247864,3.832920834023027,1.193087853182348,26.066219305423104,43.23465635267461,0.8400376331061125,0.011810096268959647,6.828184059262275,0.865137302942383,0.00837581134075345,4.80717943142622,0.7912137323412402,0.009394147514114432,3.232999723533104,0.8669443786144256,0.012513529720922633,3.4578429833054543,0.9707452341914177,0.005214332592231618,4.080512109398842,0.4502289183437824,0.008375273822775853,3.7815882101655007
707,19,PPO_RLlibMacroEnv_2026-10-07_17-51-44poin65s7,512.2206565340953,70.6746715141575,2.710623449514566,4.3162149997749655,1.2057723353528664,25.10443415053323,43.44533181044757,0.7830382134765387,0.010663939197809285,6.860338947176933,0.88683470911667,0.007969896080556536,4.706726037361583,0.8091327869123028,0.010348198121699815,3.105668914446267,0.8615620769560337,0.013510075567592183,3.2626707762479783,0.9681419670581818,0.00559288321146596,3.9683970719575883,0.5807615105062723,0.008251680271246186,3.7472856089472772
707,20,PPO_RLlibMacroEnv_2026-10-07_17-51-44poin65s7,535.4499451606841,70.85434984222395,2.8683430016258566,4.964395406444693,1.1906866628337474,24.184591574654192,43.77369347990266,0.7456259682774544,0.014894281407185956,6.772188046574593,0.8827163965758599,0.0085597569616769,4.661862402640784,0.7115757893729996,0.018658612572863394,2.9860273333696217,0.8349284633994103,0.01069567373742762,3.1661761477589607,0.9692239504307508,0.0050989414422986466,3.9560188978910444,0.5778098169714212,0.01356813378926067,3.8146095857024194
707,21,PPO_RLlibMacroEnv_2026-10-07_17-51-44poin65s7,563.5411251859275,71.71428243747191,3.0701699916925644,5.55978035315974,1.1852154374380306,23.244089999963112,44.05042696279696,0.7587493762373925,0.008791860231554075,6.656907704472542,0.888331693420357,0.008361416843674295,4.609666589829499,0.7774441255396934,0.012892287851687641,3.0021822532816747,0.9255047172307969,0.01130757188691411,3.060335573554039,0.9760049894452095,0.0058752610715601256,3.9651517063379287,0.575424499437213,0.009711206626434479,3.8047125026583672
707,22,PPO_RLlibMacroEnv_2026-10-07_17-51-44poin65s7,598.0831564287222,72.69779085000668,3.3525824367645063,6.2074067640009885,1.1946797016689599,22.258818370924878,44.36811556193233,0.7120741229504347,0.010019767574107252,6.683282393217087,0.8998935251099289,0.008636494339261381,4.555318611214875,0.769029553884115,0.009319471232922809,2.9473647949023123,0.8429287321865558,0.008929027124258937,3.019930773973465,0.9646583892405033,0.006496185042692559,3.9704780012369154,0.6803774509578944,0.011828653650070516,3.7245186239480974
707,23,PPO_RLlibMacroEnv_2026-10-07_17-51-44poin65s7,635.3855229856835,73.12342223649074,3.6789488799864736,6.82385485246899,1.1964013886555978,21.133771399325184,44.652276244741245,0.782673404738307,0.014589381668520312,6.659001836180687,0.8994845366430283,0.008276281888734811,4.525806058921814,0.687054271007839,0.00795432546584559,2.8159888654006155,0.8827405910938978,0.013060755009792105,3.0184913486242295,0.9617774069309235,0.0047248080458558665,3.952586729824543,0.6766775611788034,0.007371581775987629,3.7270434692502024
707,24,PPO_RLlibMacroEnv_2026-10-07_17-51-44poin65s7,680.809220074084,74.36463399628832,4.037917699536328,7.44692165747759,1.2339045604371999,19.738388320820675,44.95311608419499,0.708090790361166,0.013490594885138419,6.614577519893646,0.9133424566342281,0.008119615736032197,4.4950077286867,0.7661042589589028,0.012132671681960305,2.7158308664957684,0.8009832583367824,0.010173162657065474,3.026899275183678,0.9470417521893978,0.007827502342138396,3.994140994548798,0.6771168809384107,0.007028548226344408,3.751750910282135
707,25,PPO_RLlibMacroEnv_2026-10-07_17-51-44poin65s7,719.6868206162343,75.80678799210612,4.310433587139389,8.012974830068082,1.2350068397134968,18.599036957038855,45.266527859902254,0.8360716838389635,0.011328574962283256,6.800776660442352,0.9183344761858572,0.00827151703459512,4.422205215804982,0.7500680205262737,0.03411746817303953,2.648977613596269,0.91407676525414,0.0071763682431083,2.934384171664715,0.9574099838733673,0.006070824202754496,3.897050750255585,0.7372023545205593,0.0061310687160699255,3.685234086215496
707,26,PPO_RLlibMacroEnv_2026-10-07_17-51-44poin65s7,745.8612950138116,75.96259690860266,4.586983039710696,8.368115840011212,1.2288511146286976,17.24307537002113,45.3695304998344,0.764711881056428,0.01219744429591867,6.515278640389442,0.900754546581643,0.008078890386037168,4.32385191425993,0.7292672016403892,0.009475444623046218,2.60586286241358,0.8661518033593893,0.007737958037978461,2.8730360493063927,0.8815889090299607,0.0055133750623099715,3.8088309824466706,0.7956134062260389,0.007083193689106845,3.608101499080658
707,27,PPO_RLlibMacroEnv_2026-10-07_17-51-44poin65s7,774.7532212032652,75.84720577788543,4.802707908767846,9.124999261962918,1.198662378499961,15.994719985385686,45.5717571996437,0.792308421805501,0.012162551787989173,6.512835961580277,0.9091066600322354,0.008352010838107781,4.2464667800410245,0.7514003619551659,0.009031508482429444,2.5469298692047597,0.8942383591085672,0.009738988339677308,2.789276251196861,0.9028448697179556,0.0069756495001457005,3.8138710811734198,0.7343054730445147,0.008223006058210604,3.7122955068945886
707,28,PPO_RLlibMacroEnv_2026-10-07_17-51-44poin65s7,801.7912570253204,75.36521992353178,5.0021106366016355,9.929410170567298,1.1619438307221208,14.753147112786973,45.66804932125594,0.8171765226870775,0.011426871047274415,6.489761501550674,0.9161327296051719,0.008652215526524244,4.200108822949191,0.7908610925470528,0.011568530752695202,2.5410210891773826,0.8821206096559763,0.014705407018846095,2.623903287947178,0.8624480754137039,0.006941257757125679,3.8001851245760916,0.7755796529352665,0.006478569747491747,3.7163331374526023
707,29,PPO_RLlibMacroEnv_2026-10-07_17-51-44poin65s7,837.8595399373953,74.79087877872816,5.226500286078203,11.20944616355492,1.100475846254804,13.899711006968822,45.891151355071614,0.8684202414005995,0.011781532303234732,6.4180734872817995,0.9356020689915778,0.008428467340499875,4.119550407267739,0.8043721793379103,0.008046861626867864,2.361256420612335,0.8756218627095222,0.012709910240118994,2.5355174273252485,0.8807975254952908,0.006755784707911517,3.7859795153141023,0.7272864211350679,0.00856235007058791,3.687484200298786
707,30,PPO_RLlibMacroEnv_2026-10-07_17-51-44poin65s7,864.5818440215921,75.71932455618506,5.4179136589944825,12.184949871131083,1.0479254973348109,12.716654902443425,46.079347098838404,0.8396720711141825,0.014219917755428923,6.3005024015903475,0.940230107444772,0.009463017589749033,4.052653743173304,0.801428956248694,0.013624300477620942,2.3774159863591193,0.9107869617640972,0.01579236684792712,2.4226250797510147,0.865194995701313,0.007944179879939433,3.798142582178116,0.7715809345245361,0.008705384213089987,3.6682569831609726
707,31,PPO_RLlibMacroEnv_2026-10-07_17-51-44poin65s7,899.1046087612402,74.8327065295062,5.725298434034603,13.42484986224177,0.991132980100837,12.148432808894485,46.09019888833154,0.9170753352344037,0.012190464320019741,6.6120306015014645,0.9418217197757784,0.00864188183097788,4.0011725454837155,0.7551897274009113,0.006405478996558833,2.3280669089021355,0.7484060734510422,0.006848262710991643,2.4094845965504645,0.8590232208371162,0.0071095272514867715,3.709134404361248,0.7386466484516859,0.011167679527352509,3.6267888501286505
707,32,PPO_RLlibMacroEnv_2026-10-07_17-51-44poin65s7,937.7944330658605,75.37025967751828,5.922298454269147,14.879890610396636,0.9453914057623852,11.70121385787881,46.25383160157454,0.9037213355302811,0.012845092325460583,6.456053277850151,0.9482118450196051,0.009262865509258129,4.009961909673563,0.8061140592791076,0.013916068181788432,2.350383057145991,0.8087153740227222,0.00932178632515388,2.5516076564788817,0.8830074481666088,0.007069737684764732,3.7546380504965784,0.6907726932317019,0.009303541694203037,3.6331120416522027
707,33,PPO_RLlibMacroEnv_2026-10-07_17-51-44poin65s7,966.5164974832438,75.14308869321894,6.158813444440418,15.999724150664894,0.9224205201122817,10.843992674894986,46.31441799702076,0.8958712991327047,0.009231757209102123,6.399893921613693,0.9475273775727141,0.008451567276835846,3.9438459618699317,0.8070203258514405,0.005879015041529789,2.3776895738601684,0.8886140387505292,0.01456789736380415,2.5168835863471033,0.7557447854429483,0.00798674107717261,3.78049486130476,0.7626683343201875,0.011970787650170739,3.5416090831160547
707,34,PPO_RLlibMacroEnv_2026-10-07_17-51-44poin65s7,998.2541451858011,74.76293700438616,6.436105221343609,17.162007323279255,0.894840991983081,9.874974516725478,46.40820322904899,0.8791294068098068,0.010258288026585845,6.267744156718254,0.9509865627824798,0.00896877367525213,3.941611951062846,0.7977325114777418,0.013773971108735062,2.3387824219416795,0.8544835913926363,0.012161207149620244,2.5075368255376818,0.7055285576730966,0.007207479853099176,3.8179878666996956,0.7000265207141638,0.009173578907757536,3.522334297001362
707,35,PPO_RLlibMacroEnv_2026-10-07_17-51-44poin65s7,1029.4225283335402,76.02840016837116,6.690212720315563,17.973470294901183,0.8760888622346975,8.512946610977012,46.46208144100393,0.9017295148223639,0.008100167980865247,6.337633210420608,0.9543783443915593,0.007870322990157894,3.945229785972171,0.7994631176501249,0.0095661316732357,2.2380242069210627,0.7981897830963135,0.01050852714265602,2.482144446671009,0.7255129680037499,0.006557747756892288,3.81930216550827,0.7527770582586527,0.012557931761716646,3.5881115227937697
707,36,PPO_RLlibMacroEnv_2026-10-07_17-51-44poin65s7,1085.2748488797129,73.34585173828964,7.186041007940903,20.56352410851085,0.819307948946695,7.635882139366538,46.55217269111643,0.9226924650371074,0.011506284832489656,6.509002858400345,0.9543635007461463,0.008438996657955812,3.8922747376701112,0.7965551330762751,0.004871494631517174,2.170728479647169,0.8630904965102673,0.017800832002922196,2.2800685063004495,0.8149402417242527,0.006777467293369509,3.8090115562081337,0.8145846739411354,0.008782499658536835,3.5487729594111443
707,37,PPO_RLlibMacroEnv_2026-10-07_17-51-44poin65s7,1111.6344847344458,73.41588122564045,7.402688610738821,21.01612757110499,0.825706278928322,6.273182327810149,46.66611782970348,0.9029275298118591,0.01239463863205419,6.53334487080574,0.9526505852391751,0.007802652884440416,3.806687940524866,0.8193890436670997,0.00894120972540536,2.1766549348831177,0.8817075733095407,0.013029428181016555,2.21473036557436,0.7703017130494118,0.005758331793185834,3.7982511535286902,0.8255705270916224,0.013501007683453354,3.4658644407987595
707,38,PPO_RLlibMacroEnv_2026-10-07_17-51-44poin65s7,1130.565478835175,73.379610436733,7.630446823025091,20.893748767997383,0.832467827709842,5.043835116246051,46.69842120257786,0.9292801268398762,0.009763047156343418,6.1422417730093,0.961423176619649,0.008785600183289529,3.7356413884596393,0.7809383712524225,0.010124490392699352,2.1099460089502258,0.9053361278027297,0.015016075867333823,2.131908981502056,0.7055737785995007,0.007445041270231961,3.812490874528885,0.8063217863440514,0.011883753400286422,3.354587721824646
707,39,PPO_RLlibMacroEnv_2026-10-07_17-51-44poin65s7,1168.2670253324864,72.99786040211862,7.9658431114776,22.011133877671252,0.8021125657975918,4.439197786753339,46.80661633737526,0.9415809664875269,0.010895910237758427,6.218439838290214,0.9557859942728391,0.008626426456264569,3.6448227279391023,0.8178116399686314,0.021648291484159452,2.031249955556925,0.8477743964642286,0.01721607184007337,1.8911673583090305,0.7129860855638981,0.006924335993005615,3.812456239759922,0.8357657566666603,0.018292620793045077,3.402374742925167
707,40,PPO_RLlibMacroEnv_2026-10-07_17-51-44poin65s7,1204.0347735871815,72.55305159229906,8.275786717362037,23.195729074891823,0.7788564980405733,3.9710225401310697,46.90567131909139,0.9125511229038239,0.01210533255703034,6.0747102946043015,0.9563476655377735,0.009172002000797905,3.5784495790922866,0.7540871773688298,0.013016975644827742,1.964890122188712,0.8871890492737293,0.019661298958453817,1.7288229256868362,0.8057196903973818,0.00641746062428869,3.8589372411370277,0.8157456051558256,0.011806667261703296,3.3402917832136154
707,41,PPO_RLlibMacroEnv_2026-10-07_17-51-44poin65s7,1227.3238993428024,71.30544249520398,8.51893046870283,23.75629349099099,0.767358918366142,3.8584468150840547,46.94479411727629,0.9307109653949738,0.012016136195416229,6.104747393727303,0.9621514182848948,0.008531680778759302,3.5249184719356084,0.828333660121103,0.008883297117737811,1.940941340483508,0.9033037845045329,0.016984084375144447,1.6151085682213306,0.7435044903308153,0.005566455290090785,3.9086466670036315,0.7893513944000006,0.011654586153054054,3.351742735505104
707,42,PPO_RLlibMacroEnv_2026-10-07_17-51-44poin65s7,1260.7022001518046,70.38886455776128,8.866423295907767,24.586508740035942,0.7621118328021075,3.121521422342654,46.91302909183285,0.9274943582713604,0.009750091906812714,6.153180509805679,0.968474382649136,0.008344561223323223,3.5088086734578767,0.8432638143715652,0.009975983328587044,1.9480424159246943,0.8528122588992119,0.013759863952509476,1.5432528257369995,0.8933267306536437,0.00717200084573055,3.928689868748188,0.8550410315394401,0.0105717877888538,3.3883165568113327
707,43,PPO_RLlibMacroEnv_2026-10-07_17-51-44poin65s7,1278.8198280173053,70.20700402004837,8.99125466865032,25.12102628372771,0.7539542815154331,2.6361403709097333,46.92458077264262,0.9455706749111414,0.015670889393277532,6.090295264124871,0.9629726960956592,0.00838468567177042,3.4320787728292,0.8222402398539062,0.008560488286538302,1.944854219243078,0.8860860008746385,0.01542334163993941,1.4765174761414528,0.8091922208666802,0.006152743297343515,3.8724818632006643,0.8371296312659979,0.00940339983874319,3.331017079949379
707,44,PPO_RLlibMacroEnv_2026-10-07_17-51-44poin65s7,1304.0594868112807,68.98423885797763,9.226630288122989,26.596734374395513,0.731322158259632,2.2938112127675105,46.93939536853637,0.9621581755578518,0.014467479471704991,5.986041757464409,0.9595215453078171,0.00875161587489421,3.377235076612006,0.8470148427919908,0.007506789607791092,1.964574184923461,0.8739766154438258,0.01264482642841358,1.3971424132585526,0.7812872257083654,0.007509579348561642,3.794937701523304,0.8341023776680231,0.017905346710995296,3.1859746098518373
707,45,PPO_RLlibMacroEnv_2026-10-07_17-51-44poin65s7,1324.628366503212,68.0603727124398,9.431399345754079,27.55947472552979,0.7253506023061007,1.7793896433668317,46.902939104897676,0.9651540532708168,0.009026828261085269,5.942446494102478,0.9663825387287586,0.008661731355339411,3.299654035835831,0.8543407894347025,0.011876311608018546,1.8939011966404709,0.8823764525353909,0.013825260660428284,1.263090395927429,0.8728121474385262,0.004808390012408431,3.768623724579811,0.8487935144454241,0.007289212316300186,3.2078297078609466
707,46,PPO_RLlibMacroEnv_2026-10-07_17-51-44poin65s7,1344.4800072806386,67.0752918291323,9.591954066727737,28.318178780166313,0.7277135419969308,1.5432505011175126,46.8806988215977,0.9442593671381474,0.011330713724874148,5.915647968649864,0.9624241140415503,0.008735179992938335,3.319947588369828,0.8249425569078425,0.0063971666905742455,1.8408156326838903,0.9142740286886692,0.014300990415222259,1.2102891139686107,0.7929800685495139,0.013127915508255272,3.8723243087530137,0.8125279810279608,0.012280281745256616,3.1977247923612593
707,47,PPO_RLlibMacroEnv_2026-10-07_17-51-44poin65s7,1368.869003852701,65.97443012439302,9.85651854542025,29.447739176888398,0.7178479251249485,1.1443216043630688,46.84597972727754,0.9481430012732744,0.010338046665492836,5.7946604758501055,0.9661059310339918,0.009333287791057548,3.219848442374039,0.849220398037704,0.010584894788839566,1.815663050376263,0.8931837361305952,0.01103085339673287,1.3104987524449825,0.7030821904540062,0.0062225439195117815,3.877451078593731,0.8456452548503876,0.007547832131388077,3.112560960650444
707,48,PPO_RLlibMacroEnv_2026-10-07_17-51-44poin65s7,1372.4757363185136,68.26004953965065,9.839628698608047,28.324837274771365,0.7298317850875745,0.39954979846746824,46.88141802929258,0.9528775677084923,0.010661347884456518,5.623480576276779,0.9631315009177097,0.008500466701886589,3.154447386089278,0.8560045407683241,0.009758966616890595,1.8272097779255287,0.8803080838173628,0.013428045714499603,1.4097528174519538,0.8767867408692837,0.01046931028331528,3.832507112622261,0.8267926901578904,0.014442234466787435,3.0609574243426323
707,49,PPO_RLlibMacroEnv_2026-10-07_17-51-44poin65s7,1387.5281528229596,68.4373036628913,10.044327021284923,28.86217641570933,0.7227852016200869,0.2096256980496635,46.87967287178816,0.95216264128685,0.010346962977314671,5.776081842184067,0.9711609412425183,0.008913398139964146,3.042584040039857,0.8268887354198255,0.008332905849062008,1.7775854211104543,0.8871959701180459,0.018566767453740037,1.27336208447814,0.79342993311584,0.00881279090269805,3.7169724360108374,0.8258769743144512,0.008427992263477867,3.1310169786214828
707,50,PPO_RLlibMacroEnv_2026-10-07_17-51-44poin65s7,1396.973012556703,69.3053898172115,10.14601626976494,28.327214123509613,0.727469550549131,0.0023567772424396317,46.881144331497865,0.9529396243393421,0.012667665063600248,5.562526574730873,0.9669090614472545,0.00843471561598368,3.0031911030692875,0.8455364419165112,0.011033567383285899,1.713882819130307,0.8778278719633817,0.01551441278893454,1.1430948328226804,0.7686378888785839,0.006237074386558561,3.7309042409062387,0.8198565363883972,0.013546728237497602,3.0857345551252364
707,51,PPO_RLlibMacroEnv_2026-10-07_17-51-44poin65s7,1410.362515935964,69.66349874036116,10.311656123884246,28.18304138987793,0.7286169058014005,-0.052587299378762074,46.879270059734324,0.9626048106700182,0.011501786717667797,5.660038250684738,0.9690642194899302,0.009084721355739237,2.971722183341072,0.7949555424592828,0.006794015883382782,1.6970306147811234,0.8856853775680065,0.019505301764275087,1.161661408096552,0.8102561417967081,0.015948775488936966,3.7988770976662636,0.8236946653574705,0.011614053897460508,2.9555447563529014
707,52,PPO_RLlibMacroEnv_2026-10-07_17-51-44poin65s7,1429.9507481697544,70.02239516671769,10.527939408455223,28.64527274815944,0.7186255655414503,-0.4924105627302988,46.88600297291756,0.8905991218984127,0.011349037877767209,5.4078444480896,0.9706129611780246,0.009093035889308772,2.881884500402727,0.8494606604067128,0.004983712171782868,1.5921436708964658,0.8981702279299497,0.02057107033761004,1.047719269990921,0.857164864987135,0.009625452652142031,3.882879611849785,0.8405175182968379,0.009857677993431934,2.9578847393393515
707,53,PPO_RLlibMacroEnv_2026-10-07_17-51-44poin65s7,1450.3126728783589,69.48342310309354,10.703792782073858,29.45013102448903,0.7132651319271048,-0.9147184467824103,46.87322633130268,0.9724498294293881,0.012772884022774633,5.64850497841835,0.9682812318833496,0.008472732328673927,2.8467369301084795,0.8281497040899789,0.008473826594519375,1.562676404162151,0.8988758105784654,0.017479499771434544,1.019379922002554,0.8605662383139133,0.008892222560643915,3.8394352227449415,0.819481111317873,0.014672270136179657,2.9768215715885162
707,54,PPO_RLlibMacroEnv_2026-10-07_17-51-44poin65s7,1485.2101519868097,67.52596525744637,11.054511264759887,31.365203147417443,0.6959468941988277,-1.1585125690821059,46.8324500131033,0.955622448772192,0.008686785396639852,5.499999749660492,0.9706873171054685,0.008780442550963618,2.77790756908904,0.8267576269719793,0.02580800698521864,1.5965987782368716,0.7673535730689764,0.01972294051247466,1.0086726251989604,0.8856915045529604,0.00950138228411106,3.8414699152112006,0.4540110919624567,0.012167764841433473,3.0535109624266625
707,55,PPO_RLlibMacroEnv_2026-10-07_17-51-44poin65s7,1508.8298948756951,66.62577160287996,11.32441121903743,32.43481055675935,0.6892669223915742,-1.5421416947302304,46.816139507032496,0.9647930711507797,0.012950899275415654,5.826239758729935,0.9701545412712786,0.008830724223739251,2.724241562483301,0.8320646356387311,0.004918061658599435,1.6339041340781981,0.9114483583718538,0.013163323816843561,0.9318176414817572,0.8281696818768978,0.011344630595112962,3.726593142747879,0.8277952075004578,0.012494093530494937,3.0990030437707903
707,56,PPO_RLlibMacroEnv_2026-10-07_17-51-44poin65s7,1540.798970660423,65.82733737578296,11.661930371792018,34.54914509542728,0.6720624281845664,-2.0730207947886288,46.81444732902262,0.9563664201647043,0.013169540777153354,5.518432042002678,0.9668242510372907,0.008364548267758443,2.639116224204704,0.8108419034452665,0.018381656480111513,1.5641315700042815,0.8970466997474432,0.020451375471748363,0.8964692484587431,0.8072663187980652,0.0202434771942535,3.6934003099799155,0.853376591950655,0.009275671146315376,3.026406097412109
707,57,PPO_RLlibMacroEnv_2026-10-07_17-51-44poin65s7,1559.6718810296027,65.75132318799655,11.838089081206101,35.39831314765783,0.6680211084866048,-2.7392488805033923,46.809487038419945,0.9561942305415869,0.012894723294766947,5.429568609595298,0.9692539748429688,0.008669321292370327,2.558274862783175,0.7989470400724066,0.012865990752707368,1.5042968050543084,0.8990381117910147,0.018521952584251267,0.7917735554277897,0.8757598351687192,0.010130139606917577,3.649459132552147,0.8179947305470705,0.014664068217007387,3.0423137843608856
707,58,PPO_RLlibMacroEnv_2026-10-07_17-51-44poin65s7,1575.0522274941786,65.83906496439258,12.05851958670087,35.9282345339623,0.6695617561234828,-3.4760984038060987,46.783258410500075,0.9588094148784876,0.009368836960402405,5.256164798140526,0.9742740765884342,0.008902692389093959,2.543638419822717,0.8080474601516241,0.004156856168237593,1.5046079090878934,0.9226371545344592,0.0165830511312381,0.7665932111442089,0.8799020901322365,0.011437108271093238,3.6854739829897882,0.8506154589354992,0.012080109149974306,2.950272434949875
707,59,PPO_RLlibMacroEnv_2026-10-07_17-51-44poin65s7,1585.15726835715,66.15661001932071,12.24454276392258,36.19141470147779,0.6686111740671543,-4.119639484791662,46.79145779753814,0.9603100597858429,0.014206511055636199,5.082345521450042,0.9758280663800388,0.008955558814201094,2.511055009387364,0.8402133059501647,0.019752223060984307,1.4598344656825066,0.9228825256228447,0.021759606063869997,0.7132071118801833,0.918047271668911,0.01035513309748245,3.676641497015953,0.8808344263583422,0.009944952532896513,2.9397264033555985
707,60,PPO_RLlibMacroEnv_2026-10-07_17-51-44poin65s7,1610.3581485621967,66.56762325449584,12.552456183373826,36.882216467120536,0.6715649847079612,-4.954831167126943,46.82178833236645,0.9510166954249144,0.013527746410000253,5.056127366423607,0.9761135156778619,0.008321570453318898,2.476675733644515,0.8581304839253425,0.008204922815857574,1.402751745581627,0.9124674458056689,0.014318830917182116,0.6306866321712732,0.898066695034504,0.008791147931765409,3.6484473973512648,0.8088121570646762,0.012561416499443112,2.8563506096601485
707,61,PPO_RLlibMacroEnv_2026-10-07_17-51-44poin65s7,1635.3142936093654,66.76177859186596,12.745064104504195,37.32921310856207,0.6705203998032873,-5.45437319618091,46.828278788337904,0.9228027995675803,0.01497656322990224,5.097101244330406,0.9811900216774422,0.008724196892350091,2.321256628811965,0.8817424016445875,0.01546435969872924,1.399064353555441,0.9104710724204779,0.014128796608565836,0.6860448453575373,0.9275212995707989,0.008420619836044866,3.594750291109085,0.8044638566672802,0.011438075605769985,2.749661532044411
707,62,PPO_RLlibMacroEnv_2026-10-07_17-51-44poin65s7,1654.7704285824523,65.65376381247964,12.911552198009622,38.08934063972174,0.6695313994764214,-5.638364771782742,46.8412123693562,0.9431152023375035,0.00835542933737115,5.138800618052483,0.9767409568768369,0.00913601292314848,2.2938420461505604,0.8254044480716126,0.0130447601339325,1.3486204141302953,0.9286800432950258,0.012005381509334256,0.7460365518927574,0.8907971300184727,0.007911783087365693,3.5278453513979913,0.8325410325080156,0.011826453764206355,2.52428198158741
707,63,PPO_RLlibMacroEnv_2026-10-07_17-51-44poin65s7,1674.914302783569,64.84802711715628,13.089866221494932,38.69915375392732,0.666567267346901,-6.13474607286897,46.862976064885444,0.962665519118309,0.01238693177679152,4.966828984022141,0.9719795947828994,0.007823162995435605,2.24809753485381,0.8490268878730727,0.009085525227110787,1.3634025620825496,0.9036449395120144,0.011445489600737548,0.8199643574655056,0.9217547215521336,0.01601644848645952,3.5839801147580146,0.823570192232728,0.013775203946716042,2.340047577023506
707,64,PPO_RLlibMacroEnv_2026-10-07_17-51-44poin65s7,1692.5457375721855,64.70212692245745,13.220719834905777,38.95197973707919,0.6635520102767597,-6.427503122252484,46.88778424281327,0.9483888521790504,0.010346753221756756,4.799465399980545,0.9785796078221655,0.008493795333863251,2.2290871400374344,0.8388480645946309,0.012322399406919638,1.2942424650433697,0.9110032007098198,0.013061533968357502,0.7844859585165977,0.858257095888257,0.01167992316318312,3.5031588673591614,0.7641127407550812,0.011823368676960074,2.296062570810318
707,65,PPO_RLlibMacroEnv_2026-10-07_17-51-44poin65s7,1714.3662026534535,64.67918281966138,13.36332518562041,39.291175266614154,0.6654256763825191,-6.79521470399377,46.90538842567015,0.944916881993413,0.014329320815886951,4.623650974035263,0.9776721398911546,0.008495641170806827,2.1445146913779216,0.8537508191187171,0.02190581446011032,1.1514461423777327,0.9212917514145375,0.015508744134081098,0.7447773691266775,0.927680391073227,0.007302495369719964,3.499499240517616,0.8543151196092367,0.008267884088786676,2.4341306358575823
707,66,PPO_RLlibMacroEnv_2026-10-07_17-51-44poin65s7,1728.2300160188079,64.61889088260864,13.395690101769718,39.59660152741523,0.6578139182202317,-7.263240788771713,46.95573629249363,0.9488334372639656,0.013718454911895606,4.649838665127755,0.9781134416904582,0.008341322894496279,2.0842553649367463,0.8524557367910313,0.012175225335889807,1.1361279096784471,0.9163281001150608,0.015179398997497873,0.5754937209188938,0.919921699911356,0.007775188850300252,3.448407915234566,0.8382442079484462,0.00823573204395427,2.40705296844244
707,67,PPO_RLlibMacroEnv_2026-10-07_17-51-44poin65s7,1736.671141372105,64.50197742849421,13.472011917992022,39.61605319424072,0.6588418090623479,-7.737381267982535,46.97704776988513,0.9563284799456596,0.01083037667485769,4.832998645305634,0.9802915300930269,0.008461632309510055,1.9550046163341772,0.8531801559776068,0.008969648626043636,1.0987552136927843,0.9257673159241676,0.016951532802886755,0.6391759015619755,0.93624870441854,0.012956603229531538,3.4632727935910226,0.7896639350801706,0.014128034098314512,2.5323748663067818
707,68,PPO_RLlibMacroEnv_2026-10-07_17-51-44poin65s7,1754.4870504955754,64.70659722235996,13.635713906977246,39.71297975327645,0.6654676946601527,-8.300790178980964,46.97976827460106,0.9235413618385792,0.012386617553784502,4.642450591921806,0.9787140107482087,0.008058754920967462,1.9272150433484245,0.8268498423733289,0.016717906735076345,1.0258580632602112,0.9288747236132622,0.015558627271821255,0.5962303781881928,0.9539010059088469,0.0094667175181258,3.422709435224533,0.8337109241634607,0.012700106819647877,2.6116392433643343
707,69,PPO_RLlibMacroEnv_2026-10-07_17-51-44poin65s7,1774.4458342014084,64.93019096146813,13.821721608045529,40.117095412718996,0.6628207969480482,-8.49900733895729,46.99143830702359,0.9585458371788264,0.010347251524945348,4.676048368215561,0.9797977358646378,0.00853717716333949,1.9097248678354872,0.833117861310138,0.01088415852322922,0.987332829191715,0.9174443822354078,0.017365693760803238,0.5503969950601458,0.9324434272944927,0.013348465130457112,3.3725542917847635,0.8414517372846604,0.010117067128339936,2.6071515157818794
707,70,PPO_RLlibMacroEnv_2026-10-07_17-51-44poin65s7,1790.0288436324543,64.91837559468416,13.953910207262272,40.33148994411371,0.6648256990404333,-8.762923000806513,47.025213481890226,0.9544739238917828,0.015255722486199729,4.4317994832992555,0.9767239612997987,0.008245537553991062,1.8995067398848495,0.8063191751890545,0.020089264069406167,0.9581330444239363,0.9337847031652927,0.013150678869715455,0.6460163801908493,0.9225100018084049,0.010910462726860776,3.360204164683819,0.8360067661851645,0.012450696544692715,2.6691053941845895
707,71,PPO_RLlibMacroEnv_2026-10-07_17-51-44poin65s7,1808.5116779560171,64.54005376294367,14.08834751555339,40.46295208819214,0.6663425171112661,-8.926245153293948,47.00789523823213,0.9603101521730423,0.010491853105622794,4.511799877882003,0.9804567027344028,0.008552262269287365,1.809348394680322,0.8608725970304465,0.007280303263546614,0.920894169882883,0.9133385255932808,0.019550030492246386,0.6673353377729654,0.9277292903512716,0.010083408172886332,3.327104191482067,0.7668547049164772,0.01087976512035321,2.714101214706898
707,72,PPO_RLlibMacroEnv_2026-10-07_17-51-44poin65s7,1839.9023755286523,64.67161538193008,14.403548616138675,40.56976572044582,0.6794320012934655,-9.036990740415142,46.984824554848956,0.9626516532152891,0.013641676372935762,4.358221618831157,0.9768792519202599,0.008221413155962882,1.7995842961806516,0.8378488874888118,0.009666205158136904,0.900247419484054,0.9124044828116894,0.01247367367068392,0.5122227104380727,0.9288365103304386,0.011838609675396653,3.3277797266840934,0.8802449923008681,0.011685185014130184,2.8110315635800363
707,73,PPO_RLlibMacroEnv_2026-10-07_17-51-44poin65s7,1869.5956648272527,64.59894602354109,14.712957587449507,40.888893126422474,0.6836364556811845,-8.978622146814665,46.95216117545405,0.9629361800849437,0.010056440058588459,4.670208621025085,0.9753759389483063,0.00824873969582842,1.7217012706701031,0.8422462631629992,0.009881286755649232,0.836879635460769,0.8886468935757875,0.011199593983929144,0.49567057061940434,0.9284339781850577,0.01023341894663766,3.320562016963959,0.7909844629466534,0.012220363077722233,2.829110138118267
707,74,PPO_RLlibMacroEnv_2026-10-07_17-51-44poin65s7,1896.1721854006582,65.44212912621822,14.951031874541645,40.86292656607243,0.6909322814746744,-8.959732261382253,46.92454003824028,0.9582156017422676,0.01326575229850314,4.4308879494667055,0.9729815379123001,0.007790965633797358,1.7346498404749675,0.8576446999477435,0.013249933467365643,0.8432872867282433,0.90916488468647,0.020054716408049234,0.3567293650470674,0.9336212739348412,0.012450881822178485,3.275946578383446,0.8023450948297978,0.010697677736789138,2.7743178784847258
707,75,PPO_RLlibMacroEnv_2026-10-07_17-51-44poin65s7,1917.8527145344892,66.39667938603633,15.089803274448625,40.86988640210913,0.7016827033112052,-9.196963227648578,46.9219518074902,0.9505021426826715,0.010506796707364067,4.174887530505657,0.9738481512954158,0.007996252290768894,1.7515374758734314,0.8425792940809756,0.02244179262654396,0.967178906368304,0.9146375060081482,0.013068047229899385,0.33260247446596625,0.9324691459536553,0.016262387428054196,3.230838395655155,0.8735492613166571,0.006119673485909612,2.6629289761185646
707,76,PPO_RLlibMacroEnv_2026-10-07_17-51-44poin65s7,1939.3527683489967,66.8547856360382,15.258824103923558,40.79700582461613,0.7111578631975257,-9.235091561884627,46.88370935511635,0.9563259650021791,0.010546273280261134,4.096507962048054,0.9701289812647025,0.008785365595852397,1.7192428910750694,0.8251616275008721,0.012812467326173508,0.992797614879246,0.9126315478235483,0.011765149899292985,0.3760774157941341,0.938093414530158,0.008668623058338279,3.166079130768776,0.7761178515851498,0.013074791265353363,2.6917643576860426
707,77,PPO_RLlibMacroEnv_2026-10-07_17-51-44poin65s7,1955.3133446377897,67.37892564515435,15.452016701660813,40.65366390699556,0.7211478119502837,-9.156611285381,46.86025495506894,0.9436934038996696,0.014331690150811862,4.060298191010952,0.9728895001090204,0.00813338154945834,1.6857507988114224,0.8283277558375008,0.016139039913993996,0.9466683903826943,0.924184263497591,0.01630008855063375,0.24448372265323998,0.9353074051439763,0.01136052137812847,3.1295930609107017,0.8335179250687361,0.01142382279322202,2.6376704931259156
707,78,PPO_RLlibMacroEnv_2026-10-07_17-51-44poin65s7,1967.5553532710665,68.32645229381271,15.550010879130486,40.657822768944094,0.7241259387597129,-9.180675703599015,46.88502137943178,0.9405715245753526,0.012919103200124873,3.850045916438103,0.977086573227858,0.00872798156190434,1.6921859372525194,0.8819849316077897,0.010545240971015706,0.9082194467888602,0.9267504934221507,0.014553115587478066,0.131725463620387,0.946567615866661,0.021931015794484744,3.091339312493801,0.8018539674580097,0.009384148653816737,2.676873315870762
707,79,PPO_RLlibMacroEnv_2026-10-07_17-51-44poin65s7,1974.9664000218754,68.58591274786923,15.555965008975782,40.673589344126896,0.7308090237865237,-9.14053713988425,46.898339172627836,0.9536960467696189,0.015110578979693335,4.114363619685173,0.9740348158166477,0.008641696661120937,1.6443059409140794,0.8157651101486593,0.018278190549519617,0.8375627020491829,0.9251480247825384,0.015001236602347739,0.3226845353841782,0.9300349924713374,0.013644509534970067,3.1614500120282174,0.8444083712995052,0.008161129808445366,2.61594128459692
707,80,PPO_RLlibMacroEnv_2026-10-07_17-51-44poin65s7,1973.561658169055,68.1469497870393,15.517920338885764,40.69807329662533,0.7235809143063809,-9.129730316224531,46.92654472665441,0.9464166752994061,0.010181950394144716,3.9610211104154587,0.973564735665096,0.008702917889414515,1.6098199435012548,0.8679090020022815,0.010444340804338315,0.8430302966244613,0.9050742227584123,0.017562062632350956,0.27822160441428423,0.9339743658900261,0.011650567950937406,3.0588828057050703,0.7756145741790533,0.010484004652426038,2.6172561436891555
707,81,PPO_RLlibMacroEnv_2026-10-07_17-51-44poin65s7,1979.4691652635156,67.82011343100211,15.514612694428463,40.802257714953285,0.7146466433186925,-8.965701433237117,46.94161598841852,0.9383418165147305,0.011366117431589842,3.7545265421271323,0.9717296840648931,0.008498959341308213,1.5619178307388075,0.888000208592113,0.007966179619892546,0.7758024321326726,0.9068583510816097,0.01384759174252419,0.27121331267990173,0.9646750196814537,0.012296563709946988,3.0119380041956902,0.7315786987543106,0.01926301434496064,2.51290974766016
707,82,PPO_RLlibMacroEnv_2026-10-07_17-51-44poin65s7,1982.3525300329277,67.53762821070438,15.556615933038367,40.93279121687484,0.7158146981129265,-9.013177059794753,46.94729666038085,0.9631257925182581,0.011899188576717804,3.7206309333443643,0.9731834122433382,0.00842944353551823,1.5358546913184372,0.8507378909406783,0.006511663388950115,0.7624256222308436,0.9373100895434618,0.014100120867078883,0.29542522318661213,0.949681830778718,0.011403415245922682,3.0268222808837892,0.8453873854130507,0.011735090479078376,2.5225684612989427
707,83,PPO_RLlibMacroEnv_2026-10-07_17-51-44poin65s7,1993.3797405146563,67.612447501805,15.572876014069427,41.105199259338896,0.7143918658223372,-9.102606529647172,46.970764908453376,0.944076044857502,0.010497082681377433,3.743740066885948,0.9776771079941606,0.008148246411723849,1.5094303834668459,0.8384400063753128,0.01734282126187509,0.7592052489519119,0.92172980196774,0.015526080808195055,0.27858166825026276,0.9369145341217517,0.013504079312679194,2.9690047040581704,0.8128144692629575,0.009800896039223617,2.5350404873490335
707,84,PPO_RLlibMacroEnv_2026-10-07_17-51-44poin65s7,2001.7753364319112,66.7714351763417,15.61006680730198,41.070827380308565,0.7097075208708938,-9.060345706673159,46.97854582798187,0.9376123383641243,0.014404441372517318,3.7928627505898476,0.9785581529974103,0.008495830916635316,1.463019086393906,0.8347818159312009,0.012180813721797109,0.7209058707207441,0.9335550412535667,0.016927730836687506,0.19164079171605408,0.9536627929657697,0.013267823619048704,2.930813291668892,0.839875516295433,0.009436382417084133,2.5511116340756415
707,85,PPO_RLlibMacroEnv_2026-10-07_17-51-44poin65s7,2006.2082604281954,65.7688500796005,15.728033762391243,41.12776638845438,0.7087544866744924,-9.093270390160047,46.941062745252566,0.93278439193964,0.010698102955666866,3.974682207405567,0.9737133656519574,0.00887472193358074,1.3328087566444626,0.8351502454733547,0.010125916882448628,0.7032629498952552,0.9137506235390902,0.016257274187228436,0.202595454454422,0.9462031830102205,0.012600040755455766,3.0285034835338593,0.7373132579028606,0.009875063084814428,2.4518818497657775
707,86,PPO_RLlibMacroEnv_2026-10-07_17-51-44poin65s7,2024.7585216881978,66.0795269217343,15.911387403847606,40.907216183066375,0.723313223990434,-9.110332896563742,46.89641878045175,0.9537996057420969,0.010730396969632294,3.813831536471844,0.9771610418359595,0.008546189591370686,1.2797461134670471,0.8662091211036399,0.0131446381186115,0.6898851285010208,0.9078832127153873,0.0163570299138885,0.21768251913017594,0.9685134220868349,0.01475307265086494,2.949921602010727,0.8485557205975056,0.011445243849175415,2.530307425558567
707,87,PPO_RLlibMacroEnv_2026-10-07_17-51-44poin65s7,2032.2797028236748,66.46689482735955,16.097630343597793,40.78600958921161,0.7345250896636654,-9.178365682105325,46.88178003330871,0.9499200638383627,0.012035583084617019,3.6894399613142013,0.9791072097467258,0.008774167278004653,1.184544793823734,0.8518214645265024,0.013907685976670409,0.647069470867326,0.9247570380568504,0.014674584311433366,0.17059777072281576,0.9749871503561736,0.01657523433750622,2.907341907918453,0.846133028715849,0.013316145834187502,2.581861311197281
707,88,PPO_RLlibMacroEnv_2026-10-07_17-51-44poin65s7,2044.3779465538505,67.3922411922876,16.1818113659377,40.69490620975709,0.735952586940825,-9.120944627353593,46.86792902965765,0.9677502095699311,0.02093841900923556,3.6530883103609084,0.9816226966863061,0.008888477979687398,1.1874054135087833,0.8363757356058193,0.010158574876190063,0.6640305854851687,0.9345299057662487,0.015385692456038902,0.12455810694664252,0.963653952255845,0.016631122477974814,2.926705914735794,0.833733269572258,0.015280024646927015,2.5686962574720384
707,89,PPO_RLlibMacroEnv_2026-10-07_17-51-44poin65s7,2048.585392017969,68.14717148866427,16.29635063448168,40.60026014085808,0.7400696874326816,-9.037979175268227,46.839765682752365,0.9578575536608696,0.011884680457637842,3.5960090070962907,0.9810610959524404,0.00852463811043913,1.1920159231366871,0.8508948877642426,0.011899482207931376,0.6692209689677516,0.935333912819624,0.011996854087783504,0.0537357676497777,0.9448116522282362,0.014229493082098088,2.909725645184517,0.8101278226822615,0.014252946708256891,2.5421859204769133
707,90,PPO_RLlibMacroEnv_2026-10-07_17-51-44poin65s7,2060.1706185484704,69.18439985823493,16.497215632213248,40.71941206310573,0.7472311683605513,-8.904608630376014,46.77490155448222,0.9673892822116613,0.01078968082665651,3.6534818321466447,0.9791278047497208,0.009133610570496008,1.1532999869525202,0.8684362182134314,0.007829181377325502,0.6190411441688296,0.9112147323787212,0.01574598290440008,0.009599925491784234,0.9314399011433124,0.013525903832635322,2.9193730264902116,0.7163627553731203,0.009227663675665212,2.4843629732728005
707,91,PPO_RLlibMacroEnv_2026-10-07_17-51-44poin65s7,2063.2614003434173,70.69720422530285,16.456954137295845,40.642335733233594,0.7502057465525833,-8.798731477567056,46.80754831641724,0.9558888334780932,0.010225294639712956,3.8052027061581613,0.9771583122947205,0.008873945252655053,1.0504350574048587,0.8687550453445579,0.006910118698999092,0.5705923094025142,0.924684613198042,0.014912374357300315,0.03741653913166374,0.9544725187122822,0.01763918491528794,3.1235777646303178,0.818150831758976,0.01176876576569157,2.344199278950691
707,92,PPO_RLlibMacroEnv_2026-10-07_17-51-44poin65s7,2066.359677156448,70.89637374575496,16.50098250099831,41.0304433063995,0.7424424383556927,-8.664422724964902,46.81878450934697,0.9689650688320398,0.012084209270642531,3.63463843613863,0.975977608643713,0.008963761655029927,0.9868701789020271,0.8526484599596338,0.019732152833875163,0.542124580997455,0.9248110737651587,0.01258118223108795,0.17285799748497083,0.9548514477908612,0.015408026950081064,3.0782496303319933,0.7674132421612739,0.013361493713182427,2.2120538145303725
707,93,PPO_RLlibMacroEnv_2026-10-07_17-51-44poin65s7,2076.298768098177,70.64750326513726,16.510536941039238,41.284403849789115,0.7452011148763207,-8.514090821832381,46.80979200686082,0.9506013624370098,0.011139323557154569,3.5455920100212097,0.9674750005182153,0.008525609142478073,0.955429202672648,0.8632582120503052,0.005911470144103446,0.5501281604736666,0.923917519301176,0.013519244390317908,0.22419340630876833,0.95380236543715,0.0195909728380685,3.141747446358204,0.7950266845524311,0.014367807143207886,2.1615094602108003
707,94,PPO_RLlibMacroEnv_2026-10-07_17-51-44poin65s7,2077.0825810783267,70.84194658641408,16.53093259067324,41.19816859812543,0.7483343465745168,-8.379464991041006,46.84325651890677,0.9631985269486905,0.009707223002806624,3.521413563191891,0.9785032750020151,0.008878825659934968,0.8743313025621614,0.8756065986305476,0.005061883453942073,0.47320248421281574,0.9328802973031998,0.013162028447550536,0.1930477683665231,0.9379329208284617,0.015329460795965134,3.239756441116333,0.8256586130708456,0.010592882377659521,2.1989058896899225
707,95,PPO_RLlibMacroEnv_2026-10-07_17-51-44poin65s7,2079.5455859656863,70.75590721649263,16.516388381199263,41.1860935943033,0.7471487153812394,-8.28875078235695,46.866589762866084,0.9485396314412355,0.012824076278048404,3.486466942727566,0.9816424894743953,0.009018890758766369,0.8332419052434608,0.8812997476209568,0.005365790607946203,0.4446599470663674,0.9153635535389185,0.016178132429922974,0.19589922939776444,0.9089420385658741,0.018303792704318866,3.3175389036536216,0.7655989695340395,0.013824916593012071,2.1293639719486235
707,96,PPO_RLlibMacroEnv_2026-10-07_17-51-44poin65s7,2082.588165603253,71.08590324499959,16.563201960875006,41.136534223299876,0.7475983595313797,-8.035088911502834,46.89818481618932,0.9713300790637731,0.012020537233775552,3.603077857196331,0.9808351501718268,0.008745038151857058,0.7799588477509654,0.8947198258170599,0.020943008593728992,0.4592562575506259,0.9238380488008261,0.013253606897842473,0.030361050089413765,0.8817594017833471,0.02038501244417148,3.392699497938156,0.8407196596264839,0.014050340738504136,2.105740263313055
707,97,PPO_RLlibMacroEnv_2026-10-07_17-51-44poin65s7,2079.564792001405,70.3893326660613,16.5720840167768,40.98001592388461,0.7430904287966424,-7.694416896929467,46.89328716145666,0.962296649441123,0.008208301200284525,3.9131832093000414,0.9785955243688467,0.008841983358909627,0.7266029267063463,0.8736449682259861,0.005487248803206346,0.44715209599537187,0.9132849141955376,0.014448007622559367,0.049018599043483845,0.6855706162750721,0.014812027416564889,3.664882278442383,0.6924860157072544,0.011565985245624688,1.8646053723990916
707,98,PPO_RLlibMacroEnv_2026-10-07_17-51-44poin65s7,2067.574073861415,70.06780761010228,16.528955173835534,40.63329391583073,0.7447638742143604,-7.265552844873202,46.91118019182601,0.9493075884878636,0.01340400501012543,3.5798950254917146,0.9798796108336585,0.008886853851466295,0.73438239708353,0.8531101392039769,0.006736299637172516,0.4411087724604184,0.9345563448965549,0.014752744297584547,0.016537665782379918,0.5477871969342232,0.015130143459509877,3.7618261590600013,0.7899456907063722,0.009320129387288179,1.9048902370035647
707,99,PPO_RLlibMacroEnv_2026-10-07_17-51-44poin65s7,2058.6224700463376,70.45736118863745,16.504976986482255,40.23534273392909,0.7445583957568299,-6.784755026987973,46.915364526365146,0.971962783113122,0.012490444855121078,3.4001277714967726,0.9777921381759347,0.008597913228580674,0.7491855411101942,0.8625014047833938,0.009885243575060682,0.4043437720099582,0.9391249172389508,0.013820651754577126,0.04804374672821723,0.36825214587152005,0.014068346347380611,3.787610502541065,0.8425286747515202,0.01229362985777711,1.9115895584225655
707,100,PPO_RLlibMacroEnv_2026-10-07_17-51-44poin65s7,2058.983402696017,69.9490926395517,16.560030166973146,40.17411972542282,0.7480005857353218,-6.272463045263067,46.865651282638325,0.9704044003039598,0.012631866902484556,3.41140798330307,0.9823596977569509,0.009042450519699366,0.708863893251951,0.8603770948663543,0.008649591173603836,0.3865553359630742,0.9411613322794438,0.013516703330970197,0.05398303241818212,0.0937061332166195,0.014346856049996942,3.828070245683193,0.8704813897609711,0.012022933248317835,1.8730515733361244
808,1,PPO_RLlibMacroEnv_2026-10-08_09-41-29z_rmrdtf,338.84920472078875,63.34515253305372,1.3214428812620245,2.700104588540962,0.5725395746694089,30.778834064904032,37.951865833834965,-0.007854384183883668,0.007131818146490332,7.152548456192017,0.49791073492468146,0.003940094154935358,5.656853614647525,0.3573499058706189,0.005998681002318632,4.252266983748561,0.015145834907889366,0.005802727829541254,4.317055824398994,0.12757893241941928,0.005411950479810912,4.279777869582176,0.00010568611323833466,0.005279889278244809,4.215942004323006
808,2,PPO_RLlibMacroEnv_2026-10-08_09-41-29z_rmrdtf,358.0298543637067,64.0387562007364,1.50521061224561,2.687544723470692,0.6255377865844167,30.908635215779448,38.517347420958515,-0.006776918470859527,0.0048807289444610545,7.136580145359039,0.6927345109840989,0.00622588880386805,5.706246157457054,0.6235641010602315,0.007470006686633193,4.216304488711887,0.6321436706930399,0.008829636876436106,4.258953267335892,0.4787974625825882,0.0075512878354715065,4.293832132220269,-3.2369792461395266e-05,0.004764593942911697,4.158547502756119
808,3,PPO_RLlibMacroEnv_2026-10-08_09-41-29z_rmrdtf,367.7531245420931,63.57806377974291,1.5782092186112004,2.9079837198377034,0.6844697484766011,30.924248931797887,38.84127257723976,-0.0019219700247049333,0.01097606361633865,7.036931386590004,0.7605586596770791,0.006925120555413798,5.655366359088594,0.643908427755038,0.006950775390685612,4.224674522990272,0.8074605915695429,0.006626611498577978,4.236022895574569,0.7981019105762244,0.014803125999131356,4.399618265032768,-1.0286271572113036e-05,0.004782164976927568,4.154736116528511
808,4,PPO_RLlibMacroEnv_2026-10-08_09-41-29z_rmrdtf,358.81793973890296,64.13104870999592,1.4723697247138359,3.0039111299822876,0.7019056983294382,30.965886040331828,39.061865663921104,-0.0036763928830623625,0.007229475114279213,7.0871301800012585,0.7640698814411255,0.006602290451969763,5.6665316359406495,0.7266340741128833,0.007403423477618873,4.2012420455614725,0.8088300425559283,0.00793962677752803,4.248890426754952,0.9270061384886503,0.008190491153345667,4.442065358161926,-1.888573169708252e-05,0.0049170633943049534,4.184638991951942
808,5,PPO_RLlibMacroEnv_2026-10-08_09-41-29z_rmrdtf,349.4582082032155,64.26766380255064,1.3636057254980842,3.0367119514215832,0.7100172837440271,31.073928500899747,39.14600302017833,-0.0023960940539836883,0.010561065363634756,7.075376382470131,0.7759400881506039,0.0073527451582710126,5.640465552536875,0.7397732119504795,0.0085081400035381,4.151350294601086,0.7709706038236618,0.004705858621628082,4.245974141359329,0.9720568250864744,0.011593981672001546,4.454650330543518,-2.414733171463013e-06,0.009505500443538062,4.080467656254768
808,6,PPO_RLlibMacroEnv_2026-10-08_09-41-29z_rmrdtf,341.22595905892786,64.94665141565385,1.2787450499933266,3.0549400393854196,0.7271845591214207,30.950857088217802,39.37760304808269,-0.001624523103237152,0.011745675262318431,7.036630606651306,0.76281337316907,0.006685380453297745,5.563501840649229,0.7279087381630108,0.007705747269787857,4.144984998271383,0.7623690381646157,0.007705437139566129,4.216375243663788,0.9787465911358595,0.009497981620961582,4.409878113865853,3.095902502536774e-05,0.00929842546352123,4.068704231083393
808,7,PPO_RLlibMacroEnv_2026-10-08_09-41-29z_rmrdtf,333.04239800545105,65.35659815689988,1.1861255839336395,3.1177913101523234,0.7566491984244866,31.085706378821882,39.7442176181246,-0.001571979746222496,0.021031662838731834,7.051300606131553,0.7949284340535352,0.007434137789326231,5.542934281245131,0.7459905877985337,0.008047504227039747,4.107489433994999,0.7696947820484639,0.011616651533472577,4.180834129452705,0.9781414296478033,0.009298861119100393,4.343474119901657,0.0002611581236124039,0.008959758877927052,4.073820614814759
808,8,PPO_RLlibMacroEnv_2026-10-08_09-41-29z_rmrdtf,308.85143970730786,65.50516123050407,0.9607652407434327,3.0752744323757697,0.7911799046173226,30.87116317610378,39.8171389635793,0.0003435656428337097,0.007728879246519727,6.908330258727074,0.7601465146690607,0.007410008617072777,5.519195505619049,0.7324477712156273,0.0077383079892717485,4.142292892603064,0.8219038508832455,0.014493785892045724,4.085631144046784,0.9823817953467369,0.009204181861150598,4.318733018636704,0.03902619630098343,0.00827296324230251,3.972699923813343
808,9,PPO_RLlibMacroEnv_2026-10-08_09-41-29z_rmrdtf,296.81756868766155,66.36171838491637,0.8416962758980696,3.0130300901947664,0.8263549176111029,30.852948838354163,39.93866875428032,0.04276712089776993,0.006491780323938251,6.864421531558037,0.7642832038353901,0.007268999682595565,5.43419875347371,0.7234595716750922,0.0074151118483535994,4.166974592609566,0.8549914494156837,0.010535106448514853,4.040348285436631,0.9853117957711219,0.00820005248135661,4.304326739907265,0.09259207472205162,0.012017669934289188,3.9475747019052507
808,10,PPO_RLlibMacroEnv_2026-10-08_09-41-29z_rmrdtf,305.2042420173447,66.64076934272308,0.9201062955359391,3.0083965580091068,0.8800877472413257,30.461851461234755,40.14998568953616,0.42490385212004184,0.008288203027535761,6.791298863291741,0.8050121977876444,0.00740593058335226,5.403600466524968,0.7551126057797289,0.007917959080693843,4.19188033773544,0.8427345421165228,0.008143104626742588,4.011764954030514,0.9851569708436727,0.009520956364735867,4.295514863729477,0.10196038484573364,0.007211413824234162,3.91201196461916
808,11,PPO_RLlibMacroEnv_2026-10-08_09-41-29z_rmrdtf,315.8539044229148,67.73603914705451,1.0178100692953502,3.0100804717784033,0.9401473027940901,29.758865671015148,40.4738958070642,0.5142480097711086,0.006480520571915423,6.7504907816648485,0.7953698157302795,0.0077622055753876805,5.334523706090065,0.7306843388872027,0.006824175217122174,4.163087622060815,0.8481470722705126,0.010988639662832627,3.974960449337959,0.9834079455584288,0.006612447758104196,4.2869420647621155,0.15345420576632024,0.010870029391475158,3.8277182310819624
808,12,PPO_RLlibMacroEnv_2026-10-08_09-41-29z_rmrdtf,329.61748263938284,68.98524633925602,1.1298313348560025,3.020828962143831,1.0088682406807643,29.35191263824863,40.87291771578686,0.6128580760210752,0.005560130114463457,6.734458932280541,0.782185250772423,0.008179669286230736,5.258063041907382,0.7070756789001208,0.0077590434252193695,4.108060520981986,0.8468572206795215,0.0072366218873640056,3.932533863186836,0.9861199624836445,0.007966032358228892,4.297098690271378,0.12100432887673378,0.010180032114931287,3.7719277858734133
808,13,PPO_RLlibMacroEnv_2026-10-08_09-41-29z_rmrdtf,346.7280941620798,69.97682564746806,1.278187650963006,3.06424494502973,1.0566529602426,28.78410993313917,41.22771460445545,0.770392794162035,0.010745904310147193,6.725737556815147,0.8111569149427343,0.008548515196800489,5.2084788346428175,0.7234153398922805,0.00545577530917932,4.031076905234107,0.788862944021821,0.00885508447054237,3.912145633995533,0.9846978131681681,0.007155490992894935,4.197262498736381,0.21726592630147934,0.00920588253251258,3.8486133441329002
808,14,PPO_RLlibMacroEnv_2026-10-08_09-41-29z_rmrdtf,375.5149340180202,71.04582599234597,1.5122571362974317,3.2690487697083603,1.0810971789782295,28.3741302404427,41.716379456556545,0.732123413309455,0.008546357806358252,6.701774355769158,0.8183682714381149,0.008118864506950062,5.204138089910174,0.748660934884269,0.006640371209579809,3.9494367630632072,0.8787546031177044,0.011127680180470657,3.950705718994141,0.980584617331624,0.004507583160034335,4.190401223301888,0.16922314204275607,0.013633942839010213,3.798715591430664
808,15,PPO_RLlibMacroEnv_2026-10-08_09-41-29z_rmrdtf,394.9181541356816,72.10320595035827,1.670399935162718,3.4252904313779835,1.0888227362136969,27.347372455243217,42.25499059239094,0.8239293079823256,0.01469677473806293,6.706549346446991,0.8168344555611021,0.00821603852183679,5.139925075495798,0.7526435701176524,0.007010304102659254,3.876778816325324,0.8719797428697348,0.009144361236781171,3.995632204413414,0.9776087895035743,0.00844142619980633,4.188935911655426,0.31496960669755936,0.006933343380251295,3.8224170595407485
808,16,PPO_RLlibMacroEnv_2026-10-08_09-41-29z_rmrdtf,413.71729776273366,72.60075043153677,1.8111249633147477,3.67950765266641,1.0680862060764702,26.391924494153322,42.645624313013975,0.7436455972492695,0.008543484320512185,6.748281937837601,0.8388755356448312,0.007955954033423628,5.081208565773503,0.6979309993718058,0.0056722425398224845,3.8024624261950035,0.8297477807849646,0.01014957606430473,3.9454909771680833,0.9633452791720629,0.013703651395201208,4.182109978795052,0.2641432754695415,0.016577833994179513,3.6933036610484122
808,17,PPO_RLlibMacroEnv_2026-10-08_09-41-29z_rmrdtf,431.29504231122087,72.36249768741759,1.969617748712854,3.9758193943909803,1.048912923460177,25.287042295677576,42.93863894116468,0.6255928806960582,0.008870123786817957,6.757499641180038,0.8481624335196197,0.00808963037924327,5.016768333461464,0.7542591558951958,0.0066747854332321836,3.761778441597434,0.8850137475878,0.014299134577549921,3.8398813903331757,0.9645504895597696,0.006734553000524129,4.136153936386108,0.30157007165253163,0.00978864475089274,3.738267070055008
808,18,PPO_RLlibMacroEnv_2026-10-08_09-41-29z_rmrdtf,465.18246342775564,72.32156355633875,2.2565664617761607,4.586881455489765,1.0205686374435632,23.73840053935024,43.389597978426316,0.77359509319067,0.012815154189604602,6.851634174585342,0.8603463385799592,0.007539214734843917,5.001107006578059,0.7315606241964776,0.00837041486178469,3.7127384645783383,0.8898103773593903,0.008482540675959202,3.924763688445091,0.9759441047906876,0.006552357021291781,4.16213239133358,0.3478737805038691,0.01049106951695655,3.801564373075962
808,19,PPO_RLlibMacroEnv_2026-10-08_09-41-29z_rmrdtf,489.65612957262425,72.16577413947878,2.4529074359352996,5.246527639699125,0.9955394750882973,22.149780231805057,43.73610698561648,0.717836532369256,0.010181845256738677,7.005399441719055,0.8831027775326656,0.008144636085940533,4.964823761094524,0.7415824983952314,0.006232307349555468,3.693566499800372,0.8461022574454546,0.014817788720756652,3.7874159827828406,0.9523602686822414,0.006322155144903263,4.091379448771477,0.423957709595561,0.012910368590746657,3.714844326674938
808,20,PPO_RLlibMacroEnv_2026-10-08_09-41-29z_rmrdtf,517.46876920276,72.61936841541788,2.6895186318878683,5.9285423159264194,0.9768720467734897,20.410851142620523,44.068948696006494,0.7878089312463998,0.008818283886691425,6.880863386392593,0.8828261010106934,0.007692781692562932,4.95156866358276,0.763409965688532,0.006189724186545148,3.645104081991947,0.8748392250388861,0.010360887731440015,3.707877238094807,0.9488305646926165,0.013695498858317057,4.0901142090559,0.3347843199968338,0.012513825997939482,3.636705830693245
808,21,PPO_RLlibMacroEnv_2026-10-08_09-41-29z_rmrdtf,561.3283786251384,72.24107511168292,3.0249455715699556,7.188768673306433,0.9392013382301028,18.80417520125177,44.371078586930686,0.7068744242191315,0.011274195508258412,6.931061151623726,0.8943870177125156,0.007956344348220514,4.899415185261584,0.695870010160348,0.0069697338012060005,3.4931324939517414,0.8569234434515238,0.013565265672014038,3.6501239120960234,0.9098914798349143,0.008113016662298406,4.145608446002006,0.5365767069160938,0.01641395729825496,3.556238669157028
808,22,PPO_RLlibMacroEnv_2026-10-08_09-41-29z_rmrdtf,597.2543945224234,72.24630865421535,3.3013092335340897,8.465082346899283,0.9166950900948475,17.15131331968813,44.680684618483255,0.6993600454181432,0.010796606108806445,6.88838554918766,0.9087318266853222,0.007775890437969706,4.873820966669599,0.7148241423235999,0.006722754294970165,3.4070655024493184,0.8581880778074265,0.011264617628967244,3.586401654779911,0.9091350734233856,0.0077506852036208634,4.131201982498169,0.6265088602900505,0.009442945348746488,3.6076236426830293
808,23,PPO_RLlibMacroEnv_2026-10-08_09-41-29z_rmrdtf,634.777655891487,72.47883977244369,3.537498012356556,10.060513678722899,0.8799258288601061,15.449062891357668,45.10211187363355,0.7872718628495932,0.012710498408364477,6.849817621707916,0.9128740465576782,0.007731777320191441,4.820942798149044,0.7379434439268979,0.007895329989183996,3.356941824428963,0.8933548208326101,0.012168536414310437,3.502476266026497,0.8400689147412777,0.007232295105251296,4.095618382096291,0.6400459501892328,0.011819166671921266,3.5355990171432494
808,24,PPO_RLlibMacroEnv_2026-10-08_09-41-29z_rmrdtf,671.9290887017979,71.89248087826508,3.833218217934805,11.757648031323102,0.8387897453234396,12.831745976608044,45.33508788908827,0.8201256111264229,0.009548289598024071,6.9171271324157715,0.9164507088534214,0.007447710874202751,4.785132895175527,0.7999300385359674,0.006977654392930968,3.2828225774690507,0.7397438388317823,0.01178189182846836,3.4596211165189743,0.8353901892900467,0.008878045471624319,4.0571148723363875,0.7463341593742371,0.01543997090429917,3.4467234715819357
808,25,PPO_RLlibMacroEnv_2026-10-08_09-41-29z_rmrdtf,717.5365747842509,71.34178282837149,4.167734428342934,13.765456804904538,0.8088933873828943,10.978666681122053,45.567320698979394,0.8298040196299553,0.010391859400215253,7.038192236423493,0.9406288871452364,0.008109353048366857,4.732363380565478,0.7613137456802053,0.00487680993439568,3.1356173456262013,0.820986919850111,0.007916904267540359,3.4502426981925964,0.7554646249860525,0.010339520606237369,3.9891258642077445,0.6715664386749267,0.010648839568261792,3.3584688395261764
808,26,PPO_RLlibMacroEnv_2026-10-08_09-41-29z_rmrdtf,768.0647324925609,69.69757840169146,4.531420655932922,16.568328201089013,0.7543205229365312,9.61333751730137,45.81373139507334,0.8587104346603155,0.011986798514954062,7.0795409113168715,0.9282557433284819,0.007628192347601299,4.6409648918733,0.757121256304284,0.008507170544809622,3.0202779578665893,0.7623177532106638,0.013311663075182934,3.3988910213112833,0.7611686233431101,0.006525954082462704,3.9605842977762222,0.7685343403369188,0.009430232684417273,3.4066909551620483
808,27,PPO_RLlibMacroEnv_2026-10-08_09-41-29z_rmrdtf,799.5520790148126,69.57607458319688,4.782190140988352,17.905652726079612,0.7273982590770296,8.238965429359993,45.96482274829882,0.8143550820648671,0.008085764381371603,6.933926677703857,0.9310353550280648,0.008379011542779797,4.593823115396317,0.7546108612069139,0.008880527738829799,3.0796468393222707,0.8739253483712673,0.008703121117559987,3.4145616620779036,0.7945852868258954,0.010643540509903496,3.9044633343815804,0.6676422607153654,0.01058568161442969,3.372898410260677
808,28,PPO_RLlibMacroEnv_2026-10-08_09-41-29z_rmrdtf,823.9578141190934,69.64317014376438,4.942412696196316,18.954008320971287,0.7077251712867499,7.306962241048115,46.09416315338451,0.8442237768322229,0.009030431703786328,6.969819560647011,0.9329100781047399,0.007560660065771568,4.486454623525593,0.7673132238584921,0.006428547006150205,3.0833236385922915,0.8160377074033022,0.014446206418597358,3.365940360724926,0.730050752684474,0.005592973980083155,3.845149390399456,0.6583870366215706,0.018829264386477064,3.24133008569479
808,29,PPO_RLlibMacroEnv_2026-10-08_09-41-29z_rmrdtf,871.3403502299414,68.75949028684596,5.3537228659236,20.89532115384613,0.6787313306877462,6.632639497844681,46.16672554394754,0.9060692690312863,0.008236721574803691,6.931607639789581,0.9519902001740196,0.008122011565302789,4.386614071022714,0.7898070105484554,0.007955090225042805,2.9863384524544516,0.7271740920841694,0.0076751512830924825,3.3620189025998117,0.7980267621576786,0.004052471993736652,3.8878932312130927,0.7209626369178295,0.013022533038167694,3.303680992126465
808,30,PPO_RLlibMacroEnv_2026-10-08_09-41-29z_rmrdtf,933.905867999918,66.66753807793253,5.855761473661529,24.417962941586755,0.6298225573063485,6.18644183526411,46.30517171172989,0.8853838007897139,0.009231219907167179,7.003219622373581,0.9473801075241646,0.0074529554342252806,4.328798283017346,0.7679456237823733,0.00688827537462584,2.8887673147263064,0.7673852652311325,0.01182077869447091,3.353505815565586,0.6628120806068182,0.006557296333394946,3.879326304793358,0.7751406330615283,0.009196138286006371,3.2722192779183388
808,31,PPO_RLlibMacroEnv_2026-10-08_09-41-29z_rmrdtf,969.541908242881,66.25742711182586,6.164257100736816,25.599569894186065,0.6099853345625729,5.409427763753439,46.379329839808086,0.8740514066070318,0.009668687714764795,6.943000096082687,0.9542681422845964,0.007422528397988895,4.303195640456424,0.769291013667458,0.019238360417746327,2.919107612057736,0.8079881872981787,0.013851855477378282,3.282271386682987,0.7194200064986944,0.009472432483403324,3.9021389991045,0.8345527447760105,0.0136814712889759,3.146689383685589
808,32,PPO_RLlibMacroEnv_2026-10-08_09-41-29z_rmrdtf,999.380511474671,66.63811963394029,6.469509546604934,25.881966017596657,0.6101331760763323,4.309333767255984,46.45614773907821,0.8944736827164889,0.01077651337415091,6.991117587685585,0.9466210652386363,0.007620867755353961,4.25037927041974,0.7635800942778588,0.007145983023139024,2.8951913192868233,0.822618555650115,0.019024063970187004,3.254582440853119,0.6604022797197103,0.012370191699596989,3.900038881599903,0.7610304530709981,0.011558597485213856,3.1345880165696145
808,33,PPO_RLlibMacroEnv_2026-10-08_09-41-29z_rmrdtf,1033.3503473626436,66.00547216421758,6.811489834849744,26.965692252567532,0.6101118529171808,3.2774960300841203,46.49760905054228,0.9119594007730484,0.009712408495050893,6.89235346019268,0.9471043893905888,0.007730925017397349,4.1551837025508105,0.7983661032492114,0.0056930056777967026,2.916971400219907,0.8759860318154097,0.009872204728230827,3.2090101897716523,0.8040753576904536,0.011885391145369835,3.852689355611801,0.8164254933595657,0.009270377456596247,3.1364686995744706
808,34,PPO_RLlibMacroEnv_2026-10-08_09-41-29z_rmrdtf,1079.6470060217403,65.88152248979458,7.2718475214552765,29.30059686281857,0.6013385715405982,2.014324486079092,46.57533484848,0.9252487018704414,0.010503253032811796,6.75268819630146,0.9486598536786106,0.007908515098235798,4.167754022721891,0.7896576857150988,0.006970122796515489,2.8504030227661135,0.8174787983298302,0.012559246363889609,3.105872720479965,0.7408751774579286,0.011893261185468912,3.739965870976448,0.8016301564872265,0.008471305904868198,3.1454982101917266
808,35,PPO_RLlibMacroEnv_2026-10-08_09-41-29z_rmrdtf,1101.6638877759606,66.37477702186378,7.518524607749103,29.44618759031832,0.6219516549200848,0.8650329625738371,46.602931445722135,0.9041338223963976,0.009346794879013584,6.727338513731956,0.9475283866823648,0.008128125184394227,4.128286586706512,0.7785914628456037,0.008889669204996646,2.859680053840081,0.8762763570994139,0.009546018737251027,3.0353736355900764,0.8118894811719656,0.010872428605330293,3.70864872187376,0.8138083625584841,0.014603747032083447,3.051575082540512
808,36,PPO_RLlibMacroEnv_2026-10-08_09-41-29z_rmrdtf,1121.7567799084775,67.00400900375661,7.738783462090412,29.433707720898614,0.6454076478816144,-0.5680490059427751,46.63480155992826,0.9115039601922035,0.011094686798878782,6.912941288948059,0.9490275954669112,0.008108876422922105,4.070401228318256,0.7638620315627618,0.007723161373678523,2.741572232679887,0.887624317407608,0.01086556644841045,3.0406907543540003,0.7509479757398367,0.008549302455276162,3.652457383275032,0.7515444554388523,0.011080467319516242,2.9488582834601402
808,37,PPO_RLlibMacroEnv_2026-10-08_09-41-29z_rmrdtf,1143.5342345772347,67.80119685337108,8.008842808950522,29.974997002828758,0.656699811082079,-1.1300640635268964,46.67070299176654,0.9341273035854101,0.010475816096459312,6.808363446593285,0.9628719470948451,0.00837872389563967,3.9703423205046247,0.8108744392449828,0.010373845888004022,2.6908013806945976,0.889571114256978,0.012964699288704718,2.9257579177618025,0.7820681069046259,0.008400225537320737,3.6052057847380636,0.8258120860904455,0.010728945968549019,2.853804299235344
808,38,PPO_RLlibMacroEnv_2026-10-08_09-41-29z_rmrdtf,1152.4573099462204,67.92961439622714,8.12718308939327,29.911950212147055,0.6705789736665743,-1.865603069020728,46.6816726614584,0.9042775876820087,0.009065903543603326,6.722106981277466,0.9537900905605334,0.007537374709164008,3.895828246216106,0.802089075585629,0.01780730831578404,2.671472501501124,0.8762212608009576,0.007803371480622445,2.8375086739659308,0.8415473945438862,0.008610680371725769,3.6537301644682882,0.8016782496124506,0.013721576837997499,2.819813147187233
808,39,PPO_RLlibMacroEnv_2026-10-08_09-41-29z_rmrdtf,1166.8504064024019,67.32159840095511,8.325320203863772,30.729874658787416,0.6698277613547629,-2.380373775793581,46.695098370904105,0.9143458742648363,0.009950469915224953,6.632565927505493,0.9534871184097974,0.00795149581906508,3.855527032868055,0.7621271924224011,0.005094130375142033,2.618571769082269,0.8849035054445267,0.006804171388012115,2.8180821150541306,0.8713181748986244,0.010977920599168607,3.6148213133215905,0.8332716207951307,0.00818329884282328,2.874190954864025
808,40,PPO_RLlibMacroEnv_2026-10-08_09-41-29z_rmrdtf,1181.473533265193,66.21852814097238,8.499915485589831,30.938966601429694,0.6731722526230949,-2.6627272993277433,46.70816316410719,0.933304401487112,0.011242562158986402,6.533396536111832,0.9575249125452145,0.0075033069860228774,3.8089199148534987,0.8124933266496084,0.0041636692755306634,2.627364080210766,0.8691340245306491,0.013467499189619047,2.767577104270458,0.8751722611486912,0.012188978732410816,3.5679321452975272,0.8021342158317566,0.006737681398817585,2.914960525929928
808,41,PPO_RLlibMacroEnv_2026-10-08_09-41-29z_rmrdtf,1193.6805331128114,65.72275359216083,8.611550510575631,31.75631376555082,0.6590780131592218,-3.0094449700245427,46.76370445363002,0.9376943800598383,0.009628371257667929,6.475937452912331,0.9636491806973261,0.007735980526556878,3.768636117615324,0.813784075372013,0.0383099326197522,2.655559382787565,0.8785407457500696,0.008768089720433636,2.6939374223351478,0.8764592755585909,0.009355174216398206,3.5724629729986193,0.7533473785966635,0.009925579463879331,2.934743894636631
808,42,PPO_RLlibMacroEnv_2026-10-08_09-41-29z_rmrdtf,1218.4310569827214,66.21329840648139,8.803749996926845,32.87534552594447,0.6510349359581343,-3.5155575635690393,46.857459590272356,0.9251528210937977,0.010418872931120503,6.367706283926964,0.957235673369119,0.0076919560298641205,3.742539846522598,0.8211663964353961,0.005074350445923942,2.6711381191088828,0.8873012211173773,0.010186727031032293,2.5232294246554376,0.8741832450032234,0.006854934797394257,3.5966802448034287,0.8199557013809681,0.013976583055887271,2.8209751442074777
808,43,PPO_RLlibMacroEnv_2026-10-08_09-41-29z_rmrdtf,1226.1001682497058,65.14027627909167,8.910250332373492,33.53729372204028,0.6459276691370431,-4.085812845360092,46.894192343596586,0.9222333140671253,0.007793532059861358,6.432856017351151,0.9633852820801466,0.008089952009349095,3.6168891769868354,0.8097044049966626,0.012661247864658746,2.6338027587751065,0.8945790879428387,0.008722750906508736,2.4717003434896467,0.8951607290655375,0.005496778441067818,3.5950740560889245,0.8374549262225628,0.009207639409533,2.788743568956852
808,44,PPO_RLlibMacroEnv_2026-10-08_09-41-29z_rmrdtf,1246.2944814266075,64.39885874162015,9.128227215421992,34.71843693512992,0.6449047888339393,-4.205177120914579,46.909459344209,0.9608607407659292,0.011034476851193738,6.378665393590927,0.9575816672322089,0.007942032316457369,3.5419581635133417,0.8056930463716209,0.006905598702129223,2.521628206896495,0.9033107575029135,0.010461225820472545,2.358175830543041,0.9381884936243295,0.008177745034072417,3.5948635041713715,0.8462794132530689,0.020793998991098305,2.761592648923397
808,45,PPO_RLlibMacroEnv_2026-10-08_09-41-29z_rmrdtf,1259.5958354692448,64.65530795986741,9.289522493792761,34.887015699163385,0.6426160178087978,-4.539923742682628,46.94483416428388,0.9352875355631113,0.010670794061547894,6.3143339395523075,0.9630147194985457,0.008234659752618213,3.431910041876498,0.7952239277159295,0.00731356877961183,2.4954049811130616,0.9025538817048073,0.00921018056401408,2.2579745829105375,0.9172600895166397,0.009806139890406535,3.5210447534918785,0.8634262196719646,0.01244373808303871,2.7358516320586204
808,46,PPO_RLlibMacroEnv_2026-10-08_09-41-29z_rmrdtf,1267.6139226783073,64.55596838470605,9.393452888309982,35.10766656621407,0.6403634680421999,-4.911655330929202,46.96496850945125,0.9322360686957836,0.010473177308176786,6.183037576079369,0.967743435625549,0.008103296226021772,3.353484746699598,0.8009141669597155,0.007944559034689361,2.4614708149874653,0.9133415065705777,0.011261624739790931,2.208713875710964,0.9207544405013323,0.014760555660922192,3.5363327324390412,0.8537614159286022,0.01460833718620059,2.6804081380367277
808,47,PPO_RLlibMacroEnv_2026-10-08_09-41-29z_rmrdtf,1278.365750139914,64.14887080531348,9.531261355814124,35.53301321188242,0.6413939167901153,-5.10629887281797,46.97392251640781,0.9563990082591772,0.010104369894554679,6.168632477521896,0.9676413735141071,0.00778442887612082,3.3537475858548613,0.8116028898954392,0.05551137282448735,2.485979368388653,0.8966221123933792,0.009842229707624028,2.2600146159529686,0.9389425944536924,0.011994460423511608,3.4989451304078103,0.8089656218886375,0.010912166692833226,2.4107202172279356
808,48,PPO_RLlibMacroEnv_2026-10-08_09-41-29z_rmrdtf,1288.030642918947,63.66756012109326,9.690285360708463,35.46866823617122,0.643973461208915,-5.20471471001415,46.96877418724576,0.960050207003951,0.008505404780362495,6.089141830801964,0.9696215541390378,0.008071973792193042,3.285526024015714,0.8181200713287166,0.006829529205990387,2.345716779320328,0.9138248819857836,0.009656101355904053,2.2200828060507773,0.8856132198125124,0.012325813822144482,3.49147025346756,0.9098300483077765,0.013802486173494893,2.2479760125279427
808,49,PPO_RLlibMacroEnv_2026-10-08_09-41-29z_rmrdtf,1302.5582571204636,64.25604374230385,9.794493491566852,35.269661783488665,0.6477047330662552,-5.259314200374255,46.99592753497866,0.9464091543108225,0.00924391682912086,6.115005937218666,0.9728487815398219,0.008627053999558515,3.18657582723613,0.829910040337865,0.005518366115042804,2.2741356486227455,0.9155481342226267,0.010137110999858232,2.108421962708235,0.9203782752156258,0.011741136021237306,3.4703867822885512,0.885309798642993,0.010776346596321774,2.1729398176074026
808,50,PPO_RLlibMacroEnv_2026-10-08_09-41-29z_rmrdtf,1324.3830682291134,64.77473825471152,9.949110177371821,35.752365517452205,0.6377361315484341,-5.673029334331867,47.04581628884635,0.96190520003438,0.008382102875197141,5.9970310717821125,0.973348696283632,0.008507733207871316,3.107835732142624,0.8348462558999846,0.004627730913355812,2.2750309026694,0.9211606822907925,0.009616332803852956,2.048838036507368,0.9379234828054905,0.0075534788531513766,3.406899619102478,0.9008639950305224,0.01334935820868859,2.176404729485512
808,51,PPO_RLlibMacroEnv_2026-10-08_09-41-29z_rmrdtf,1347.9215842862657,64.28819935242258,10.14441926944297,36.31572620244825,0.6315304689816887,-5.807486808498998,46.99904604445237,0.9433784876018763,0.011694856181895974,6.034180241823196,0.96480901706105,0.00819783966170565,3.102510323831501,0.8305773157107679,0.004653476336873846,2.220373851136316,0.8878747839480639,0.012449363616087903,1.9272900067269803,0.9554841011762619,0.008594525303397013,3.3745489463210108,0.780337194353342,0.008680763880693224,1.9761707603931427
808,52,PPO_RLlibMacroEnv_2026-10-08_09-41-29z_rmrdtf,1366.3078584338173,64.33083572775692,10.360907396983418,36.33090036104166,0.6281068680994316,-6.070289810627554,46.980253222310715,0.9430717166513205,0.008486764004004636,6.009642571210861,0.9688934669547485,0.008164806195962932,3.0586176355774217,0.8401838327944279,0.008835624249593438,2.198361554145813,0.896130258962512,0.013637252678017941,1.9204708173871041,0.9594833917915822,0.010308805278054998,3.3514998733997343,0.8554124590009451,0.010935089826853178,2.0118714280426504
808,53,PPO_RLlibMacroEnv_2026-10-08_09-41-29z_rmrdtf,1392.200223303771,63.85154678269139,10.697414902539546,36.41214544355833,0.6353067896414939,-6.375616085142402,46.9174305472999,0.9372555546462535,0.010101389095882627,5.871989649534226,0.9696782744483753,0.009152419136209986,2.990505745200991,0.8587288824817803,0.010056983896971315,2.1798465490341186,0.9194322399795055,0.009167171193985385,1.9087947398424148,0.9135559376329183,0.009167484267754844,3.3202095344662665,0.8922691784799099,0.007540950836119118,2.019951793551445
808,54,PPO_RLlibMacroEnv_2026-10-08_09-41-29z_rmrdtf,1427.3696004505184,64.19100755366156,11.048847199663092,36.66424477325247,0.6396534658543076,-7.074001062055893,46.90933111933717,0.9484238632023334,0.011613723868004083,5.8353963732719425,0.9724190591421691,0.008584970737619687,2.9371498021145075,0.865775592115861,0.009065178643136223,2.0853316047523593,0.93575778901577,0.008473428148863728,1.882760251313448,0.9687048263847828,0.013329395816299494,3.2699834764003755,0.8735481701791287,0.010493790596047003,1.9757921695709229
808,55,PPO_RLlibMacroEnv_2026-10-08_09-41-29z_rmrdtf,1457.3736359561901,64.12870866511008,11.38727990578703,37.12701461978421,0.6385702044398021,-7.6681554684576705,46.89880266970664,0.9479370381683111,0.009284413164323397,5.9690692842006685,0.9733207758109408,0.008330771797924512,2.8794930040503877,0.866314247665526,0.010373516190914334,2.0979776973965802,0.9213540948927402,0.010850993845451878,1.8082563310861588,0.9607209846377373,0.012595074774276387,3.2054756969213485,0.9056688562035561,0.009257411084581793,1.911299254745245
808,56,PPO_RLlibMacroEnv_2026-10-08_09-41-29z_rmrdtf,1477.7183410969387,64.26016460281961,11.63827472880192,37.05050409749008,0.6417505118908102,-8.033410156422514,46.894890402221506,0.940202959626913,0.007466427379472557,5.847204348444938,0.9726889003474977,0.009271152482859448,2.798779406438919,0.8522847893117349,0.007788342252098131,2.0678516458861433,0.9140864916145801,0.010238953250836857,1.784617131203413,0.9692102249711751,0.012119445989947119,3.151889683306217,0.8792475502938032,0.009488759676423913,1.6869386419653893
808,57,PPO_RLlibMacroEnv_2026-10-08_09-41-29z_rmrdtf,1496.8979099169385,64.67505164678218,11.828396290063356,36.9965842022441,0.6484894535529748,-8.328762219575173,46.94392507041033,0.9529073633253574,0.010170153173487646,5.756471326947212,0.9710045659935082,0.008903474776721862,2.7551695814499486,0.8558317799356919,0.01473489105534629,2.0233065064949325,0.9291858203709126,0.009197059900179858,1.8465704225003718,0.9324406798928976,0.008511077764927677,3.1214388012886047,0.8760331384837627,0.010548536177896039,1.594726024568081
808,58,PPO_RLlibMacroEnv_2026-10-08_09-41-29z_rmrdtf,1520.2147918381895,64.88421637995633,12.029724796620142,37.18264607623981,0.6473739988001906,-8.634994806673529,46.98284425287533,0.9503039374947548,0.010107358811274026,5.713172036409378,0.9707586499368112,0.008415502925869206,2.7152697938821446,0.8398377091069765,0.009578439558943134,1.9895585917219332,0.9249141827225685,0.010022195979127124,1.8652974396944046,0.9660118836909533,0.010358418023372515,3.0457771584391593,0.8725898679345846,0.010244453391351398,1.5487898588180542
808,59,PPO_RLlibMacroEnv_2026-10-08_09-41-29z_rmrdtf,1536.813652054545,65.5564151659496,12.12217413294361,37.22535811594988,0.6351804412827312,-8.879919785536492,47.07728633082847,0.933316133543849,0.01100491304707718,5.692599049210548,0.9756115811949504,0.009154904726012748,2.6087664249401974,0.8790509335602386,0.007764029030921491,1.9257924519007719,0.9161303356289864,0.01082489885338873,1.796377332508564,0.9702098805457353,0.01797710790906428,3.0931226015090942,0.821968924999237,0.009323988984988318,1.4939118698239326
808,60,PPO_RLlibMacroEnv_2026-10-08_09-41-29z_rmrdtf,1560.3344099938265,65.32890370496938,12.385112593234407,37.50504446971002,0.6314433905217735,-9.110435219592814,47.100993525615564,0.9313250135630369,0.011868585981778942,5.547766068577767,0.9762841102473887,0.008915419148394199,2.500843325198957,0.8806552510472793,0.006636389499509062,1.799985734118691,0.920546704903245,0.007098714381936706,1.8753344871103763,0.9602749854326248,0.023820867696122225,3.1140954688191416,0.8761483456939458,0.0092067796549145,1.4864635072648524
808,61,PPO_RLlibMacroEnv_2026-10-08_09-41-29z_rmrdtf,1572.4329214638492,65.08256051592936,12.462459345817845,37.55248222513598,0.6293848353665813,-9.047067223082626,47.11075856304654,0.9457018572837115,0.009296428879133766,5.598751664161682,0.9792061124278518,0.008934854214883357,2.4352929801531227,0.8593388222440889,0.00845404282434957,1.8348811729044854,0.9450168576091528,0.011355678358450087,1.7540061429142952,0.9561119500547648,0.014326790190784849,3.0792357191443442,0.9024510867893696,0.01174805003520319,1.514951977133751
808,62,PPO_RLlibMacroEnv_2026-10-08_09-41-29z_rmrdtf,1582.8115536430496,64.66290226360995,12.519563483803717,37.67766993159969,0.6279527151378815,-8.977798249214521,47.09157101087816,0.9501406330615282,0.008521644779966836,5.476303213834763,0.9729278986523525,0.00864590066173571,2.4547609236035597,0.862229918226411,0.007992023162697029,1.8088687579843061,0.9133515652269125,0.011562360973925934,1.7259781204164029,0.9503441620618105,0.012467212744604767,3.0534901887178423,0.8619033224880696,0.012703298525957649,1.4992599472403527
808,63,PPO_RLlibMacroEnv_2026-10-08_09-41-29z_rmrdtf,1582.2238806086964,65.26746097654373,12.548880208906679,37.38950498173029,0.6272237938845336,-9.003579536147267,47.110619682167346,0.9481043346226216,0.008503958837263955,5.3547190725803375,0.9750508650621903,0.008491497619710938,2.4472525069361213,0.8534979510156414,0.007589374891130556,1.7441714061966425,0.9222379449754954,0.012904209094995308,1.633127573132515,0.9630033455789089,0.013248241357769076,3.006377525627613,0.880790426582098,0.013361048483329797,1.4115699246525764
808,64,PPO_RLlibMacroEnv_2026-10-08_09-41-29z_rmrdtf,1581.4460654835423,65.47732378732772,12.564124921559014,37.301557921629836,0.6300741180365819,-8.999356205545116,47.12549732067864,0.9699837684631347,0.013042347540113224,5.292629221081734,0.978182244680102,0.008592556162151243,2.4143701942343463,0.8656805537169493,0.010094164031799456,1.7507501357718358,0.9305970098823309,0.010347554503641861,1.6407489396631718,0.9437524136155844,0.013823083004808796,2.9220692723989488,0.8656912680715323,0.010519579143147124,1.3265094444155694
808,65,PPO_RLlibMacroEnv_2026-10-08_09-41-29z_rmrdtf,1585.3176970127345,65.56294570485285,12.602745289795392,37.3381920751132,0.6321684065427604,-9.106520870166332,47.11957555694053,0.9486037731170655,0.010593948177029428,5.1705860704183575,0.978683505982579,0.008640918052699642,2.3816987096054505,0.8576494767696042,0.013324986330949692,1.8095522722111472,0.939902450144291,0.01031219248002344,1.598640216141939,0.9521874275058508,0.01524177888600214,2.85010547041893,0.9051673386245966,0.009786959470875609,1.3127546101808547
808,66,PPO_RLlibMacroEnv_2026-10-08_09-41-29z_rmrdtf,1579.5572485960624,65.82417174244517,12.566505494919582,37.06751127593657,0.6270158429775539,-9.030439517045693,47.111125308583425,0.9525984805077314,0.009900607408235573,5.237284535169602,0.9783348691406973,0.009357135945882649,2.329498250751887,0.8851751794543448,0.008300834129758062,1.7754051172280614,0.8888943940401077,0.011223427862842073,1.5909720845520496,0.9349411137402057,0.017730428740742432,2.7548349767923357,0.7845488224178553,0.014969517965164566,1.2810449764132499
808,67,PPO_RLlibMacroEnv_2026-10-08_09-41-29z_rmrdtf,1579.1132342565425,66.1073766489556,12.592034161902278,36.94470693271656,0.627561065541974,-9.00848417942066,47.121341493001935,0.9388198520988226,0.008460174430274678,5.304675561189652,0.9800211670562944,0.00865105450752949,2.2647826273480955,0.8654260504094861,0.011557900825757798,1.7350597431388082,0.9264153443276882,0.012386610671455986,1.5944052249193192,0.9450246047228574,0.015285061749818928,2.744173914194107,0.8633986555039883,0.016133358744264116,1.1906111732125282
808,68,PPO_RLlibMacroEnv_2026-10-08_09-41-29z_rmrdtf,1581.6888572273858,66.57629063438424,12.593132241202554,36.8214589203744,0.6292851980224367,-8.925423501136486,47.13926978051592,0.9480445757508278,0.010272653549452776,5.259265974164009,0.9771938250975142,0.00798164367331732,2.245226266335922,0.8676508219181737,0.008183707226851742,1.753530822222746,0.9337266825139523,0.012964816024919088,1.6568122498691082,0.9303152412176132,0.013645462115573609,2.6717021837830544,0.8463913559913635,0.007432313101821966,1.328189305961132
808,69,PPO_RLlibMacroEnv_2026-10-08_09-41-29z_rmrdtf,1590.836569078524,66.29824999479705,12.668562948973522,36.94166700714204,0.6242678798242474,-8.8517822587103,47.13340941521094,0.9353001393377781,0.0099713812522625,5.099044069647789,0.9813920452910531,0.00870207017743243,2.210482388361121,0.8839533888840977,0.011275824036362528,1.6784586331512354,0.9339357122778893,0.010993378370585699,1.54693473726511,0.9218155041337013,0.01718842957670867,2.66945825368166,0.889526117220521,0.010125764815984598,1.2904179714620114
808,70,PPO_RLlibMacroEnv_2026-10-08_09-41-29z_rmrdtf,1600.6835241118415,66.44965098056863,12.696874562226878,37.14065902354662,0.6194314415145084,-8.669324937342203,47.1612975535421,0.9475815456360579,0.009718683694882418,5.000994649529457,0.9777239649476093,0.008989310806391362,2.2100303250698397,0.8506531731991829,0.011297143070167963,1.5628443606292146,0.9404218457639217,0.012502229623351142,1.5619805485010148,0.8916239779442549,0.01839107271962357,2.5951077818870543,0.878730233758688,0.011721197514271059,1.2551658488810062
808,71,PPO_RLlibMacroEnv_2026-10-08_09-41-29z_rmrdtf,1604.739809825612,66.80849971714088,12.801895955169421,36.9688213234731,0.6197381906524937,-8.412920400112924,47.16419144650158,0.9538438487797976,0.007411256741488827,5.137592232227325,0.9757527277262315,0.008443340702460377,2.2227811382881737,0.887736772283723,0.011033450272612133,1.5279882065857513,0.9386350631713867,0.012327278315092371,1.587587897479534,0.8726788021624088,0.011828666543078811,2.540295013785362,0.8219381511211395,0.010304340028415177,1.225062221288681
808,72,PPO_RLlibMacroEnv_2026-10-08_09-41-29z_rmrdtf,1614.191243418874,67.00624003039056,12.825797131723672,37.131644334583655,0.6168087234796227,-8.126288773254855,47.2230668405065,0.9563876084983349,0.010432197637362814,5.078022235631943,0.9743390217938888,0.00830390057667901,2.2000375762113236,0.8904905488219442,0.014753565138465704,1.5301053972183905,0.9414947874844074,0.008975847085457794,1.6417230769991875,0.9144486609846354,0.021725026408967195,2.456630270183086,0.8706482719630003,0.012983192978208694,1.1282492853701114
808,73,PPO_RLlibMacroEnv_2026-10-08_09-41-29z_rmrdtf,1626.5088058974663,67.38591233024313,12.99533579799322,37.119117057333064,0.6150773974219415,-7.971418148510938,47.1910049869712,0.9542077887803316,0.009477391348139222,5.061866250634194,0.9837953063855126,0.008827849119834818,2.1749229988569665,0.8850392762618728,0.012042865728501885,1.477209820023066,0.9455190367996693,0.0132047366794724,1.5525943800806998,0.9237668052315712,0.01734730367024905,2.463713875412941,0.8817679159343242,0.012641684468326414,1.217479056119919
808,74,PPO_RLlibMacroEnv_2026-10-08_09-41-29z_rmrdtf,1637.039897757351,66.61560621933764,13.185930387446042,37.2892657711568,0.6083159861941607,-7.844673856596623,47.17243616025884,0.9463672932237387,0.010134553614216394,5.010958126187324,0.9763143509938078,0.00859492176625057,2.07327900565831,0.8760542668119261,0.009642902042279978,1.4437920845007595,0.9318200726062059,0.012903705441635929,1.570960208773613,0.9234500836580992,0.009103040274385524,2.4340082362294195,0.7832503076642752,0.01183616132020703,1.1505374766886234
808,75,PPO_RLlibMacroEnv_2026-10-08_09-41-29z_rmrdtf,1646.1877032422353,66.66002427899001,13.291218322615611,37.40819922817761,0.6066329824988843,-7.672486449716714,47.17107196343822,0.9535865284502506,0.011256436432512373,4.854447543621063,0.9790922071468632,0.008497950488481112,2.008667737496079,0.8828769366952437,0.008448264167845646,1.4564937117733532,0.9197792928665877,0.010204613978066846,1.489983284473419,0.9151371989399195,0.011924101574732162,2.3426831722259522,0.790934706479311,0.013896467513768745,1.0030254531651734
808,76,PPO_RLlibMacroEnv_2026-10-08_09-41-29z_rmrdtf,1658.7505304192455,66.90821122051611,13.450327275090311,37.34034473246436,0.6086066267959128,-7.663736953828688,47.12201071452673,0.9564919784665108,0.008769910672390548,4.854941365122795,0.9807735991403923,0.008373967787948425,1.9511540718793128,0.8790709716609761,0.011025417172484456,1.3791931509971618,0.9440430000424385,0.012814151009570196,1.5736222937703133,0.9557225495576859,0.01774953497015314,2.230208596587181,0.8921421229839325,0.01468436150098582,0.993606885895133
808,77,PPO_RLlibMacroEnv_2026-10-08_09-41-29z_rmrdtf,1677.6070300878082,67.10883401530927,13.589001157581471,37.5073799974873,0.6102550989080104,-7.568322594651903,47.102605785319504,0.9560181871056557,0.01198597227612503,4.81291960477829,0.9820466167778357,0.008440247850991098,1.878786466520584,0.8950003139580353,0.011035414118275265,1.3885615487641927,0.947331539541483,0.0087119045333111,1.572993441671133,0.9456010788679123,0.012122590330454958,2.2501473277807236,0.9048048533499241,0.014012340093177242,0.7823575060814619
808,78,PPO_RLlibMacroEnv_2026-10-08_09-41-29z_rmrdtf,1701.6120681959676,67.50134967379671,13.807914338961023,37.58025786148352,0.6167889872674547,-7.535694038708324,47.068417129796345,0.9193701054900885,0.010465538663084095,4.748864594101906,0.9801692874067359,0.00813086599959891,1.7924602313818019,0.8993124183220199,0.012685763423406236,1.2185997694353514,0.9486526370048523,0.01206304626239231,1.6267631098628044,0.955508678779006,0.01248177096172185,2.193465255200863,0.8630971495062113,0.01079619947904591,0.9211695928126573
808,79,PPO_RLlibMacroEnv_2026-10-08_09-41-29z_rmrdtf,1720.9223477126025,66.84090213438209,13.98645286781702,37.850928086007016,0.6183913630207666,-7.353056774280316,47.0412459722838,0.9616617437452077,0.01268375057688923,4.870386266708374,0.980386478155366,0.008707872041196522,1.7339917009350532,0.8848565621466576,0.011031453325083446,1.1653308753725848,0.9393555812537671,0.011517491744689324,1.3277834445238113,0.9083848599344492,0.01271151655673761,2.205137225985527,0.8058248162269592,0.00910417703253204,0.8645016934722662
808,80,PPO_RLlibMacroEnv_2026-10-08_09-41-29z_rmrdtf,1734.4750011234394,68.22624182447483,14.111923685288588,37.734192943614836,0.6279096160488558,-7.26699112939331,47.058567984447656,0.9479668121784925,0.011059149994298637,4.7203518897295,0.9829992514534507,0.008508611256252635,1.6563240650504898,0.8953563817694218,0.013426753362023482,1.1504693571525284,0.9585654586553574,0.013607508217137364,1.2014514122158289,0.9125412363559008,0.015142955933061007,2.113373067229986,0.9028462741523982,0.012144413825018319,0.7775943502783775
808,81,PPO_RLlibMacroEnv_2026-10-08_09-41-29z_rmrdtf,1752.689067039783,68.90474724127357,14.218583453073501,37.7746497444839,0.6340230383928983,-7.2095364939758575,47.0676831167872,0.9526157725602389,0.00836598704150927,4.629226517677307,0.9807226813108123,0.008322097584743782,1.673621344742334,0.8925327318378642,0.009059293637060912,1.133056133457377,0.9611108116805553,0.013640934674913466,1.0415855914354324,0.9286809217184782,0.018633959589715362,2.0246646270155906,0.893914295732975,0.012666944249986045,0.8513476319611073
808,82,PPO_RLlibMacroEnv_2026-10-08_09-41-29z_rmrdtf,1766.8423174655536,69.63678847769138,14.352179193857214,37.82613334677029,0.6347276189091405,-7.017037280343143,47.090371135485576,0.9531005837023259,0.011437477108848038,4.556612932682038,0.983513983849154,0.008321327301887496,1.663427585377347,0.8920539965357962,0.012463192992749377,1.0409325241288052,0.9616408228874207,0.012797221961409566,1.0708421371877193,0.9142934400588274,0.015155425822195093,2.0078213974833488,0.8811588861048222,0.012600430445127297,0.9819392833858729
808,83,PPO_RLlibMacroEnv_2026-10-08_09-41-29z_rmrdtf,1783.0057612785133,69.95766177807937,14.437405858781581,37.79887425482485,0.6376382502345354,-6.969406932364754,47.08641897722204,0.902956324070692,0.008508930731409462,4.522458186745643,0.9828790897748201,0.00815416528079694,1.6002934696501152,0.8987606556355199,0.007829359101913125,1.168526230733606,0.8249951642006635,0.013418684071439377,1.2538116566836834,0.9244422916322946,0.013997863121199005,1.865201423317194,0.4749384719878435,0.014637051210411301,0.5907507784664631
808,84,PPO_RLlibMacroEnv_2026-10-08_09-41-29z_rmrdtf,1802.0559987700908,70.0074951682016,14.670487601483206,37.7919332074604,0.6414414493394838,-6.722620484522381,47.05879108390708,0.9630126364529132,0.00966242693712072,4.5634267896413805,0.9848553536778529,0.008235989198544917,1.5419589951611015,0.9045285431644584,0.0091776341946996,1.1227169153811056,0.9651927512139082,0.013035087854223259,1.4092291124165057,0.9564951527863741,0.015186021149520612,1.8055658653378486,0.8729543808847666,0.01446163511645881,0.788104946911335
808,85,PPO_RLlibMacroEnv_2026-10-08_09-41-29z_rmrdtf,1813.4958868186006,70.8388613047568,14.716671135854636,37.62106874326157,0.6440401931286863,-6.637265020529784,47.082447013648974,0.9431980740278959,0.009299386508246476,4.600207597017288,0.9870339288715338,0.00829873599188362,1.4253616638896196,0.9134941957419431,0.015105928609234612,1.1157831762410417,0.9545174758881331,0.011026595772819017,1.237471342086792,0.9273210357874632,0.012207339142332933,1.8349777527153492,0.8721512004733085,0.007592813976680391,0.5655482828617096
808,86,PPO_RLlibMacroEnv_2026-10-08_09-41-29z_rmrdtf,1832.780151152808,70.69002373299374,14.911324737653642,37.67484626103887,0.6468915063165807,-6.435262709285798,47.067424028926695,0.9377882611006498,0.007730190405163974,4.571680802106857,0.98346788853312,0.008196981474582275,1.4165096787415492,0.8911205939854248,0.010228574978312201,1.101844070455696,0.9518277082592249,0.010438068481767005,1.2034637056291104,0.9106138486415147,0.011463727504633425,1.7463648557662963,0.8933051344007253,0.013816298930760437,0.5992974407970906
808,87,PPO_RLlibMacroEnv_2026-10-08_09-41-29z_rmrdtf,1848.9103276359,70.32151534546908,15.130716245422839,37.64272234815848,0.6504756917234192,-6.235388704679249,47.02869151866195,0.9605119120329618,0.009209949316437153,4.584041029214859,0.9821199497747422,0.008159173385112226,1.3870200616359711,0.879272004094305,0.010375881647103343,1.0514078938508336,0.9594821825623512,0.011110078940146388,1.3229117505252361,0.8932638496160508,0.011804213419054738,1.6061929903924466,0.8948872517794371,0.011132342459314028,0.6852849889546633
808,88,PPO_RLlibMacroEnv_2026-10-08_09-41-29z_rmrdtf,1863.1224399444243,69.51108686448646,15.33200133121021,37.62494644159106,0.6626838827527912,-6.019279884306031,46.97908109009723,0.9614416267722845,0.011100985875180205,4.4845031797885895,0.9784232861687692,0.008678127245724625,1.3658729090930173,0.8672531154336809,0.00980756113774849,1.0928059232385852,0.957568884268403,0.010812648869114127,1.1935949340462684,0.8578180607408286,0.01119854858835668,1.559567642956972,0.8527574256062508,0.013103621750087951,0.6869580548256635
808,89,PPO_RLlibMacroEnv_2026-10-08_09-41-29z_rmrdtf,1868.7766547089882,69.49043209237736,15.390839812454985,37.67791981533333,0.6667094636387756,-5.849251075861599,46.98304627238438,0.951332351565361,0.009684925024976374,4.458265575766563,0.9862265912467583,0.00857030519336651,1.3466275466833453,0.8999715156193021,0.010345983034466936,1.0910533186755602,0.9693654648959636,0.012683153150283216,1.094851589202881,0.9385588757693768,0.017728164650816326,1.4238635398447514,0.9004632987082004,0.012175789924367752,0.700118026137352
808,90,PPO_RLlibMacroEnv_2026-10-08_09-41-29z_rmrdtf,1877.1781442070487,70.08563897727169,15.424723927513517,37.54086945465962,0.6778455778408075,-5.745295129036657,46.969091440869796,0.9672342989593744,0.009923821193115431,4.41915023624897,0.9852570205088704,0.008308830737822176,1.3478814178798348,0.896633586249774,0.014282187539913737,1.079823120711725,0.9658489912748337,0.011806798454563438,1.0735434051603079,0.9347821172326803,0.00923914338659432,1.2910361938178538,0.8864432089030743,0.012226254944198617,0.5098250932991505
808,91,PPO_RLlibMacroEnv_2026-10-08_09-41-29z_rmrdtf,1880.1946906081794,70.28656468897903,15.461542828036729,37.51833180955269,0.6848907098870249,-5.661316970279654,46.968600678198065,0.9645616345107555,0.011746478850500616,4.48895283639431,0.9877904638945343,0.008224027329492256,1.2271433049835212,0.8972893667371967,0.008598416682298769,1.058761626406561,0.9693519379943609,0.0142841093511381,0.9956262107938528,0.9350989844650031,0.014539423231690479,1.297822006046772,0.8688971035182476,0.01486836414769661,0.4324342055246234
808,92,PPO_RLlibMacroEnv_2026-10-08_09-41-29z_rmrdtf,1881.6375248642566,70.3556102599946,15.426437403027684,37.42319380927732,0.6859487871554425,-5.628644056435913,46.97322077264048,0.9550557158887386,0.011166044151923665,4.402654856443405,0.9820784502411949,0.008836847805823701,1.2083787247290017,0.8840420128423956,0.010759811410504501,1.0389724148979669,0.9576109539717436,0.014991880232264804,0.7933929424732924,0.9291877474635839,0.014091374498093686,1.2044853292405606,0.850396765768528,0.011781498044001849,0.29470731467008593
808,93,PPO_RLlibMacroEnv_2026-10-08_09-41-29z_rmrdtf,1880.117823954346,71.24790494480277,15.331719497739268,37.318794009006254,0.6880892749701101,-5.656547402156223,47.00407845971504,0.9558198243379593,0.012052950543148038,4.286376640200615,0.9822162460259817,0.008415113646849421,1.1863371101104552,0.8692145290254037,0.015434711141500008,0.9695415327820597,0.9736856516450644,0.008183733449186738,0.9044131893664599,0.9317869916558266,0.0124069288089233,1.0933004342019559,0.8786411553621292,0.012905739428424795,0.2899132428690791
808,94,PPO_RLlibMacroEnv_2026-10-08_09-41-29z_rmrdtf,1882.5959576056769,71.41008779543338,15.351502074649467,37.148300763076186,0.6894023454256548,-5.745674077390959,46.99319872673916,0.9598145905882121,0.011173358572796388,4.294080448150635,0.9813184602040108,0.008437150007955516,1.1428590896968558,0.8795190156260623,0.012638269085690363,0.9631074230882186,0.9676137458533048,0.014677229922563335,0.8147994298487902,0.9435644261538982,0.02020814283623645,0.9827048692852258,0.8328542772680521,0.0168415380376248,0.2940284493379295
808,95,PPO_RLlibMacroEnv_2026-10-08_09-41-29z_rmrdtf,1889.336251488739,71.61766820989973,15.467848552972018,36.987961708670376,0.6999948789572451,-5.753439946824294,46.96399613018554,0.9341451212763786,0.011524067868981833,4.236351218819618,0.9870548494837501,0.00825272683265192,1.1089814417488952,0.8890660834463336,0.009323564064027469,0.9382327954980392,0.97336913831532,0.009732167794072665,0.7608456309884787,0.9450216095894575,0.014748950842477104,0.8907489400357008,0.8767798274755478,0.012740814924831057,0.37742304280400274
808,96,PPO_RLlibMacroEnv_2026-10-08_09-41-29z_rmrdtf,1894.441609990318,71.64925883067515,15.563621750628977,36.94489272465179,0.6986364407928104,-5.8204952544684545,46.984699605556074,0.9700108811259269,0.008349999873007885,4.250936356186867,0.9843871039930407,0.008642458468900946,1.075845548223946,0.9020179000081895,0.00884303694303664,0.8873783842672276,0.9715286545455456,0.011358788493453384,0.8216793809086085,0.9336488619446754,0.012189892828428353,0.7737779781222344,0.8163916829973459,0.012614863810995542,0.4262907659634948
808,97,PPO_RLlibMacroEnv_2026-10-08_09-41-29z_rmrdtf,1898.6921138519072,71.48660120017523,15.653201139954424,36.87272342029641,0.6949951451583027,-5.847442458470664,46.98493026902722,0.9703482713550329,0.009320005074733033,4.401728719472885,0.9852803330586536,0.00877352205268911,0.997057114083218,0.919835072454018,0.007887887356388738,0.818339565735829,0.9610265862196684,0.010647683256684344,0.8524777229875327,0.944861114025116,0.012360746556078352,0.8502545073628426,0.8532906673848629,0.013424596543427753,0.1846698946785182
808,98,PPO_RLlibMacroEnv_2026-10-08_09-41-29z_rmrdtf,1906.2357277084802,71.17691368092913,15.772240217391555,36.874920921542056,0.7009515574962357,-5.879637374104845,46.93667066034025,0.9651303272694349,0.009387910548048512,4.237583178281784,0.9836258327223592,0.00886622347591552,0.9834435166251934,0.8912023757077471,0.008788074740051008,0.748613618295404,0.9563614271581173,0.01026159591856434,1.010246202722192,0.9648848935961724,0.011900413081457579,0.748244159668684,0.8474778600037098,0.011707335573009913,0.23881140812300145
808,99,PPO_RLlibMacroEnv_2026-10-08_09-41-29z_rmrdtf,1913.0688882849777,70.42721967423026,15.871279410679467,36.89244155159549,0.7023879983197703,-5.919109885215374,46.90637476196477,0.9669589474797249,0.010822290589067052,4.162058238685131,0.9840226019879399,0.008817523922515422,0.9246537091533032,0.8963145849070971,0.01620167271316485,0.7522669092009339,0.9670660570263863,0.013609186338453583,0.8911626398563385,0.9687068685889244,0.011731228537974179,0.6665297014638781,0.8681649766862393,0.012307721694560573,0.06853066829498858
808,100,PPO_RLlibMacroEnv_2026-10-08_09-41-29z_rmrdtf,1917.8868141056032,70.14721774345128,15.92456871228365,36.94928770371365,0.7037072816789022,-5.90464760586464,46.913757570173274,0.9620301771908999,0.00983331535853722,4.157654759287834,0.9776008537458996,0.008605052106981424,0.9353989004710364,0.8673389581939842,0.009348256519352399,0.7241853649103189,0.9696463495492935,0.011234686722957576,0.9826095201075077,0.941839412227273,0.010677477822810033,0.6724373426288366,0.8591277107596398,0.013344397040873668,0.0907864963344764
909,1,PPO_RLlibMacroEnv_2026-10-08_14-29-18om76ulro,351.17347247448436,63.44654225970619,1.4459338514461801,2.851974461053292,0.6924517233588157,31.126733731033823,38.51731542965379,-0.012828569486737251,0.008454608060992541,7.048107978701592,0.5019293584859311,0.004499954498165613,5.65362977434117,0.3323510681078813,0.005968139333899077,4.228679542675197,0.09214423261582852,0.005981310647257487,4.278912800550461,0.13093757517635823,0.012462761071128625,4.218213298916817,2.1032243967056275e-05,0.003420006156375166,4.2664596229791645
909,2,PPO_RLlibMacroEnv_2026-10-08_14-29-18om76ulro,364.71990498017783,63.9499716052489,1.586673807504021,2.7475171198437582,0.7550145615083403,31.38476125200398,38.843628327310775,-0.010094420611858368,0.005351462921401422,7.067997479438782,0.7113164455327303,0.006846918301006734,5.611943603346619,0.618581269648043,0.005860584262473525,4.20265242636471,0.7006560146808625,0.008050088275837206,4.248899152874946,0.47165339924395083,0.007427324574314312,4.243372675776482,-4.433654248714447e-05,0.007269210337113918,4.235038903355599
909,3,PPO_RLlibMacroEnv_2026-10-08_14-29-18om76ulro,361.9945287058278,64.17245339760017,1.5469052371572312,2.7344424504965152,0.8008524566533577,31.799145473555882,39.07769613478026,-0.005428789183497429,0.0074193617399942275,7.122555917501449,0.7378053425857336,0.006113850228759044,5.603183868497905,0.6744317025473687,0.007279142154922247,4.176336185911061,0.7833200931549072,0.008874044548156249,4.209757724404335,0.7838442537933588,0.005927842727396656,4.231821975111961,1.1626631021499635e-06,0.006340006749178437,4.2211849182844166
909,4,PPO_RLlibMacroEnv_2026-10-08_14-29-18om76ulro,351.2804814533562,64.96483261029502,1.435506288785709,2.7206336285243413,0.8295047244622527,31.642355702145757,39.35270763454599,-0.004736622422933578,0.005428130283462476,7.143286111950874,0.7920197325757887,0.006484763486327472,5.5606672433913,0.7096072314323577,0.007366664980301431,4.194253883952588,0.8070829752832651,0.008100062443554634,4.167118895053863,0.9376589544117451,0.016360556041786368,4.28375795185566,-2.4118274450302123e-05,0.008287017529164598,4.227522391080856
909,5,PPO_RLlibMacroEnv_2026-10-08_14-29-18om76ulro,353.13138913117285,65.69345128803508,1.4422198044540575,2.6847151359774086,0.8564109164778838,31.151355999202632,39.62129616978057,-0.0015872202813625336,0.006854745434930032,7.114574950933457,0.7832148402427422,0.007110562226267442,5.535182908332721,0.7328645012378693,0.007820640924552572,4.196158439254761,0.8194822978228331,0.010709638279695368,4.132977229356766,0.9676312077790499,0.007358789960630929,4.321905133128166,-1.233816146850586e-06,0.00555780394888645,4.222595891356468
909,6,PPO_RLlibMacroEnv_2026-10-08_14-29-18om76ulro,352.0444084569479,65.99679627791033,1.4278991847808362,2.650166248551291,0.8799160056613683,30.643138536559228,39.700317768153894,-0.0017645962536334992,0.008890952432130941,7.124796375632286,0.7805593939439437,0.007359427389483325,5.4513768811491445,0.7249561776033779,0.006750847519360243,4.159749625665456,0.8080254413187504,0.009240354505118375,4.118903112411499,0.977266899496317,0.008200175660044834,4.330596601963043,5.344673991203308e-06,0.0072553816667096,4.222145366668701
909,7,PPO_RLlibMacroEnv_2026-10-08_14-29-18om76ulro,360.16329182402296,66.68027216044993,1.4863268694248617,2.6392056834159576,0.9305350904393491,30.384773907675502,39.997707617607254,-0.00206625834107399,0.017783419191562223,7.160445895791054,0.8113685845892958,0.006952399763049825,5.404708381942576,0.7302382967758588,0.007657702407430433,4.099667330975184,0.7797985374927521,0.008325554958173614,4.156048354506493,0.9772296085953712,0.006393598630302257,4.304009744524956,6.728619337081909e-06,0.005892774672338419,4.208392095565796
909,8,PPO_RLlibMacroEnv_2026-10-08_14-29-18om76ulro,362.43637785516125,67.21272575317859,1.4832801572716403,2.667689922412876,0.9736794384573193,29.88144413407758,40.22609109174896,-0.0010668456554412842,0.012652132864604985,7.266782799363137,0.7944140683635463,0.007341318077299185,5.3669647794816555,0.7216599773188106,0.0070411101872598575,4.038067495725194,0.862365635856986,0.006491212876085254,4.106450977921486,0.9825662560760975,0.006506961625791549,4.327909016609192,4.779919981956482e-06,0.011011400720144605,4.237934717535973
909,9,PPO_RLlibMacroEnv_2026-10-08_14-29-18om76ulro,358.66462353414596,67.5086599749434,1.4534381917783763,2.658061921616859,1.0158056034955854,28.93254209807928,40.358997081295264,0.0005528070032596588,0.006996249936446475,7.2837783843278885,0.8051647129559536,0.007620668766980644,5.311796203179864,0.724331536656054,0.008531918811852328,4.031244723983263,0.8823925841599702,0.009670239709419114,4.140536287426949,0.9785932146012783,0.006651510981976116,4.404691347479821,6.768107414245605e-06,0.005468072535109085,4.234017476439476
909,10,PPO_RLlibMacroEnv_2026-10-08_14-29-18om76ulro,363.33770193661786,68.12135937764447,1.4870428749424636,2.64256727624527,1.0575905695125178,28.014393808454752,40.60050025547957,0.19847518652677537,0.00904317810613981,7.155232092738151,0.8018561837005616,0.0071402623901263,5.280256097412109,0.7301209054398261,0.0073408855086765125,4.013293032940751,0.8559159297496081,0.008403113204303762,4.10665186047554,0.9685575257986784,0.009809980251665743,4.450252416729927,0.0001116964966058731,0.009289400264492566,4.182922619581222
909,11,PPO_RLlibMacroEnv_2026-10-08_14-29-18om76ulro,366.3151159449026,68.6571664514336,1.494786494584104,2.6864572901365595,1.0806321338177833,27.585498536626037,40.78764847399212,0.3880380991846323,0.004570772869146907,7.232369676232338,0.7929123367635729,0.007353738484693643,5.208706716555512,0.7650722973431523,0.007751423648645286,4.015080279512368,0.8795097723603249,0.012501616347208273,4.04347240626812,0.9763674896210432,0.009272782471919105,4.4526371449232105,0.0051355790346860886,0.0061269308382179855,4.184106084704399
909,12,PPO_RLlibMacroEnv_2026-10-08_14-29-18om76ulro,383.0192665046294,70.37850612567578,1.6128811959821483,2.73708249358818,1.134194929042053,26.798681493946297,41.27594103655633,0.5378718066960573,0.009905701851175763,7.192173337936401,0.8205312914487928,0.007237436368619498,5.148460652329201,0.7438363531381467,0.00780187609061227,4.008373685324974,0.885817251354456,0.008832383236676868,3.951105985045433,0.9802658755332232,0.0062518307763753,4.491678512096405,0.059173505008220675,0.007799688014097255,4.15578607916832
909,13,PPO_RLlibMacroEnv_2026-10-08_14-29-18om76ulro,388.6326990799414,71.4733989308172,1.6570062089804711,2.7506174833432024,1.154368979956253,25.663553973014114,41.609810075434126,0.686478853225708,0.012000678066579082,7.328106117248535,0.8281219328740109,0.007669673819145681,5.1169444157349275,0.7608570989147125,0.007947983107190075,3.98436263566948,0.8490761395543813,0.007859665811224659,3.8609173387289046,0.9685947980731726,0.009490150361443772,4.432703799009323,0.11474301367998123,0.005378522718172038,4.216874507069588
909,14,PPO_RLlibMacroEnv_2026-10-08_14-29-18om76ulro,401.5117611275462,72.76018581615584,1.75774268634841,2.8080979830009074,1.1841148496317486,24.506017701519806,41.99921650210572,0.66487290635705,0.01194270923692784,7.264462202787399,0.8207192022311821,0.008082474615155282,5.049089811635359,0.70294352069193,0.006949993247241152,3.9702916129754513,0.8904654759913683,0.009565331689555057,3.8438838228583334,0.9677319426089526,0.005236507532856681,4.4447815924882885,0.0753889761865139,0.005606669052713187,4.218267813324928
909,15,PPO_RLlibMacroEnv_2026-10-08_14-29-18om76ulro,427.41702394337653,74.27839829871438,1.9563189215031576,2.876999960145373,1.2184700280184888,23.362882436245812,42.42461039679742,0.6929285913705826,0.011403466218973866,7.067535224556923,0.8250447687258713,0.007819673848822345,4.982406618119783,0.7374086949508637,0.007347496854207236,3.9161945241503417,0.8552385047078133,0.008088332747547649,3.831342400610447,0.9663187507539988,0.005890313022564481,4.464436706900597,0.2037406362593174,0.012895669268982602,4.202574628591537
909,16,PPO_RLlibMacroEnv_2026-10-08_14-29-18om76ulro,468.0470315538927,74.72155122386025,2.3152559375582,3.035416721703612,1.2356051976750364,22.22345626791139,42.58056067847705,0.7339111313223838,0.010998541898985158,7.046236255764962,0.8283340463727761,0.008081092106486807,4.928294417986473,0.7461549300973008,0.008056195949704,3.9132857292648255,0.8871225412935019,0.006352999418231813,3.887999725341797,0.9692699171602726,0.008260752028883189,4.45908131301403,0.3074683636426926,0.007561542069089456,4.196677175164223
909,17,PPO_RLlibMacroEnv_2026-10-08_14-29-18om76ulro,503.3894886811194,75.31190880774933,2.642650397959514,3.159689600032045,1.2757997255623736,20.77653379001451,42.81940130824812,0.699358643218875,0.01187140216220549,7.005080324411392,0.8326321677395757,0.007631736936903605,4.849613111648375,0.6912715071293174,0.006875172064862499,3.945924804836023,0.8987365294247865,0.005271759089305305,3.858399286866188,0.9581921774893999,0.008175987774498643,4.459599289298057,0.21312458142638208,0.008043906673944456,4.1516293555498125
909,18,PPO_RLlibMacroEnv_2026-10-08_14-29-18om76ulro,549.8920744505307,74.99507536450928,3.060309769438188,3.5189782326094483,1.2776838718471384,19.30068621701038,43.05981160762502,0.7873186949640513,0.010632152402229252,6.909537699818611,0.8510155404868879,0.008264305697810432,4.7439093100959075,0.7435276507252482,0.006992801103914916,3.8703043885899886,0.9090355586260557,0.006904508302318429,3.849765183031559,0.959222350269556,0.006235023809540543,4.423093464970589,0.38924926742911337,0.0051403665688553955,4.193557181954384
909,19,PPO_RLlibMacroEnv_2026-10-08_14-29-18om76ulro,581.4710537503305,75.38479987088309,3.346225176998729,3.748806648120827,1.3088015860252105,18.38192419486282,43.26009210171491,0.8625823721289635,0.01242905138943239,6.864944183826447,0.864944332536632,0.007940186154429228,4.750441065931398,0.7639069816189497,0.008407976594003944,3.7958563803557324,0.9043933223932982,0.006714844040016073,3.7758466482162474,0.9513837791979313,0.008418030352882511,4.433077028393745,0.4062804367393255,0.010576417372578816,4.145428803563118
909,20,PPO_RLlibMacroEnv_2026-10-08_14-29-18om76ulro,615.3092823830256,75.67862385134714,3.661951396217212,3.971196280853487,1.3149359490226573,17.37585445854563,43.38531082062615,0.7580029781907797,0.0090058555444558,6.779199153184891,0.8495440629554553,0.007862242110592629,4.7377411601012955,0.7522386485952968,0.007720475930052452,3.7468023868954234,0.9118272978812456,0.0056312425725081995,3.750747488439083,0.9096514407545329,0.006822093935028306,4.429331108927727,0.35686301477253435,0.008410123071115572,4.121816647052765
909,21,PPO_RLlibMacroEnv_2026-10-08_14-29-18om76ulro,649.3414912244262,76.44646447774977,3.961830256862039,4.3799317238542645,1.2985262560917845,16.42303672252051,43.6167763128579,0.6894965272396802,0.01010751079244311,6.5986253172159195,0.867655075443143,0.008307763762277376,4.69298543526664,0.7674673339473866,0.007960911983008093,3.708437352202763,0.9203347649425269,0.010575428185757154,3.7296988278627397,0.9478788796812296,0.0052237156716842415,4.454013842344284,0.43134265169501307,0.006359177479703273,4.152426132559777
909,22,PPO_RLlibMacroEnv_2026-10-08_14-29-18om76ulro,661.8108677658053,76.94074611156678,4.057880599853169,4.760406255393549,1.3022370983644196,15.573383577898426,43.88097833229581,0.7275215841829776,0.011579722090567773,6.565708243846894,0.8839231458218308,0.007729369373868226,4.679683271828216,0.7747692694850996,0.008764372267768184,3.603465092649647,0.9256989013403654,0.005111949668571509,3.751128908991814,0.9028689511120319,0.018866231152010506,4.5166019886732105,0.4807507947087288,0.007523314473564857,4.118473872542381
909,23,PPO_RLlibMacroEnv_2026-10-08_14-29-18om76ulro,686.8172846536359,77.58536947504612,4.256832481126771,5.221492126365967,1.2980558740140455,14.511459478016723,44.08172133159948,0.6873476468026638,0.008671771876197564,6.512849381566047,0.8756953679404412,0.008270575339064548,4.657402095742401,0.7870176800985655,0.008215016039360364,3.5878704202232177,0.8939686451107264,0.006317241718284095,3.7728200629353523,0.9005126312375069,0.0069070776863441544,4.528979152441025,0.41653764322400094,0.01001420007410161,4.09430792927742
909,24,PPO_RLlibMacroEnv_2026-10-08_14-29-18om76ulro,717.1055689495072,78.91422088759094,4.501797722069729,5.765289528023506,1.2846085985423041,13.154609400817067,44.29553426898175,0.7666848599910736,0.010949830657852998,6.562209570407868,0.8765080576203763,0.007653474624654777,4.598401847146452,0.7062106708473063,0.007438558938360619,3.526012580279998,0.888698236271739,0.0076898332652490355,3.803133936226368,0.9345312599092722,0.006270013568723738,4.492432919144631,0.5147344052791596,0.004722988267366223,4.21370952129364
909,25,PPO_RLlibMacroEnv_2026-10-08_14-29-18om76ulro,736.0246483966835,79.9322072721243,4.6411683198521505,6.215101600706645,1.2866911751759254,11.879688177490536,44.50194799532849,0.7680519510060548,0.006038226040846103,6.472818583250046,0.899456644393354,0.008048821810801686,4.543812539280657,0.739052055902149,0.006980522936946648,3.535362799132048,0.9165624190121889,0.008685319697559684,3.6866739630699157,0.874435393512249,0.006337906976693869,4.438485577702522,0.6125507790595293,0.007042690893035797,4.217169001698494
909,26,PPO_RLlibMacroEnv_2026-10-08_14-29-18om76ulro,763.4645920831882,80.70583491247369,4.804629391749369,7.001642470728077,1.2583627890730011,10.856751486661462,44.7503595686465,0.7569909140467643,0.008546574399201746,6.482851749658584,0.9027166813427735,0.007701957733791817,4.435641151381055,0.7249812967096056,0.005649517227199147,3.4274690486363,0.8899948697537183,0.007328139239416537,3.6759859666228296,0.796384796127677,0.003896182852258831,4.387939062714577,0.6795444786548615,0.010903295177274716,4.160362777113915
909,27,PPO_RLlibMacroEnv_2026-10-08_14-29-18om76ulro,794.5738615036472,81.02773231793923,5.014426504264518,7.7250869702700316,1.2281205160505433,10.138413303435438,44.883572457036756,0.7840235877782107,0.012034384369360395,6.4327219188213345,0.9112511979855545,0.007813794420085403,4.363172696316636,0.746457131619913,0.005277262831023917,3.4253990882850553,0.8743603561073542,0.005954729202903818,3.6936701983213425,0.8095845997333526,0.01315291694046441,4.292536371946335,0.6859614171087742,0.008762326869509745,4.1507292807102205
909,28,PPO_RLlibMacroEnv_2026-10-08_14-29-18om76ulro,851.8376403064955,80.93354207449754,5.459808192101402,8.757868316201213,1.152635180422976,8.95158874499083,45.05056977561607,0.8455083701759577,0.010893078562594383,6.603692892193794,0.9096019213862729,0.00835541659409339,4.293260869473549,0.7533924349366802,0.0058135875942891884,3.3670363334760274,0.830474554002285,0.008836521942180351,3.7800836727023124,0.7859485942870379,0.015065207178273038,4.329285761713981,0.5640865575522185,0.008088837284981349,4.1857855200767515
909,29,PPO_RLlibMacroEnv_2026-10-08_14-29-18om76ulro,895.7709770496269,80.51126846147739,5.798653562665165,9.952194124760185,1.0840716782643254,8.077249124828544,45.179389974226495,0.8234565135091543,0.01012435264615888,6.483473151922226,0.9244755853205039,0.007966538397167357,4.28592009937411,0.7517488922515925,0.0067822860459177,3.3107204593881203,0.9090642027556897,0.007220666339753786,3.603725378215313,0.6324929390102625,0.0066947695923091025,4.319044348597527,0.8038092397153378,0.008483982410837143,4.215168783068657
909,30,PPO_RLlibMacroEnv_2026-10-08_14-29-18om76ulro,949.4012174040436,79.1640733021856,6.195941555532575,11.62675614205424,1.021550439690392,6.780001274917149,45.363698570629715,0.8263430524617433,0.009667177940480087,6.411192694306374,0.9271293446825605,0.008009006083298248,4.251532622476957,0.7601850011257025,0.006881512331965499,3.288967679280501,0.7995050694793463,0.01183493632513546,3.516696058213711,0.6066536106169224,0.007598185606741481,4.237222218513489,0.7863898433744907,0.013041481734308085,4.2088800221681595
909,31,PPO_RLlibMacroEnv_2026-10-08_14-29-18om76ulro,999.8876991618428,78.73453659728789,6.517905948855309,13.44227204596935,0.9535445210134809,5.916878535861759,45.5164443081413,0.8076360620558262,0.01056445886052885,6.437069010734558,0.9367590701274146,0.008070570279667021,4.190442699926266,0.7779299195165987,0.007341925007377641,3.2193036754043014,0.9054757941514253,0.010002402152167692,3.371577240526676,0.6074262514710427,0.007931527317873588,4.189723172783852,0.7380486153066158,0.006582661580114349,4.219692343473435
909,32,PPO_RLlibMacroEnv_2026-10-08_14-29-18om76ulro,1027.8571229238373,78.79953518902715,6.775825166074336,14.13831202407022,0.9405999856601115,5.008780934743997,45.563823356119194,0.82598219178617,0.01177443375167983,6.1471608757972716,0.9298575535090641,0.007840026528365912,4.184910643771291,0.8011593406632442,0.006470620196136066,3.2720085640081624,0.9187978886067867,0.008798063096037426,3.41520983427763,0.48546837978065016,0.00986003626947824,4.1132727533578874,0.6277382079511881,0.007804590632031308,4.334145337343216
909,33,PPO_RLlibMacroEnv_2026-10-08_14-29-18om76ulro,1073.5845589422438,77.41303302664049,7.193167032573118,15.576518774087997,0.896458257591226,3.675202271998367,45.63731072048937,0.8694757595658302,0.01466871191807968,6.143816247582436,0.929957498205761,0.008057327691894812,4.14649540569504,0.7823356679578622,0.004136113286563919,3.234064382314682,0.8708676002919674,0.008528443364093618,3.481958267092705,0.21571079306304455,0.009374059725109874,4.078860160708428,0.7464643273502588,0.007546651427438228,4.3086090087890625
909,34,PPO_RLlibMacroEnv_2026-10-08_14-29-18om76ulro,1107.5081060176863,77.43616286236957,7.4135352401502725,16.938250493420007,0.8866052397711768,2.917961183019329,45.75283587098218,0.8619600139558315,0.011271554241466374,6.066301459074021,0.9469246868171619,0.00762192315370593,4.07619624913872,0.7794333577688252,0.00870142185185858,3.144624601091657,0.7472593352198601,0.010327461066060606,3.412314073741436,0.336390470713377,0.007121034973931774,4.057489398121834,0.7576992195099592,0.010255446209248523,4.261657506227493
909,35,PPO_RLlibMacroEnv_2026-10-08_14-29-18om76ulro,1143.739849607122,77.09663039439847,7.684899766371954,18.06777077878442,0.8744187665072451,2.054457522248587,45.838852887632896,0.8720695517957211,0.012090985338761745,6.023595955967903,0.9411674434726055,0.008486573781627857,4.02939217031919,0.7882299489740815,0.008763573176068868,3.054796302105699,0.8262392606586217,0.008527220110318012,3.3734465450048448,0.3768337037414312,0.007701939926317927,4.083304286003113,0.749350332468748,0.008258245732940903,4.255330461263656
909,36,PPO_RLlibMacroEnv_2026-10-08_14-29-18om76ulro,1184.5278088363257,77.62591467124987,8.020919396365064,19.03106651910486,0.8648681095090665,1.0985860379182295,45.922949286822444,0.9114049531519413,0.009776511366954016,5.987493333220482,0.9376184161400264,0.007751208691495274,3.9881338547047607,0.7765119809689729,0.008035543144405497,3.0166460997125375,0.8693662475794554,0.00519096808866386,3.4520638778805735,0.4878512527793646,0.005361574082871855,4.089417821168899,0.8168948497623205,0.014262960328551405,4.247928702831269
909,37,PPO_RLlibMacroEnv_2026-10-08_14-29-18om76ulro,1215.8611885500682,77.22932100719902,8.299444750291851,20.075886070412093,0.8440161445239036,0.28892003163523094,45.954312328423455,0.8803073551505805,0.011950220594394673,5.997711849212647,0.9507764289599226,0.008044795920990971,3.8890845639655716,0.7933360349590128,0.007967975923258399,3.0028369387713347,0.8762257486581803,0.00836181969198151,3.4673214986920358,0.5413342595100403,0.0108495202806012,4.127942141890526,0.7943306706845761,0.011214970689047792,4.151770123839379
909,38,PPO_RLlibMacroEnv_2026-10-08_14-29-18om76ulro,1262.6527230763056,75.57276807677798,8.678275673651951,22.468478901526925,0.7920633988461742,-0.6638746999206478,46.02668140460517,0.9007569301873446,0.009270821997733946,5.923939058184624,0.9487297260836295,0.007913298389200265,3.76490551138562,0.7764655590625036,0.009770132727338867,2.9817969151905603,0.7787543896585702,0.007688024169738195,3.4036809861660005,0.7311532638967038,0.00529967195270733,4.180205434560776,0.8318580284714698,0.006814890382338547,4.174923357367516
909,39,PPO_RLlibMacroEnv_2026-10-08_14-29-18om76ulro,1282.879223174094,75.26745033040238,8.807260083547686,23.422048349200672,0.7818719749037674,-1.3954470143645954,46.079183843951505,0.8962426856160164,0.012368829241563788,5.773250550031662,0.9486801206552151,0.007725919834965843,3.708590051935535,0.7954753714187123,0.00821617331818539,2.9470853328704836,0.8033802717924118,0.010660423780427723,3.3481029734015464,0.7736566837877035,0.00872171467173932,4.156930872797966,0.7897864684462548,0.011126863977449445,4.060630597174168
909,40,PPO_RLlibMacroEnv_2026-10-08_14-29-18om76ulro,1319.411120187556,75.16896927517593,9.067001878961204,24.75203837466279,0.764942231365083,-2.3075772982435803,46.09159032714601,0.893847019970417,0.01100473743895253,5.714243707060814,0.9556118381330229,0.008285858533108516,3.6901764870953326,0.7771689110613884,0.018838661096870442,2.967033207923808,0.7465083207935095,0.011106975880329628,3.389841064810753,0.8416146006435156,0.007241552543746366,4.0645873412489895,0.9004457160830498,0.01715550078238271,3.9556109979748726
909,41,PPO_RLlibMacroEnv_2026-10-08_14-29-18om76ulro,1354.5703381294009,75.1481728589072,9.332405739922116,26.182346514098406,0.7486425050866657,-2.962031792139397,46.09924541276229,0.91463189907372,0.013719728541855335,5.690095770359039,0.9535960706234702,0.008000782614861918,3.574570552194724,0.7799743090265541,0.006355568038865181,2.884998087216449,0.8781451139599085,0.008669961403484262,3.3786267578601836,0.8455785568803549,0.008394875344794172,4.06096965521574,0.8258916210383177,0.010037546657713392,3.9543862730264663
909,42,PPO_RLlibMacroEnv_2026-10-08_14-29-18om76ulro,1402.426116672727,74.58172580589097,9.706997797447064,28.29486671882563,0.7301992797343321,-3.8437297636288137,46.131426359067675,0.9125336516648531,0.008702006037964515,5.61016905605793,0.9595514142830562,0.007996954411937622,3.53823708042899,0.8144532705608167,0.007311278893179597,2.882830532224555,0.8388440262526273,0.006863724620006978,3.3067313209176064,0.8773752976208925,0.007281854732184505,4.018557672202587,0.8753894779831171,0.014985578389223578,3.9313761726021768
909,43,PPO_RLlibMacroEnv_2026-10-08_14-29-18om76ulro,1445.9187519455782,74.08140576131565,10.080329587205876,29.57604375360063,0.7377931575632468,-4.419365377080892,46.15361151783529,0.9128728657960892,0.011632798769398014,5.667648416757584,0.9580069068127903,0.007945818786069803,3.550027801734727,0.8256829670583359,0.007195129819438819,2.8328066442952013,0.8875204108655452,0.008817899465066207,3.195838376879692,0.8648418724536896,0.012242310708796871,4.027340941131115,0.8606217969208956,0.010228337856403927,3.904488405585289
909,44,PPO_RLlibMacroEnv_2026-10-08_14-29-18om76ulro,1476.2510113891942,74.92496841915619,10.330717005578487,30.03470922477285,0.7462728075265624,-5.0040003386201874,46.16850091857263,0.9226341068744659,0.011452584714379554,5.546971556544304,0.9604052696083246,0.007705523773365956,3.4517998338309748,0.784214027941227,0.007816237788643779,2.74892187166214,0.8710588257759809,0.009411407825109564,3.2239517107605935,0.9159131791442633,0.0081794107450151,4.056096351146698,0.8513537794351578,0.010313556567700794,3.8715446829795837
909,45,PPO_RLlibMacroEnv_2026-10-08_14-29-18om76ulro,1521.1425822343392,74.87697656565723,10.743222561634862,31.79399352237779,0.749496580298076,-5.553937124994563,46.15935206264732,0.9377270605415106,0.013264334011796785,5.454131931066513,0.9564205853562606,0.008065988065321838,3.434287348228089,0.7750680314546282,0.007919041268655752,2.5835433599623765,0.8661794576793909,0.009830213652185286,3.1238196924328805,0.9429867029190063,0.007059033131759004,3.9454697027802466,0.8245722223073244,0.010170997308432617,3.8471310436725616
909,46,PPO_RLlibMacroEnv_2026-10-08_14-29-18om76ulro,1546.0187387212761,73.71171757083553,11.06333793500692,32.155138242516614,0.7742361015464104,-5.986096612970672,46.13016042774534,0.9287121687084436,0.011816124961637798,5.500280112028122,0.9624529765077469,0.007857132159181523,3.3169574055530573,0.8067207122957983,0.007048907990539128,2.5453300187754078,0.8949525527656078,0.009296723287570875,3.0399841606616973,0.9397116869688034,0.007948105828091964,3.9005290910601618,0.825649156793952,0.008824542898872832,3.9017544791102408
909,47,PPO_RLlibMacroEnv_2026-10-08_14-29-18om76ulro,1571.0043109432224,73.48776871454918,11.297182849414744,33.31088797617304,0.7749516790561394,-6.616337599008884,46.18847474018015,0.9399893205612898,0.013068349125296887,5.427203902602196,0.9699836699851,0.008302173233524618,3.2661155045444197,0.7974534811043158,0.00955386891347167,2.5161570647867713,0.9151029758155346,0.007890079745720941,2.99305083155632,0.9371279034763574,0.00688503607873372,3.9152456313371657,0.787468683347106,0.008030192824901462,3.8990617260336875
909,48,PPO_RLlibMacroEnv_2026-10-08_14-29-18om76ulro,1601.1917109752574,72.84344715399777,11.612349895204058,34.58980962151966,0.7782813415650368,-6.93051135973272,46.17375615223525,0.926233422011137,0.011852535082835167,5.490856054425239,0.9661723099620185,0.008355868734018059,3.198445215041113,0.7780104064647062,0.036139023663840086,2.4188771824777864,0.8564387161284686,0.009377569164735177,2.9760561272501946,0.9466860018670559,0.00820547054884747,3.9235915899276734,0.7712656367570162,0.011073090749573567,3.9140168160200117
909,49,PPO_RLlibMacroEnv_2026-10-08_14-29-18om76ulro,1618.0046097062832,72.54088490818714,11.800514452143387,35.967134924189345,0.7632655542494257,-7.208904689891665,46.20516962558436,0.9429038539528847,0.011251292856320799,5.647010257840156,0.9651518182475356,0.008478455714539392,3.144711314386959,0.805903781114555,0.0078761134738293,2.4518313913810545,0.8874624945223332,0.011529240691561513,2.82527174949646,0.9223324470221996,0.007551078886172088,3.9862978592514993,0.8532715789973736,0.008371455404653717,3.8635496139526366
909,50,PPO_RLlibMacroEnv_2026-10-08_14-29-18om76ulro,1632.1518493244312,71.54310100305139,11.92679976300395,37.394357544939325,0.7599629689086659,-7.39039371636174,46.237873703045146,0.9213316295295954,0.009874941820874283,5.445253545045853,0.9589981582471195,0.007774203065581485,3.1179308840660465,0.8004050167869119,0.03672401400549193,2.408604483043446,0.8785650800913573,0.009298145336288232,2.783428005874157,0.944710947200656,0.007298255331170423,3.953492617607117,0.7967169184237719,0.011972393528549268,3.8503831759095193
909,51,PPO_RLlibMacroEnv_2026-10-08_14-29-18om76ulro,1641.9713938247517,71.29100109462327,12.00281237609794,38.229190971803156,0.7431393878349803,-7.4201731152403365,46.31585559732955,0.9661107692867518,0.008611647657073965,5.451846662163734,0.9687461302588183,0.008130231035336275,3.0770872342642135,0.8024360874031163,0.003080039892942111,2.520099511327623,0.9298872437328101,0.008007909177922637,2.7927821964025497,0.9491675101220608,0.007336202694409685,3.9306203335523606,0.8107426885515452,0.009173251230311107,3.797602492570877
909,52,PPO_RLlibMacroEnv_2026-10-08_14-29-18om76ulro,1644.643859162302,71.42493673781816,12.023000791689192,38.95443076032999,0.7179734155463471,-7.586733287790733,46.395703254892695,0.9493700206279755,0.010351602928767769,5.3789066702127455,0.9738428703442181,0.0086053677284262,2.956470683210123,0.8205912705463699,0.004546247592625611,2.4999939182136632,0.8627121794968844,0.009149306922950018,2.7753407448530196,0.9527270693331957,0.008158509109171114,3.948093204200268,0.8561089251190424,0.009378698531418247,3.7722948521375654
909,53,PPO_RLlibMacroEnv_2026-10-08_14-29-18om76ulro,1648.6735225665655,71.20815092634493,12.115976039368137,38.79790620990094,0.7109492214730063,-7.752496373685679,46.41464892048091,0.9368298783898353,0.009683890666520029,5.3457919478416445,0.9754093728085727,0.008603221260813705,2.86824531281068,0.8315785795091146,0.008848639408834829,2.4454618522919804,0.8604369442909956,0.012151056658876861,2.8028020218014715,0.9554956957697869,0.006490781062677857,3.879224216938019,0.8043230623006821,0.009959086131539206,3.7413313299417497
909,54,PPO_RLlibMacroEnv_2026-10-08_14-29-18om76ulro,1644.9157313036349,70.80259262047052,12.160746153320682,38.472251695345776,0.693146031198103,-8.119863955817777,46.47743508044329,0.9534241668879986,0.009298853498012492,5.226972788572311,0.9722486515917383,0.0081833695452335,2.8473013346727107,0.8071563878177125,0.006344368301872665,2.4066410064697266,0.8537253614515066,0.00881870730099772,2.724084922671318,0.9707420095801353,0.009195608668710572,3.8773241683840753,0.674326517060399,0.010696116241751997,3.733799138665199
909,55,PPO_RLlibMacroEnv_2026-10-08_14-29-18om76ulro,1657.4174630581256,69.65686589061946,12.315699790648607,38.81593377686698,0.6818425927403017,-8.516177061363518,46.47058393161265,0.967529034242034,0.01628361396269635,5.320150667428971,0.966458499628849,0.008439257159408794,2.786218184978371,0.783809792175889,0.031145858692491403,2.2944408047199247,0.9017583951354027,0.009782665509556041,2.592041386663914,0.9594222608953714,0.008567349788472772,3.933917313814163,0.7958607405424118,0.014893493286581416,3.7105834066867827
909,56,PPO_RLlibMacroEnv_2026-10-08_14-29-18om76ulro,1676.12035044297,69.69536129765771,12.500603460082257,39.51203115501339,0.669778583874297,-8.718819891701619,46.52170734098241,0.9701294492930174,0.012193256152750367,5.138843789696693,0.9762090351940422,0.00793910870748851,2.736536457202301,0.8144345978392831,0.0056466786930148465,2.353259744221651,0.9230031542479992,0.009771242064948638,2.5208440348505974,0.9652034699916839,0.007308614460146209,3.9584796994924547,0.8496540244668722,0.00666750839118328,3.71781654804945
909,57,PPO_RLlibMacroEnv_2026-10-08_14-29-18om76ulro,1686.277841894197,69.93057984149068,12.57012592848573,39.5885621341743,0.673435323806493,-8.972318657092648,46.567091851088826,0.9536700669676066,0.0100846917477159,5.008719313144684,0.979055607835975,0.00851809052917542,2.665598717334195,0.8201033966450751,0.03413551219481276,2.3632811461822896,0.8999523814767599,0.012825729719816081,2.42363673299551,0.9682227369397879,0.006470466983682909,3.9200185269117354,0.8581452425569296,0.010118241566124255,3.7198132544755937
909,58,PPO_RLlibMacroEnv_2026-10-08_14-29-18om76ulro,1700.470269346886,70.5168797168282,12.69458009095142,39.669447257604986,0.6800417843697677,-9.186578109441854,46.612865255651265,0.9664956100285054,0.009013334255496665,4.946108192205429,0.9802814914883556,0.008504175525833765,2.6352854962905616,0.858479163088376,0.019400022789460895,2.4064968981320347,0.8733004812151194,0.00964632290597375,2.433173434436321,0.9760966993868351,0.010436774272056937,3.910207265615463,0.863905293866992,0.00796603856966847,3.770476458966732
909,59,PPO_RLlibMacroEnv_2026-10-08_14-29-18om76ulro,1721.4568576905333,70.37697572666855,12.829800331158221,40.15314746146951,0.6839844609050648,-9.428336975347376,46.654251928985175,0.9673164032399655,0.011306030166884144,4.996768364310265,0.9751066470447397,0.00828761280664822,2.568376298830666,0.8534308634981325,0.005004509136991074,2.3424943860573104,0.9179829161614179,0.009710634945076985,2.3109317764639856,0.9745031211525201,0.009187776835153786,3.8655181005597115,0.8587705165147781,0.013301249410119514,3.7480386212468146
909,60,PPO_RLlibMacroEnv_2026-10-08_14-29-18om76ulro,1750.5205926925573,70.10509693289849,12.991787595052768,40.90814400697839,0.7014090096630489,-9.9630513315693,46.66636771021584,0.9660602442920208,0.010768573019595648,4.900336733460426,0.9819194987133406,0.008982094264251811,2.525599976552646,0.8642983215519144,0.006419661912666096,2.2634697950339016,0.9013123828917742,0.00994323324412117,2.315595915913582,0.9829156417399645,0.010979120449044956,3.775653198361397,0.8065271276980639,0.015025809295184512,3.768257738649845
909,61,PPO_RLlibMacroEnv_2026-10-08_14-29-18om76ulro,1757.383843396789,69.93876455831023,13.044713466103511,40.94122472576838,0.702722205707868,-10.260287073769698,46.681373764109956,0.9647332519292832,0.015340468325234998,5.043978351354599,0.9788485122685929,0.008823287647530884,2.4819408482181538,0.8478619604171077,0.006160051435280009,2.2723269685914245,0.9041629288345575,0.010849079615513917,2.179654523730278,0.9704827759414911,0.007223414427244343,3.872778135538101,0.8244725737720728,0.010042125102177123,3.6522195890545843
909,62,PPO_RLlibMacroEnv_2026-10-08_14-29-18om76ulro,1766.5216523768208,69.31428342405695,13.138499009181787,40.88475298506296,0.7058948154765363,-10.782398868056339,46.69087777326271,0.9703377436846494,0.013016805893562735,4.933093330264091,0.977349167451603,0.00914215384072831,2.3630883180221485,0.8304612416028977,0.006549092962268334,2.2572555479407312,0.8788531985133886,0.009756644515232438,2.192135880887508,0.980764190107584,0.010645661335979701,3.8658060163259504,0.8885425392538309,0.010287628848345845,3.5869596928358076
909,63,PPO_RLlibMacroEnv_2026-10-08_14-29-18om76ulro,1780.5608880198276,68.0890333253642,13.275665003270092,41.15476354937606,0.701465663404484,-11.399230191591732,46.691077042720096,0.9255296640098095,0.01083572619681945,4.613188713788986,0.979342707917557,0.008713001310551059,2.2972436842525967,0.8462733987765976,0.013450653416347899,2.165467283393763,0.8898465778678656,0.015154668422474168,2.1365332283079623,0.9865733556449413,0.011484793737281566,3.8212387561798096,0.7812090836465359,0.010465004196612488,3.5766978174448014
909,64,PPO_RLlibMacroEnv_2026-10-08_14-29-18om76ulro,1790.8965378763119,66.97060142032545,13.375287272260206,41.491094890701035,0.6933072871914162,-11.890345061146627,46.728388330309706,0.9180532742291689,0.012576781816369476,4.487620002031326,0.9871633690590981,0.009340940103092856,2.179506256946436,0.8668827787984775,0.005571894818458993,2.101391960699347,0.9396291818469763,0.011452468571042236,2.176672287285328,0.9873546250164509,0.011639304378013549,3.805789574980736,0.8951536905020475,0.012715542112709954,3.556029114127159
909,65,PPO_RLlibMacroEnv_2026-10-08_14-29-18om76ulro,1795.9375982554527,66.3786305657751,13.446741063569775,41.73005539476262,0.6856854891787036,-12.291141175049113,46.75592964383188,0.9310289982706308,0.012973499841700686,4.402368322014809,0.9868179575388317,0.009221497468500456,2.1515924817237826,0.8488704670833636,0.008109608717794902,2.09745027279552,0.9059210956096649,0.009777571292943427,2.155433978140354,0.9861727274954319,0.011933633963155964,3.7879073485732078,0.8794882249087095,0.011783643154467487,3.453548124432564
909,66,PPO_RLlibMacroEnv_2026-10-08_14-29-18om76ulro,1813.0563424791555,65.88239598118115,13.563582087767644,42.123348721790016,0.6663247576499471,-12.755929898727238,46.85834722330086,0.9215812597423791,0.00922005139273134,4.379942291975022,0.9855956430323907,0.008881695062189627,2.109196368828929,0.8727000274990179,0.006812134701636706,2.0531916334659237,0.9284680567681789,0.0102293215253668,2.1932814598083494,0.9854365110397338,0.010704905158684207,3.8018375098705293,0.8701933033764362,0.014230773340887102,3.247710621356964
909,67,PPO_RLlibMacroEnv_2026-10-08_14-29-18om76ulro,1843.4429102968375,65.85441698757033,13.75623287034504,42.68294571096263,0.6608083449536012,-13.127065840581345,46.91864212571857,0.9097711410373449,0.010259905753036947,4.488717493414879,0.9852193847803548,0.008796936535108523,2.017865163618603,0.8441131799281398,0.00859095069050293,2.0500010890296743,0.9185303997248411,0.009065312543771253,2.083440341055393,0.9855249833315611,0.008235708655081516,3.882321481406689,0.7944351229816675,0.011172118620334084,3.3329106837511064
909,68,PPO_RLlibMacroEnv_2026-10-08_14-29-18om76ulro,1877.8243611972782,65.72254968748572,13.963549714162644,43.4335750692535,0.6589909984974188,-13.29826670653393,46.99146655747924,0.8405689295381308,0.007893473264812519,4.378157633543014,0.9860267123894889,0.008948861106347634,1.9214394320846517,0.8477992334961891,0.030825945437827615,2.0076340897381306,0.9319136649370193,0.011065003537078266,2.0207808069884776,0.9791991673409939,0.013786035668931685,3.856261469423771,0.871793930605054,0.010102771415949974,3.281467591226101
909,69,PPO_RLlibMacroEnv_2026-10-08_14-29-18om76ulro,1906.760203918509,66.29803231568587,14.169800987263526,43.74401281354936,0.6641707825623078,-13.421924177833588,47.04471022870065,0.8689164027571679,0.008646454913957768,4.4019947171211244,0.9853050531533906,0.00865701034869514,1.898749453798806,0.8460190854495084,0.006740228004358109,1.955921146688582,0.9406649533659219,0.009718610750746847,1.9626381002366542,0.9729221448302269,0.014842894881621821,3.883674259483814,0.9225347366183996,0.012856121180038907,3.173746867477894
909,70,PPO_RLlibMacroEnv_2026-10-08_14-29-18om76ulro,1940.494198061009,66.13194198651375,14.436185300091767,44.13052181201679,0.6623152444373727,-13.439251751020093,47.02709689758417,0.9011418182402849,0.009539024171147395,4.379223331809044,0.98258642373241,0.008551877468811642,1.8450094174744556,0.8697827487052241,0.007295281590971552,1.9269356793995145,0.8814550101757049,0.010542431721842301,1.8989810466766357,0.945300642028451,0.017007744187952832,3.8425466254353524,0.8462652742862702,0.011602238491332174,3.1661519557237625
909,71,PPO_RLlibMacroEnv_2026-10-08_14-29-18om76ulro,1974.5552976475674,66.13530465833566,14.69732581953497,44.13807391978659,0.6644320211103214,-13.421392829683917,47.03558564274251,0.8647160086780786,0.010133718551890398,4.314855118095875,0.9870602275887879,0.008720831896619532,1.7838311343554742,0.8456330052864405,0.007886348529378376,1.9066544267866345,0.9307017594575882,0.008099920771474124,1.9339268192648889,0.9319476794451476,0.018464137114767708,3.804327020049095,0.8699607137590647,0.0069471695377615935,3.2044778734445574
909,72,PPO_RLlibMacroEnv_2026-10-08_14-29-18om76ulro,2011.2654113014328,67.0431318404862,14.962611594297112,44.458746945132994,0.6622574831292496,-13.083158263355584,47.03289954013476,0.8763748902827502,0.015081763588546317,4.289186969399452,0.9866898222361824,0.009019075162422133,1.7787738072808608,0.8721722752987584,0.009334803428586546,1.858713330045531,0.9265233155339956,0.009032910395444701,1.943395844101906,0.8362222392112016,0.018384190163894296,3.7573358178138734,0.8099091194570065,0.008841571744369581,3.258905108273029
909,73,PPO_RLlibMacroEnv_2026-10-08_14-29-18om76ulro,2027.5536790453127,67.38059692501673,15.135575580002708,44.48758479355364,0.6660514773402574,-12.526412584348494,47.0313879428904,0.902405247092247,0.008840621615308918,4.45917329788208,0.9871753514612766,0.008665742464471278,1.7693281210400311,0.8634114706818061,0.007109880076774361,1.8830990319010577,0.8929562538862228,0.009292315379025381,1.8921736493706702,0.5731316778808833,0.014022413783732262,3.7312488690018655,0.8465460736304522,0.00953368713824155,3.3460105106234552
909,74,PPO_RLlibMacroEnv_2026-10-08_14-29-18om76ulro,2039.4819646094288,67.62605611487588,15.253951884263222,44.56282185151324,0.6601839476440396,-11.908209416536527,47.00192007947372,0.9216329149901867,0.014359360671778978,4.387423098087311,0.9820605219824041,0.008694413402980982,1.7139313885722707,0.8127342996718009,0.006704749632507331,1.8615048082568977,0.8584659691900015,0.013439041926176423,1.9365050688385963,0.2783542461693287,0.014577216114412362,3.689015083014965,0.8513448186218738,0.01040586932863342,3.2627767831087113
909,75,PPO_RLlibMacroEnv_2026-10-08_14-29-18om76ulro,2048.5544891648337,67.8616125702814,15.224520551321858,44.7455732492629,0.6507403266900724,-11.200504832472488,47.01954700127944,0.8992355730384588,0.010678868693446811,4.135953366756439,0.9869200122983832,0.008370031633666078,1.7147139243366698,0.8052489902399763,0.0055005011367023765,1.8415584454053564,0.8854201748967171,0.008873695590591651,1.9866779081523418,0.1164735857397318,0.01889325611455206,3.6247727498412132,0.8660814989358186,0.007749444490264068,3.320590730011463
909,76,PPO_RLlibMacroEnv_2026-10-08_14-29-18om76ulro,2048.2669066542476,68.91773009849533,15.157199595224382,44.58861561149193,0.653626156072249,-10.430805153969603,47.080188901067366,0.9102296691387892,0.0099389266089478,4.130231112241745,0.9901280104752743,0.008660065850834309,1.686287628665115,0.8638627045516727,0.008136048463036706,1.8205135260956198,0.9033383768051862,0.011027192243682427,1.9860071495175362,0.2871911909431219,0.015164456761158435,3.602302072942257,0.8844759479165077,0.010545551687232627,3.168582859635353
909,77,PPO_RLlibMacroEnv_2026-10-08_14-29-18om76ulro,2050.398511031348,69.20616769775972,15.097453041929432,44.92245555233727,0.6433314954999954,-9.604470993760026,47.149099837755,0.837338101491332,0.012478263605999362,4.060262118279934,0.9902759125976055,0.0093038254755403,1.6316643317570705,0.8106524740593343,0.006231787069842378,1.8356132472617717,0.9376629672944545,0.010057976565622212,1.94291969910264,0.2895404476672411,0.014776841786920158,3.5236023709177973,0.907350267842412,0.017159027131492706,3.1265264570713045
909,78,PPO_RLlibMacroEnv_2026-10-08_14-29-18om76ulro,2046.6508820795093,68.95563550909941,15.088559854252644,44.626313480097075,0.6378345840629062,-8.675701144132557,47.195963221665515,0.8702825129032135,0.009636608459186392,4.060117654502392,0.9897984091672429,0.009210529221183015,1.5539841602550695,0.7660823480784893,0.007982010459518279,1.8144646808505058,0.9571666907519102,0.010853498838696527,1.9233031585812568,0.23408527486026287,0.018200237637665918,3.47481397241354,0.9100101094692945,0.010016493411512863,3.0472507402300835
909,79,PPO_RLlibMacroEnv_2026-10-08_14-29-18om76ulro,2053.9299553728715,69.30824381492606,15.084055543900547,44.69935252483253,0.6331188905934585,-8.151839074541524,47.262306729939425,0.8456516571342945,0.011207921066489136,4.168591366708279,0.9896239892113954,0.009195027097962055,1.435729584079236,0.8149742828139775,0.009735768365204381,1.7479447728470912,0.905029247328639,0.012010783834557653,1.7308851577341557,0.26673376858234404,0.01893528410869294,3.4607588201761246,0.9177123911678791,0.010675712130614644,3.026418703794479
909,80,PPO_RLlibMacroEnv_2026-10-08_14-29-18om76ulro,2055.2669253748077,68.78814550146629,15.11144024398131,44.627185491740555,0.6322969994440417,-7.700123560467965,47.26729065927937,0.8451086394488811,0.011201920526605135,3.9638114303350447,0.9874205551470203,0.009397581247346846,1.4321333267879037,0.7950472969043104,0.0079549275566553,1.7184143749973442,0.8823859855532646,0.011887095037354953,1.7835141956806182,0.4321138020604849,0.01633936838543386,3.4075895473361015,0.8650282762944699,0.016682164492567694,3.043644705414772
909,81,PPO_RLlibMacroEnv_2026-10-08_14-29-18om76ulro,2059.335527304679,68.67278063785439,15.248604835936705,44.43791524232024,0.6373214910887891,-7.211424944407508,47.254017933865754,0.8147789686918259,0.010972856413718908,3.8743956223130227,0.9851146010109423,0.008898024520677407,1.3194088666262793,0.8204918820646745,0.009358392824315507,1.6770521705663657,0.9258492168039083,0.013612714792270709,1.806122548878193,0.35561021119356157,0.014578208928924224,3.3648607283830643,0.8391505740582943,0.00865479742669777,3.1546195462346076
909,82,PPO_RLlibMacroEnv_2026-10-08_14-29-18om76ulro,2077.6849211496524,68.5459951157787,15.36782745412519,44.62298803643026,0.6327896880567071,-6.827293945403591,47.24609752293548,0.8857456106692553,0.014711450695540848,3.8813800498843194,0.9896538082134027,0.008945226083396667,1.299674149910971,0.8073591300958319,0.00719306930598727,1.6114960158927532,0.9084545616060495,0.01057336675457935,1.7726789176464082,0.24623943008482457,0.014708187512269521,3.262567837536335,0.8861391082406044,0.011708540973131749,3.2240947395563126
909,83,PPO_RLlibMacroEnv_2026-10-08_14-29-18om76ulro,2093.9964478153806,68.4911391220045,15.490509256483637,44.77814169208562,0.6404949881754655,-6.51968707559286,47.203121995889944,0.8648005276918411,0.011195982231402385,4.066761822998524,0.990034069565865,0.009496010175261308,1.2314388518631,0.7660238401044773,0.005930047561656764,1.6161777467667302,0.8611435100436211,0.009540073676908102,1.7611631467938422,0.5104870364069939,0.020771477906328155,3.1811397269368173,0.9150154266506434,0.009141400257908572,3.2750067114830017
909,84,PPO_RLlibMacroEnv_2026-10-08_14-29-18om76ulro,2109.3908434376403,68.90735050393546,15.59263007544469,44.77000905276206,0.6467988109681245,-6.187436819542629,47.16931432505738,0.9226928729563951,0.011536037570295223,4.01660964936018,0.9886254908887253,0.00879999113636817,1.2948606372244131,0.8073904895782471,0.006912610860125028,1.5928815305233002,0.9095899946987629,0.010837381487363157,1.8401955202221871,0.44685687869787216,0.01582620335811961,3.1421395510435106,0.8944631982594728,0.01221088803195024,3.241132673621178
909,85,PPO_RLlibMacroEnv_2026-10-08_14-29-18om76ulro,2109.5493957473395,69.06108143823236,15.65225279052403,44.678280291175604,0.6439695372734162,-5.909471672245891,47.15225782938313,0.9203976690769196,0.013259594186638806,4.207249496877194,0.9902016696753536,0.008942243963504602,1.1405936244753683,0.8062247064294694,0.006553598910784187,1.6294695019721985,0.9264754265546798,0.012104265127118197,1.9265626132488252,0.3751810405403376,0.017598178363368883,3.0981532663106917,0.8605038084089756,0.012083882549359343,3.1632729932665824
909,86,PPO_RLlibMacroEnv_2026-10-08_14-29-18om76ulro,2123.899242369319,69.28456976494846,15.786714720468712,44.7721361325492,0.644800088137429,-5.600949320249773,47.15300358550341,0.8819970823824406,0.012400153151975651,4.0531832948327065,0.988859552782788,0.00863439254946812,1.158102451057344,0.8100701230236247,0.007254212911267374,1.6179718750941603,0.9125276748090982,0.011130063288351408,1.9222477324306966,0.45564622096717355,0.01976497650030069,2.9810627892613413,0.893086639046669,0.006807480603129079,3.028561808168888
909,87,PPO_RLlibMacroEnv_2026-10-08_14-29-18om76ulro,2138.681814386735,69.07652355328646,15.96386317173321,44.62078485565846,0.6476663518379456,-5.338453223547582,47.11987799055998,0.861049946770072,0.0102104772416169,3.902179901301861,0.9886793361822136,0.008757933086626831,1.1200418547679314,0.8087225136905909,0.009661933393090296,1.6090098625421525,0.8905570074915886,0.007819173396637907,1.975481678545475,0.4215173438191414,0.014741761810137264,2.9309833705425263,0.9083823021501303,0.008601554328856847,2.966018870472908
909,88,PPO_RLlibMacroEnv_2026-10-08_14-29-18om76ulro,2145.088857998807,68.31046954470426,16.13612079133742,44.61774796889336,0.6475819326549719,-5.025928233421018,47.1014218668986,0.8094367858022451,0.011615575971222824,3.891872709989548,0.9859938062609934,0.009031329086810026,1.0224857522992283,0.7803325827363171,0.009037261568770605,1.5859639952454385,0.9691437937319278,0.013704217883173442,1.9056495793163777,0.1622044373303652,0.01495644593092047,2.8161784052848815,0.9146645557135343,0.016192831236003354,2.9047633424401282
909,89,PPO_RLlibMacroEnv_2026-10-08_14-29-18om76ulro,2145.2270494538825,67.86948565639752,16.191438373801134,44.44090467729868,0.6405397318586386,-4.726592620298362,47.09673253763913,0.7092656690627337,0.0096778305683074,3.860843250155449,0.9888016899457416,0.00874047090778973,1.0728006701930817,0.821050191906434,0.007611930111154177,1.5464934460724455,0.8608492538332939,0.010649191081756878,2.0291670620441438,0.20966938510537148,0.015349551903273095,2.727900856733322,0.864329993352294,0.007841849218084548,2.8204434901475905
909,90,PPO_RLlibMacroEnv_2026-10-08_14-29-18om76ulro,2149.6852241444844,66.8443389357337,16.266677888671843,44.7092756268729,0.6339041726735717,-4.373424344237769,47.10392291541344,0.8053041383624077,0.012494320017981408,3.875185860693455,0.987428489962787,0.008657759308509993,1.0756668703184904,0.7902338209031503,0.00722459703112656,1.551819677443444,0.775447802990675,0.012116309755219979,2.0397097878158092,0.1426078848540783,0.018909003617955118,2.636185795068741,0.6429778128862381,0.015518914022322949,2.8980904638767244
909,91,PPO_RLlibMacroEnv_2026-10-08_14-29-18om76ulro,2170.6365230078472,66.40010435043507,16.36628988652149,44.99243128523597,0.6315395146100978,-4.050797276097999,47.13257508795965,0.6681956317275762,0.010903255849598625,4.117023988068103,0.9886662213191776,0.008912411738586973,0.903486505429387,0.7893909738033633,0.009466588853513404,1.4766982633856278,0.9613622825592756,0.011904782111378291,1.8218931645154952,0.04989577904343605,0.020224222565957576,2.515332369506359,0.9243046309798956,0.01590148025358084,2.8950379967689512
909,92,PPO_RLlibMacroEnv_2026-10-08_14-29-18om76ulro,2178.3416953226356,66.61760952278082,16.2897570486941,45.01621283884611,0.6261556596050577,-3.7655909728543406,47.20073131981886,0.6903121441602706,0.013974583095114627,3.923432844877243,0.9895604102055967,0.009302127846541663,0.8708974454321979,0.8029793011236794,0.007724986410841345,1.4288683960709392,0.9670633714646101,0.009586281686279247,1.7961703449487687,0.09266387708485127,0.014803438913077237,2.4220179125666617,0.9127497635781765,0.009698873655816093,2.7350527688860895
909,93,PPO_RLlibMacroEnv_2026-10-08_14-29-18om76ulro,2191.2312695144083,66.21840743908146,16.388554658973323,45.327188472636244,0.6153541160363616,-3.4678488578111164,47.230610639315444,0.6267335399985313,0.00974798099582625,3.982511396706104,0.9887351703916869,0.009439213779948141,0.7744288806760857,0.8002597614179684,0.009847974518805454,1.3318115404889554,0.9532319858670235,0.008646327508085961,1.7446199208498,0.10531126670539379,0.012550674918748112,2.3554379850625993,0.9381476383656263,0.012844586804567468,2.712300384044647
909,94,PPO_RLlibMacroEnv_2026-10-08_14-29-18om76ulro,2207.5087971252206,65.72857826998116,16.43788583737785,45.543108731108774,0.6146749051948276,-3.2444684015683474,47.25141789890049,0.491298121213913,0.009247079467741452,3.8357619509100913,0.9911073021996263,0.009436931529034286,0.7227878152443499,0.8102188080926485,0.00871010492405558,1.3362419467938098,0.9662136998027563,0.011753336697438646,1.6725431747734547,0.22835455648601055,0.014948423556688795,2.273004038631916,0.8976148188114166,0.010481752571786376,2.777646319568157
909,95,PPO_RLlibMacroEnv_2026-10-08_14-29-18om76ulro,2228.6242341674174,65.64925196137558,16.60403281211325,45.782376222796714,0.6064873293287841,-2.9991872046828814,47.28924482730543,0.45959893725812434,0.011967653501233575,3.8739156857132913,0.9895629473089234,0.00917724119442006,0.5863708420649288,0.7350632319721995,0.007986719949603639,1.3438570513000971,0.9365009818226099,0.010819899162743406,1.587043360620737,0.3750167116522789,0.012574204212433094,2.2321097940206527,0.8708787765353918,0.013494694190967493,2.7949102237820624
909,96,PPO_RLlibMacroEnv_2026-10-08_14-29-18om76ulro,2255.91892746778,66.55957327929417,16.79165525666209,45.86273735272653,0.6017636539469319,-2.710095608771237,47.36900076245323,0.46069180108606816,0.011681008283449045,3.83522889316082,0.991511845815265,0.00944643402433162,0.5527251267127976,0.7195034707337618,0.012219252332882888,1.3380545637011527,0.9599962912499904,0.011756477278333932,1.575890439748764,0.46647326573729514,0.012449627703824717,2.224276413023472,0.9179448664188385,0.009489515397649579,2.791167417168617
909,97,PPO_RLlibMacroEnv_2026-10-08_14-29-18om76ulro,2273.3449655758222,66.55039512813258,16.92561946781964,45.996424449675146,0.5979093120687629,-2.55720933585328,47.36346757413828,0.623281991481781,0.01305730600652208,3.8661560833454134,0.9907096060566932,0.009232985768477026,0.5088712360288175,0.7408341281021698,0.009688274838563762,1.2864694617971588,0.9533981636166573,0.009288656324429212,1.5192620262503624,0.4871658232063055,0.01129549057022829,2.1709261745214463,0.9326065462082624,0.009701645290897431,2.8765648379921913
909,98,PPO_RLlibMacroEnv_2026-10-08_14-29-18om76ulro,2292.375385796194,66.53000724383924,17.148933497040876,46.21768764591293,0.5930837744176534,-2.401137971000664,47.35030616764493,0.5696124706417323,0.01104679834134042,3.7456191554665565,0.9921045027162448,0.009313253863000158,0.477265274775977,0.7260794283468512,0.005093573278601888,1.2405931611604328,0.9650395575910806,0.00872021224913624,1.433781149238348,0.49697055146098135,0.01645613033979332,2.0628518417477606,0.9285111792385579,0.014308301877235965,2.6409694090485574
909,99,PPO_RLlibMacroEnv_2026-10-08_14-29-18om76ulro,2308.0557490622036,67.49308128996518,17.18965195236129,46.382186426242086,0.5912763907803286,-2.2805337836600676,47.38647546286777,0.5419893227517605,0.009987136163363174,3.6226682484149935,0.9888975087279258,0.009390402150542933,0.4301258883571634,0.723241171278531,0.010113657392853212,1.2132396396202376,0.9606211733072996,0.007835572578915342,1.4999357089400291,0.5782865297049284,0.014156434886172204,1.9523538380861283,0.9349424973130226,0.006954517479812239,2.677969253063202
909,100,PPO_RLlibMacroEnv_2026-10-08_14-29-18om76ulro,2319.461401917438,68.44711459297855,17.294504364770447,46.361417546781006,0.5873390972773995,-2.1563820997039524,47.41079143997802,0.7290792237967253,0.013275944851989624,3.6048626869916918,0.9913546158764014,0.009487197557130884,0.3539810102479752,0.6929895975921727,0.008131617680453042,1.148725650129439,0.9658222034573555,0.011681326913822131,1.49324159771204,0.6726712860167027,0.011718580433262243,1.8572263062000274,0.9380134999752044,0.009791879498698215,2.6436920523643495
