seed,mode,arm,episode,episode_seed,eqprod,real_gdp_mean,one_minus_gini_mean,deaths,births,negwealth_step_share,min_wealth_min,taxes_pit,taxes_cit,taxes_total,fines,gov_purchases,demand_injection,relief_paid,newborn_grants,treasury_end,public_debt_end,unemployment_mean,price_index_mean,commit,checkpoint_sha256,source_json,extended_cols_source
42,det,rl_learned,0,42,385.5937481004185,897.0384087127399,0.429851993354164,0,59,0.008333333333333333,-8.881784197001252e-16,KHONG CO,KHONG CO,9950.387240374117,0.0,9574.190492309132,164.99002799391747,0.0,15165.08801454052,46.11870553055375,0.0,0.0032247431284318476,4.003049578940416,0d964d8,8ad0cbcd3f4f0046284bca9a6a76b8cefa67495434d85b8ec6ef43e9f7e1d8cd,audits/final_run/logs/flat_sweep/sweep_seed42_det.json,audits/paper_extras/v4_runs/v2/bench2_seed42_det.json
42,det,rl_learned,1,43,400.3371477808473,950.6445712460784,0.42112179450632803,0,61,0.0,0.0,KHONG CO,KHONG CO,9759.81579703935,0.0,9370.034181280389,165.7412852346897,0.0,15213.783423917002,10.25690660725707,0.0,0.003300159453848173,3.4609388124836564,0d964d8,8ad0cbcd3f4f0046284bca9a6a76b8cefa67495434d85b8ec6ef43e9f7e1d8cd,audits/final_run/logs/flat_sweep/sweep_seed42_det.json,audits/paper_extras/v4_runs/v2/bench2_seed42_det.json
42,det,rl_learned,2,44,339.7103539405195,956.1229468557381,0.35529986499924027,0,67,0.008333333333333333,-8.881784197001252e-16,KHONG CO,KHONG CO,9788.22035561026,0.0,9395.325888524843,173.54472211003304,0.0,15126.141027257141,93.20871771823298,0.0,0.003518548658645468,3.6730181464064056,0d964d8,8ad0cbcd3f4f0046284bca9a6a76b8cefa67495434d85b8ec6ef43e9f7e1d8cd,audits/final_run/logs/flat_sweep/sweep_seed42_det.json,audits/paper_extras/v4_runs/v2/bench2_seed42_det.json
42,det,rl_learned,3,45,396.4620920560774,929.46918269651,0.42654678545219726,0,59,0.008333333333333333,-8.881784197001252e-16,KHONG CO,KHONG CO,9995.226715884295,0.0,9603.192194902422,167.954660654068,0.0,15086.266742165612,137.8131181621837,0.0,0.003224743128431848,3.8425594373882035,0d964d8,8ad0cbcd3f4f0046284bca9a6a76b8cefa67495434d85b8ec6ef43e9f7e1d8cd,audits/final_run/logs/flat_sweep/sweep_seed42_det.json,audits/paper_extras/v4_runs/v2/bench2_seed42_det.json
42,det,rl_learned,4,46,320.11335770031343,841.2238814716761,0.3805328935030854,0,45,0.0,0.0,KHONG CO,KHONG CO,9919.589832206108,0.0,9593.599702377032,173.78479054570198,0.0,15120.283555361199,31.921783922168828,0.0,0.0026547547606639577,4.288484420238058,0d964d8,8ad0cbcd3f4f0046284bca9a6a76b8cefa67495434d85b8ec6ef43e9f7e1d8cd,audits/final_run/logs/flat_sweep/sweep_seed42_det.json,audits/paper_extras/v4_runs/v2/bench2_seed42_det.json
42,det,rl_learned,5,47,379.40192933747693,900.1672307495038,0.4214793833603302,0,55,0.008333333333333333,-8.881784197001252e-16,KHONG CO,KHONG CO,9731.751960558167,0.0,9444.64583535825,163.3619483113289,0.0,14689.621841392964,434.122335495628,0.0,0.0030696875957546017,3.7554752960109115,0d964d8,8ad0cbcd3f4f0046284bca9a6a76b8cefa67495434d85b8ec6ef43e9f7e1d8cd,audits/final_run/logs/flat_sweep/sweep_seed42_det.json,audits/paper_extras/v4_runs/v2/bench2_seed42_det.json
42,det,rl_learned,6,48,353.7936257943632,862.8379071546727,0.41003486617903306,1,56,0.0125,-8.881784197001252e-16,KHONG CO,KHONG CO,10153.70873450033,0.0,9777.960590303153,167.60211709141728,3.24387120310702,15206.27179324611,0.0,1.178624888834877,0.003604057727989603,4.240472815694838,0d964d8,8ad0cbcd3f4f0046284bca9a6a76b8cefa67495434d85b8ec6ef43e9f7e1d8cd,audits/final_run/logs/flat_sweep/sweep_seed42_det.json,audits/paper_extras/v4_runs/v2/bench2_seed42_det.json
42,det,rl_learned,7,49,403.14749301666023,899.8922167848415,0.44799531043510543,0,59,0.0125,-8.881784197001252e-16,KHONG CO,KHONG CO,9851.570054910975,0.0,9520.97623438701,156.19103014469147,0.0,14795.13389501448,379.26889536480917,0.0,0.0032247431284318476,3.740473190580322,0d964d8,8ad0cbcd3f4f0046284bca9a6a76b8cefa67495434d85b8ec6ef43e9f7e1d8cd,audits/final_run/logs/flat_sweep/sweep_seed42_det.json,audits/paper_extras/v4_runs/v2/bench2_seed42_det.json
42,det,rl_learned,8,50,395.6471553994408,873.3115619487403,0.45304238789256246,0,54,0.0125,-8.881784197001252e-16,KHONG CO,KHONG CO,9901.68212991356,0.0,9475.517921117953,165.04328709840775,0.0,15224.91178210633,36.20913959086677,0.0,0.0030300050560720616,4.156433093490975,0d964d8,8ad0cbcd3f4f0046284bca9a6a76b8cefa67495434d85b8ec6ef43e9f7e1d8cd,audits/final_run/logs/flat_sweep/sweep_seed42_det.json,audits/paper_extras/v4_runs/v2/bench2_seed42_det.json
42,det,rl_learned,9,51,330.41592136714064,800.6397675454454,0.4126898697276935,0,48,0.0,0.0,KHONG CO,KHONG CO,9809.479050002368,0.0,9571.802065817074,158.55410447716713,0.0,14709.378414617368,369.7444650907712,0.0,0.002783629871704938,4.446661552086842,0d964d8,8ad0cbcd3f4f0046284bca9a6a76b8cefa67495434d85b8ec6ef43e9f7e1d8cd,audits/final_run/logs/flat_sweep/sweep_seed42_det.json,audits/paper_extras/v4_runs/v2/bench2_seed42_det.json
42,det,free_market+rl_aux,0,42,332.7287806588044,845.7548193475403,0.3934104459676492,0,48,0.004166666666666667,-8.881784197001252e-16,KHONG CO,KHONG CO,0.0,0.0,0.0,165.6766712665558,0.0,14720.608007935303,113.71532079813852,0.0,0.002783629871704938,3.163795654717674,0d964d8,8ad0cbcd3f4f0046284bca9a6a76b8cefa67495434d85b8ec6ef43e9f7e1d8cd,audits/final_run/logs/flat_sweep/sweep_seed42_det.json,audits/paper_extras/v4_runs/v2/bench2_seed42_det.json
42,det,free_market+rl_aux,1,43,370.943367159171,891.3469642405178,0.416160465049923,0,51,0.0,0.0,KHONG CO,KHONG CO,0.0,0.0,0.0,165.6766712665558,0.0,14758.694636417233,75.62869231621352,0.0,0.0029086382058716876,2.820302830387762,0d964d8,8ad0cbcd3f4f0046284bca9a6a76b8cefa67495434d85b8ec6ef43e9f7e1d8cd,audits/final_run/logs/flat_sweep/sweep_seed42_det.json,audits/paper_extras/v4_runs/v2/bench2_seed42_det.json
42,det,free_market+rl_aux,2,44,333.8066606056619,928.8206244988837,0.35938764902615816,0,72,0.0,0.0,KHONG CO,KHONG CO,0.0,0.0,0.0,165.6766712665558,0.0,14723.362278365863,110.96105036757638,0.0,0.003692183888105677,2.9241145850777004,0d964d8,8ad0cbcd3f4f0046284bca9a6a76b8cefa67495434d85b8ec6ef43e9f7e1d8cd,audits/final_run/logs/flat_sweep/sweep_seed42_det.json,audits/paper_extras/v4_runs/v2/bench2_seed42_det.json
42,det,free_market+rl_aux,3,45,438.1995392459215,960.157002988235,0.45638321428906026,0,70,0.004166666666666667,-8.881784197001252e-16,KHONG CO,KHONG CO,0.0,0.0,0.0,165.6766712665558,0.0,14607.44663815708,226.87669057636373,0.0,0.0036235956209332075,3.0247784487816562,0d964d8,8ad0cbcd3f4f0046284bca9a6a76b8cefa67495434d85b8ec6ef43e9f7e1d8cd,audits/final_run/logs/flat_sweep/sweep_seed42_det.json,audits/paper_extras/v4_runs/v2/bench2_seed42_det.json
42,det,free_market+rl_aux,4,46,275.0032729545944,805.3072754962535,0.34148862343895936,0,44,0.0,0.0,KHONG CO,KHONG CO,0.0,0.0,0.0,165.67667126655573,0.0,14632.548737615982,201.77459111746248,0.0,0.002610895111541151,3.2828762393452307,0d964d8,8ad0cbcd3f4f0046284bca9a6a76b8cefa67495434d85b8ec6ef43e9f7e1d8cd,audits/final_run/logs/flat_sweep/sweep_seed42_det.json,audits/paper_extras/v4_runs/v2/bench2_seed42_det.json
42,det,free_market+rl_aux,5,47,387.2552155625657,873.4514180366926,0.4433620549074403,0,53,0.0,0.0,KHONG CO,KHONG CO,0.0,0.0,0.0,165.6766712665558,0.0,14673.76163686358,160.56169186986352,0.0,0.002989940953507959,3.1886353680275152,0d964d8,8ad0cbcd3f4f0046284bca9a6a76b8cefa67495434d85b8ec6ef43e9f7e1d8cd,audits/final_run/logs/flat_sweep/sweep_seed42_det.json,audits/paper_extras/v4_runs/v2/bench2_seed42_det.json
42,det,free_market+rl_aux,6,48,351.8628559741986,832.2987478670154,0.4227602851451354,0,48,0.0,0.0,KHONG CO,KHONG CO,0.0,0.0,0.0,165.67667126655573,0.0,14636.763953278763,197.55937545467708,0.0,0.0027836298717049384,3.3634838993544176,0d964d8,8ad0cbcd3f4f0046284bca9a6a76b8cefa67495434d85b8ec6ef43e9f7e1d8cd,audits/final_run/logs/flat_sweep/sweep_seed42_det.json,audits/paper_extras/v4_runs/v2/bench2_seed42_det.json
42,det,free_market+rl_aux,7,49,379.3524357134342,877.9307443551493,0.43209836100690735,0,49,0.0,0.0,KHONG CO,KHONG CO,0.0,0.0,0.0,165.6766712665558,0.0,14728.986003711198,105.33732502224522,0.0,0.0028257174137924796,3.009906448579662,0d964d8,8ad0cbcd3f4f0046284bca9a6a76b8cefa67495434d85b8ec6ef43e9f7e1d8cd,audits/final_run/logs/flat_sweep/sweep_seed42_det.json,audits/paper_extras/v4_runs/v2/bench2_seed42_det.json
42,det,free_market+rl_aux,8,50,400.4929287023933,875.1004276016046,0.457653677304247,0,55,0.0,0.0,KHONG CO,KHONG CO,0.0,0.0,0.0,165.6766712665558,0.0,14741.4108662201,92.91246251334161,0.0,0.0030696875957546017,3.2190340311175643,0d964d8,8ad0cbcd3f4f0046284bca9a6a76b8cefa67495434d85b8ec6ef43e9f7e1d8cd,audits/final_run/logs/flat_sweep/sweep_seed42_det.json,audits/paper_extras/v4_runs/v2/bench2_seed42_det.json
42,det,free_market+rl_aux,9,51,348.120584046006,812.0601259181825,0.4286881881466499,0,53,0.0,0.0,KHONG CO,KHONG CO,0.0,0.0,0.0,165.6766712665558,0.0,14716.160568908268,118.16275982517305,0.0,0.0029899409535079596,3.4922036646726182,0d964d8,8ad0cbcd3f4f0046284bca9a6a76b8cefa67495434d85b8ec6ef43e9f7e1d8cd,audits/final_run/logs/flat_sweep/sweep_seed42_det.json,audits/paper_extras/v4_runs/v2/bench2_seed42_det.json
42,det,rl_mean_fixed,0,42,402.5700740682332,881.6294505609148,0.4566204926708245,0,59,0.0125,-8.881784197001252e-16,KHONG CO,KHONG CO,10572.707646661132,0.0,9636.3189314662,165.67667126655581,0.0,15736.202687684523,34.50935624385697,0.0,0.003224743128431848,4.1623921923762515,0d964d8,8ad0cbcd3f4f0046284bca9a6a76b8cefa67495434d85b8ec6ef43e9f7e1d8cd,audits/final_run/logs/flat_sweep/sweep_seed42_det.json,audits/paper_extras/v4_runs/v2/bench2_seed42_det.json
42,det,rl_mean_fixed,1,43,411.702793669716,920.2709976494705,0.4473712577287292,0,52,0.008333333333333333,-8.881784197001252e-16,KHONG CO,KHONG CO,10280.478863001543,0.0,9370.594556237198,165.67667126655584,0.0,15584.258769606111,159.94886589167496,0.0,0.0029494878790743027,3.461249031617052,0d964d8,8ad0cbcd3f4f0046284bca9a6a76b8cefa67495434d85b8ec6ef43e9f7e1d8cd,audits/final_run/logs/flat_sweep/sweep_seed42_det.json,audits/paper_extras/v4_runs/v2/bench2_seed42_det.json
42,det,rl_mean_fixed,2,44,314.66543015287675,926.8175473882042,0.33951173134303736,0,60,0.0,0.0,KHONG CO,KHONG CO,10316.875642213483,0.0,9403.53222881035,165.6766712665558,0.0,15639.741835924588,107.92490621198019,0.0,0.0032626219163106357,3.6368290117091098,0d964d8,8ad0cbcd3f4f0046284bca9a6a76b8cefa67495434d85b8ec6ef43e9f7e1d8cd,audits/final_run/logs/flat_sweep/sweep_seed42_det.json,audits/paper_extras/v4_runs/v2/bench2_seed42_det.json
42,det,rl_mean_fixed,3,45,378.01102492766154,913.6361257177899,0.41374351811086785,0,53,0.004166666666666667,-8.881784197001252e-16,KHONG CO,KHONG CO,10599.526723578305,0.0,9661.350372835896,165.6766712665558,0.0,15659.2775344704,113.22214500544261,0.0,0.002989940953507959,3.858153220091326,0d964d8,8ad0cbcd3f4f0046284bca9a6a76b8cefa67495434d85b8ec6ef43e9f7e1d8cd,audits/final_run/logs/flat_sweep/sweep_seed42_det.json,audits/paper_extras/v4_runs/v2/bench2_seed42_det.json
42,det,rl_mean_fixed,4,46,321.4979357723602,848.1968199197619,0.3790369501771693,0,49,0.004166666666666667,-8.881784197001252e-16,KHONG CO,KHONG CO,10218.058804362287,0.0,9313.35083472399,165.6766712665558,0.0,15636.783512014383,102.24778635737827,0.0,0.0028257174137924796,4.274445181147917,0d964d8,8ad0cbcd3f4f0046284bca9a6a76b8cefa67495434d85b8ec6ef43e9f7e1d8cd,audits/final_run/logs/flat_sweep/sweep_seed42_det.json,audits/paper_extras/v4_runs/v2/bench2_seed42_det.json
42,det,rl_mean_fixed,5,47,351.5956139289808,888.5583522572803,0.39569220528487814,0,48,0.008333333333333333,-8.881784197001252e-16,KHONG CO,KHONG CO,10307.774158863038,0.0,9395.335387618052,165.6766712665558,0.0,15576.629369571065,170.13273040735382,0.0,0.002783629871704938,3.9238939914555155,0d964d8,8ad0cbcd3f4f0046284bca9a6a76b8cefa67495434d85b8ec6ef43e9f7e1d8cd,audits/final_run/logs/flat_sweep/sweep_seed42_det.json,audits/paper_extras/v4_runs/v2/bench2_seed42_det.json
42,det,rl_mean_fixed,6,48,394.7366789409321,856.0435463148002,0.46111752216372903,0,50,0.008333333333333333,-8.881784197001252e-16,KHONG CO,KHONG CO,10816.312279882553,0.0,9858.64059859274,165.67667126655567,19.782979267782466,15614.561695540113,157.65033521536424,0.0,0.0036278658826076155,4.37246263716882,0d964d8,8ad0cbcd3f4f0046284bca9a6a76b8cefa67495434d85b8ec6ef43e9f7e1d8cd,audits/final_run/logs/flat_sweep/sweep_seed42_det.json,audits/paper_extras/v4_runs/v2/bench2_seed42_det.json
42,det,rl_mean_fixed,7,49,362.435142306829,908.7542556543631,0.3988263494247427,0,56,0.0,0.0,KHONG CO,KHONG CO,10733.900820630475,0.0,9767.091199979093,165.6766712665558,0.0,15800.865486240811,0.2674631440287919,0.0,0.00310899577185523,3.7938320973991613,0d964d8,8ad0cbcd3f4f0046284bca9a6a76b8cefa67495434d85b8ec6ef43e9f7e1d8cd,audits/final_run/logs/flat_sweep/sweep_seed42_det.json,audits/paper_extras/v4_runs/v2/bench2_seed42_det.json
42,det,rl_mean_fixed,8,50,351.9342546243288,883.4486104635939,0.39836414982830703,0,54,0.0,0.0,KHONG CO,KHONG CO,10479.707097312541,0.0,9552.2654802419,165.6766712665558,32.377576729264455,15666.160387463005,63.22698161181455,0.0,0.0037825573885170135,4.002924344885895,0d964d8,8ad0cbcd3f4f0046284bca9a6a76b8cefa67495434d85b8ec6ef43e9f7e1d8cd,audits/final_run/logs/flat_sweep/sweep_seed42_det.json,audits/paper_extras/v4_runs/v2/bench2_seed42_det.json
42,det,rl_mean_fixed,9,51,281.28904890589024,803.1486657496898,0.35023285339498667,0,45,0.0,0.0,KHONG CO,KHONG CO,10296.305589591266,0.0,9384.894994540602,165.6766712665558,0.0,15660.291284102068,85.4426396820573,0.0,0.002654754760663958,4.33096105648453,0d964d8,8ad0cbcd3f4f0046284bca9a6a76b8cefa67495434d85b8ec6ef43e9f7e1d8cd,audits/final_run/logs/flat_sweep/sweep_seed42_det.json,audits/paper_extras/v4_runs/v2/bench2_seed42_det.json
42,det,flat_pit0.10_cit0,0,42,260.41272738932486,848.296489074174,0.30698314886760625,0,49,0.6625,-0.810184932510642,KHONG CO,KHONG CO,6634.732609875809,207.5237721429577,6225.298835547723,165.6766712665558,0.0,15194.700756819711,256.58011838477074,0.0,0.00282571741379248,3.1265047969516915,0d964d8,8ad0cbcd3f4f0046284bca9a6a76b8cefa67495434d85b8ec6ef43e9f7e1d8cd,audits/final_run/logs/flat_sweep/sweep_seed42_det.json,audits/paper_extras/v4_runs/v2/bench2_seed42_det.json
42,det,flat_pit0.10_cit0,1,43,307.70552458114804,898.23996826855,0.3425649441699662,0,51,0.7791666666666667,-0.800214533495609,KHONG CO,KHONG CO,6579.787221177276,209.83870710642296,6176.818769864699,165.6766712665558,0.0,15196.353516259001,250.77697089342567,0.0,0.0029086382058716876,2.8363393066740756,0d964d8,8ad0cbcd3f4f0046284bca9a6a76b8cefa67495434d85b8ec6ef43e9f7e1d8cd,audits/final_run/logs/flat_sweep/sweep_seed42_det.json,audits/paper_extras/v4_runs/v2/bench2_seed42_det.json
42,det,flat_pit0.10_cit0,2,44,268.5367090349033,921.1152371598291,0.2915343251327712,0,65,0.8333333333333334,-0.8144596728973661,KHONG CO,KHONG CO,7047.403217830453,240.25912528995912,6627.635972365038,165.6766712665558,0.0,15273.460511926696,220.88918756212323,0.0,0.003447016582803047,3.0281418108999714,0d964d8,8ad0cbcd3f4f0046284bca9a6a76b8cefa67495434d85b8ec6ef43e9f7e1d8cd,audits/final_run/logs/flat_sweep/sweep_seed42_det.json,audits/paper_extras/v4_runs/v2/bench2_seed42_det.json
42,det,flat_pit0.10_cit0,3,45,293.5323757750148,861.7661381862713,0.34061720781092886,0,47,0.8916666666666667,-0.8183664446553474,KHONG CO,KHONG CO,6785.521530339697,225.11177074679102,6378.825615430639,165.6766712665558,0.0,15114.876005160026,351.2550092292659,0.0,0.0027411128649022167,3.0555133348715287,0d964d8,8ad0cbcd3f4f0046284bca9a6a76b8cefa67495434d85b8ec6ef43e9f7e1d8cd,audits/final_run/logs/flat_sweep/sweep_seed42_det.json,audits/paper_extras/v4_runs/v2/bench2_seed42_det.json
42,det,flat_pit0.10_cit0,4,46,316.9104690847691,817.7014746804675,0.38756255051222444,0,50,0.9208333333333333,-0.9004431875188351,KHONG CO,KHONG CO,7860.4773485492115,310.8779134481581,7437.168439635728,165.6766712665558,0.0,15185.787699972834,382.72245112224675,0.0,0.0028673840804591465,3.5585166379965303,0d964d8,8ad0cbcd3f4f0046284bca9a6a76b8cefa67495434d85b8ec6ef43e9f7e1d8cd,audits/final_run/logs/flat_sweep/sweep_seed42_det.json,audits/paper_extras/v4_runs/v2/bench2_seed42_det.json
42,det,flat_pit0.10_cit0,5,47,303.63406354256637,837.156673599654,0.36269682022241223,0,45,0.825,-1.1353796651765138,KHONG CO,KHONG CO,7204.992227781689,258.6711626464283,6792.277240212619,165.67667126655584,0.0,15165.499000799975,340.2104781489352,0.0,0.002654754760663958,3.210213265015858,0d964d8,8ad0cbcd3f4f0046284bca9a6a76b8cefa67495434d85b8ec6ef43e9f7e1d8cd,audits/final_run/logs/flat_sweep/sweep_seed42_det.json,audits/paper_extras/v4_runs/v2/bench2_seed42_det.json
42,det,flat_pit0.10_cit0,6,48,282.17450645138945,851.2811972423824,0.33147038530330286,0,58,0.8083333333333333,-0.8438434831243984,KHONG CO,KHONG CO,7540.214449323858,285.55068214364917,7121.132496584836,165.6766712665558,0.0,15176.602478328805,362.35348528728707,0.0,0.0031865168287376574,3.4551250625274026,0d964d8,8ad0cbcd3f4f0046284bca9a6a76b8cefa67495434d85b8ec6ef43e9f7e1d8cd,audits/final_run/logs/flat_sweep/sweep_seed42_det.json,audits/paper_extras/v4_runs/v2/bench2_seed42_det.json
42,det,flat_pit0.10_cit0,7,49,314.3778810693146,876.075505179616,0.35884792944286203,0,54,0.75,-0.9447312586364798,KHONG CO,KHONG CO,6698.241693946824,226.23223232059118,6299.89775020836,165.6766712665558,0.0,15312.89635303297,146.00315175950357,0.0,0.0030300050560720616,3.056486278338352,0d964d8,8ad0cbcd3f4f0046284bca9a6a76b8cefa67495434d85b8ec6ef43e9f7e1d8cd,audits/final_run/logs/flat_sweep/sweep_seed42_det.json,audits/paper_extras/v4_runs/v2/bench2_seed42_det.json
42,det,flat_pit0.10_cit0,8,50,273.06841654686997,843.3135264901731,0.32380414634562604,0,50,0.8791666666666667,-0.8378990524031361,KHONG CO,KHONG CO,6928.986750625778,252.34785799344274,6534.542685671962,165.6766712665558,0.0,15181.99578481856,299.11946686213105,0.0,0.002867384080459147,3.231135995681058,0d964d8,8ad0cbcd3f4f0046284bca9a6a76b8cefa67495434d85b8ec6ef43e9f7e1d8cd,audits/final_run/logs/flat_sweep/sweep_seed42_det.json,audits/paper_extras/v4_runs/v2/bench2_seed42_det.json
42,det,flat_pit0.10_cit0,9,51,249.7199024316392,777.9275511634306,0.32100663109073624,0,44,0.8458333333333333,-1.0722764252479928,KHONG CO,KHONG CO,7353.078174526595,272.2754560442071,6940.359642031567,165.6766712665558,0.0,15185.949336560621,333.3679807120503,0.0,0.0026108951115411507,3.599754817418647,0d964d8,8ad0cbcd3f4f0046284bca9a6a76b8cefa67495434d85b8ec6ef43e9f7e1d8cd,audits/final_run/logs/flat_sweep/sweep_seed42_det.json,audits/paper_extras/v4_runs/v2/bench2_seed42_det.json
42,det,flat_pit0.20_cit0,0,42,237.76409154472933,872.906658892975,0.2723820343474789,0,56,0.8958333333333334,-1.6679465038012293,KHONG CO,KHONG CO,14031.722229734105,443.52721879390924,13169.496264540792,165.6766712665558,0.0,15733.41651319365,406.6599995270122,0.0,0.00310899577185523,3.202889003047095,0d964d8,8ad0cbcd3f4f0046284bca9a6a76b8cefa67495434d85b8ec6ef43e9f7e1d8cd,audits/final_run/logs/flat_sweep/sweep_seed42_det.json,audits/paper_extras/v4_runs/v2/bench2_seed42_det.json
42,det,flat_pit0.20_cit0,1,43,206.99935947175663,887.2570195881211,0.23330258865446796,0,55,0.9416666666666667,-1.623960391150941,KHONG CO,KHONG CO,12329.861829723883,384.4223066578869,11565.392997255038,165.6766712665558,0.0,15723.235145777648,259.97932208253064,0.0,0.0030696875957546012,2.765089980100466,0d964d8,8ad0cbcd3f4f0046284bca9a6a76b8cefa67495434d85b8ec6ef43e9f7e1d8cd,audits/final_run/logs/flat_sweep/sweep_seed42_det.json,audits/paper_extras/v4_runs/v2/bench2_seed42_det.json
42,det,flat_pit0.20_cit0,2,44,258.49244277932615,979.635478453148,0.26386594653297746,0,64,0.9291666666666667,-1.4834914334259912,KHONG CO,KHONG CO,13725.367464592062,451.03787840705706,12890.219156133331,165.6766712665558,0.0,15718.679287241077,401.83022835816456,0.0,0.0034107846987450757,2.8817219254776747,0d964d8,8ad0cbcd3f4f0046284bca9a6a76b8cefa67495434d85b8ec6ef43e9f7e1d8cd,audits/final_run/logs/flat_sweep/sweep_seed42_det.json,audits/paper_extras/v4_runs/v2/bench2_seed42_det.json
42,det,flat_pit0.20_cit0,3,45,234.64374921699945,888.9576959146689,0.2639537857598152,0,55,0.9375,-1.944693261543061,KHONG CO,KHONG CO,13965.970379854065,467.95661061439785,13132.456475636764,165.6766712665558,0.0,15667.919783591027,467.87405997408825,0.0,0.0030696875957546012,3.0714736547273627,0d964d8,8ad0cbcd3f4f0046284bca9a6a76b8cefa67495434d85b8ec6ef43e9f7e1d8cd,audits/final_run/logs/flat_sweep/sweep_seed42_det.json,audits/paper_extras/v4_runs/v2/bench2_seed42_det.json
42,det,flat_pit0.20_cit0,4,46,223.52592362272074,810.1522754817389,0.2759060615978719,0,51,0.95,-2.655613407134295,KHONG CO,KHONG CO,14764.503799576387,577.1674138991884,13961.735604210855,165.6766712665558,0.0,15657.411185957262,556.8477520409161,0.0,0.0029086382058716876,3.455764265964161,0d964d8,8ad0cbcd3f4f0046284bca9a6a76b8cefa67495434d85b8ec6ef43e9f7e1d8cd,audits/final_run/logs/flat_sweep/sweep_seed42_det.json,audits/paper_extras/v4_runs/v2/bench2_seed42_det.json
42,det,flat_pit0.20_cit0,5,47,247.4924769927358,853.1877167297203,0.290079746976876,0,53,0.9416666666666667,-2.451764328261757,KHONG CO,KHONG CO,14649.850668478017,561.1371553413485,13841.489319933715,165.6766712665558,0.0,15668.741078722842,535.0807538962497,0.0,0.002989940953507959,3.2235583332580005,0d964d8,8ad0cbcd3f4f0046284bca9a6a76b8cefa67495434d85b8ec6ef43e9f7e1d8cd,audits/final_run/logs/flat_sweep/sweep_seed42_det.json,audits/paper_extras/v4_runs/v2/bench2_seed42_det.json
42,det,flat_pit0.20_cit0,6,48,208.5969387561111,822.2306694166286,0.2536963731894242,0,44,0.9458333333333333,-2.4358995607481617,KHONG CO,KHONG CO,14037.830349098282,552.6458415769795,13277.802510528141,165.6766712665558,0.0,15633.324059589475,513.6729492910894,0.0,0.002610895111541151,3.350916875609046,0d964d8,8ad0cbcd3f4f0046284bca9a6a76b8cefa67495434d85b8ec6ef43e9f7e1d8cd,audits/final_run/logs/flat_sweep/sweep_seed42_det.json,audits/paper_extras/v4_runs/v2/bench2_seed42_det.json
42,det,flat_pit0.20_cit0,7,49,218.8810964382389,851.0504431214147,0.2571893337314347,0,48,0.9041666666666667,-1.79539000777137,KHONG CO,KHONG CO,13216.352961145389,458.45971891942577,12442.307807716801,165.6766712665558,0.0,15791.863003166041,274.96519791542704,0.0,0.002783629871704938,3.075042407500665,0d964d8,8ad0cbcd3f4f0046284bca9a6a76b8cefa67495434d85b8ec6ef43e9f7e1d8cd,audits/final_run/logs/flat_sweep/sweep_seed42_det.json,audits/paper_extras/v4_runs/v2/bench2_seed42_det.json
42,det,flat_pit0.20_cit0,8,50,203.4385748659194,836.5160968565547,0.243197441902669,0,47,0.95,-2.1119038923725086,KHONG CO,KHONG CO,13411.135500165088,499.2073149155482,12657.294596359248,165.6766712665558,0.0,15738.891480674085,348.4800667807455,0.0,0.0027411128649022167,3.1648229760690767,0d964d8,8ad0cbcd3f4f0046284bca9a6a76b8cefa67495434d85b8ec6ef43e9f7e1d8cd,audits/final_run/logs/flat_sweep/sweep_seed42_det.json,audits/paper_extras/v4_runs/v2/bench2_seed42_det.json
42,det,flat_pit0.20_cit0,9,51,216.8097143353636,782.2209445294183,0.2771719625403225,0,45,0.9458333333333333,-3.088690708722634,KHONG CO,KHONG CO,14590.563400588184,604.8857489011663,13830.00024318706,165.6766712665558,0.0,15724.14650826606,475.6257267696654,0.0,0.0026547547606639577,3.568680350152199,0d964d8,8ad0cbcd3f4f0046284bca9a6a76b8cefa67495434d85b8ec6ef43e9f7e1d8cd,audits/final_run/logs/flat_sweep/sweep_seed42_det.json,audits/paper_extras/v4_runs/v2/bench2_seed42_det.json
42,det,flat_pit0.30_cit0,0,42,222.11705707481488,832.9151646347879,0.2666742862968614,1,46,0.9416666666666667,-4.167632271938,KHONG CO,KHONG CO,20373.860421769772,764.1454865267954,19234.084793164977,165.6766712665558,0.0,16262.443723033906,475.52531566489677,0.0,0.0026981575384417357,3.1958272318397394,0d964d8,8ad0cbcd3f4f0046284bca9a6a76b8cefa67495434d85b8ec6ef43e9f7e1d8cd,audits/final_run/logs/flat_sweep/sweep_seed42_det.json,audits/paper_extras/v4_runs/v2/bench2_seed42_det.json
42,det,flat_pit0.30_cit0,1,43,185.0366656329743,897.7442291217234,0.2061128990091069,1,54,0.95,-4.176299490598698,KHONG CO,KHONG CO,18022.105079272216,585.1916217872189,16901.289677611196,165.6766712665558,0.0,16235.989255814493,303.8356929896646,0.0,0.0030462472598142653,2.7215824998560167,0d964d8,8ad0cbcd3f4f0046284bca9a6a76b8cefa67495434d85b8ec6ef43e9f7e1d8cd,audits/final_run/logs/flat_sweep/sweep_seed42_det.json,audits/paper_extras/v4_runs/v2/bench2_seed42_det.json
42,det,flat_pit0.30_cit0,2,44,204.12705551922733,896.6827138360165,0.2276469172088419,1,48,0.9416666666666667,-2.890749170468745,KHONG CO,KHONG CO,19782.463805276868,752.2453352176,18630.45703969658,165.67667126655573,0.0,16280.738419855532,457.5481579799658,0.0,0.002785439106036969,2.9523667802716704,0d964d8,8ad0cbcd3f4f0046284bca9a6a76b8cefa67495434d85b8ec6ef43e9f7e1d8cd,audits/final_run/logs/flat_sweep/sweep_seed42_det.json,audits/paper_extras/v4_runs/v2/bench2_seed42_det.json
42,det,flat_pit0.30_cit0,3,45,223.43338999426152,889.3062648387161,0.25124459236187124,2,47,0.9416666666666667,-4.696993105986065,KHONG CO,KHONG CO,20858.776748964927,787.3693123312896,19695.06549864992,165.67667126655576,0.0,16148.17402583502,636.6905343477824,0.0,0.0027411128649022167,3.0615389854402264,0d964d8,8ad0cbcd3f4f0046284bca9a6a76b8cefa67495434d85b8ec6ef43e9f7e1d8cd,audits/final_run/logs/flat_sweep/sweep_seed42_det.json,audits/paper_extras/v4_runs/v2/bench2_seed42_det.json
42,det,flat_pit0.30_cit0,4,46,206.0227262809163,802.3963178472143,0.2567593116998145,3,47,0.95,-4.866813924717898,KHONG CO,KHONG CO,20590.77367213664,883.9098476451815,19542.78833361848,165.6766712665558,0.0,16189.205768816986,575.4274011029033,0.0,0.0027575930142631497,3.351821010192501,0d964d8,8ad0cbcd3f4f0046284bca9a6a76b8cefa67495434d85b8ec6ef43e9f7e1d8cd,audits/final_run/logs/flat_sweep/sweep_seed42_det.json,audits/paper_extras/v4_runs/v2/bench2_seed42_det.json
42,det,flat_pit0.30_cit0,5,47,248.30179326766444,863.7063036725534,0.28748405819416145,3,54,0.9458333333333333,-3.922552136012156,KHONG CO,KHONG CO,20859.781058551664,825.4547711352815,19730.943771470884,165.6766712665558,0.0,16169.21334775943,618.5501370487684,0.0,0.0030300050560720616,3.124642227564427,0d964d8,8ad0cbcd3f4f0046284bca9a6a76b8cefa67495434d85b8ec6ef43e9f7e1d8cd,audits/final_run/logs/flat_sweep/sweep_seed42_det.json,audits/paper_extras/v4_runs/v2/bench2_seed42_det.json
42,det,flat_pit0.30_cit0,6,48,228.70750495764355,825.4806399658294,0.27705980477883874,2,46,0.9458333333333333,-6.09910444094103,KHONG CO,KHONG CO,21078.742999949955,946.8749463679345,20043.753053653803,165.6766712665558,0.0,16188.602592801428,626.9753605214303,0.0,0.0026986144097867646,3.347630257645014,0d964d8,8ad0cbcd3f4f0046284bca9a6a76b8cefa67495434d85b8ec6ef43e9f7e1d8cd,audits/final_run/logs/flat_sweep/sweep_seed42_det.json,audits/paper_extras/v4_runs/v2/bench2_seed42_det.json
42,det,flat_pit0.30_cit0,7,49,209.809844468714,855.7045586899209,0.24518958364547194,0,45,0.9333333333333333,-4.1907079759280075,KHONG CO,KHONG CO,19172.60537987389,703.6303196497524,18084.027592422608,165.6766712665558,0.0,16277.467023080853,349.06441275364335,0.0,0.0026547547606639577,3.0021015659231094,0d964d8,8ad0cbcd3f4f0046284bca9a6a76b8cefa67495434d85b8ec6ef43e9f7e1d8cd,audits/final_run/logs/flat_sweep/sweep_seed42_det.json,audits/paper_extras/v4_runs/v2/bench2_seed42_det.json
42,det,flat_pit0.30_cit0,8,50,268.3708476147049,831.3807819857849,0.3228013606156386,0,52,0.95,-3.9347647310385687,KHONG CO,KHONG CO,20794.90112318615,852.3535047500842,19697.877524113388,165.6766712665558,0.0,16291.414631018932,492.2858015373755,0.0,0.0029494878790743027,3.2456180385572404,0d964d8,8ad0cbcd3f4f0046284bca9a6a76b8cefa67495434d85b8ec6ef43e9f7e1d8cd,audits/final_run/logs/flat_sweep/sweep_seed42_det.json,audits/paper_extras/v4_runs/v2/bench2_seed42_det.json
42,det,flat_pit0.30_cit0,9,51,222.0765751578666,800.7070869412498,0.27735058023054693,2,53,0.95,-5.846819029851231,KHONG CO,KHONG CO,21739.37539165114,959.5484576170708,20656.990121683742,165.6766712665558,0.0,16269.65143013853,605.4077277159017,0.0,0.0030022304951080577,3.562870991031936,0d964d8,8ad0cbcd3f4f0046284bca9a6a76b8cefa67495434d85b8ec6ef43e9f7e1d8cd,audits/final_run/logs/flat_sweep/sweep_seed42_det.json,audits/paper_extras/v4_runs/v2/bench2_seed42_det.json
42,det,flat_pit0.50_cit0,0,42,121.42079716053912,676.6582522462334,0.1794418330929548,35,33,0.95,-12.315386580699078,KHONG CO,KHONG CO,25430.83996833987,1610.1085963072098,24598.929395661937,165.6766712665558,0.0,16261.085414394072,978.6928464964425,0.0,0.0028896656388026475,3.0897620605022653,0d964d8,8ad0cbcd3f4f0046284bca9a6a76b8cefa67495434d85b8ec6ef43e9f7e1d8cd,audits/final_run/logs/flat_sweep/sweep_seed42_det.json,audits/paper_extras/v4_runs/v2/bench2_seed42_det.json
42,det,flat_pit0.50_cit0,1,43,170.54778900588326,801.6017222460454,0.21275876070727173,44,58,0.9541666666666667,-10.300463490446559,KHONG CO,KHONG CO,29194.123282543074,1363.9409460191712,27743.706276257337,165.6766712665558,0.0,17259.836186793895,338.8920754164425,0.0,0.003853179824458156,2.888114637465313,0d964d8,8ad0cbcd3f4f0046284bca9a6a76b8cefa67495434d85b8ec6ef43e9f7e1d8cd,audits/final_run/logs/flat_sweep/sweep_seed42_det.json,audits/paper_extras/v4_runs/v2/bench2_seed42_det.json
42,det,flat_pit0.50_cit0,2,44,194.66083266091422,841.2569365816222,0.23139284111213676,51,52,0.95,-10.377927192080982,KHONG CO,KHONG CO,29016.48065302934,1465.9337044582242,27667.394239645884,165.6766712665558,0.0,17222.496716009504,369.43682181363357,0.0,0.003966426926125777,2.8818782550075315,0d964d8,8ad0cbcd3f4f0046284bca9a6a76b8cefa67495434d85b8ec6ef43e9f7e1d8cd,audits/final_run/logs/flat_sweep/sweep_seed42_det.json,audits/paper_extras/v4_runs/v2/bench2_seed42_det.json
42,det,flat_pit0.50_cit0,3,45,137.6175340472992,739.7098279231943,0.18604259244962784,43,54,0.95,-12.592132355619562,KHONG CO,KHONG CO,28380.732293482553,1700.2247181482624,27378.176389730063,165.6766712665558,0.0,17182.752583115824,307.9150047268232,0.0,0.003982410004250243,3.110601028396824,0d964d8,8ad0cbcd3f4f0046284bca9a6a76b8cefa67495434d85b8ec6ef43e9f7e1d8cd,audits/final_run/logs/flat_sweep/sweep_seed42_det.json,audits/paper_extras/v4_runs/v2/bench2_seed42_det.json
42,det,flat_pit0.50_cit0,4,46,98.78869468122285,609.6335670615467,0.16204602242850163,43,28,0.9541666666666667,-12.928435560984344,KHONG CO,KHONG CO,22860.808602890313,1774.580430497965,22405.34101695217,165.6766712665558,0.0,13701.70885264781,3324.576698959885,0.0,0.002631831515691225,2.85723941981506,0d964d8,8ad0cbcd3f4f0046284bca9a6a76b8cefa67495434d85b8ec6ef43e9f7e1d8cd,audits/final_run/logs/flat_sweep/sweep_seed42_det.json,audits/paper_extras/v4_runs/v2/bench2_seed42_det.json
42,det,flat_pit0.50_cit0,5,47,139.02813331501156,713.0885339917061,0.194966160143908,42,56,0.9541666666666667,-11.806221855023033,KHONG CO,KHONG CO,28715.946770372804,1724.4369792005593,27652.39704257448,165.6766712665558,0.0,17207.658255827355,370.434839346696,0.0,0.004337810394616059,3.232736154953753,0d964d8,8ad0cbcd3f4f0046284bca9a6a76b8cefa67495434d85b8ec6ef43e9f7e1d8cd,audits/final_run/logs/flat_sweep/sweep_seed42_det.json,audits/paper_extras/v4_runs/v2/bench2_seed42_det.json
42,det,flat_pit0.50_cit0,6,48,120.9573381724941,675.6657041315949,0.179019502444564,36,40,0.9541666666666667,-11.869548453775376,KHONG CO,KHONG CO,27963.38641589663,1907.874954655607,27170.015163882883,165.6766712665558,0.0,17234.085280407526,259.62377430668914,0.0,0.0033070113040682895,3.397698953033235,0d964d8,8ad0cbcd3f4f0046284bca9a6a76b8cefa67495434d85b8ec6ef43e9f7e1d8cd,audits/final_run/logs/flat_sweep/sweep_seed42_det.json,audits/paper_extras/v4_runs/v2/bench2_seed42_det.json
42,det,flat_pit0.50_cit0,7,49,132.82383215602624,715.4448224714771,0.18565209780565795,35,38,0.9458333333333333,-11.005213995198206,KHONG CO,KHONG CO,25284.571286134167,1318.171184848034,24191.861147473897,165.6766712665558,0.0,16828.003117926422,378.10713124184207,0.0,0.0031160566005550886,2.9713237369787606,0d964d8,8ad0cbcd3f4f0046284bca9a6a76b8cefa67495434d85b8ec6ef43e9f7e1d8cd,audits/final_run/logs/flat_sweep/sweep_seed42_det.json,audits/paper_extras/v4_runs/v2/bench2_seed42_det.json
42,det,flat_pit0.50_cit0,8,50,115.42936574322874,664.588275317902,0.17368552836417972,39,38,0.9583333333333334,-10.822909645408341,KHONG CO,KHONG CO,27124.10075609652,1562.6666941108379,26094.774772868954,165.6766712665558,0.0,16785.115586276315,588.1008224573903,0.0,0.0031397925869367667,3.292228836857775,0d964d8,8ad0cbcd3f4f0046284bca9a6a76b8cefa67495434d85b8ec6ef43e9f7e1d8cd,audits/final_run/logs/flat_sweep/sweep_seed42_det.json,audits/paper_extras/v4_runs/v2/bench2_seed42_det.json
42,det,flat_pit0.50_cit0,9,51,115.09725094736478,599.509200230271,0.19198579588629505,45,38,0.9583333333333334,-12.28396966462882,KHONG CO,KHONG CO,27207.155116616916,1961.4444925361292,26550.297251914028,165.6766712665558,0.0,17308.678421109995,77.52198421537176,0.0,0.0034174650799261245,3.6799810310338925,0d964d8,8ad0cbcd3f4f0046284bca9a6a76b8cefa67495434d85b8ec6ef43e9f7e1d8cd,audits/final_run/logs/flat_sweep/sweep_seed42_det.json,audits/paper_extras/v4_runs/v2/bench2_seed42_det.json
42,det,flat_pit0_cit0.10,0,42,334.0623159748552,849.3765968678725,0.39330294383755116,0,47,0.0,0.0,KHONG CO,KHONG CO,3212.154665212145,0.0,2927.7768125793104,165.67667126655584,0.0,14729.577516036801,389.12366532948306,0.0,0.002741112864902217,3.38782034039243,0d964d8,8ad0cbcd3f4f0046284bca9a6a76b8cefa67495434d85b8ec6ef43e9f7e1d8cd,audits/final_run/logs/flat_sweep/sweep_seed42_det.json,audits/paper_extras/v4_runs/v2/bench2_seed42_det.json
42,det,flat_pit0_cit0.10,1,43,365.9931736270213,911.7965146327449,0.4013978642750534,0,45,0.0,0.0,KHONG CO,KHONG CO,3221.365886126749,0.0,2905.4710123553264,165.6766712665558,0.0,15185.571169915796,0.0,35.35296741093749,0.002654754760663958,3.0088790488705177,0d964d8,8ad0cbcd3f4f0046284bca9a6a76b8cefa67495434d85b8ec6ef43e9f7e1d8cd,audits/final_run/logs/flat_sweep/sweep_seed42_det.json,audits/paper_extras/v4_runs/v2/bench2_seed42_det.json
42,det,flat_pit0_cit0.10,2,44,356.6998875308311,948.8537061136875,0.3759271689961581,0,81,0.0,0.0,KHONG CO,KHONG CO,3197.019473967652,0.0,2913.873347503986,165.6766712665558,0.0,14723.468154278507,394.0013009186061,0.0,0.0039875816155117115,3.1462070328800222,0d964d8,8ad0cbcd3f4f0046284bca9a6a76b8cefa67495434d85b8ec6ef43e9f7e1d8cd,audits/final_run/logs/flat_sweep/sweep_seed42_det.json,audits/paper_extras/v4_runs/v2/bench2_seed42_det.json
42,det,flat_pit0_cit0.10,3,45,431.6688388698593,933.4960231648985,0.46242172238328505,0,64,0.004166666666666667,-8.881784197001252e-16,KHONG CO,KHONG CO,3334.7757482414004,0.0,3033.764891411534,165.6766712665558,0.0,15159.574933672247,0.0,24.240748108935467,0.003410784698745076,3.3496108764598196,0d964d8,8ad0cbcd3f4f0046284bca9a6a76b8cefa67495434d85b8ec6ef43e9f7e1d8cd,audits/final_run/logs/flat_sweep/sweep_seed42_det.json,audits/paper_extras/v4_runs/v2/bench2_seed42_det.json
42,det,flat_pit0_cit0.10,4,46,358.13933738098564,841.7866293413273,0.4254514444607167,0,56,0.008333333333333333,-8.881784197001252e-16,KHONG CO,KHONG CO,3176.0770152550335,0.0,2894.937577021693,165.6766712665558,0.0,15097.77033866616,17.692428300617888,0.0,0.00310899577185523,3.7382226567006933,0d964d8,8ad0cbcd3f4f0046284bca9a6a76b8cefa67495434d85b8ec6ef43e9f7e1d8cd,audits/final_run/logs/flat_sweep/sweep_seed42_det.json,audits/paper_extras/v4_runs/v2/bench2_seed42_det.json
42,det,flat_pit0_cit0.10,5,47,399.7682446367906,873.2850830058298,0.45777518981636134,0,52,0.0,0.0,KHONG CO,KHONG CO,3239.27107856789,0.0,2950.3857185165743,165.67667126655567,0.0,15139.012835069969,0.0,15.804146285213427,0.002949487879074302,3.417136234100025,0d964d8,8ad0cbcd3f4f0046284bca9a6a76b8cefa67495434d85b8ec6ef43e9f7e1d8cd,audits/final_run/logs/flat_sweep/sweep_seed42_det.json,audits/paper_extras/v4_runs/v2/bench2_seed42_det.json
42,det,flat_pit0_cit0.10,6,48,328.57058631108663,821.8536054518785,0.3997921091195179,2,43,0.0,0.0,KHONG CO,KHONG CO,3338.5847352514397,0.0,3011.069971637398,210.54743640124798,0.0,15150.805226049586,0.0,33.46287299767956,0.008656692033901884,3.666920513973304,0d964d8,8ad0cbcd3f4f0046284bca9a6a76b8cefa67495434d85b8ec6ef43e9f7e1d8cd,audits/final_run/logs/flat_sweep/sweep_seed42_det.json,audits/paper_extras/v4_runs/v2/bench2_seed42_det.json
42,det,flat_pit0_cit0.10,7,49,397.7547496066247,879.9327948431778,0.452028554836978,0,54,0.004166666666666667,-8.881784197001252e-16,KHONG CO,KHONG CO,3321.4522848095357,0.0,3027.468054196382,165.6766712665558,0.0,14837.739734301853,290.5678250447411,0.0,0.003030005056072061,3.2778204063558705,0d964d8,8ad0cbcd3f4f0046284bca9a6a76b8cefa67495434d85b8ec6ef43e9f7e1d8cd,audits/final_run/logs/flat_sweep/sweep_seed42_det.json,audits/paper_extras/v4_runs/v2/bench2_seed42_det.json
42,det,flat_pit0_cit0.10,8,50,441.89348696141496,852.1168166660023,0.518583225115038,0,50,0.008333333333333333,-8.881784197001252e-16,KHONG CO,KHONG CO,3241.5128532807757,0.0,2954.6647816088503,165.67667126655581,0.0,14754.976696644564,366.19470376079863,0.0,0.002867384080459147,3.60078614711006,0d964d8,8ad0cbcd3f4f0046284bca9a6a76b8cefa67495434d85b8ec6ef43e9f7e1d8cd,audits/final_run/logs/flat_sweep/sweep_seed42_det.json,audits/paper_extras/v4_runs/v2/bench2_seed42_det.json
42,det,flat_pit0_cit0.10,9,51,339.9168113019201,789.1416125719265,0.4307424749711045,0,46,0.008333333333333333,-8.881784197001252e-16,KHONG CO,KHONG CO,3163.9155098932188,0.0,2883.9299864256486,165.6766712665558,0.0,14711.249315773111,403.05953642790587,0.0,0.0026981575384417353,3.91409452959397,0d964d8,8ad0cbcd3f4f0046284bca9a6a76b8cefa67495434d85b8ec6ef43e9f7e1d8cd,audits/final_run/logs/flat_sweep/sweep_seed42_det.json,audits/paper_extras/v4_runs/v2/bench2_seed42_det.json
42,det,flat_pit0_cit0.20,0,42,331.1819288594258,865.9286286622307,0.3824586898934931,0,53,0.0,0.0,KHONG CO,KHONG CO,7260.8363108382655,0.0,6617.998338889589,165.6766712665558,0.0,15231.435176300642,245.7261243814766,0.0,0.0029899409535079596,3.7244146611851177,0d964d8,8ad0cbcd3f4f0046284bca9a6a76b8cefa67495434d85b8ec6ef43e9f7e1d8cd,audits/final_run/logs/flat_sweep/sweep_seed42_det.json,audits/paper_extras/v4_runs/v2/bench2_seed42_det.json
42,det,flat_pit0_cit0.20,1,43,373.20341168272785,911.1718089853334,0.40958621415023944,0,50,0.0,0.0,KHONG CO,KHONG CO,7138.762364679212,0.0,6506.975128856713,165.6766712665558,0.0,15208.22014907682,257.8904154791167,0.0,0.0028673840804591465,3.226665521152946,0d964d8,8ad0cbcd3f4f0046284bca9a6a76b8cefa67495434d85b8ec6ef43e9f7e1d8cd,audits/final_run/logs/flat_sweep/sweep_seed42_det.json,audits/paper_extras/v4_runs/v2/bench2_seed42_det.json
42,det,flat_pit0_cit0.20,2,44,353.9237574069235,944.4271690911442,0.37474965671256255,0,66,0.004166666666666667,-8.881784197001252e-16,KHONG CO,KHONG CO,7204.876432917394,0.0,6567.152324160905,165.6766712665558,0.0,15208.069434143195,263.9780033467493,0.0,0.003482936123032932,3.525795000440161,0d964d8,8ad0cbcd3f4f0046284bca9a6a76b8cefa67495434d85b8ec6ef43e9f7e1d8cd,audits/final_run/logs/flat_sweep/sweep_seed42_det.json,audits/paper_extras/v4_runs/v2/bench2_seed42_det.json
42,det,flat_pit0_cit0.20,3,45,365.197472615364,904.7026579641798,0.40366574520423637,0,53,0.004166666666666667,-8.881784197001252e-16,KHONG CO,KHONG CO,7335.008768156948,0.0,6685.780833702857,165.67667126655573,0.0,15117.305741108434,366.2455220790968,0.0,0.002989940953507959,3.5364748433292474,0d964d8,8ad0cbcd3f4f0046284bca9a6a76b8cefa67495434d85b8ec6ef43e9f7e1d8cd,audits/final_run/logs/flat_sweep/sweep_seed42_det.json,audits/paper_extras/v4_runs/v2/bench2_seed42_det.json
42,det,flat_pit0_cit0.20,4,46,345.3636249339741,824.3696765326567,0.4189426597865561,0,48,0.008333333333333333,-8.881784197001252e-16,KHONG CO,KHONG CO,7066.63970300391,0.0,6441.023261050053,165.67667126655581,0.0,15094.269278766513,365.6704919207853,0.0,0.0027836298717049375,4.098079737016095,0d964d8,8ad0cbcd3f4f0046284bca9a6a76b8cefa67495434d85b8ec6ef43e9f7e1d8cd,audits/final_run/logs/flat_sweep/sweep_seed42_det.json,audits/paper_extras/v4_runs/v2/bench2_seed42_det.json
42,det,flat_pit0_cit0.20,5,47,387.36752174160546,897.5382112439868,0.4315888915801307,0,55,0.0,0.0,KHONG CO,KHONG CO,7198.596510785399,0.0,6561.228423214722,165.6766712665558,0.0,15130.40707839459,341.2843379095249,0.0,0.0030696875957546017,3.6548881135782505,0d964d8,8ad0cbcd3f4f0046284bca9a6a76b8cefa67495434d85b8ec6ef43e9f7e1d8cd,audits/final_run/logs/flat_sweep/sweep_seed42_det.json,audits/paper_extras/v4_runs/v2/bench2_seed42_det.json
42,det,flat_pit0_cit0.20,6,48,366.91892388156685,846.8695384102895,0.43326499211476277,0,55,0.004166666666666667,-8.881784197001252e-16,KHONG CO,KHONG CO,7426.975024998283,0.0,6769.642997431311,165.6766712665558,0.0,15136.925709965632,354.72964633479364,0.0,0.0030696875957546017,4.0563557715798595,0d964d8,8ad0cbcd3f4f0046284bca9a6a76b8cefa67495434d85b8ec6ef43e9f7e1d8cd,audits/final_run/logs/flat_sweep/sweep_seed42_det.json,audits/paper_extras/v4_runs/v2/bench2_seed42_det.json
42,det,flat_pit0_cit0.20,7,49,388.7455199470151,902.8726453016517,0.43056517657275395,0,58,0.0,0.0,KHONG CO,KHONG CO,7479.2066034194395,0.0,6817.336002028257,165.67667126655576,0.0,15313.873756488534,182.3201736360973,0.0,0.0031865168287376574,3.5544678401407754,0d964d8,8ad0cbcd3f4f0046284bca9a6a76b8cefa67495434d85b8ec6ef43e9f7e1d8cd,audits/final_run/logs/flat_sweep/sweep_seed42_det.json,audits/paper_extras/v4_runs/v2/bench2_seed42_det.json
42,det,flat_pit0_cit0.20,8,50,407.61181347805933,890.4287573448943,0.4577702709125071,0,64,0.0125,-8.881784197001252e-16,KHONG CO,KHONG CO,7299.528038578335,0.0,6653.577941585175,165.6766712665558,0.0,15230.438488981823,249.83493674479604,0.0,0.003410784698745076,3.903676400641299,0d964d8,8ad0cbcd3f4f0046284bca9a6a76b8cefa67495434d85b8ec6ef43e9f7e1d8cd,audits/final_run/logs/flat_sweep/sweep_seed42_det.json,audits/paper_extras/v4_runs/v2/bench2_seed42_det.json
42,det,flat_pit0_cit0.20,9,51,354.74323154693985,812.4895554103795,0.4366126668148528,0,52,0.008333333333333333,-8.881784197001252e-16,KHONG CO,KHONG CO,7158.159498657611,0.0,6524.517464221175,165.6766712665558,0.0,15179.43414484541,288.5312183244652,0.0,0.0029494878790743027,4.131132031425068,0d964d8,8ad0cbcd3f4f0046284bca9a6a76b8cefa67495434d85b8ec6ef43e9f7e1d8cd,audits/final_run/logs/flat_sweep/sweep_seed42_det.json,audits/paper_extras/v4_runs/v2/bench2_seed42_det.json
42,det,flat_pit0_cit0.30,0,42,331.8403901515631,870.1286025611171,0.3813693621550096,0,46,0.0,0.0,KHONG CO,KHONG CO,12473.87281418547,0.0,11369.82754673615,165.6766712665558,0.0,15724.753311391332,213.61528479145056,0.0,0.0026981575384417357,4.101274879434876,0d964d8,8ad0cbcd3f4f0046284bca9a6a76b8cefa67495434d85b8ec6ef43e9f7e1d8cd,audits/final_run/logs/flat_sweep/sweep_seed42_det.json,audits/paper_extras/v4_runs/v2/bench2_seed42_det.json
42,det,flat_pit0_cit0.30,1,43,404.0085983930206,952.5603696449144,0.42412912742068276,0,58,0.016666666666666666,-8.881784197001252e-16,KHONG CO,KHONG CO,12274.149084401935,0.0,11187.936175063527,165.6766712665558,0.0,15710.913985166011,209.6222529058456,0.0,0.0031865168287376574,3.5534960124431163,0d964d8,8ad0cbcd3f4f0046284bca9a6a76b8cefa67495434d85b8ec6ef43e9f7e1d8cd,audits/final_run/logs/flat_sweep/sweep_seed42_det.json,audits/paper_extras/v4_runs/v2/bench2_seed42_det.json
42,det,flat_pit0_cit0.30,2,44,334.55350523129846,920.1141615288631,0.36359999576074764,0,63,0.0,0.0,KHONG CO,KHONG CO,12347.671754752966,0.0,11254.447494456972,165.6766712665558,0.0,15704.016977492392,223.53061153705116,0.0,0.0033742349911427367,3.78197195628735,0d964d8,8ad0cbcd3f4f0046284bca9a6a76b8cefa67495434d85b8ec6ef43e9f7e1d8cd,audits/final_run/logs/flat_sweep/sweep_seed42_det.json,audits/paper_extras/v4_runs/v2/bench2_seed42_det.json
42,det,flat_pit0_cit0.30,3,45,419.094573572672,907.270312726436,0.4619291160461889,0,52,0.0,0.0,KHONG CO,KHONG CO,12720.772557557933,0.0,11594.776772599898,165.6766712665558,18.83239309467385,15598.695100215604,342.7916203811943,0.0,0.0036898068714350373,4.10700821410954,0d964d8,8ad0cbcd3f4f0046284bca9a6a76b8cefa67495434d85b8ec6ef43e9f7e1d8cd,audits/final_run/logs/flat_sweep/sweep_seed42_det.json,audits/paper_extras/v4_runs/v2/bench2_seed42_det.json
42,det,flat_pit0_cit0.30,4,46,391.31761407635196,863.7058084364471,0.4530681746655705,0,59,0.016666666666666666,-8.881784197001252e-16,KHONG CO,KHONG CO,12190.946722804434,0.0,11111.903144814736,165.6766712665559,41.795137718626236,15618.933771497126,252.63799750737743,0.0,0.003961006134431695,4.5190064721877095,0d964d8,8ad0cbcd3f4f0046284bca9a6a76b8cefa67495434d85b8ec6ef43e9f7e1d8cd,audits/final_run/logs/flat_sweep/sweep_seed42_det.json,audits/paper_extras/v4_runs/v2/bench2_seed42_det.json
42,det,flat_pit0_cit0.30,5,47,411.3607035648136,898.734910940375,0.45771083170052196,0,54,0.0,0.0,KHONG CO,KHONG CO,12389.376810508733,0.0,11292.446059182537,165.6766712665558,0.0,15606.997355332878,324.25672472677047,0.0,0.003030005056072061,4.174891857258274,0d964d8,8ad0cbcd3f4f0046284bca9a6a76b8cefa67495434d85b8ec6ef43e9f7e1d8cd,audits/final_run/logs/flat_sweep/sweep_seed42_det.json,audits/paper_extras/v4_runs/v2/bench2_seed42_det.json
42,det,flat_pit0_cit0.30,6,48,385.9813070058641,880.5840946456017,0.43832418658572914,0,61,0.0,0.0,KHONG CO,KHONG CO,12850.174515938892,0.0,11712.824502300917,165.6766712665558,0.0,15712.364404359378,259.30893801202706,0.0,0.0033001594538481734,4.595868917385388,0d964d8,8ad0cbcd3f4f0046284bca9a6a76b8cefa67495434d85b8ec6ef43e9f7e1d8cd,audits/final_run/logs/flat_sweep/sweep_seed42_det.json,audits/paper_extras/v4_runs/v2/bench2_seed42_det.json
42,det,flat_pit0_cit0.30,7,49,314.18582770019117,917.5621709492439,0.3424136670490209,0,53,0.004166666666666667,-8.881784197001252e-16,KHONG CO,KHONG CO,12788.112724660694,0.0,11656.17811008371,165.6766712665558,0.0,15826.548697579232,139.7092457312174,0.0,0.002989940953507959,3.8358895412504013,0d964d8,8ad0cbcd3f4f0046284bca9a6a76b8cefa67495434d85b8ec6ef43e9f7e1d8cd,audits/final_run/logs/flat_sweep/sweep_seed42_det.json,audits/paper_extras/v4_runs/v2/bench2_seed42_det.json
42,det,flat_pit0_cit0.30,8,50,371.57811254297735,881.7809667015118,0.42139502503999815,0,53,0.020833333333333332,-8.881784197001252e-16,KHONG CO,KHONG CO,12520.147560674204,0.0,11412.107251634583,165.6766712665558,0.0,15754.91382473871,187.44981303434497,0.0,0.002989940953507959,4.159387612272932,0d964d8,8ad0cbcd3f4f0046284bca9a6a76b8cefa67495434d85b8ec6ef43e9f7e1d8cd,audits/final_run/logs/flat_sweep/sweep_seed42_det.json,audits/paper_extras/v4_runs/v2/bench2_seed42_det.json
42,det,flat_pit0_cit0.30,9,51,383.80409038624697,846.199766893045,0.4535620374789795,0,62,0.0,0.0,KHONG CO,KHONG CO,12347.158864853549,0.0,11254.243183980758,165.6766712665558,0.0,15638.272108675996,288.9669009302389,0.0,0.0033373618348005543,4.784848116382567,0d964d8,8ad0cbcd3f4f0046284bca9a6a76b8cefa67495434d85b8ec6ef43e9f7e1d8cd,audits/final_run/logs/flat_sweep/sweep_seed42_det.json,audits/paper_extras/v4_runs/v2/bench2_seed42_det.json
42,det,flat_pit0_cit0.50,0,42,369.089083670504,899.5634227036942,0.41029801163011237,0,55,0.008333333333333333,-8.881784197001252e-16,KHONG CO,KHONG CO,29239.00518255175,0.0,26650.845079529852,165.6766712665558,0.0,17205.215116531763,217.26831522356275,0.0,0.0030696875957546012,5.454936307350104,0d964d8,8ad0cbcd3f4f0046284bca9a6a76b8cefa67495434d85b8ec6ef43e9f7e1d8cd,audits/final_run/logs/flat_sweep/sweep_seed42_det.json,audits/paper_extras/v4_runs/v2/bench2_seed42_det.json
42,det,flat_pit0_cit0.50,1,43,375.1048760703987,950.1341823476901,0.3947914758140273,0,51,0.0,0.0,KHONG CO,KHONG CO,28531.827703084895,0.0,25944.333787989424,165.6766712665558,51.89141993665606,17142.084002120468,227.8418217717854,0.0,0.0036622557303225456,4.541997782824308,0d964d8,8ad0cbcd3f4f0046284bca9a6a76b8cefa67495434d85b8ec6ef43e9f7e1d8cd,audits/final_run/logs/flat_sweep/sweep_seed42_det.json,audits/paper_extras/v4_runs/v2/bench2_seed42_det.json
42,det,flat_pit0_cit0.50,2,44,329.80857503587066,994.9605199574042,0.33147905712880976,0,57,0.0,0.0,KHONG CO,KHONG CO,28697.29327600693,0.0,26055.727725461405,165.6766712665558,0.0,17139.601374240938,336.2875050380361,0.0,0.0031479365818240777,4.861823180944886,0d964d8,8ad0cbcd3f4f0046284bca9a6a76b8cefa67495434d85b8ec6ef43e9f7e1d8cd,audits/final_run/logs/flat_sweep/sweep_seed42_det.json,audits/paper_extras/v4_runs/v2/bench2_seed42_det.json
42,det,flat_pit0_cit0.50,3,45,356.2172315027958,955.9549092690686,0.3726297423119701,0,59,0.004166666666666667,-1.7763568394002505e-15,KHONG CO,KHONG CO,29441.519100326503,0.0,26835.51095487751,165.6766712665558,0.0,17113.905734247182,326.4257399352017,0.0,0.003224743128431848,5.124364122126391,0d964d8,8ad0cbcd3f4f0046284bca9a6a76b8cefa67495434d85b8ec6ef43e9f7e1d8cd,audits/final_run/logs/flat_sweep/sweep_seed42_det.json,audits/paper_extras/v4_runs/v2/bench2_seed42_det.json
42,det,flat_pit0_cit0.50,4,46,404.60051443055744,877.4481986144541,0.46111042802235747,0,58,0.0,0.0,KHONG CO,KHONG CO,28749.059774769863,0.0,26204.19505912884,165.6766712665558,0.0,17024.59381296062,354.59423141386213,0.0,0.003186516828737658,5.959264455703989,0d964d8,8ad0cbcd3f4f0046284bca9a6a76b8cefa67495434d85b8ec6ef43e9f7e1d8cd,audits/final_run/logs/flat_sweep/sweep_seed42_det.json,audits/paper_extras/v4_runs/v2/bench2_seed42_det.json
42,det,flat_pit0_cit0.50,5,47,381.88177821286087,935.1137414040769,0.40838003047571936,0,60,0.0,0.0,KHONG CO,KHONG CO,28843.75423122463,0.0,26290.15457068879,165.6766712665558,0.0,17129.291875856477,258.6311134128139,0.0,0.0032626219163106357,5.289796893184275,0d964d8,8ad0cbcd3f4f0046284bca9a6a76b8cefa67495434d85b8ec6ef43e9f7e1d8cd,audits/final_run/logs/flat_sweep/sweep_seed42_det.json,audits/paper_extras/v4_runs/v2/bench2_seed42_det.json
42,det,flat_pit0_cit0.50,6,48,391.6792089279204,908.1937747145837,0.4312727303718996,0,57,0.004166666666666667,-8.881784197001252e-16,KHONG CO,KHONG CO,30043.33565724597,0.0,27384.018640951177,165.6766712665558,57.05627375410896,17119.06415738765,317.5199138864508,0.0,0.003907168614641017,5.815590538532594,0d964d8,8ad0cbcd3f4f0046284bca9a6a76b8cefa67495434d85b8ec6ef43e9f7e1d8cd,audits/final_run/logs/flat_sweep/sweep_seed42_det.json,audits/paper_extras/v4_runs/v2/bench2_seed42_det.json
42,det,flat_pit0_cit0.50,7,49,389.5384316714851,939.4630955892769,0.4146394185150484,0,62,0.0125,-8.881784197001252e-16,KHONG CO,KHONG CO,29946.334136392838,0.0,27295.917846658507,165.6766712665558,0.0,17206.290933885823,278.44868458193616,0.0,0.003337361834800554,5.254187749750813,0d964d8,8ad0cbcd3f4f0046284bca9a6a76b8cefa67495434d85b8ec6ef43e9f7e1d8cd,audits/final_run/logs/flat_sweep/sweep_seed42_det.json,audits/paper_extras/v4_runs/v2/bench2_seed42_det.json
42,det,flat_pit0_cit0.50,8,50,371.89080711003004,913.7292917473608,0.4070032672355819,0,56,0.0125,-8.881784197001252e-16,KHONG CO,KHONG CO,29234.736283819562,0.0,26647.6949520651,165.67667126655581,0.0,17177.900382394986,243.46427809294423,0.0,0.0031089957718552306,5.36742295628058,0d964d8,8ad0cbcd3f4f0046284bca9a6a76b8cefa67495434d85b8ec6ef43e9f7e1d8cd,audits/final_run/logs/flat_sweep/sweep_seed42_det.json,audits/paper_extras/v4_runs/v2/bench2_seed42_det.json
42,det,flat_pit0_cit0.50,9,51,394.1959135859203,869.2420840655167,0.45349382043519293,2,67,0.008333333333333333,-8.881784197001252e-16,KHONG CO,KHONG CO,28693.579758296728,0.0,26108.06328749755,165.67667126655573,59.19842273991926,17077.85648764441,282.7848891482536,0.0,0.004362469068321107,5.913840417791334,0d964d8,8ad0cbcd3f4f0046284bca9a6a76b8cefa67495434d85b8ec6ef43e9f7e1d8cd,audits/final_run/logs/flat_sweep/sweep_seed42_det.json,audits/paper_extras/v4_runs/v2/bench2_seed42_det.json
42,exp,rl_learned,0,42,339.96303844707126,887.4551338425632,0.3830763105454992,0,,0.025,,KHONG CO,KHONG CO,12842.614992557146,401.11395421951687,11791.344966911453,144.04714326560497,38.90224567466887,16200.902956830267,,,0.006449793921935913,,(rong — xem NOTES_run_incidents.md muc 3: 0d964d8),8ad0cbcd3f4f0046284bca9a6a76b8cefa67495434d85b8ec6ef43e9f7e1d8cd,audits/final_run/logs/flat_sweep/sweep_seed42_exp.json,KHONG CO (che do lay mau v1)
42,exp,rl_learned,1,43,370.444744362649,956.0545318773796,0.3874724003820328,0,,0.10833333333333334,,KHONG CO,KHONG CO,10380.80615593408,414.33142037012857,9602.56703843992,144.70557090640068,14.123699992172469,15749.346864776471,,,0.005526955200409236,,(rong — xem NOTES_run_incidents.md muc 3: 0d964d8),8ad0cbcd3f4f0046284bca9a6a76b8cefa67495434d85b8ec6ef43e9f7e1d8cd,audits/final_run/logs/flat_sweep/sweep_seed42_exp.json,KHONG CO (che do lay mau v1)
42,exp,rl_learned,2,44,309.5983096944062,963.4315145302905,0.3213495770328285,0,,0.03333333333333333,,KHONG CO,KHONG CO,9576.549898084317,335.724700330486,8197.247359613622,151.93783678114414,31.854341219408127,16125.915784658639,,,0.008783914327046971,,(rong — xem NOTES_run_incidents.md muc 3: 0d964d8),8ad0cbcd3f4f0046284bca9a6a76b8cefa67495434d85b8ec6ef43e9f7e1d8cd,audits/final_run/logs/flat_sweep/sweep_seed42_exp.json,KHONG CO (che do lay mau v1)
42,exp,rl_learned,3,45,379.74268486747894,944.6259767050518,0.4020032205678471,0,,0.0625,,KHONG CO,KHONG CO,10297.15873510088,376.8542384278686,9131.229855403713,145.77192798256874,36.14237458798974,16148.76263901258,,,0.005469141354345412,,(rong — xem NOTES_run_incidents.md muc 3: 0d964d8),8ad0cbcd3f4f0046284bca9a6a76b8cefa67495434d85b8ec6ef43e9f7e1d8cd,audits/final_run/logs/flat_sweep/sweep_seed42_exp.json,KHONG CO (che do lay mau v1)
42,exp,rl_learned,4,46,360.1449715073415,852.4837968977464,0.4224654742036582,0,,0.11666666666666667,,KHONG CO,KHONG CO,10763.976962667988,527.6935014687331,9752.5617327612,142.45226633548737,58.52188394591815,16183.469909792284,,,0.007459049533016392,,(rong — xem NOTES_run_incidents.md muc 3: 0d964d8),8ad0cbcd3f4f0046284bca9a6a76b8cefa67495434d85b8ec6ef43e9f7e1d8cd,audits/final_run/logs/flat_sweep/sweep_seed42_exp.json,KHONG CO (che do lay mau v1)
42,exp,rl_learned,5,47,381.3755360072564,907.9410597102459,0.4200443761503263,0,,0.03333333333333333,,KHONG CO,KHONG CO,9117.126137175956,284.50116895416636,7810.47905661759,157.80293208360672,0.0,16148.424662966554,,,0.004937844784525088,,(rong — xem NOTES_run_incidents.md muc 3: 0d964d8),8ad0cbcd3f4f0046284bca9a6a76b8cefa67495434d85b8ec6ef43e9f7e1d8cd,audits/final_run/logs/flat_sweep/sweep_seed42_exp.json,KHONG CO (che do lay mau v1)
42,exp,rl_learned,6,48,357.8366472618563,875.0708667504073,0.4089230493876338,0,,0.04583333333333333,,KHONG CO,KHONG CO,9294.824530890422,337.051197323921,7685.516508816288,152.4312401264906,44.210094222968216,16608.553978621163,,,0.007461737407391306,,(rong — xem NOTES_run_incidents.md muc 3: 0d964d8),8ad0cbcd3f4f0046284bca9a6a76b8cefa67495434d85b8ec6ef43e9f7e1d8cd,audits/final_run/logs/flat_sweep/sweep_seed42_exp.json,KHONG CO (che do lay mau v1)
42,exp,rl_learned,7,49,417.3961646825496,906.8457094140948,0.4602725252482318,0,,0.0875,,KHONG CO,KHONG CO,12153.876185071987,589.9928948342812,11483.321166684074,129.92407697439194,15.586190787420245,15764.379726830208,,,0.004820161487631191,,(rong — xem NOTES_run_incidents.md muc 3: 0d964d8),8ad0cbcd3f4f0046284bca9a6a76b8cefa67495434d85b8ec6ef43e9f7e1d8cd,audits/final_run/logs/flat_sweep/sweep_seed42_exp.json,KHONG CO (che do lay mau v1)
42,exp,rl_learned,8,50,358.99593722301506,883.5799999864798,0.40629703844417964,0,,0.04583333333333333,,KHONG CO,KHONG CO,9953.644668962608,498.92812731226564,8585.13719837532,124.72743625938887,31.26996772153575,16652.702658344402,,,0.007239654321820781,,(rong — xem NOTES_run_incidents.md muc 3: 0d964d8),8ad0cbcd3f4f0046284bca9a6a76b8cefa67495434d85b8ec6ef43e9f7e1d8cd,audits/final_run/logs/flat_sweep/sweep_seed42_exp.json,KHONG CO (che do lay mau v1)
42,exp,rl_learned,9,51,401.1718694305881,836.4704193177921,0.47960078463716094,1,,0.08333333333333333,,KHONG CO,KHONG CO,10427.465660001439,377.09438107170496,9648.035825178853,147.9754933565855,35.816660194796455,15671.867209069977,,,0.006099294241690234,,(rong — xem NOTES_run_incidents.md muc 3: 0d964d8),8ad0cbcd3f4f0046284bca9a6a76b8cefa67495434d85b8ec6ef43e9f7e1d8cd,audits/final_run/logs/flat_sweep/sweep_seed42_exp.json,KHONG CO (che do lay mau v1)
42,exp,free_market+rl_aux,0,42,371.88122282441424,844.3533715274726,0.44043315910690883,0,,0.0,,KHONG CO,KHONG CO,0.0,0.0,0.0,140.4810404777527,2.6304894760251045,14695.596341130133,,,0.004076601181509395,,(rong — xem NOTES_run_incidents.md muc 3: 0d964d8),8ad0cbcd3f4f0046284bca9a6a76b8cefa67495434d85b8ec6ef43e9f7e1d8cd,audits/final_run/logs/flat_sweep/sweep_seed42_exp.json,KHONG CO (che do lay mau v1)
42,exp,free_market+rl_aux,1,43,410.68691469656306,889.8346708334723,0.46153170713374114,0,,0.0,,KHONG CO,KHONG CO,0.0,0.0,0.0,140.48104047775269,2.6304894760251045,14794.39556691342,,,0.004146342858689911,,(rong — xem NOTES_run_incidents.md muc 3: 0d964d8),8ad0cbcd3f4f0046284bca9a6a76b8cefa67495434d85b8ec6ef43e9f7e1d8cd,audits/final_run/logs/flat_sweep/sweep_seed42_exp.json,KHONG CO (che do lay mau v1)
42,exp,free_market+rl_aux,2,44,326.6470281986625,915.8125219500467,0.35667455987949415,0,,0.0,,KHONG CO,KHONG CO,0.0,0.0,0.0,145.74907949566847,2.6304894760251045,14627.78687263044,,,0.005307138286671973,,(rong — xem NOTES_run_incidents.md muc 3: 0d964d8),8ad0cbcd3f4f0046284bca9a6a76b8cefa67495434d85b8ec6ef43e9f7e1d8cd,audits/final_run/logs/flat_sweep/sweep_seed42_exp.json,KHONG CO (che do lay mau v1)
42,exp,free_market+rl_aux,3,45,401.49643478383274,887.3767585290304,0.45245317834262144,0,,0.0,,KHONG CO,KHONG CO,0.0,0.0,0.0,145.7490794956684,0.0,14628.22527029825,,,0.004495330711457942,,(rong — xem NOTES_run_incidents.md muc 3: 0d964d8),8ad0cbcd3f4f0046284bca9a6a76b8cefa67495434d85b8ec6ef43e9f7e1d8cd,audits/final_run/logs/flat_sweep/sweep_seed42_exp.json,KHONG CO (che do lay mau v1)
42,exp,free_market+rl_aux,4,46,309.83984639799735,814.5509406561075,0.3803811780616525,0,,0.008333333333333333,,KHONG CO,KHONG CO,0.0,0.0,0.0,140.48104047775269,0.0,14704.643635749464,,,0.004315817943803262,,(rong — xem NOTES_run_incidents.md muc 3: 0d964d8),8ad0cbcd3f4f0046284bca9a6a76b8cefa67495434d85b8ec6ef43e9f7e1d8cd,audits/final_run/logs/flat_sweep/sweep_seed42_exp.json,KHONG CO (che do lay mau v1)
42,exp,free_market+rl_aux,5,47,349.57946454878,863.5933680250206,0.4047963746505424,0,,0.0,,KHONG CO,KHONG CO,0.0,0.0,0.0,140.48104047775269,25.166108309180547,14724.759500148035,,,0.006126792770789842,,(rong — xem NOTES_run_incidents.md muc 3: 0d964d8),8ad0cbcd3f4f0046284bca9a6a76b8cefa67495434d85b8ec6ef43e9f7e1d8cd,audits/final_run/logs/flat_sweep/sweep_seed42_exp.json,KHONG CO (che do lay mau v1)
42,exp,free_market+rl_aux,6,48,312.90377068020786,830.4816686517489,0.3767738440129492,0,,0.0,,KHONG CO,KHONG CO,0.0,0.0,0.0,140.48104047775269,0.0,14682.570322420926,,,0.003690913492223853,,(rong — xem NOTES_run_incidents.md muc 3: 0d964d8),8ad0cbcd3f4f0046284bca9a6a76b8cefa67495434d85b8ec6ef43e9f7e1d8cd,audits/final_run/logs/flat_sweep/sweep_seed42_exp.json,KHONG CO (che do lay mau v1)
42,exp,free_market+rl_aux,7,49,399.42443392600836,863.7377623230963,0.46243715552243814,0,,0.0,,KHONG CO,KHONG CO,0.0,0.0,0.0,141.06637814641,4.699615484091248,14736.276015921709,,,0.004991409340139091,,(rong — xem NOTES_run_incidents.md muc 3: 0d964d8),8ad0cbcd3f4f0046284bca9a6a76b8cefa67495434d85b8ec6ef43e9f7e1d8cd,audits/final_run/logs/flat_sweep/sweep_seed42_exp.json,KHONG CO (che do lay mau v1)
42,exp,free_market+rl_aux,8,50,364.3426126589968,850.5722260276132,0.4283499995768363,0,,0.0,,KHONG CO,KHONG CO,0.0,0.0,0.0,140.48104047775263,2.6304894760251045,14756.351300919672,,,0.003321179459997101,,(rong — xem NOTES_run_incidents.md muc 3: 0d964d8),8ad0cbcd3f4f0046284bca9a6a76b8cefa67495434d85b8ec6ef43e9f7e1d8cd,audits/final_run/logs/flat_sweep/sweep_seed42_exp.json,KHONG CO (che do lay mau v1)
42,exp,free_market+rl_aux,9,51,342.16733731192386,797.2466309898962,0.42918630698642646,0,,0.0,,KHONG CO,KHONG CO,0.0,0.0,0.0,140.48104047775269,12.826310191970862,14744.445827171738,,,0.0038753758273359826,,(rong — xem NOTES_run_incidents.md muc 3: 0d964d8),8ad0cbcd3f4f0046284bca9a6a76b8cefa67495434d85b8ec6ef43e9f7e1d8cd,audits/final_run/logs/flat_sweep/sweep_seed42_exp.json,KHONG CO (che do lay mau v1)
42,exp,rl_mean_fixed,0,42,338.71210001410725,872.2951413671701,0.3882998814864832,0,,0.2375,,KHONG CO,KHONG CO,10080.257903335596,522.2646871249029,8984.531758462439,150.43178084492683,94.6825687406029,16246.158241493797,,,0.006901206083944487,,(rong — xem NOTES_run_incidents.md muc 3: 0d964d8),8ad0cbcd3f4f0046284bca9a6a76b8cefa67495434d85b8ec6ef43e9f7e1d8cd,audits/final_run/logs/flat_sweep/sweep_seed42_exp.json,KHONG CO (che do lay mau v1)
42,exp,rl_mean_fixed,1,43,419.66086818169754,969.1377648518388,0.43302498716047355,0,,0.24166666666666667,,KHONG CO,KHONG CO,10015.239667103588,619.0482864534218,9011.611604076263,145.7490794956684,10.555988730562198,16251.850326586085,,,0.0060890113421454535,,(rong — xem NOTES_run_incidents.md muc 3: 0d964d8),8ad0cbcd3f4f0046284bca9a6a76b8cefa67495434d85b8ec6ef43e9f7e1d8cd,audits/final_run/logs/flat_sweep/sweep_seed42_exp.json,KHONG CO (che do lay mau v1)
42,exp,rl_mean_fixed,2,44,300.44157468661615,910.8976061367678,0.3298302385059798,0,,0.3,,KHONG CO,KHONG CO,10078.6959129565,254.58817283307187,8756.648772597007,145.7490794956684,2.403626867829828,16145.054342949892,,,0.006342868220496856,,(rong — xem NOTES_run_incidents.md muc 3: 0d964d8),8ad0cbcd3f4f0046284bca9a6a76b8cefa67495434d85b8ec6ef43e9f7e1d8cd,audits/final_run/logs/flat_sweep/sweep_seed42_exp.json,KHONG CO (che do lay mau v1)
42,exp,rl_mean_fixed,3,45,419.29980235720615,958.7234497048689,0.4373521921115858,0,,0.24583333333333332,,KHONG CO,KHONG CO,10363.169514993524,379.1222011043699,9103.253555034426,140.48104047775269,17.557715325831204,16061.399796567604,,,0.004350793848136377,,(rong — xem NOTES_run_incidents.md muc 3: 0d964d8),8ad0cbcd3f4f0046284bca9a6a76b8cefa67495434d85b8ec6ef43e9f7e1d8cd,audits/final_run/logs/flat_sweep/sweep_seed42_exp.json,KHONG CO (che do lay mau v1)
42,exp,rl_mean_fixed,4,46,297.6806914925488,844.5255224568562,0.35248276526510336,0,,0.2125,,KHONG CO,KHONG CO,9705.112923987039,355.92763159995957,8525.796246991064,140.48104047775269,17.478868559615815,16173.662340623496,,,0.003630621614530014,,(rong — xem NOTES_run_incidents.md muc 3: 0d964d8),8ad0cbcd3f4f0046284bca9a6a76b8cefa67495434d85b8ec6ef43e9f7e1d8cd,audits/final_run/logs/flat_sweep/sweep_seed42_exp.json,KHONG CO (che do lay mau v1)
42,exp,rl_mean_fixed,5,47,395.84510866382686,873.3916279673904,0.4532275052659498,0,,0.3875,,KHONG CO,KHONG CO,10516.18411220423,280.0356614943377,9148.978698173736,155.69981986284256,37.545005223366104,16201.366441569307,,,0.008471234672142258,,(rong — xem NOTES_run_incidents.md muc 3: 0d964d8),8ad0cbcd3f4f0046284bca9a6a76b8cefa67495434d85b8ec6ef43e9f7e1d8cd,audits/final_run/logs/flat_sweep/sweep_seed42_exp.json,KHONG CO (che do lay mau v1)
42,exp,rl_mean_fixed,6,48,366.0451052752713,874.0945605515318,0.4187706019407168,0,,0.32083333333333336,,KHONG CO,KHONG CO,10568.676257268278,329.135178153631,9234.836375898569,148.09043017029762,111.49368428574822,16215.430963206254,,,0.007354019369286987,,(rong — xem NOTES_run_incidents.md muc 3: 0d964d8),8ad0cbcd3f4f0046284bca9a6a76b8cefa67495434d85b8ec6ef43e9f7e1d8cd,audits/final_run/logs/flat_sweep/sweep_seed42_exp.json,KHONG CO (che do lay mau v1)
42,exp,rl_mean_fixed,7,49,370.0168903670902,913.6094737512087,0.4050055313544746,0,,0.20416666666666666,,KHONG CO,KHONG CO,10434.684556277734,553.8605982907336,9312.0454990482,146.3344171643257,63.23623957817845,16190.867592373228,,,0.007471843365295294,,(rong — xem NOTES_run_incidents.md muc 3: 0d964d8),8ad0cbcd3f4f0046284bca9a6a76b8cefa67495434d85b8ec6ef43e9f7e1d8cd,audits/final_run/logs/flat_sweep/sweep_seed42_exp.json,KHONG CO (che do lay mau v1)
42,exp,rl_mean_fixed,8,50,347.58203480475225,880.236591521926,0.3948734217056168,0,,0.175,,KHONG CO,KHONG CO,10258.529915931833,319.3673198317827,8964.082766572035,140.48104047775269,0.0,16303.135895514055,,,0.0030696875957546017,,(rong — xem NOTES_run_incidents.md muc 3: 0d964d8),8ad0cbcd3f4f0046284bca9a6a76b8cefa67495434d85b8ec6ef43e9f7e1d8cd,audits/final_run/logs/flat_sweep/sweep_seed42_exp.json,KHONG CO (che do lay mau v1)
42,exp,rl_mean_fixed,9,51,392.29163221568035,850.390903395176,0.46130741832898314,0,,0.3125,,KHONG CO,KHONG CO,10259.140078269053,293.9846100835358,8943.079708843365,149.84644317626953,49.50975669139493,16045.215999687714,,,0.0063071718737173895,,(rong — xem NOTES_run_incidents.md muc 3: 0d964d8),8ad0cbcd3f4f0046284bca9a6a76b8cefa67495434d85b8ec6ef43e9f7e1d8cd,audits/final_run/logs/flat_sweep/sweep_seed42_exp.json,KHONG CO (che do lay mau v1)
42,exp,flat_pit0.10_cit0,0,42,306.9831311916774,862.7562564904581,0.3558167545958243,0,,0.7083333333333334,,KHONG CO,KHONG CO,7137.70870390174,359.24970288643556,6327.295589927381,140.48104047775269,4.856994212430777,15714.296646354314,,,0.005029841822060868,,(rong — xem NOTES_run_incidents.md muc 3: 0d964d8),8ad0cbcd3f4f0046284bca9a6a76b8cefa67495434d85b8ec6ef43e9f7e1d8cd,audits/final_run/logs/flat_sweep/sweep_seed42_exp.json,KHONG CO (che do lay mau v1)
42,exp,flat_pit0.10_cit0,1,43,252.7467371757283,918.8156698409103,0.2750788275296725,0,,0.8166666666666667,,KHONG CO,KHONG CO,6057.96621845118,274.7128425903191,5351.01750308658,143.99306648969656,5.260978952050209,15715.328757400262,,,0.004796423267066825,,(rong — xem NOTES_run_incidents.md muc 3: 0d964d8),8ad0cbcd3f4f0046284bca9a6a76b8cefa67495434d85b8ec6ef43e9f7e1d8cd,audits/final_run/logs/flat_sweep/sweep_seed42_exp.json,KHONG CO (che do lay mau v1)
42,exp,flat_pit0.10_cit0,2,44,194.3583014784196,917.7087789379447,0.21178646858249361,0,,0.9041666666666667,,KHONG CO,KHONG CO,6400.28992563474,296.89599282129626,5652.042930321932,150.43178084492683,35.97355620890317,15764.90826012612,,,0.007432567008318445,,(rong — xem NOTES_run_incidents.md muc 3: 0d964d8),8ad0cbcd3f4f0046284bca9a6a76b8cefa67495434d85b8ec6ef43e9f7e1d8cd,audits/final_run/logs/flat_sweep/sweep_seed42_exp.json,KHONG CO (che do lay mau v1)
42,exp,flat_pit0.10_cit0,3,45,271.6066509969534,889.8671665046617,0.3052215670163515,0,,0.875,,KHONG CO,KHONG CO,6601.828568074186,322.8568679143997,5842.423723609815,140.48104047775269,26.265189585811022,15747.77368375853,,,0.005231308766379127,,(rong — xem NOTES_run_incidents.md muc 3: 0d964d8),8ad0cbcd3f4f0046284bca9a6a76b8cefa67495434d85b8ec6ef43e9f7e1d8cd,audits/final_run/logs/flat_sweep/sweep_seed42_exp.json,KHONG CO (che do lay mau v1)
42,exp,flat_pit0.10_cit0,4,46,229.60174311542823,831.2740401089106,0.2762046353394443,0,,0.8416666666666667,,KHONG CO,KHONG CO,7052.902070926797,310.06980254981,6219.357705038682,145.16374182701114,48.195324058201905,15796.796282926558,,,0.005599004451199461,,(rong — xem NOTES_run_incidents.md muc 3: 0d964d8),8ad0cbcd3f4f0046284bca9a6a76b8cefa67495434d85b8ec6ef43e9f7e1d8cd,audits/final_run/logs/flat_sweep/sweep_seed42_exp.json,KHONG CO (che do lay mau v1)
42,exp,flat_pit0.10_cit0,5,47,175.05890556535738,862.6212162158887,0.20293832597034722,0,,0.7708333333333334,,KHONG CO,KHONG CO,5716.0346615943345,262.9522713485671,5054.435835174273,145.7490794956684,3.572117354967256,15753.469326336748,,,0.004888800100239538,,(rong — xem NOTES_run_incidents.md muc 3: 0d964d8),8ad0cbcd3f4f0046284bca9a6a76b8cefa67495434d85b8ec6ef43e9f7e1d8cd,audits/final_run/logs/flat_sweep/sweep_seed42_exp.json,KHONG CO (che do lay mau v1)
42,exp,flat_pit0.10_cit0,6,48,206.7016247913009,829.3589292475798,0.24923060149461107,0,,0.9333333333333333,,KHONG CO,KHONG CO,6316.119334538306,266.61023504935434,5568.513423551804,145.7490794956684,6.525820374694579,15713.90404260254,,,0.005930617293925328,,(rong — xem NOTES_run_incidents.md muc 3: 0d964d8),8ad0cbcd3f4f0046284bca9a6a76b8cefa67495434d85b8ec6ef43e9f7e1d8cd,audits/final_run/logs/flat_sweep/sweep_seed42_exp.json,KHONG CO (che do lay mau v1)
42,exp,flat_pit0.10_cit0,7,49,285.03674686819545,880.8784952478497,0.32358236511154204,0,,0.5666666666666667,,KHONG CO,KHONG CO,6405.585929596345,317.6561072431885,5687.216057125154,140.4810404777527,2.6304894760251045,15633.614338686828,,,0.0040900462222389355,,(rong — xem NOTES_run_incidents.md muc 3: 0d964d8),8ad0cbcd3f4f0046284bca9a6a76b8cefa67495434d85b8ec6ef43e9f7e1d8cd,audits/final_run/logs/flat_sweep/sweep_seed42_exp.json,KHONG CO (che do lay mau v1)
42,exp,flat_pit0.10_cit0,8,50,287.07806237028063,860.3007933898148,0.3336949873533377,0,,0.8083333333333333,,KHONG CO,KHONG CO,6844.752621784054,319.5695052227712,6048.833725735896,151.01711851358414,38.24523866676359,15727.545578180101,,,0.007107475594875582,,(rong — xem NOTES_run_incidents.md muc 3: 0d964d8),8ad0cbcd3f4f0046284bca9a6a76b8cefa67495434d85b8ec6ef43e9f7e1d8cd,audits/final_run/logs/flat_sweep/sweep_seed42_exp.json,KHONG CO (che do lay mau v1)
42,exp,flat_pit0.10_cit0,9,51,201.40844404896615,802.8837091498258,0.25085630926829705,0,,0.7416666666666667,,KHONG CO,KHONG CO,6710.704357666533,324.03688773374176,5952.31992799366,140.48104047775269,4.16132244617441,15710.189845548555,,,0.0033382422800889776,,(rong — xem NOTES_run_incidents.md muc 3: 0d964d8),8ad0cbcd3f4f0046284bca9a6a76b8cefa67495434d85b8ec6ef43e9f7e1d8cd,audits/final_run/logs/flat_sweep/sweep_seed42_exp.json,KHONG CO (che do lay mau v1)
42,exp,flat_pit0.20_cit0,0,42,174.69816267473516,850.6251515301467,0.20537620167999904,0,,0.9458333333333333,,KHONG CO,KHONG CO,13450.108078677153,691.1342328516319,11955.303117898951,140.48104047775269,21.880625516117814,16770.06038131604,,,0.00586811762638849,,(rong — xem NOTES_run_incidents.md muc 3: 0d964d8),8ad0cbcd3f4f0046284bca9a6a76b8cefa67495434d85b8ec6ef43e9f7e1d8cd,audits/final_run/logs/flat_sweep/sweep_seed42_exp.json,KHONG CO (che do lay mau v1)
42,exp,flat_pit0.20_cit0,1,43,209.57292298350285,946.0708502201879,0.22151926881028727,1,,0.9375,,KHONG CO,KHONG CO,12992.805335244277,592.9610608746527,11466.621613311465,143.9930664896965,50.82252330661497,16629.605735732282,,,0.005241150029830231,,(rong — xem NOTES_run_incidents.md muc 3: 0d964d8),8ad0cbcd3f4f0046284bca9a6a76b8cefa67495434d85b8ec6ef43e9f7e1d8cd,audits/final_run/logs/flat_sweep/sweep_seed42_exp.json,KHONG CO (che do lay mau v1)
42,exp,flat_pit0.20_cit0,2,44,193.93872324031128,925.142727332981,0.2096311385372952,1,,0.9125,,KHONG CO,KHONG CO,12981.809273674571,595.2550328746216,11473.889036851238,150.43178084492683,30.39608913019914,16649.02583671695,,,0.00772227695455745,,(rong — xem NOTES_run_incidents.md muc 3: 0d964d8),8ad0cbcd3f4f0046284bca9a6a76b8cefa67495434d85b8ec6ef43e9f7e1d8cd,audits/final_run/logs/flat_sweep/sweep_seed42_exp.json,KHONG CO (che do lay mau v1)
42,exp,flat_pit0.20_cit0,3,45,196.6447865279805,917.4083668674284,0.21434815032202226,0,,0.9416666666666667,,KHONG CO,KHONG CO,13699.439919463148,655.4585892040892,12108.896494582874,149.84644317626953,68.6819731853148,16692.363430412053,,,0.007229677679401148,,(rong — xem NOTES_run_incidents.md muc 3: 0d964d8),8ad0cbcd3f4f0046284bca9a6a76b8cefa67495434d85b8ec6ef43e9f7e1d8cd,audits/final_run/logs/flat_sweep/sweep_seed42_exp.json,KHONG CO (che do lay mau v1)
42,exp,flat_pit0.20_cit0,4,46,187.73982161914714,822.4192085297283,0.22827752522314881,0,,0.95,,KHONG CO,KHONG CO,14083.71815556436,695.9364396158489,12482.914470681975,145.7490794956684,38.025526114652656,16738.740524585177,,,0.006939100895587765,,(rong — xem NOTES_run_incidents.md muc 3: 0d964d8),8ad0cbcd3f4f0046284bca9a6a76b8cefa67495434d85b8ec6ef43e9f7e1d8cd,audits/final_run/logs/flat_sweep/sweep_seed42_exp.json,KHONG CO (che do lay mau v1)
42,exp,flat_pit0.20_cit0,5,47,204.04594477420275,857.8784394264898,0.23784948472491263,0,,0.9416666666666667,,KHONG CO,KHONG CO,13736.713538581815,681.2634529561374,12169.632305642179,140.48104047775266,9.248570206901718,16688.700787961126,,,0.0037808851691019793,,(rong — xem NOTES_run_incidents.md muc 3: 0d964d8),8ad0cbcd3f4f0046284bca9a6a76b8cefa67495434d85b8ec6ef43e9f7e1d8cd,audits/final_run/logs/flat_sweep/sweep_seed42_exp.json,KHONG CO (che do lay mau v1)
42,exp,flat_pit0.20_cit0,6,48,224.20976907968904,846.3162237934091,0.2649243424339931,1,,0.9416666666666667,,KHONG CO,KHONG CO,14640.006077637468,735.9738274484137,13010.254394012278,143.4077288210392,13.323457785960935,16675.403277915204,,,0.006673601303702004,,(rong — xem NOTES_run_incidents.md muc 3: 0d964d8),8ad0cbcd3f4f0046284bca9a6a76b8cefa67495434d85b8ec6ef43e9f7e1d8cd,audits/final_run/logs/flat_sweep/sweep_seed42_exp.json,KHONG CO (che do lay mau v1)
42,exp,flat_pit0.20_cit0,7,49,233.99918504801585,874.4588102366346,0.267593147108546,0,,0.9083333333333333,,KHONG CO,KHONG CO,13185.610982800014,673.0560028965076,11707.196541282246,141.06637814641,7.891468428075314,16681.903564674772,,,0.004877980565819011,,(rong — xem NOTES_run_incidents.md muc 3: 0d964d8),8ad0cbcd3f4f0046284bca9a6a76b8cefa67495434d85b8ec6ef43e9f7e1d8cd,audits/final_run/logs/flat_sweep/sweep_seed42_exp.json,KHONG CO (che do lay mau v1)
42,exp,flat_pit0.20_cit0,8,50,190.19230703456847,859.0075898159135,0.2214093440959316,0,,0.9416666666666667,,KHONG CO,KHONG CO,13519.85262084677,654.2785142522993,11967.84759122596,140.48104047775269,17.30591020416056,16713.910479948474,,,0.005365222049835683,,(rong — xem NOTES_run_incidents.md muc 3: 0d964d8),8ad0cbcd3f4f0046284bca9a6a76b8cefa67495434d85b8ec6ef43e9f7e1d8cd,audits/final_run/logs/flat_sweep/sweep_seed42_exp.json,KHONG CO (che do lay mau v1)
42,exp,flat_pit0.20_cit0,9,51,215.7319792694267,791.8800148568442,0.27243013489666945,0,,0.9416666666666667,,KHONG CO,KHONG CO,14650.799662785534,815.307321476,13088.074619280307,140.48104047775269,30.607178243259884,16618.858797115245,,,0.005237290327840401,,(rong — xem NOTES_run_incidents.md muc 3: 0d964d8),8ad0cbcd3f4f0046284bca9a6a76b8cefa67495434d85b8ec6ef43e9f7e1d8cd,audits/final_run/logs/flat_sweep/sweep_seed42_exp.json,KHONG CO (che do lay mau v1)
42,exp,flat_pit0.30_cit0,0,42,137.08122421330538,839.6708326366646,0.1632559080120174,9,,0.95,,KHONG CO,KHONG CO,19300.833438210615,1004.0839808694485,17154.47299604049,171.50393691658974,129.87553099889368,17681.913550468296,,,0.013143102014744664,,(rong — xem NOTES_run_incidents.md muc 3: 0d964d8),8ad0cbcd3f4f0046284bca9a6a76b8cefa67495434d85b8ec6ef43e9f7e1d8cd,audits/final_run/logs/flat_sweep/sweep_seed42_exp.json,KHONG CO (che do lay mau v1)
42,exp,flat_pit0.30_cit0,1,43,237.8261510981521,895.4041259451028,0.2656076113644502,5,,0.9416666666666667,,KHONG CO,KHONG CO,19009.915177521605,855.4322213813681,16762.566973830755,144.5784041583538,18.289918535448706,17242.818758202273,,,0.00690999378192257,,(rong — xem NOTES_run_incidents.md muc 3: 0d964d8),8ad0cbcd3f4f0046284bca9a6a76b8cefa67495434d85b8ec6ef43e9f7e1d8cd,audits/final_run/logs/flat_sweep/sweep_seed42_exp.json,KHONG CO (che do lay mau v1)
42,exp,flat_pit0.30_cit0,2,44,197.43513758613875,945.9148714111383,0.20872400207811548,11,,0.9416666666666667,,KHONG CO,KHONG CO,18441.175997093796,877.0338614982818,16287.158301655176,183.7960279583931,88.33862505713616,17282.067413277244,,,0.013386727524957204,,(rong — xem NOTES_run_incidents.md muc 3: 0d964d8),8ad0cbcd3f4f0046284bca9a6a76b8cefa67495434d85b8ec6ef43e9f7e1d8cd,audits/final_run/logs/flat_sweep/sweep_seed42_exp.json,KHONG CO (che do lay mau v1)
42,exp,flat_pit0.30_cit0,3,45,206.83209329818604,908.3776952289503,0.22769393654701686,8,,0.95,,KHONG CO,KHONG CO,20073.24149398061,1041.4990651423993,17827.258681834217,148.09043017029762,22.80127540020206,17552.24639730717,,,0.006752192281455411,,(rong — xem NOTES_run_incidents.md muc 3: 0d964d8),8ad0cbcd3f4f0046284bca9a6a76b8cefa67495434d85b8ec6ef43e9f7e1d8cd,audits/final_run/logs/flat_sweep/sweep_seed42_exp.json,KHONG CO (che do lay mau v1)
42,exp,flat_pit0.30_cit0,4,46,208.40523505951012,844.0916461446305,0.24689882432955745,13,,0.95,,KHONG CO,KHONG CO,21444.35534840975,1225.2138999718331,19129.82944797961,160.38252121210098,133.6296924505437,17739.29936863739,,,0.013034255166365426,,(rong — xem NOTES_run_incidents.md muc 3: 0d964d8),8ad0cbcd3f4f0046284bca9a6a76b8cefa67495434d85b8ec6ef43e9f7e1d8cd,audits/final_run/logs/flat_sweep/sweep_seed42_exp.json,KHONG CO (che do lay mau v1)
42,exp,flat_pit0.30_cit0,5,47,153.41382232427065,847.9088970544442,0.18093196433864045,4,,0.9458333333333333,,KHONG CO,KHONG CO,19996.894313932527,925.0977556526627,17659.8275972019,160.96785888075829,85.06188613535681,17700.58157328183,,,0.010915014733194655,,(rong — xem NOTES_run_incidents.md muc 3: 0d964d8),8ad0cbcd3f4f0046284bca9a6a76b8cefa67495434d85b8ec6ef43e9f7e1d8cd,audits/final_run/logs/flat_sweep/sweep_seed42_exp.json,KHONG CO (che do lay mau v1)
42,exp,flat_pit0.30_cit0,6,48,224.79991125683898,852.7420391586292,0.26362006437332586,13,,0.9375,,KHONG CO,KHONG CO,21181.109517993864,1265.812096055289,18942.54593581293,169.16258624196053,90.43557869816196,17704.510125874,,,0.011695454893125713,,(rong — xem NOTES_run_incidents.md muc 3: 0d964d8),8ad0cbcd3f4f0046284bca9a6a76b8cefa67495434d85b8ec6ef43e9f7e1d8cd,audits/final_run/logs/flat_sweep/sweep_seed42_exp.json,KHONG CO (che do lay mau v1)
42,exp,flat_pit0.30_cit0,7,49,151.9424962332088,879.2629595667299,0.17280666105630194,4,,0.9375,,KHONG CO,KHONG CO,19171.415259626287,1047.6497637942907,17084.339158823408,168.57724857330322,64.92487308677235,17632.81213401315,,,0.011005503121080219,,(rong — xem NOTES_run_incidents.md muc 3: 0d964d8),8ad0cbcd3f4f0046284bca9a6a76b8cefa67495434d85b8ec6ef43e9f7e1d8cd,audits/final_run/logs/flat_sweep/sweep_seed42_exp.json,KHONG CO (che do lay mau v1)
42,exp,flat_pit0.30_cit0,8,50,145.97070280742525,846.0939903374715,0.17252303464441776,5,,0.95,,KHONG CO,KHONG CO,19444.477753850548,1101.9658996923883,17360.792692171108,153.35846918821335,67.01078909664827,17688.799454208038,,,0.008401390390235358,,(rong — xem NOTES_run_incidents.md muc 3: 0d964d8),8ad0cbcd3f4f0046284bca9a6a76b8cefa67495434d85b8ec6ef43e9f7e1d8cd,audits/final_run/logs/flat_sweep/sweep_seed42_exp.json,KHONG CO (che do lay mau v1)
42,exp,flat_pit0.30_cit0,9,51,211.2474453652867,779.227854184005,0.2710984267708213,16,,0.95,,KHONG CO,KHONG CO,21643.158069723162,1314.251796392855,19371.53156743691,215.40426206588745,186.27028207362036,17703.641889170587,,,0.016490826709167333,,(rong — xem NOTES_run_incidents.md muc 3: 0d964d8),8ad0cbcd3f4f0046284bca9a6a76b8cefa67495434d85b8ec6ef43e9f7e1d8cd,audits/final_run/logs/flat_sweep/sweep_seed42_exp.json,KHONG CO (che do lay mau v1)
42,exp,flat_pit0.50_cit0,0,42,121.07174895003229,657.2908506300429,0.18419813516950612,46,,0.9541666666666667,,KHONG CO,KHONG CO,23910.456602378938,1784.544182632314,21732.892940259895,168.57724857330322,110.1289164523873,18223.11470137745,,,0.015309289629020647,,(rong — xem NOTES_run_incidents.md muc 3: 0d964d8),8ad0cbcd3f4f0046284bca9a6a76b8cefa67495434d85b8ec6ef43e9f7e1d8cd,audits/final_run/logs/flat_sweep/sweep_seed42_exp.json,KHONG CO (che do lay mau v1)
42,exp,flat_pit0.50_cit0,1,43,151.29082653625443,813.5735998576141,0.1859583774138348,47,,0.9541666666666667,,KHONG CO,KHONG CO,26211.930405183528,1556.8801841839747,23376.023516449757,158.0411705374718,77.18365387819111,18789.805108931294,,,0.014321602000453867,,(rong — xem NOTES_run_incidents.md muc 3: 0d964d8),8ad0cbcd3f4f0046284bca9a6a76b8cefa67495434d85b8ec6ef43e9f7e1d8cd,audits/final_run/logs/flat_sweep/sweep_seed42_exp.json,KHONG CO (che do lay mau v1)
42,exp,flat_pit0.50_cit0,2,44,196.39466326606538,845.3904461809285,0.2323123760781577,59,,0.95,,KHONG CO,KHONG CO,27596.980246624134,2005.0543158727191,24992.976920565743,155.69981986284256,81.42801571518945,18767.18558236408,,,0.01405791404917092,,(rong — xem NOTES_run_incidents.md muc 3: 0d964d8),8ad0cbcd3f4f0046284bca9a6a76b8cefa67495434d85b8ec6ef43e9f7e1d8cd,audits/final_run/logs/flat_sweep/sweep_seed42_exp.json,KHONG CO (che do lay mau v1)
42,exp,flat_pit0.50_cit0,3,45,202.64988651606762,780.0380898581474,0.2597948602137111,53,,0.9541666666666667,,KHONG CO,KHONG CO,30687.069997186012,2486.0176981704976,27984.585613152143,206.03885936737063,140.4877671722029,19251.97263708925,,,0.02153868832070464,,(rong — xem NOTES_run_incidents.md muc 3: 0d964d8),8ad0cbcd3f4f0046284bca9a6a76b8cefa67495434d85b8ec6ef43e9f7e1d8cd,audits/final_run/logs/flat_sweep/sweep_seed42_exp.json,KHONG CO (che do lay mau v1)
42,exp,flat_pit0.50_cit0,4,46,122.7322245278232,656.7621245001683,0.18687469930034273,43,,0.9583333333333334,,KHONG CO,KHONG CO,26596.313430415525,1949.4790494893043,24122.805177640847,153.35846918821335,119.15773975489202,18718.25097252014,,,0.012431382133900683,,(rong — xem NOTES_run_incidents.md muc 3: 0d964d8),8ad0cbcd3f4f0046284bca9a6a76b8cefa67495434d85b8ec6ef43e9f7e1d8cd,audits/final_run/logs/flat_sweep/sweep_seed42_exp.json,KHONG CO (che do lay mau v1)
42,exp,flat_pit0.50_cit0,5,47,134.25600832449342,722.0162409219624,0.18594596729992974,43,,0.95,,KHONG CO,KHONG CO,26011.90876380379,2032.8839865580217,23679.340527222772,165.6505602300167,110.63738174803254,18773.625196154175,,,0.015325852023175608,,(rong — xem NOTES_run_incidents.md muc 3: 0d964d8),8ad0cbcd3f4f0046284bca9a6a76b8cefa67495434d85b8ec6ef43e9f7e1d8cd,audits/final_run/logs/flat_sweep/sweep_seed42_exp.json,KHONG CO (che do lay mau v1)
42,exp,flat_pit0.50_cit0,6,48,139.41917270893478,696.3308302440483,0.20021973270962523,47,,0.9541666666666667,,KHONG CO,KHONG CO,29009.19308569952,2389.8933599019147,26455.781324405063,152.1877938508988,157.55117541845274,19287.922112352913,,,0.01425031847524865,,(rong — xem NOTES_run_incidents.md muc 3: 0d964d8),8ad0cbcd3f4f0046284bca9a6a76b8cefa67495434d85b8ec6ef43e9f7e1d8cd,audits/final_run/logs/flat_sweep/sweep_seed42_exp.json,KHONG CO (che do lay mau v1)
42,exp,flat_pit0.50_cit0,7,49,163.87643522984465,754.9685298699911,0.21706392882106607,42,,0.9541666666666667,,KHONG CO,KHONG CO,27492.57759929783,1796.6562697154704,24754.183235706514,173.84528759121898,102.70573360655047,18756.540698388144,,,0.015686078840173603,,(rong — xem NOTES_run_incidents.md muc 3: 0d964d8),8ad0cbcd3f4f0046284bca9a6a76b8cefa67495434d85b8ec6ef43e9f7e1d8cd,audits/final_run/logs/flat_sweep/sweep_seed42_exp.json,KHONG CO (che do lay mau v1)
42,exp,flat_pit0.50_cit0,8,50,125.81771697896599,660.031647851504,0.19062376385817315,45,,0.9583333333333334,,KHONG CO,KHONG CO,26189.316062134556,2155.053755424656,23978.95332767059,145.7490794956684,77.43313174830689,18709.30928702203,,,0.011406149799705322,,(rong — xem NOTES_run_incidents.md muc 3: 0d964d8),8ad0cbcd3f4f0046284bca9a6a76b8cefa67495434d85b8ec6ef43e9f7e1d8cd,audits/final_run/logs/flat_sweep/sweep_seed42_exp.json,KHONG CO (che do lay mau v1)
42,exp,flat_pit0.50_cit0,9,51,125.58481838428145,643.1786332310897,0.19525651490222884,48,,0.9583333333333334,,KHONG CO,KHONG CO,27458.449933112006,2623.1300794873555,25439.67583511544,159.79718354344368,131.92822204250518,19216.105729936666,,,0.01965683059925587,,(rong — xem NOTES_run_incidents.md muc 3: 0d964d8),8ad0cbcd3f4f0046284bca9a6a76b8cefa67495434d85b8ec6ef43e9f7e1d8cd,audits/final_run/logs/flat_sweep/sweep_seed42_exp.json,KHONG CO (che do lay mau v1)
42,exp,flat_pit0_cit0.10,0,42,386.01301396547586,858.2808601677053,0.4497513947707632,0,,0.004166666666666667,,KHONG CO,KHONG CO,3058.1927451732818,111.89765470577915,2686.494662905278,143.4077288210392,41.072600512572556,15267.239388516942,,,0.007006560724169262,,(rong — xem NOTES_run_incidents.md muc 3: 0d964d8),8ad0cbcd3f4f0046284bca9a6a76b8cefa67495434d85b8ec6ef43e9f7e1d8cd,audits/final_run/logs/flat_sweep/sweep_seed42_exp.json,KHONG CO (che do lay mau v1)
42,exp,flat_pit0_cit0.10,1,43,414.00089616927977,935.0335401903602,0.44276582429866074,0,,0.0,,KHONG CO,KHONG CO,3004.571410379748,111.15830086071064,2640.3929444872947,140.48104047775269,0.0,15228.910890280435,,,0.004162525233493365,,(rong — xem NOTES_run_incidents.md muc 3: 0d964d8),8ad0cbcd3f4f0046284bca9a6a76b8cefa67495434d85b8ec6ef43e9f7e1d8cd,audits/final_run/logs/flat_sweep/sweep_seed42_exp.json,KHONG CO (che do lay mau v1)
42,exp,flat_pit0_cit0.10,2,44,309.8345657060321,929.0089270425876,0.3335108594622026,0,,0.075,,KHONG CO,KHONG CO,3030.2039908642228,72.4732148988638,2629.3594584624884,151.60245618224144,7.273391714211529,15126.94404373906,,,0.007870183554861618,,(rong — xem NOTES_run_incidents.md muc 3: 0d964d8),8ad0cbcd3f4f0046284bca9a6a76b8cefa67495434d85b8ec6ef43e9f7e1d8cd,audits/final_run/logs/flat_sweep/sweep_seed42_exp.json,KHONG CO (che do lay mau v1)
42,exp,flat_pit0_cit0.10,3,45,336.5690501300228,880.8269236301941,0.3821057702719902,0,,0.004166666666666667,,KHONG CO,KHONG CO,3080.3845291651587,108.74120875673952,2702.6751698874164,145.7490794956684,30.893571952461905,15203.226537639077,,,0.0058022628984649,,(rong — xem NOTES_run_incidents.md muc 3: 0d964d8),8ad0cbcd3f4f0046284bca9a6a76b8cefa67495434d85b8ec6ef43e9f7e1d8cd,audits/final_run/logs/flat_sweep/sweep_seed42_exp.json,KHONG CO (che do lay mau v1)
42,exp,flat_pit0_cit0.10,4,46,349.6334545666757,816.3093497141653,0.4283099963134094,0,,0.008333333333333333,,KHONG CO,KHONG CO,2974.9910989139817,118.25988114653654,2621.290203434974,151.01711851358414,85.90779245451317,15245.603408633637,,,0.007428643182760402,,(rong — xem NOTES_run_incidents.md muc 3: 0d964d8),8ad0cbcd3f4f0046284bca9a6a76b8cefa67495434d85b8ec6ef43e9f7e1d8cd,audits/final_run/logs/flat_sweep/sweep_seed42_exp.json,KHONG CO (che do lay mau v1)
42,exp,flat_pit0_cit0.10,5,47,344.81101011124224,877.6318578585015,0.39288798261336055,0,,0.004166666666666667,,KHONG CO,KHONG CO,3000.207036709956,101.87923948916323,2628.9810342232468,145.7490794956684,10.682822490888558,15070.482596556307,,,0.0053631912754016405,,(rong — xem NOTES_run_incidents.md muc 3: 0d964d8),8ad0cbcd3f4f0046284bca9a6a76b8cefa67495434d85b8ec6ef43e9f7e1d8cd,audits/final_run/logs/flat_sweep/sweep_seed42_exp.json,KHONG CO (che do lay mau v1)
42,exp,flat_pit0_cit0.10,6,48,378.8525107701435,866.862047456638,0.4370389866319466,1,,0.0,,KHONG CO,KHONG CO,3079.7677852099664,123.97830303877645,2715.0361198844485,153.94380685687062,38.51454194447372,15242.428292957804,,,0.007890234401427073,,(rong — xem NOTES_run_incidents.md muc 3: 0d964d8),8ad0cbcd3f4f0046284bca9a6a76b8cefa67495434d85b8ec6ef43e9f7e1d8cd,audits/final_run/logs/flat_sweep/sweep_seed42_exp.json,KHONG CO (che do lay mau v1)
42,exp,flat_pit0_cit0.10,7,49,424.9911904323249,892.2625966685912,0.4763073023783573,0,,0.0,,KHONG CO,KHONG CO,3151.9550456823567,112.3614254207143,2766.4566623615165,140.48104047775269,0.0,15158.789804482765,,,0.003147936581824078,,(rong — xem NOTES_run_incidents.md muc 3: 0d964d8),8ad0cbcd3f4f0046284bca9a6a76b8cefa67495434d85b8ec6ef43e9f7e1d8cd,audits/final_run/logs/flat_sweep/sweep_seed42_exp.json,KHONG CO (che do lay mau v1)
42,exp,flat_pit0_cit0.10,8,50,365.240352596448,850.2681178756454,0.42955903545928986,0,,0.004166666666666667,,KHONG CO,KHONG CO,3065.6957357753076,142.96922526836462,2719.3222184855567,149.26110550761223,56.28240059894231,15196.055787709574,,,0.007052782369982839,,(rong — xem NOTES_run_incidents.md muc 3: 0d964d8),8ad0cbcd3f4f0046284bca9a6a76b8cefa67495434d85b8ec6ef43e9f7e1d8cd,audits/final_run/logs/flat_sweep/sweep_seed42_exp.json,KHONG CO (che do lay mau v1)
42,exp,flat_pit0_cit0.10,9,51,280.9713595317287,816.4512353148399,0.3441373438835946,0,,0.0,,KHONG CO,KHONG CO,3029.0097180854573,92.22730033227948,2643.4113947482083,140.48104047775266,11.581348842421166,15330.451007009417,,,0.0037718110011797173,,(rong — xem NOTES_run_incidents.md muc 3: 0d964d8),8ad0cbcd3f4f0046284bca9a6a76b8cefa67495434d85b8ec6ef43e9f7e1d8cd,audits/final_run/logs/flat_sweep/sweep_seed42_exp.json,KHONG CO (che do lay mau v1)
42,exp,flat_pit0_cit0.20,0,42,307.0862226819638,858.7332009986441,0.35760376136015815,0,,0.0,,KHONG CO,KHONG CO,6670.867161450648,212.55573088102776,5833.434762297922,140.48104047775269,34.70915359264069,15641.455983490407,,,0.004245746235836718,,(rong — xem NOTES_run_incidents.md muc 3: 0d964d8),8ad0cbcd3f4f0046284bca9a6a76b8cefa67495434d85b8ec6ef43e9f7e1d8cd,audits/final_run/logs/flat_sweep/sweep_seed42_exp.json,KHONG CO (che do lay mau v1)
42,exp,flat_pit0_cit0.20,1,43,432.65950341676927,943.4496112110081,0.45859312280749076,3,,0.0,,KHONG CO,KHONG CO,6765.840440212283,228.11137040208945,5927.32554533232,145.1637418270111,14.685401002112805,15727.861961112145,,,0.005595778294782594,,(rong — xem NOTES_run_incidents.md muc 3: 0d964d8),8ad0cbcd3f4f0046284bca9a6a76b8cefa67495434d85b8ec6ef43e9f7e1d8cd,audits/final_run/logs/flat_sweep/sweep_seed42_exp.json,KHONG CO (che do lay mau v1)
42,exp,flat_pit0_cit0.20,2,44,332.1801718006394,987.1393946348328,0.3365078666762368,0,,0.0,,KHONG CO,KHONG CO,6727.48216805127,231.21836093185382,5897.066577211447,140.48104047775269,0.0,15575.409606354599,,,0.004455245357852342,,(rong — xem NOTES_run_incidents.md muc 3: 0d964d8),8ad0cbcd3f4f0046284bca9a6a76b8cefa67495434d85b8ec6ef43e9f7e1d8cd,audits/final_run/logs/flat_sweep/sweep_seed42_exp.json,KHONG CO (che do lay mau v1)
42,exp,flat_pit0_cit0.20,3,45,404.9270562478425,936.1815683458941,0.43253047265531375,0,,0.0,,KHONG CO,KHONG CO,6824.674365553474,269.0296406648654,6011.687474343966,140.48104047775269,30.12821225486026,15795.536615170455,,,0.005317640065537962,,(rong — xem NOTES_run_incidents.md muc 3: 0d964d8),8ad0cbcd3f4f0046284bca9a6a76b8cefa67495434d85b8ec6ef43e9f7e1d8cd,audits/final_run/logs/flat_sweep/sweep_seed42_exp.json,KHONG CO (che do lay mau v1)
42,exp,flat_pit0_cit0.20,4,46,303.03894725138264,838.7837569351155,0.36128375728051243,0,,0.008333333333333333,,KHONG CO,KHONG CO,6780.23400863728,186.78136180369413,5904.224375815305,145.7490794956684,52.07897876698515,15725.82093527694,,,0.006628945193000507,,(rong — xem NOTES_run_incidents.md muc 3: 0d964d8),8ad0cbcd3f4f0046284bca9a6a76b8cefa67495434d85b8ec6ef43e9f7e1d8cd,audits/final_run/logs/flat_sweep/sweep_seed42_exp.json,KHONG CO (che do lay mau v1)
42,exp,flat_pit0_cit0.20,5,47,316.2863645907824,883.7838727219956,0.35787750190172785,0,,0.008333333333333333,,KHONG CO,KHONG CO,6609.460721613533,274.4112103645946,5833.906053558478,146.3344171643257,4.143110926959657,15685.102782174303,,,0.006223013364449804,,(rong — xem NOTES_run_incidents.md muc 3: 0d964d8),8ad0cbcd3f4f0046284bca9a6a76b8cefa67495434d85b8ec6ef43e9f7e1d8cd,audits/final_run/logs/flat_sweep/sweep_seed42_exp.json,KHONG CO (che do lay mau v1)
42,exp,flat_pit0_cit0.20,6,48,385.44919790456447,865.0474572277543,0.44558156281948513,0,,0.0,,KHONG CO,KHONG CO,6957.030587553554,236.75502157239902,6096.685468698771,140.48104047775269,5.845833936565246,15551.452523884898,,,0.004113035684032481,,(rong — xem NOTES_run_incidents.md muc 3: 0d964d8),8ad0cbcd3f4f0046284bca9a6a76b8cefa67495434d85b8ec6ef43e9f7e1d8cd,audits/final_run/logs/flat_sweep/sweep_seed42_exp.json,KHONG CO (che do lay mau v1)
42,exp,flat_pit0_cit0.20,7,49,394.85223870622565,905.6130871199615,0.4360054468315361,0,,0.0,,KHONG CO,KHONG CO,7106.520714365417,203.62927201131785,6195.303504654555,140.48104047775266,27.733567452497383,15753.395014101883,,,0.004560526776544763,,(rong — xem NOTES_run_incidents.md muc 3: 0d964d8),8ad0cbcd3f4f0046284bca9a6a76b8cefa67495434d85b8ec6ef43e9f7e1d8cd,audits/final_run/logs/flat_sweep/sweep_seed42_exp.json,KHONG CO (che do lay mau v1)
42,exp,flat_pit0_cit0.20,8,50,400.9422760097265,851.2761899138131,0.47098965149056926,0,,0.0,,KHONG CO,KHONG CO,6832.476161602398,164.83100918070986,5930.1712986854345,145.74907949566844,51.955462172307605,15680.967983155782,,,0.005080997981461796,,(rong — xem NOTES_run_incidents.md muc 3: 0d964d8),8ad0cbcd3f4f0046284bca9a6a76b8cefa67495434d85b8ec6ef43e9f7e1d8cd,audits/final_run/logs/flat_sweep/sweep_seed42_exp.json,KHONG CO (che do lay mau v1)
42,exp,flat_pit0_cit0.20,9,51,304.3582631978018,799.9884833325478,0.38045330594000926,0,,0.0,,KHONG CO,KHONG CO,6677.4470984539075,207.8990058700936,5835.252631537936,146.3344171643257,26.480105398023664,15775.482664667996,,,0.005922939860869514,,(rong — xem NOTES_run_incidents.md muc 3: 0d964d8),8ad0cbcd3f4f0046284bca9a6a76b8cefa67495434d85b8ec6ef43e9f7e1d8cd,audits/final_run/logs/flat_sweep/sweep_seed42_exp.json,KHONG CO (che do lay mau v1)
42,exp,flat_pit0_cit0.30,0,42,397.2072824206508,879.3433312140467,0.4517089836483493,0,,0.029166666666666667,,KHONG CO,KHONG CO,11608.790140016328,276.1356695955841,10072.181573506017,151.60245618224144,86.40421370196869,16163.59558618828,,,0.007991962680198913,,(rong — xem NOTES_run_incidents.md muc 3: 0d964d8),8ad0cbcd3f4f0046284bca9a6a76b8cefa67495434d85b8ec6ef43e9f7e1d8cd,audits/final_run/logs/flat_sweep/sweep_seed42_exp.json,KHONG CO (che do lay mau v1)
42,exp,flat_pit0_cit0.30,1,43,377.2937479447976,958.7617663875327,0.3935218958160822,0,,0.0,,KHONG CO,KHONG CO,11677.812088303019,347.71656083095303,10191.319819755117,140.48104047775269,2.6304894760251045,16596.611328192816,,,0.003466512992579998,,(rong — xem NOTES_run_incidents.md muc 3: 0d964d8),8ad0cbcd3f4f0046284bca9a6a76b8cefa67495434d85b8ec6ef43e9f7e1d8cd,audits/final_run/logs/flat_sweep/sweep_seed42_exp.json,KHONG CO (che do lay mau v1)
42,exp,flat_pit0_cit0.30,2,44,351.5319265133115,1020.1915288503868,0.3445744417319744,0,,0.0,,KHONG CO,KHONG CO,11722.023201525804,416.98783125878015,10271.223001742068,154.52914452552795,81.03389895960198,16597.9263327617,,,0.008576210176964924,,(rong — xem NOTES_run_incidents.md muc 3: 0d964d8),8ad0cbcd3f4f0046284bca9a6a76b8cefa67495434d85b8ec6ef43e9f7e1d8cd,audits/final_run/logs/flat_sweep/sweep_seed42_exp.json,KHONG CO (che do lay mau v1)
42,exp,flat_pit0_cit0.30,3,45,327.7360078787807,916.5488348312072,0.3575761546182501,0,,0.0375,,KHONG CO,KHONG CO,11562.822296572362,418.5614738594531,10153.7923346528,147.50509250164032,41.397485539250354,16183.228463648453,,,0.007559150789109502,,(rong — xem NOTES_run_incidents.md muc 3: 0d964d8),8ad0cbcd3f4f0046284bca9a6a76b8cefa67495434d85b8ec6ef43e9f7e1d8cd,audits/final_run/logs/flat_sweep/sweep_seed42_exp.json,KHONG CO (che do lay mau v1)
42,exp,flat_pit0_cit0.30,4,46,318.67763439259585,833.175292130705,0.38248569947103406,0,,0.004166666666666667,,KHONG CO,KHONG CO,11347.806419944063,428.39396853721536,9980.011923746484,152.1877938508988,40.202743706939366,16242.532727702948,,,0.007669861139086899,,(rong — xem NOTES_run_incidents.md muc 3: 0d964d8),8ad0cbcd3f4f0046284bca9a6a76b8cefa67495434d85b8ec6ef43e9f7e1d8cd,audits/final_run/logs/flat_sweep/sweep_seed42_exp.json,KHONG CO (che do lay mau v1)
42,exp,flat_pit0_cit0.30,5,47,373.6637021356655,904.2158500145384,0.4132461315842424,0,,0.0,,KHONG CO,KHONG CO,11241.837716697813,489.3468041471932,9941.901044540638,151.01711851358414,25.193483247804092,16158.808656992725,,,0.006719591429093852,,(rong — xem NOTES_run_incidents.md muc 3: 0d964d8),8ad0cbcd3f4f0046284bca9a6a76b8cefa67495434d85b8ec6ef43e9f7e1d8cd,audits/final_run/logs/flat_sweep/sweep_seed42_exp.json,KHONG CO (che do lay mau v1)
42,exp,flat_pit0_cit0.30,6,48,299.7888090455014,879.1315338484312,0.34100563738530076,0,,0.0,,KHONG CO,KHONG CO,11951.931379190224,579.3840061875161,10610.699849104878,153.35846918821335,68.18047719041296,16642.999048670394,,,0.00845137310618124,,(rong — xem NOTES_run_incidents.md muc 3: 0d964d8),8ad0cbcd3f4f0046284bca9a6a76b8cefa67495434d85b8ec6ef43e9f7e1d8cd,audits/final_run/logs/flat_sweep/sweep_seed42_exp.json,KHONG CO (che do lay mau v1)
42,exp,flat_pit0_cit0.30,7,49,296.0743482349427,910.1478659360602,0.32530356804214333,0,,0.0,,KHONG CO,KHONG CO,11630.384865617294,353.209613616201,10155.668879902218,140.48104047775269,23.474605745020675,16308.814984624969,,,0.004511029670684536,,(rong — xem NOTES_run_incidents.md muc 3: 0d964d8),8ad0cbcd3f4f0046284bca9a6a76b8cefa67495434d85b8ec6ef43e9f7e1d8cd,audits/final_run/logs/flat_sweep/sweep_seed42_exp.json,KHONG CO (che do lay mau v1)
42,exp,flat_pit0_cit0.30,8,50,333.63150692905646,877.7692267830195,0.3800902295832349,0,,0.0,,KHONG CO,KHONG CO,11668.029310042213,497.1812676608105,10309.90476084236,145.7490794956684,102.91968650014512,16280.790689250178,,,0.006393363014826046,,(rong — xem NOTES_run_incidents.md muc 3: 0d964d8),8ad0cbcd3f4f0046284bca9a6a76b8cefa67495434d85b8ec6ef43e9f7e1d8cd,audits/final_run/logs/flat_sweep/sweep_seed42_exp.json,KHONG CO (che do lay mau v1)
42,exp,flat_pit0_cit0.30,9,51,308.9127289403633,838.0159479034774,0.3686239262071226,0,,0.0,,KHONG CO,KHONG CO,11569.98489557051,287.5350884784576,10034.909706745048,140.48104047775266,46.53104639907252,16612.263191150694,,,0.005596368453305857,,(rong — xem NOTES_run_incidents.md muc 3: 0d964d8),8ad0cbcd3f4f0046284bca9a6a76b8cefa67495434d85b8ec6ef43e9f7e1d8cd,audits/final_run/logs/flat_sweep/sweep_seed42_exp.json,KHONG CO (che do lay mau v1)
42,exp,flat_pit0_cit0.50,0,42,400.7145286705799,919.0264622734396,0.43602066438795817,0,,0.0,,KHONG CO,KHONG CO,26613.327494084537,1013.8525324455435,23412.89668585025,140.48104047775269,66.37701749375752,18678.05399561867,,,0.005791033986402359,,(rong — xem NOTES_run_incidents.md muc 3: 0d964d8),8ad0cbcd3f4f0046284bca9a6a76b8cefa67495434d85b8ec6ef43e9f7e1d8cd,audits/final_run/logs/flat_sweep/sweep_seed42_exp.json,KHONG CO (che do lay mau v1)
42,exp,flat_pit0_cit0.50,1,43,356.1582161970158,992.8039248293863,0.3587397342916646,0,,0.0,,KHONG CO,KHONG CO,25484.258350530217,750.4795738999952,22217.440889302183,145.7490794956684,40.71370253132259,18675.62492084096,,,0.006194592557990741,,(rong — xem NOTES_run_incidents.md muc 3: 0d964d8),8ad0cbcd3f4f0046284bca9a6a76b8cefa67495434d85b8ec6ef43e9f7e1d8cd,audits/final_run/logs/flat_sweep/sweep_seed42_exp.json,KHONG CO (che do lay mau v1)
42,exp,flat_pit0_cit0.50,2,44,311.86314694816133,1008.8895585228931,0.30911524885316244,0,,0.0,,KHONG CO,KHONG CO,25889.028203201564,715.9160758479416,22546.2563509313,151.60245618224144,129.6409512964932,18563.455376965914,,,0.007886108726372205,,(rong — xem NOTES_run_incidents.md muc 3: 0d964d8),8ad0cbcd3f4f0046284bca9a6a76b8cefa67495434d85b8ec6ef43e9f7e1d8cd,audits/final_run/logs/flat_sweep/sweep_seed42_exp.json,KHONG CO (che do lay mau v1)
42,exp,flat_pit0_cit0.50,3,45,343.25109530929916,1004.4114016194463,0.34174352735927116,0,,0.0,,KHONG CO,KHONG CO,27031.737503886692,514.1408965801327,23209.423553097877,141.06637814641,53.242026637758066,19093.117886510146,,,0.006530426315138211,,(rong — xem NOTES_run_incidents.md muc 3: 0d964d8),8ad0cbcd3f4f0046284bca9a6a76b8cefa67495434d85b8ec6ef43e9f7e1d8cd,audits/final_run/logs/flat_sweep/sweep_seed42_exp.json,KHONG CO (che do lay mau v1)
42,exp,flat_pit0_cit0.50,4,46,219.70373889445963,831.8537488330954,0.2641134204211435,0,,0.004166666666666667,,KHONG CO,KHONG CO,24131.994098639956,447.52813121483325,20811.70594577735,146.3344171643257,73.99229296188551,18150.83467975195,,,0.007245453514179787,,(rong — xem NOTES_run_incidents.md muc 3: 0d964d8),8ad0cbcd3f4f0046284bca9a6a76b8cefa67495434d85b8ec6ef43e9f7e1d8cd,audits/final_run/logs/flat_sweep/sweep_seed42_exp.json,KHONG CO (che do lay mau v1)
42,exp,flat_pit0_cit0.50,5,47,374.1947312205777,947.7278486662634,0.39483352921113546,0,,0.008333333333333333,,KHONG CO,KHONG CO,26229.760629343917,818.6460860383729,22865.43342412047,141.6517158150673,80.18312270777555,18591.929517877124,,,0.006186002282975574,,(rong — xem NOTES_run_incidents.md muc 3: 0d964d8),8ad0cbcd3f4f0046284bca9a6a76b8cefa67495434d85b8ec6ef43e9f7e1d8cd,audits/final_run/logs/flat_sweep/sweep_seed42_exp.json,KHONG CO (che do lay mau v1)
42,exp,flat_pit0_cit0.50,6,48,311.24722588965324,940.9927736110884,0.33076473551994723,0,,0.0,,KHONG CO,KHONG CO,27674.09200805176,1043.0726893595925,24328.719778966562,158.62650820612907,92.45591842719418,19077.63240700016,,,0.009893992425282116,,(rong — xem NOTES_run_incidents.md muc 3: 0d964d8),8ad0cbcd3f4f0046284bca9a6a76b8cefa67495434d85b8ec6ef43e9f7e1d8cd,audits/final_run/logs/flat_sweep/sweep_seed42_exp.json,KHONG CO (che do lay mau v1)
42,exp,flat_pit0_cit0.50,7,49,435.7856298143266,979.8541993720104,0.4447453816023058,0,,0.0,,KHONG CO,KHONG CO,27455.077910773838,958.5248953789967,24076.86144760707,144.5784041583538,69.6513651291345,18657.02032962627,,,0.005909413078826291,,(rong — xem NOTES_run_incidents.md muc 3: 0d964d8),8ad0cbcd3f4f0046284bca9a6a76b8cefa67495434d85b8ec6ef43e9f7e1d8cd,audits/final_run/logs/flat_sweep/sweep_seed42_exp.json,KHONG CO (che do lay mau v1)
42,exp,flat_pit0_cit0.50,8,50,365.52318226580087,968.2448508493445,0.3775111036688332,0,,0.004166666666666667,,KHONG CO,KHONG CO,25264.341178362407,1059.6988406561704,22309.01363167018,166.23589789867404,193.729417385254,16610.435815654262,,,0.009633108207509535,,(rong — xem NOTES_run_incidents.md muc 3: 0d964d8),8ad0cbcd3f4f0046284bca9a6a76b8cefa67495434d85b8ec6ef43e9f7e1d8cd,audits/final_run/logs/flat_sweep/sweep_seed42_exp.json,KHONG CO (che do lay mau v1)
42,exp,flat_pit0_cit0.50,9,51,362.941629934276,880.705609882946,0.41210323388596826,0,,0.0125,,KHONG CO,KHONG CO,25966.90215880566,1169.7142046502463,22978.638784109764,141.06637814641,0.0,18647.503693137223,,,0.004989570444417599,,(rong — xem NOTES_run_incidents.md muc 3: 0d964d8),8ad0cbcd3f4f0046284bca9a6a76b8cefa67495434d85b8ec6ef43e9f7e1d8cd,audits/final_run/logs/flat_sweep/sweep_seed42_exp.json,KHONG CO (che do lay mau v1)
202,det,rl_learned,0,42,399.47748734039203,885.8336994705587,0.4509621699638996,0,53,0.0,0.0,KHONG CO,KHONG CO,20202.32696905933,857.1879577868087,21052.6930390832,71.33788025379184,0.0,14790.948641457499,144.53536605165172,0.0,0.002989940953507959,4.24879688275989,0d964d8,fb47c8da1551968d0622974b615c036abb4ef78b42eb0e25d114d9079f2ae69d,audits/final_run/logs/flat_sweep/sweep_seed202_det.json,audits/paper_extras/v4_runs/v2/bench2_seed202_det.json
202,det,rl_learned,1,43,543.7750132912006,953.0066080709402,0.5705889221396909,0,57,0.004166666666666667,-0.007767714175768159,KHONG CO,KHONG CO,18824.71717971779,879.5982630921753,19695.362246371926,103.05575475096703,0.0,14660.428566528395,245.4688751586697,0.0,0.003147936581824078,3.779423654273679,0d964d8,fb47c8da1551968d0622974b615c036abb4ef78b42eb0e25d114d9079f2ae69d,audits/final_run/logs/flat_sweep/sweep_seed202_det.json,audits/paper_extras/v4_runs/v2/bench2_seed202_det.json
202,det,rl_learned,2,44,412.39626946440626,964.830056480588,0.4274289204553854,0,69,0.0,0.0,KHONG CO,KHONG CO,19698.68928794684,1012.5805120197635,20707.649096517627,86.27028885483742,0.0,14744.929377259241,172.4210373349067,0.0,0.0035888733987109855,3.9296305567022545,0d964d8,fb47c8da1551968d0622974b615c036abb4ef78b42eb0e25d114d9079f2ae69d,audits/final_run/logs/flat_sweep/sweep_seed202_det.json,audits/paper_extras/v4_runs/v2/bench2_seed202_det.json
202,det,rl_learned,3,45,497.04559646251147,915.7100758634832,0.5427979985846662,0,54,0.0,0.0,KHONG CO,KHONG CO,19447.925748310045,925.0884993158401,20364.938343783277,96.09007063508034,0.0,14660.49712357193,251.48870963559563,0.0,0.0030300050560720616,4.101592177686058,0d964d8,fb47c8da1551968d0622974b615c036abb4ef78b42eb0e25d114d9079f2ae69d,audits/final_run/logs/flat_sweep/sweep_seed202_det.json,audits/paper_extras/v4_runs/v2/bench2_seed202_det.json
202,det,rl_learned,4,46,413.80742734367874,851.436984125561,0.486010632681954,0,52,0.016666666666666666,-8.881784197001252e-16,KHONG CO,KHONG CO,18473.356423024332,873.6520537272057,19343.369450853097,99.9546376168728,0.0,14614.619393732793,289.0649945487879,0.0,0.002949487879074302,4.427520004782968,0d964d8,fb47c8da1551968d0622974b615c036abb4ef78b42eb0e25d114d9079f2ae69d,audits/final_run/logs/flat_sweep/sweep_seed202_det.json,audits/paper_extras/v4_runs/v2/bench2_seed202_det.json
202,det,rl_learned,5,47,504.77691703817936,897.8178602403598,0.562226415169601,0,56,0.0,0.0,KHONG CO,KHONG CO,18932.350981122956,1145.1990146010721,20060.57189803925,105.0820603966713,0.0,14597.409073418949,314.48696386915225,0.0,0.0031089957718552297,4.261647168483478,0d964d8,fb47c8da1551968d0622974b615c036abb4ef78b42eb0e25d114d9079f2ae69d,audits/final_run/logs/flat_sweep/sweep_seed202_det.json,audits/paper_extras/v4_runs/v2/bench2_seed202_det.json
202,det,rl_learned,6,48,451.8753686736197,879.6941626766621,0.5136732603734574,0,55,0.004166666666666667,-8.881784197001252e-16,KHONG CO,KHONG CO,20150.81992639105,853.1406733300273,20994.524372102056,90.11109611392021,0.0,14590.165978625195,329.15915287993073,0.0,0.0030696875957546017,4.5155597982900675,0d964d8,fb47c8da1551968d0622974b615c036abb4ef78b42eb0e25d114d9079f2ae69d,audits/final_run/logs/flat_sweep/sweep_seed202_det.json,audits/paper_extras/v4_runs/v2/bench2_seed202_det.json
202,det,rl_learned,7,49,418.53793500662164,919.6676325200181,0.4550969504708664,0,53,0.029166666666666667,-0.022783515387218678,KHONG CO,KHONG CO,21170.9485190059,941.7610730933106,22108.20481914635,66.92197591066363,0.0,14814.673793498416,122.90900354376706,0.0,0.002989940953507959,4.083416977515,0d964d8,fb47c8da1551968d0622974b615c036abb4ef78b42eb0e25d114d9079f2ae69d,audits/final_run/logs/flat_sweep/sweep_seed202_det.json,audits/paper_extras/v4_runs/v2/bench2_seed202_det.json
202,det,rl_learned,8,50,443.3048009106884,870.9736168496133,0.5089761530483095,0,51,0.004166666666666667,-0.03493049042510421,KHONG CO,KHONG CO,19872.42937479766,1038.6042232244272,20906.964550903704,91.18152818083762,0.0,14721.28861229378,191.59890664377278,0.0,0.0029086382058716876,4.266800449754064,0d964d8,fb47c8da1551968d0622974b615c036abb4ef78b42eb0e25d114d9079f2ae69d,audits/final_run/logs/flat_sweep/sweep_seed202_det.json,audits/paper_extras/v4_runs/v2/bench2_seed202_det.json
202,det,rl_learned,9,51,466.642824377166,843.5514939577977,0.5531883088580148,0,53,0.0,8.912826032769772e-11,KHONG CO,KHONG CO,18824.437412726325,872.4760768362336,19681.43187304975,101.83008509874345,0.0,14623.979877977928,289.671653436137,0.0,0.002989940953507959,4.715455414546272,0d964d8,fb47c8da1551968d0622974b615c036abb4ef78b42eb0e25d114d9079f2ae69d,audits/final_run/logs/flat_sweep/sweep_seed202_det.json,audits/paper_extras/v4_runs/v2/bench2_seed202_det.json
202,det,free_market+rl_aux,0,42,299.9956024430525,865.2984249439033,0.3466961152304201,0,47,0.0,0.0,KHONG CO,KHONG CO,0.0,0.0,0.0,91.18358373641968,0.0,14811.456964198003,97.35945206557494,0.0,0.0027411128649022167,2.7402349613554606,0d964d8,fb47c8da1551968d0622974b615c036abb4ef78b42eb0e25d114d9079f2ae69d,audits/final_run/logs/flat_sweep/sweep_seed202_det.json,audits/paper_extras/v4_runs/v2/bench2_seed202_det.json
202,det,free_market+rl_aux,1,43,497.65533656174307,899.1762019706657,0.5534569703591625,0,50,0.0,3.713473972766224e-12,KHONG CO,KHONG CO,0.0,0.0,0.0,91.18358373641968,0.0,14728.77735278754,180.03906347603765,0.0,0.002867384080459147,2.687074713493435,0d964d8,fb47c8da1551968d0622974b615c036abb4ef78b42eb0e25d114d9079f2ae69d,audits/final_run/logs/flat_sweep/sweep_seed202_det.json,audits/paper_extras/v4_runs/v2/bench2_seed202_det.json
202,det,free_market+rl_aux,2,44,362.39712227012245,915.8109079803871,0.3957117338439514,0,65,0.0,1.971312002524428e-12,KHONG CO,KHONG CO,0.0,0.0,0.0,91.18358373641962,0.0,14727.880389819251,180.93602644432724,0.0,0.003447016582803047,2.7719332864259143,0d964d8,fb47c8da1551968d0622974b615c036abb4ef78b42eb0e25d114d9079f2ae69d,audits/final_run/logs/flat_sweep/sweep_seed202_det.json,audits/paper_extras/v4_runs/v2/bench2_seed202_det.json
202,det,free_market+rl_aux,3,45,462.8431640170338,892.7450297483222,0.5184494436754423,0,51,0.0,0.0,KHONG CO,KHONG CO,0.0,0.0,0.0,91.18358373641968,0.0,14706.445252445583,202.3711638180007,0.0,0.0029086382058716876,2.8102839750576125,0d964d8,fb47c8da1551968d0622974b615c036abb4ef78b42eb0e25d114d9079f2ae69d,audits/final_run/logs/flat_sweep/sweep_seed202_det.json,audits/paper_extras/v4_runs/v2/bench2_seed202_det.json
202,det,free_market+rl_aux,4,46,396.75312768673365,811.024104196404,0.48920016758300044,0,46,0.0,0.0,KHONG CO,KHONG CO,0.0,0.0,0.0,91.18358373641968,0.0,14595.096141743534,313.7202745200513,0.0,0.0026981575384417357,3.1328018630969283,0d964d8,fb47c8da1551968d0622974b615c036abb4ef78b42eb0e25d114d9079f2ae69d,audits/final_run/logs/flat_sweep/sweep_seed202_det.json,audits/paper_extras/v4_runs/v2/bench2_seed202_det.json
202,det,free_market+rl_aux,5,47,473.4139831981043,868.8790032717989,0.5448560517810246,0,51,0.0,5.730971253115058e-13,KHONG CO,KHONG CO,0.0,0.0,0.0,91.18358373641968,0.0,14647.079942857521,261.7364734060606,0.0,0.0029086382058716876,2.9026448667878735,0d964d8,fb47c8da1551968d0622974b615c036abb4ef78b42eb0e25d114d9079f2ae69d,audits/final_run/logs/flat_sweep/sweep_seed202_det.json,audits/paper_extras/v4_runs/v2/bench2_seed202_det.json
202,det,free_market+rl_aux,6,48,385.4517171388013,838.8364127377847,0.459507612313548,0,47,0.0,0.0,KHONG CO,KHONG CO,0.0,0.0,0.0,91.18358373641965,0.0,14683.282562473052,225.5338537905253,0.0,0.0027411128649022167,3.016588940505072,0d964d8,fb47c8da1551968d0622974b615c036abb4ef78b42eb0e25d114d9079f2ae69d,audits/final_run/logs/flat_sweep/sweep_seed202_det.json,audits/paper_extras/v4_runs/v2/bench2_seed202_det.json
202,det,free_market+rl_aux,7,49,445.3411707272847,874.5545159029825,0.509220594747564,0,52,0.0,2.946511923340722e-10,KHONG CO,KHONG CO,0.0,0.0,0.0,91.18358373641968,0.0,14796.088210546404,112.72820571717205,0.0,0.0029494878790743023,2.836684948694967,0d964d8,fb47c8da1551968d0622974b615c036abb4ef78b42eb0e25d114d9079f2ae69d,audits/final_run/logs/flat_sweep/sweep_seed202_det.json,audits/paper_extras/v4_runs/v2/bench2_seed202_det.json
202,det,free_market+rl_aux,8,50,463.0314902094167,843.5842483053239,0.5488858891564186,0,48,0.0,0.05966412892622053,KHONG CO,KHONG CO,0.0,0.0,0.0,91.18358373641968,0.0,14717.962398583188,190.85401768039338,0.0,0.002783629871704938,2.9660827814225104,0d964d8,fb47c8da1551968d0622974b615c036abb4ef78b42eb0e25d114d9079f2ae69d,audits/final_run/logs/flat_sweep/sweep_seed202_det.json,audits/paper_extras/v4_runs/v2/bench2_seed202_det.json
202,det,free_market+rl_aux,9,51,397.40064494690625,808.5881781925893,0.4914747156397994,0,53,0.0,1.539923744076077e-11,KHONG CO,KHONG CO,0.0,0.0,0.0,91.18358373641979,0.0,14706.5051388644,202.31127739917906,0.0,0.0029899409535079587,3.2326364229706455,0d964d8,fb47c8da1551968d0622974b615c036abb4ef78b42eb0e25d114d9079f2ae69d,audits/final_run/logs/flat_sweep/sweep_seed202_det.json,audits/paper_extras/v4_runs/v2/bench2_seed202_det.json
202,det,rl_mean_fixed,0,42,416.91820671613,870.3804787496532,0.4790068445871565,0,49,0.1125,-0.0048795137775254314,KHONG CO,KHONG CO,14464.91616116243,472.8764803365463,14572.666760857668,91.18358373641968,0.0,15273.184341950779,0.7579549540970532,0.0,0.00282571741379248,3.908499384606671,0d964d8,fb47c8da1551968d0622974b615c036abb4ef78b42eb0e25d114d9079f2ae69d,audits/final_run/logs/flat_sweep/sweep_seed202_det.json,audits/paper_extras/v4_runs/v2/bench2_seed202_det.json
202,det,rl_mean_fixed,1,43,458.4874861645495,939.6660527094269,0.4879259869424353,0,55,0.2875,-0.025477445418115696,KHONG CO,KHONG CO,14215.422711922889,483.21181565288157,14341.826128229826,91.18358373641968,0.0,15209.260910619132,56.36390499038313,0.0,0.0030696875957546012,3.437670908179537,0d964d8,fb47c8da1551968d0622974b615c036abb4ef78b42eb0e25d114d9079f2ae69d,audits/final_run/logs/flat_sweep/sweep_seed202_det.json,audits/paper_extras/v4_runs/v2/bench2_seed202_det.json
202,det,rl_mean_fixed,2,44,378.2284454902776,921.2025637168638,0.4105811907038157,0,61,0.26666666666666666,-0.02378050511785723,KHONG CO,KHONG CO,14137.368656925866,537.5730882418092,14318.577992344502,91.18358373641968,0.0,15218.981091034258,46.19907805247059,0.0,0.003300159453848173,3.5724784986001636,0d964d8,fb47c8da1551968d0622974b615c036abb4ef78b42eb0e25d114d9079f2ae69d,audits/final_run/logs/flat_sweep/sweep_seed202_det.json,audits/paper_extras/v4_runs/v2/bench2_seed202_det.json
202,det,rl_mean_fixed,3,45,474.01901231567274,935.1886306681956,0.5068699476991978,0,69,0.3458333333333333,-0.028310731705877806,KHONG CO,KHONG CO,14585.00928838795,550.5979475457688,14767.646550897263,91.18358373641968,0.0,15158.097302251565,118.67979904845605,0.0,0.0035888733987109855,3.7415553293942776,0d964d8,fb47c8da1551968d0622974b615c036abb4ef78b42eb0e25d114d9079f2ae69d,audits/final_run/logs/flat_sweep/sweep_seed202_det.json,audits/paper_extras/v4_runs/v2/bench2_seed202_det.json
202,det,rl_mean_fixed,4,46,405.3647669624941,834.8364236852125,0.48556190825155343,0,46,0.3416666666666667,-0.027327207398494528,KHONG CO,KHONG CO,14027.636415620716,536.8149761726417,14210.696797914256,91.18358373641968,0.0,15043.055750504163,219.5152596385289,0.0,0.0026981575384417357,4.143048376643475,0d964d8,fb47c8da1551968d0622974b615c036abb4ef78b42eb0e25d114d9079f2ae69d,audits/final_run/logs/flat_sweep/sweep_seed202_det.json,audits/paper_extras/v4_runs/v2/bench2_seed202_det.json
202,det,rl_mean_fixed,5,47,476.58294758289736,910.7581303295686,0.5232815735726017,0,58,0.35,-0.026570527145317213,KHONG CO,KHONG CO,14292.11646132955,624.733859368579,14554.720871655984,91.18358373641968,0.0,15134.058359504876,136.88750580084417,0.0,0.003186516828737658,3.8107661696541153,0d964d8,fb47c8da1551968d0622974b615c036abb4ef78b42eb0e25d114d9079f2ae69d,audits/final_run/logs/flat_sweep/sweep_seed202_det.json,audits/paper_extras/v4_runs/v2/bench2_seed202_det.json
202,det,rl_mean_fixed,6,48,480.7891315162965,875.6299856858597,0.5490779660083318,0,56,0.3,-0.004877562705448225,KHONG CO,KHONG CO,14755.768705879917,469.10898035882053,14855.46526862154,91.18358373641968,0.0,15017.07468538624,261.1541484945999,0.0,0.00310899577185523,4.118326258069985,0d964d8,fb47c8da1551968d0622974b615c036abb4ef78b42eb0e25d114d9079f2ae69d,audits/final_run/logs/flat_sweep/sweep_seed202_det.json,audits/paper_extras/v4_runs/v2/bench2_seed202_det.json
202,det,rl_mean_fixed,7,49,475.1281505035987,902.9046718081281,0.5262218319815781,0,53,0.20416666666666666,-0.004859132692217799,KHONG CO,KHONG CO,14848.076966613879,494.12365827474963,14969.95228669421,91.18358373641968,0.0,15247.889610178092,33.17514427992157,0.0,0.0029899409535079587,3.8028404236345796,0d964d8,fb47c8da1551968d0622974b615c036abb4ef78b42eb0e25d114d9079f2ae69d,audits/final_run/logs/flat_sweep/sweep_seed202_det.json,audits/paper_extras/v4_runs/v2/bench2_seed202_det.json
202,det,rl_mean_fixed,8,50,478.1963329125724,877.3403662039617,0.5450522412203733,0,56,0.36666666666666664,-0.027312748877190263,KHONG CO,KHONG CO,14480.632802270196,626.113403225617,14740.189640449848,91.18358373641968,0.0,15129.902407947771,145.47057336178997,0.0,0.00310899577185523,3.9441025946025055,0d964d8,fb47c8da1551968d0622974b615c036abb4ef78b42eb0e25d114d9079f2ae69d,audits/final_run/logs/flat_sweep/sweep_seed202_det.json,audits/paper_extras/v4_runs/v2/bench2_seed202_det.json
202,det,rl_mean_fixed,9,51,436.32727715234716,841.0055399409973,0.5188161747221769,0,52,0.2833333333333333,-0.004882013382553272,KHONG CO,KHONG CO,14223.395148615744,527.8281732013982,14392.888360917708,91.18358373641968,0.0,15155.701094215045,111.450282947981,0.0,0.002949487879074302,4.324270241213563,0d964d8,fb47c8da1551968d0622974b615c036abb4ef78b42eb0e25d114d9079f2ae69d,audits/final_run/logs/flat_sweep/sweep_seed202_det.json,audits/paper_extras/v4_runs/v2/bench2_seed202_det.json
202,det,flat_pit0.10_cit0,0,42,305.7601693187403,871.5042744425111,0.35084184700566234,0,54,0.6208333333333333,-0.28566132994218085,KHONG CO,KHONG CO,6344.415753157225,172.26776383590723,6345.955080875352,91.18358373641968,0.0,14790.757695520166,288.7871568612057,0.0,0.003030005056072061,2.8697722093380826,0d964d8,fb47c8da1551968d0622974b615c036abb4ef78b42eb0e25d114d9079f2ae69d,audits/final_run/logs/flat_sweep/sweep_seed202_det.json,audits/paper_extras/v4_runs/v2/bench2_seed202_det.json
202,det,flat_pit0.10_cit0,1,43,367.8836640535182,883.933449149548,0.4161893233110109,0,41,0.625,-0.3044212664066576,KHONG CO,KHONG CO,6099.333644833508,157.02482384730018,6092.930703621707,91.18358373641968,0.0,14745.840801738279,326.40337958438033,0.0,0.0024764761479504228,2.6028525879284734,0d964d8,fb47c8da1551968d0622974b615c036abb4ef78b42eb0e25d114d9079f2ae69d,audits/final_run/logs/flat_sweep/sweep_seed202_det.json,audits/paper_extras/v4_runs/v2/bench2_seed202_det.json
202,det,flat_pit0.10_cit0,2,44,318.34072953174575,951.6442683363656,0.3345165206409102,0,73,0.75,-0.4060061708329757,KHONG CO,KHONG CO,6787.918807669905,167.7925282089519,6770.00493145413,91.18358373641968,0.0,14757.909627915833,336.6131927724788,0.0,0.0037260592268590653,2.7891799762913356,0d964d8,fb47c8da1551968d0622974b615c036abb4ef78b42eb0e25d114d9079f2ae69d,audits/final_run/logs/flat_sweep/sweep_seed202_det.json,audits/paper_extras/v4_runs/v2/bench2_seed202_det.json
202,det,flat_pit0.10_cit0,3,45,369.1268359188155,868.3772470218265,0.4250765864545246,0,50,0.7041666666666667,-0.3459761994634864,KHONG CO,KHONG CO,6511.614049178261,176.55407368077414,6513.803184393823,91.18358373641968,0.0,14718.584806871258,364.5965478575307,0.0,0.0028673840804591465,2.8274985712980247,0d964d8,fb47c8da1551968d0622974b615c036abb4ef78b42eb0e25d114d9079f2ae69d,audits/final_run/logs/flat_sweep/sweep_seed202_det.json,audits/paper_extras/v4_runs/v2/bench2_seed202_det.json
202,det,flat_pit0.10_cit0,4,46,327.91128903677895,822.6721604014584,0.3985929083545996,0,50,0.7875,-0.866838146908766,KHONG CO,KHONG CO,7072.110683493364,203.95511133611456,7059.838166962786,91.18358373641968,0.0,15107.18385103089,17.86019309938533,0.0,0.0028673840804591465,3.1321507701416946,0d964d8,fb47c8da1551968d0622974b615c036abb4ef78b42eb0e25d114d9079f2ae69d,audits/final_run/logs/flat_sweep/sweep_seed202_det.json,audits/paper_extras/v4_runs/v2/bench2_seed202_det.json
202,det,flat_pit0.10_cit0,5,47,368.2072954606934,890.0585095683294,0.4136888659592398,0,56,0.8708333333333333,-0.7307820517461526,KHONG CO,KHONG CO,6797.919956580453,194.6223055856553,6810.032851001741,91.18358373641968,0.0,14677.63966107174,413.6861663562177,0.0,0.00310899577185523,2.8748130413045345,0d964d8,fb47c8da1551968d0622974b615c036abb4ef78b42eb0e25d114d9079f2ae69d,audits/final_run/logs/flat_sweep/sweep_seed202_det.json,audits/paper_extras/v4_runs/v2/bench2_seed202_det.json
202,det,flat_pit0.10_cit0,6,48,361.1710819123179,863.8457226585815,0.41809674162739807,0,54,0.6958333333333333,-0.35844990026651374,KHONG CO,KHONG CO,7053.784214342428,202.45494206596584,7067.675641761687,91.18358373641968,0.0,14706.145525476213,391.23440543410385,0.0,0.0030300050560720616,3.0909667621473904,0d964d8,fb47c8da1551968d0622974b615c036abb4ef78b42eb0e25d114d9079f2ae69d,audits/final_run/logs/flat_sweep/sweep_seed202_det.json,audits/paper_extras/v4_runs/v2/bench2_seed202_det.json
202,det,flat_pit0.10_cit0,7,49,391.1641825608204,875.3538821338526,0.446864051836131,0,50,0.5041666666666667,-0.22883190970133382,KHONG CO,KHONG CO,6599.492733951623,185.61575101509644,6608.253055622516,91.18358373641968,0.0,14810.324813569243,275.3470320385623,0.0,0.0028673840804591465,2.8697120186709837,0d964d8,fb47c8da1551968d0622974b615c036abb4ef78b42eb0e25d114d9079f2ae69d,audits/final_run/logs/flat_sweep/sweep_seed202_det.json,audits/paper_extras/v4_runs/v2/bench2_seed202_det.json
202,det,flat_pit0.10_cit0,8,50,336.4018274035963,841.4603097137968,0.3997833570047,0,46,0.7166666666666667,-0.7389385944721212,KHONG CO,KHONG CO,6412.466131600792,181.48614691988254,6422.339150494118,91.18358373641968,0.0,14741.985516480716,338.44402780941994,0.0,0.0026981575384417357,2.9057376914469955,0d964d8,fb47c8da1551968d0622974b615c036abb4ef78b42eb0e25d114d9079f2ae69d,audits/final_run/logs/flat_sweep/sweep_seed202_det.json,audits/paper_extras/v4_runs/v2/bench2_seed202_det.json
202,det,flat_pit0.10_cit0,9,51,324.1780392485136,816.7275915904851,0.3969230898851027,0,52,0.7791666666666667,-0.6336241250571568,KHONG CO,KHONG CO,7280.612536913667,211.280686266982,7298.461105732448,91.18358373641968,0.0,14709.43641548729,392.81211822447295,0.0,0.0029494878790743023,3.2556760718310187,0d964d8,fb47c8da1551968d0622974b615c036abb4ef78b42eb0e25d114d9079f2ae69d,audits/final_run/logs/flat_sweep/sweep_seed202_det.json,audits/paper_extras/v4_runs/v2/bench2_seed202_det.json
202,det,flat_pit0.20_cit0,0,42,233.84661184090814,837.6475096515859,0.27917066444592564,0,39,0.8291666666666667,-1.029309518798051,KHONG CO,KHONG CO,12267.171308296789,298.6809504387929,12238.95317117975,91.18358373641968,0.0,14806.017915127019,429.6975886923927,0.0,0.002384392305866581,2.840905497617427,0d964d8,fb47c8da1551968d0622974b615c036abb4ef78b42eb0e25d114d9079f2ae69d,audits/final_run/logs/flat_sweep/sweep_seed202_det.json,audits/paper_extras/v4_runs/v2/bench2_seed202_det.json
202,det,flat_pit0.20_cit0,1,43,290.75132188751604,869.2652233830619,0.33447941326348185,0,45,0.8875,-1.5563920405450842,KHONG CO,KHONG CO,12546.785281154605,307.58853713576644,12518.816977572444,91.18358373641968,0.0,14779.864442533906,464.50881444758573,0.0,0.0026547547606639577,2.638932606734505,0d964d8,fb47c8da1551968d0622974b615c036abb4ef78b42eb0e25d114d9079f2ae69d,audits/final_run/logs/flat_sweep/sweep_seed202_det.json,audits/paper_extras/v4_runs/v2/bench2_seed202_det.json
202,det,flat_pit0.20_cit0,2,44,215.50043147742664,895.4026032539521,0.24067434101071838,0,46,0.8625,-1.446676232468329,KHONG CO,KHONG CO,12176.738335336748,304.8753157118086,12152.440000881925,91.18358373641968,0.0,14757.274010381927,480.7160560482754,0.0,0.0026981575384417357,2.673494514206739,0d964d8,fb47c8da1551968d0622974b615c036abb4ef78b42eb0e25d114d9079f2ae69d,audits/final_run/logs/flat_sweep/sweep_seed202_det.json,audits/paper_extras/v4_runs/v2/bench2_seed202_det.json
202,det,flat_pit0.20_cit0,3,45,293.90016998227077,887.2886994969238,0.3312339829740948,0,52,0.8916666666666667,-1.5784052940274949,KHONG CO,KHONG CO,13433.620007123862,321.0508540497182,13353.764455317776,91.18358373641968,0.0,15217.304461672587,92.41836044680034,0.0,0.002949487879074302,2.846520106293796,0d964d8,fb47c8da1551968d0622974b615c036abb4ef78b42eb0e25d114d9079f2ae69d,audits/final_run/logs/flat_sweep/sweep_seed202_det.json,audits/paper_extras/v4_runs/v2/bench2_seed202_det.json
202,det,flat_pit0.20_cit0,4,46,224.07480789942647,804.6177273052537,0.2784860441117495,0,46,0.9125,-2.016156910241474,KHONG CO,KHONG CO,13380.000532707174,373.9800834473935,13398.335350436893,91.18358373641968,0.0,15136.657181522056,127.80450045926564,0.0,0.0026981575384417357,3.0591020051716407,0d964d8,fb47c8da1551968d0622974b615c036abb4ef78b42eb0e25d114d9079f2ae69d,audits/final_run/logs/flat_sweep/sweep_seed202_det.json,audits/paper_extras/v4_runs/v2/bench2_seed202_det.json
202,det,flat_pit0.20_cit0,5,47,286.1970332295257,850.1947830098723,0.3366252521761268,0,44,0.8958333333333334,-1.7765477214392527,KHONG CO,KHONG CO,13509.033229978966,361.93846558170947,13506.30886919439,91.18358373641973,0.0,15194.255286581041,79.22395604883408,0.0,0.0026108951115411515,2.908228377460643,0d964d8,fb47c8da1551968d0622974b615c036abb4ef78b42eb0e25d114d9079f2ae69d,audits/final_run/logs/flat_sweep/sweep_seed202_det.json,audits/paper_extras/v4_runs/v2/bench2_seed202_det.json
202,det,flat_pit0.20_cit0,6,48,222.75643580551477,838.0065351567232,0.26581706282738604,0,46,0.8583333333333333,-1.5346404092259587,KHONG CO,KHONG CO,13159.690748696363,377.7551691861526,13161.89862431555,91.18358373641968,0.0,15229.210746304445,55.152963526098844,0.0,0.0026981575384417357,3.0259626442819094,0d964d8,fb47c8da1551968d0622974b615c036abb4ef78b42eb0e25d114d9079f2ae69d,audits/final_run/logs/flat_sweep/sweep_seed202_det.json,audits/paper_extras/v4_runs/v2/bench2_seed202_det.json
202,det,flat_pit0.20_cit0,7,49,244.1742110497852,835.8493961059306,0.29212704129158695,0,37,0.8375,-1.3786084746164513,KHONG CO,KHONG CO,12404.586576778951,331.28250829585386,12405.274997806422,91.18358373641968,0.0,14860.554681746496,378.85582178545326,0.0,0.0022902273416173465,2.8212131379714913,0d964d8,fb47c8da1551968d0622974b615c036abb4ef78b42eb0e25d114d9079f2ae69d,audits/final_run/logs/flat_sweep/sweep_seed202_det.json,audits/paper_extras/v4_runs/v2/bench2_seed202_det.json
202,det,flat_pit0.20_cit0,8,50,236.3397167417225,846.9240611601543,0.2790565619519344,0,49,0.9125,-1.6885295228548283,KHONG CO,KHONG CO,12680.441529294032,328.60707044545757,12669.689851922149,91.18358373641968,0.0,14770.757383128594,477.4177809523208,0.0,0.0028257174137924796,2.872130231011634,0d964d8,fb47c8da1551968d0622974b615c036abb4ef78b42eb0e25d114d9079f2ae69d,audits/final_run/logs/flat_sweep/sweep_seed202_det.json,audits/paper_extras/v4_runs/v2/bench2_seed202_det.json
202,det,flat_pit0.20_cit0,9,51,242.4660552506375,803.8708192622342,0.3016231581501674,0,50,0.8875,-1.828909086680119,KHONG CO,KHONG CO,14236.966522369437,416.44841835633673,14221.750462345946,91.18358373641968,0.0,15249.00134750716,91.47954713624333,0.0,0.0028673840804591465,3.242915221891734,0d964d8,fb47c8da1551968d0622974b615c036abb4ef78b42eb0e25d114d9079f2ae69d,audits/final_run/logs/flat_sweep/sweep_seed202_det.json,audits/paper_extras/v4_runs/v2/bench2_seed202_det.json
202,det,flat_pit0.30_cit0,0,42,176.4212676033,848.1830790232582,0.20799904167678207,7,46,0.9,-2.7758382201303435,KHONG CO,KHONG CO,17453.919427637633,417.19195708885593,17361.686747323743,91.18358373641959,0.0,15345.394246884858,70.63394081881566,0.0,0.002703942567562705,2.7530001598762355,0d964d8,fb47c8da1551968d0622974b615c036abb4ef78b42eb0e25d114d9079f2ae69d,audits/final_run/logs/flat_sweep/sweep_seed202_det.json,audits/paper_extras/v4_runs/v2/bench2_seed202_det.json
202,det,flat_pit0.30_cit0,1,43,246.5930568023783,875.9143371759376,0.28152645337148674,3,44,0.925,-2.6891847225612495,KHONG CO,KHONG CO,18253.225382389977,440.43427000850915,18204.79067037857,91.18358373641968,0.0,15292.07144551798,104.6781665105177,0.0,0.0026203887854691988,2.6141920228482856,0d964d8,fb47c8da1551968d0622974b615c036abb4ef78b42eb0e25d114d9079f2ae69d,audits/final_run/logs/flat_sweep/sweep_seed202_det.json,audits/paper_extras/v4_runs/v2/bench2_seed202_det.json
202,det,flat_pit0.30_cit0,2,44,274.9823396956326,944.7936424236101,0.2910501588370562,13,48,0.9083333333333333,-2.7099106292198876,KHONG CO,KHONG CO,19192.14704771709,503.73301158345805,19177.93433325232,91.18358373641968,0.0,15270.199994254164,152.69231175724047,0.0,0.0028117411860728737,2.6436618071398215,0d964d8,fb47c8da1551968d0622974b615c036abb4ef78b42eb0e25d114d9079f2ae69d,audits/final_run/logs/flat_sweep/sweep_seed202_det.json,audits/paper_extras/v4_runs/v2/bench2_seed202_det.json
202,det,flat_pit0.30_cit0,3,45,212.51755450692386,871.211939029427,0.2439332440091201,6,51,0.9083333333333333,-3.4179836272348294,KHONG CO,KHONG CO,18503.94341902492,446.1238295531137,18454.328126218374,91.18358373641968,0.0,15232.931543742987,169.5737146729984,0.0,0.002932688667381025,2.7426095906464942,0d964d8,fb47c8da1551968d0622974b615c036abb4ef78b42eb0e25d114d9079f2ae69d,audits/final_run/logs/flat_sweep/sweep_seed202_det.json,audits/paper_extras/v4_runs/v2/bench2_seed202_det.json
202,det,flat_pit0.30_cit0,4,46,269.8103369614247,779.9230938935912,0.34594479772929543,9,42,0.9208333333333333,-4.5660119981072,KHONG CO,KHONG CO,20165.34289270138,597.2172069777321,20228.561557230685,91.18358373641968,0.0,15156.961288911049,282.5215556200472,0.0,0.0025406483053794803,3.0737278912778816,0d964d8,fb47c8da1551968d0622974b615c036abb4ef78b42eb0e25d114d9079f2ae69d,audits/final_run/logs/flat_sweep/sweep_seed202_det.json,audits/paper_extras/v4_runs/v2/bench2_seed202_det.json
202,det,flat_pit0.30_cit0,5,47,250.98720588148493,839.6360728628244,0.29892380043382194,7,46,0.9166666666666666,-3.2403459513791546,KHONG CO,KHONG CO,19194.380136285392,510.99905305688316,19194.411374856547,91.18358373641968,0.0,15217.288217865695,200.30880333514307,0.0,0.0027055282885467915,2.8351854729801764,0d964d8,fb47c8da1551968d0622974b615c036abb4ef78b42eb0e25d114d9079f2ae69d,audits/final_run/logs/flat_sweep/sweep_seed202_det.json,audits/paper_extras/v4_runs/v2/bench2_seed202_det.json
202,det,flat_pit0.30_cit0,6,48,179.13633567461497,846.6870047154184,0.2115732669533824,5,43,0.9,-3.5337161883352217,KHONG CO,KHONG CO,17359.82138622158,496.04664011104677,17389.51160612025,91.18358373641965,0.0,15265.406837505545,107.69533809080707,0.0,0.0026077075423353254,2.792271928537372,0d964d8,fb47c8da1551968d0622974b615c036abb4ef78b42eb0e25d114d9079f2ae69d,audits/final_run/logs/flat_sweep/sweep_seed202_det.json,audits/paper_extras/v4_runs/v2/bench2_seed202_det.json
202,det,flat_pit0.30_cit0,7,49,214.24718541993923,876.3473162103842,0.24447748222293297,0,44,0.8791666666666667,-2.415671273221952,KHONG CO,KHONG CO,17729.633621404024,465.20881741924495,17718.230321689727,91.18358373641968,0.0,14876.204603200313,509.22393019681283,0.0,0.0026108951115411507,2.6977515005567074,0d964d8,fb47c8da1551968d0622974b615c036abb4ef78b42eb0e25d114d9079f2ae69d,audits/final_run/logs/flat_sweep/sweep_seed202_det.json,audits/paper_extras/v4_runs/v2/bench2_seed202_det.json
202,det,flat_pit0.30_cit0,8,50,204.81608655776014,840.5587336184419,0.2436665974262937,4,41,0.925,-4.121399321996952,KHONG CO,KHONG CO,18977.150674679353,537.1979946723666,19008.39637244459,91.18358373641968,0.0,15292.923249836218,120.61032466830852,0.0,0.0024830150883128925,2.879716366239767,0d964d8,fb47c8da1551968d0622974b615c036abb4ef78b42eb0e25d114d9079f2ae69d,audits/final_run/logs/flat_sweep/sweep_seed202_det.json,audits/paper_extras/v4_runs/v2/bench2_seed202_det.json
202,det,flat_pit0.30_cit0,9,51,180.17955112066275,802.0523213332732,0.22464812622341823,10,44,0.9125,-4.140680823568548,KHONG CO,KHONG CO,18519.09474998039,537.6765765641936,18563.392250326007,91.18358373641968,0.0,15281.346712794191,117.13037310788792,0.0,0.0026670289048790893,3.000357061515346,0d964d8,fb47c8da1551968d0622974b615c036abb4ef78b42eb0e25d114d9079f2ae69d,audits/final_run/logs/flat_sweep/sweep_seed202_det.json,audits/paper_extras/v4_runs/v2/bench2_seed202_det.json
202,det,flat_pit0.50_cit0,0,42,124.62520762144696,636.4045076881273,0.19582703471754803,38,21,0.9333333333333333,-7.758737283010171,KHONG CO,KHONG CO,20211.27606087507,700.0823976039784,20375.0847752845,91.18358373641968,0.0,10384.643371029744,5030.565617607591,0.0,0.0021752670625682954,2.3745691029304448,0d964d8,fb47c8da1551968d0622974b615c036abb4ef78b42eb0e25d114d9079f2ae69d,audits/final_run/logs/flat_sweep/sweep_seed202_det.json,audits/paper_extras/v4_runs/v2/bench2_seed202_det.json
202,det,flat_pit0.50_cit0,1,43,118.76501724285798,696.8354413036624,0.1704348117263791,43,26,0.9375,-7.534401165690225,KHONG CO,KHONG CO,21534.730493968404,710.7013134959082,21677.810032181107,91.18358373641968,0.0,12836.91865842833,2607.758791769752,0.0,0.0023063007432600935,2.29681631672895,0d964d8,fb47c8da1551968d0622974b615c036abb4ef78b42eb0e25d114d9079f2ae69d,audits/final_run/logs/flat_sweep/sweep_seed202_det.json,audits/paper_extras/v4_runs/v2/bench2_seed202_det.json
202,det,flat_pit0.50_cit0,2,44,139.94226164316328,712.9590865677017,0.19628371989319549,48,37,0.925,-8.50783948387003,KHONG CO,KHONG CO,22840.400350632168,772.1590779104054,23008.098242302778,91.18358373641966,0.0,15333.93228001701,136.93228578281085,0.0,0.0036896259964709723,2.5621223356643616,0d964d8,fb47c8da1551968d0622974b615c036abb4ef78b42eb0e25d114d9079f2ae69d,audits/final_run/logs/flat_sweep/sweep_seed202_det.json,audits/paper_extras/v4_runs/v2/bench2_seed202_det.json
202,det,flat_pit0.50_cit0,3,45,134.00146186428492,682.3525373355026,0.19638156895780456,42,27,0.9291666666666667,-8.77631215431827,KHONG CO,KHONG CO,22387.737462186225,763.6274471436595,22556.37873855975,91.18358373641968,0.0,12797.69065528472,2674.654516296066,0.0,0.0026966013197242612,2.4658318002539588,0d964d8,fb47c8da1551968d0622974b615c036abb4ef78b42eb0e25d114d9079f2ae69d,audits/final_run/logs/flat_sweep/sweep_seed202_det.json,audits/paper_extras/v4_runs/v2/bench2_seed202_det.json
202,det,flat_pit0.50_cit0,4,46,258.98535451308555,440.9320658046197,0.5873588577425981,32,12,0.9375,-9.563853906708193,KHONG CO,KHONG CO,21072.426552025663,842.6857466940589,21359.91078968379,91.18358373641968,0.0,4289.306726389716,11151.564008032215,0.0,0.0010999933664818588,2.462098955741489,0d964d8,fb47c8da1551968d0622974b615c036abb4ef78b42eb0e25d114d9079f2ae69d,audits/final_run/logs/flat_sweep/sweep_seed202_det.json,audits/paper_extras/v4_runs/v2/bench2_seed202_det.json
202,det,flat_pit0.50_cit0,5,47,84.68869449516586,575.6594662499933,0.14711595910487096,32,17,0.9375,-9.372783290667341,KHONG CO,KHONG CO,21456.455767263342,796.0651694559738,21685.03677688634,91.18358373641968,0.0,8318.817509143006,7131.77056698888,0.0,0.0014371172704216834,2.3871464104626634,0d964d8,fb47c8da1551968d0622974b615c036abb4ef78b42eb0e25d114d9079f2ae69d,audits/final_run/logs/flat_sweep/sweep_seed202_det.json,audits/paper_extras/v4_runs/v2/bench2_seed202_det.json
202,det,flat_pit0.50_cit0,6,48,112.36217088654419,615.0375007158284,0.18269157694574456,52,32,0.9291666666666667,-11.09983204666499,KHONG CO,KHONG CO,21794.618699010694,927.0155613531216,22145.196841801982,91.18358373641968,0.0,11847.190902144946,3597.1592230092997,0.0,0.003573970307297958,2.613490418458441,0d964d8,fb47c8da1551968d0622974b615c036abb4ef78b42eb0e25d114d9079f2ae69d,audits/final_run/logs/flat_sweep/sweep_seed202_det.json,audits/paper_extras/v4_runs/v2/bench2_seed202_det.json
202,det,flat_pit0.50_cit0,7,49,120.9216928914621,680.7900637778158,0.17761965005841562,41,23,0.9291666666666667,-7.578997212125762,KHONG CO,KHONG CO,21005.6904466605,742.0043711358113,21191.988215988044,91.18358373641968,0.0,11433.909224181787,3999.1579915199586,0.0,0.0021626840263820582,2.393393931037386,0d964d8,fb47c8da1551968d0622974b615c036abb4ef78b42eb0e25d114d9079f2ae69d,audits/final_run/logs/flat_sweep/sweep_seed202_det.json,audits/paper_extras/v4_runs/v2/bench2_seed202_det.json
202,det,flat_pit0.50_cit0,8,50,128.44576771476488,679.5338678589171,0.1890204061785371,53,37,0.9375,-8.158562113223844,KHONG CO,KHONG CO,22090.623404933187,811.7474349983404,22305.455598285982,91.18358373641968,0.0,15349.547607982999,113.90584204676924,0.0,0.0039738944722959,2.6063890575158624,0d964d8,fb47c8da1551968d0622974b615c036abb4ef78b42eb0e25d114d9079f2ae69d,audits/final_run/logs/flat_sweep/sweep_seed202_det.json,audits/paper_extras/v4_runs/v2/bench2_seed202_det.json
202,det,flat_pit0.50_cit0,9,51,95.08296542314342,509.8984228467106,0.18647432736172231,44,25,0.9375,-10.287762317280926,KHONG CO,KHONG CO,21063.004033922112,880.1462920551339,21387.27496206301,91.18358373641968,0.0,5927.5815156855115,9501.577638058578,0.0,0.00318884778993609,2.530257331810387,0d964d8,fb47c8da1551968d0622974b615c036abb4ef78b42eb0e25d114d9079f2ae69d,audits/final_run/logs/flat_sweep/sweep_seed202_det.json,audits/paper_extras/v4_runs/v2/bench2_seed202_det.json
202,det,flat_pit0_cit0.10,0,42,438.6430252024163,870.7636748039707,0.503745204232555,0,53,0.0,1.5579867808535042e-05,KHONG CO,KHONG CO,2945.6138936264456,103.19051577550779,2974.892515238918,91.18358373641968,0.0,14787.391602639134,195.33670778747793,0.0,0.002989940953507959,3.1251965645181836,0d964d8,fb47c8da1551968d0622974b615c036abb4ef78b42eb0e25d114d9079f2ae69d,audits/final_run/logs/flat_sweep/sweep_seed202_det.json,audits/paper_extras/v4_runs/v2/bench2_seed202_det.json
202,det,flat_pit0_cit0.10,1,43,493.8057478975978,889.8971619124272,0.5549020370358166,0,48,0.0,3.115285807098189e-13,KHONG CO,KHONG CO,2919.793437355305,106.98493722064548,2953.4125627204858,91.18358373641965,0.0,14725.703446474288,256.4787816447521,0.0,0.002783629871704938,2.831274609345505,0d964d8,fb47c8da1551968d0622974b615c036abb4ef78b42eb0e25d114d9079f2ae69d,audits/final_run/logs/flat_sweep/sweep_seed202_det.json,audits/paper_extras/v4_runs/v2/bench2_seed202_det.json
202,det,flat_pit0_cit0.10,2,44,407.77691118825726,917.5696228662238,0.4444097766821,0,70,0.0,5.756062293471587e-12,KHONG CO,KHONG CO,2922.655862526042,125.75940487174407,2974.323437274728,91.18358373641969,0.0,14704.010010539172,278.8982358474744,0.0,0.0036235956209332075,2.9683819200546555,0d964d8,fb47c8da1551968d0622974b615c036abb4ef78b42eb0e25d114d9079f2ae69d,audits/final_run/logs/flat_sweep/sweep_seed202_det.json,audits/paper_extras/v4_runs/v2/bench2_seed202_det.json
202,det,flat_pit0_cit0.10,3,45,442.916794247851,906.2191046986495,0.4887524352017901,0,52,0.0,3.3436031721123527e-10,KHONG CO,KHONG CO,2973.434720539559,121.59865962793145,3019.9476215841396,91.18358373641968,0.0,14706.230117916219,277.67205693071475,0.0,0.002949487879074302,2.9700535147903167,0d964d8,fb47c8da1551968d0622974b615c036abb4ef78b42eb0e25d114d9079f2ae69d,audits/final_run/logs/flat_sweep/sweep_seed202_det.json,audits/paper_extras/v4_runs/v2/bench2_seed202_det.json
202,det,flat_pit0_cit0.10,4,46,418.95426120902283,835.3825578063959,0.5015118609959266,0,55,0.0,0.0,KHONG CO,KHONG CO,2862.58823205948,119.21905335799944,2909.518526308245,91.18358373641966,0.0,14576.01685735291,405.0883180199105,0.0,0.0030696875957546012,3.3582574432226218,0d964d8,fb47c8da1551968d0622974b615c036abb4ef78b42eb0e25d114d9079f2ae69d,audits/final_run/logs/flat_sweep/sweep_seed202_det.json,audits/paper_extras/v4_runs/v2/bench2_seed202_det.json
202,det,flat_pit0_cit0.10,5,47,476.2997758380549,879.2122746575527,0.5417346749663732,0,53,0.0,1.887157097257841e-12,KHONG CO,KHONG CO,2907.025006804062,132.41461388721552,2965.7001457652127,91.18358373641968,0.0,14614.604204108526,367.95168708112976,0.0,0.0029899409535079587,3.0970157592789067,0d964d8,fb47c8da1551968d0622974b615c036abb4ef78b42eb0e25d114d9079f2ae69d,audits/final_run/logs/flat_sweep/sweep_seed202_det.json,audits/paper_extras/v4_runs/v2/bench2_seed202_det.json
202,det,flat_pit0_cit0.10,6,48,447.90934849102473,849.0953295708583,0.5275136170133015,0,52,0.0,3.791922331686237e-11,KHONG CO,KHONG CO,3016.8638702629055,113.10184390982782,3054.004313001665,91.18358373641969,0.0,14637.29279006604,347.4850273686126,0.0,0.002949487879074302,3.3075321464007184,0d964d8,fb47c8da1551968d0622974b615c036abb4ef78b42eb0e25d114d9079f2ae69d,audits/final_run/logs/flat_sweep/sweep_seed202_det.json,audits/paper_extras/v4_runs/v2/bench2_seed202_det.json
202,det,flat_pit0_cit0.10,7,49,459.9704884252809,883.8130657597394,0.5204386608947483,0,50,0.0,0.03926795538338301,KHONG CO,KHONG CO,3029.802770077036,104.34302331897176,3058.1602949446465,91.18358373641968,0.0,14781.581522914968,203.22039179997188,0.0,0.0028673840804591465,3.02901786306431,0d964d8,fb47c8da1551968d0622974b615c036abb4ef78b42eb0e25d114d9079f2ae69d,audits/final_run/logs/flat_sweep/sweep_seed202_det.json,audits/paper_extras/v4_runs/v2/bench2_seed202_det.json
202,det,flat_pit0_cit0.10,8,50,473.34646747076255,850.3151919605516,0.5566717752970858,0,48,0.0,0.02591221086350659,KHONG CO,KHONG CO,2967.260528358993,122.70217004787867,3015.041864951958,91.18358373641968,0.0,14710.033845707105,273.70340401138566,0.0,0.002783629871704938,3.1641861002404,0d964d8,fb47c8da1551968d0622974b615c036abb4ef78b42eb0e25d114d9079f2ae69d,audits/final_run/logs/flat_sweep/sweep_seed202_det.json,audits/paper_extras/v4_runs/v2/bench2_seed202_det.json
202,det,flat_pit0_cit0.10,9,51,420.9664352255441,808.1320410818868,0.5209129372744277,0,51,0.0,9.433294145821947e-10,KHONG CO,KHONG CO,2896.858139960981,113.27402429616028,2937.0724045227726,91.18358373641968,0.0,14692.362771779439,289.51340421851586,0.0,0.0029086382058716876,3.464953006878992,0d964d8,fb47c8da1551968d0622974b615c036abb4ef78b42eb0e25d114d9079f2ae69d,audits/final_run/logs/flat_sweep/sweep_seed202_det.json,audits/paper_extras/v4_runs/v2/bench2_seed202_det.json
202,det,flat_pit0_cit0.20,0,42,451.3661769904994,887.8067401975725,0.5084058912303959,0,54,0.0,1.3019608502418123e-08,KHONG CO,KHONG CO,6568.713125660689,238.2527993448539,6641.869122254199,91.18358373641968,0.0,14775.908016918602,298.0052020963224,0.0,0.0030300050560720616,3.38131468608998,0d964d8,fb47c8da1551968d0622974b615c036abb4ef78b42eb0e25d114d9079f2ae69d,audits/final_run/logs/flat_sweep/sweep_seed202_det.json,audits/paper_extras/v4_runs/v2/bench2_seed202_det.json
202,det,flat_pit0_cit0.20,1,43,536.7791588814796,937.1249740286949,0.5727935694359623,0,58,0.0,9.15401088263934e-12,KHONG CO,KHONG CO,6484.170391615317,250.1173513767007,6571.076938689467,91.18358373641968,0.0,14721.079712440369,350.94750812577416,0.0,0.003186516828737658,3.059120471504488,0d964d8,fb47c8da1551968d0622974b615c036abb4ef78b42eb0e25d114d9079f2ae69d,audits/final_run/logs/flat_sweep/sweep_seed202_det.json,audits/paper_extras/v4_runs/v2/bench2_seed202_det.json
202,det,flat_pit0_cit0.20,2,44,389.9096679071195,909.4297620884537,0.4287408265721524,0,63,0.0,2.957614153586974e-10,KHONG CO,KHONG CO,6467.8053640549815,253.5324794414692,6558.254702377071,91.18358373641968,0.0,14737.54510277649,334.35445460646827,0.0,0.0033742349911427367,3.150105748326721,0d964d8,fb47c8da1551968d0622974b615c036abb4ef78b42eb0e25d114d9079f2ae69d,audits/final_run/logs/flat_sweep/sweep_seed202_det.json,audits/paper_extras/v4_runs/v2/bench2_seed202_det.json
202,det,flat_pit0_cit0.20,3,45,434.8276571491415,912.0104436479007,0.47677925201152094,0,58,0.0,0.0,KHONG CO,KHONG CO,6586.524893728859,261.3374918072201,6681.719895219014,91.18358373641968,0.0,14652.74106644112,422.2178401395254,0.0,0.003186516828737658,3.200468309495827,0d964d8,fb47c8da1551968d0622974b615c036abb4ef78b42eb0e25d114d9079f2ae69d,audits/final_run/logs/flat_sweep/sweep_seed202_det.json,audits/paper_extras/v4_runs/v2/bench2_seed202_det.json
202,det,flat_pit0_cit0.20,4,46,444.76798603616055,860.6184434324106,0.5168004351176687,0,56,0.0,0.0,KHONG CO,KHONG CO,6476.879381100734,300.82033664146473,6613.261596213375,91.18358373641968,0.0,15049.718223661495,23.536314130912185,0.0,0.00310899577185523,3.6540641777377023,0d964d8,fb47c8da1551968d0622974b615c036abb4ef78b42eb0e25d114d9079f2ae69d,audits/final_run/logs/flat_sweep/sweep_seed202_det.json,audits/paper_extras/v4_runs/v2/bench2_seed202_det.json
202,det,flat_pit0_cit0.20,5,47,437.39263799104486,889.9291449260531,0.49149153107845356,0,53,0.0,0.0,KHONG CO,KHONG CO,6548.9078067355085,300.56197772103417,6683.255733975237,91.18358373641968,0.0,15071.186065947293,3.844400797585526,0.0,0.002989940953507959,3.305810963214883,0d964d8,fb47c8da1551968d0622974b615c036abb4ef78b42eb0e25d114d9079f2ae69d,audits/final_run/logs/flat_sweep/sweep_seed202_det.json,audits/paper_extras/v4_runs/v2/bench2_seed202_det.json
202,det,flat_pit0_cit0.20,6,48,424.03031019188734,857.3125422833717,0.4946041137605689,0,46,0.0,0.0,KHONG CO,KHONG CO,6792.373312957541,235.75470653528754,6801.97590087421,91.18358373641968,0.0,15147.454738941951,0.0,12.48620405973805,0.0026981575384417357,3.5416266251842425,0d964d8,fb47c8da1551968d0622974b615c036abb4ef78b42eb0e25d114d9079f2ae69d,audits/final_run/logs/flat_sweep/sweep_seed202_det.json,audits/paper_extras/v4_runs/v2/bench2_seed202_det.json
202,det,flat_pit0_cit0.20,7,49,471.5668919816914,890.4471540540221,0.5295843665002967,0,50,0.0,0.031701180659382544,KHONG CO,KHONG CO,6729.393175242732,238.90728038398095,6799.488241724112,91.18358373641982,0.0,14763.226785990382,314.4018441757977,0.0,0.002867384080459147,3.264938189369882,0d964d8,fb47c8da1551968d0622974b615c036abb4ef78b42eb0e25d114d9079f2ae69d,audits/final_run/logs/flat_sweep/sweep_seed202_det.json,audits/paper_extras/v4_runs/v2/bench2_seed202_det.json
202,det,flat_pit0_cit0.20,8,50,478.2120782002268,854.0078693245098,0.5599621448201358,0,51,0.0,0.0,KHONG CO,KHONG CO,6572.666426707778,283.4288998750635,6690.018700488701,91.18358373641969,0.0,14688.830454793968,386.06258756374774,0.0,0.0029086382058716876,3.393562055569801,0d964d8,fb47c8da1551968d0622974b615c036abb4ef78b42eb0e25d114d9079f2ae69d,audits/final_run/logs/flat_sweep/sweep_seed202_det.json,audits/paper_extras/v4_runs/v2/bench2_seed202_det.json
202,det,flat_pit0_cit0.20,9,51,435.91085391072244,821.8278576695579,0.5304162542589232,0,49,0.0,3.978382068225983e-10,KHONG CO,KHONG CO,6444.25435517372,250.47651495859878,6532.294222453123,91.18358373641968,0.0,14664.99332154057,406.2597424022071,0.0,0.00282571741379248,3.7258556815896897,0d964d8,fb47c8da1551968d0622974b615c036abb4ef78b42eb0e25d114d9079f2ae69d,audits/final_run/logs/flat_sweep/sweep_seed202_det.json,audits/paper_extras/v4_runs/v2/bench2_seed202_det.json
202,det,flat_pit0_cit0.30,0,42,452.19316018594236,900.0767046230685,0.5023940269349716,0,56,0.0,1.1072587313698534e-07,KHONG CO,KHONG CO,11086.455381860664,372.1027679054475,11180.61250914225,91.18358373641968,0.0,14795.3012113305,391.46084555693443,0.0,0.00310899577185523,3.6730386963767634,0d964d8,fb47c8da1551968d0622974b615c036abb4ef78b42eb0e25d114d9079f2ae69d,audits/final_run/logs/flat_sweep/sweep_seed202_det.json,audits/paper_extras/v4_runs/v2/bench2_seed202_det.json
202,det,flat_pit0_cit0.30,1,43,450.09020356659676,932.684567237057,0.48257494481754304,0,48,0.0,3.89254162236341e-09,KHONG CO,KHONG CO,11062.35654438206,386.284428688294,11159.543212773528,91.18358373641968,0.0,15217.297706231075,0.0,19.38352967066742,0.002783629871704938,3.2512196587142466,0d964d8,fb47c8da1551968d0622974b615c036abb4ef78b42eb0e25d114d9079f2ae69d,audits/final_run/logs/flat_sweep/sweep_seed202_det.json,audits/paper_extras/v4_runs/v2/bench2_seed202_det.json
202,det,flat_pit0_cit0.30,2,44,406.9184593629743,924.0578292450274,0.44036038274296574,0,57,0.0,0.0,KHONG CO,KHONG CO,11092.389307235784,432.5249437725937,11200.039178565086,91.18358373641968,0.0,15233.46075581374,0.23073289314477563,0.0,0.0031479365818240777,3.4903284677542765,0d964d8,fb47c8da1551968d0622974b615c036abb4ef78b42eb0e25d114d9079f2ae69d,audits/final_run/logs/flat_sweep/sweep_seed202_det.json,audits/paper_extras/v4_runs/v2/bench2_seed202_det.json
202,det,flat_pit0_cit0.30,3,45,481.31539807472535,950.5931792336979,0.5063316343829948,0,73,0.0,0.0,KHONG CO,KHONG CO,11367.562218320953,438.7392977384734,11519.69573518218,91.18358373641968,0.0,15179.721360039772,15.700837101065162,0.0,0.003726059226859065,3.5704071500414454,0d964d8,fb47c8da1551968d0622974b615c036abb4ef78b42eb0e25d114d9079f2ae69d,audits/final_run/logs/flat_sweep/sweep_seed202_det.json,audits/paper_extras/v4_runs/v2/bench2_seed202_det.json
202,det,flat_pit0_cit0.30,4,46,442.52917146715424,892.1043599948667,0.49605090089426374,0,63,0.004166666666666667,-8.881784197001252e-16,KHONG CO,KHONG CO,10894.454312708564,424.02336011287383,11043.764398962863,91.18358373641968,0.0,15017.91994256677,165.60974755537217,0.0,0.003374234991142737,3.942437200701684,0d964d8,fb47c8da1551968d0622974b615c036abb4ef78b42eb0e25d114d9079f2ae69d,audits/final_run/logs/flat_sweep/sweep_seed202_det.json,audits/paper_extras/v4_runs/v2/bench2_seed202_det.json
202,det,flat_pit0_cit0.30,5,47,480.45233790234954,903.4602689051441,0.5317913298883463,0,56,0.0,0.0,KHONG CO,KHONG CO,11111.37313605655,506.18552093079467,11336.001666021228,91.18358373641968,0.0,15142.680113087483,47.69329414220706,0.0,0.00310899577185523,3.6527045153236424,0d964d8,fb47c8da1551968d0622974b615c036abb4ef78b42eb0e25d114d9079f2ae69d,audits/final_run/logs/flat_sweep/sweep_seed202_det.json,audits/paper_extras/v4_runs/v2/bench2_seed202_det.json
202,det,flat_pit0_cit0.30,6,48,476.16402018638786,901.017115524254,0.5284738902094366,0,61,0.0,7.146532254864724e-10,KHONG CO,KHONG CO,11471.564430375693,373.6148996966683,11558.233175383166,91.18358373641968,0.0,15041.81819376335,153.94437718942527,0.0,0.0033001594538481726,3.9302155246809813,0d964d8,fb47c8da1551968d0622974b615c036abb4ef78b42eb0e25d114d9079f2ae69d,audits/final_run/logs/flat_sweep/sweep_seed202_det.json,audits/paper_extras/v4_runs/v2/bench2_seed202_det.json
202,det,flat_pit0_cit0.30,7,49,478.7787246225169,906.4122517985822,0.5282129888166035,0,53,0.0,0.011773121821793131,KHONG CO,KHONG CO,11536.316811891103,393.95854287683403,11627.420242098286,91.18358373641973,0.0,15232.333986826243,0.0,20.66245789301008,0.0029899409535079587,3.613332352186215,0d964d8,fb47c8da1551968d0622974b615c036abb4ef78b42eb0e25d114d9079f2ae69d,audits/final_run/logs/flat_sweep/sweep_seed202_det.json,audits/paper_extras/v4_runs/v2/bench2_seed202_det.json
202,det,flat_pit0_cit0.30,8,50,478.24929737171647,860.1845262737853,0.5559845390888792,0,50,0.0,0.0,KHONG CO,KHONG CO,11262.651451366748,488.31643060266657,11466.32173774043,91.18358373641966,0.0,15141.70408065251,51.75847984003477,0.0,0.0028673840804591465,3.7374240420180844,0d964d8,fb47c8da1551968d0622974b615c036abb4ef78b42eb0e25d114d9079f2ae69d,audits/final_run/logs/flat_sweep/sweep_seed202_det.json,audits/paper_extras/v4_runs/v2/bench2_seed202_det.json
202,det,flat_pit0_cit0.30,9,51,447.87185416093257,836.2749187393091,0.5355557653649387,0,54,0.0,4.1696912589372914e-10,KHONG CO,KHONG CO,11035.277436869268,427.26578584591454,11184.443730098797,91.18358373641968,0.0,15151.477083260186,35.43882561978085,0.0,0.0030300050560720616,4.1026289255918,0d964d8,fb47c8da1551968d0622974b615c036abb4ef78b42eb0e25d114d9079f2ae69d,audits/final_run/logs/flat_sweep/sweep_seed202_det.json,audits/paper_extras/v4_runs/v2/bench2_seed202_det.json
202,det,flat_pit0_cit0.50,0,42,448.7859586295326,914.285653661238,0.49085967479898485,0,57,0.0,1.5354307667525546e-06,KHONG CO,KHONG CO,25143.00747218325,898.2465281448957,25409.282804032748,91.18358373641968,0.0,15210.99710832846,329.79050423050967,0.0,0.003147936581824078,4.623754966426791,0d964d8,fb47c8da1551968d0622974b615c036abb4ef78b42eb0e25d114d9079f2ae69d,audits/final_run/logs/flat_sweep/sweep_seed202_det.json,audits/paper_extras/v4_runs/v2/bench2_seed202_det.json
202,det,flat_pit0_cit0.50,1,43,543.5676593016542,971.9024535567992,0.559282114488342,0,59,0.0,0.0,KHONG CO,KHONG CO,24805.303417497093,988.5974509514879,25168.596660874857,91.18358373641968,0.0,15128.050731674688,406.06989216262247,0.0,0.0032247431284318476,4.114332870103939,0d964d8,fb47c8da1551968d0622974b615c036abb4ef78b42eb0e25d114d9079f2ae69d,audits/final_run/logs/flat_sweep/sweep_seed202_det.json,audits/paper_extras/v4_runs/v2/bench2_seed202_det.json
202,det,flat_pit0_cit0.50,2,44,421.11404407791514,957.0739963628106,0.4400015523128662,0,66,0.0,0.0,KHONG CO,KHONG CO,24609.96699099922,1112.2631134249552,25098.488600403627,91.18358373641968,0.0,15239.812951211394,292.74496907272123,0.0,0.003482936123032932,4.275413262897241,0d964d8,fb47c8da1551968d0622974b615c036abb4ef78b42eb0e25d114d9079f2ae69d,audits/final_run/logs/flat_sweep/sweep_seed202_det.json,audits/paper_extras/v4_runs/v2/bench2_seed202_det.json
202,det,flat_pit0_cit0.50,3,45,484.71274603955976,941.6227260003928,0.5147632195522833,0,60,0.0,0.0,KHONG CO,KHONG CO,25612.648972346775,1101.6296257693,25947.30745923446,91.18358373641968,0.0,15641.011791645988,34.775763499232944,0.0,0.0032626219163106357,4.539112478651856,0d964d8,fb47c8da1551968d0622974b615c036abb4ef78b42eb0e25d114d9079f2ae69d,audits/final_run/logs/flat_sweep/sweep_seed202_det.json,audits/paper_extras/v4_runs/v2/bench2_seed202_det.json
202,det,flat_pit0_cit0.50,4,46,471.6803684437528,901.037963098511,0.5234855663813842,0,58,0.008333333333333333,-8.881784197001252e-16,KHONG CO,KHONG CO,24827.47504796679,1109.439897378206,25307.7121125867,91.18358373641968,0.0,15475.059182255516,62.960066766394206,0.0,0.0031865168287376574,4.983807677580554,0d964d8,fb47c8da1551968d0622974b615c036abb4ef78b42eb0e25d114d9079f2ae69d,audits/final_run/logs/flat_sweep/sweep_seed202_det.json,audits/paper_extras/v4_runs/v2/bench2_seed202_det.json
202,det,flat_pit0_cit0.50,5,47,525.4318723542866,942.7575642261584,0.5573350904753288,0,65,0.004166666666666667,-8.881784197001252e-16,KHONG CO,KHONG CO,25431.612028262956,1291.0449770639168,26070.73521952207,91.18358373641968,0.0,15544.258745882003,16.47945618637577,0.0,0.0034470165828030465,4.714311037507565,0d964d8,fb47c8da1551968d0622974b615c036abb4ef78b42eb0e25d114d9079f2ae69d,audits/final_run/logs/flat_sweep/sweep_seed202_det.json,audits/paper_extras/v4_runs/v2/bench2_seed202_det.json
202,det,flat_pit0_cit0.50,6,48,459.52735640816763,899.6023927303036,0.5108116209134314,0,55,0.0,0.0,KHONG CO,KHONG CO,26171.95015165466,878.0543419928799,26353.99796471491,91.18358373641968,0.0,15581.264034647604,23.558910548607592,0.0,0.0030696875957546017,4.953540806428699,0d964d8,fb47c8da1551968d0622974b615c036abb4ef78b42eb0e25d114d9079f2ae69d,audits/final_run/logs/flat_sweep/sweep_seed202_det.json,audits/paper_extras/v4_runs/v2/bench2_seed202_det.json
202,det,flat_pit0_cit0.50,7,49,476.0795886993066,914.8829315597701,0.5203721397311957,0,48,0.004166666666666667,-8.881784197001252e-16,KHONG CO,KHONG CO,25827.43038663127,986.3136184214519,26163.880443849368,91.18358373641969,0.0,15224.430250862868,334.2497266040638,0.0,0.002783629871704938,4.469068767467379,0d964d8,fb47c8da1551968d0622974b615c036abb4ef78b42eb0e25d114d9079f2ae69d,audits/final_run/logs/flat_sweep/sweep_seed202_det.json,audits/paper_extras/v4_runs/v2/bench2_seed202_det.json
202,det,flat_pit0_cit0.50,8,50,494.6344164159869,892.635144865331,0.5541283236059575,0,54,0.0,0.0,KHONG CO,KHONG CO,25405.12848582766,1107.826541050241,25778.160719124007,91.18358373641968,0.0,15617.41575149266,26.194972524794252,0.0,0.003030005056072062,4.668817843723249,0d964d8,fb47c8da1551968d0622974b615c036abb4ef78b42eb0e25d114d9079f2ae69d,audits/final_run/logs/flat_sweep/sweep_seed202_det.json,audits/paper_extras/v4_runs/v2/bench2_seed202_det.json
202,det,flat_pit0_cit0.50,9,51,430.72191380433514,861.4023303500818,0.5000240870364093,0,50,0.0,1.4782739501395525e-06,KHONG CO,KHONG CO,24752.133898514585,865.0970451526556,24884.402247084163,91.18358373641968,0.0,15618.676658392555,22.9684544540733,0.0,0.0028673840804591465,5.144130480405431,0d964d8,fb47c8da1551968d0622974b615c036abb4ef78b42eb0e25d114d9079f2ae69d,audits/final_run/logs/flat_sweep/sweep_seed202_det.json,audits/paper_extras/v4_runs/v2/bench2_seed202_det.json
202,exp,rl_learned,0,42,442.3268754417697,898.7325029711436,0.49216744023329473,0,,0.04583333333333333,,KHONG CO,KHONG CO,18080.05651445167,1017.7379589202446,18782.185483569618,102.48453846573828,2.1842117339991405,15221.009814719297,,,0.005269780912836504,,0d964d8,fb47c8da1551968d0622974b615c036abb4ef78b42eb0e25d114d9079f2ae69d,audits/final_run/logs/flat_sweep/sweep_seed202_exp.json,KHONG CO (che do lay mau v1)
202,exp,rl_learned,1,43,459.7295342689803,942.6574741166194,0.48769520943946343,0,,0.0125,,KHONG CO,KHONG CO,17774.77617202067,854.9055898563007,18357.926390555396,83.62802168726921,0.0,14782.836777193643,,,0.002989940953507959,,0d964d8,fb47c8da1551968d0622974b615c036abb4ef78b42eb0e25d114d9079f2ae69d,audits/final_run/logs/flat_sweep/sweep_seed202_exp.json,KHONG CO (che do lay mau v1)
202,exp,rl_learned,2,44,397.3374806655818,922.4055707436543,0.4307622300516286,0,,0.025,,KHONG CO,KHONG CO,17754.147431511145,1496.3585781932031,19135.98574424377,86.04098144173624,10.326749385876102,14791.6144481087,,,0.0051791457872296205,,0d964d8,fb47c8da1551968d0622974b615c036abb4ef78b42eb0e25d114d9079f2ae69d,audits/final_run/logs/flat_sweep/sweep_seed202_exp.json,KHONG CO (che do lay mau v1)
202,exp,rl_learned,3,45,430.842402629689,943.2167939472877,0.4567798255867006,0,,0.0,,KHONG CO,KHONG CO,18447.101905779316,1458.0747789844313,19626.79552744816,90.99260030686855,0.0,15117.406584502573,,,0.0034470165828030474,,0d964d8,fb47c8da1551968d0622974b615c036abb4ef78b42eb0e25d114d9079f2ae69d,audits/final_run/logs/flat_sweep/sweep_seed202_exp.json,KHONG CO (che do lay mau v1)
202,exp,rl_learned,4,46,343.6348712420789,849.9587605818706,0.40429593431901445,0,,0.0,,KHONG CO,KHONG CO,17466.96813126162,824.8263132801,18051.922555645688,77.3912765085697,8.970994766372126,14771.761957568347,,,0.004012250250338165,,0d964d8,fb47c8da1551968d0622974b615c036abb4ef78b42eb0e25d114d9079f2ae69d,audits/final_run/logs/flat_sweep/sweep_seed202_exp.json,KHONG CO (che do lay mau v1)
202,exp,rl_learned,5,47,447.7971327901123,886.8890772781517,0.5049077097266712,0,,0.0375,,KHONG CO,KHONG CO,16100.155714233544,924.0368794850532,16898.44907740091,80.91088324785233,9.273375477436467,14795.861010412382,,,0.003456019591586451,,0d964d8,fb47c8da1551968d0622974b615c036abb4ef78b42eb0e25d114d9079f2ae69d,audits/final_run/logs/flat_sweep/sweep_seed202_exp.json,KHONG CO (che do lay mau v1)
202,exp,rl_learned,6,48,427.96539647291775,878.4203767068531,0.4871988490036344,0,,0.0,,KHONG CO,KHONG CO,17678.97716327722,937.776516594646,18436.45160643265,82.43619494140151,0.0,14792.663536432106,,,0.002949487879074302,,0d964d8,fb47c8da1551968d0622974b615c036abb4ef78b42eb0e25d114d9079f2ae69d,audits/final_run/logs/flat_sweep/sweep_seed202_exp.json,KHONG CO (che do lay mau v1)
202,exp,rl_learned,7,49,481.11901823230977,905.6360531297346,0.5312498509413784,0,,0.020833333333333332,,KHONG CO,KHONG CO,19062.70086721964,1030.5472267206444,19765.36001171934,93.65897445380688,1.607174679967211,14803.585249860806,,,0.003160125865578602,,0d964d8,fb47c8da1551968d0622974b615c036abb4ef78b42eb0e25d114d9079f2ae69d,audits/final_run/logs/flat_sweep/sweep_seed202_exp.json,KHONG CO (che do lay mau v1)
202,exp,rl_learned,8,50,419.8507954481796,884.8372131605017,0.47449495704247957,0,,0.008333333333333333,,KHONG CO,KHONG CO,17089.010853716878,950.7688385923426,17722.26171764701,102.65275481343271,0.0,15219.622347699138,,,0.0028257174137924796,,0d964d8,fb47c8da1551968d0622974b615c036abb4ef78b42eb0e25d114d9079f2ae69d,audits/final_run/logs/flat_sweep/sweep_seed202_exp.json,KHONG CO (che do lay mau v1)
202,exp,rl_learned,9,51,401.32338041816155,822.9032834700532,0.48769203924651294,0,,0.075,,KHONG CO,KHONG CO,16563.96071341865,1224.352406914383,17607.7438322532,85.51848873496056,0.0,14784.730598600157,,,0.002741112864902217,,0d964d8,fb47c8da1551968d0622974b615c036abb4ef78b42eb0e25d114d9079f2ae69d,audits/final_run/logs/flat_sweep/sweep_seed202_exp.json,KHONG CO (che do lay mau v1)
202,exp,free_market+rl_aux,0,42,438.4453794507842,858.3275124261155,0.5108136149702243,0,,0.0,,KHONG CO,KHONG CO,0.0,0.0,0.0,90.23313816636801,0.0,14758.485694996012,,,0.005001429602068657,,0d964d8,fb47c8da1551968d0622974b615c036abb4ef78b42eb0e25d114d9079f2ae69d,audits/final_run/logs/flat_sweep/sweep_seed202_exp.json,KHONG CO (che do lay mau v1)
202,exp,free_market+rl_aux,1,43,484.42462359241114,936.8017243657658,0.5171047522573431,0,,0.0,,KHONG CO,KHONG CO,0.0,0.0,0.0,88.39164555072784,5.040664732456207,14774.043760100545,,,0.004984747756786173,,0d964d8,fb47c8da1551968d0622974b615c036abb4ef78b42eb0e25d114d9079f2ae69d,audits/final_run/logs/flat_sweep/sweep_seed202_exp.json,KHONG CO (che do lay mau v1)
202,exp,free_market+rl_aux,2,44,444.9318672218551,899.8351857486103,0.4944592901773426,0,,0.0,,KHONG CO,KHONG CO,0.0,0.0,0.0,88.39164555072784,2.1727003157138824,14720.611512195428,,,0.004610691966505451,,0d964d8,fb47c8da1551968d0622974b615c036abb4ef78b42eb0e25d114d9079f2ae69d,audits/final_run/logs/flat_sweep/sweep_seed202_exp.json,KHONG CO (che do lay mau v1)
202,exp,free_market+rl_aux,3,45,422.0301931912125,900.8895422839277,0.4684594208089985,0,,0.0,,KHONG CO,KHONG CO,0.0,0.0,0.0,88.39164555072786,2.867964416742325,14681.438158927398,,,0.004144128327731079,,0d964d8,fb47c8da1551968d0622974b615c036abb4ef78b42eb0e25d114d9079f2ae69d,audits/final_run/logs/flat_sweep/sweep_seed202_exp.json,KHONG CO (che do lay mau v1)
202,exp,free_market+rl_aux,4,46,446.61986206254886,866.4937183793304,0.5154334677669634,0,,0.0,,KHONG CO,KHONG CO,0.0,0.0,0.0,88.39164555072784,6.545057718069765,14635.945408324384,,,0.005180130011514332,,0d964d8,fb47c8da1551968d0622974b615c036abb4ef78b42eb0e25d114d9079f2ae69d,audits/final_run/logs/flat_sweep/sweep_seed202_exp.json,KHONG CO (che do lay mau v1)
202,exp,free_market+rl_aux,5,47,385.7764487224354,881.2210422615292,0.43777489440378625,0,,0.0,,KHONG CO,KHONG CO,0.0,0.0,0.0,88.39164555072784,8.692409414060666,14852.626306637358,,,0.0034046058740461733,,0d964d8,fb47c8da1551968d0622974b615c036abb4ef78b42eb0e25d114d9079f2ae69d,audits/final_run/logs/flat_sweep/sweep_seed202_exp.json,KHONG CO (che do lay mau v1)
202,exp,free_market+rl_aux,6,48,361.62829902318464,863.7528708505101,0.41867102411723467,0,,0.0,,KHONG CO,KHONG CO,0.0,0.0,0.0,88.39164555072786,0.0,14696.856018038885,,,0.002908638205871688,,0d964d8,fb47c8da1551968d0622974b615c036abb4ef78b42eb0e25d114d9079f2ae69d,audits/final_run/logs/flat_sweep/sweep_seed202_exp.json,KHONG CO (che do lay mau v1)
202,exp,free_market+rl_aux,7,49,474.8983322663604,893.3614068758411,0.5315859053360266,0,,0.0,,KHONG CO,KHONG CO,0.0,0.0,0.0,91.33803373575212,0.0,14742.438780203005,,,0.0050687043030642,,0d964d8,fb47c8da1551968d0622974b615c036abb4ef78b42eb0e25d114d9079f2ae69d,audits/final_run/logs/flat_sweep/sweep_seed202_exp.json,KHONG CO (che do lay mau v1)
202,exp,free_market+rl_aux,8,50,448.4252923291263,889.6571257956069,0.5040428265306214,0,,0.0,,KHONG CO,KHONG CO,0.0,0.0,0.0,88.39164555072784,0.0,14743.228391748435,,,0.0031479365818240777,,0d964d8,fb47c8da1551968d0622974b615c036abb4ef78b42eb0e25d114d9079f2ae69d,audits/final_run/logs/flat_sweep/sweep_seed202_exp.json,KHONG CO (che do lay mau v1)
202,exp,free_market+rl_aux,9,51,391.77231852547897,798.0229012314004,0.4909286662336998,0,,0.0,,KHONG CO,KHONG CO,0.0,0.0,0.0,88.3916455507279,5.132712350918662,14776.130623592426,,,0.004230897832613951,,0d964d8,fb47c8da1551968d0622974b615c036abb4ef78b42eb0e25d114d9079f2ae69d,audits/final_run/logs/flat_sweep/sweep_seed202_exp.json,KHONG CO (che do lay mau v1)
202,exp,rl_mean_fixed,0,42,431.3399130252881,888.501694048913,0.485468869574876,0,,0.21666666666666667,,KHONG CO,KHONG CO,14146.821625473585,544.088200302876,13945.079346729659,88.39164555072786,0.0,15220.252304436617,,,0.005392874259430113,,0d964d8,fb47c8da1551968d0622974b615c036abb4ef78b42eb0e25d114d9079f2ae69d,audits/final_run/logs/flat_sweep/sweep_seed202_exp.json,KHONG CO (che do lay mau v1)
202,exp,rl_mean_fixed,1,43,498.61201475061904,977.7962065204036,0.5099344949649429,0,,0.3333333333333333,,KHONG CO,KHONG CO,14252.805838892982,707.9894138500975,14139.569773376777,88.39164555072784,7.748725562394435,15672.98526260452,,,0.0054958814464940876,,0d964d8,fb47c8da1551968d0622974b615c036abb4ef78b42eb0e25d114d9079f2ae69d,audits/final_run/logs/flat_sweep/sweep_seed202_exp.json,KHONG CO (che do lay mau v1)
202,exp,rl_mean_fixed,2,44,380.7776440187961,951.206341481793,0.40031024543593685,0,,0.2375,,KHONG CO,KHONG CO,14045.34684436524,865.7580008012995,14153.887948461539,88.39164555072784,6.969662055734179,15216.343578320526,,,0.004537144540341282,,0d964d8,fb47c8da1551968d0622974b615c036abb4ef78b42eb0e25d114d9079f2ae69d,audits/final_run/logs/flat_sweep/sweep_seed202_exp.json,KHONG CO (che do lay mau v1)
202,exp,rl_mean_fixed,3,45,482.0608858213116,938.9005780927414,0.5134312376296091,0,,0.24583333333333332,,KHONG CO,KHONG CO,14435.39608333667,670.3693201312033,14338.77269118101,88.39164555072784,2.867964416742325,15267.52522577057,,,0.0036792948444514533,,0d964d8,fb47c8da1551968d0622974b615c036abb4ef78b42eb0e25d114d9079f2ae69d,audits/final_run/logs/flat_sweep/sweep_seed202_exp.json,KHONG CO (che do lay mau v1)
202,exp,rl_mean_fixed,4,46,405.18362296712104,892.014906415117,0.45423413897363807,0,,0.30833333333333335,,KHONG CO,KHONG CO,13644.091708190228,720.0444626832999,13634.555081869927,88.39164555072784,2.867964416742325,15263.910961083395,,,0.005541051647570023,,0d964d8,fb47c8da1551968d0622974b615c036abb4ef78b42eb0e25d114d9079f2ae69d,audits/final_run/logs/flat_sweep/sweep_seed202_exp.json,KHONG CO (che do lay mau v1)
202,exp,rl_mean_fixed,5,47,453.2317730640365,898.963757899711,0.5041713518272883,0,,0.2916666666666667,,KHONG CO,KHONG CO,13739.969580941437,718.0447035426329,13723.996313181357,89.86483964323999,2.867964416742325,15209.064955058251,,,0.005709222553075715,,0d964d8,fb47c8da1551968d0622974b615c036abb4ef78b42eb0e25d114d9079f2ae69d,audits/final_run/logs/flat_sweep/sweep_seed202_exp.json,KHONG CO (che do lay mau v1)
202,exp,rl_mean_fixed,6,48,411.27431534374966,894.4187127887111,0.45982302188360535,0,,0.39166666666666666,,KHONG CO,KHONG CO,14819.919633613885,815.778566864237,14841.891599807564,88.39164555072784,26.357767692380406,15634.8492638179,,,0.004970182149338674,,0d964d8,fb47c8da1551968d0622974b615c036abb4ef78b42eb0e25d114d9079f2ae69d,audits/final_run/logs/flat_sweep/sweep_seed202_exp.json,KHONG CO (che do lay mau v1)
202,exp,rl_mean_fixed,7,49,465.0465976411724,944.5964441384664,0.49232304496480006,0,,0.21666666666666667,,KHONG CO,KHONG CO,14755.315903446033,693.9143380189297,14639.085964362153,88.39164555072787,16.484264182317386,15674.975957217695,,,0.005812627128170883,,0d964d8,fb47c8da1551968d0622974b615c036abb4ef78b42eb0e25d114d9079f2ae69d,audits/final_run/logs/flat_sweep/sweep_seed202_exp.json,KHONG CO (che do lay mau v1)
202,exp,rl_mean_fixed,8,50,489.33474323952606,905.4561045286605,0.5404290067647748,0,,0.18333333333333332,,KHONG CO,KHONG CO,14275.975652837133,1079.0431741674342,14575.468451321756,88.39164555072784,1.3068326837191222,15259.905677361874,,,0.004400365829431966,,0d964d8,fb47c8da1551968d0622974b615c036abb4ef78b42eb0e25d114d9079f2ae69d,audits/final_run/logs/flat_sweep/sweep_seed202_exp.json,KHONG CO (che do lay mau v1)
202,exp,rl_mean_fixed,9,51,445.56292056479,843.5410516033575,0.5282053786450439,0,,0.3458333333333333,,KHONG CO,KHONG CO,14055.33740112778,897.7539245625829,14181.091857660189,89.12824259698391,13.770802648776451,15622.166393296095,,,0.005549699846781723,,0d964d8,fb47c8da1551968d0622974b615c036abb4ef78b42eb0e25d114d9079f2ae69d,audits/final_run/logs/flat_sweep/sweep_seed202_exp.json,KHONG CO (che do lay mau v1)
202,exp,flat_pit0.10_cit0,0,42,326.930087122945,850.6847862147825,0.3843140166849076,0,,0.625,,KHONG CO,KHONG CO,6262.604394736219,253.4993205766416,6173.989719588125,90.96973521262409,5.040664732456207,14754.459745296857,,,0.004459716250401356,,0d964d8,fb47c8da1551968d0622974b615c036abb4ef78b42eb0e25d114d9079f2ae69d,audits/final_run/logs/flat_sweep/sweep_seed202_exp.json,KHONG CO (che do lay mau v1)
202,exp,flat_pit0.10_cit0,1,43,372.93539892316073,876.7097970941376,0.42538066776401773,0,,0.7583333333333333,,KHONG CO,KHONG CO,6030.435220590785,239.20448009336465,5939.953149083821,88.39164555072784,5.214480757713318,14790.70991018355,,,0.003924843096294458,,0d964d8,fb47c8da1551968d0622974b615c036abb4ef78b42eb0e25d114d9079f2ae69d,audits/final_run/logs/flat_sweep/sweep_seed202_exp.json,KHONG CO (che do lay mau v1)
202,exp,flat_pit0.10_cit0,2,44,338.3851644821141,994.4349987039957,0.3402788165371461,0,,0.7666666666666667,,KHONG CO,KHONG CO,7000.63968314144,285.24464246417165,6900.076477157513,88.39164555072784,3.3894124925136566,15181.142198806476,,,0.00438017220801585,,0d964d8,fb47c8da1551968d0622974b615c036abb4ef78b42eb0e25d114d9079f2ae69d,audits/final_run/logs/flat_sweep/sweep_seed202_exp.json,KHONG CO (che do lay mau v1)
202,exp,flat_pit0.10_cit0,3,45,353.0634444041146,878.7998404350999,0.4017563820099358,0,,0.7666666666666667,,KHONG CO,KHONG CO,6174.210465587276,243.792362769344,6080.9247105525,88.39164555072784,18.19994526685825,14729.925623637355,,,0.0046426138694600615,,0d964d8,fb47c8da1551968d0622974b615c036abb4ef78b42eb0e25d114d9079f2ae69d,audits/final_run/logs/flat_sweep/sweep_seed202_exp.json,KHONG CO (che do lay mau v1)
202,exp,flat_pit0.10_cit0,4,46,297.669604126723,835.6506342238732,0.35621298176024174,0,,0.8208333333333333,,KHONG CO,KHONG CO,6455.554206993025,244.60305980076774,6330.033122537092,88.39164555072796,0.0,15225.337863677096,,,0.0029899409535079587,,0d964d8,fb47c8da1551968d0622974b615c036abb4ef78b42eb0e25d114d9079f2ae69d,audits/final_run/logs/flat_sweep/sweep_seed202_exp.json,KHONG CO (che do lay mau v1)
202,exp,flat_pit0.10_cit0,5,47,370.8707821871038,873.5036638754395,0.4245783933425945,0,,0.8916666666666667,,KHONG CO,KHONG CO,6600.920354547815,267.7582614969374,6494.515016327849,88.39164555072783,2.867964416742325,15197.561888491018,,,0.003466512992579998,,0d964d8,fb47c8da1551968d0622974b615c036abb4ef78b42eb0e25d114d9079f2ae69d,audits/final_run/logs/flat_sweep/sweep_seed202_exp.json,KHONG CO (che do lay mau v1)
202,exp,flat_pit0.10_cit0,6,48,347.0677289842801,840.278367609954,0.41303899084235896,0,,0.7958333333333333,,KHONG CO,KHONG CO,6787.856053868068,311.26046516344024,6727.589590840544,88.39164555072784,2.867964416742325,14767.536269727392,,,0.0039084312151823185,,0d964d8,fb47c8da1551968d0622974b615c036abb4ef78b42eb0e25d114d9079f2ae69d,audits/final_run/logs/flat_sweep/sweep_seed202_exp.json,KHONG CO (che do lay mau v1)
202,exp,flat_pit0.10_cit0,7,49,325.45619516350763,893.7141194816846,0.36416141142791625,0,,0.6833333333333333,,KHONG CO,KHONG CO,5973.060755010614,262.45364914815264,5907.479147462839,88.39164555072784,9.299920998690506,14849.047135857614,,,0.00412277246560396,,0d964d8,fb47c8da1551968d0622974b615c036abb4ef78b42eb0e25d114d9079f2ae69d,audits/final_run/logs/flat_sweep/sweep_seed202_exp.json,KHONG CO (che do lay mau v1)
202,exp,flat_pit0.10_cit0,8,50,316.8714077850179,852.5486576003493,0.37167545214006803,0,,0.6875,,KHONG CO,KHONG CO,6096.475628148011,262.3722903881925,6025.15277095367,88.39164555072784,0.0,14767.298356494293,,,0.004115996565178862,,0d964d8,fb47c8da1551968d0622974b615c036abb4ef78b42eb0e25d114d9079f2ae69d,audits/final_run/logs/flat_sweep/sweep_seed202_exp.json,KHONG CO (che do lay mau v1)
202,exp,flat_pit0.10_cit0,9,51,333.5507212767179,814.7537238070671,0.40938839741431166,0,,0.7875,,KHONG CO,KHONG CO,6722.84175063036,277.3639538698228,6633.701724042749,88.39164555072786,5.191708973772274,14761.797322393884,,,0.004369135746091891,,0d964d8,fb47c8da1551968d0622974b615c036abb4ef78b42eb0e25d114d9079f2ae69d,audits/final_run/logs/flat_sweep/sweep_seed202_exp.json,KHONG CO (che do lay mau v1)
202,exp,flat_pit0.20_cit0,0,42,223.4160656111646,864.0812701188198,0.2585590885223593,0,,0.8958333333333334,,KHONG CO,KHONG CO,12100.851156545705,516.4412748852633,11954.42769185224,88.39164555072784,2.867964416742325,15291.565889254865,,,0.003713974267154706,,0d964d8,fb47c8da1551968d0622974b615c036abb4ef78b42eb0e25d114d9079f2ae69d,audits/final_run/logs/flat_sweep/sweep_seed202_exp.json,KHONG CO (che do lay mau v1)
202,exp,flat_pit0.20_cit0,1,43,258.2508310013681,905.2967026772312,0.2852665101260655,0,,0.8833333333333333,,KHONG CO,KHONG CO,11617.48875511815,432.1333535670773,11414.877966096205,88.39164555072784,0.0,15259.28233719606,,,0.003661380588794047,,0d964d8,fb47c8da1551968d0622974b615c036abb4ef78b42eb0e25d114d9079f2ae69d,audits/final_run/logs/flat_sweep/sweep_seed202_exp.json,KHONG CO (che do lay mau v1)
202,exp,flat_pit0.20_cit0,2,44,302.49854981218584,1000.6584584142806,0.30229949816398693,2,,0.9041666666666667,,KHONG CO,KHONG CO,13390.494708312277,517.6409709381792,13168.667567011731,88.39164555072786,11.387024852180405,15227.629004626531,,,0.00562765525468145,,0d964d8,fb47c8da1551968d0622974b615c036abb4ef78b42eb0e25d114d9079f2ae69d,audits/final_run/logs/flat_sweep/sweep_seed202_exp.json,KHONG CO (che do lay mau v1)
202,exp,flat_pit0.20_cit0,3,45,254.94957955940586,892.6592275637025,0.28560683818306465,0,,0.8125,,KHONG CO,KHONG CO,11438.382144954105,479.0666545203173,11290.475657450843,88.39164555072784,7.095168156662287,15315.750676667669,,,0.0034391476057061498,,0d964d8,fb47c8da1551968d0622974b615c036abb4ef78b42eb0e25d114d9079f2ae69d,audits/final_run/logs/flat_sweep/sweep_seed202_exp.json,KHONG CO (che do lay mau v1)
202,exp,flat_pit0.20_cit0,4,46,224.8289550613301,841.1586872840701,0.26728482801177145,0,,0.875,,KHONG CO,KHONG CO,12592.10744819607,486.6634376197427,12391.739167259893,88.39164555072779,0.0,15262.212943899545,,,0.0030696875957546017,,0d964d8,fb47c8da1551968d0622974b615c036abb4ef78b42eb0e25d114d9079f2ae69d,audits/final_run/logs/flat_sweep/sweep_seed202_exp.json,KHONG CO (che do lay mau v1)
202,exp,flat_pit0.20_cit0,5,47,284.75681176750595,860.4054717627155,0.33095653283576143,0,,0.875,,KHONG CO,KHONG CO,12779.25842736027,499.240527463506,12582.084110343501,89.49654112011194,2.867964416742325,15294.093085279124,,,0.005188350666595216,,0d964d8,fb47c8da1551968d0622974b615c036abb4ef78b42eb0e25d114d9079f2ae69d,audits/final_run/logs/flat_sweep/sweep_seed202_exp.json,KHONG CO (che do lay mau v1)
202,exp,flat_pit0.20_cit0,6,48,253.94117421359107,840.4473011674743,0.3021500263738591,0,,0.8416666666666667,,KHONG CO,KHONG CO,13413.515255324735,575.3178301239867,13256.612439279434,88.39164555072784,26.256858890803034,15229.326994927993,,,0.004800481761881192,,0d964d8,fb47c8da1551968d0622974b615c036abb4ef78b42eb0e25d114d9079f2ae69d,audits/final_run/logs/flat_sweep/sweep_seed202_exp.json,KHONG CO (che do lay mau v1)
202,exp,flat_pit0.20_cit0,7,49,296.4484250529001,887.4505815848552,0.3340449949601556,0,,0.8416666666666667,,KHONG CO,KHONG CO,12658.977189951282,547.6582804996516,12513.189507603469,89.49654112011194,0.0,15317.636139767887,,,0.004410190341078948,,0d964d8,fb47c8da1551968d0622974b615c036abb4ef78b42eb0e25d114d9079f2ae69d,audits/final_run/logs/flat_sweep/sweep_seed202_exp.json,KHONG CO (che do lay mau v1)
202,exp,flat_pit0.20_cit0,8,50,261.62562264812556,852.0454101704662,0.3070559614842393,0,,0.8291666666666667,,KHONG CO,KHONG CO,12944.59734156992,540.1339338259387,12777.89863292746,88.39164555072784,2.867964416742325,15288.428626092866,,,0.004037231312281168,,0d964d8,fb47c8da1551968d0622974b615c036abb4ef78b42eb0e25d114d9079f2ae69d,audits/final_run/logs/flat_sweep/sweep_seed202_exp.json,KHONG CO (che do lay mau v1)
202,exp,flat_pit0.20_cit0,9,51,226.04644252508658,818.7294573698425,0.27609418531398366,0,,0.8875,,KHONG CO,KHONG CO,13570.044968924745,590.307089633271,13419.606311508007,88.39164555072784,2.867964416742325,15218.557478807661,,,0.003803649891724958,,0d964d8,fb47c8da1551968d0622974b615c036abb4ef78b42eb0e25d114d9079f2ae69d,audits/final_run/logs/flat_sweep/sweep_seed202_exp.json,KHONG CO (che do lay mau v1)
202,exp,flat_pit0.30_cit0,0,42,178.127873984389,835.4196469137794,0.21321963715173786,3,,0.9208333333333333,,KHONG CO,KHONG CO,16778.925699068895,723.525976104745,16584.25220496581,89.12824259698391,12.044499242897887,15340.46388983454,,,0.006015219613299677,,0d964d8,fb47c8da1551968d0622974b615c036abb4ef78b42eb0e25d114d9079f2ae69d,audits/final_run/logs/flat_sweep/sweep_seed202_exp.json,KHONG CO (che do lay mau v1)
202,exp,flat_pit0.30_cit0,1,43,243.88107198182024,895.8614487102121,0.2722307923093914,3,,0.9041666666666667,,KHONG CO,KHONG CO,16562.36420212709,630.9795480858945,16286.865717904151,88.39164555072783,0.0,15347.791115636079,,,0.0027411128649022167,,0d964d8,fb47c8da1551968d0622974b615c036abb4ef78b42eb0e25d114d9079f2ae69d,audits/final_run/logs/flat_sweep/sweep_seed202_exp.json,KHONG CO (che do lay mau v1)
202,exp,flat_pit0.30_cit0,2,44,202.2661207009772,934.0083555777999,0.21655707841698113,8,,0.9208333333333333,,KHONG CO,KHONG CO,18240.469221315652,700.1663255032848,17915.265601316223,88.39164555072784,0.0,15809.8869581597,,,0.0030580625050430107,,0d964d8,fb47c8da1551968d0622974b615c036abb4ef78b42eb0e25d114d9079f2ae69d,audits/final_run/logs/flat_sweep/sweep_seed202_exp.json,KHONG CO (che do lay mau v1)
202,exp,flat_pit0.30_cit0,3,45,199.27574821382598,913.7565580271428,0.21808406896041843,6,,0.9208333333333333,,KHONG CO,KHONG CO,17788.84506002893,770.7166538144013,17575.403047026473,88.39164555072784,0.0,15738.450631013384,,,0.002631065155508779,,0d964d8,fb47c8da1551968d0622974b615c036abb4ef78b42eb0e25d114d9079f2ae69d,audits/final_run/logs/flat_sweep/sweep_seed202_exp.json,KHONG CO (che do lay mau v1)
202,exp,flat_pit0.30_cit0,4,46,130.46314261648416,791.1147350951845,0.1649105203441663,13,,0.9125,,KHONG CO,KHONG CO,14927.484655437025,695.7907037499966,14802.193996991044,88.39164555072784,3.585733621225246,15307.751122233434,,,0.0026243277371103785,,0d964d8,fb47c8da1551968d0622974b615c036abb4ef78b42eb0e25d114d9079f2ae69d,audits/final_run/logs/flat_sweep/sweep_seed202_exp.json,KHONG CO (che do lay mau v1)
202,exp,flat_pit0.30_cit0,5,47,215.89712008842108,865.2444014794941,0.24952154526426917,7,,0.9041666666666667,,KHONG CO,KHONG CO,18000.1522882244,831.8037483121235,17800.430520407223,88.39164555072784,15.320688293007759,15758.355903240981,,,0.0042749847764911785,,0d964d8,fb47c8da1551968d0622974b615c036abb4ef78b42eb0e25d114d9079f2ae69d,audits/final_run/logs/flat_sweep/sweep_seed202_exp.json,KHONG CO (che do lay mau v1)
202,exp,flat_pit0.30_cit0,6,48,245.2409918147702,796.0043208101407,0.3080900258998267,2,,0.9125,,KHONG CO,KHONG CO,18058.132864410618,775.5120278961743,17849.064833547145,88.39164555072784,0.0,15321.607828119064,,,0.0031632834606166705,,0d964d8,fb47c8da1551968d0622974b615c036abb4ef78b42eb0e25d114d9079f2ae69d,audits/final_run/logs/flat_sweep/sweep_seed202_exp.json,KHONG CO (che do lay mau v1)
202,exp,flat_pit0.30_cit0,7,49,164.6967144455099,899.0042988637795,0.1831990288073866,0,,0.8791666666666667,,KHONG CO,KHONG CO,17626.7319982852,828.1618117594852,17454.564739177244,88.39164555072782,0.0,15818.043435417692,,,0.003301960979100937,,0d964d8,fb47c8da1551968d0622974b615c036abb4ef78b42eb0e25d114d9079f2ae69d,audits/final_run/logs/flat_sweep/sweep_seed202_exp.json,KHONG CO (che do lay mau v1)
202,exp,flat_pit0.30_cit0,8,50,183.97902591149827,890.7288160712367,0.20654886492050395,3,,0.8833333333333333,,KHONG CO,KHONG CO,17964.672914097777,792.0482627129043,17736.507148761182,88.39164555072783,2.9488150133737925,15780.768174462513,,,0.003867858902755101,,0d964d8,fb47c8da1551968d0622974b615c036abb4ef78b42eb0e25d114d9079f2ae69d,audits/final_run/logs/flat_sweep/sweep_seed202_exp.json,KHONG CO (che do lay mau v1)
202,exp,flat_pit0.30_cit0,9,51,167.0423475865442,809.5670873865005,0.20633539849773497,6,,0.925,,KHONG CO,KHONG CO,17610.81820047719,782.0191237971123,17396.190642608104,88.39164555072783,6.610734390091345,15779.132833949981,,,0.003956543885009028,,0d964d8,fb47c8da1551968d0622974b615c036abb4ef78b42eb0e25d114d9079f2ae69d,audits/final_run/logs/flat_sweep/sweep_seed202_exp.json,KHONG CO (che do lay mau v1)
202,exp,flat_pit0.50_cit0,0,42,123.79690455049962,648.5070311085003,0.19089523877465475,41,,0.9333333333333333,,KHONG CO,KHONG CO,19537.029813713827,1253.3412592957125,19709.494706173533,88.39164555072784,23.413577595239524,11341.663024521215,,,0.003830572779861985,,0d964d8,fb47c8da1551968d0622974b615c036abb4ef78b42eb0e25d114d9079f2ae69d,audits/final_run/logs/flat_sweep/sweep_seed202_exp.json,KHONG CO (che do lay mau v1)
202,exp,flat_pit0.50_cit0,1,43,171.34557899533522,822.2697161481882,0.208381235050198,41,,0.9291666666666667,,KHONG CO,KHONG CO,24533.062933278008,1157.3121292802061,24346.478710620097,88.39164555072784,2.867964416742325,15808.946641496741,,,0.005587682111872524,,0d964d8,fb47c8da1551968d0622974b615c036abb4ef78b42eb0e25d114d9079f2ae69d,audits/final_run/logs/flat_sweep/sweep_seed202_exp.json,KHONG CO (che do lay mau v1)
202,exp,flat_pit0.50_cit0,2,44,279.01403629790707,864.5781849398246,0.322716951639633,56,,0.9333333333333333,,KHONG CO,KHONG CO,25145.95212632075,1209.2032477729174,24965.92072807227,89.1282425969839,10.095720415928565,15789.468383015756,,,0.0063379145137008016,,0d964d8,fb47c8da1551968d0622974b615c036abb4ef78b42eb0e25d114d9079f2ae69d,audits/final_run/logs/flat_sweep/sweep_seed202_exp.json,KHONG CO (che do lay mau v1)
202,exp,flat_pit0.50_cit0,3,45,134.2377955216968,755.1326147993897,0.17776718008314174,40,,0.9291666666666667,,KHONG CO,KHONG CO,23052.079907505013,1304.0104822846317,23083.60812284448,90.23313816636801,17.721060072890122,15816.392002121436,,,0.0056924571896338075,,0d964d8,fb47c8da1551968d0622974b615c036abb4ef78b42eb0e25d114d9079f2ae69d,audits/final_run/logs/flat_sweep/sweep_seed202_exp.json,KHONG CO (che do lay mau v1)
202,exp,flat_pit0.50_cit0,4,46,108.95583133893402,637.4794554775045,0.17091661606148634,45,,0.9458333333333333,,KHONG CO,KHONG CO,22129.57670546526,1301.7559896453038,22210.724335205337,88.39164555072783,16.288359087858254,13246.280257827742,,,0.006525266014040274,,0d964d8,fb47c8da1551968d0622974b615c036abb4ef78b42eb0e25d114d9079f2ae69d,audits/final_run/logs/flat_sweep/sweep_seed202_exp.json,KHONG CO (che do lay mau v1)
202,exp,flat_pit0.50_cit0,5,47,142.8507344674467,737.952109009336,0.19357724264683884,38,,0.9333333333333333,,KHONG CO,KHONG CO,22168.920851038205,1258.999773225263,22205.28808409599,88.39164555072783,18.65188728740244,15721.098758072336,,,0.00515448987718487,,0d964d8,fb47c8da1551968d0622974b615c036abb4ef78b42eb0e25d114d9079f2ae69d,audits/final_run/logs/flat_sweep/sweep_seed202_exp.json,KHONG CO (che do lay mau v1)
202,exp,flat_pit0.50_cit0,6,48,108.98110869261342,558.0294449313146,0.1952963408696604,40,,0.9333333333333333,,KHONG CO,KHONG CO,19770.49889287447,1271.639816098369,19950.053125438913,88.39164555072784,0.7093755327675253,7435.281291026157,,,0.0024970883738036115,,0d964d8,fb47c8da1551968d0622974b615c036abb4ef78b42eb0e25d114d9079f2ae69d,audits/final_run/logs/flat_sweep/sweep_seed202_exp.json,KHONG CO (che do lay mau v1)
202,exp,flat_pit0.50_cit0,7,49,201.2223879046294,775.4726585372298,0.2594835365107445,41,,0.9333333333333333,,KHONG CO,KHONG CO,25435.081742330916,1368.0349374650716,25408.14740583043,88.39164555072784,2.346516340970993,15798.950186792697,,,0.0035065907721413556,,0d964d8,fb47c8da1551968d0622974b615c036abb4ef78b42eb0e25d114d9079f2ae69d,audits/final_run/logs/flat_sweep/sweep_seed202_exp.json,KHONG CO (che do lay mau v1)
202,exp,flat_pit0.50_cit0,8,50,130.04495233545651,665.0187484845861,0.1955508060965152,38,,0.9375,,KHONG CO,KHONG CO,19359.86393008766,1070.4455393689996,19364.46709208019,89.86483964323997,23.783656185192747,12398.17475522277,,,0.006207994788858764,,0d964d8,fb47c8da1551968d0622974b615c036abb4ef78b42eb0e25d114d9079f2ae69d,audits/final_run/logs/flat_sweep/sweep_seed202_exp.json,KHONG CO (che do lay mau v1)
202,exp,flat_pit0.50_cit0,9,51,117.24641406115967,590.8287208016759,0.19844399896821519,49,,0.9458333333333333,,KHONG CO,KHONG CO,19938.185174105103,1159.3415718448384,19994.593327749764,88.39164555072784,0.0,12880.05631327509,,,0.0037895170824664625,,0d964d8,fb47c8da1551968d0622974b615c036abb4ef78b42eb0e25d114d9079f2ae69d,audits/final_run/logs/flat_sweep/sweep_seed202_exp.json,KHONG CO (che do lay mau v1)
202,exp,flat_pit0_cit0.10,0,42,440.97692984824243,858.8332740915797,0.5134604621772256,0,,0.0,,KHONG CO,KHONG CO,2914.4780415344953,165.4714353880779,2923.6006867827705,88.39164555072784,0.0,14640.543824142658,,,0.003283662420609667,,0d964d8,fb47c8da1551968d0622974b615c036abb4ef78b42eb0e25d114d9079f2ae69d,audits/final_run/logs/flat_sweep/sweep_seed202_exp.json,KHONG CO (che do lay mau v1)
202,exp,flat_pit0_cit0.10,1,43,436.51915108902205,915.8375060600525,0.4766338441050906,0,,0.0,,KHONG CO,KHONG CO,2890.9113365017697,124.33653293118905,2862.3488956299034,88.39164555072787,3.563228517770767,14745.713040411063,,,0.004092108165937675,,0d964d8,fb47c8da1551968d0622974b615c036abb4ef78b42eb0e25d114d9079f2ae69d,audits/final_run/logs/flat_sweep/sweep_seed202_exp.json,KHONG CO (che do lay mau v1)
202,exp,flat_pit0_cit0.10,2,44,369.0785966610402,976.4965421822524,0.37796201083951786,0,,0.0,,KHONG CO,KHONG CO,2897.2277215951813,202.7887430528219,2942.7465383194167,88.39164555072784,0.0,14690.128793949369,,,0.004838534850318867,,0d964d8,fb47c8da1551968d0622974b615c036abb4ef78b42eb0e25d114d9079f2ae69d,audits/final_run/logs/flat_sweep/sweep_seed202_exp.json,KHONG CO (che do lay mau v1)
202,exp,flat_pit0_cit0.10,3,45,420.4456391976395,891.0304173652335,0.4718645188801661,0,,0.0,,KHONG CO,KHONG CO,3013.5602350753215,171.0970843232347,3023.0424651591034,91.3380337357521,5.040664732456207,14738.2178841024,,,0.007413107944491687,,0d964d8,fb47c8da1551968d0622974b615c036abb4ef78b42eb0e25d114d9079f2ae69d,audits/final_run/logs/flat_sweep/sweep_seed202_exp.json,KHONG CO (che do lay mau v1)
202,exp,flat_pit0_cit0.10,4,46,404.70188896314437,818.3510424008143,0.494533357928966,1,,0.0,,KHONG CO,KHONG CO,2802.988280114202,161.15354312294292,2813.8343650761963,88.39164555072782,2.867964416742325,14641.848971408446,,,0.003845981966862482,,0d964d8,fb47c8da1551968d0622974b615c036abb4ef78b42eb0e25d114d9079f2ae69d,audits/final_run/logs/flat_sweep/sweep_seed202_exp.json,KHONG CO (che do lay mau v1)
202,exp,flat_pit0_cit0.10,5,47,324.7425147287998,879.2827436463152,0.36932660975708287,0,,0.029166666666666667,,KHONG CO,KHONG CO,2839.7035516676706,127.54861800429975,2816.63477308184,88.39164555072786,0.0,14852.324037619293,,,0.005386129763596871,,0d964d8,fb47c8da1551968d0622974b615c036abb4ef78b42eb0e25d114d9079f2ae69d,audits/final_run/logs/flat_sweep/sweep_seed202_exp.json,KHONG CO (che do lay mau v1)
202,exp,flat_pit0_cit0.10,6,48,449.44243584417194,849.9205626675209,0.5288052267303346,0,,0.0,,KHONG CO,KHONG CO,2949.7816402229073,186.13577401103683,2976.8742612172987,88.39164555072784,0.0,14657.725733951813,,,0.002783629871704938,,0d964d8,fb47c8da1551968d0622974b615c036abb4ef78b42eb0e25d114d9079f2ae69d,audits/final_run/logs/flat_sweep/sweep_seed202_exp.json,KHONG CO (che do lay mau v1)
202,exp,flat_pit0_cit0.10,7,49,413.0931181694376,907.6515704354865,0.4551230137477068,0,,0.0,,KHONG CO,KHONG CO,3057.03121197559,161.01354374284824,3054.8622373624344,89.12824259698395,9.436030629521369,14823.184838843616,,,0.006332435901402931,,0d964d8,fb47c8da1551968d0622974b615c036abb4ef78b42eb0e25d114d9079f2ae69d,audits/final_run/logs/flat_sweep/sweep_seed202_exp.json,KHONG CO (che do lay mau v1)
202,exp,flat_pit0_cit0.10,8,50,468.5051327339175,855.6653777577026,0.5475331185675054,0,,0.0,,KHONG CO,KHONG CO,2895.83055698911,192.45905471962706,2931.686794002171,88.39164555072784,2.867964416742325,14639.145225490392,,,0.004754169619880821,,0d964d8,fb47c8da1551968d0622974b615c036abb4ef78b42eb0e25d114d9079f2ae69d,audits/final_run/logs/flat_sweep/sweep_seed202_exp.json,KHONG CO (che do lay mau v1)
202,exp,flat_pit0_cit0.10,9,51,373.74831916516723,796.8361404353236,0.4690403712876061,0,,0.0,,KHONG CO,KHONG CO,2829.326419011602,191.57527431185034,2867.650943279582,88.39164555072786,2.410456915963381,14749.741071288838,,,0.0031458478429462473,,0d964d8,fb47c8da1551968d0622974b615c036abb4ef78b42eb0e25d114d9079f2ae69d,audits/final_run/logs/flat_sweep/sweep_seed202_exp.json,KHONG CO (che do lay mau v1)
202,exp,flat_pit0_cit0.20,0,42,449.8294549471685,890.9955830110193,0.5048615992315253,0,,0.0,,KHONG CO,KHONG CO,6481.513556888094,324.31469916481836,6450.1333943983445,88.39164555072784,11.663459265264724,15255.73699953226,,,0.004746880017973616,,0d964d8,fb47c8da1551968d0622974b615c036abb4ef78b42eb0e25d114d9079f2ae69d,audits/final_run/logs/flat_sweep/sweep_seed202_exp.json,KHONG CO (che do lay mau v1)
202,exp,flat_pit0_cit0.20,1,43,493.96234139577814,917.2275446509625,0.5385384949203071,0,,0.0,,KHONG CO,KHONG CO,6403.577079131742,297.90320802443534,6361.366179551329,88.39164555072784,11.377932734185219,15094.683993163233,,,0.004545865798639189,,0d964d8,fb47c8da1551968d0622974b615c036abb4ef78b42eb0e25d114d9079f2ae69d,audits/final_run/logs/flat_sweep/sweep_seed202_exp.json,KHONG CO (che do lay mau v1)
202,exp,flat_pit0_cit0.20,2,44,428.06813068924293,937.5831685928298,0.4565655026974389,0,,0.0,,KHONG CO,KHONG CO,6476.921089932132,360.03479586997554,6490.038115450087,88.39164555072784,19.988825271018435,15195.408577639053,,,0.00612633945728106,,0d964d8,fb47c8da1551968d0622974b615c036abb4ef78b42eb0e25d114d9079f2ae69d,audits/final_run/logs/flat_sweep/sweep_seed202_exp.json,KHONG CO (che do lay mau v1)
202,exp,flat_pit0_cit0.20,3,45,517.6817089920334,946.0621661144564,0.5471962916751955,0,,0.0,,KHONG CO,KHONG CO,6530.288016928169,535.5638405293132,6707.552458923186,88.39164555072784,2.867964416742325,15191.739850884896,,,0.0035020775328615194,,0d964d8,fb47c8da1551968d0622974b615c036abb4ef78b42eb0e25d114d9079f2ae69d,audits/final_run/logs/flat_sweep/sweep_seed202_exp.json,KHONG CO (che do lay mau v1)
202,exp,flat_pit0_cit0.20,4,46,407.14584257607817,876.2200339387497,0.46466164525580667,0,,0.0,,KHONG CO,KHONG CO,6486.814477608616,267.2377157487409,6411.321943162811,88.39164555072784,6.995544194893645,15132.646943354064,,,0.003922779834737506,,0d964d8,fb47c8da1551968d0622974b615c036abb4ef78b42eb0e25d114d9079f2ae69d,audits/final_run/logs/flat_sweep/sweep_seed202_exp.json,KHONG CO (che do lay mau v1)
202,exp,flat_pit0_cit0.20,5,47,398.67121754323375,888.5189964949592,0.44869183339457785,0,,0.0,,KHONG CO,KHONG CO,6421.948704366088,348.74679052223786,6427.168157126917,90.60143668949605,2.867964416742325,14789.17463191978,,,0.004671601581691216,,0d964d8,fb47c8da1551968d0622974b615c036abb4ef78b42eb0e25d114d9079f2ae69d,audits/final_run/logs/flat_sweep/sweep_seed202_exp.json,KHONG CO (che do lay mau v1)
202,exp,flat_pit0_cit0.20,6,48,432.02880980500146,874.9998467911054,0.4937472976588333,0,,0.0,,KHONG CO,KHONG CO,6676.518144912051,290.9848328780848,6613.8617515321,92.07463078200821,25.025119719773485,15199.356767208712,,,0.004892792630982579,,0d964d8,fb47c8da1551968d0622974b615c036abb4ef78b42eb0e25d114d9079f2ae69d,audits/final_run/logs/flat_sweep/sweep_seed202_exp.json,KHONG CO (che do lay mau v1)
202,exp,flat_pit0_cit0.20,7,49,458.8307018300757,904.955104866265,0.507020402849578,0,,0.0,,KHONG CO,KHONG CO,6680.220425759865,286.96937286770964,6613.893414174239,88.39164555072784,12.725070962108806,15233.28054999313,,,0.006078334326954997,,0d964d8,fb47c8da1551968d0622974b615c036abb4ef78b42eb0e25d114d9079f2ae69d,audits/final_run/logs/flat_sweep/sweep_seed202_exp.json,KHONG CO (che do lay mau v1)
202,exp,flat_pit0_cit0.20,8,50,436.9180307176429,893.7926013681671,0.48883603427555067,0,,0.0,,KHONG CO,KHONG CO,6659.762974857933,358.7232283904003,6639.96804806301,88.39164555072784,0.0,15296.747916886474,,,0.004747188130483692,,0d964d8,fb47c8da1551968d0622974b615c036abb4ef78b42eb0e25d114d9079f2ae69d,audits/final_run/logs/flat_sweep/sweep_seed202_exp.json,KHONG CO (che do lay mau v1)
202,exp,flat_pit0_cit0.20,9,51,403.8369432263637,854.7775235410088,0.47244684389152547,0,,0.0,,KHONG CO,KHONG CO,6449.543981725238,376.3915307686795,6479.725100802602,88.39164555072784,0.0,15200.485629009097,,,0.005330964069671462,,0d964d8,fb47c8da1551968d0622974b615c036abb4ef78b42eb0e25d114d9079f2ae69d,audits/final_run/logs/flat_sweep/sweep_seed202_exp.json,KHONG CO (che do lay mau v1)
202,exp,flat_pit0_cit0.30,0,42,450.1497106921718,878.2742196835065,0.5125389093788806,0,,0.004166666666666667,,KHONG CO,KHONG CO,11051.85021251307,683.6470591714227,11139.97235015841,91.3380337357521,15.127436474364737,15165.72260004346,,,0.004953304373861197,,0d964d8,fb47c8da1551968d0622974b615c036abb4ef78b42eb0e25d114d9079f2ae69d,audits/final_run/logs/flat_sweep/sweep_seed202_exp.json,KHONG CO (che do lay mau v1)
202,exp,flat_pit0_cit0.30,1,43,493.97234712351894,960.5102765000624,0.5142811682593037,0,,0.0,,KHONG CO,KHONG CO,11039.919548276452,580.4095455784512,11030.811360482588,88.39164555072784,0.0,15265.359487509426,,,0.0030300050560720616,,0d964d8,fb47c8da1551968d0622974b615c036abb4ef78b42eb0e25d114d9079f2ae69d,audits/final_run/logs/flat_sweep/sweep_seed202_exp.json,KHONG CO (che do lay mau v1)
202,exp,flat_pit0_cit0.30,2,44,404.6721436686803,980.1243522832742,0.4128783686743073,0,,0.32083333333333336,,KHONG CO,KHONG CO,10612.231426258575,587.9834883984716,10631.874017618742,88.39164555072784,9.497845454948024,15201.15721134763,,,0.004862656740245275,,0d964d8,fb47c8da1551968d0622974b615c036abb4ef78b42eb0e25d114d9079f2ae69d,audits/final_run/logs/flat_sweep/sweep_seed202_exp.json,KHONG CO (che do lay mau v1)
202,exp,flat_pit0_cit0.30,3,45,426.01513428528887,931.9112478967147,0.4571413160285247,0,,0.0,,KHONG CO,KHONG CO,11124.364324889226,477.335899536948,11013.315571968307,91.70633225888014,0.0,15187.923863070291,,,0.005808122872997257,,0d964d8,fb47c8da1551968d0622974b615c036abb4ef78b42eb0e25d114d9079f2ae69d,audits/final_run/logs/flat_sweep/sweep_seed202_exp.json,KHONG CO (che do lay mau v1)
202,exp,flat_pit0_cit0.30,4,46,451.1318956633081,886.9761159251509,0.5086178619282886,0,,0.0,,KHONG CO,KHONG CO,10573.165245420967,511.5199141709529,10521.85683630329,88.39164555072784,10.895336447642292,15071.620836381495,,,0.004085414406257966,,0d964d8,fb47c8da1551968d0622974b615c036abb4ef78b42eb0e25d114d9079f2ae69d,audits/final_run/logs/flat_sweep/sweep_seed202_exp.json,KHONG CO (che do lay mau v1)
202,exp,flat_pit0_cit0.30,5,47,459.35304727279623,918.7773729655448,0.49996121017884765,0,,0.0,,KHONG CO,KHONG CO,10893.392071290124,595.6860458038549,10906.167653367362,88.39164555072784,3.691249932121581,15180.587269887083,,,0.003924773186010655,,0d964d8,fb47c8da1551968d0622974b615c036abb4ef78b42eb0e25d114d9079f2ae69d,audits/final_run/logs/flat_sweep/sweep_seed202_exp.json,KHONG CO (che do lay mau v1)
202,exp,flat_pit0_cit0.30,6,48,449.30300978637683,893.9608640138472,0.5025980754560384,0,,0.0,,KHONG CO,KHONG CO,11299.024217601333,542.0330292742376,11240.42968653776,88.39164555072784,8.967643700906997,15165.237578834493,,,0.004977097633319631,,0d964d8,fb47c8da1551968d0622974b615c036abb4ef78b42eb0e25d114d9079f2ae69d,audits/final_run/logs/flat_sweep/sweep_seed202_exp.json,KHONG CO (che do lay mau v1)
202,exp,flat_pit0_cit0.30,7,49,537.4386359942042,944.3388205105928,0.5691163217282729,0,,0.0,,KHONG CO,KHONG CO,11179.665041824663,727.174750739219,11302.915461674123,88.39164555072787,12.519235902103366,15137.688367643334,,,0.004664400224394811,,0d964d8,fb47c8da1551968d0622974b615c036abb4ef78b42eb0e25d114d9079f2ae69d,audits/final_run/logs/flat_sweep/sweep_seed202_exp.json,KHONG CO (che do lay mau v1)
202,exp,flat_pit0_cit0.30,8,50,347.86277490286636,886.1327015126706,0.392562845620129,0,,0.0,,KHONG CO,KHONG CO,10819.934885707857,527.1991258170791,10771.231255841347,91.3380337357521,7.597074573879428,15318.376179176721,,,0.0036523845642173944,,0d964d8,fb47c8da1551968d0622974b615c036abb4ef78b42eb0e25d114d9079f2ae69d,audits/final_run/logs/flat_sweep/sweep_seed202_exp.json,KHONG CO (che do lay mau v1)
202,exp,flat_pit0_cit0.30,9,51,416.7315090181093,832.2002116640637,0.5007587154836394,0,,0.0,,KHONG CO,KHONG CO,10784.96097644773,702.1452404450557,10904.497374022121,88.39164555072784,0.0,15165.730584163199,,,0.002867384080459147,,0d964d8,fb47c8da1551968d0622974b615c036abb4ef78b42eb0e25d114d9079f2ae69d,audits/final_run/logs/flat_sweep/sweep_seed202_exp.json,KHONG CO (che do lay mau v1)
202,exp,flat_pit0_cit0.50,0,42,481.8899640264473,926.2657125996054,0.5202502451202711,0,,0.0,,KHONG CO,KHONG CO,24987.42303160078,1776.1886462332536,25356.61407371026,88.39164555072784,0.0,16185.54526236507,,,0.003224743128431848,,0d964d8,fb47c8da1551968d0622974b615c036abb4ef78b42eb0e25d114d9079f2ae69d,audits/final_run/logs/flat_sweep/sweep_seed202_exp.json,KHONG CO (che do lay mau v1)
202,exp,flat_pit0_cit0.50,1,43,432.8090958543396,996.3610352518066,0.43438982511490665,0,,0.004166666666666667,,KHONG CO,KHONG CO,24189.753137395892,1346.371947220259,24234.502938967416,88.39164555072784,24.055518931857303,15740.720522938205,,,0.005763105286976637,,0d964d8,fb47c8da1551968d0622974b615c036abb4ef78b42eb0e25d114d9079f2ae69d,audits/final_run/logs/flat_sweep/sweep_seed202_exp.json,KHONG CO (che do lay mau v1)
202,exp,flat_pit0_cit0.50,2,44,403.134550194313,959.1488420287872,0.4203044746857064,0,,0.0,,KHONG CO,KHONG CO,24431.242027644475,1502.103607564921,24582.67287879884,88.39164555072784,0.0,16202.090723373884,,,0.003224743128431848,,0d964d8,fb47c8da1551968d0622974b615c036abb4ef78b42eb0e25d114d9079f2ae69d,audits/final_run/logs/flat_sweep/sweep_seed202_exp.json,KHONG CO (che do lay mau v1)
202,exp,flat_pit0_cit0.50,3,45,471.2369479618067,977.7319203289272,0.48196948280390994,0,,0.0,,KHONG CO,KHONG CO,24872.148809429193,1302.1194608839921,24846.546155344735,88.39164555072784,0.0,16101.80020087527,,,0.003887107065443672,,0d964d8,fb47c8da1551968d0622974b615c036abb4ef78b42eb0e25d114d9079f2ae69d,audits/final_run/logs/flat_sweep/sweep_seed202_exp.json,KHONG CO (che do lay mau v1)
202,exp,flat_pit0_cit0.50,4,46,441.60757709602404,898.0957365331926,0.4917154810251153,0,,0.0,,KHONG CO,KHONG CO,24515.834725511064,1333.0037012225996,24537.664904440444,88.39164555072784,48.55434062774735,16046.383143468425,,,0.0041840540054148825,,0d964d8,fb47c8da1551968d0622974b615c036abb4ef78b42eb0e25d114d9079f2ae69d,audits/final_run/logs/flat_sweep/sweep_seed202_exp.json,KHONG CO (che do lay mau v1)
202,exp,flat_pit0_cit0.50,5,47,479.58488391397407,960.7967251423494,0.49915332906960097,0,,0.004166666666666667,,KHONG CO,KHONG CO,24281.035999993223,1359.8624230663725,24273.783753094052,88.39164555072784,33.44828037999044,16155.249639829786,,,0.005992262706426684,,0d964d8,fb47c8da1551968d0622974b615c036abb4ef78b42eb0e25d114d9079f2ae69d,audits/final_run/logs/flat_sweep/sweep_seed202_exp.json,KHONG CO (che do lay mau v1)
202,exp,flat_pit0_cit0.50,6,48,468.34995178597956,926.3055294669709,0.5056106618034384,0,,0.0,,KHONG CO,KHONG CO,25334.346847865745,1478.3144109579632,25409.656690403954,88.39164555072784,2.803253208326469,16197.95308007524,,,0.004470327891961432,,0d964d8,fb47c8da1551968d0622974b615c036abb4ef78b42eb0e25d114d9079f2ae69d,audits/final_run/logs/flat_sweep/sweep_seed202_exp.json,KHONG CO (che do lay mau v1)
202,exp,flat_pit0_cit0.50,7,49,458.52066305572043,957.4929378817938,0.47887628714012154,0,,0.008333333333333333,,KHONG CO,KHONG CO,25370.845310895027,1048.5147314783076,25039.940611469865,88.39164555072779,34.066878317788934,16133.21995008448,,,0.006595125214854722,,0d964d8,fb47c8da1551968d0622974b615c036abb4ef78b42eb0e25d114d9079f2ae69d,audits/final_run/logs/flat_sweep/sweep_seed202_exp.json,KHONG CO (che do lay mau v1)
202,exp,flat_pit0_cit0.50,8,50,438.48459126209684,919.0673286976865,0.4770973546447649,0,,0.0,,KHONG CO,KHONG CO,24768.367147438614,1564.8532055867186,24899.197618459508,88.39164555072786,19.584009085597188,16234.572896860334,,,0.004354305712783448,,0d964d8,fb47c8da1551968d0622974b615c036abb4ef78b42eb0e25d114d9079f2ae69d,audits/final_run/logs/flat_sweep/sweep_seed202_exp.json,KHONG CO (che do lay mau v1)
202,exp,flat_pit0_cit0.50,9,51,380.21535464701145,862.594972027326,0.4407808612116124,0,,0.0,,KHONG CO,KHONG CO,24371.261679441475,1482.9052560761413,24507.328553974887,88.39164555072783,0.0,16212.992251389804,,,0.002908638205871688,,0d964d8,fb47c8da1551968d0622974b615c036abb4ef78b42eb0e25d114d9079f2ae69d,audits/final_run/logs/flat_sweep/sweep_seed202_exp.json,KHONG CO (che do lay mau v1)
303,det,rl_learned,0,42,428.54379121450745,924.3797159890678,0.4636014657201496,0,64,0.0,2.9278944028598985e-05,KHONG CO,KHONG CO,14642.740341264622,13.060973148380333,14196.409639741134,-87.68280158936977,0.0,15098.649141989967,448.4253342712769,0.0,0.0034107846987450757,4.155033162594738,0d964d8,d3caadd556870d6a59cc5ef3930e5fabfad7bc9f109956e5ba4992ca49eda5a8,audits/final_run/logs/flat_sweep/sweep_seed303_det.json,audits/paper_extras/v4_runs/v2/bench2_seed303_det.json
303,det,rl_learned,1,43,465.69666981953884,967.5846081659805,0.4812981375367773,0,61,0.0,2.0226588204330653e-07,KHONG CO,KHONG CO,13890.06074552338,3.7465916428282515,13384.412551014486,-92.38817493617535,0.0,15092.644218897643,509.1387421902487,0.0,0.0033001594538481734,3.637092639497225,0d964d8,d3caadd556870d6a59cc5ef3930e5fabfad7bc9f109956e5ba4992ca49eda5a8,audits/final_run/logs/flat_sweep/sweep_seed303_det.json,audits/paper_extras/v4_runs/v2/bench2_seed303_det.json
303,det,rl_learned,2,44,400.8335131076803,946.2051625126245,0.4236222005418748,0,67,0.0,0.0,KHONG CO,KHONG CO,14587.946844259113,17.3690438567691,14202.929079812073,-90.40818831324577,0.0,15088.780267446971,404.0147291700593,0.0,0.003518548658645468,3.8434763164707544,0d964d8,d3caadd556870d6a59cc5ef3930e5fabfad7bc9f109956e5ba4992ca49eda5a8,audits/final_run/logs/flat_sweep/sweep_seed303_det.json,audits/paper_extras/v4_runs/v2/bench2_seed303_det.json
303,det,rl_learned,3,45,423.4652760245574,977.2433782054674,0.433326319183841,0,63,0.0,1.3433334913326433e-05,KHONG CO,KHONG CO,14778.883733897872,10.193431851594326,14372.06058702459,-90.00099340081215,0.0,15016.45063216591,490.56693995976156,0.0,0.0033742349911427363,3.8817558079165404,0d964d8,d3caadd556870d6a59cc5ef3930e5fabfad7bc9f109956e5ba4992ca49eda5a8,audits/final_run/logs/flat_sweep/sweep_seed303_det.json,audits/paper_extras/v4_runs/v2/bench2_seed303_det.json
303,det,rl_learned,4,46,381.3753716708752,873.052932026447,0.43682960984468966,0,61,0.0,0.0,KHONG CO,KHONG CO,13841.892809640181,13.171208020291843,13547.241132578325,-94.63449195027351,0.0,14940.903680961104,461.55369607130774,0.0,0.0033001594538481734,4.430605110692257,0d964d8,d3caadd556870d6a59cc5ef3930e5fabfad7bc9f109956e5ba4992ca49eda5a8,audits/final_run/logs/flat_sweep/sweep_seed303_det.json,audits/paper_extras/v4_runs/v2/bench2_seed303_det.json
303,det,rl_learned,5,47,346.05823411541667,946.045199010858,0.36579460947240094,0,62,0.0,0.0,KHONG CO,KHONG CO,14259.573057171894,18.351746050503213,13874.384989163695,-96.92947433888912,0.0,15362.185114724836,138.2841736727626,0.0,0.003337361834800554,4.038748933323931,0d964d8,d3caadd556870d6a59cc5ef3930e5fabfad7bc9f109956e5ba4992ca49eda5a8,audits/final_run/logs/flat_sweep/sweep_seed303_det.json,audits/paper_extras/v4_runs/v2/bench2_seed303_det.json
303,det,rl_learned,6,48,397.13395635367715,912.8414349509883,0.43505250873608714,0,59,0.0,3.0379122626600363e-05,KHONG CO,KHONG CO,14970.217389635402,13.35419523728871,14671.784497676126,-89.22027106583118,0.0,14901.51363012171,499.4937281407112,0.0,0.003224743128431848,4.36391923217615,0d964d8,d3caadd556870d6a59cc5ef3930e5fabfad7bc9f109956e5ba4992ca49eda5a8,audits/final_run/logs/flat_sweep/sweep_seed303_det.json,audits/paper_extras/v4_runs/v2/bench2_seed303_det.json
303,det,rl_learned,7,49,366.3948985548988,942.0600392414357,0.3889294559717519,0,59,0.0,0.02289168963729682,KHONG CO,KHONG CO,15646.885053519783,30.70551923268601,15327.942031210729,-82.40873882174492,0.0,15101.731338734146,330.3259416293475,0.0,0.003224743128431848,3.8605246246577605,0d964d8,d3caadd556870d6a59cc5ef3930e5fabfad7bc9f109956e5ba4992ca49eda5a8,audits/final_run/logs/flat_sweep/sweep_seed303_det.json,audits/paper_extras/v4_runs/v2/bench2_seed303_det.json
303,det,rl_learned,8,50,414.61005034543876,901.780381287113,0.45976831937024953,1,59,0.0,0.0,KHONG CO,KHONG CO,14778.316359212049,14.18843460541744,14405.78670007404,-89.52936467528343,0.0,15060.476885107293,416.5573005356766,0.0,0.006471375349620974,4.123519948382541,0d964d8,d3caadd556870d6a59cc5ef3930e5fabfad7bc9f109956e5ba4992ca49eda5a8,audits/final_run/logs/flat_sweep/sweep_seed303_det.json,audits/paper_extras/v4_runs/v2/bench2_seed303_det.json
303,det,rl_learned,9,51,389.8594454508875,883.0682653063307,0.4414827944424521,0,64,0.0,3.48550938706893e-05,KHONG CO,KHONG CO,14480.327539237695,25.33796071646839,14107.626852598603,-89.42534002661705,0.0,14980.730692557103,506.73329482507,0.0,0.0034107846987450757,4.553880726604847,0d964d8,d3caadd556870d6a59cc5ef3930e5fabfad7bc9f109956e5ba4992ca49eda5a8,audits/final_run/logs/flat_sweep/sweep_seed303_det.json,audits/paper_extras/v4_runs/v2/bench2_seed303_det.json
303,det,free_market+rl_aux,0,42,402.59109459493374,914.9366773498953,0.4400207189868426,0,65,0.0,1.3601935187068648e-06,KHONG CO,KHONG CO,0.0,0.0,0.0,-90.2628242969513,0.0,14598.768650375807,491.4941739211423,0.0,0.0034470165828030474,2.9381150431988456,0d964d8,d3caadd556870d6a59cc5ef3930e5fabfad7bc9f109956e5ba4992ca49eda5a8,audits/final_run/logs/flat_sweep/sweep_seed303_det.json,audits/paper_extras/v4_runs/v2/bench2_seed303_det.json
303,det,free_market+rl_aux,1,43,417.6949000815422,950.736332488928,0.43933831684759617,0,60,0.0,8.296538567265088e-09,KHONG CO,KHONG CO,0.0,0.0,0.0,-90.2628242969513,0.0,14587.942097127096,502.32072716985783,0.0,0.003262621916310636,2.641424941247483,0d964d8,d3caadd556870d6a59cc5ef3930e5fabfad7bc9f109956e5ba4992ca49eda5a8,audits/final_run/logs/flat_sweep/sweep_seed303_det.json,audits/paper_extras/v4_runs/v2/bench2_seed303_det.json
303,det,free_market+rl_aux,2,44,376.99861007959316,953.7567123575178,0.3952775432088119,0,72,0.0,2.6065321012680442e-09,KHONG CO,KHONG CO,0.0,0.0,0.0,-90.2628242969513,0.0,14948.23865620198,142.02416809496742,0.0,0.003692183888105678,2.8489133562380315,0d964d8,d3caadd556870d6a59cc5ef3930e5fabfad7bc9f109956e5ba4992ca49eda5a8,audits/final_run/logs/flat_sweep/sweep_seed303_det.json,audits/paper_extras/v4_runs/v2/bench2_seed303_det.json
303,det,free_market+rl_aux,3,45,401.92965391823805,927.7571056033883,0.4332272439528596,0,53,0.0,5.22785752465893e-08,KHONG CO,KHONG CO,0.0,0.0,0.0,-90.2628242969513,0.0,14956.287428301313,133.975395995641,0.0,0.0029899409535079587,2.818818577971753,0d964d8,d3caadd556870d6a59cc5ef3930e5fabfad7bc9f109956e5ba4992ca49eda5a8,audits/final_run/logs/flat_sweep/sweep_seed303_det.json,audits/paper_extras/v4_runs/v2/bench2_seed303_det.json
303,det,free_market+rl_aux,4,46,346.63664209835855,876.1656955131368,0.3956290960414134,2,64,0.0,3.314496541673151e-07,KHONG CO,KHONG CO,0.0,0.0,0.0,-90.2628242969513,2.295974649488926,14970.839342831907,117.61205871671079,0.0,0.004591998709944673,3.203372657920092,0d964d8,d3caadd556870d6a59cc5ef3930e5fabfad7bc9f109956e5ba4992ca49eda5a8,audits/final_run/logs/flat_sweep/sweep_seed303_det.json,audits/paper_extras/v4_runs/v2/bench2_seed303_det.json
303,det,free_market+rl_aux,5,47,413.6942316615093,919.3394997026475,0.44999070723635304,0,61,0.0,1.7150665776455298e-08,KHONG CO,KHONG CO,0.0,0.0,0.0,-90.2628242969513,0.0,14992.920554210488,97.34227008646116,0.0,0.003300159453848173,2.976064744572284,0d964d8,d3caadd556870d6a59cc5ef3930e5fabfad7bc9f109956e5ba4992ca49eda5a8,audits/final_run/logs/flat_sweep/sweep_seed303_det.json,audits/paper_extras/v4_runs/v2/bench2_seed303_det.json
303,det,free_market+rl_aux,6,48,377.3467485163614,903.4861510682787,0.4176563725633071,0,65,0.0,1.3759064350082895e-06,KHONG CO,KHONG CO,0.0,0.0,0.0,-90.2628242969513,0.0,14960.684384484419,129.5784398125391,0.0,0.003447016582803047,3.142070880172106,0d964d8,d3caadd556870d6a59cc5ef3930e5fabfad7bc9f109956e5ba4992ca49eda5a8,audits/final_run/logs/flat_sweep/sweep_seed303_det.json,audits/paper_extras/v4_runs/v2/bench2_seed303_det.json
303,det,free_market+rl_aux,7,49,412.73718814698236,918.3288810715205,0.44944376318143686,0,57,0.0,7.156087789006449e-08,KHONG CO,KHONG CO,0.0,0.0,0.0,-90.2628242969513,0.0,14617.041907374598,473.2209169223526,0.0,0.003147936581824078,2.8339850923566043,0d964d8,d3caadd556870d6a59cc5ef3930e5fabfad7bc9f109956e5ba4992ca49eda5a8,audits/final_run/logs/flat_sweep/sweep_seed303_det.json,audits/paper_extras/v4_runs/v2/bench2_seed303_det.json
303,det,free_market+rl_aux,8,50,404.36435085162844,917.526709883961,0.4407112583161401,0,65,0.0,6.491194093349861e-08,KHONG CO,KHONG CO,0.0,0.0,0.0,-90.2628242969513,0.0,15019.107474532942,71.15534976400915,0.0,0.0034470165828030465,3.0152476245006454,0d964d8,d3caadd556870d6a59cc5ef3930e5fabfad7bc9f109956e5ba4992ca49eda5a8,audits/final_run/logs/flat_sweep/sweep_seed303_det.json,audits/paper_extras/v4_runs/v2/bench2_seed303_det.json
303,det,free_market+rl_aux,9,51,347.8033495461641,846.4944308000917,0.4108749412768451,0,55,0.0,2.3741456867121258e-07,KHONG CO,KHONG CO,0.0,0.0,0.0,-90.2628242969513,0.0,15005.859964843954,84.40285945299382,0.0,0.0030696875957546012,3.2967809899367424,0d964d8,d3caadd556870d6a59cc5ef3930e5fabfad7bc9f109956e5ba4992ca49eda5a8,audits/final_run/logs/flat_sweep/sweep_seed303_det.json,audits/paper_extras/v4_runs/v2/bench2_seed303_det.json
303,det,rl_mean_fixed,0,42,406.60859447644043,941.0085518547954,0.4320987239435664,0,66,0.0,4.420083585521262e-05,KHONG CO,KHONG CO,11640.53667996748,9.883562985763701,10458.413154457035,-90.2628242969513,0.0,16077.262212595513,205.00770019763226,0.0,0.003482936123032932,3.8166873744445895,0d964d8,d3caadd556870d6a59cc5ef3930e5fabfad7bc9f109956e5ba4992ca49eda5a8,audits/final_run/logs/flat_sweep/sweep_seed303_det.json,audits/paper_extras/v4_runs/v2/bench2_seed303_det.json
303,det,rl_mean_fixed,1,43,418.1379211807008,999.4176913715215,0.4183815483663107,0,67,0.0,1.5051162096657578e-06,KHONG CO,KHONG CO,11471.444604640861,7.3666075783312746,10310.144832585269,-90.2628242969513,0.0,16031.949944142438,226.97925978843574,0.0,0.003518548658645468,3.3544222263286096,0d964d8,d3caadd556870d6a59cc5ef3930e5fabfad7bc9f109956e5ba4992ca49eda5a8,audits/final_run/logs/flat_sweep/sweep_seed303_det.json,audits/paper_extras/v4_runs/v2/bench2_seed303_det.json
303,det,rl_mean_fixed,2,44,384.6816739441772,967.8756660512595,0.3974494735605887,0,67,0.0,8.400153961307666e-06,KHONG CO,KHONG CO,11541.027091860124,12.281060539109339,10392.27032652673,-90.2628242969513,0.0,16048.989887664136,202.3107625053195,0.0,0.0035185486586454674,3.5530904113297566,0d964d8,d3caadd556870d6a59cc5ef3930e5fabfad7bc9f109956e5ba4992ca49eda5a8,audits/final_run/logs/flat_sweep/sweep_seed303_det.json,audits/paper_extras/v4_runs/v2/bench2_seed303_det.json
303,det,rl_mean_fixed,3,45,438.3533358034915,978.5635051756975,0.4479559410145658,0,65,0.0,1.4002694688652895e-05,KHONG CO,KHONG CO,11791.266393706383,10.070923989206282,10594.011807171175,-90.2628242969513,0.0,16013.957285897997,283.6310489233676,0.0,0.0034470165828030474,3.609053324487301,0d964d8,d3caadd556870d6a59cc5ef3930e5fabfad7bc9f109956e5ba4992ca49eda5a8,audits/final_run/logs/flat_sweep/sweep_seed303_det.json,audits/paper_extras/v4_runs/v2/bench2_seed303_det.json
303,det,rl_mean_fixed,4,46,381.9212866902882,906.419185299193,0.42135172432854306,0,68,0.0,2.2056631479028255e-06,KHONG CO,KHONG CO,11473.182382987923,3.938533153610541,10334.993754570465,-90.2628242969513,0.0,15919.879013409349,312.5109724586703,0.0,0.0035538593931087447,4.161260455570877,0d964d8,d3caadd556870d6a59cc5ef3930e5fabfad7bc9f109956e5ba4992ca49eda5a8,audits/final_run/logs/flat_sweep/sweep_seed303_det.json,audits/paper_extras/v4_runs/v2/bench2_seed303_det.json
303,det,rl_mean_fixed,5,47,401.2326990226523,971.5426103187542,0.4129851791997178,0,70,0.0,0.0,KHONG CO,KHONG CO,11555.201430307785,12.364161608542252,10416.322177113876,-90.2628242969513,0.0,15969.946862808647,271.5593762907517,0.0,0.0036235956209332075,3.7554226245525673,0d964d8,d3caadd556870d6a59cc5ef3930e5fabfad7bc9f109956e5ba4992ca49eda5a8,audits/final_run/logs/flat_sweep/sweep_seed303_det.json,audits/paper_extras/v4_runs/v2/bench2_seed303_det.json
303,det,rl_mean_fixed,6,48,390.0627079270773,911.6186537815032,0.42787925226085555,0,57,0.0,0.000519288202896373,KHONG CO,KHONG CO,11929.030397895727,9.421897446598297,10742.546471619487,-90.2628242969513,0.0,15987.814825257745,298.35382276203813,0.0,0.003147936581824078,4.034635714838779,0d964d8,d3caadd556870d6a59cc5ef3930e5fabfad7bc9f109956e5ba4992ca49eda5a8,audits/final_run/logs/flat_sweep/sweep_seed303_det.json,audits/paper_extras/v4_runs/v2/bench2_seed303_det.json
303,det,rl_mean_fixed,7,49,359.31785096003784,949.5828720422079,0.378395463459946,0,56,0.0,0.0,KHONG CO,KHONG CO,11775.318608997479,23.332259331990542,10586.891925293998,-90.2628242969513,0.0,16033.866056664425,268.15571066799856,0.0,0.00310899577185523,3.488677066982306,0d964d8,d3caadd556870d6a59cc5ef3930e5fabfad7bc9f109956e5ba4992ca49eda5a8,audits/final_run/logs/flat_sweep/sweep_seed303_det.json,audits/paper_extras/v4_runs/v2/bench2_seed303_det.json
303,det,rl_mean_fixed,8,50,402.01260987364606,918.0562023947458,0.4378954238585806,1,57,0.0,0.0,KHONG CO,KHONG CO,11716.140937160993,13.83268991707165,10529.755962534067,-90.2628242969513,0.0,16037.45710498502,253.79475837639419,0.0,0.0064948529879106836,3.8211992714183536,0d964d8,d3caadd556870d6a59cc5ef3930e5fabfad7bc9f109956e5ba4992ca49eda5a8,audits/final_run/logs/flat_sweep/sweep_seed303_det.json,audits/paper_extras/v4_runs/v2/bench2_seed303_det.json
303,det,rl_mean_fixed,9,51,349.3227301109226,905.8769777094234,0.38561828891403205,0,73,0.0,0.0006785937901339079,KHONG CO,KHONG CO,11509.569582238311,18.183729527291263,10380.805911293,-90.2628242969513,0.0,15971.247658996019,265.96256577353273,0.0,0.003726059226859065,4.165419984683274,0d964d8,d3caadd556870d6a59cc5ef3930e5fabfad7bc9f109956e5ba4992ca49eda5a8,audits/final_run/logs/flat_sweep/sweep_seed303_det.json,audits/paper_extras/v4_runs/v2/bench2_seed303_det.json
303,det,flat_pit0.10_cit0,0,42,284.1371162876327,906.367895355222,0.3134898287370099,0,62,0.6875,-0.31979725623469035,KHONG CO,KHONG CO,6537.968600290486,274.68177357679417,6101.616601381502,-90.2628242969513,0.0,15607.4991224082,193.79747437453003,0.0,0.0033373618348005534,2.951536605104996,0d964d8,d3caadd556870d6a59cc5ef3930e5fabfad7bc9f109956e5ba4992ca49eda5a8,audits/final_run/logs/flat_sweep/sweep_seed303_det.json,audits/paper_extras/v4_runs/v2/bench2_seed303_det.json
303,det,flat_pit0.10_cit0,1,43,309.38623986096553,944.3874584516091,0.3276051975194868,0,60,0.7083333333333334,-0.32070453474522315,KHONG CO,KHONG CO,6261.958524964257,243.40190417270352,5830.362621704569,-90.2628242969513,0.0,15562.284822764588,202.97580896474605,0.0,0.003262621916310636,2.640705355917572,0d964d8,d3caadd556870d6a59cc5ef3930e5fabfad7bc9f109956e5ba4992ca49eda5a8,audits/final_run/logs/flat_sweep/sweep_seed303_det.json,audits/paper_extras/v4_runs/v2/bench2_seed303_det.json
303,det,flat_pit0.10_cit0,2,44,259.8906876051668,917.0565601266583,0.28339657432827514,0,58,0.7041666666666667,-0.34984979221846535,KHONG CO,KHONG CO,6213.051881156756,262.876508343014,5818.874916769903,-90.2628242969513,0.0,15517.412330027319,229.90396699948576,0.0,0.0031865168287376583,2.7671176651867095,0d964d8,d3caadd556870d6a59cc5ef3930e5fabfad7bc9f109956e5ba4992ca49eda5a8,audits/final_run/logs/flat_sweep/sweep_seed303_det.json,audits/paper_extras/v4_runs/v2/bench2_seed303_det.json
303,det,flat_pit0.10_cit0,3,45,314.12138970776334,932.4909508724976,0.33686266811903265,0,58,0.7041666666666667,-0.332937529637998,KHONG CO,KHONG CO,6438.548172673086,272.70508787469663,6031.518540901842,-90.2628242969513,0.0,15430.604722580052,339.392821362828,0.0,0.003186516828737658,2.813862499075408,0d964d8,d3caadd556870d6a59cc5ef3930e5fabfad7bc9f109956e5ba4992ca49eda5a8,audits/final_run/logs/flat_sweep/sweep_seed303_det.json,audits/paper_extras/v4_runs/v2/bench2_seed303_det.json
303,det,flat_pit0.10_cit0,4,46,310.35619691941594,864.6725815845633,0.3589291525246122,0,59,0.7875,-0.546820637297771,KHONG CO,KHONG CO,7404.59311228095,261.06296267620485,6861.860303716759,-90.2628242969513,0.0,15475.143147376537,418.91544816078743,0.0,0.003224743128431848,3.239602469647257,0d964d8,d3caadd556870d6a59cc5ef3930e5fabfad7bc9f109956e5ba4992ca49eda5a8,audits/final_run/logs/flat_sweep/sweep_seed303_det.json,audits/paper_extras/v4_runs/v2/bench2_seed303_det.json
303,det,flat_pit0.10_cit0,5,47,296.7119935458776,889.9223115271598,0.33341336620350837,0,56,0.6375,-0.302452029483021,KHONG CO,KHONG CO,6645.501102525017,268.20450886587423,6214.179058028125,-90.2628242969513,0.0,15445.57925859099,344.21011906874156,0.0,0.00310899577185523,2.9299174186087424,0d964d8,d3caadd556870d6a59cc5ef3930e5fabfad7bc9f109956e5ba4992ca49eda5a8,audits/final_run/logs/flat_sweep/sweep_seed303_det.json,audits/paper_extras/v4_runs/v2/bench2_seed303_det.json
303,det,flat_pit0.10_cit0,6,48,317.56838863716683,882.291697220964,0.3599358235348258,0,58,0.7291666666666666,-0.3355706860993168,KHONG CO,KHONG CO,6883.832133885049,308.9049289801645,6465.3058293608565,-90.2628242969513,0.0,15478.160876470229,339.5331813310786,0.0,0.0031865168287376583,3.122551254353325,0d964d8,d3caadd556870d6a59cc5ef3930e5fabfad7bc9f109956e5ba4992ca49eda5a8,audits/final_run/logs/flat_sweep/sweep_seed303_det.json,audits/paper_extras/v4_runs/v2/bench2_seed303_det.json
303,det,flat_pit0.10_cit0,7,49,304.3677923756899,955.7700257512093,0.31845295853096567,0,71,0.625,-0.2858567600176513,KHONG CO,KHONG CO,6371.764015368377,287.13301561703355,5968.641809517871,-90.2628242969513,0.0,15599.987323663248,180.53072210125043,0.0,0.0036580308826411963,2.8087626988567953,0d964d8,d3caadd556870d6a59cc5ef3930e5fabfad7bc9f109956e5ba4992ca49eda5a8,audits/final_run/logs/flat_sweep/sweep_seed303_det.json,audits/paper_extras/v4_runs/v2/bench2_seed303_det.json
303,det,flat_pit0.10_cit0,8,50,322.13352753028835,876.1550961044812,0.36766724175039667,0,55,0.7375,-0.38884460894012085,KHONG CO,KHONG CO,6745.44496312243,280.6229742716133,6304.453686477816,-90.2628242969513,0.0,15513.687106048003,298.1899691651588,0.0,0.0030696875957546012,3.028333761078166,0d964d8,d3caadd556870d6a59cc5ef3930e5fabfad7bc9f109956e5ba4992ca49eda5a8,audits/final_run/logs/flat_sweep/sweep_seed303_det.json,audits/paper_extras/v4_runs/v2/bench2_seed303_det.json
303,det,flat_pit0.10_cit0,9,51,261.4071374351663,831.7236221091651,0.3142956752535955,0,50,0.6958333333333333,-0.33332245247986797,KHONG CO,KHONG CO,6889.93674765368,276.09376483254135,6442.40099547308,-90.2628242969513,0.0,15511.220011231037,302.67233007904406,0.0,0.0028673840804591465,3.260067142858601,0d964d8,d3caadd556870d6a59cc5ef3930e5fabfad7bc9f109956e5ba4992ca49eda5a8,audits/final_run/logs/flat_sweep/sweep_seed303_det.json,audits/paper_extras/v4_runs/v2/bench2_seed303_det.json
303,det,flat_pit0.20_cit0,0,42,215.121858385802,879.6060642193938,0.2445661383391119,0,46,0.8208333333333333,-0.9748746460988092,KHONG CO,KHONG CO,11517.778145657683,475.16022496647645,10777.69515152919,-90.2628242969513,0.0,16006.820615866694,298.6854275252264,0.0,0.0026981575384417357,2.783123025961943,0d964d8,d3caadd556870d6a59cc5ef3930e5fabfad7bc9f109956e5ba4992ca49eda5a8,audits/final_run/logs/flat_sweep/sweep_seed303_det.json,audits/paper_extras/v4_runs/v2/bench2_seed303_det.json
303,det,flat_pit0.20_cit0,1,43,263.31799364577176,968.2637607132895,0.2719486201278396,0,65,0.8458333333333333,-1.0811897071993624,KHONG CO,KHONG CO,12536.871650738962,438.0390622014702,11631.676631474018,-90.2628242969513,0.0,16072.674774223438,360.8221315399254,0.0,0.003447016582803047,2.6155878485945356,0d964d8,d3caadd556870d6a59cc5ef3930e5fabfad7bc9f109956e5ba4992ca49eda5a8,audits/final_run/logs/flat_sweep/sweep_seed303_det.json,audits/paper_extras/v4_runs/v2/bench2_seed303_det.json
303,det,flat_pit0.20_cit0,2,44,263.47755034579126,934.776505526456,0.28186154528713103,0,62,0.7958333333333333,-0.9856512003959179,KHONG CO,KHONG CO,13591.600836545576,467.26166279904214,12635.540936619867,-90.2628242969513,0.0,16036.175564741767,477.40882227995064,0.0,0.003337361834800554,2.865903162070833,0d964d8,d3caadd556870d6a59cc5ef3930e5fabfad7bc9f109956e5ba4992ca49eda5a8,audits/final_run/logs/flat_sweep/sweep_seed303_det.json,audits/paper_extras/v4_runs/v2/bench2_seed303_det.json
303,det,flat_pit0.20_cit0,3,45,265.9375309048208,935.7162556431409,0.28420744996252667,0,60,0.8666666666666667,-1.0305213974228777,KHONG CO,KHONG CO,12797.144145063614,524.3583082327724,11947.371622283134,-90.2628242969513,0.0,15980.587712903101,483.80594240710445,0.0,0.003262621916310635,2.805178079671586,0d964d8,d3caadd556870d6a59cc5ef3930e5fabfad7bc9f109956e5ba4992ca49eda5a8,audits/final_run/logs/flat_sweep/sweep_seed303_det.json,audits/paper_extras/v4_runs/v2/bench2_seed303_det.json
303,det,flat_pit0.20_cit0,4,46,280.15987649420026,876.8648104389234,0.3195017899668746,3,67,0.8708333333333333,-2.195656330605776,KHONG CO,KHONG CO,14594.956096544918,486.2219859719483,13519.600040228477,-98.53691652417183,6.887923948466778,16015.756118691907,637.9036799298992,0.0,0.004659070812098655,3.21411030351494,0d964d8,d3caadd556870d6a59cc5ef3930e5fabfad7bc9f109956e5ba4992ca49eda5a8,audits/final_run/logs/flat_sweep/sweep_seed303_det.json,audits/paper_extras/v4_runs/v2/bench2_seed303_det.json
303,det,flat_pit0.20_cit0,5,47,233.40679672512928,884.8147884681332,0.2637916994235856,0,56,0.8583333333333333,-1.0006462214395615,KHONG CO,KHONG CO,12871.65897424684,465.2776375511041,11987.451515518766,-90.2628242969513,0.0,15928.95218932315,510.79573125298396,0.0,0.00310899577185523,2.8875757959054913,0d964d8,d3caadd556870d6a59cc5ef3930e5fabfad7bc9f109956e5ba4992ca49eda5a8,audits/final_run/logs/flat_sweep/sweep_seed303_det.json,audits/paper_extras/v4_runs/v2/bench2_seed303_det.json
303,det,flat_pit0.20_cit0,6,48,260.7516448101046,883.7174862327709,0.29506222166279816,0,60,0.8291666666666667,-1.3102858478170807,KHONG CO,KHONG CO,13726.797662744355,563.9259000529921,12840.012711254265,-90.2628242969513,0.0,16003.051283760004,537.9223920800234,0.0,0.0032626219163106357,3.126702384432241,0d964d8,d3caadd556870d6a59cc5ef3930e5fabfad7bc9f109956e5ba4992ca49eda5a8,audits/final_run/logs/flat_sweep/sweep_seed303_det.json,audits/paper_extras/v4_runs/v2/bench2_seed303_det.json
303,det,flat_pit0.20_cit0,7,49,271.25641786274537,931.7991258559935,0.29111040173337444,2,61,0.8083333333333333,-0.9358835023511023,KHONG CO,KHONG CO,12661.2910106106,513.1618191919729,11804.514577291575,-95.90425081551075,0.2087249681353569,16072.062038218044,393.8226076478821,0.0,0.004505834652260374,2.814799345378582,0d964d8,d3caadd556870d6a59cc5ef3930e5fabfad7bc9f109956e5ba4992ca49eda5a8,audits/final_run/logs/flat_sweep/sweep_seed303_det.json,audits/paper_extras/v4_runs/v2/bench2_seed303_det.json
303,det,flat_pit0.20_cit0,8,50,224.95226279963302,883.8529466492529,0.2545132237805423,0,59,0.875,-1.9427759030874954,KHONG CO,KHONG CO,12794.61811075154,512.6010664671746,11959.742847634676,-90.2628242969513,0.0,16025.154295638808,412.58485824218405,0.0,0.003224743128431848,2.94257149825187,0d964d8,d3caadd556870d6a59cc5ef3930e5fabfad7bc9f109956e5ba4992ca49eda5a8,audits/final_run/logs/flat_sweep/sweep_seed303_det.json,audits/paper_extras/v4_runs/v2/bench2_seed303_det.json
303,det,flat_pit0.20_cit0,9,51,260.23190120305765,835.231627614721,0.3115685429037638,0,54,0.8625,-2.0440816052022717,KHONG CO,KHONG CO,14305.47319292386,514.3320700001068,13296.159996178341,-90.2628242969513,0.0,15976.912570704246,636.9955203383281,0.0,0.003030005056072062,3.302284460538759,0d964d8,d3caadd556870d6a59cc5ef3930e5fabfad7bc9f109956e5ba4992ca49eda5a8,audits/final_run/logs/flat_sweep/sweep_seed303_det.json,audits/paper_extras/v4_runs/v2/bench2_seed303_det.json
303,det,flat_pit0.30_cit0,0,42,218.4718613281632,898.8516216409548,0.24305664702403074,0,58,0.8666666666666667,-2.042385298729956,KHONG CO,KHONG CO,17909.274498411753,635.5367321134839,16616.33720444849,-90.2628242969513,0.0,16543.057350674564,475.6794996991507,0.0,0.0031865168287376583,2.8326160323258827,0d964d8,d3caadd556870d6a59cc5ef3930e5fabfad7bc9f109956e5ba4992ca49eda5a8,audits/final_run/logs/flat_sweep/sweep_seed303_det.json,audits/paper_extras/v4_runs/v2/bench2_seed303_det.json
303,det,flat_pit0.30_cit0,1,43,273.2135845501514,944.2962217212684,0.2893303798803051,0,62,0.8958333333333334,-3.667514986524111,KHONG CO,KHONG CO,18369.331058471384,612.3638363152038,17020.53355181366,-90.2628242969513,0.0,16520.881866810367,530.5423004594957,0.0,0.0033373618348005543,2.6278916711797478,0d964d8,d3caadd556870d6a59cc5ef3930e5fabfad7bc9f109956e5ba4992ca49eda5a8,audits/final_run/logs/flat_sweep/sweep_seed303_det.json,audits/paper_extras/v4_runs/v2/bench2_seed303_det.json
303,det,flat_pit0.30_cit0,2,44,239.07476512035393,920.3383331013903,0.25976834444645036,1,58,0.8583333333333333,-1.7829132902394957,KHONG CO,KHONG CO,18953.85054576243,617.7936820553047,17590.886814330705,-90.2628242969513,0.0,16529.428403187867,541.3738548245309,0.0,0.0031880006843881805,2.796969960216815,0d964d8,d3caadd556870d6a59cc5ef3930e5fabfad7bc9f109956e5ba4992ca49eda5a8,audits/final_run/logs/flat_sweep/sweep_seed303_det.json,audits/paper_extras/v4_runs/v2/bench2_seed303_det.json
303,det,flat_pit0.30_cit0,3,45,280.37352980441295,926.1882487253931,0.3027176496681522,1,54,0.8875,-4.096588271944716,KHONG CO,KHONG CO,18970.32059450737,733.8853970101179,17650.706756307893,-90.2628242969513,0.0,16504.032239983866,639.5118589536759,0.0,0.0030300050560720616,2.808190716549121,0d964d8,d3caadd556870d6a59cc5ef3930e5fabfad7bc9f109956e5ba4992ca49eda5a8,audits/final_run/logs/flat_sweep/sweep_seed303_det.json,audits/paper_extras/v4_runs/v2/bench2_seed303_det.json
303,det,flat_pit0.30_cit0,4,46,168.56238842620263,859.5305938964418,0.19610981810673211,1,56,0.9,-5.081674804175211,KHONG CO,KHONG CO,19397.084685876274,769.655704392646,18103.034626485332,-90.2628242969513,0.0,16947.2901767547,206.4602120044822,0.0,0.0031089957718552306,3.0729264254102944,0d964d8,d3caadd556870d6a59cc5ef3930e5fabfad7bc9f109956e5ba4992ca49eda5a8,audits/final_run/logs/flat_sweep/sweep_seed303_det.json,audits/paper_extras/v4_runs/v2/bench2_seed303_det.json
303,det,flat_pit0.30_cit0,5,47,191.3345274197196,927.6107390917016,0.20626596842450384,1,67,0.8916666666666667,-1.9922625112214232,KHONG CO,KHONG CO,19523.371191475595,652.1770715509433,18098.316726793724,-90.2628242969513,0.0,16906.23404703926,261.04271210507306,0.0,0.003520138503985313,2.8752427703624543,0d964d8,d3caadd556870d6a59cc5ef3930e5fabfad7bc9f109956e5ba4992ca49eda5a8,audits/final_run/logs/flat_sweep/sweep_seed303_det.json,audits/paper_extras/v4_runs/v2/bench2_seed303_det.json
303,det,flat_pit0.30_cit0,6,48,194.8541513468727,902.3283338687082,0.21594595230257352,0,59,0.8541666666666666,-2.6717331862921494,KHONG CO,KHONG CO,20286.714664194587,814.1424189828392,18936.94793923069,-90.2628242969513,0.0,17038.516042983636,215.65592526002942,0.0,0.003224743128431848,3.1086665135501304,0d964d8,d3caadd556870d6a59cc5ef3930e5fabfad7bc9f109956e5ba4992ca49eda5a8,audits/final_run/logs/flat_sweep/sweep_seed303_det.json,audits/paper_extras/v4_runs/v2/bench2_seed303_det.json
303,det,flat_pit0.30_cit0,7,49,271.605944810587,928.4582934724983,0.2925343515374955,0,67,0.8583333333333333,-1.680988288887844,KHONG CO,KHONG CO,18859.102646050662,711.052772126678,17538.589070072765,-90.2628242969513,0.0,16627.73213671124,494.0970356902782,0.0,0.003518548658645468,2.830748891089118,0d964d8,d3caadd556870d6a59cc5ef3930e5fabfad7bc9f109956e5ba4992ca49eda5a8,audits/final_run/logs/flat_sweep/sweep_seed303_det.json,audits/paper_extras/v4_runs/v2/bench2_seed303_det.json
303,det,flat_pit0.30_cit0,8,50,273.0310504790527,889.1748241395514,0.3070611572288532,0,59,0.9083333333333333,-4.01574684212698,KHONG CO,KHONG CO,18754.238353251665,736.6143114184484,17468.85120417232,-90.2628242969513,0.0,16531.4855660799,580.7787187148484,0.0,0.0032247431284318476,2.9162083353654595,0d964d8,d3caadd556870d6a59cc5ef3930e5fabfad7bc9f109956e5ba4992ca49eda5a8,audits/final_run/logs/flat_sweep/sweep_seed303_det.json,audits/paper_extras/v4_runs/v2/bench2_seed303_det.json
303,det,flat_pit0.30_cit0,9,51,179.53903717039447,836.8704046939486,0.21453624857967535,1,61,0.8875,-3.6331210872066855,KHONG CO,KHONG CO,20170.69788630297,714.4921095274432,18769.04385293757,-90.2628242969513,0.0,16995.328763707163,210.8012254614548,0.0,0.0033055772427711167,3.2570114173531706,0d964d8,d3caadd556870d6a59cc5ef3930e5fabfad7bc9f109956e5ba4992ca49eda5a8,audits/final_run/logs/flat_sweep/sweep_seed303_det.json,audits/paper_extras/v4_runs/v2/bench2_seed303_det.json
303,det,flat_pit0.50_cit0,0,42,185.07940801643258,841.382603320457,0.21997056664355763,32,60,0.9166666666666666,-8.556386613574505,KHONG CO,KHONG CO,25127.094763286557,977.3287150928712,23421.921902867954,-90.2628242969513,0.0,17449.94014484123,301.4217561401156,0.0,0.0036382176142222343,2.7616325614513975,0d964d8,d3caadd556870d6a59cc5ef3930e5fabfad7bc9f109956e5ba4992ca49eda5a8,audits/final_run/logs/flat_sweep/sweep_seed303_det.json,audits/paper_extras/v4_runs/v2/bench2_seed303_det.json
303,det,flat_pit0.50_cit0,1,43,191.99916256817565,901.0755112496884,0.21307777225228863,25,56,0.925,-8.961461879163634,KHONG CO,KHONG CO,24623.754644316792,1012.9099883537394,22998.633710279093,-90.2628242969513,0.0,17494.408762356434,220.06551516282792,0.0,0.003294075533142878,2.473130355530848,0d964d8,d3caadd556870d6a59cc5ef3930e5fabfad7bc9f109956e5ba4992ca49eda5a8,audits/final_run/logs/flat_sweep/sweep_seed303_det.json,audits/paper_extras/v4_runs/v2/bench2_seed303_det.json
303,det,flat_pit0.50_cit0,2,44,194.23662716389816,889.5898415271499,0.2183440256359651,38,66,0.9125,-8.62834407098131,KHONG CO,KHONG CO,25716.101374040896,942.1360856930661,23933.49439875914,-90.2628242969513,0.0,17494.67462522873,299.44722256751203,0.0,0.0038448046200900495,2.621781197112876,0d964d8,d3caadd556870d6a59cc5ef3930e5fabfad7bc9f109956e5ba4992ca49eda5a8,audits/final_run/logs/flat_sweep/sweep_seed303_det.json,audits/paper_extras/v4_runs/v2/bench2_seed303_det.json
303,det,flat_pit0.50_cit0,3,45,237.6090782962741,901.2886410574594,0.2636326116542347,28,59,0.9166666666666666,-7.717280501591249,KHONG CO,KHONG CO,26679.28903744154,1051.288467595951,24892.460799585075,-90.2628242969513,0.0,17475.363704226947,437.52970210120276,0.0,0.0034572397256915155,2.672216382623018,0d964d8,d3caadd556870d6a59cc5ef3930e5fabfad7bc9f109956e5ba4992ca49eda5a8,audits/final_run/logs/flat_sweep/sweep_seed303_det.json,audits/paper_extras/v4_runs/v2/bench2_seed303_det.json
303,det,flat_pit0.50_cit0,4,46,196.50149939283526,775.167062124586,0.25349567724699484,42,60,0.9208333333333333,-11.632771874796141,KHONG CO,KHONG CO,25555.92770777492,2622.745656846098,25310.27613907672,-90.2628242969513,0.0,17452.06817234282,478.2702376584161,0.0,0.0038840512808311425,2.936370793719336,0d964d8,d3caadd556870d6a59cc5ef3930e5fabfad7bc9f109956e5ba4992ca49eda5a8,audits/final_run/logs/flat_sweep/sweep_seed303_det.json,audits/paper_extras/v4_runs/v2/bench2_seed303_det.json
303,det,flat_pit0.50_cit0,5,47,203.3331380162566,873.032041284963,0.23290455378588726,31,59,0.925,-8.202579327506369,KHONG CO,KHONG CO,26785.781942989677,1034.5972278480983,24959.784858401323,-90.2628242969513,0.0,17502.561125475022,430.968352367155,0.0,0.0034758805931558363,2.741944162137332,0d964d8,d3caadd556870d6a59cc5ef3930e5fabfad7bc9f109956e5ba4992ca49eda5a8,audits/final_run/logs/flat_sweep/sweep_seed303_det.json,audits/paper_extras/v4_runs/v2/bench2_seed303_det.json
303,det,flat_pit0.50_cit0,6,48,197.7142006730886,842.229152555818,0.23475107703539777,39,61,0.9125,-10.721435505511176,KHONG CO,KHONG CO,26438.443857043585,1209.331003377406,24802.90997800967,-90.2628242969513,0.0,17490.623671202044,419.52264565317955,0.0,0.0037759123120209587,2.871849245917491,0d964d8,d3caadd556870d6a59cc5ef3930e5fabfad7bc9f109956e5ba4992ca49eda5a8,audits/final_run/logs/flat_sweep/sweep_seed303_det.json,audits/paper_extras/v4_runs/v2/bench2_seed303_det.json
303,det,flat_pit0.50_cit0,7,49,196.92682140978002,895.1363140830323,0.2199964612222326,25,58,0.9083333333333333,-7.827571341923615,KHONG CO,KHONG CO,25053.801942925176,1117.1384084524539,23495.78734106498,-90.2628242969513,0.0,17587.778830803327,164.17391391334948,0.0,0.0033500059085077544,2.646753857146034,0d964d8,d3caadd556870d6a59cc5ef3930e5fabfad7bc9f109956e5ba4992ca49eda5a8,audits/final_run/logs/flat_sweep/sweep_seed303_det.json,audits/paper_extras/v4_runs/v2/bench2_seed303_det.json
303,det,flat_pit0.50_cit0,8,50,180.4657856456334,835.793055096423,0.21592161426229317,35,53,0.925,-10.274764317436416,KHONG CO,KHONG CO,25815.054467365666,1065.4677663173159,24125.553784430354,-90.2628242969513,0.0,17571.770706455267,252.23112220819496,0.0,0.0031756419948726763,2.7978186930844364,0d964d8,d3caadd556870d6a59cc5ef3930e5fabfad7bc9f109956e5ba4992ca49eda5a8,audits/final_run/logs/flat_sweep/sweep_seed303_det.json,audits/paper_extras/v4_runs/v2/bench2_seed303_det.json
303,det,flat_pit0.50_cit0,9,51,170.33306188239195,765.0049188978495,0.2226561655679189,46,62,0.9208333333333333,-12.188609039282046,KHONG CO,KHONG CO,26649.603401410244,1617.9401156515185,25390.247390276276,-90.2628242969513,0.0,17522.74591108093,413.44867278896504,0.0,0.0038081296909830754,3.1145065018396667,0d964d8,d3caadd556870d6a59cc5ef3930e5fabfad7bc9f109956e5ba4992ca49eda5a8,audits/final_run/logs/flat_sweep/sweep_seed303_det.json,audits/paper_extras/v4_runs/v2/bench2_seed303_det.json
303,det,flat_pit0_cit0.10,0,42,392.6442503362908,917.1512296481066,0.4281128756562218,0,63,0.0,2.716350098630471e-06,KHONG CO,KHONG CO,3228.496736811522,2.7767586830143767,2909.6564778312904,-90.2628242969513,0.0,15082.780677556695,329.09916440350247,0.0,0.0033742349911427367,3.1804060239360767,0d964d8,d3caadd556870d6a59cc5ef3930e5fabfad7bc9f109956e5ba4992ca49eda5a8,audits/final_run/logs/flat_sweep/sweep_seed303_det.json,audits/paper_extras/v4_runs/v2/bench2_seed303_det.json
303,det,flat_pit0_cit0.10,1,43,453.95973806693127,990.1075190375569,0.45849539503366965,0,68,0.0,1.0847329701135777e-08,KHONG CO,KHONG CO,3185.4102812027954,1.4096948336055213,2869.7444800047942,-90.2628242969513,0.0,15012.573726496721,394.7645938318337,0.0,0.003553859393108745,2.8462663200349234,0d964d8,d3caadd556870d6a59cc5ef3930e5fabfad7bc9f109956e5ba4992ca49eda5a8,audits/final_run/logs/flat_sweep/sweep_seed303_det.json,audits/paper_extras/v4_runs/v2/bench2_seed303_det.json
303,det,flat_pit0_cit0.10,2,44,368.1353603763733,949.4902001180376,0.387718967853073,0,68,0.0,8.656433125864282e-09,KHONG CO,KHONG CO,3216.080789930511,4.657312798199167,2900.0933512873844,-90.2628242969513,0.0,14955.051323596388,455.8562521418907,0.0,0.0035538593931087447,3.048741910216771,0d964d8,d3caadd556870d6a59cc5ef3930e5fabfad7bc9f109956e5ba4992ca49eda5a8,audits/final_run/logs/flat_sweep/sweep_seed303_det.json,audits/paper_extras/v4_runs/v2/bench2_seed303_det.json
303,det,flat_pit0_cit0.10,3,45,442.1337214222677,947.8174996661329,0.466475583725779,0,58,0.0,7.664001322460479e-08,KHONG CO,KHONG CO,3280.7472235938912,1.9759655413261645,2956.0896291841477,-90.2628242969513,0.0,15028.558186958697,388.3381972893338,0.0,0.0031865168287376583,3.0670269062140156,0d964d8,d3caadd556870d6a59cc5ef3930e5fabfad7bc9f109956e5ba4992ca49eda5a8,audits/final_run/logs/flat_sweep/sweep_seed303_det.json,audits/paper_extras/v4_runs/v2/bench2_seed303_det.json
303,det,flat_pit0_cit0.10,4,46,329.0545608187798,866.4333329078596,0.37978058821263394,0,58,0.0,1.8993009731627097e-06,KHONG CO,KHONG CO,3157.0658676841467,3.589119412923489,2846.114290900484,-90.2628242969513,0.0,14969.522502571788,435.28101792174533,0.0,0.0031865168287376574,3.39935602096128,0d964d8,d3caadd556870d6a59cc5ef3930e5fabfad7bc9f109956e5ba4992ca49eda5a8,audits/final_run/logs/flat_sweep/sweep_seed303_det.json,audits/paper_extras/v4_runs/v2/bench2_seed303_det.json
303,det,flat_pit0_cit0.10,5,47,390.05318646847456,922.5915498196285,0.4227799252494042,0,58,0.0,7.005230928669448e-08,KHONG CO,KHONG CO,3200.1190388787395,2.7994700135004207,2884.106477517205,-90.2628242969513,0.0,14959.086104296712,449.9887513752681,0.0,0.003186516828737658,3.1593624118187047,0d964d8,d3caadd556870d6a59cc5ef3930e5fabfad7bc9f109956e5ba4992ca49eda5a8,audits/final_run/logs/flat_sweep/sweep_seed303_det.json,audits/paper_extras/v4_runs/v2/bench2_seed303_det.json
303,det,flat_pit0_cit0.10,6,48,334.279726869742,875.9041401658064,0.3816396241790382,1,57,0.0,1.372556429846128e-06,KHONG CO,KHONG CO,3284.6075762819196,4.355832415362303,2961.678490188156,-90.2628242969513,0.41871596972315733,14943.803815955884,473.7018107603066,0.0,0.003979587143443111,3.3499403599809643,0d964d8,d3caadd556870d6a59cc5ef3930e5fabfad7bc9f109956e5ba4992ca49eda5a8,audits/final_run/logs/flat_sweep/sweep_seed303_det.json,audits/paper_extras/v4_runs/v2/bench2_seed303_det.json
303,det,flat_pit0_cit0.10,7,49,326.77808250698837,934.6554271360375,0.3496241213816077,0,55,0.0,0.0008245486926143908,KHONG CO,KHONG CO,3265.001513005228,7.221602871507186,2946.2596966424685,-90.2628242969513,0.0,15021.550395833236,394.67584769798464,0.0,0.0030696875957546017,2.8925355482818986,0d964d8,d3caadd556870d6a59cc5ef3930e5fabfad7bc9f109956e5ba4992ca49eda5a8,audits/final_run/logs/flat_sweep/sweep_seed303_det.json,audits/paper_extras/v4_runs/v2/bench2_seed303_det.json
303,det,flat_pit0_cit0.10,8,50,417.8210957883249,921.5521373471614,0.4533884506969853,0,64,0.0,5.080384217759359e-07,KHONG CO,KHONG CO,3260.3208085928095,3.0632740168314827,2938.704596632736,-90.2628242969513,0.0,15084.982581375702,329.95972889815175,0.0,0.003410784698745076,3.2458804860493005,0d964d8,d3caadd556870d6a59cc5ef3930e5fabfad7bc9f109956e5ba4992ca49eda5a8,audits/final_run/logs/flat_sweep/sweep_seed303_det.json,audits/paper_extras/v4_runs/v2/bench2_seed303_det.json
303,det,flat_pit0_cit0.10,9,51,347.6901898753538,844.8043121569646,0.4115629914194294,0,57,0.0,2.2155601007156633e-06,KHONG CO,KHONG CO,3199.5468361581406,6.273923338241005,2886.7749486596795,-90.2628242969513,0.0,15004.365354476195,404.9432806574644,0.0,0.0031479365818240777,3.534089504695757,0d964d8,d3caadd556870d6a59cc5ef3930e5fabfad7bc9f109956e5ba4992ca49eda5a8,audits/final_run/logs/flat_sweep/sweep_seed303_det.json,audits/paper_extras/v4_runs/v2/bench2_seed303_det.json
303,det,flat_pit0_cit0.20,0,42,410.0757204664824,926.7459121997196,0.4424899155941553,0,63,0.0,7.891115768132728e-05,KHONG CO,KHONG CO,7292.182106178795,6.688449130515935,6566.021486182793,-90.2628242969513,0.0,15618.84387180645,204.2680216170187,0.0,0.0033742349911427367,3.4918516532078394,0d964d8,d3caadd556870d6a59cc5ef3930e5fabfad7bc9f109956e5ba4992ca49eda5a8,audits/final_run/logs/flat_sweep/sweep_seed303_det.json,audits/paper_extras/v4_runs/v2/bench2_seed303_det.json
303,det,flat_pit0_cit0.20,1,43,426.08109314950406,980.6746736956563,0.43447751285737246,0,61,0.0,1.1942155397903775e-07,KHONG CO,KHONG CO,7179.430821783061,3.506523681747656,6468.2459274852745,-90.2628242969513,0.0,15545.71865504505,259.2355872314339,0.0,0.0033001594538481734,3.0782422206184177,0d964d8,d3caadd556870d6a59cc5ef3930e5fabfad7bc9f109956e5ba4992ca49eda5a8,audits/final_run/logs/flat_sweep/sweep_seed303_det.json,audits/paper_extras/v4_runs/v2/bench2_seed303_det.json
303,det,flat_pit0_cit0.20,2,44,321.1273995537182,968.7451109241425,0.3314880208761787,0,66,0.0,2.1151086022630494e-06,KHONG CO,KHONG CO,7195.2475028142135,12.248483675096653,6490.011032212838,-90.2628242969513,0.0,15498.24046021953,309.50731835389996,0.0,0.003482936123032932,3.2403374188158094,0d964d8,d3caadd556870d6a59cc5ef3930e5fabfad7bc9f109956e5ba4992ca49eda5a8,audits/final_run/logs/flat_sweep/sweep_seed303_det.json,audits/paper_extras/v4_runs/v2/bench2_seed303_det.json
303,det,flat_pit0_cit0.20,3,45,425.0646148397656,942.5625047661746,0.4509670315659471,0,56,0.0,3.4607175640744003e-06,KHONG CO,KHONG CO,7377.037111887722,5.934182770828736,6648.3443780828475,-90.2628242969513,0.0,15495.607663252167,329.282077620484,0.0,0.00310899577185523,3.3164698325086674,0d964d8,d3caadd556870d6a59cc5ef3930e5fabfad7bc9f109956e5ba4992ca49eda5a8,audits/final_run/logs/flat_sweep/sweep_seed303_det.json,audits/paper_extras/v4_runs/v2/bench2_seed303_det.json
303,det,flat_pit0_cit0.20,4,46,346.54436021707437,887.4609777717254,0.3904896878814803,0,63,0.0,1.9639996925890912e-05,KHONG CO,KHONG CO,7134.218660914143,7.607863580174521,6431.081323152697,-90.2628242969513,0.0,15505.324854027827,295.6831716107393,0.0,0.003374234991142737,3.7144858448905875,0d964d8,d3caadd556870d6a59cc5ef3930e5fabfad7bc9f109956e5ba4992ca49eda5a8,audits/final_run/logs/flat_sweep/sweep_seed303_det.json,audits/paper_extras/v4_runs/v2/bench2_seed303_det.json
303,det,flat_pit0_cit0.20,5,47,410.1485756678381,947.5447868712773,0.43285402584728294,0,63,0.0,9.684773580875827e-07,KHONG CO,KHONG CO,7232.679114441124,7.917912563026159,6519.897093919731,-90.2628242969513,0.0,15504.92004537139,306.04271200998795,0.0,0.0033742349911427367,3.4489876834965205,0d964d8,d3caadd556870d6a59cc5ef3930e5fabfad7bc9f109956e5ba4992ca49eda5a8,audits/final_run/logs/flat_sweep/sweep_seed303_det.json,audits/paper_extras/v4_runs/v2/bench2_seed303_det.json
303,det,flat_pit0_cit0.20,6,48,407.6559375790553,917.5433046865326,0.44429067870352557,1,66,0.0,1.1077313984975135e-05,KHONG CO,KHONG CO,7425.567405821608,5.632800293250054,6691.857792829752,-90.2628242969513,0.5336267783116331,15403.247286738748,426.0421385388454,0.0,0.0041336141814298745,3.699744629870233,0d964d8,d3caadd556870d6a59cc5ef3930e5fabfad7bc9f109956e5ba4992ca49eda5a8,audits/final_run/logs/flat_sweep/sweep_seed303_det.json,audits/paper_extras/v4_runs/v2/bench2_seed303_det.json
303,det,flat_pit0_cit0.20,7,49,333.0212050618873,942.8519330243097,0.35320626006851596,0,52,0.0,0.010534050283206087,KHONG CO,KHONG CO,7360.207395490664,15.616527460269209,6640.766617856835,-90.2628242969513,0.0,15539.261520085896,286.05860930514376,0.0,0.0029494878790743023,3.1741119106299327,0d964d8,d3caadd556870d6a59cc5ef3930e5fabfad7bc9f109956e5ba4992ca49eda5a8,audits/final_run/logs/flat_sweep/sweep_seed303_det.json,audits/paper_extras/v4_runs/v2/bench2_seed303_det.json
303,det,flat_pit0_cit0.20,8,50,420.81556112040033,918.3623771801332,0.45822386846086904,0,60,0.0,0.0,KHONG CO,KHONG CO,7367.515649817039,7.881606727699211,6641.606771112371,-90.2628242969513,0.0,15568.715518355164,255.33779137415922,0.0,0.0032626219163106357,3.5435886957946674,0d964d8,d3caadd556870d6a59cc5ef3930e5fabfad7bc9f109956e5ba4992ca49eda5a8,audits/final_run/logs/flat_sweep/sweep_seed303_det.json,audits/paper_extras/v4_runs/v2/bench2_seed303_det.json
303,det,flat_pit0_cit0.20,9,51,331.8697570216912,873.6424131785293,0.37986909977763805,0,63,0.0,2.299842069541924e-05,KHONG CO,KHONG CO,7203.932323291947,10.74641609287431,6496.760322107742,-90.2628242969513,0.0,15521.731188415826,286.45005315820936,0.0,0.003374234991142737,3.7961661045597532,0d964d8,d3caadd556870d6a59cc5ef3930e5fabfad7bc9f109956e5ba4992ca49eda5a8,audits/final_run/logs/flat_sweep/sweep_seed303_det.json,audits/paper_extras/v4_runs/v2/bench2_seed303_det.json
303,det,flat_pit0_cit0.30,0,42,402.40726474991857,929.7046978500283,0.4328334208491128,1,62,0.0,0.00014766433697799286,KHONG CO,KHONG CO,12484.64028840221,10.312738727268087,11230.16516970358,-90.2628242969513,2.971587862440389,16080.24297225004,272.15592538236723,0.0,0.0038819007262147053,3.8807736687279393,0d964d8,d3caadd556870d6a59cc5ef3930e5fabfad7bc9f109956e5ba4992ca49eda5a8,audits/final_run/logs/flat_sweep/sweep_seed303_det.json,audits/paper_extras/v4_runs/v2/bench2_seed303_det.json
303,det,flat_pit0_cit0.30,1,43,417.84458530186185,991.795173181935,0.4213012894197786,0,62,0.0,2.1012826436628274e-06,KHONG CO,KHONG CO,12300.915915468688,5.560958006000822,11061.671211794235,-90.2628242969513,0.0,16061.718280871355,273.3502051060564,0.0,0.0033373618348005543,3.403434775017636,0d964d8,d3caadd556870d6a59cc5ef3930e5fabfad7bc9f109956e5ba4992ca49eda5a8,audits/final_run/logs/flat_sweep/sweep_seed303_det.json,audits/paper_extras/v4_runs/v2/bench2_seed303_det.json
303,det,flat_pit0_cit0.30,2,44,402.5787920389182,958.5901555703889,0.41996967077068736,0,70,0.0,5.961009008403906e-06,KHONG CO,KHONG CO,12372.490600247522,11.215456914216258,11100.468856499056,-90.2628242969513,0.0,16079.493986742169,294.0060382174657,0.0,0.0036235956209332075,3.6176980995907835,0d964d8,d3caadd556870d6a59cc5ef3930e5fabfad7bc9f109956e5ba4992ca49eda5a8,audits/final_run/logs/flat_sweep/sweep_seed303_det.json,audits/paper_extras/v4_runs/v2/bench2_seed303_det.json
303,det,flat_pit0_cit0.30,3,45,436.8499344336277,1002.7861282529154,0.43563619611962623,1,73,0.0,9.559395994340747e-06,KHONG CO,KHONG CO,12636.564897818047,10.84484856677271,11389.036243631846,-90.2628242969513,2.295974649488926,16024.69847804673,321.8393791603847,0.0,0.00409115196936828,3.655921813470555,0d964d8,d3caadd556870d6a59cc5ef3930e5fabfad7bc9f109956e5ba4992ca49eda5a8,audits/final_run/logs/flat_sweep/sweep_seed303_det.json,audits/paper_extras/v4_runs/v2/bench2_seed303_det.json
303,det,flat_pit0_cit0.30,4,46,381.0378539250588,900.4568699264877,0.423160582867413,0,63,0.0,3.5017348949395455e-06,KHONG CO,KHONG CO,12274.069084173736,3.8453086350470382,11056.160966346592,-90.2628242969513,0.0,15924.368942881776,387.64730787736886,0.0,0.0033742349911427367,4.2200848677767775,0d964d8,d3caadd556870d6a59cc5ef3930e5fabfad7bc9f109956e5ba4992ca49eda5a8,audits/final_run/logs/flat_sweep/sweep_seed303_det.json,audits/paper_extras/v4_runs/v2/bench2_seed303_det.json
303,det,flat_pit0_cit0.30,5,47,409.34279034424156,966.9341228884148,0.4233409294952353,0,65,0.0,0.0,KHONG CO,KHONG CO,12381.611043908308,14.216278312781697,11161.889796145519,-90.2628242969513,0.0,15962.345987771972,361.85436260053723,0.0,0.003447016582803047,3.8000223462202816,0d964d8,d3caadd556870d6a59cc5ef3930e5fabfad7bc9f109956e5ba4992ca49eda5a8,audits/final_run/logs/flat_sweep/sweep_seed303_det.json,audits/paper_extras/v4_runs/v2/bench2_seed303_det.json
303,det,flat_pit0_cit0.30,6,48,401.98872501672963,926.6201521373557,0.43382255834766437,0,67,0.0,3.799518191316409e-05,KHONG CO,KHONG CO,12730.032725358198,10.666971573672194,11472.770151655332,-90.2628242969513,0.0,15912.588341120842,445.60402845264457,0.0,0.003518548658645468,4.092478352024679,0d964d8,d3caadd556870d6a59cc5ef3930e5fabfad7bc9f109956e5ba4992ca49eda5a8,audits/final_run/logs/flat_sweep/sweep_seed303_det.json,audits/paper_extras/v4_runs/v2/bench2_seed303_det.json
303,det,flat_pit0_cit0.30,7,49,361.47413177188963,950.388139276556,0.38034368994445467,0,56,0.0,0.0,KHONG CO,KHONG CO,12625.47885615056,25.316354907931448,11390.62004008242,-90.2628242969513,0.0,16044.739034571196,305.698960701842,0.0,0.0031089957718552306,3.5451781350748233,0d964d8,d3caadd556870d6a59cc5ef3930e5fabfad7bc9f109956e5ba4992ca49eda5a8,audits/final_run/logs/flat_sweep/sweep_seed303_det.json,audits/paper_extras/v4_runs/v2/bench2_seed303_det.json
303,det,flat_pit0_cit0.30,8,50,400.16297718382316,917.5641159006373,0.4361144581063332,1,59,0.0,0.0,KHONG CO,KHONG CO,12566.850021053826,14.841111287421118,11319.11540474119,-90.2628242969513,0.0,16077.461791835649,276.16095586823616,0.0,0.006572374044793111,3.8868594335515194,0d964d8,d3caadd556870d6a59cc5ef3930e5fabfad7bc9f109956e5ba4992ca49eda5a8,audits/final_run/logs/flat_sweep/sweep_seed303_det.json,audits/paper_extras/v4_runs/v2/bench2_seed303_det.json
303,det,flat_pit0_cit0.30,9,51,376.41045868601253,888.343573348205,0.42372171080982257,0,66,0.0,0.00022008132422968174,KHONG CO,KHONG CO,12344.78159211633,18.130928921863795,11132.537969138595,-90.2628242969513,0.0,15932.406895573677,388.2304806228657,0.0,0.0034829361230329318,4.268294013491217,0d964d8,d3caadd556870d6a59cc5ef3930e5fabfad7bc9f109956e5ba4992ca49eda5a8,audits/final_run/logs/flat_sweep/sweep_seed303_det.json,audits/paper_extras/v4_runs/v2/bench2_seed303_det.json
303,det,flat_pit0_cit0.50,0,42,394.00340804837276,969.2566712053728,0.40650058932108046,0,65,0.0,0.06213365888522948,KHONG CO,KHONG CO,29201.239628038144,26.69759096198636,26226.589812133574,-90.2628242969513,0.0,17974.92326324331,116.68696792022114,0.0,0.003447016582803047,5.093673047809678,0d964d8,d3caadd556870d6a59cc5ef3930e5fabfad7bc9f109956e5ba4992ca49eda5a8,audits/final_run/logs/flat_sweep/sweep_seed303_det.json,audits/paper_extras/v4_runs/v2/bench2_seed303_det.json
303,det,flat_pit0_cit0.50,1,43,477.0587096830167,1029.8588203101667,0.4632272892893601,0,69,0.0,5.1637690261951974e-05,KHONG CO,KHONG CO,28585.162829928977,14.375098282659998,25664.64612136525,-90.2628242969513,0.0,17529.313930364595,495.84070077871456,0.0,0.003588873398710986,4.448363091834329,0d964d8,d3caadd556870d6a59cc5ef3930e5fabfad7bc9f109956e5ba4992ca49eda5a8,audits/final_run/logs/flat_sweep/sweep_seed303_det.json,audits/paper_extras/v4_runs/v2/bench2_seed303_det.json
303,det,flat_pit0_cit0.50,2,44,368.12396262276195,983.5421592742758,0.37428386689024984,0,61,0.0,0.0,KHONG CO,KHONG CO,28409.745581485477,38.998267121683156,25615.80218503219,-90.2628242969513,0.0,17427.271533830328,495.9329540415955,0.0,0.003300159453848173,4.61800067224669,0d964d8,d3caadd556870d6a59cc5ef3930e5fabfad7bc9f109956e5ba4992ca49eda5a8,audits/final_run/logs/flat_sweep/sweep_seed303_det.json,audits/paper_extras/v4_runs/v2/bench2_seed303_det.json
303,det,flat_pit0_cit0.50,3,45,379.422276757257,1012.4108103471457,0.3747710641564138,0,63,0.0,0.0,KHONG CO,KHONG CO,29107.993354811013,21.72711881230261,26193.12171744968,-90.2628242969513,0.0,17908.540452825993,118.32112764457678,0.0,0.0033742349911427363,4.696788542907069,0d964d8,d3caadd556870d6a59cc5ef3930e5fabfad7bc9f109956e5ba4992ca49eda5a8,audits/final_run/logs/flat_sweep/sweep_seed303_det.json,audits/paper_extras/v4_runs/v2/bench2_seed303_det.json
303,det,flat_pit0_cit0.50,4,46,411.1330467422932,937.1216002799971,0.4387189950796707,0,73,0.0,0.0,KHONG CO,KHONG CO,28952.556683262304,17.554079567303443,26054.718478798783,-90.2628242969513,0.0,17817.738218380404,187.9168899473889,0.0,0.0037260592268590653,5.590414036578076,0d964d8,d3caadd556870d6a59cc5ef3930e5fabfad7bc9f109956e5ba4992ca49eda5a8,audits/final_run/logs/flat_sweep/sweep_seed303_det.json,audits/paper_extras/v4_runs/v2/bench2_seed303_det.json
303,det,flat_pit0_cit0.50,5,47,381.7916675270434,996.077352794424,0.38329519936976186,0,68,0.0,0.0,KHONG CO,KHONG CO,28759.3877166426,22.26987986578584,25833.276029399,-90.2628242969513,0.0,17881.910215650976,156.7341757553558,0.0,0.0035538593931087447,4.907670944850759,0d964d8,d3caadd556870d6a59cc5ef3930e5fabfad7bc9f109956e5ba4992ca49eda5a8,audits/final_run/logs/flat_sweep/sweep_seed303_det.json,audits/paper_extras/v4_runs/v2/bench2_seed303_det.json
303,det,flat_pit0_cit0.50,6,48,384.185707045632,957.6483434720608,0.4011761829532581,0,70,0.0,0.0,KHONG CO,KHONG CO,29776.447005975726,22.289667623636795,26788.27068608481,-90.2628242969513,0.0,17851.091837160253,249.6369746512415,0.0,0.003623595620933208,5.429623364468142,0d964d8,d3caadd556870d6a59cc5ef3930e5fabfad7bc9f109956e5ba4992ca49eda5a8,audits/final_run/logs/flat_sweep/sweep_seed303_det.json,audits/paper_extras/v4_runs/v2/bench2_seed303_det.json
303,det,flat_pit0_cit0.50,7,49,354.53091672972806,947.2772946377851,0.3742630787590995,0,50,0.0,0.04273479616493159,KHONG CO,KHONG CO,28431.151022735092,41.101964916033864,25608.373472900257,-90.2628242969513,0.0,17542.1496978396,411.9926412081913,0.0,0.0028673840804591465,4.5638123995638455,0d964d8,d3caadd556870d6a59cc5ef3930e5fabfad7bc9f109956e5ba4992ca49eda5a8,audits/final_run/logs/flat_sweep/sweep_seed303_det.json,audits/paper_extras/v4_runs/v2/bench2_seed303_det.json
303,det,flat_pit0_cit0.50,8,50,330.77574091889926,913.432524184563,0.36212389219903074,0,46,0.0,0.2717794399694986,KHONG CO,KHONG CO,27942.033012049073,30.162450636736416,25164.560614686263,-90.2628242969513,0.0,17597.576922666063,300.32074963043954,0.0,0.0026981575384417357,4.843807382953279,0d964d8,d3caadd556870d6a59cc5ef3930e5fabfad7bc9f109956e5ba4992ca49eda5a8,audits/final_run/logs/flat_sweep/sweep_seed303_det.json,audits/paper_extras/v4_runs/v2/bench2_seed303_det.json
303,det,flat_pit0_cit0.50,9,51,354.0770893757745,893.5089626744607,0.39627704272372055,0,62,0.0,0.0,KHONG CO,KHONG CO,28969.15443407666,21.21761378292937,26043.154936240702,-90.2628242969513,0.0,17917.4738218737,120.00611404215718,0.0,0.0033373618348005543,5.662511301245441,0d964d8,d3caadd556870d6a59cc5ef3930e5fabfad7bc9f109956e5ba4992ca49eda5a8,audits/final_run/logs/flat_sweep/sweep_seed303_det.json,audits/paper_extras/v4_runs/v2/bench2_seed303_det.json
303,exp,rl_learned,0,42,368.88562438387737,973.4507345135819,0.3789463722251992,0,,0.041666666666666664,,KHONG CO,KHONG CO,11324.35597113117,43.19414487813096,10786.596960786208,-76.23576682806015,11.62465101714979,15598.6452246149,,,0.005503907347561325,,0d964d8,d3caadd556870d6a59cc5ef3930e5fabfad7bc9f109956e5ba4992ca49eda5a8,audits/final_run/logs/flat_sweep/sweep_seed303_exp.json,KHONG CO (che do lay mau v1)
303,exp,rl_learned,1,43,418.1002921965962,988.5476336638745,0.4229440018453966,0,,0.07916666666666666,,KHONG CO,KHONG CO,11335.953198818135,49.12758561832711,10962.807424523646,-63.73614549636841,13.766492176328487,15046.376846857569,,,0.007589326373913464,,0d964d8,d3caadd556870d6a59cc5ef3930e5fabfad7bc9f109956e5ba4992ca49eda5a8,audits/final_run/logs/flat_sweep/sweep_seed303_exp.json,KHONG CO (che do lay mau v1)
303,exp,rl_learned,2,44,327.02853352060316,1012.6334132317381,0.32294859052390723,0,,0.1625,,KHONG CO,KHONG CO,12121.328872482714,91.92373238523528,11703.831888959994,-82.21731171011925,6.797182144294124,15231.509870723155,,,0.005366172320788713,,0d964d8,d3caadd556870d6a59cc5ef3930e5fabfad7bc9f109956e5ba4992ca49eda5a8,audits/final_run/logs/flat_sweep/sweep_seed303_exp.json,KHONG CO (che do lay mau v1)
303,exp,rl_learned,3,45,351.003473450679,953.2274010935471,0.36822637814230486,0,,0.08333333333333333,,KHONG CO,KHONG CO,12804.474445390473,130.25533848007473,12700.532109747322,-84.36863587796688,20.45714470629372,14991.426295641346,,,0.006650488530726875,,0d964d8,d3caadd556870d6a59cc5ef3930e5fabfad7bc9f109956e5ba4992ca49eda5a8,audits/final_run/logs/flat_sweep/sweep_seed303_exp.json,KHONG CO (che do lay mau v1)
303,exp,rl_learned,4,46,325.7988601491459,873.6198235339153,0.3729297932265818,0,,0.016666666666666666,,KHONG CO,KHONG CO,12000.858177237938,161.67355975554128,11903.71842842128,-80.58498068153858,0.0,15019.684734922468,,,0.0032247431284318476,,0d964d8,d3caadd556870d6a59cc5ef3930e5fabfad7bc9f109956e5ba4992ca49eda5a8,audits/final_run/logs/flat_sweep/sweep_seed303_exp.json,KHONG CO (che do lay mau v1)
303,exp,rl_learned,5,47,382.5590290629283,923.8162893104792,0.4141072564854468,0,,0.07083333333333333,,KHONG CO,KHONG CO,12106.265628033132,58.305430133583805,11848.119055476856,-81.2002986073494,3.8785913315974643,15010.173304536187,,,0.006961699785210833,,0d964d8,d3caadd556870d6a59cc5ef3930e5fabfad7bc9f109956e5ba4992ca49eda5a8,audits/final_run/logs/flat_sweep/sweep_seed303_exp.json,KHONG CO (che do lay mau v1)
303,exp,rl_learned,6,48,363.3950638673731,928.9179584675625,0.39120253899156665,0,,0.004166666666666667,,KHONG CO,KHONG CO,12028.948425112927,126.27713433078263,11758.975879347947,-88.03477294743061,7.49387588453543,15078.665647204523,,,0.00785942506877819,,0d964d8,d3caadd556870d6a59cc5ef3930e5fabfad7bc9f109956e5ba4992ca49eda5a8,audits/final_run/logs/flat_sweep/sweep_seed303_exp.json,KHONG CO (che do lay mau v1)
303,exp,rl_learned,7,49,370.4434602678335,930.5315178074877,0.3980987781485037,0,,0.0125,,KHONG CO,KHONG CO,11971.616175587968,131.15405965523317,11750.775256098837,-80.1756861358881,7.958910971473698,15014.162785493685,,,0.006727748926466868,,0d964d8,d3caadd556870d6a59cc5ef3930e5fabfad7bc9f109956e5ba4992ca49eda5a8,audits/final_run/logs/flat_sweep/sweep_seed303_exp.json,KHONG CO (che do lay mau v1)
303,exp,rl_learned,8,50,388.48554408193445,915.5778502263262,0.4243064027661906,0,,0.004166666666666667,,KHONG CO,KHONG CO,12833.559538463,75.93050511721842,12587.293566986671,-68.6409850269556,10.76223824817803,15075.790873336746,,,0.005796204509334996,,0d964d8,d3caadd556870d6a59cc5ef3930e5fabfad7bc9f109956e5ba4992ca49eda5a8,audits/final_run/logs/flat_sweep/sweep_seed303_exp.json,KHONG CO (che do lay mau v1)
303,exp,rl_learned,9,51,372.6127107827457,852.4681490486091,0.4370986894919152,0,,0.0875,,KHONG CO,KHONG CO,12564.996036257435,114.33219886323005,12231.044137590205,-81.78225995600226,28.86716298027268,15058.321836496922,,,0.005784075912846495,,0d964d8,d3caadd556870d6a59cc5ef3930e5fabfad7bc9f109956e5ba4992ca49eda5a8,audits/final_run/logs/flat_sweep/sweep_seed303_exp.json,KHONG CO (che do lay mau v1)
303,exp,free_market+rl_aux,0,42,367.17083031446856,874.3005975712481,0.41995948685663254,0,,0.0,,KHONG CO,KHONG CO,0.0,0.0,0.0,-76.98262810707092,5.295411801155064,14992.577641218764,,,0.005433506956211733,,0d964d8,d3caadd556870d6a59cc5ef3930e5fabfad7bc9f109956e5ba4992ca49eda5a8,audits/final_run/logs/flat_sweep/sweep_seed303_exp.json,KHONG CO (che do lay mau v1)
303,exp,free_market+rl_aux,1,43,396.7323292872083,949.5997667538027,0.41778899192807706,0,,0.0,,KHONG CO,KHONG CO,0.0,0.0,0.0,-76.98262810707092,8.714064385108198,15028.32476182435,,,0.0048683816679805725,,0d964d8,d3caadd556870d6a59cc5ef3930e5fabfad7bc9f109956e5ba4992ca49eda5a8,audits/final_run/logs/flat_sweep/sweep_seed303_exp.json,KHONG CO (che do lay mau v1)
303,exp,free_market+rl_aux,2,44,328.1163025459313,970.805370368833,0.33798360882704204,0,,0.0,,KHONG CO,KHONG CO,0.0,0.0,0.0,-79.86947666108608,1.168372705578804,14936.217221555102,,,0.005457290852785007,,0d964d8,d3caadd556870d6a59cc5ef3930e5fabfad7bc9f109956e5ba4992ca49eda5a8,audits/final_run/logs/flat_sweep/sweep_seed303_exp.json,KHONG CO (che do lay mau v1)
303,exp,free_market+rl_aux,3,45,368.44654271908576,918.9903014614819,0.400925387496626,0,,0.0,,KHONG CO,KHONG CO,0.0,0.0,0.0,-76.98262810707092,7.7090349206657915,14831.352848763201,,,0.004134058849980672,,0d964d8,d3caadd556870d6a59cc5ef3930e5fabfad7bc9f109956e5ba4992ca49eda5a8,audits/final_run/logs/flat_sweep/sweep_seed303_exp.json,KHONG CO (che do lay mau v1)
303,exp,free_market+rl_aux,4,46,310.56338108692694,843.3465169065391,0.3682512168617209,0,,0.0,,KHONG CO,KHONG CO,0.0,0.0,0.0,-79.86947666108608,1.3882954189261492,15029.717317914454,,,0.005383180773761918,,0d964d8,d3caadd556870d6a59cc5ef3930e5fabfad7bc9f109956e5ba4992ca49eda5a8,audits/final_run/logs/flat_sweep/sweep_seed303_exp.json,KHONG CO (che do lay mau v1)
303,exp,free_market+rl_aux,5,47,375.64681363813025,924.7115722624716,0.4062313319157923,0,,0.0,,KHONG CO,KHONG CO,0.0,0.0,0.0,-76.98262810707092,14.82724949980073,14931.62588543936,,,0.005958675947112478,,0d964d8,d3caadd556870d6a59cc5ef3930e5fabfad7bc9f109956e5ba4992ca49eda5a8,audits/final_run/logs/flat_sweep/sweep_seed303_exp.json,KHONG CO (che do lay mau v1)
303,exp,free_market+rl_aux,6,48,343.9076169005097,866.8593245348852,0.3967282893161862,0,,0.0,,KHONG CO,KHONG CO,0.0,0.0,0.0,-76.98262810707092,13.094554616447851,14962.866935744436,,,0.0044558567929362195,,0d964d8,d3caadd556870d6a59cc5ef3930e5fabfad7bc9f109956e5ba4992ca49eda5a8,audits/final_run/logs/flat_sweep/sweep_seed303_exp.json,KHONG CO (che do lay mau v1)
303,exp,free_market+rl_aux,7,49,398.9077077081638,926.6690414577278,0.4304748403816844,0,,0.0,,KHONG CO,KHONG CO,0.0,0.0,0.0,-79.86947666108608,7.510417377211203,15003.590657383733,,,0.006070674150117702,,0d964d8,d3caadd556870d6a59cc5ef3930e5fabfad7bc9f109956e5ba4992ca49eda5a8,audits/final_run/logs/flat_sweep/sweep_seed303_exp.json,KHONG CO (che do lay mau v1)
303,exp,free_market+rl_aux,8,50,360.50303935718966,925.5174869149089,0.38951510312233995,2,,0.0,,KHONG CO,KHONG CO,0.0,0.0,0.0,-78.26567190885544,4.53603520989418,15020.302337598592,,,0.005897589515531002,,0d964d8,d3caadd556870d6a59cc5ef3930e5fabfad7bc9f109956e5ba4992ca49eda5a8,audits/final_run/logs/flat_sweep/sweep_seed303_exp.json,KHONG CO (che do lay mau v1)
303,exp,free_market+rl_aux,9,51,339.0299117869798,830.2293383574355,0.40835693961108677,0,,0.0,,KHONG CO,KHONG CO,0.0,0.0,0.0,-76.98262810707092,0.0,14605.791090120052,,,0.004660116214045779,,0d964d8,d3caadd556870d6a59cc5ef3930e5fabfad7bc9f109956e5ba4992ca49eda5a8,audits/final_run/logs/flat_sweep/sweep_seed303_exp.json,KHONG CO (che do lay mau v1)
303,exp,rl_mean_fixed,0,42,294.40468713796986,920.1405459059927,0.31995621587144807,0,,0.12916666666666668,,KHONG CO,KHONG CO,10459.033122583955,75.28109760608051,9284.018711954706,-76.98262810707092,6.344883736910451,16005.552769720562,,,0.004869280636931007,,0d964d8,d3caadd556870d6a59cc5ef3930e5fabfad7bc9f109956e5ba4992ca49eda5a8,audits/final_run/logs/flat_sweep/sweep_seed303_exp.json,KHONG CO (che do lay mau v1)
303,exp,rl_mean_fixed,1,43,351.5242095050281,1000.3749901062157,0.35139244081632304,0,,0.041666666666666664,,KHONG CO,KHONG CO,9892.311463653496,60.31205291906544,8778.73612597112,-76.98262810707092,13.871387776947188,15977.339604914123,,,0.006122218102462966,,0d964d8,d3caadd556870d6a59cc5ef3930e5fabfad7bc9f109956e5ba4992ca49eda5a8,audits/final_run/logs/flat_sweep/sweep_seed303_exp.json,KHONG CO (che do lay mau v1)
303,exp,rl_mean_fixed,2,44,329.54147813894735,1007.2407788198848,0.3271724944705362,0,,0.09583333333333334,,KHONG CO,KHONG CO,10107.595535061027,106.75802711419493,9009.747452696789,-76.98262810707092,2.8020285191962624,15966.258380317582,,,0.006048120509121528,,0d964d8,d3caadd556870d6a59cc5ef3930e5fabfad7bc9f109956e5ba4992ca49eda5a8,audits/final_run/logs/flat_sweep/sweep_seed303_exp.json,KHONG CO (che do lay mau v1)
303,exp,rl_mean_fixed,3,45,360.21885727787156,984.4352346174837,0.3659142263613103,0,,0.10416666666666667,,KHONG CO,KHONG CO,10309.81193393816,27.936907667830784,9119.812530786536,-76.98262810707092,6.576987974342558,15878.375342404928,,,0.0070906789665843555,,0d964d8,d3caadd556870d6a59cc5ef3930e5fabfad7bc9f109956e5ba4992ca49eda5a8,audits/final_run/logs/flat_sweep/sweep_seed303_exp.json,KHONG CO (che do lay mau v1)
303,exp,rl_mean_fixed,4,46,338.6265440312096,851.973107515308,0.3974615407976657,3,,0.12916666666666668,,KHONG CO,KHONG CO,10083.861549868965,82.09797674789483,8959.528607240622,-84.03936901688576,24.283268800165793,16062.640122622603,,,0.007305179786048723,,0d964d8,d3caadd556870d6a59cc5ef3930e5fabfad7bc9f109956e5ba4992ca49eda5a8,audits/final_run/logs/flat_sweep/sweep_seed303_exp.json,KHONG CO (che do lay mau v1)
303,exp,rl_mean_fixed,5,47,394.9802576336735,947.8183793909777,0.41672567890851486,0,,0.07916666666666666,,KHONG CO,KHONG CO,10687.320478319109,28.63050081374204,9437.549014523485,-76.98262810707092,5.385169058511752,16088.135915922025,,,0.004961533742861166,,0d964d8,d3caadd556870d6a59cc5ef3930e5fabfad7bc9f109956e5ba4992ca49eda5a8,audits/final_run/logs/flat_sweep/sweep_seed303_exp.json,KHONG CO (che do lay mau v1)
303,exp,rl_mean_fixed,6,48,378.4310622154224,922.3241235201895,0.4103015984999753,0,,0.0,,KHONG CO,KHONG CO,11150.611026524251,45.93595158835749,9876.049935092158,-76.98262810707092,6.629165946244794,15936.285265221917,,,0.006649289545594029,,0d964d8,d3caadd556870d6a59cc5ef3930e5fabfad7bc9f109956e5ba4992ca49eda5a8,audits/final_run/logs/flat_sweep/sweep_seed303_exp.json,KHONG CO (che do lay mau v1)
303,exp,rl_mean_fixed,7,49,464.5446657149201,966.5490982193618,0.4806219017437746,0,,0.13333333333333333,,KHONG CO,KHONG CO,10667.166529935514,143.26545757598734,9524.445126318527,-76.98262810707092,2.26801760494709,15999.992291341841,,,0.003961987992771979,,0d964d8,d3caadd556870d6a59cc5ef3930e5fabfad7bc9f109956e5ba4992ca49eda5a8,audits/final_run/logs/flat_sweep/sweep_seed303_exp.json,KHONG CO (che do lay mau v1)
303,exp,rl_mean_fixed,8,50,376.59255074717237,923.6925292891436,0.4077033631927184,1,,0.020833333333333332,,KHONG CO,KHONG CO,10520.636783050379,36.947285610657985,9313.88174320753,-77.94491095840931,11.17383723822757,15859.675682609024,,,0.006337895128574042,,0d964d8,d3caadd556870d6a59cc5ef3930e5fabfad7bc9f109956e5ba4992ca49eda5a8,audits/final_run/logs/flat_sweep/sweep_seed303_exp.json,KHONG CO (che do lay mau v1)
303,exp,rl_mean_fixed,9,51,301.544023019337,857.6403154081798,0.35159730437324654,0,,0.0875,,KHONG CO,KHONG CO,10188.466593106747,45.279786884258435,9024.990144154855,-76.98262810707092,4.63972427672834,16004.231563955262,,,0.005502212863928478,,0d964d8,d3caadd556870d6a59cc5ef3930e5fabfad7bc9f109956e5ba4992ca49eda5a8,audits/final_run/logs/flat_sweep/sweep_seed303_exp.json,KHONG CO (che do lay mau v1)
303,exp,flat_pit0.10_cit0,0,42,232.95093229146482,863.728785312072,0.26970379620646523,0,,0.6791666666666667,,KHONG CO,KHONG CO,6144.738202476709,212.2545474154384,5597.563291019,-76.98262810707092,11.749117448758607,15517.959484188466,,,0.0054001445442894945,,0d964d8,d3caadd556870d6a59cc5ef3930e5fabfad7bc9f109956e5ba4992ca49eda5a8,audits/final_run/logs/flat_sweep/sweep_seed303_exp.json,KHONG CO (che do lay mau v1)
303,exp,flat_pit0.10_cit0,1,43,307.9755702867913,939.2966202661904,0.3278789294477745,0,,0.6916666666666667,,KHONG CO,KHONG CO,5774.2807831080245,194.77804432998727,5254.117518389089,-76.98262810707092,13.276369695759085,15568.521100697704,,,0.005717253731040206,,0d964d8,d3caadd556870d6a59cc5ef3930e5fabfad7bc9f109956e5ba4992ca49eda5a8,audits/final_run/logs/flat_sweep/sweep_seed303_exp.json,KHONG CO (che do lay mau v1)
303,exp,flat_pit0.10_cit0,2,44,276.45804156258856,934.6971184489495,0.29577286171733064,0,,0.6916666666666667,,KHONG CO,KHONG CO,5985.68649460311,188.4005125300485,5434.36729377901,-76.98262810707092,14.050653306529826,15412.656356960897,,,0.005736936326280465,,0d964d8,d3caadd556870d6a59cc5ef3930e5fabfad7bc9f109956e5ba4992ca49eda5a8,audits/final_run/logs/flat_sweep/sweep_seed303_exp.json,KHONG CO (che do lay mau v1)
303,exp,flat_pit0.10_cit0,3,45,320.3127919165695,939.5232376685543,0.34093120752545947,0,,0.8083333333333333,,KHONG CO,KHONG CO,6235.825194513028,201.15638255533594,5664.505326861023,-77.62415000796318,16.55141946108845,15536.851017270548,,,0.006744214342220657,,0d964d8,d3caadd556870d6a59cc5ef3930e5fabfad7bc9f109956e5ba4992ca49eda5a8,audits/final_run/logs/flat_sweep/sweep_seed303_exp.json,KHONG CO (che do lay mau v1)
303,exp,flat_pit0.10_cit0,4,46,259.28156930941833,841.9209825675367,0.3079642563589623,2,,0.7375,,KHONG CO,KHONG CO,6495.01051960639,187.6609736826368,5883.351956695783,-82.43556426465511,20.06729625701813,15562.041445003137,,,0.008141331947921677,,0d964d8,d3caadd556870d6a59cc5ef3930e5fabfad7bc9f109956e5ba4992ca49eda5a8,audits/final_run/logs/flat_sweep/sweep_seed303_exp.json,KHONG CO (che do lay mau v1)
303,exp,flat_pit0.10_cit0,5,47,308.2195156699725,893.7492116173918,0.344861300758181,0,,0.7375,,KHONG CO,KHONG CO,6239.583277295291,231.546911131081,5690.635770489429,-79.86947666108608,13.927784184339803,15582.8305054266,,,0.006120968860800761,,0d964d8,d3caadd556870d6a59cc5ef3930e5fabfad7bc9f109956e5ba4992ca49eda5a8,audits/final_run/logs/flat_sweep/sweep_seed303_exp.json,KHONG CO (che do lay mau v1)
303,exp,flat_pit0.10_cit0,6,48,300.1296718863971,875.7739623651039,0.34270220945581753,0,,0.7125,,KHONG CO,KHONG CO,6650.128307752105,245.46033341069358,6072.059920374105,-81.1525204628706,26.77216088333429,15550.814806386366,,,0.007808327423425669,,0d964d8,d3caadd556870d6a59cc5ef3930e5fabfad7bc9f109956e5ba4992ca49eda5a8,audits/final_run/logs/flat_sweep/sweep_seed303_exp.json,KHONG CO (che do lay mau v1)
303,exp,flat_pit0.10_cit0,7,49,385.3903809841993,939.8551195177089,0.4100529677190716,1,,0.6833333333333333,,KHONG CO,KHONG CO,6727.70767013669,257.06928810118285,6121.529556722008,-76.98262810707092,13.070344261224681,15509.93195318907,,,0.004787934186223778,,0d964d8,d3caadd556870d6a59cc5ef3930e5fabfad7bc9f109956e5ba4992ca49eda5a8,audits/final_run/logs/flat_sweep/sweep_seed303_exp.json,KHONG CO (che do lay mau v1)
303,exp,flat_pit0.10_cit0,8,50,325.2464599513693,882.4754955130188,0.3685614632985251,1,,0.6791666666666667,,KHONG CO,KHONG CO,6583.731572973483,197.84497418324636,5971.739605471079,-76.98262810707092,1.6930085664142918,15448.105505902362,,,0.005112649087441727,,0d964d8,d3caadd556870d6a59cc5ef3930e5fabfad7bc9f109956e5ba4992ca49eda5a8,audits/final_run/logs/flat_sweep/sweep_seed303_exp.json,KHONG CO (che do lay mau v1)
303,exp,flat_pit0.10_cit0,9,51,257.9111145749535,839.4829237910252,0.30722615941995746,0,,0.6708333333333333,,KHONG CO,KHONG CO,6859.25047853927,190.27979063255165,6208.239560988463,-76.98262810707092,13.153110758475233,15474.720620809561,,,0.006652399675221183,,0d964d8,d3caadd556870d6a59cc5ef3930e5fabfad7bc9f109956e5ba4992ca49eda5a8,audits/final_run/logs/flat_sweep/sweep_seed303_exp.json,KHONG CO (che do lay mau v1)
303,exp,flat_pit0.20_cit0,0,42,222.48691212855562,904.194124607613,0.24606100180656088,0,,0.8208333333333333,,KHONG CO,KHONG CO,12721.130414772371,328.71957706699277,11471.150494550073,-76.98262810707092,6.757143023455241,16482.445935660216,,,0.004226766793100611,,0d964d8,d3caadd556870d6a59cc5ef3930e5fabfad7bc9f109956e5ba4992ca49eda5a8,audits/final_run/logs/flat_sweep/sweep_seed303_exp.json,KHONG CO (che do lay mau v1)
303,exp,flat_pit0.20_cit0,1,43,262.28207691022607,942.1705317796758,0.27838068381824543,0,,0.775,,KHONG CO,KHONG CO,11284.800544436455,347.51364430867136,10239.41642152581,-76.98262810707092,2.911455903672558,15984.941878598653,,,0.006797435122179829,,0d964d8,d3caadd556870d6a59cc5ef3930e5fabfad7bc9f109956e5ba4992ca49eda5a8,audits/final_run/logs/flat_sweep/sweep_seed303_exp.json,KHONG CO (che do lay mau v1)
303,exp,flat_pit0.20_cit0,2,44,263.43678431591655,976.9961386812153,0.26963953478005864,2,,0.8041666666666667,,KHONG CO,KHONG CO,11711.1451213943,398.42575815193953,10623.633656052407,-83.71860806643963,12.882267358176026,16109.59365321749,,,0.005889384592713188,,0d964d8,d3caadd556870d6a59cc5ef3930e5fabfad7bc9f109956e5ba4992ca49eda5a8,audits/final_run/logs/flat_sweep/sweep_seed303_exp.json,KHONG CO (che do lay mau v1)
303,exp,flat_pit0.20_cit0,3,45,226.87926647733087,919.1668864370233,0.24683141856511548,0,,0.8625,,KHONG CO,KHONG CO,12091.163845380092,440.8451388502081,11023.886152405883,-82.11480331420898,12.900329846570292,16432.895936098976,,,0.00705395798079169,,0d964d8,d3caadd556870d6a59cc5ef3930e5fabfad7bc9f109956e5ba4992ca49eda5a8,audits/final_run/logs/flat_sweep/sweep_seed303_exp.json,KHONG CO (che do lay mau v1)
303,exp,flat_pit0.20_cit0,4,46,193.13924101119787,848.385548362654,0.22765503418103705,1,,0.8875,,KHONG CO,KHONG CO,12862.593355449057,309.9992834903008,11587.377715985056,-78.26567190885544,10.041635171510041,16491.04405900378,,,0.005160098050254182,,0d964d8,d3caadd556870d6a59cc5ef3930e5fabfad7bc9f109956e5ba4992ca49eda5a8,audits/final_run/logs/flat_sweep/sweep_seed303_exp.json,KHONG CO (che do lay mau v1)
303,exp,flat_pit0.20_cit0,5,47,213.02834746727413,895.1221430592897,0.23798802109754524,0,,0.8291666666666667,,KHONG CO,KHONG CO,11879.32291192595,424.53771731556174,10811.538701389658,-82.75632521510124,7.541597235794498,16534.97504601405,,,0.007131476784308029,,0d964d8,d3caadd556870d6a59cc5ef3930e5fabfad7bc9f109956e5ba4992ca49eda5a8,audits/final_run/logs/flat_sweep/sweep_seed303_exp.json,KHONG CO (che do lay mau v1)
303,exp,flat_pit0.20_cit0,6,48,209.75473258442267,871.6422087375706,0.24064315665508862,1,,0.8208333333333333,,KHONG CO,KHONG CO,13246.052683974358,460.6811080073244,12057.601389156378,-86.60545662045479,37.00122874193195,16480.407419205403,,,0.009272056902849933,,0d964d8,d3caadd556870d6a59cc5ef3930e5fabfad7bc9f109956e5ba4992ca49eda5a8,audits/final_run/logs/flat_sweep/sweep_seed303_exp.json,KHONG CO (che do lay mau v1)
303,exp,flat_pit0.20_cit0,7,49,246.33126649116443,903.1966763289805,0.27273269814540446,0,,0.875,,KHONG CO,KHONG CO,11936.398941562527,452.35371680522576,10907.295320635896,-76.98262810707092,17.01416301650098,16110.379478025547,,,0.005097538314504672,,0d964d8,d3caadd556870d6a59cc5ef3930e5fabfad7bc9f109956e5ba4992ca49eda5a8,audits/final_run/logs/flat_sweep/sweep_seed303_exp.json,KHONG CO (che do lay mau v1)
303,exp,flat_pit0.20_cit0,8,50,236.38937460240695,859.7621751243307,0.27494739992280137,1,,0.8416666666666667,,KHONG CO,KHONG CO,12967.928844153661,404.9547817858748,11777.109606078957,-79.54871571063995,35.21824207448162,16056.215163821535,,,0.008148926913321537,,0d964d8,d3caadd556870d6a59cc5ef3930e5fabfad7bc9f109956e5ba4992ca49eda5a8,audits/final_run/logs/flat_sweep/sweep_seed303_exp.json,KHONG CO (che do lay mau v1)
303,exp,flat_pit0.20_cit0,9,51,204.06323125813984,849.760680271348,0.24014200232585226,1,,0.8458333333333333,,KHONG CO,KHONG CO,13203.116846722498,426.5586600234554,11980.668417273599,-82.75632521510124,26.835104885008132,16576.742204035945,,,0.007999677104306241,,0d964d8,d3caadd556870d6a59cc5ef3930e5fabfad7bc9f109956e5ba4992ca49eda5a8,audits/final_run/logs/flat_sweep/sweep_seed303_exp.json,KHONG CO (che do lay mau v1)
303,exp,flat_pit0.30_cit0,0,42,189.1838014753152,866.6015067907123,0.2183054148796949,4,,0.9083333333333333,,KHONG CO,KHONG CO,18351.339971399477,698.1919562935437,16774.03267020836,-90.77534897625446,73.79696715948995,17077.85234607134,,,0.013023115357420918,,0d964d8,d3caadd556870d6a59cc5ef3930e5fabfad7bc9f109956e5ba4992ca49eda5a8,audits/final_run/logs/flat_sweep/sweep_seed303_exp.json,KHONG CO (che do lay mau v1)
303,exp,flat_pit0.30_cit0,1,43,206.6595889223413,939.2591285326586,0.2200240409110441,2,,0.8916666666666667,,KHONG CO,KHONG CO,17591.585449546754,544.7691801710334,15905.601081845547,-91.41687087714672,29.27292080788889,16995.912380098333,,,0.008297092070868829,,0d964d8,d3caadd556870d6a59cc5ef3930e5fabfad7bc9f109956e5ba4992ca49eda5a8,audits/final_run/logs/flat_sweep/sweep_seed303_exp.json,KHONG CO (che do lay mau v1)
303,exp,flat_pit0.30_cit0,2,44,273.2461618112779,1036.8797666156524,0.26352733519253246,6,,0.8541666666666666,,KHONG CO,KHONG CO,19515.403873881165,594.4867590622633,17648.020814875046,-94.30371943116188,62.08526731237463,17015.413887312025,,,0.012530410073569996,,0d964d8,d3caadd556870d6a59cc5ef3930e5fabfad7bc9f109956e5ba4992ca49eda5a8,audits/final_run/logs/flat_sweep/sweep_seed303_exp.json,KHONG CO (che do lay mau v1)
303,exp,flat_pit0.30_cit0,3,45,263.133256958645,979.361282394793,0.26867843531165103,2,,0.9041666666666667,,KHONG CO,KHONG CO,19547.546594338757,542.8468693390886,17656.053173656852,-79.22795476019382,27.140818226923198,16990.657888304806,,,0.007782959922703457,,0d964d8,d3caadd556870d6a59cc5ef3930e5fabfad7bc9f109956e5ba4992ca49eda5a8,audits/final_run/logs/flat_sweep/sweep_seed303_exp.json,KHONG CO (che do lay mau v1)
303,exp,flat_pit0.30_cit0,4,46,224.3066254815265,858.6049131611802,0.26124544833511676,3,,0.8916666666666667,,KHONG CO,KHONG CO,19414.79553198841,729.8285583060787,17662.67863716831,-103.28502604365349,97.48010717954756,17074.859946015084,,,0.012950599008468728,,0d964d8,d3caadd556870d6a59cc5ef3930e5fabfad7bc9f109956e5ba4992ca49eda5a8,audits/final_run/logs/flat_sweep/sweep_seed303_exp.json,KHONG CO (che do lay mau v1)
303,exp,flat_pit0.30_cit0,5,47,217.1304714822118,920.3061138805955,0.23593287951402575,0,,0.8833333333333333,,KHONG CO,KHONG CO,18956.089394680315,530.9033939269523,17100.28148770902,-97.19056798517704,92.2124049507585,16977.993894307896,,,0.015120428940684787,,0d964d8,d3caadd556870d6a59cc5ef3930e5fabfad7bc9f109956e5ba4992ca49eda5a8,audits/final_run/logs/flat_sweep/sweep_seed303_exp.json,KHONG CO (che do lay mau v1)
303,exp,flat_pit0.30_cit0,6,48,194.82220289350212,871.2643064504337,0.22360861273798271,2,,0.8833333333333333,,KHONG CO,KHONG CO,18274.38724898722,620.6089436068248,16640.35193527164,-89.49230517446995,85.53136075168722,17047.083402959142,,,0.01255131213907254,,0d964d8,d3caadd556870d6a59cc5ef3930e5fabfad7bc9f109956e5ba4992ca49eda5a8,audits/final_run/logs/flat_sweep/sweep_seed303_exp.json,KHONG CO (che do lay mau v1)
303,exp,flat_pit0.30_cit0,7,49,232.49153525587664,947.9847868625926,0.24524817114979247,1,,0.8541666666666666,,KHONG CO,KHONG CO,18596.788406083026,635.0742650690013,16895.532903830943,-84.36012996733189,21.358699239369905,17001.74174466044,,,0.006758279790597157,,0d964d8,d3caadd556870d6a59cc5ef3930e5fabfad7bc9f109956e5ba4992ca49eda5a8,audits/final_run/logs/flat_sweep/sweep_seed303_exp.json,KHONG CO (che do lay mau v1)
303,exp,flat_pit0.30_cit0,8,50,192.99755128473006,883.385919749669,0.21847478771160522,3,,0.9,,KHONG CO,KHONG CO,17790.372934361796,388.4751029621518,16000.729640992002,-82.43556426465511,45.264771627778956,17001.921532738306,,,0.008319125134761657,,0d964d8,d3caadd556870d6a59cc5ef3930e5fabfad7bc9f109956e5ba4992ca49eda5a8,audits/final_run/logs/flat_sweep/sweep_seed303_exp.json,KHONG CO (che do lay mau v1)
303,exp,flat_pit0.30_cit0,9,51,232.46715731697861,840.9645957595968,0.27642918440223263,16,,0.9166666666666666,,KHONG CO,KHONG CO,19571.72896424912,605.5368567393928,17732.374725803817,-155.88982191681862,139.99108465974308,16999.42258252185,,,0.02198105662952842,,0d964d8,d3caadd556870d6a59cc5ef3930e5fabfad7bc9f109956e5ba4992ca49eda5a8,audits/final_run/logs/flat_sweep/sweep_seed303_exp.json,KHONG CO (che do lay mau v1)
303,exp,flat_pit0.50_cit0,0,42,200.90611479422077,858.434681709955,0.23403774227064866,27,,0.925,,KHONG CO,KHONG CO,24646.35491750009,935.6773475994911,22498.9517912216,-111.62481075525284,127.53784884789285,18016.514059303892,,,0.0196389221557975,,0d964d8,d3caadd556870d6a59cc5ef3930e5fabfad7bc9f109956e5ba4992ca49eda5a8,audits/final_run/logs/flat_sweep/sweep_seed303_exp.json,KHONG CO (che do lay mau v1)
303,exp,flat_pit0.50_cit0,1,43,212.1429771901061,924.7087258167246,0.22941600016019792,22,,0.925,,KHONG CO,KHONG CO,27152.76233014005,1229.6192710083037,24933.14041842889,-109.05872315168381,125.55156836101797,18025.196574217232,,,0.017302788582243094,,0d964d8,d3caadd556870d6a59cc5ef3930e5fabfad7bc9f109956e5ba4992ca49eda5a8,audits/final_run/logs/flat_sweep/sweep_seed303_exp.json,KHONG CO (che do lay mau v1)
303,exp,flat_pit0.50_cit0,2,44,188.48395141750134,880.9483937416774,0.2139557240316292,27,,0.9166666666666666,,KHONG CO,KHONG CO,22609.059573803945,1075.6784059705503,20822.967732422407,-111.62481075525284,114.58917667546967,17650.757013868766,,,0.0190604219222198,,0d964d8,d3caadd556870d6a59cc5ef3930e5fabfad7bc9f109956e5ba4992ca49eda5a8,audits/final_run/logs/flat_sweep/sweep_seed303_exp.json,KHONG CO (che do lay mau v1)
303,exp,flat_pit0.50_cit0,3,45,198.89807448819806,914.0563852061576,0.21759934912914403,33,,0.9166666666666666,,KHONG CO,KHONG CO,26637.536276152332,1050.5956731348392,24383.518880733274,-94.30371943116188,90.66341070154222,17923.26694234657,,,0.016769774720001043,,0d964d8,d3caadd556870d6a59cc5ef3930e5fabfad7bc9f109956e5ba4992ca49eda5a8,audits/final_run/logs/flat_sweep/sweep_seed303_exp.json,KHONG CO (che do lay mau v1)
303,exp,flat_pit0.50_cit0,4,46,159.79268804041013,765.2219185186676,0.2088187546296898,37,,0.9208333333333333,,KHONG CO,KHONG CO,23839.658500652946,1233.203943433951,22090.781168085177,-116.11546406149864,170.35423173287148,17471.48761976911,,,0.02323389941874308,,0d964d8,d3caadd556870d6a59cc5ef3930e5fabfad7bc9f109956e5ba4992ca49eda5a8,audits/final_run/logs/flat_sweep/sweep_seed303_exp.json,KHONG CO (che do lay mau v1)
303,exp,flat_pit0.50_cit0,5,47,205.23174529459646,859.3519080251448,0.23882153909012016,29,,0.925,,KHONG CO,KHONG CO,24286.83029673711,1044.2956273648206,22255.754494205667,-110.66252790391445,118.0390238647006,17652.351498545766,,,0.02026579020035327,,0d964d8,d3caadd556870d6a59cc5ef3930e5fabfad7bc9f109956e5ba4992ca49eda5a8,audits/final_run/logs/flat_sweep/sweep_seed303_exp.json,KHONG CO (che do lay mau v1)
303,exp,flat_pit0.50_cit0,6,48,174.87373495308302,803.6011603135927,0.2176125963840586,36,,0.9208333333333333,,KHONG CO,KHONG CO,24809.600325564756,1012.9172677113107,22682.20034893864,-111.62481075525284,178.43836358683183,17958.06067963554,,,0.020613292994960324,,0d964d8,d3caadd556870d6a59cc5ef3930e5fabfad7bc9f109956e5ba4992ca49eda5a8,audits/final_run/logs/flat_sweep/sweep_seed303_exp.json,KHONG CO (che do lay mau v1)
303,exp,flat_pit0.50_cit0,7,49,194.96298684721154,869.4264170067379,0.2242432286776267,36,,0.9208333333333333,,KHONG CO,KHONG CO,24790.12374328587,999.9132531537063,22672.745386517472,-105.85111364722252,111.23492571219822,18015.291286239175,,,0.017026799163629223,,0d964d8,d3caadd556870d6a59cc5ef3930e5fabfad7bc9f109956e5ba4992ca49eda5a8,audits/final_run/logs/flat_sweep/sweep_seed303_exp.json,KHONG CO (che do lay mau v1)
303,exp,flat_pit0.50_cit0,8,50,192.1886444568706,831.62324987004,0.23110061495623702,41,,0.9291666666666667,,KHONG CO,KHONG CO,25413.81010137096,1060.2707789576539,23290.899810485706,-117.07774691283703,142.32532115595959,18013.161452733708,,,0.02077023349770762,,0d964d8,d3caadd556870d6a59cc5ef3930e5fabfad7bc9f109956e5ba4992ca49eda5a8,audits/final_run/logs/flat_sweep/sweep_seed303_exp.json,KHONG CO (che do lay mau v1)
303,exp,flat_pit0.50_cit0,9,51,168.27277585375342,775.5049023635308,0.21698479963299155,48,,0.9291666666666667,,KHONG CO,KHONG CO,26609.86127899894,1300.8034010450572,24534.126694495433,-115.79470311105251,194.4932834674606,18065.810294656698,,,0.022420023759309727,,0d964d8,d3caadd556870d6a59cc5ef3930e5fabfad7bc9f109956e5ba4992ca49eda5a8,audits/final_run/logs/flat_sweep/sweep_seed303_exp.json,KHONG CO (che do lay mau v1)
303,exp,flat_pit0_cit0.10,0,42,397.80944876744854,903.0232889145661,0.4405306636616376,0,,0.0,,KHONG CO,KHONG CO,3034.6839795767814,32.74802231914769,2706.0367190517545,-76.98262810707092,2.26801760494709,15073.460285332752,,,0.00501258151540462,,0d964d8,d3caadd556870d6a59cc5ef3930e5fabfad7bc9f109956e5ba4992ca49eda5a8,audits/final_run/logs/flat_sweep/sweep_seed303_exp.json,KHONG CO (che do lay mau v1)
303,exp,flat_pit0_cit0.10,1,43,371.49588071415695,969.0132531279946,0.38337543838018795,0,,0.0,,KHONG CO,KHONG CO,2898.866339410282,7.9283426824334695,2564.364293892401,-76.98262810707092,7.50624326605636,15052.458493601365,,,0.005204966996195315,,0d964d8,d3caadd556870d6a59cc5ef3930e5fabfad7bc9f109956e5ba4992ca49eda5a8,audits/final_run/logs/flat_sweep/sweep_seed303_exp.json,KHONG CO (che do lay mau v1)
303,exp,flat_pit0_cit0.10,2,44,274.50340757836256,911.0979010062352,0.30128859618181025,0,,0.0,,KHONG CO,KHONG CO,2837.1300475638886,46.63092941698584,2543.391499803202,-79.86947666108608,10.351618932752213,15081.01785759793,,,0.0061295343853549995,,0d964d8,d3caadd556870d6a59cc5ef3930e5fabfad7bc9f109956e5ba4992ca49eda5a8,audits/final_run/logs/flat_sweep/sweep_seed303_exp.json,KHONG CO (che do lay mau v1)
303,exp,flat_pit0_cit0.10,3,45,354.4113844207163,950.8105295528156,0.3727465918866114,0,,0.0,,KHONG CO,KHONG CO,2934.657125277301,10.873328971270018,2598.5191763823245,-83.07708616554737,8.944028621575448,14964.112908693829,,,0.006389918980774404,,0d964d8,d3caadd556870d6a59cc5ef3930e5fabfad7bc9f109956e5ba4992ca49eda5a8,audits/final_run/logs/flat_sweep/sweep_seed303_exp.json,KHONG CO (che do lay mau v1)
303,exp,flat_pit0_cit0.10,4,46,335.25050011842126,851.869997071613,0.3935465520218787,0,,0.0,,KHONG CO,KHONG CO,2868.330803228022,28.75590837347165,2555.8296482622327,-82.11480331420898,19.495570078685382,15017.368013193938,,,0.00805707175420949,,0d964d8,d3caadd556870d6a59cc5ef3930e5fabfad7bc9f109956e5ba4992ca49eda5a8,audits/final_run/logs/flat_sweep/sweep_seed303_exp.json,KHONG CO (che do lay mau v1)
303,exp,flat_pit0_cit0.10,5,47,364.04136088092093,883.3494068866787,0.4121147963001036,0,,0.0,,KHONG CO,KHONG CO,2914.412624248255,17.04990485921749,2585.9894916157573,-79.86947666108608,8.049881143687404,15013.862531478891,,,0.006573187477221683,,0d964d8,d3caadd556870d6a59cc5ef3930e5fabfad7bc9f109956e5ba4992ca49eda5a8,audits/final_run/logs/flat_sweep/sweep_seed303_exp.json,KHONG CO (che do lay mau v1)
303,exp,flat_pit0_cit0.10,6,48,397.94164109884116,905.1716580803694,0.4396311324448343,0,,0.0,,KHONG CO,KHONG CO,3053.260758730951,12.08785323050156,2704.177971019863,-76.98262810707092,11.802538743592043,14937.515261235916,,,0.00577149512168921,,0d964d8,d3caadd556870d6a59cc5ef3930e5fabfad7bc9f109956e5ba4992ca49eda5a8,audits/final_run/logs/flat_sweep/sweep_seed303_exp.json,KHONG CO (che do lay mau v1)
303,exp,flat_pit0_cit0.10,7,49,370.23668113301056,954.4419726527483,0.38790905234813333,0,,0.0,,KHONG CO,KHONG CO,3026.1491318452677,28.393085152966975,2694.779729426943,-76.98262810707092,0.0,14990.318718815059,,,0.0053818462938096555,,0d964d8,d3caadd556870d6a59cc5ef3930e5fabfad7bc9f109956e5ba4992ca49eda5a8,audits/final_run/logs/flat_sweep/sweep_seed303_exp.json,KHONG CO (che do lay mau v1)
303,exp,flat_pit0_cit0.10,8,50,337.02775795052787,906.527152124297,0.37177899984656704,0,,0.0,,KHONG CO,KHONG CO,2921.0421582364656,24.326648413245216,2598.479332212798,-82.43556426465511,11.853281109316839,14974.559046764885,,,0.007001359221653685,,0d964d8,d3caadd556870d6a59cc5ef3930e5fabfad7bc9f109956e5ba4992ca49eda5a8,audits/final_run/logs/flat_sweep/sweep_seed303_exp.json,KHONG CO (che do lay mau v1)
303,exp,flat_pit0_cit0.10,9,51,344.5245716010128,859.1107102727453,0.4010246496538673,0,,0.0,,KHONG CO,KHONG CO,2951.010540707578,7.42926419979978,2609.9375338780433,-76.98262810707092,5.416545193760484,15056.986787683943,,,0.004927021934366255,,0d964d8,d3caadd556870d6a59cc5ef3930e5fabfad7bc9f109956e5ba4992ca49eda5a8,audits/final_run/logs/flat_sweep/sweep_seed303_exp.json,KHONG CO (che do lay mau v1)
303,exp,flat_pit0_cit0.20,0,42,360.06016309596555,898.2026906571296,0.4008673842120688,0,,0.0,,KHONG CO,KHONG CO,6548.523867610782,18.14576908590146,5792.986234824078,-76.98262810707092,11.373604638503991,15489.120395684704,,,0.0043441069384203175,,0d964d8,d3caadd556870d6a59cc5ef3930e5fabfad7bc9f109956e5ba4992ca49eda5a8,audits/final_run/logs/flat_sweep/sweep_seed303_exp.json,KHONG CO (che do lay mau v1)
303,exp,flat_pit0_cit0.20,1,43,327.9486164116389,984.527203612342,0.3331026458267057,0,,0.0,,KHONG CO,KHONG CO,6362.502307331816,37.23698420548316,5645.025661575074,-76.98262810707092,1.418246352597204,15481.195044041311,,,0.0045925411957212685,,0d964d8,d3caadd556870d6a59cc5ef3930e5fabfad7bc9f109956e5ba4992ca49eda5a8,audits/final_run/logs/flat_sweep/sweep_seed303_exp.json,KHONG CO (che do lay mau v1)
303,exp,flat_pit0_cit0.20,2,44,423.76870976769555,945.6310390815155,0.44813324886130956,0,,0.0,,KHONG CO,KHONG CO,6523.667162591404,32.234733967913286,5783.54851284535,-81.47328141331673,13.544488212303289,15487.731203285259,,,0.006734281917898338,,0d964d8,d3caadd556870d6a59cc5ef3930e5fabfad7bc9f109956e5ba4992ca49eda5a8,audits/final_run/logs/flat_sweep/sweep_seed303_exp.json,KHONG CO (che do lay mau v1)
303,exp,flat_pit0_cit0.20,3,45,389.6578673433836,963.2357389072184,0.4045301182298807,0,,0.0,,KHONG CO,KHONG CO,6605.892656301426,44.34574993957282,5866.89276472385,-81.1525204628706,12.892979655212967,15486.262381974051,,,0.0053996374158568625,,0d964d8,d3caadd556870d6a59cc5ef3930e5fabfad7bc9f109956e5ba4992ca49eda5a8,audits/final_run/logs/flat_sweep/sweep_seed303_exp.json,KHONG CO (che do lay mau v1)
303,exp,flat_pit0_cit0.20,4,46,302.3700142238958,860.0122073940773,0.3515880491279386,0,,0.0,,KHONG CO,KHONG CO,6376.905785352609,16.356308296428107,5640.165834701058,-76.98262810707092,1.6494673490524292,15542.528604035875,,,0.0042937972633503,,0d964d8,d3caadd556870d6a59cc5ef3930e5fabfad7bc9f109956e5ba4992ca49eda5a8,audits/final_run/logs/flat_sweep/sweep_seed303_exp.json,KHONG CO (che do lay mau v1)
303,exp,flat_pit0_cit0.20,5,47,362.46089197815843,934.8811565868325,0.38770798772056836,0,,0.0,,KHONG CO,KHONG CO,6521.74115956419,85.71296387630578,5829.261984568956,-76.98262810707092,2.26801760494709,15472.147687430966,,,0.004243718919795266,,0d964d8,d3caadd556870d6a59cc5ef3930e5fabfad7bc9f109956e5ba4992ca49eda5a8,audits/final_run/logs/flat_sweep/sweep_seed303_exp.json,KHONG CO (che do lay mau v1)
303,exp,flat_pit0_cit0.20,6,48,376.94973810832687,905.2975266966603,0.41638215834277004,0,,0.0,,KHONG CO,KHONG CO,6843.339064998281,29.908441749012464,6063.64809991325,-76.98262810707092,17.112061801507533,15497.816630543764,,,0.006555917747287506,,0d964d8,d3caadd556870d6a59cc5ef3930e5fabfad7bc9f109956e5ba4992ca49eda5a8,audits/final_run/logs/flat_sweep/sweep_seed303_exp.json,KHONG CO (che do lay mau v1)
303,exp,flat_pit0_cit0.20,7,49,402.5569252791498,965.1237914924693,0.4171039288717927,0,,0.0,,KHONG CO,KHONG CO,6748.73413199247,33.55333425743765,5983.431971223166,-84.36012996733189,13.633637933218626,15523.529717619615,,,0.007194472585449033,,0d964d8,d3caadd556870d6a59cc5ef3930e5fabfad7bc9f109956e5ba4992ca49eda5a8,audits/final_run/logs/flat_sweep/sweep_seed303_exp.json,KHONG CO (che do lay mau v1)
303,exp,flat_pit0_cit0.20,8,50,401.3596109182886,940.6538121530946,0.4266815333471119,0,,0.0,,KHONG CO,KHONG CO,6551.09332996475,39.162586715622496,5814.091517104759,-76.98262810707092,15.081512965539996,15457.999654237943,,,0.006332552725060981,,0d964d8,d3caadd556870d6a59cc5ef3930e5fabfad7bc9f109956e5ba4992ca49eda5a8,audits/final_run/logs/flat_sweep/sweep_seed303_exp.json,KHONG CO (che do lay mau v1)
303,exp,flat_pit0_cit0.20,9,51,339.0955855086054,843.0887219645483,0.4022062882284224,3,,0.0,,KHONG CO,KHONG CO,6474.754117450611,36.93860611403625,5744.78106840206,-85.00165186822414,12.14429210199162,15524.384110700235,,,0.0057752923140109835,,0d964d8,d3caadd556870d6a59cc5ef3930e5fabfad7bc9f109956e5ba4992ca49eda5a8,audits/final_run/logs/flat_sweep/sweep_seed303_exp.json,KHONG CO (che do lay mau v1)
303,exp,flat_pit0_cit0.30,0,42,316.80436003544213,898.93067943209,0.3524235708982444,0,,0.0,,KHONG CO,KHONG CO,11224.76637899078,86.67995866328809,9973.333066698528,-76.98262810707092,1.0996448993682861,15973.425196935013,,,0.003454847001613978,,0d964d8,d3caadd556870d6a59cc5ef3930e5fabfad7bc9f109956e5ba4992ca49eda5a8,audits/final_run/logs/flat_sweep/sweep_seed303_exp.json,KHONG CO (che do lay mau v1)
303,exp,flat_pit0_cit0.30,1,43,354.38214678509155,991.3174085932718,0.35748605210915974,0,,0.0,,KHONG CO,KHONG CO,10580.289664724718,85.22730703438589,9405.717984701196,-78.26567190885544,7.954153125347366,16003.019435057568,,,0.0046110780789932505,,0d964d8,d3caadd556870d6a59cc5ef3930e5fabfad7bc9f109956e5ba4992ca49eda5a8,audits/final_run/logs/flat_sweep/sweep_seed303_exp.json,KHONG CO (che do lay mau v1)
303,exp,flat_pit0_cit0.30,2,44,422.32861538272925,981.5819338692808,0.4302530444075712,1,,0.0,,KHONG CO,KHONG CO,11228.592747254846,59.521499121542746,9910.797474391384,-78.9071938097477,18.96776556352582,16033.662681178952,,,0.006947517050164203,,0d964d8,d3caadd556870d6a59cc5ef3930e5fabfad7bc9f109956e5ba4992ca49eda5a8,audits/final_run/logs/flat_sweep/sweep_seed303_exp.json,KHONG CO (che do lay mau v1)
303,exp,flat_pit0_cit0.30,3,45,371.56130793021435,967.2741570700448,0.38413236331642,0,,0.0,,KHONG CO,KHONG CO,11158.929217305948,74.73223919366066,9910.297197611932,-76.98262810707092,3.263543461418272,15956.15992345026,,,0.0043060158188279836,,0d964d8,d3caadd556870d6a59cc5ef3930e5fabfad7bc9f109956e5ba4992ca49eda5a8,audits/final_run/logs/flat_sweep/sweep_seed303_exp.json,KHONG CO (che do lay mau v1)
303,exp,flat_pit0_cit0.30,4,46,381.34440432091054,904.6717710292445,0.42152791380574994,0,,0.0,,KHONG CO,KHONG CO,10996.882138750665,78.90970904847161,9771.066580105035,-76.98262810707092,3.68916811968331,15919.764310809276,,,0.005194378955595164,,0d964d8,d3caadd556870d6a59cc5ef3930e5fabfad7bc9f109956e5ba4992ca49eda5a8,audits/final_run/logs/flat_sweep/sweep_seed303_exp.json,KHONG CO (che do lay mau v1)
303,exp,flat_pit0_cit0.30,5,47,329.6661558625561,950.2488381930782,0.34692613409496453,0,,0.0,,KHONG CO,KHONG CO,10870.45221746028,38.99165732237944,9620.727118344972,-76.98262810707092,5.256501236314414,16117.049380001841,,,0.005512715861318321,,0d964d8,d3caadd556870d6a59cc5ef3930e5fabfad7bc9f109956e5ba4992ca49eda5a8,audits/final_run/logs/flat_sweep/sweep_seed303_exp.json,KHONG CO (che do lay mau v1)
303,exp,flat_pit0_cit0.30,6,48,411.76385175651495,945.4335748102819,0.43552911883750556,0,,0.0,,KHONG CO,KHONG CO,11933.75408472205,21.655203502002383,10546.874816276704,-83.3978471159935,13.67811564926089,16036.952339887112,,,0.007884077778444987,,0d964d8,d3caadd556870d6a59cc5ef3930e5fabfad7bc9f109956e5ba4992ca49eda5a8,audits/final_run/logs/flat_sweep/sweep_seed303_exp.json,KHONG CO (che do lay mau v1)
303,exp,flat_pit0_cit0.30,7,49,384.7940906535922,969.1960169214705,0.397024011588329,0,,0.0,,KHONG CO,KHONG CO,11336.9925341552,60.195559245123,10054.738950048646,-76.98262810707092,0.0,16034.940141434701,,,0.003337361834800554,,0d964d8,d3caadd556870d6a59cc5ef3930e5fabfad7bc9f109956e5ba4992ca49eda5a8,audits/final_run/logs/flat_sweep/sweep_seed303_exp.json,KHONG CO (che do lay mau v1)
303,exp,flat_pit0_cit0.30,8,50,377.2417696299155,917.3298423515929,0.4112389592197817,0,,0.0,,KHONG CO,KHONG CO,11269.204215707528,57.17115914366539,9992.361054013612,-76.98262810707092,11.069507077975327,16005.176349336645,,,0.005057280165491448,,0d964d8,d3caadd556870d6a59cc5ef3930e5fabfad7bc9f109956e5ba4992ca49eda5a8,audits/final_run/logs/flat_sweep/sweep_seed303_exp.json,KHONG CO (che do lay mau v1)
303,exp,flat_pit0_cit0.30,9,51,334.4648117063518,861.3679518600353,0.3882949336391138,0,,0.0,,KHONG CO,KHONG CO,10970.792222085103,32.20627149188928,9706.627243007573,-76.98262810707092,9.584734213741068,16037.023133658018,,,0.005727371973430719,,0d964d8,d3caadd556870d6a59cc5ef3930e5fabfad7bc9f109956e5ba4992ca49eda5a8,audits/final_run/logs/flat_sweep/sweep_seed303_exp.json,KHONG CO (che do lay mau v1)
303,exp,flat_pit0_cit0.50,0,42,360.2392858733212,955.0387263184913,0.37719861608333016,0,,0.0,,KHONG CO,KHONG CO,25239.464505593845,56.96871385021243,22263.209376362527,-76.98262810707092,12.556341757297126,17853.1281625561,,,0.00635914863464472,,0d964d8,d3caadd556870d6a59cc5ef3930e5fabfad7bc9f109956e5ba4992ca49eda5a8,audits/final_run/logs/flat_sweep/sweep_seed303_exp.json,KHONG CO (che do lay mau v1)
303,exp,flat_pit0_cit0.50,1,43,371.2191170576484,1034.3032508753001,0.35890742559640676,0,,0.0,,KHONG CO,KHONG CO,23735.292247675556,301.42908386712134,21193.44644606577,-76.98262810707092,3.547999216632672,17505.725374708018,,,0.005796814182828447,,0d964d8,d3caadd556870d6a59cc5ef3930e5fabfad7bc9f109956e5ba4992ca49eda5a8,audits/final_run/logs/flat_sweep/sweep_seed303_exp.json,KHONG CO (che do lay mau v1)
303,exp,flat_pit0_cit0.50,2,44,341.5432265953665,1041.300894680907,0.32799667064535454,0,,0.0,,KHONG CO,KHONG CO,24589.35718126637,96.64619134696274,21775.522071615633,-82.75632521510124,12.23085435679655,17745.266173975295,,,0.006725032168249002,,0d964d8,d3caadd556870d6a59cc5ef3930e5fabfad7bc9f109956e5ba4992ca49eda5a8,audits/final_run/logs/flat_sweep/sweep_seed303_exp.json,KHONG CO (che do lay mau v1)
303,exp,flat_pit0_cit0.50,3,45,341.2409873198116,976.9919492498618,0.3492771742713108,0,,0.0,,KHONG CO,KHONG CO,24922.668181486584,202.58695676370408,22121.843682913044,-76.98262810707092,5.198456936579503,17961.593197361395,,,0.005076837791385723,,0d964d8,d3caadd556870d6a59cc5ef3930e5fabfad7bc9f109956e5ba4992ca49eda5a8,audits/final_run/logs/flat_sweep/sweep_seed303_exp.json,KHONG CO (che do lay mau v1)
303,exp,flat_pit0_cit0.50,4,46,322.9070907842558,887.2299899401522,0.36394970238329905,0,,0.0,,KHONG CO,KHONG CO,23765.21571073782,202.58825530221753,21090.491520463125,-76.98262810707092,27.88664126565046,17528.932454774458,,,0.005619993653488838,,0d964d8,d3caadd556870d6a59cc5ef3930e5fabfad7bc9f109956e5ba4992ca49eda5a8,audits/final_run/logs/flat_sweep/sweep_seed303_exp.json,KHONG CO (che do lay mau v1)
303,exp,flat_pit0_cit0.50,5,47,355.94056222095014,953.5964316378612,0.373261214505176,0,,0.0,,KHONG CO,KHONG CO,24175.768083950832,158.2398019669367,21457.42750245204,-79.86947666108608,16.013784889110116,17510.158517200412,,,0.006505126960794293,,0d964d8,d3caadd556870d6a59cc5ef3930e5fabfad7bc9f109956e5ba4992ca49eda5a8,audits/final_run/logs/flat_sweep/sweep_seed303_exp.json,KHONG CO (che do lay mau v1)
303,exp,flat_pit0_cit0.50,6,48,383.7323639473883,952.4127732025885,0.4029055203208245,0,,0.0,,KHONG CO,KHONG CO,27020.171421688694,218.22937207132833,23946.041132175484,-76.98262810707092,22.231287217779055,17912.73068011383,,,0.004262047164180317,,0d964d8,d3caadd556870d6a59cc5ef3930e5fabfad7bc9f109956e5ba4992ca49eda5a8,audits/final_run/logs/flat_sweep/sweep_seed303_exp.json,KHONG CO (che do lay mau v1)
303,exp,flat_pit0_cit0.50,7,49,403.6911096221354,1005.3119349089714,0.40155805934870226,0,,0.0,,KHONG CO,KHONG CO,25538.625126495303,186.22971672225958,22664.795385446687,-82.11480331420898,15.283320776951198,17882.88857878348,,,0.007210774596293954,,0d964d8,d3caadd556870d6a59cc5ef3930e5fabfad7bc9f109956e5ba4992ca49eda5a8,audits/final_run/logs/flat_sweep/sweep_seed303_exp.json,KHONG CO (che do lay mau v1)
303,exp,flat_pit0_cit0.50,8,50,391.4368789083182,998.7597128678718,0.3919229759321522,0,,0.004166666666666667,,KHONG CO,KHONG CO,26316.405856019283,143.31598289639302,23291.90424122047,-76.98262810707092,9.71267737795917,17892.441024590673,,,0.005655689394332003,,0d964d8,d3caadd556870d6a59cc5ef3930e5fabfad7bc9f109956e5ba4992ca49eda5a8,audits/final_run/logs/flat_sweep/sweep_seed303_exp.json,KHONG CO (che do lay mau v1)
303,exp,flat_pit0_cit0.50,9,51,344.9969043621102,913.2839974015247,0.3777542422112894,0,,0.0,,KHONG CO,KHONG CO,25020.446475475186,309.3844336541294,22326.29129478432,-76.98262810707092,16.939856025520655,17814.288855531868,,,0.004501971089437531,,0d964d8,d3caadd556870d6a59cc5ef3930e5fabfad7bc9f109956e5ba4992ca49eda5a8,audits/final_run/logs/flat_sweep/sweep_seed303_exp.json,KHONG CO (che do lay mau v1)
404,det,rl_learned,0,42,442.4688495641804,948.2977282205187,0.46659275499317443,0,58,0.0,0.0,KHONG CO,KHONG CO,18496.071190298924,0.0,18332.95743420069,226.12825638055799,0.0,14936.805695103469,0.1798046142118126,0.0,0.0031865168287376574,4.12091009273352,9bb6ea8,3f576228eab2d2d327adc0d6d41f07ea8825a2366b97b7c99a3a9ab30eec136d,audits/paper_extras/v4_runs/v1/sweep_seed404_det.json,audits/paper_extras/v4_runs/v2/bench2_seed404_det.json
404,det,rl_learned,1,43,530.6100306072501,1045.5832835750305,0.507477538080948,0,63,0.0,0.0,KHONG CO,KHONG CO,20923.21661809876,0.0,20749.92638547212,251.6934953033924,0.0,14934.443698346717,0.0,12.846961023466434,0.003374234991142737,3.791550801917707,9bb6ea8,3f576228eab2d2d327adc0d6d41f07ea8825a2366b97b7c99a3a9ab30eec136d,audits/paper_extras/v4_runs/v1/sweep_seed404_det.json,audits/paper_extras/v4_runs/v2/bench2_seed404_det.json
404,det,rl_learned,2,44,438.0065535989956,1024.5708853166625,0.4275024401690095,0,71,0.0,0.0001721006674453296,KHONG CO,KHONG CO,20795.59335810402,0.0,20673.637545705096,248.33657848834991,0.0,14873.049024566932,0.5702093436362428,0.0,0.0036580308826411967,4.082055668637669,9bb6ea8,3f576228eab2d2d327adc0d6d41f07ea8825a2366b97b7c99a3a9ab30eec136d,audits/paper_extras/v4_runs/v1/sweep_seed404_det.json,audits/paper_extras/v4_runs/v2/bench2_seed404_det.json
404,det,rl_learned,3,45,488.92936040472546,990.8302926646643,0.4934541909188461,0,57,0.0,0.0,KHONG CO,KHONG CO,20556.465965237112,0.0,20496.161371627055,248.13692879676822,0.0,14813.061240529016,0.0,0.8935757157332445,0.0031479365818240777,4.0897946796946085,9bb6ea8,3f576228eab2d2d327adc0d6d41f07ea8825a2366b97b7c99a3a9ab30eec136d,audits/paper_extras/v4_runs/v1/sweep_seed404_det.json,audits/paper_extras/v4_runs/v2/bench2_seed404_det.json
404,det,rl_learned,4,46,423.0119152419555,925.6252423766582,0.45700127424768544,0,59,0.0,0.0,KHONG CO,KHONG CO,21855.198765881145,0.0,21791.23987490035,256.97007474303246,0.0,14807.276045190996,0.0,0.28722895323598896,0.003224743128431848,4.760809382737358,9bb6ea8,3f576228eab2d2d327adc0d6d41f07ea8825a2366b97b7c99a3a9ab30eec136d,audits/paper_extras/v4_runs/v1/sweep_seed404_det.json,audits/paper_extras/v4_runs/v2/bench2_seed404_det.json
404,det,rl_learned,5,47,494.20667714078735,1016.7179167881095,0.4860804250425963,0,70,0.0,0.0,KHONG CO,KHONG CO,20540.572060902043,0.0,20454.984577031748,248.84198606014257,0.0,14837.435166200168,0.0,0.6896683900190477,0.003623595620933208,4.197168945052112,9bb6ea8,3f576228eab2d2d327adc0d6d41f07ea8825a2366b97b7c99a3a9ab30eec136d,audits/paper_extras/v4_runs/v1/sweep_seed404_det.json,audits/paper_extras/v4_runs/v2/bench2_seed404_det.json
404,det,rl_learned,6,48,476.33784319199026,967.3391624807657,0.4924207161947314,0,71,0.0,0.0,KHONG CO,KHONG CO,20469.3372376177,0.0,20381.893803196468,242.2430602312088,0.0,14845.078933636129,0.12144055389120112,0.0,0.0036580308826411963,4.460624782932102,9bb6ea8,3f576228eab2d2d327adc0d6d41f07ea8825a2366b97b7c99a3a9ab30eec136d,audits/paper_extras/v4_runs/v1/sweep_seed404_det.json,audits/paper_extras/v4_runs/v2/bench2_seed404_det.json
404,det,rl_learned,7,49,487.5333522046347,986.2341433500176,0.49433834297055723,0,63,0.0,0.0,KHONG CO,KHONG CO,19113.02879220705,0.0,18944.96349468788,231.4925945699215,0.0,14936.077015412799,0.4956875364489446,0.0,0.0033742349911427367,3.9740543059511846,9bb6ea8,3f576228eab2d2d327adc0d6d41f07ea8825a2366b97b7c99a3a9ab30eec136d,audits/paper_extras/v4_runs/v1/sweep_seed404_det.json,audits/paper_extras/v4_runs/v2/bench2_seed404_det.json
404,det,rl_learned,8,50,455.89566859702086,960.4008934901334,0.474693090861545,0,69,0.0,0.023789030656977683,KHONG CO,KHONG CO,19913.934690570797,0.0,19722.39056144308,240.32934844493866,0.0,14950.460801258349,0.753979424427863,0.0,0.0035888733987109855,4.252705154015555,9bb6ea8,3f576228eab2d2d327adc0d6d41f07ea8825a2366b97b7c99a3a9ab30eec136d,audits/paper_extras/v4_runs/v1/sweep_seed404_det.json,audits/paper_extras/v4_runs/v2/bench2_seed404_det.json
404,det,rl_learned,9,51,434.57054599551765,912.7351790694495,0.4761189838640496,0,69,0.0,0.0,KHONG CO,KHONG CO,19686.57230640296,0.0,19515.61128597412,241.0469431579113,0.0,14929.146804562935,0.7672727079952728,0.0,0.0035888733987109855,4.683435814079309,9bb6ea8,3f576228eab2d2d327adc0d6d41f07ea8825a2366b97b7c99a3a9ab30eec136d,audits/paper_extras/v4_runs/v1/sweep_seed404_det.json,audits/paper_extras/v4_runs/v2/bench2_seed404_det.json
404,det,free_market+rl_aux,0,42,432.2166461594655,885.5785475748118,0.4880613327221014,0,56,0.0,5.817114301365223e-08,KHONG CO,KHONG CO,0.0,0.0,0.0,243.5245156288147,0.0,14525.456724575979,231.0187597952102,0.0,0.00310899577185523,3.026076542103362,9bb6ea8,3f576228eab2d2d327adc0d6d41f07ea8825a2366b97b7c99a3a9ab30eec136d,audits/paper_extras/v4_runs/v1/sweep_seed404_det.json,audits/paper_extras/v4_runs/v2/bench2_seed404_det.json
404,det,free_market+rl_aux,1,43,514.2887862282943,891.4000126276185,0.5769450066668755,0,32,0.0,0.05062023001450644,KHONG CO,KHONG CO,0.0,0.0,0.0,243.5245156288148,0.0,14916.629076288646,0.0,160.15359191745677,0.0020450614232485694,2.729475910498249,9bb6ea8,3f576228eab2d2d327adc0d6d41f07ea8825a2366b97b7c99a3a9ab30eec136d,audits/paper_extras/v4_runs/v1/sweep_seed404_det.json,audits/paper_extras/v4_runs/v2/bench2_seed404_det.json
404,det,free_market+rl_aux,2,44,395.3524257867488,853.6363662373044,0.4631391555275468,0,31,0.0,0.006678906803001983,KHONG CO,KHONG CO,0.0,0.0,0.0,243.52451562881473,0.0,14893.357892494389,0.0,136.88240812320143,0.0019942484151184883,2.926250668653805,9bb6ea8,3f576228eab2d2d327adc0d6d41f07ea8825a2366b97b7c99a3a9ab30eec136d,audits/paper_extras/v4_runs/v1/sweep_seed404_det.json,audits/paper_extras/v4_runs/v2/bench2_seed404_det.json
404,det,free_market+rl_aux,3,45,455.5742503717806,869.8384804356697,0.523745799500156,0,34,0.0,3.6627885169338015e-09,KHONG CO,KHONG CO,0.0,0.0,0.0,243.5245156288147,0.0,14893.376043284105,0.0,136.90055891292246,0.0021448654010645953,2.9966221479646435,9bb6ea8,3f576228eab2d2d327adc0d6d41f07ea8825a2366b97b7c99a3a9ab30eec136d,audits/paper_extras/v4_runs/v1/sweep_seed404_det.json,audits/paper_extras/v4_runs/v2/bench2_seed404_det.json
404,det,free_market+rl_aux,4,46,436.01818476483453,864.5594194133082,0.5043241389478093,0,53,0.0,1.911163449719311e-08,KHONG CO,KHONG CO,0.0,0.0,0.0,243.5245156288147,0.0,14842.24037604201,0.0,85.76489167082285,0.0029899409535079587,3.3222729022726893,9bb6ea8,3f576228eab2d2d327adc0d6d41f07ea8825a2366b97b7c99a3a9ab30eec136d,audits/paper_extras/v4_runs/v1/sweep_seed404_det.json,audits/paper_extras/v4_runs/v2/bench2_seed404_det.json
404,det,free_market+rl_aux,5,47,488.1287668866579,941.1728947865587,0.5186387852758518,0,66,0.0,1.4647214552354626e-08,KHONG CO,KHONG CO,0.0,0.0,0.0,243.5245156288147,0.0,14794.879280308081,0.0,38.40379593689971,0.003482936123032932,3.0111783253464828,9bb6ea8,3f576228eab2d2d327adc0d6d41f07ea8825a2366b97b7c99a3a9ab30eec136d,audits/paper_extras/v4_runs/v1/sweep_seed404_det.json,audits/paper_extras/v4_runs/v2/bench2_seed404_det.json
404,det,free_market+rl_aux,6,48,428.63288132605504,870.8256935027308,0.4922143254661685,0,57,0.0,1.947755812192753e-07,KHONG CO,KHONG CO,0.0,0.0,0.0,243.52451562881467,0.0,14417.565175127855,338.9103092433303,0.0,0.003147936581824078,3.168385404103761,9bb6ea8,3f576228eab2d2d327adc0d6d41f07ea8825a2366b97b7c99a3a9ab30eec136d,audits/paper_extras/v4_runs/v1/sweep_seed404_det.json,audits/paper_extras/v4_runs/v2/bench2_seed404_det.json
404,det,free_market+rl_aux,7,49,448.2559329197912,910.9819072821781,0.49205799735048217,0,57,0.0,5.548205688210572e-06,KHONG CO,KHONG CO,0.0,0.0,0.0,243.5245156288147,0.0,14517.351688169283,239.12379620190467,0.0,0.003147936581824078,2.910227178116648,9bb6ea8,3f576228eab2d2d327adc0d6d41f07ea8825a2366b97b7c99a3a9ab30eec136d,audits/paper_extras/v4_runs/v1/sweep_seed404_det.json,audits/paper_extras/v4_runs/v2/bench2_seed404_det.json
404,det,free_market+rl_aux,8,50,450.6853344524621,882.5672408620372,0.5106526886407663,0,52,0.0,2.021597962365007e-07,KHONG CO,KHONG CO,0.0,0.0,0.0,243.5245156288147,0.0,14409.592234145832,346.8832502253606,0.0,0.0029494878790743023,3.0520606740825924,9bb6ea8,3f576228eab2d2d327adc0d6d41f07ea8825a2366b97b7c99a3a9ab30eec136d,audits/paper_extras/v4_runs/v1/sweep_seed404_det.json,audits/paper_extras/v4_runs/v2/bench2_seed404_det.json
404,det,free_market+rl_aux,9,51,390.6631120850144,818.9558269420163,0.47702586541663883,0,50,0.0,3.384112932103278e-07,KHONG CO,KHONG CO,0.0,0.0,0.0,243.52451562881467,0.0,14471.75362409899,284.7218602721946,0.0,0.0028673840804591465,3.326931590792457,9bb6ea8,3f576228eab2d2d327adc0d6d41f07ea8825a2366b97b7c99a3a9ab30eec136d,audits/paper_extras/v4_runs/v1/sweep_seed404_det.json,audits/paper_extras/v4_runs/v2/bench2_seed404_det.json
404,det,rl_mean_fixed,0,42,488.3222881777525,935.3769190321848,0.522059373330496,0,56,0.0,0.006597908413140452,KHONG CO,KHONG CO,23747.365599279387,0.0,23626.13965202144,243.5245156288147,0.0,14875.594137666429,2.107293962703805,0.0,0.00310899577185523,4.742796713929238,9bb6ea8,3f576228eab2d2d327adc0d6d41f07ea8825a2366b97b7c99a3a9ab30eec136d,audits/paper_extras/v4_runs/v1/sweep_seed404_det.json,audits/paper_extras/v4_runs/v2/bench2_seed404_det.json
404,det,rl_mean_fixed,1,43,581.3147966741038,1056.505794185848,0.5502239551105064,0,65,0.0,3.338722692758367e-06,KHONG CO,KHONG CO,23279.6685154623,0.0,23192.321980935383,243.52451562881492,0.0,14853.246621372371,0.0,9.424602474277041,0.003447016582803047,4.085972206618434,9bb6ea8,3f576228eab2d2d327adc0d6d41f07ea8825a2366b97b7c99a3a9ab30eec136d,audits/paper_extras/v4_runs/v1/sweep_seed404_det.json,audits/paper_extras/v4_runs/v2/bench2_seed404_det.json
404,det,rl_mean_fixed,2,44,457.695510641435,992.411412868718,0.46119533159982073,0,61,0.0,0.00012686101964698437,KHONG CO,KHONG CO,23515.123219677957,0.0,23325.381222507665,243.5245156288147,0.0,14947.67326796603,0.0,1.4557864245488004,0.0033001594538481734,4.367250356259538,9bb6ea8,3f576228eab2d2d327adc0d6d41f07ea8825a2366b97b7c99a3a9ab30eec136d,audits/paper_extras/v4_runs/v1/sweep_seed404_det.json,audits/paper_extras/v4_runs/v2/bench2_seed404_det.json
404,det,rl_mean_fixed,3,45,516.4903957314251,987.6542000802763,0.5229465896965202,0,58,0.0,0.004227429598683274,KHONG CO,KHONG CO,24120.103375081315,0.0,24061.571684011316,243.5245156288147,0.0,14814.152350722654,0.8548247185317879,0.0,0.0031865168287376583,4.461009209428289,9bb6ea8,3f576228eab2d2d327adc0d6d41f07ea8825a2366b97b7c99a3a9ab30eec136d,audits/paper_extras/v4_runs/v1/sweep_seed404_det.json,audits/paper_extras/v4_runs/v2/bench2_seed404_det.json
404,det,rl_mean_fixed,4,46,427.4903970918016,901.5742613876806,0.4741599393419007,0,55,0.0,0.0,KHONG CO,KHONG CO,23413.998115396884,0.0,23378.889750681683,243.5245156288147,0.0,14791.762866481231,0.0,0.17901739484820345,0.0030696875957546017,5.098459241826708,9bb6ea8,3f576228eab2d2d327adc0d6d41f07ea8825a2366b97b7c99a3a9ab30eec136d,audits/paper_extras/v4_runs/v1/sweep_seed404_det.json,audits/paper_extras/v4_runs/v2/bench2_seed404_det.json
404,det,rl_mean_fixed,5,47,521.7492963169983,977.0403744941489,0.5340099651328409,0,69,0.0,0.0,KHONG CO,KHONG CO,23400.040255994703,0.0,23378.682285285708,243.5245156288147,0.0,14777.277082388686,0.5563726914957865,0.0,0.003588873398710986,4.593555311457607,9bb6ea8,3f576228eab2d2d327adc0d6d41f07ea8825a2366b97b7c99a3a9ab30eec136d,audits/paper_extras/v4_runs/v1/sweep_seed404_det.json,audits/paper_extras/v4_runs/v2/bench2_seed404_det.json
404,det,rl_mean_fixed,6,48,472.4509798779732,924.8111178345657,0.5108621325662819,0,60,0.0,0.00917440107519063,KHONG CO,KHONG CO,24077.391307707603,0.0,24011.355828397358,243.52451562881467,0.0,14821.219222813757,1.2917408676745925,0.0,0.0032626219163106357,4.933352950540451,9bb6ea8,3f576228eab2d2d327adc0d6d41f07ea8825a2366b97b7c99a3a9ab30eec136d,audits/paper_extras/v4_runs/v1/sweep_seed404_det.json,audits/paper_extras/v4_runs/v2/bench2_seed404_det.json
404,det,rl_mean_fixed,7,49,504.7650632553417,955.1828627608379,0.5284486174682623,0,52,0.0,0.06901998222382,KHONG CO,KHONG CO,24106.597272616233,0.0,24100.467247460223,243.5245156288147,0.0,14505.958863432224,256.64664609497515,0.0,0.0029494878790743023,4.506219370145544,9bb6ea8,3f576228eab2d2d327adc0d6d41f07ea8825a2366b97b7c99a3a9ab30eec136d,audits/paper_extras/v4_runs/v1/sweep_seed404_det.json,audits/paper_extras/v4_runs/v2/bench2_seed404_det.json
404,det,rl_mean_fixed,8,50,477.82521532122104,933.7913556076767,0.5117044749362347,1,59,0.0,0.0,KHONG CO,KHONG CO,23750.03935538824,0.0,23643.79215310442,243.5245156288147,0.0,14866.463579840165,0.0,2.600699039342188,0.006249520711134527,4.6842638856725936,9bb6ea8,3f576228eab2d2d327adc0d6d41f07ea8825a2366b97b7c99a3a9ab30eec136d,audits/paper_extras/v4_runs/v1/sweep_seed404_det.json,audits/paper_extras/v4_runs/v2/bench2_seed404_det.json
404,det,rl_mean_fixed,9,51,447.97152096470575,909.3610785396556,0.492622272424617,0,63,0.0,0.0005293679847440114,KHONG CO,KHONG CO,23407.00613001681,0.0,23307.52823141492,243.52451562881473,0.0,14859.389791791997,0.0,3.4364088189315964,0.003374234991142737,5.124764911140817,9bb6ea8,3f576228eab2d2d327adc0d6d41f07ea8825a2366b97b7c99a3a9ab30eec136d,audits/paper_extras/v4_runs/v1/sweep_seed404_det.json,audits/paper_extras/v4_runs/v2/bench2_seed404_det.json
404,det,flat_pit0.10_cit0,0,42,375.0943475964225,895.7035016716303,0.41877066115784156,0,61,0.6958333333333333,-0.5007487409713609,KHONG CO,KHONG CO,6880.535578729505,146.67767011939299,7013.7195567544595,243.5245156288147,0.0,14547.912585150892,222.05659131473394,0.0,0.003300159453848173,3.028178211164426,9bb6ea8,3f576228eab2d2d327adc0d6d41f07ea8825a2366b97b7c99a3a9ab30eec136d,audits/paper_extras/v4_runs/v1/sweep_seed404_det.json,audits/paper_extras/v4_runs/v2/bench2_seed404_det.json
404,det,flat_pit0.10_cit0,1,43,451.5623307777569,978.201883288419,0.4616248838733993,0,64,0.7708333333333334,-0.5956740886975989,KHONG CO,KHONG CO,7067.689785750341,151.42070242741548,6978.0680748203085,243.5245156288148,0.0,14984.227901248425,13.289996480208831,0.0,0.0034107846987450757,2.7382715780241393,9bb6ea8,3f576228eab2d2d327adc0d6d41f07ea8825a2366b97b7c99a3a9ab30eec136d,audits/paper_extras/v4_runs/v1/sweep_seed404_det.json,audits/paper_extras/v4_runs/v2/bench2_seed404_det.json
404,det,flat_pit0.10_cit0,2,44,313.76639311002714,898.9515079820729,0.3490359494633434,0,64,0.675,-0.4703672495452943,KHONG CO,KHONG CO,6629.625847084492,150.28575289575508,6764.933354408632,243.5245156288147,0.0,14475.815820264224,295.6379096785794,0.0,0.0034107846987450757,2.883113109818138,9bb6ea8,3f576228eab2d2d327adc0d6d41f07ea8825a2366b97b7c99a3a9ab30eec136d,audits/paper_extras/v4_runs/v1/sweep_seed404_det.json,audits/paper_extras/v4_runs/v2/bench2_seed404_det.json
404,det,flat_pit0.10_cit0,3,45,395.1494529323065,922.7584480317342,0.4282263183557622,0,58,0.8083333333333333,-0.560891288479522,KHONG CO,KHONG CO,6970.96986853116,147.48575473518937,6927.978254398232,243.5245156288147,0.0,14934.514217053875,12.438636185423546,0.0,0.0031865168287376574,2.930700752580028,9bb6ea8,3f576228eab2d2d327adc0d6d41f07ea8825a2366b97b7c99a3a9ab30eec136d,audits/paper_extras/v4_runs/v1/sweep_seed404_det.json,audits/paper_extras/v4_runs/v2/bench2_seed404_det.json
404,det,flat_pit0.10_cit0,4,46,315.7038212504985,849.2628806988386,0.371738631730511,0,56,0.7708333333333334,-0.6483308267835015,KHONG CO,KHONG CO,7129.834451610919,171.40349494271553,7171.609934712133,243.5245156288147,0.0,14874.464945324431,11.63855088825436,0.0,0.00310899577185523,3.208315535075461,9bb6ea8,3f576228eab2d2d327adc0d6d41f07ea8825a2366b97b7c99a3a9ab30eec136d,audits/paper_extras/v4_runs/v1/sweep_seed404_det.json,audits/paper_extras/v4_runs/v2/bench2_seed404_det.json
404,det,flat_pit0.10_cit0,5,47,387.2631010689083,894.6618297868438,0.4328597556924666,0,55,0.7583333333333333,-0.5930872594597274,KHONG CO,KHONG CO,7199.553656927895,163.30884538407528,7203.683488657533,243.5245156288147,0.0,14903.7843804701,11.870117555527658,0.0,0.0030696875957546012,3.0508072313220054,9bb6ea8,3f576228eab2d2d327adc0d6d41f07ea8825a2366b97b7c99a3a9ab30eec136d,audits/paper_extras/v4_runs/v1/sweep_seed404_det.json,audits/paper_extras/v4_runs/v2/bench2_seed404_det.json
404,det,flat_pit0.10_cit0,6,48,379.3061691719578,870.3419611778661,0.4358128024284026,0,53,0.7208333333333333,-0.5671984389074438,KHONG CO,KHONG CO,7251.191395739539,165.78131735966502,7404.384711255475,243.52451562881467,0.0,14479.707146798864,289.3563394160505,0.0,0.0029899409535079587,3.188712306259447,9bb6ea8,3f576228eab2d2d327adc0d6d41f07ea8825a2366b97b7c99a3a9ab30eec136d,audits/paper_extras/v4_runs/v1/sweep_seed404_det.json,audits/paper_extras/v4_runs/v2/bench2_seed404_det.json
404,det,flat_pit0.10_cit0,7,49,364.4270409938751,913.668757130467,0.3988612264015906,0,62,0.7166666666666667,-0.5069175486376727,KHONG CO,KHONG CO,6560.726784027342,135.67293054853425,6682.520825927544,243.5245156288147,0.0,14574.386718724158,195.96765429534938,0.0,0.0033373618348005534,2.893832430191212,9bb6ea8,3f576228eab2d2d327adc0d6d41f07ea8825a2366b97b7c99a3a9ab30eec136d,audits/paper_extras/v4_runs/v1/sweep_seed404_det.json,audits/paper_extras/v4_runs/v2/bench2_seed404_det.json
404,det,flat_pit0.10_cit0,8,50,393.1701037750202,895.1520251797051,0.43922159891901025,0,58,0.7,-0.4983819451113311,KHONG CO,KHONG CO,7230.320513544519,169.88089359124115,7387.1130258621815,243.5245156288147,0.0,14508.688287049114,260.8755785956505,0.0,0.003186516828737658,3.101997688520361,9bb6ea8,3f576228eab2d2d327adc0d6d41f07ea8825a2366b97b7c99a3a9ab30eec136d,audits/paper_extras/v4_runs/v1/sweep_seed404_det.json,audits/paper_extras/v4_runs/v2/bench2_seed404_det.json
404,det,flat_pit0.10_cit0,9,51,346.1931593411244,835.6640228510597,0.41427314072946075,0,55,0.7708333333333334,-0.6028590880038001,KHONG CO,KHONG CO,7235.660425992481,170.7387329699418,7394.110330681503,243.52451562881475,0.0,14504.375047324664,264.38926532744046,0.0,0.0030696875957546012,3.3144777296220105,9bb6ea8,3f576228eab2d2d327adc0d6d41f07ea8825a2366b97b7c99a3a9ab30eec136d,audits/paper_extras/v4_runs/v1/sweep_seed404_det.json,audits/paper_extras/v4_runs/v2/bench2_seed404_det.json
404,det,flat_pit0.20_cit0,0,42,346.4247025762196,900.2092232691032,0.3848268753770161,0,57,0.8041666666666667,-1.3590955916489458,KHONG CO,KHONG CO,14122.269939461954,330.1329601747138,14426.274526781737,264.832910746336,11.656141743063927,14601.991172970953,147.64814739456835,0.0,0.005523325989923766,3.0570332882021822,9bb6ea8,3f576228eab2d2d327adc0d6d41f07ea8825a2366b97b7c99a3a9ab30eec136d,audits/paper_extras/v4_runs/v1/sweep_seed404_det.json,audits/paper_extras/v4_runs/v2/bench2_seed404_det.json
404,det,flat_pit0.20_cit0,1,43,337.1854581055777,933.3934914811509,0.36124684946165264,0,54,0.825,-1.2838584168168943,KHONG CO,KHONG CO,13447.87188525558,319.7555803622875,13741.66315058552,243.5245156288148,4.882978297770023,14578.14991303672,199.40690806903802,0.0,0.004031607620174626,2.733182709661435,9bb6ea8,3f576228eab2d2d327adc0d6d41f07ea8825a2366b97b7c99a3a9ab30eec136d,audits/paper_extras/v4_runs/v1/sweep_seed404_det.json,audits/paper_extras/v4_runs/v2/bench2_seed404_det.json
404,det,flat_pit0.20_cit0,2,44,291.392954242125,951.2758949047548,0.3063180259301118,5,68,0.8,-1.3537035830343487,KHONG CO,KHONG CO,14138.943572626016,328.0677655582939,14194.635318263248,259.75948333740234,0.0,14988.167426619657,25.1758737116687,0.0,0.0057521086132455625,2.9064884394249826,9bb6ea8,3f576228eab2d2d327adc0d6d41f07ea8825a2366b97b7c99a3a9ab30eec136d,audits/paper_extras/v4_runs/v1/sweep_seed404_det.json,audits/paper_extras/v4_runs/v2/bench2_seed404_det.json
404,det,flat_pit0.20_cit0,3,45,317.33809879298803,908.5416114541961,0.3492829550041876,1,53,0.8583333333333333,-1.3291225650642533,KHONG CO,KHONG CO,13522.957283865344,332.04397120171996,13829.285944096566,246.56857207417488,6.930678874254227,14515.975544485886,256.5473246298949,0.0,0.004493050287856585,2.902601952475494,9bb6ea8,3f576228eab2d2d327adc0d6d41f07ea8825a2366b97b7c99a3a9ab30eec136d,audits/paper_extras/v4_runs/v1/sweep_seed404_det.json,audits/paper_extras/v4_runs/v2/bench2_seed404_det.json
404,det,flat_pit0.20_cit0,4,46,271.83186640043544,847.8687420594324,0.320606071336194,7,57,0.8666666666666667,-1.7667851822794174,KHONG CO,KHONG CO,14726.534584376219,398.9314211862002,14939.324096733591,269.9063381552696,0.0,14894.828362063286,22.624496012601305,0.0,0.005671296510998524,3.247312123809432,9bb6ea8,3f576228eab2d2d327adc0d6d41f07ea8825a2366b97b7c99a3a9ab30eec136d,audits/paper_extras/v4_runs/v1/sweep_seed404_det.json,audits/paper_extras/v4_runs/v2/bench2_seed404_det.json
404,det,flat_pit0.20_cit0,5,47,320.681809764091,903.3232881557649,0.3550022610607091,5,61,0.8375,-1.5354944953639826,KHONG CO,KHONG CO,14514.25406339014,349.4306069742747,14661.906229929567,257.7301123738289,0.0,14919.880442805934,25.004901789611964,0.0,0.004984337028698531,3.047773981286995,9bb6ea8,3f576228eab2d2d327adc0d6d41f07ea8825a2366b97b7c99a3a9ab30eec136d,audits/paper_extras/v4_runs/v1/sweep_seed404_det.json,audits/paper_extras/v4_runs/v2/bench2_seed404_det.json
404,det,flat_pit0.20_cit0,6,48,292.0053971259714,869.9646831267207,0.33565201299491987,0,54,0.8125,-1.4889467683657767,KHONG CO,KHONG CO,14067.569736343446,367.4384210525308,14409.914076789171,262.8035397827625,8.663348592817783,14507.080986964624,246.5462052666085,0.0,0.00503321018427719,3.151989132005592,9bb6ea8,3f576228eab2d2d327adc0d6d41f07ea8825a2366b97b7c99a3a9ab30eec136d,audits/paper_extras/v4_runs/v1/sweep_seed404_det.json,audits/paper_extras/v4_runs/v2/bench2_seed404_det.json
404,det,flat_pit0.20_cit0,7,49,341.60567669617114,909.2570460963196,0.37569758536683817,0,58,0.7791666666666667,-0.9927594109785706,KHONG CO,KHONG CO,12846.333296210858,282.7385171775524,13102.918017541742,243.5245156288147,0.0,14679.45688188852,103.17239832933619,0.0,0.003186516828737658,2.874222102617957,9bb6ea8,3f576228eab2d2d327adc0d6d41f07ea8825a2366b97b7c99a3a9ab30eec136d,audits/paper_extras/v4_runs/v1/sweep_seed404_det.json,audits/paper_extras/v4_runs/v2/bench2_seed404_det.json
404,det,flat_pit0.20_cit0,8,50,311.2646061673315,892.2833007046688,0.3488405598552774,0,59,0.8583333333333333,-1.4936365971027274,KHONG CO,KHONG CO,14135.898491315122,340.0638099345915,14449.928582916451,243.5245156288147,1.7326697185635567,14545.979408147054,234.79712483882253,0.0,0.003607006125373744,3.067347671473776,9bb6ea8,3f576228eab2d2d327adc0d6d41f07ea8825a2366b97b7c99a3a9ab30eec136d,audits/paper_extras/v4_runs/v1/sweep_seed404_det.json,audits/paper_extras/v4_runs/v2/bench2_seed404_det.json
404,det,flat_pit0.20_cit0,9,51,269.40427264904065,807.9768487285905,0.33343068316000335,1,47,0.85,-1.6405171338741766,KHONG CO,KHONG CO,14206.008386122929,379.3858118859511,14563.445748465152,255.7007414102555,11.81365717202425,14515.455947837245,239.14867395317708,0.0,0.0053099349765399085,3.3231777743876174,9bb6ea8,3f576228eab2d2d327adc0d6d41f07ea8825a2366b97b7c99a3a9ab30eec136d,audits/paper_extras/v4_runs/v1/sweep_seed404_det.json,audits/paper_extras/v4_runs/v2/bench2_seed404_det.json
404,det,flat_pit0.30_cit0,0,42,247.9529436349808,859.8398568161191,0.2883710747639915,6,54,0.85,-2.445300246583677,KHONG CO,KHONG CO,19004.409025626428,483.20521472673767,19452.637122755244,323.6846686899662,32.17930917966902,14594.477782699887,86.8593573571679,0.0,0.009355536239806025,2.966380018979005,9bb6ea8,3f576228eab2d2d327adc0d6d41f07ea8825a2366b97b7c99a3a9ab30eec136d,audits/paper_extras/v4_runs/v1/sweep_seed404_det.json,audits/paper_extras/v4_runs/v2/bench2_seed404_det.json
404,det,flat_pit0.30_cit0,1,43,333.33331135632375,904.4497454267995,0.36854818417691915,7,48,0.875,-2.4121505762957116,KHONG CO,KHONG CO,19740.581056224088,493.28569682196434,20199.799159620434,332.81683802604687,29.717910930514336,14589.50923222178,83.67261521627086,0.0,0.009467098141129589,2.7351200642888163,9bb6ea8,3f576228eab2d2d327adc0d6d41f07ea8825a2366b97b7c99a3a9ab30eec136d,audits/paper_extras/v4_runs/v1/sweep_seed404_det.json,audits/paper_extras/v4_runs/v2/bench2_seed404_det.json
404,det,flat_pit0.30_cit0,2,44,312.57664546179353,897.3786602966087,0.34832190611539415,7,57,0.8416666666666667,-2.5331145159617754,KHONG CO,KHONG CO,20360.45442577058,534.9721146822963,20860.172835481433,348.03712025284767,34.96842522919178,14565.69211618879,87.77823218743575,0.0,0.01019580565147256,2.8986506855424903,9bb6ea8,3f576228eab2d2d327adc0d6d41f07ea8825a2366b97b7c99a3a9ab30eec136d,audits/paper_extras/v4_runs/v1/sweep_seed404_det.json,audits/paper_extras/v4_runs/v2/bench2_seed404_det.json
404,det,flat_pit0.30_cit0,3,45,290.8370261884889,896.9183970817732,0.3242625272653126,6,57,0.8791666666666667,-2.2724784169047334,KHONG CO,KHONG CO,19689.779594463744,510.01000665915797,20163.430515790922,293.24410423636436,25.576479103953027,14548.5604761708,171.06072146218165,0.0,0.008507489294334704,2.8901061865556716,9bb6ea8,3f576228eab2d2d327adc0d6d41f07ea8825a2366b97b7c99a3a9ab30eec136d,audits/paper_extras/v4_runs/v1/sweep_seed404_det.json,audits/paper_extras/v4_runs/v2/bench2_seed404_det.json
404,det,flat_pit0.30_cit0,4,46,302.76223391504885,818.3419016245147,0.3699703428530625,24,60,0.8916666666666667,-3.3615552989012976,KHONG CO,KHONG CO,22123.306896208906,680.7681800596807,22485.270867257026,325.71403965353966,0.0,14963.932634353161,30.176589200527,0.0,0.00934663407706277,3.3166093144872573,9bb6ea8,3f576228eab2d2d327adc0d6d41f07ea8825a2366b97b7c99a3a9ab30eec136d,audits/paper_extras/v4_runs/v1/sweep_seed404_det.json,audits/paper_extras/v4_runs/v2/bench2_seed404_det.json
404,det,flat_pit0.30_cit0,5,47,345.5945303773054,859.650170565589,0.40201763718598305,18,56,0.875,-2.5737221199537186,KHONG CO,KHONG CO,21289.997281926902,578.948590865584,21538.021149885706,312.52312839031214,0.0,14992.56088995434,28.52305589292992,0.0,0.01007084258385716,3.0490212857298733,9bb6ea8,3f576228eab2d2d327adc0d6d41f07ea8825a2366b97b7c99a3a9ab30eec136d,audits/paper_extras/v4_runs/v1/sweep_seed404_det.json,audits/paper_extras/v4_runs/v2/bench2_seed404_det.json
404,det,flat_pit0.30_cit0,6,48,277.3578875827088,855.8562897841113,0.3240706306577148,8,53,0.8666666666666667,-2.8970468052464784,KHONG CO,KHONG CO,21008.010595980704,610.8403838639864,21584.305497351226,330.7874670624733,31.870621792972088,14535.039581837524,139.38867171727836,0.0,0.00984509792019192,3.16753446675119,9bb6ea8,3f576228eab2d2d327adc0d6d41f07ea8825a2366b97b7c99a3a9ab30eec136d,audits/paper_extras/v4_runs/v1/sweep_seed404_det.json,audits/paper_extras/v4_runs/v2/bench2_seed404_det.json
404,det,flat_pit0.30_cit0,7,49,333.7852717523235,895.032029638094,0.3729310915133278,5,56,0.825,-2.3801354875118395,KHONG CO,KHONG CO,19966.537420158118,497.85725701424775,20423.79147188692,292.22941875457764,19.50540352645882,14693.841508830805,35.529777876537665,0.0,0.007365011256907407,2.9425951808907223,9bb6ea8,3f576228eab2d2d327adc0d6d41f07ea8825a2366b97b7c99a3a9ab30eec136d,audits/paper_extras/v4_runs/v1/sweep_seed404_det.json,audits/paper_extras/v4_runs/v2/bench2_seed404_det.json
404,det,flat_pit0.30_cit0,8,50,302.9655445468125,851.7815635512333,0.3556845528373421,11,50,0.8875,-2.69202034306414,KHONG CO,KHONG CO,20437.279617213324,558.7287004907769,20964.06503072689,338.9049509167671,39.48386752605438,14574.11695864158,82.31821092031598,0.0,0.011215154153265365,3.0596207665085378,9bb6ea8,3f576228eab2d2d327adc0d6d41f07ea8825a2366b97b7c99a3a9ab30eec136d,audits/paper_extras/v4_runs/v1/sweep_seed404_det.json,audits/paper_extras/v4_runs/v2/bench2_seed404_det.json
404,det,flat_pit0.30_cit0,9,51,264.4738556402718,800.337125742419,0.3304530642570619,10,50,0.8833333333333333,-3.0986411125946223,KHONG CO,KHONG CO,21446.724104823108,676.4827634055151,22092.00063128468,340.9343218803406,36.38606408983469,14511.6771674478,143.19052540622272,0.0,0.011195090841175008,3.345256183810571,9bb6ea8,3f576228eab2d2d327adc0d6d41f07ea8825a2366b97b7c99a3a9ab30eec136d,audits/paper_extras/v4_runs/v1/sweep_seed404_det.json,audits/paper_extras/v4_runs/v2/bench2_seed404_det.json
404,det,flat_pit0.50_cit0,0,42,240.17365859209977,774.5958001123288,0.31006320787857455,32,55,0.9041666666666667,-7.332088178150669,KHONG CO,KHONG CO,30513.589031214273,966.6120843308717,31432.799962816378,252.65668496489522,8.190802305936813,14663.481438704624,87.67477995660664,0.0,0.005830626793649759,3.1023207349349944,9bb6ea8,3f576228eab2d2d327adc0d6d41f07ea8825a2366b97b7c99a3a9ab30eec136d,audits/paper_extras/v4_runs/v1/sweep_seed404_det.json,audits/paper_extras/v4_runs/v2/bench2_seed404_det.json
404,det,flat_pit0.50_cit0,1,43,334.921520684219,822.9943370474185,0.4069548301945628,49,61,0.9166666666666666,-6.265996736093406,KHONG CO,KHONG CO,30016.843226265988,922.7975245681819,30899.056333755994,282.08256393671047,20.739531479775906,14641.483494644988,59.92767813827724,0.0,0.008854918659862921,2.740811102167848,9bb6ea8,3f576228eab2d2d327adc0d6d41f07ea8825a2366b97b7c99a3a9ab30eec136d,audits/paper_extras/v4_runs/v1/sweep_seed404_det.json,audits/paper_extras/v4_runs/v2/bench2_seed404_det.json
404,det,flat_pit0.50_cit0,2,44,288.8369370734515,814.0204643042065,0.35482761151507203,57,55,0.9,-7.078968749150078,KHONG CO,KHONG CO,31291.309737681924,1010.6272378511118,32256.104095510294,247.58325755596158,9.188400022685528,14653.596671221403,80.8893352434183,0.0,0.006587421938453856,2.9136685884689966,9bb6ea8,3f576228eab2d2d327adc0d6d41f07ea8825a2366b97b7c99a3a9ab30eec136d,audits/paper_extras/v4_runs/v1/sweep_seed404_det.json,audits/paper_extras/v4_runs/v2/bench2_seed404_det.json
404,det,flat_pit0.50_cit0,3,45,320.9637628527137,761.9964201466584,0.4212142660603827,55,50,0.9083333333333333,-6.699021040276188,KHONG CO,KHONG CO,31715.282198789107,1039.2380856752272,32721.05714786584,274.97976556420326,15.226491466164589,14606.41597614518,92.44761485192899,0.0,0.008539270239722594,3.0435725668164766,9bb6ea8,3f576228eab2d2d327adc0d6d41f07ea8825a2366b97b7c99a3a9ab30eec136d,audits/paper_extras/v4_runs/v1/sweep_seed404_det.json,audits/paper_extras/v4_runs/v2/bench2_seed404_det.json
404,det,flat_pit0.50_cit0,4,46,212.08094995396283,657.92376231266,0.3223488223141229,57,53,0.9208333333333333,-8.944662131597937,KHONG CO,KHONG CO,31486.565867329253,1331.4250963410705,32785.28272976886,258.7447978556156,13.073780603706837,14555.047631063862,133.6467192699694,0.0,0.0092544121923193,3.357531009429244,9bb6ea8,3f576228eab2d2d327adc0d6d41f07ea8825a2366b97b7c99a3a9ab30eec136d,audits/paper_extras/v4_runs/v1/sweep_seed404_det.json,audits/paper_extras/v4_runs/v2/bench2_seed404_det.json
404,det,flat_pit0.50_cit0,5,47,293.37967947400483,724.8078884225372,0.4047688831208952,59,57,0.9125,-7.065993008067589,KHONG CO,KHONG CO,34047.29180396703,1290.9315019432672,34913.816400313866,267.87696719169617,0.0,15062.016348848452,32.919558043574455,0.0,0.007596634041134572,3.234376576250889,9bb6ea8,3f576228eab2d2d327adc0d6d41f07ea8825a2366b97b7c99a3a9ab30eec136d,audits/paper_extras/v4_runs/v1/sweep_seed404_det.json,audits/paper_extras/v4_runs/v2/bench2_seed404_det.json
404,det,flat_pit0.50_cit0,6,48,320.7087829961398,726.5322093231488,0.44142403995401414,47,51,0.9083333333333333,-6.8653055534716945,KHONG CO,KHONG CO,32865.8886655971,1266.9208523630823,34094.59644697995,250.6273140013218,10.816059455275536,14602.591786055056,118.21791151125586,0.0,0.006436907398374525,3.31695482680755,9bb6ea8,3f576228eab2d2d327adc0d6d41f07ea8825a2366b97b7c99a3a9ab30eec136d,audits/paper_extras/v4_runs/v1/sweep_seed404_det.json,audits/paper_extras/v4_runs/v2/bench2_seed404_det.json
404,det,flat_pit0.50_cit0,7,49,320.1866372095852,803.3190663724174,0.3985796560953866,51,58,0.8958333333333334,-6.073552481547586,KHONG CO,KHONG CO,31521.415587679097,940.431953154139,32402.954833917658,265.8475962281227,8.873369164764881,14708.927265919681,34.840510162274725,0.0,0.007042512492541438,3.0220508994401936,9bb6ea8,3f576228eab2d2d327adc0d6d41f07ea8825a2366b97b7c99a3a9ab30eec136d,audits/paper_extras/v4_runs/v1/sweep_seed404_det.json,audits/paper_extras/v4_runs/v2/bench2_seed404_det.json
404,det,flat_pit0.50_cit0,8,50,267.65068635613585,736.460984137529,0.36342819527579207,52,55,0.9166666666666666,-6.947408149407834,KHONG CO,KHONG CO,31746.382419596666,1114.365216144904,32824.18550040043,256.71542689204216,11.131090313196182,14646.068633350736,67.86214247202184,0.0,0.006410281956219374,3.20787484068244,9bb6ea8,3f576228eab2d2d327adc0d6d41f07ea8825a2366b97b7c99a3a9ab30eec136d,audits/paper_extras/v4_runs/v1/sweep_seed404_det.json,audits/paper_extras/v4_runs/v2/bench2_seed404_det.json
404,det,flat_pit0.50_cit0,9,51,237.7208835850579,677.5843210382862,0.3508358682514817,56,57,0.9166666666666666,-8.411768974323637,KHONG CO,KHONG CO,32511.64418155641,1290.6413390714965,33766.48760308867,243.5245156288147,1.8376800045371056,14634.394564813249,86.91000512835981,0.0,0.0044210030339203715,3.5295067120841868,9bb6ea8,3f576228eab2d2d327adc0d6d41f07ea8825a2366b97b7c99a3a9ab30eec136d,audits/paper_extras/v4_runs/v1/sweep_seed404_det.json,audits/paper_extras/v4_runs/v2/bench2_seed404_det.json
404,det,flat_pit0_cit0.10,0,42,455.6279285447181,910.2981755018834,0.500526026313864,0,64,0.0,2.141149854750779e-06,KHONG CO,KHONG CO,3402.0950758051667,0.0,3401.8446153364475,243.5245156288147,0.0,14496.020241559854,260.70570328003834,0.0,0.003410784698745076,3.278258091083117,9bb6ea8,3f576228eab2d2d327adc0d6d41f07ea8825a2366b97b7c99a3a9ab30eec136d,audits/paper_extras/v4_runs/v1/sweep_seed404_det.json,audits/paper_extras/v4_runs/v2/bench2_seed404_det.json
404,det,flat_pit0_cit0.10,1,43,545.5698396904413,994.5567408439606,0.5485557709130621,0,57,0.0,2.493548900694975e-08,KHONG CO,KHONG CO,3412.8501861598015,0.0,3314.296139135517,243.5245156288148,0.0,14905.273512325139,0.0,50.24398092967242,0.003147936581824078,2.9193023255357917,9bb6ea8,3f576228eab2d2d327adc0d6d41f07ea8825a2366b97b7c99a3a9ab30eec136d,audits/paper_extras/v4_runs/v1/sweep_seed404_det.json,audits/paper_extras/v4_runs/v2/bench2_seed404_det.json
404,det,flat_pit0_cit0.10,2,44,429.2429204032162,920.8679938101104,0.4661286126659856,0,47,0.0,4.0875284268437895e-08,KHONG CO,KHONG CO,3438.01410210302,0.0,3360.3095195890073,243.5245156288147,0.0,14868.220367570533,0.0,34.040300685342544,0.002741112864902217,3.1550386904332886,9bb6ea8,3f576228eab2d2d327adc0d6d41f07ea8825a2366b97b7c99a3a9ab30eec136d,audits/paper_extras/v4_runs/v1/sweep_seed404_det.json,audits/paper_extras/v4_runs/v2/bench2_seed404_det.json
404,det,flat_pit0_cit0.10,3,45,491.99446618690337,909.0656605427831,0.5412089440196699,0,45,0.0,7.37054415278493e-08,KHONG CO,KHONG CO,3510.5987159674887,0.0,3431.835413488954,243.5245156288147,0.0,14876.149777125987,0.0,40.91099027627069,0.0026547547606639577,3.216554623964463,9bb6ea8,3f576228eab2d2d327adc0d6d41f07ea8825a2366b97b7c99a3a9ab30eec136d,audits/paper_extras/v4_runs/v1/sweep_seed404_det.json,audits/paper_extras/v4_runs/v2/bench2_seed404_det.json
404,det,flat_pit0_cit0.10,4,46,450.9827885248881,877.5881129700289,0.5138888982880856,0,59,0.0,1.6414724779423295e-07,KHONG CO,KHONG CO,3379.1534061291773,0.0,3362.0140337080024,243.5245156288147,0.0,14814.233823368635,0.0,40.61896657627637,0.003224743128431848,3.562328295438022,9bb6ea8,3f576228eab2d2d327adc0d6d41f07ea8825a2366b97b7c99a3a9ab30eec136d,audits/paper_extras/v4_runs/v1/sweep_seed404_det.json,audits/paper_extras/v4_runs/v2/bench2_seed404_det.json
404,det,flat_pit0_cit0.10,5,47,481.8748493609928,924.9156683959642,0.5209932816866263,0,58,0.0,2.644575047838771e-08,KHONG CO,KHONG CO,3415.9544099061213,0.0,3408.796697269965,243.5245156288147,0.0,14787.000189606832,0.0,23.36699259949164,0.0031865168287376574,3.2382834842281114,9bb6ea8,3f576228eab2d2d327adc0d6d41f07ea8825a2366b97b7c99a3a9ab30eec136d,audits/paper_extras/v4_runs/v1/sweep_seed404_det.json,audits/paper_extras/v4_runs/v2/bench2_seed404_det.json
404,det,flat_pit0_cit0.10,6,48,442.48736603889915,878.0855367883722,0.5039228497684995,0,57,0.0,6.136649124410809e-07,KHONG CO,KHONG CO,3467.180040113133,0.0,3467.118093461247,243.5245156288147,0.0,14406.759814725341,349.77761629772425,0.0,0.003147936581824078,3.443743158768051,9bb6ea8,3f576228eab2d2d327adc0d6d41f07ea8825a2366b97b7c99a3a9ab30eec136d,audits/paper_extras/v4_runs/v1/sweep_seed404_det.json,audits/paper_extras/v4_runs/v2/bench2_seed404_det.json
404,det,flat_pit0_cit0.10,7,49,459.190859871526,914.4682238109815,0.5021397659482149,0,59,0.0,2.9269131056608444e-06,KHONG CO,KHONG CO,3492.9101491500833,0.0,3492.8291079605865,243.5245156288147,0.0,14506.99735605249,249.5591695081948,0.0,0.003224743128431848,3.1480006891354537,9bb6ea8,3f576228eab2d2d327adc0d6d41f07ea8825a2366b97b7c99a3a9ab30eec136d,audits/paper_extras/v4_runs/v1/sweep_seed404_det.json,audits/paper_extras/v4_runs/v2/bench2_seed404_det.json
404,det,flat_pit0_cit0.10,8,50,463.77453554784546,898.6267557707582,0.5160925073392266,0,60,0.0,1.6248680090313883e-07,KHONG CO,KHONG CO,3418.1840753199344,0.0,3418.1642729515,243.5245156288147,0.0,14417.008784099431,339.4865026401965,0.0,0.0032626219163106357,3.2852673655226305,9bb6ea8,3f576228eab2d2d327adc0d6d41f07ea8825a2366b97b7c99a3a9ab30eec136d,audits/paper_extras/v4_runs/v1/sweep_seed404_det.json,audits/paper_extras/v4_runs/v2/bench2_seed404_det.json
404,det,flat_pit0_cit0.10,9,51,402.16255664823734,834.9550233666411,0.48165774849364773,0,56,0.0,0.0,KHONG CO,KHONG CO,3364.9795136353523,0.0,3364.7901231051733,243.5245156288147,0.0,14454.086409011004,302.57846589036535,0.0,0.00310899577185523,3.6017107209408272,9bb6ea8,3f576228eab2d2d327adc0d6d41f07ea8825a2366b97b7c99a3a9ab30eec136d,audits/paper_extras/v4_runs/v1/sweep_seed404_det.json,audits/paper_extras/v4_runs/v2/bench2_seed404_det.json
404,det,flat_pit0_cit0.20,0,42,458.6008470770877,906.1517154565189,0.5060972012242395,0,55,0.0,4.252661158599125e-05,KHONG CO,KHONG CO,7648.7573155810605,0.0,7648.465185830775,243.52451562881473,0.0,14482.197433131783,274.5701809896893,0.0,0.0030696875957546017,3.5737481286047936,9bb6ea8,3f576228eab2d2d327adc0d6d41f07ea8825a2366b97b7c99a3a9ab30eec136d,audits/paper_extras/v4_runs/v1/sweep_seed404_det.json,audits/paper_extras/v4_runs/v2/bench2_seed404_det.json
404,det,flat_pit0_cit0.20,1,43,562.7490809554934,993.7515703452294,0.5662874884917105,0,56,0.0,6.927133089362769e-09,KHONG CO,KHONG CO,7653.4793195912225,0.0,7555.385085632017,243.5245156288148,0.0,14892.756309997467,0.0,38.18659166709348,0.0031089957718552306,3.174576110668856,9bb6ea8,3f576228eab2d2d327adc0d6d41f07ea8825a2366b97b7c99a3a9ab30eec136d,audits/paper_extras/v4_runs/v1/sweep_seed404_det.json,audits/paper_extras/v4_runs/v2/bench2_seed404_det.json
404,det,flat_pit0_cit0.20,2,44,448.1382711861078,954.1275680192109,0.46968380980381097,0,59,0.0,2.0142783974108625e-07,KHONG CO,KHONG CO,7739.557020421172,0.0,7658.9522719149245,243.52451562881464,0.0,14855.412774559836,0.0,18.33254168240391,0.003224743128431848,3.4267054930888583,9bb6ea8,3f576228eab2d2d327adc0d6d41f07ea8825a2366b97b7c99a3a9ab30eec136d,audits/paper_extras/v4_runs/v1/sweep_seed404_det.json,audits/paper_extras/v4_runs/v2/bench2_seed404_det.json
404,det,flat_pit0_cit0.20,3,45,503.6883599656528,960.357997509776,0.5244797890700394,0,57,0.0,0.0,KHONG CO,KHONG CO,7867.7174573946595,0.0,7786.844133327646,243.52451562881473,0.0,14863.208890863654,0.0,25.86008242545579,0.003147936581824078,3.425009323425375,9bb6ea8,3f576228eab2d2d327adc0d6d41f07ea8825a2366b97b7c99a3a9ab30eec136d,audits/paper_extras/v4_runs/v1/sweep_seed404_det.json,audits/paper_extras/v4_runs/v2/bench2_seed404_det.json
404,det,flat_pit0_cit0.20,4,46,458.604963697737,887.1562993725415,0.5169381810421616,0,59,0.0,5.339395761083665e-07,KHONG CO,KHONG CO,7609.642731412912,0.0,7595.860298711503,243.5245156288147,0.0,14799.262198585058,0.0,29.004281512466246,0.003224743128431848,3.8748509001268796,9bb6ea8,3f576228eab2d2d327adc0d6d41f07ea8825a2366b97b7c99a3a9ab30eec136d,audits/paper_extras/v4_runs/v1/sweep_seed404_det.json,audits/paper_extras/v4_runs/v2/bench2_seed404_det.json
404,det,flat_pit0_cit0.20,5,47,508.3228580798145,967.9326119649667,0.5251634791474644,0,72,0.0,1.3643173901733974e-07,KHONG CO,KHONG CO,7691.081480541632,0.0,7690.6367008977895,243.52451562881475,0.0,14754.914521343702,2.0057426713244717,0.0,0.003692183888105678,3.5549001194324172,9bb6ea8,3f576228eab2d2d327adc0d6d41f07ea8825a2366b97b7c99a3a9ab30eec136d,audits/paper_extras/v4_runs/v1/sweep_seed404_det.json,audits/paper_extras/v4_runs/v2/bench2_seed404_det.json
404,det,flat_pit0_cit0.20,6,48,459.04928294412144,898.3243169001867,0.5110061859709478,0,54,0.0,6.525908130328162e-06,KHONG CO,KHONG CO,7932.00495207641,0.0,7852.16720895155,243.5245156288147,0.0,14853.913006508137,0.0,17.599779012093133,0.003030005056072062,3.7889055903547497,9bb6ea8,3f576228eab2d2d327adc0d6d41f07ea8825a2366b97b7c99a3a9ab30eec136d,audits/paper_extras/v4_runs/v1/sweep_seed404_det.json,audits/paper_extras/v4_runs/v2/bench2_seed404_det.json
404,det,flat_pit0_cit0.20,7,49,466.20074978945513,923.6643787498465,0.5047295971513426,0,61,0.0,7.536784211170655e-06,KHONG CO,KHONG CO,7870.168539902253,0.0,7869.923655265638,243.5245156288147,0.0,14476.647141095455,280.0732279123393,0.0,0.0033001594538481726,3.4441709236164377,9bb6ea8,3f576228eab2d2d327adc0d6d41f07ea8825a2366b97b7c99a3a9ab30eec136d,audits/paper_extras/v4_runs/v1/sweep_seed404_det.json,audits/paper_extras/v4_runs/v2/bench2_seed404_det.json
404,det,flat_pit0_cit0.20,8,50,463.7461916050328,899.552009279359,0.515530160370099,0,50,0.0,1.8057535775550804e-06,KHONG CO,KHONG CO,7802.813380095776,0.0,7675.365457477679,243.5245156288147,0.0,14910.410286933613,0.0,26.48687994433186,0.0028673840804591465,3.611632398148382,9bb6ea8,3f576228eab2d2d327adc0d6d41f07ea8825a2366b97b7c99a3a9ab30eec136d,audits/paper_extras/v4_runs/v1/sweep_seed404_det.json,audits/paper_extras/v4_runs/v2/bench2_seed404_det.json
404,det,flat_pit0_cit0.20,9,51,417.97526752534145,835.5189487861892,0.5002582743725446,0,54,0.0,2.5533190735060884e-06,KHONG CO,KHONG CO,7585.138359599962,0.0,7584.709900316814,243.5245156288147,0.0,14443.067383995203,313.83655965913334,0.0,0.0030300050560720616,3.9474707968633336,9bb6ea8,3f576228eab2d2d327adc0d6d41f07ea8825a2366b97b7c99a3a9ab30eec136d,audits/paper_extras/v4_runs/v1/sweep_seed404_det.json,audits/paper_extras/v4_runs/v2/bench2_seed404_det.json
404,det,flat_pit0_cit0.30,0,42,466.84028590258913,927.5795110112119,0.5032886996325066,0,54,0.0,0.0008888036823300194,KHONG CO,KHONG CO,13274.127777996311,0.0,13125.950134480787,243.5245156288147,0.0,14906.646911209242,0.0,1.9937833225344974,0.003030005056072061,3.9847196727543337,9bb6ea8,3f576228eab2d2d327adc0d6d41f07ea8825a2366b97b7c99a3a9ab30eec136d,audits/paper_extras/v4_runs/v1/sweep_seed404_det.json,audits/paper_extras/v4_runs/v2/bench2_seed404_det.json
404,det,flat_pit0_cit0.30,1,43,577.8095033770171,1027.6701158602161,0.5622519274031423,0,63,0.0,5.30079002913908e-08,KHONG CO,KHONG CO,13098.525863748899,0.0,13014.502002187675,243.5245156288148,0.0,14869.488549725884,0.0,28.989203793479003,0.003374234991142737,3.477838699865011,9bb6ea8,3f576228eab2d2d327adc0d6d41f07ea8825a2366b97b7c99a3a9ab30eec136d,audits/paper_extras/v4_runs/v1/sweep_seed404_det.json,audits/paper_extras/v4_runs/v2/bench2_seed404_det.json
404,det,flat_pit0_cit0.30,2,44,449.89103758074924,986.7315244057146,0.45594067530345517,0,63,0.0,6.679235942108619e-07,KHONG CO,KHONG CO,13198.615422085286,0.0,13126.153860321308,243.5245156288147,0.0,14841.633212149354,0.0,12.696166014204982,0.0033742349911427367,3.7654760810906724,9bb6ea8,3f576228eab2d2d327adc0d6d41f07ea8825a2366b97b7c99a3a9ab30eec136d,audits/paper_extras/v4_runs/v1/sweep_seed404_det.json,audits/paper_extras/v4_runs/v2/bench2_seed404_det.json
404,det,flat_pit0_cit0.30,3,45,476.7473262171177,984.0374875288511,0.4844808579542452,0,59,0.0,0.0,KHONG CO,KHONG CO,13493.335721997846,0.0,13411.895014609654,243.52451562881467,0.0,14844.96363627495,0.0,7.047444515565923,0.0032247431284318476,3.799765712535027,9bb6ea8,3f576228eab2d2d327adc0d6d41f07ea8825a2366b97b7c99a3a9ab30eec136d,audits/paper_extras/v4_runs/v1/sweep_seed404_det.json,audits/paper_extras/v4_runs/v2/bench2_seed404_det.json
404,det,flat_pit0_cit0.30,4,46,466.0852569829882,906.2565418542404,0.5142972607175419,0,69,0.0,6.6098629412092436e-06,KHONG CO,KHONG CO,13112.322862283136,0.0,13107.376948914145,243.52451562881467,0.0,14763.684896351093,0.0,2.263498610920378,0.0035888733987109855,4.283476762930599,9bb6ea8,3f576228eab2d2d327adc0d6d41f07ea8825a2366b97b7c99a3a9ab30eec136d,audits/paper_extras/v4_runs/v1/sweep_seed404_det.json,audits/paper_extras/v4_runs/v2/bench2_seed404_det.json
404,det,flat_pit0_cit0.30,5,47,530.4360379855522,986.9863790106863,0.5374299476323462,0,68,0.0,4.152907563836905e-06,KHONG CO,KHONG CO,13161.294586519154,0.0,13160.763975971762,243.5245156288147,0.0,14737.921008924823,19.085085993748354,0.0,0.0035538593931087447,3.9069473343357752,9bb6ea8,3f576228eab2d2d327adc0d6d41f07ea8825a2366b97b7c99a3a9ab30eec136d,audits/paper_extras/v4_runs/v1/sweep_seed404_det.json,audits/paper_extras/v4_runs/v2/bench2_seed404_det.json
404,det,flat_pit0_cit0.30,6,48,448.06988574160476,901.723625447195,0.4969037885853239,0,53,0.0,4.732139081409237e-05,KHONG CO,KHONG CO,13545.67729399611,0.0,13472.484368293715,243.5245156288147,0.0,14836.201110032118,0.0,6.532699958535899,0.002989940953507959,4.1721956748395534,9bb6ea8,3f576228eab2d2d327adc0d6d41f07ea8825a2366b97b7c99a3a9ab30eec136d,audits/paper_extras/v4_runs/v1/sweep_seed404_det.json,audits/paper_extras/v4_runs/v2/bench2_seed404_det.json
404,det,flat_pit0_cit0.30,7,49,492.14570535894046,956.853763464467,0.5143374297625537,0,61,0.0,4.52804015875774e-05,KHONG CO,KHONG CO,13511.07521036021,0.0,13510.727405978863,243.5245156288147,0.0,14454.67204686639,302.1512418861531,0.0,0.0033001594538481726,3.8029711657571967,9bb6ea8,3f576228eab2d2d327adc0d6d41f07ea8825a2366b97b7c99a3a9ab30eec136d,audits/paper_extras/v4_runs/v1/sweep_seed404_det.json,audits/paper_extras/v4_runs/v2/bench2_seed404_det.json
404,det,flat_pit0_cit0.30,8,50,483.9094212444046,923.1985474373013,0.5241661423619919,0,61,0.0,0.0,KHONG CO,KHONG CO,13400.641494494383,0.0,13247.599639775657,243.5245156288147,0.0,14929.02194516079,0.0,19.50460607088076,0.003300159453848173,4.000144488050555,9bb6ea8,3f576228eab2d2d327adc0d6d41f07ea8825a2366b97b7c99a3a9ab30eec136d,audits/paper_extras/v4_runs/v1/sweep_seed404_det.json,audits/paper_extras/v4_runs/v2/bench2_seed404_det.json
404,det,flat_pit0_cit0.30,9,51,431.70637745176373,858.3818952479936,0.502930432062573,0,58,0.0,4.599643044489454e-05,KHONG CO,KHONG CO,12984.845963621683,0.0,12984.27439259719,243.52451562881475,0.0,14456.122239483084,300.924815912585,0.0,0.003186516828737658,4.376373711962109,9bb6ea8,3f576228eab2d2d327adc0d6d41f07ea8825a2366b97b7c99a3a9ab30eec136d,audits/paper_extras/v4_runs/v1/sweep_seed404_det.json,audits/paper_extras/v4_runs/v2/bench2_seed404_det.json
404,det,flat_pit0_cit0.50,0,42,499.42824335141245,974.0864075298819,0.5127145184356672,0,66,0.0,0.03073791070076415,KHONG CO,KHONG CO,31367.658452461874,0.0,31295.848119474125,243.5245156288147,0.0,14822.626468805802,5.659348553135617,0.0,0.0034829361230329318,5.229395110234464,9bb6ea8,3f576228eab2d2d327adc0d6d41f07ea8825a2366b97b7c99a3a9ab30eec136d,audits/paper_extras/v4_runs/v1/sweep_seed404_det.json,audits/paper_extras/v4_runs/v2/bench2_seed404_det.json
404,det,flat_pit0_cit0.50,1,43,577.725790190433,1061.9284260776424,0.5440345846323478,0,68,0.0,5.254702112877929e-05,KHONG CO,KHONG CO,30672.280059210447,0.0,30561.18949997054,243.5245156288148,0.0,14871.985885539641,0.0,4.41984192854224,0.0035538593931087447,4.506191863205333,9bb6ea8,3f576228eab2d2d327adc0d6d41f07ea8825a2366b97b7c99a3a9ab30eec136d,audits/paper_extras/v4_runs/v1/sweep_seed404_det.json,audits/paper_extras/v4_runs/v2/bench2_seed404_det.json
404,det,flat_pit0_cit0.50,2,44,466.8054373312826,968.3115644885316,0.4820818571735763,0,60,0.0,0.0,KHONG CO,KHONG CO,31086.914694372237,0.0,30904.437697966114,243.5245156288147,0.0,14935.10120465217,3.8512761251432757,0.0,0.0032626219163106357,4.949431284817471,9bb6ea8,3f576228eab2d2d327adc0d6d41f07ea8825a2366b97b7c99a3a9ab30eec136d,audits/paper_extras/v4_runs/v1/sweep_seed404_det.json,audits/paper_extras/v4_runs/v2/bench2_seed404_det.json
404,det,flat_pit0_cit0.50,3,45,524.5441583905362,1002.4004690481255,0.5232880216912116,0,63,0.0,0.0,KHONG CO,KHONG CO,31885.078559009606,0.0,31860.838016348916,243.5245156288147,0.0,14777.011879478998,3.7041475528675116,0.0,0.0033742349911427367,4.987995323528552,9bb6ea8,3f576228eab2d2d327adc0d6d41f07ea8825a2366b97b7c99a3a9ab30eec136d,audits/paper_extras/v4_runs/v1/sweep_seed404_det.json,audits/paper_extras/v4_runs/v2/bench2_seed404_det.json
404,det,flat_pit0_cit0.50,4,46,409.4278768001163,903.262915929297,0.4532765262248011,0,59,0.0,0.0,KHONG CO,KHONG CO,30771.83764057807,0.0,30714.356638565565,243.52451562881458,0.0,14811.142533743143,2.8139526405448696,0.0,0.003224743128431848,5.630322029698766,9bb6ea8,3f576228eab2d2d327adc0d6d41f07ea8825a2366b97b7c99a3a9ab30eec136d,audits/paper_extras/v4_runs/v1/sweep_seed404_det.json,audits/paper_extras/v4_runs/v2/bench2_seed404_det.json
404,det,flat_pit0_cit0.50,5,47,526.5932194725032,1000.5739729442658,0.5262911425958464,0,73,0.0,0.0,KHONG CO,KHONG CO,31050.69055813701,0.0,31045.590265117018,243.5245156288147,0.0,14761.656402823566,0.0,0.08062543239417086,0.003726059226859065,5.119414041176443,9bb6ea8,3f576228eab2d2d327adc0d6d41f07ea8825a2366b97b7c99a3a9ab30eec136d,audits/paper_extras/v4_runs/v1/sweep_seed404_det.json,audits/paper_extras/v4_runs/v2/bench2_seed404_det.json
404,det,flat_pit0_cit0.50,6,48,493.5715735331495,965.149246124855,0.511394041403312,1,66,0.0,0.01349903589894419,KHONG CO,KHONG CO,32013.736875866645,0.0,31959.064150583454,243.5245156288147,4.558111690101035,14805.519858230213,1.7361510099291673,0.0,0.004022180226618409,5.521612475327769,9bb6ea8,3f576228eab2d2d327adc0d6d41f07ea8825a2366b97b7c99a3a9ab30eec136d,audits/paper_extras/v4_runs/v1/sweep_seed404_det.json,audits/paper_extras/v4_runs/v2/bench2_seed404_det.json
404,det,flat_pit0_cit0.50,7,49,513.2691607165639,967.4369555737223,0.5305453319303667,0,66,0.0,0.0,KHONG CO,KHONG CO,31936.548055901516,0.0,31707.981403204696,243.5245156288147,0.0,14978.363092250273,6.679044817728133,0.0,0.003482936123032932,5.052257957056535,9bb6ea8,3f576228eab2d2d327adc0d6d41f07ea8825a2366b97b7c99a3a9ab30eec136d,audits/paper_extras/v4_runs/v1/sweep_seed404_det.json,audits/paper_extras/v4_runs/v2/bench2_seed404_det.json
404,det,flat_pit0_cit0.50,8,50,487.2085639924651,946.5885925931159,0.5146993823977848,1,62,0.0,0.0,KHONG CO,KHONG CO,31422.442661043355,0.0,31333.892470801326,243.5245156288147,0.0,14845.908815283194,0.4706079482751142,0.0,0.00620082567390738,5.21861895363308,9bb6ea8,3f576228eab2d2d327adc0d6d41f07ea8825a2366b97b7c99a3a9ab30eec136d,audits/paper_extras/v4_runs/v1/sweep_seed404_det.json,audits/paper_extras/v4_runs/v2/bench2_seed404_det.json
404,det,flat_pit0_cit0.50,9,51,448.12640645177567,901.0256977955224,0.4973514157789014,0,58,0.0,0.03239871956714935,KHONG CO,KHONG CO,31042.918743803657,0.0,30947.157083980914,243.52451562881464,0.0,14850.906007589783,1.3311366041451076,0.0,0.003186516828737658,5.790982522007001,9bb6ea8,3f576228eab2d2d327adc0d6d41f07ea8825a2366b97b7c99a3a9ab30eec136d,audits/paper_extras/v4_runs/v1/sweep_seed404_det.json,audits/paper_extras/v4_runs/v2/bench2_seed404_det.json
404,exp,rl_learned,0,42,459.940367394703,980.5303281888183,0.469073066046085,0,,0.0,,KHONG CO,KHONG CO,21010.621452953514,261.37132424352876,20764.593314852948,194.3345507383346,19.10707341795678,14947.934559933188,,,0.007297304077533416,,cf8c88c,3f576228eab2d2d327adc0d6d41f07ea8825a2366b97b7c99a3a9ab30eec136d,audits/paper_extras/v4_runs/v1/sweep_seed404_exp.json,KHONG CO (che do lay mau v1)
404,exp,rl_learned,1,43,566.1712556561067,1097.3580426676742,0.5159403163253318,0,,0.004166666666666667,,KHONG CO,KHONG CO,21310.468462939858,249.15708333366794,21241.429465676192,218.1492805480958,0.0,14924.482847444391,,,0.00436641730541677,,cf8c88c,3f576228eab2d2d327adc0d6d41f07ea8825a2366b97b7c99a3a9ab30eec136d,audits/paper_extras/v4_runs/v1/sweep_seed404_exp.json,KHONG CO (che do lay mau v1)
404,exp,rl_learned,2,44,465.08524553801715,1034.360458034342,0.4496355616898261,0,,0.0125,,KHONG CO,KHONG CO,19493.592049028895,309.82548784743636,19456.452111487768,183.9048402607441,5.1844889985533635,14934.48924187641,,,0.004793186991250867,,cf8c88c,3f576228eab2d2d327adc0d6d41f07ea8825a2366b97b7c99a3a9ab30eec136d,audits/paper_extras/v4_runs/v1/sweep_seed404_exp.json,KHONG CO (che do lay mau v1)
404,exp,rl_learned,3,45,475.697188204683,1027.5804185033728,0.4629294015718164,0,,0.0,,KHONG CO,KHONG CO,18891.874164574863,194.55288032568836,18745.247150431558,184.82663145661354,0.0,14892.371896398448,,,0.004941808800130067,,cf8c88c,3f576228eab2d2d327adc0d6d41f07ea8825a2366b97b7c99a3a9ab30eec136d,audits/paper_extras/v4_runs/v1/sweep_seed404_exp.json,KHONG CO (che do lay mau v1)
404,exp,rl_learned,4,46,471.3644184276479,960.0313922373947,0.49098854708189565,0,,0.09166666666666666,,KHONG CO,KHONG CO,20528.82480834049,277.78528691379,20242.806786263824,204.94145683944234,0.0,15333.206079716181,,,0.004793417065940703,,cf8c88c,3f576228eab2d2d327adc0d6d41f07ea8825a2366b97b7c99a3a9ab30eec136d,audits/paper_extras/v4_runs/v1/sweep_seed404_exp.json,KHONG CO (che do lay mau v1)
404,exp,rl_learned,5,47,516.6642827551491,1021.5345914153309,0.5057726748531476,0,,0.008333333333333333,,KHONG CO,KHONG CO,20451.197375125575,219.2172972634909,19978.92503223425,223.73741005361077,24.260051008210528,15404.106441701075,,,0.006870847023357092,,cf8c88c,3f576228eab2d2d327adc0d6d41f07ea8825a2366b97b7c99a3a9ab30eec136d,audits/paper_extras/v4_runs/v1/sweep_seed404_exp.json,KHONG CO (che do lay mau v1)
404,exp,rl_learned,6,48,439.61265347288247,937.5352992379534,0.46890250834310776,0,,0.0625,,KHONG CO,KHONG CO,21562.352012934552,217.41970542009244,21216.367858888672,202.91662980616093,6.426111210976206,14990.570410369568,,,0.004096980208135999,,cf8c88c,3f576228eab2d2d327adc0d6d41f07ea8825a2366b97b7c99a3a9ab30eec136d,audits/paper_extras/v4_runs/v1/sweep_seed404_exp.json,KHONG CO (che do lay mau v1)
404,exp,rl_learned,7,49,511.01423945365786,1013.2269764759757,0.5043433024562531,0,,0.03333333333333333,,KHONG CO,KHONG CO,21336.29663879945,259.6409670486243,21182.787221006114,186.65609800815582,0.0,14911.78170149877,,,0.005632630955697537,,cf8c88c,3f576228eab2d2d327adc0d6d41f07ea8825a2366b97b7c99a3a9ab30eec136d,audits/paper_extras/v4_runs/v1/sweep_seed404_exp.json,KHONG CO (che do lay mau v1)
404,exp,rl_learned,8,50,436.38177400948655,943.4223485665076,0.4625518726289992,0,,0.004166666666666667,,KHONG CO,KHONG CO,18748.199434129296,232.1607887257972,18594.029909262437,191.02972470223906,4.63167794020408,14978.971691651092,,,0.0050925158026431435,,cf8c88c,3f576228eab2d2d327adc0d6d41f07ea8825a2366b97b7c99a3a9ab30eec136d,audits/paper_extras/v4_runs/v1/sweep_seed404_exp.json,KHONG CO (che do lay mau v1)
404,exp,rl_learned,9,51,422.9013653317537,901.1257305101009,0.46930339575628544,0,,0.004166666666666667,,KHONG CO,KHONG CO,19591.863252555897,175.73480655219936,19361.175152961532,168.27497269213205,0.0,14987.361718157888,,,0.0035400624491493393,,cf8c88c,3f576228eab2d2d327adc0d6d41f07ea8825a2366b97b7c99a3a9ab30eec136d,audits/paper_extras/v4_runs/v1/sweep_seed404_exp.json,KHONG CO (che do lay mau v1)
404,exp,free_market+rl_aux,0,42,438.7895789880061,897.9985818221165,0.48863059237539574,0,,0.0,,KHONG CO,KHONG CO,0.0,0.0,0.0,194.17189121246338,0.4592128903158635,14872.19171962131,,,0.003714909592744414,,cf8c88c,3f576228eab2d2d327adc0d6d41f07ea8825a2366b97b7c99a3a9ab30eec136d,audits/paper_extras/v4_runs/v1/sweep_seed404_exp.json,KHONG CO (che do lay mau v1)
404,exp,free_market+rl_aux,1,43,427.6746390505224,998.440289422301,0.4283427297369736,0,,0.0,,KHONG CO,KHONG CO,0.0,0.0,0.0,194.17189121246335,0.0,14477.446361430915,,,0.004443829312264205,,cf8c88c,3f576228eab2d2d327adc0d6d41f07ea8825a2366b97b7c99a3a9ab30eec136d,audits/paper_extras/v4_runs/v1/sweep_seed404_exp.json,KHONG CO (che do lay mau v1)
404,exp,free_market+rl_aux,2,44,406.18266192560924,943.8405210681786,0.4303509468590282,0,,0.0,,KHONG CO,KHONG CO,0.0,0.0,0.0,196.5990398526192,0.0,14537.575144494067,,,0.005277778515590487,,cf8c88c,3f576228eab2d2d327adc0d6d41f07ea8825a2366b97b7c99a3a9ab30eec136d,audits/paper_extras/v4_runs/v1/sweep_seed404_exp.json,KHONG CO (che do lay mau v1)
404,exp,free_market+rl_aux,3,45,497.8037082777413,955.2514470080631,0.5211232182237557,0,,0.0,,KHONG CO,KHONG CO,0.0,0.0,0.0,194.17189121246338,0.0,14854.810521542739,,,0.003968996620063626,,cf8c88c,3f576228eab2d2d327adc0d6d41f07ea8825a2366b97b7c99a3a9ab30eec136d,audits/paper_extras/v4_runs/v1/sweep_seed404_exp.json,KHONG CO (che do lay mau v1)
404,exp,free_market+rl_aux,4,46,417.25909347120137,872.665569555181,0.4781431834005878,0,,0.0,,KHONG CO,KHONG CO,0.0,0.0,0.0,198.21713894605637,8.96916880484848,14512.56803058707,,,0.007108865214969385,,cf8c88c,3f576228eab2d2d327adc0d6d41f07ea8825a2366b97b7c99a3a9ab30eec136d,audits/paper_extras/v4_runs/v1/sweep_seed404_exp.json,KHONG CO (che do lay mau v1)
404,exp,free_market+rl_aux,5,47,443.26726481935435,925.6468379067459,0.4788729855349122,0,,0.0,,KHONG CO,KHONG CO,0.0,0.0,0.0,199.83523803949356,1.238430167376778,14422.330054923554,,,0.005990293834185519,,cf8c88c,3f576228eab2d2d327adc0d6d41f07ea8825a2366b97b7c99a3a9ab30eec136d,audits/paper_extras/v4_runs/v1/sweep_seed404_exp.json,KHONG CO (che do lay mau v1)
404,exp,free_market+rl_aux,6,48,443.0611292733533,868.3387757138245,0.5102399451287103,0,,0.0,,KHONG CO,KHONG CO,0.0,0.0,0.0,194.17189121246338,0.0,14885.388933531123,,,0.003963803894300166,,cf8c88c,3f576228eab2d2d327adc0d6d41f07ea8825a2366b97b7c99a3a9ab30eec136d,audits/paper_extras/v4_runs/v1/sweep_seed404_exp.json,KHONG CO (che do lay mau v1)
404,exp,free_market+rl_aux,7,49,440.6623725649023,948.1077988941212,0.4647808752115462,0,,0.0,,KHONG CO,KHONG CO,0.0,0.0,0.0,194.17189121246338,1.7422217354178429,14573.551386723278,,,0.003748958172834945,,cf8c88c,3f576228eab2d2d327adc0d6d41f07ea8825a2366b97b7c99a3a9ab30eec136d,audits/paper_extras/v4_runs/v1/sweep_seed404_exp.json,KHONG CO (che do lay mau v1)
404,exp,free_market+rl_aux,8,50,438.61988290332135,925.4086545894435,0.4739742606988202,1,,0.0,,KHONG CO,KHONG CO,0.0,0.0,0.0,194.17189121246338,1.3198649510741234,14575.862003964445,,,0.0071231921120150365,,cf8c88c,3f576228eab2d2d327adc0d6d41f07ea8825a2366b97b7c99a3a9ab30eec136d,audits/paper_extras/v4_runs/v1/sweep_seed404_exp.json,KHONG CO (che do lay mau v1)
404,exp,free_market+rl_aux,9,51,414.9285791447951,852.28985495171,0.48683974909956496,0,,0.0,,KHONG CO,KHONG CO,0.0,0.0,0.0,194.17189121246335,0.0,14879.770350828207,,,0.0030184511345332284,,cf8c88c,3f576228eab2d2d327adc0d6d41f07ea8825a2366b97b7c99a3a9ab30eec136d,audits/paper_extras/v4_runs/v1/sweep_seed404_exp.json,KHONG CO (che do lay mau v1)
404,exp,rl_mean_fixed,0,42,462.77710416762886,959.5950749145567,0.482262900535244,0,,0.025,,KHONG CO,KHONG CO,24821.431930153743,239.31064189681737,24328.82402922387,194.1718912124634,0.0,15422.195496341166,,,0.0037595725958455843,,cf8c88c,3f576228eab2d2d327adc0d6d41f07ea8825a2366b97b7c99a3a9ab30eec136d,audits/paper_extras/v4_runs/v1/sweep_seed404_exp.json,KHONG CO (che do lay mau v1)
404,exp,rl_mean_fixed,1,43,534.2322495230055,1066.8120887782084,0.500774461728164,0,,0.05,,KHONG CO,KHONG CO,23816.510858498797,194.38533662572766,23350.964616303027,194.17189121246338,13.024292692801275,15361.697154353558,,,0.006282972816669451,,cf8c88c,3f576228eab2d2d327adc0d6d41f07ea8825a2366b97b7c99a3a9ab30eec136d,audits/paper_extras/v4_runs/v1/sweep_seed404_exp.json,KHONG CO (che do lay mau v1)
404,exp,rl_mean_fixed,2,44,457.6063784574166,992.9835631693676,0.4608398320278795,0,,0.12083333333333333,,KHONG CO,KHONG CO,22556.668260620583,353.96182598417136,22293.6977344393,194.17189121246338,3.167675882577896,15368.248942453924,,,0.004929040620058056,,cf8c88c,3f576228eab2d2d327adc0d6d41f07ea8825a2366b97b7c99a3a9ab30eec136d,audits/paper_extras/v4_runs/v1/sweep_seed404_exp.json,KHONG CO (che do lay mau v1)
404,exp,rl_mean_fixed,3,45,505.9932345437386,1035.6396031565992,0.48858042218691333,0,,0.09166666666666666,,KHONG CO,KHONG CO,24048.184922028067,337.67770757431094,23717.33671207057,194.17189121246335,4.619746513431924,15322.305859946831,,,0.004264559499874457,,cf8c88c,3f576228eab2d2d327adc0d6d41f07ea8825a2366b97b7c99a3a9ab30eec136d,audits/paper_extras/v4_runs/v1/sweep_seed404_exp.json,KHONG CO (che do lay mau v1)
404,exp,rl_mean_fixed,4,46,408.8456016889106,910.1476616752683,0.44920798998303935,0,,0.10833333333333334,,KHONG CO,KHONG CO,23607.899625433707,184.958543369946,23143.4585706664,194.1718912124634,0.0,15360.918821111309,,,0.0039672460644243485,,cf8c88c,3f576228eab2d2d327adc0d6d41f07ea8825a2366b97b7c99a3a9ab30eec136d,audits/paper_extras/v4_runs/v1/sweep_seed404_exp.json,KHONG CO (che do lay mau v1)
404,exp,rl_mean_fixed,5,47,516.5523923786001,1020.3606473006201,0.5062449181523684,0,,0.09583333333333334,,KHONG CO,KHONG CO,23957.99626882391,295.55466908654836,23598.094205670997,194.17189121246338,10.927270765574143,15277.790658585267,,,0.00534177024108015,,cf8c88c,3f576228eab2d2d327adc0d6d41f07ea8825a2366b97b7c99a3a9ab30eec136d,audits/paper_extras/v4_runs/v1/sweep_seed404_exp.json,KHONG CO (che do lay mau v1)
404,exp,rl_mean_fixed,6,48,437.54011111836115,936.7374247916979,0.4670893886999944,0,,0.11666666666666667,,KHONG CO,KHONG CO,25351.28627121106,210.32162013776565,24833.204225671157,198.21713894605637,14.759548750963635,15418.255994186182,,,0.006344882076140036,,cf8c88c,3f576228eab2d2d327adc0d6d41f07ea8825a2366b97b7c99a3a9ab30eec136d,audits/paper_extras/v4_runs/v1/sweep_seed404_exp.json,KHONG CO (che do lay mau v1)
404,exp,rl_mean_fixed,7,49,530.5505383263678,985.6975222526073,0.5382488302434854,0,,0.04583333333333333,,KHONG CO,KHONG CO,24799.38579815806,274.8692015611634,24308.82545003543,194.98094075918198,9.60907328972523,15466.568448360915,,,0.005537121399458989,,cf8c88c,3f576228eab2d2d327adc0d6d41f07ea8825a2366b97b7c99a3a9ab30eec136d,audits/paper_extras/v4_runs/v1/sweep_seed404_exp.json,KHONG CO (che do lay mau v1)
404,exp,rl_mean_fixed,8,50,490.07303306855243,1000.9324530747392,0.4896164886682507,0,,0.0625,,KHONG CO,KHONG CO,23900.63470119226,267.7892650267073,23508.948314443554,194.17189121246338,0.0,15361.535704189113,,,0.0036580308826411963,,cf8c88c,3f576228eab2d2d327adc0d6d41f07ea8825a2366b97b7c99a3a9ab30eec136d,audits/paper_extras/v4_runs/v1/sweep_seed404_exp.json,KHONG CO (che do lay mau v1)
404,exp,rl_mean_fixed,9,51,405.4141269796517,896.945619918237,0.45199409861281015,0,,0.15,,KHONG CO,KHONG CO,23338.407283895736,241.72496811326198,22900.575944853907,194.17189121246338,0.0,15410.75387231504,,,0.003337361834800554,,cf8c88c,3f576228eab2d2d327adc0d6d41f07ea8825a2366b97b7c99a3a9ab30eec136d,audits/paper_extras/v4_runs/v1/sweep_seed404_exp.json,KHONG CO (che do lay mau v1)
404,exp,flat_pit0.10_cit0,0,42,368.206677418874,911.2119915286696,0.4040845388800933,0,,0.7791666666666667,,KHONG CO,KHONG CO,7034.801474969016,251.39789523496492,7079.531021217034,194.17189121246338,10.965231660908135,14940.164407573497,,,0.005386347653024535,,cf8c88c,3f576228eab2d2d327adc0d6d41f07ea8825a2366b97b7c99a3a9ab30eec136d,audits/paper_extras/v4_runs/v1/sweep_seed404_exp.json,KHONG CO (che do lay mau v1)
404,exp,flat_pit0.10_cit0,1,43,406.4140418770893,961.1230232951481,0.42285329976148633,0,,0.6875,,KHONG CO,KHONG CO,6204.4262242569175,204.7595882072167,6225.7334156199795,198.21713894605637,0.0,14574.987213902681,,,0.004142119101071634,,cf8c88c,3f576228eab2d2d327adc0d6d41f07ea8825a2366b97b7c99a3a9ab30eec136d,audits/paper_extras/v4_runs/v1/sweep_seed404_exp.json,KHONG CO (che do lay mau v1)
404,exp,flat_pit0.10_cit0,2,44,376.8291915133171,965.2654353519722,0.39038919007382766,0,,0.7083333333333334,,KHONG CO,KHONG CO,6749.736885111078,235.57236855688745,6784.681897292444,194.17189121246338,2.7273828552820034,14943.491487903135,,,0.004438867230491642,,cf8c88c,3f576228eab2d2d327adc0d6d41f07ea8825a2366b97b7c99a3a9ab30eec136d,audits/paper_extras/v4_runs/v1/sweep_seed404_exp.json,KHONG CO (che do lay mau v1)
404,exp,flat_pit0.10_cit0,3,45,390.12344869185216,942.0274620382374,0.41413171527691284,0,,0.7541666666666667,,KHONG CO,KHONG CO,6510.727401881009,224.34113399906224,6543.253328783057,194.17189121246332,1.3198649510741234,14915.640444663728,,,0.003974440087443183,,cf8c88c,3f576228eab2d2d327adc0d6d41f07ea8825a2366b97b7c99a3a9ab30eec136d,audits/paper_extras/v4_runs/v1/sweep_seed404_exp.json,KHONG CO (che do lay mau v1)
404,exp,flat_pit0.10_cit0,4,46,305.913233139517,841.4913595649042,0.3635369866396375,0,,0.8041666666666667,,KHONG CO,KHONG CO,6696.180752170577,239.55221500056464,6684.342329258899,194.17189121246338,6.383885518445579,15039.721748379648,,,0.0066082625753044275,,cf8c88c,3f576228eab2d2d327adc0d6d41f07ea8825a2366b97b7c99a3a9ab30eec136d,audits/paper_extras/v4_runs/v1/sweep_seed404_exp.json,KHONG CO (che do lay mau v1)
404,exp,flat_pit0.10_cit0,5,47,439.8872544211096,957.9440395141561,0.4591993230045137,0,,0.7583333333333333,,KHONG CO,KHONG CO,7226.4258832844,230.53967534750734,7245.393507682128,194.17189121246338,0.0,14967.118747411212,,,0.003224743128431848,,cf8c88c,3f576228eab2d2d327adc0d6d41f07ea8825a2366b97b7c99a3a9ab30eec136d,audits/paper_extras/v4_runs/v1/sweep_seed404_exp.json,KHONG CO (che do lay mau v1)
404,exp,flat_pit0.10_cit0,6,48,400.27669292192684,911.2363852238149,0.43926768005824546,0,,0.7416666666666667,,KHONG CO,KHONG CO,7399.65957360367,271.4779514165458,7454.326468279524,194.17189121246338,3.4844434708356857,14957.45924336835,,,0.004091177744866464,,cf8c88c,3f576228eab2d2d327adc0d6d41f07ea8825a2366b97b7c99a3a9ab30eec136d,audits/paper_extras/v4_runs/v1/sweep_seed404_exp.json,KHONG CO (che do lay mau v1)
404,exp,flat_pit0.10_cit0,7,49,382.6245780362427,934.8189045659059,0.4093034235480282,0,,0.65,,KHONG CO,KHONG CO,6595.7904744257885,229.15822841410184,6630.528732654314,194.17189121246338,3.26149941561168,14567.462162142003,,,0.0041163042246829965,,cf8c88c,3f576228eab2d2d327adc0d6d41f07ea8825a2366b97b7c99a3a9ab30eec136d,audits/paper_extras/v4_runs/v1/sweep_seed404_exp.json,KHONG CO (che do lay mau v1)
404,exp,flat_pit0.10_cit0,8,50,343.36181589989224,886.1985209510406,0.38745473816792997,0,,0.6875,,KHONG CO,KHONG CO,6534.94091447932,227.24987785980073,6570.253433044046,194.17189121246338,0.0,14618.10364322239,,,0.003718392861815763,,cf8c88c,3f576228eab2d2d327adc0d6d41f07ea8825a2366b97b7c99a3a9ab30eec136d,audits/paper_extras/v4_runs/v1/sweep_seed404_exp.json,KHONG CO (che do lay mau v1)
404,exp,flat_pit0.10_cit0,9,51,317.41163993617516,866.5594092675493,0.36628953138304066,0,,0.7333333333333333,,KHONG CO,KHONG CO,7168.503518978187,276.7861333245597,7203.233453968214,199.02618849277502,6.5453138918064075,15025.432021956389,,,0.005085271354822388,,cf8c88c,3f576228eab2d2d327adc0d6d41f07ea8825a2366b97b7c99a3a9ab30eec136d,audits/paper_extras/v4_runs/v1/sweep_seed404_exp.json,KHONG CO (che do lay mau v1)
404,exp,flat_pit0.20_cit0,0,42,280.9014829214491,878.8900817378685,0.3196093445109883,0,,0.8083333333333333,,KHONG CO,KHONG CO,13054.666552836783,510.21576168581663,13181.066936680267,207.92573350667953,8.762063821371502,15062.025274843667,,,0.007103070433714833,,cf8c88c,3f576228eab2d2d327adc0d6d41f07ea8825a2366b97b7c99a3a9ab30eec136d,audits/paper_extras/v4_runs/v1/sweep_seed404_exp.json,KHONG CO (che do lay mau v1)
404,exp,flat_pit0.20_cit0,1,43,302.75848791548196,947.2343448070736,0.31962363862254783,1,,0.8416666666666667,,KHONG CO,KHONG CO,11925.459598434703,408.68009614841657,11982.361670733699,213.58908033370972,23.428005709600377,15056.671500234943,,,0.006778803579959989,,cf8c88c,3f576228eab2d2d327adc0d6d41f07ea8825a2366b97b7c99a3a9ab30eec136d,audits/paper_extras/v4_runs/v1/sweep_seed404_exp.json,KHONG CO (che do lay mau v1)
404,exp,flat_pit0.20_cit0,2,44,292.6469978744872,915.1827642855276,0.3197689131557818,2,,0.825,,KHONG CO,KHONG CO,13380.146263923629,492.1696305554947,13475.706764473607,228.96102172136307,24.258930636369055,14927.885319747815,,,0.00947939944310435,,cf8c88c,3f576228eab2d2d327adc0d6d41f07ea8825a2366b97b7c99a3a9ab30eec136d,audits/paper_extras/v4_runs/v1/sweep_seed404_exp.json,KHONG CO (che do lay mau v1)
404,exp,flat_pit0.20_cit0,3,45,343.49589706014154,929.3977772536207,0.36958975528774685,1,,0.8208333333333333,,KHONG CO,KHONG CO,13055.536829356448,448.57404614561165,13119.25145722313,208.73478305339816,10.294946618378162,14972.537972802322,,,0.005677184084730078,,cf8c88c,3f576228eab2d2d327adc0d6d41f07ea8825a2366b97b7c99a3a9ab30eec136d,audits/paper_extras/v4_runs/v1/sweep_seed404_exp.json,KHONG CO (che do lay mau v1)
404,exp,flat_pit0.20_cit0,4,46,247.66357945366443,841.1478807292121,0.29443524156413337,1,,0.8333333333333334,,KHONG CO,KHONG CO,12483.839552922565,407.32200275452124,12515.133579252715,230.57912081480026,20.952007457284775,15102.49482373299,,,0.009716294666129428,,cf8c88c,3f576228eab2d2d327adc0d6d41f07ea8825a2366b97b7c99a3a9ab30eec136d,audits/paper_extras/v4_runs/v1/sweep_seed404_exp.json,KHONG CO (che do lay mau v1)
404,exp,flat_pit0.20_cit0,5,47,311.77604666249965,907.2014602819945,0.34366792858290507,2,,0.825,,KHONG CO,KHONG CO,12128.010126080664,434.6642492326289,12168.879888628693,199.02618849277496,19.944558219765018,15150.720633988947,,,0.007650370934795583,,cf8c88c,3f576228eab2d2d327adc0d6d41f07ea8825a2366b97b7c99a3a9ab30eec136d,audits/paper_extras/v4_runs/v1/sweep_seed404_exp.json,KHONG CO (che do lay mau v1)
404,exp,flat_pit0.20_cit0,6,48,328.4903633838341,889.0418018383378,0.3694880968528028,4,,0.8458333333333333,,KHONG CO,KHONG CO,13482.801407888965,456.4236689495858,13543.476142259487,248.3782108426094,32.5552737146314,15073.73393999883,,,0.010263402133357554,,cf8c88c,3f576228eab2d2d327adc0d6d41f07ea8825a2366b97b7c99a3a9ab30eec136d,audits/paper_extras/v4_runs/v1/sweep_seed404_exp.json,KHONG CO (che do lay mau v1)
404,exp,flat_pit0.20_cit0,7,49,306.7306456022254,914.4288084626286,0.33543414507895075,2,,0.7791666666666667,,KHONG CO,KHONG CO,12324.353421092617,441.0755343743524,12399.945728539045,203.88048577308655,11.774973051430509,15101.22753711992,,,0.0064493305758005996,,cf8c88c,3f576228eab2d2d327adc0d6d41f07ea8825a2366b97b7c99a3a9ab30eec136d,audits/paper_extras/v4_runs/v1/sweep_seed404_exp.json,KHONG CO (che do lay mau v1)
404,exp,flat_pit0.20_cit0,8,50,302.218508201661,893.86897152503,0.33810157621429227,2,,0.8208333333333333,,KHONG CO,KHONG CO,13292.538786628907,484.14040956350675,13385.812563588443,197.40808939933777,9.26948702666454,15097.111506899175,,,0.005626692534185722,,cf8c88c,3f576228eab2d2d327adc0d6d41f07ea8825a2366b97b7c99a3a9ab30eec136d,audits/paper_extras/v4_runs/v1/sweep_seed404_exp.json,KHONG CO (che do lay mau v1)
404,exp,flat_pit0.20_cit0,9,51,319.2238431718406,840.751968825444,0.37968848722151194,3,,0.8583333333333333,,KHONG CO,KHONG CO,14457.997535979564,548.0541401598107,14583.908110056575,251.6144090294838,36.40380950709988,15090.925722526224,,,0.010404220691523119,,cf8c88c,3f576228eab2d2d327adc0d6d41f07ea8825a2366b97b7c99a3a9ab30eec136d,audits/paper_extras/v4_runs/v1/sweep_seed404_exp.json,KHONG CO (che do lay mau v1)
404,exp,flat_pit0.30_cit0,0,42,339.96333047673886,858.9535909092655,0.3957877748864903,22,,0.9,,KHONG CO,KHONG CO,20651.17526683654,790.3304809945205,20064.83364030301,429.6053093075752,84.43468675174509,15049.39719020302,,,0.023887409517662495,,cf8c88c,3f576228eab2d2d327adc0d6d41f07ea8825a2366b97b7c99a3a9ab30eec136d,audits/paper_extras/v4_runs/v1/sweep_seed404_exp.json,KHONG CO (che do lay mau v1)
404,exp,flat_pit0.30_cit0,1,43,235.06359724991046,918.1026270669662,0.2560319405694991,8,,0.8541666666666666,,KHONG CO,KHONG CO,17288.369185171687,615.1388445108744,17393.080843123567,275.8858954310417,54.48992362074166,15061.590941968943,,,0.014101964810694359,,cf8c88c,3f576228eab2d2d327adc0d6d41f07ea8825a2366b97b7c99a3a9ab30eec136d,audits/paper_extras/v4_runs/v1/sweep_seed404_exp.json,KHONG CO (che do lay mau v1)
404,exp,flat_pit0.30_cit0,2,44,262.8839307416546,937.2010840118263,0.2804989614569602,16,,0.8708333333333333,,KHONG CO,KHONG CO,18591.797449953654,722.4736405188625,18758.758963167853,376.2080392241478,85.86979370458883,15027.186773085063,,,0.02062783146624702,,cf8c88c,3f576228eab2d2d327adc0d6d41f07ea8825a2366b97b7c99a3a9ab30eec136d,audits/paper_extras/v4_runs/v1/sweep_seed404_exp.json,KHONG CO (che do lay mau v1)
404,exp,flat_pit0.30_cit0,3,45,316.2274200532862,913.9806603380977,0.34598918092676934,18,,0.8833333333333333,,KHONG CO,KHONG CO,19572.56310339016,702.2693660656299,19701.229310132592,371.3537419438362,81.63962632936735,14969.992010001028,,,0.019242383669858813,,cf8c88c,3f576228eab2d2d327adc0d6d41f07ea8825a2366b97b7c99a3a9ab30eec136d,audits/paper_extras/v4_runs/v1/sweep_seed404_exp.json,KHONG CO (che do lay mau v1)
404,exp,flat_pit0.30_cit0,4,46,276.63015084737975,838.3116634317764,0.3299848527872623,22,,0.8791666666666667,,KHONG CO,KHONG CO,20467.654883009145,792.3204897977914,20648.278380307915,438.5048543214798,109.70625835181039,15042.500663329898,,,0.023712970321703115,,cf8c88c,3f576228eab2d2d327adc0d6d41f07ea8825a2366b97b7c99a3a9ab30eec136d,audits/paper_extras/v4_runs/v1/sweep_seed404_exp.json,KHONG CO (che do lay mau v1)
404,exp,flat_pit0.30_cit0,5,47,291.3696287845578,863.2768276545146,0.3375158691287896,23,,0.8625,,KHONG CO,KHONG CO,20157.807529255584,803.9570376076698,19862.85305509726,355.17275100946426,61.50349678396314,15027.609126316216,,,0.019477141158078286,,cf8c88c,3f576228eab2d2d327adc0d6d41f07ea8825a2366b97b7c99a3a9ab30eec136d,audits/paper_extras/v4_runs/v1/sweep_seed404_exp.json,KHONG CO (che do lay mau v1)
404,exp,flat_pit0.30_cit0,6,48,229.60373022626848,837.8871161096947,0.27402704470778516,16,,0.8625,,KHONG CO,KHONG CO,19203.804528678793,764.3347166746709,19382.267179297934,329.28316551446915,87.84408627455203,15146.337729377674,,,0.018570735979208438,,cf8c88c,3f576228eab2d2d327adc0d6d41f07ea8825a2366b97b7c99a3a9ab30eec136d,audits/paper_extras/v4_runs/v1/sweep_seed404_exp.json,KHONG CO (che do lay mau v1)
404,exp,flat_pit0.30_cit0,7,49,309.14942123848033,918.6419337119531,0.33652874955239787,9,,0.8291666666666667,,KHONG CO,KHONG CO,18874.292735394007,698.0676297080015,19016.12010926107,270.22254860401154,48.45319653895433,15043.797982155616,,,0.012537577875161793,,cf8c88c,3f576228eab2d2d327adc0d6d41f07ea8825a2366b97b7c99a3a9ab30eec136d,audits/paper_extras/v4_runs/v1/sweep_seed404_exp.json,KHONG CO (che do lay mau v1)
404,exp,flat_pit0.30_cit0,8,50,330.9736045618145,858.4180498161421,0.3855622614560623,19,,0.8791666666666667,,KHONG CO,KHONG CO,20239.363114081687,777.598401451416,20378.281152066207,432.8415074944496,103.08804278609077,15083.606841957728,,,0.024428953647109754,,cf8c88c,3f576228eab2d2d327adc0d6d41f07ea8825a2366b97b7c99a3a9ab30eec136d,audits/paper_extras/v4_runs/v1/sweep_seed404_exp.json,KHONG CO (che do lay mau v1)
404,exp,flat_pit0.30_cit0,9,51,233.57476810309512,817.2665688453847,0.28579997886501607,16,,0.8958333333333334,,KHONG CO,KHONG CO,20025.612823940803,832.4600008864758,20272.34371333728,433.6505570411682,110.45131121594609,15010.942353084494,,,0.024462338727105966,,cf8c88c,3f576228eab2d2d327adc0d6d41f07ea8825a2366b97b7c99a3a9ab30eec136d,audits/paper_extras/v4_runs/v1/sweep_seed404_exp.json,KHONG CO (che do lay mau v1)
404,exp,flat_pit0.50_cit0,0,42,239.62415020454415,715.0508253508425,0.33511485017442166,62,,0.9083333333333333,,KHONG CO,KHONG CO,28095.32536829628,1334.1550744804824,27806.83855488829,420.7057642936707,150.37298106653148,15131.522548666195,,,0.035802289418944595,,cf8c88c,3f576228eab2d2d327adc0d6d41f07ea8825a2366b97b7c99a3a9ab30eec136d,audits/paper_extras/v4_runs/v1/sweep_seed404_exp.json,KHONG CO (che do lay mau v1)
404,exp,flat_pit0.50_cit0,1,43,277.06426565562685,748.0321487938551,0.37039085298990415,63,,0.9083333333333333,,KHONG CO,KHONG CO,27271.509828522096,1109.5021330366658,26462.78243849047,380.2532869577408,85.68793407748666,15161.975818172969,,,0.028837408314415666,,cf8c88c,3f576228eab2d2d327adc0d6d41f07ea8825a2366b97b7c99a3a9ab30eec136d,audits/paper_extras/v4_runs/v1/sweep_seed404_exp.json,KHONG CO (che do lay mau v1)
404,exp,flat_pit0.50_cit0,2,44,286.3243756094118,830.9043815841786,0.3445936523568619,65,,0.9083333333333333,,KHONG CO,KHONG CO,27589.80336245686,1062.1371918011082,27843.931728925727,301.77548092603683,112.12652901633402,15115.368558903394,,,0.027167183569298467,,cf8c88c,3f576228eab2d2d327adc0d6d41f07ea8825a2366b97b7c99a3a9ab30eec136d,audits/paper_extras/v4_runs/v1/sweep_seed404_exp.json,KHONG CO (che do lay mau v1)
404,exp,flat_pit0.50_cit0,3,45,243.4546190166089,693.457172816887,0.3510737628218247,72,,0.9041666666666667,,KHONG CO,KHONG CO,31131.629068409868,1500.4698811875764,29411.2759378716,397.24332743883133,62.8165567251809,15571.024449276907,,,0.03394872128978984,,cf8c88c,3f576228eab2d2d327adc0d6d41f07ea8825a2366b97b7c99a3a9ab30eec136d,audits/paper_extras/v4_runs/v1/sweep_seed404_exp.json,KHONG CO (che do lay mau v1)
404,exp,flat_pit0.50_cit0,4,46,204.59822939108457,658.877959990825,0.3105252289724999,64,,0.9208333333333333,,KHONG CO,KHONG CO,27171.243116475838,1368.0428270339796,27544.2975510188,343.8460573554039,131.97603860078297,13699.611070863788,,,0.030423383757866056,,cf8c88c,3f576228eab2d2d327adc0d6d41f07ea8825a2366b97b7c99a3a9ab30eec136d,audits/paper_extras/v4_runs/v1/sweep_seed404_exp.json,KHONG CO (che do lay mau v1)
404,exp,flat_pit0.50_cit0,5,47,249.27814545544922,678.959162702844,0.3671474797734622,70,,0.9208333333333333,,KHONG CO,KHONG CO,28669.560806516532,1390.5080910885113,27877.673630639983,393.19807970523834,102.6050532600844,15173.139455717537,,,0.034292593282892456,,cf8c88c,3f576228eab2d2d327adc0d6d41f07ea8825a2366b97b7c99a3a9ab30eec136d,audits/paper_extras/v4_runs/v1/sweep_seed404_exp.json,KHONG CO (che do lay mau v1)
404,exp,flat_pit0.50_cit0,6,48,186.22300631305984,717.6393069962843,0.2594938773525459,47,,0.9166666666666666,,KHONG CO,KHONG CO,27423.66937460494,1196.4038145149857,27815.28913859519,292.06688636541367,130.91941318344905,15214.890920630667,,,0.026340032922467983,,cf8c88c,3f576228eab2d2d327adc0d6d41f07ea8825a2366b97b7c99a3a9ab30eec136d,audits/paper_extras/v4_runs/v1/sweep_seed404_exp.json,KHONG CO (che do lay mau v1)
404,exp,flat_pit0.50_cit0,7,49,204.2182410639223,785.4903734968891,0.25998821622061685,43,,0.9,,KHONG CO,KHONG CO,26903.067982949666,1088.1203455158445,27201.20789525152,320.3836205005646,126.31783114758599,15232.924085652056,,,0.0264214562199011,,cf8c88c,3f576228eab2d2d327adc0d6d41f07ea8825a2366b97b7c99a3a9ab30eec136d,audits/paper_extras/v4_runs/v1/sweep_seed404_exp.json,KHONG CO (che do lay mau v1)
404,exp,flat_pit0.50_cit0,8,50,234.83052637266508,666.7413624156318,0.3522063270859097,66,,0.9125,,KHONG CO,KHONG CO,28677.04500787868,1342.227741585721,27032.81890047273,346.2732059955597,78.34040158540643,15138.7871427319,,,0.0299560005502322,,cf8c88c,3f576228eab2d2d327adc0d6d41f07ea8825a2366b97b7c99a3a9ab30eec136d,audits/paper_extras/v4_runs/v1/sweep_seed404_exp.json,KHONG CO (che do lay mau v1)
404,exp,flat_pit0.50_cit0,9,51,200.4365110743894,648.0196264267382,0.30930623533676216,68,,0.925,,KHONG CO,KHONG CO,30053.60175450643,1461.0177224351944,30321.531644223778,333.32841324806213,109.03054114449617,15115.109623241042,,,0.029510349642842118,,cf8c88c,3f576228eab2d2d327adc0d6d41f07ea8825a2366b97b7c99a3a9ab30eec136d,audits/paper_extras/v4_runs/v1/sweep_seed404_exp.json,KHONG CO (che do lay mau v1)
404,exp,flat_pit0_cit0.10,0,42,461.2793760712082,917.0940516179461,0.5029793566509506,0,,0.0,,KHONG CO,KHONG CO,3874.182712153908,38.327440345048146,3734.703024306964,194.17189121246338,0.0,14982.928718043531,,,0.00447492972558494,,cf8c88c,3f576228eab2d2d327adc0d6d41f07ea8825a2366b97b7c99a3a9ab30eec136d,audits/paper_extras/v4_runs/v1/sweep_seed404_exp.json,KHONG CO (che do lay mau v1)
404,exp,flat_pit0_cit0.10,1,43,462.0685245732794,975.2418401673771,0.47379891380990824,0,,0.0,,KHONG CO,KHONG CO,3631.4163976388295,31.186276193878676,3511.7099667707566,194.17189121246338,3.621279962466693,14956.013409093131,,,0.004373733045927636,,cf8c88c,3f576228eab2d2d327adc0d6d41f07ea8825a2366b97b7c99a3a9ab30eec136d,audits/paper_extras/v4_runs/v1/sweep_seed404_exp.json,KHONG CO (che do lay mau v1)
404,exp,flat_pit0_cit0.10,2,44,447.6377214785948,954.9442277632836,0.46875797398877783,0,,0.0,,KHONG CO,KHONG CO,3602.827794691989,47.48506400050589,3494.7609188718325,194.17189121246338,0.8580905660572394,14963.830859350319,,,0.0045362135284569855,,cf8c88c,3f576228eab2d2d327adc0d6d41f07ea8825a2366b97b7c99a3a9ab30eec136d,audits/paper_extras/v4_runs/v1/sweep_seed404_exp.json,KHONG CO (che do lay mau v1)
404,exp,flat_pit0_cit0.10,3,45,441.09809217280474,938.8671863412635,0.4698194788250619,0,,0.0,,KHONG CO,KHONG CO,3734.668067113547,41.95574807825567,3597.7118382376348,194.1718912124634,6.483869880874189,14978.643410275736,,,0.004873955101727728,,cf8c88c,3f576228eab2d2d327adc0d6d41f07ea8825a2366b97b7c99a3a9ab30eec136d,audits/paper_extras/v4_runs/v1/sweep_seed404_exp.json,KHONG CO (che do lay mau v1)
404,exp,flat_pit0_cit0.10,4,46,495.9355606535159,954.3796635638641,0.5196417941279083,0,,0.0,,KHONG CO,KHONG CO,3470.052660120114,46.8094614524159,3422.895711357351,194.17189121246338,0.0,14767.147330795255,,,0.0041364572809628524,,cf8c88c,3f576228eab2d2d327adc0d6d41f07ea8825a2366b97b7c99a3a9ab30eec136d,audits/paper_extras/v4_runs/v1/sweep_seed404_exp.json,KHONG CO (che do lay mau v1)
404,exp,flat_pit0_cit0.10,5,47,455.0387987357609,914.3438826708036,0.49766702370949323,0,,0.0,,KHONG CO,KHONG CO,3600.208379221469,26.210583391287482,3476.793090798196,194.17189121246332,0.0,14957.506131174208,,,0.0050505170901606776,,cf8c88c,3f576228eab2d2d327adc0d6d41f07ea8825a2366b97b7c99a3a9ab30eec136d,audits/paper_extras/v4_runs/v1/sweep_seed404_exp.json,KHONG CO (che do lay mau v1)
404,exp,flat_pit0_cit0.10,6,48,446.7450113243094,924.8261730226823,0.4830583566468253,0,,0.0,,KHONG CO,KHONG CO,3784.8470668276227,22.43879926089992,3704.572249202774,194.17189121246338,0.0,14536.227657535344,,,0.004337238955276942,,cf8c88c,3f576228eab2d2d327adc0d6d41f07ea8825a2366b97b7c99a3a9ab30eec136d,audits/paper_extras/v4_runs/v1/sweep_seed404_exp.json,KHONG CO (che do lay mau v1)
404,exp,flat_pit0_cit0.10,7,49,517.9330008813104,968.8511857863908,0.5345846797523583,0,,0.0,,KHONG CO,KHONG CO,3740.782425467901,28.463237937429557,3667.9263601099315,194.17189121246338,1.4184116807384899,14523.503495223093,,,0.004871721657927669,,cf8c88c,3f576228eab2d2d327adc0d6d41f07ea8825a2366b97b7c99a3a9ab30eec136d,audits/paper_extras/v4_runs/v1/sweep_seed404_exp.json,KHONG CO (che do lay mau v1)
404,exp,flat_pit0_cit0.10,8,50,511.60458038980096,951.8476343890599,0.5374857927951595,0,,0.0,,KHONG CO,KHONG CO,3635.974797265806,51.9666035632557,3589.472678940486,195.78999030590057,7.354268743582603,14855.826820037659,,,0.005198890516806823,,cf8c88c,3f576228eab2d2d327adc0d6d41f07ea8825a2366b97b7c99a3a9ab30eec136d,audits/paper_extras/v4_runs/v1/sweep_seed404_exp.json,KHONG CO (che do lay mau v1)
404,exp,flat_pit0_cit0.10,9,51,418.22759131990784,872.1296222435685,0.4795475129534187,0,,0.0,,KHONG CO,KHONG CO,3588.665879908302,32.7543333117215,3483.563140757413,194.17189121246338,0.0,14943.538146138655,,,0.0032465928346679007,,cf8c88c,3f576228eab2d2d327adc0d6d41f07ea8825a2366b97b7c99a3a9ab30eec136d,audits/paper_extras/v4_runs/v1/sweep_seed404_exp.json,KHONG CO (che do lay mau v1)
404,exp,flat_pit0_cit0.20,0,42,474.1883868973236,951.0079325403957,0.498616647319271,1,,0.0,,KHONG CO,KHONG CO,8401.011325896156,100.13546636028317,8270.425902946854,194.17189121246344,1.4001983355620582,14922.018449264046,,,0.0063830141898223785,,cf8c88c,3f576228eab2d2d327adc0d6d41f07ea8825a2366b97b7c99a3a9ab30eec136d,audits/paper_extras/v4_runs/v1/sweep_seed404_exp.json,KHONG CO (che do lay mau v1)
404,exp,flat_pit0_cit0.20,1,43,538.4739600252149,1045.177294303128,0.5151986777365293,0,,0.0,,KHONG CO,KHONG CO,8179.533028964353,72.9436281514721,8027.633717301582,194.17189121246338,4.415512064843023,14927.277803003017,,,0.005166495662290662,,cf8c88c,3f576228eab2d2d327adc0d6d41f07ea8825a2366b97b7c99a3a9ab30eec136d,audits/paper_extras/v4_runs/v1/sweep_seed404_exp.json,KHONG CO (che do lay mau v1)
404,exp,flat_pit0_cit0.20,2,44,424.8514511555451,993.6229309215244,0.427578146532429,0,,0.0,,KHONG CO,KHONG CO,8158.382934692939,69.20296509387596,8003.866589268906,194.17189121246338,1.870356806424771,14918.016061832603,,,0.003551749316282777,,cf8c88c,3f576228eab2d2d327adc0d6d41f07ea8825a2366b97b7c99a3a9ab30eec136d,audits/paper_extras/v4_runs/v1/sweep_seed404_exp.json,KHONG CO (che do lay mau v1)
404,exp,flat_pit0_cit0.20,3,45,499.6917277843838,992.1087079839621,0.5036663056811528,0,,0.0,,KHONG CO,KHONG CO,8079.408756953405,41.58596031319648,7903.708730531426,194.17189121246338,7.301112877061648,14846.367079120244,,,0.005350690140451541,,cf8c88c,3f576228eab2d2d327adc0d6d41f07ea8825a2366b97b7c99a3a9ab30eec136d,audits/paper_extras/v4_runs/v1/sweep_seed404_exp.json,KHONG CO (che do lay mau v1)
404,exp,flat_pit0_cit0.20,4,46,434.8339139130332,896.3651713257111,0.4851079981944414,0,,0.0,,KHONG CO,KHONG CO,7903.345863826075,48.349330489483734,7738.212220211825,194.17189121246338,3.410256699756961,15013.423855786155,,,0.0049404338506685115,,cf8c88c,3f576228eab2d2d327adc0d6d41f07ea8825a2366b97b7c99a3a9ab30eec136d,audits/paper_extras/v4_runs/v1/sweep_seed404_exp.json,KHONG CO (che do lay mau v1)
404,exp,flat_pit0_cit0.20,5,47,537.790491120446,1011.9676770354295,0.5314305024997529,0,,0.0,,KHONG CO,KHONG CO,7833.351937174189,131.26256305028315,7751.548396924711,194.17189121246338,0.0,14824.440809689806,,,0.004599120722570463,,cf8c88c,3f576228eab2d2d327adc0d6d41f07ea8825a2366b97b7c99a3a9ab30eec136d,audits/paper_extras/v4_runs/v1/sweep_seed404_exp.json,KHONG CO (che do lay mau v1)
404,exp,flat_pit0_cit0.20,6,48,475.73682448104245,928.6779031374092,0.5122732250587978,0,,0.0,,KHONG CO,KHONG CO,8415.270980905769,77.81450919587172,8264.931224856153,194.17189121246335,0.0,14943.908595604344,,,0.00484768496293407,,cf8c88c,3f576228eab2d2d327adc0d6d41f07ea8825a2366b97b7c99a3a9ab30eec136d,audits/paper_extras/v4_runs/v1/sweep_seed404_exp.json,KHONG CO (che do lay mau v1)
404,exp,flat_pit0_cit0.20,7,49,554.9948105538292,989.9807328294585,0.5606117292481053,0,,0.0,,KHONG CO,KHONG CO,8324.29923646936,144.1295309525378,8241.200387133791,194.17189121246338,6.991178966430708,14827.16209229777,,,0.004970336072335227,,cf8c88c,3f576228eab2d2d327adc0d6d41f07ea8825a2366b97b7c99a3a9ab30eec136d,audits/paper_extras/v4_runs/v1/sweep_seed404_exp.json,KHONG CO (che do lay mau v1)
404,exp,flat_pit0_cit0.20,8,50,525.675473884698,998.9962853716931,0.526203632167773,0,,0.0,,KHONG CO,KHONG CO,8136.044866378564,55.23690411912539,7968.232600726725,194.17189121246338,1.7422217354178429,14884.374133108287,,,0.0049215487397635095,,cf8c88c,3f576228eab2d2d327adc0d6d41f07ea8825a2366b97b7c99a3a9ab30eec136d,audits/paper_extras/v4_runs/v1/sweep_seed404_exp.json,KHONG CO (che do lay mau v1)
404,exp,flat_pit0_cit0.20,9,51,389.7992822569587,868.5988743562376,0.4487678878767355,0,,0.0,,KHONG CO,KHONG CO,8107.484971442575,63.67221937566015,7947.99605409246,194.17189121246338,0.0,15000.157022851063,,,0.0043709129918779255,,cf8c88c,3f576228eab2d2d327adc0d6d41f07ea8825a2366b97b7c99a3a9ab30eec136d,audits/paper_extras/v4_runs/v1/sweep_seed404_exp.json,KHONG CO (che do lay mau v1)
404,exp,flat_pit0_cit0.30,0,42,456.7452488177054,945.7404267485977,0.48294990453984277,0,,0.0,,KHONG CO,KHONG CO,14599.626306251032,97.47043183556067,14297.980192791747,194.17189121246338,3.1278078611964064,14955.72514142881,,,0.0052032128862192365,,cf8c88c,3f576228eab2d2d327adc0d6d41f07ea8825a2366b97b7c99a3a9ab30eec136d,audits/paper_extras/v4_runs/v1/sweep_seed404_exp.json,KHONG CO (che do lay mau v1)
404,exp,flat_pit0_cit0.30,1,43,556.221910565353,1063.3908640036318,0.5230644059430751,0,,0.0,,KHONG CO,KHONG CO,14201.10723640046,99.42012548610413,13913.990866748412,194.17189121246338,2.4954414533878957,14872.677502908215,,,0.004027131800415946,,cf8c88c,3f576228eab2d2d327adc0d6d41f07ea8825a2366b97b7c99a3a9ab30eec136d,audits/paper_extras/v4_runs/v1/sweep_seed404_exp.json,KHONG CO (che do lay mau v1)
404,exp,flat_pit0_cit0.30,2,44,472.6267818302797,1016.5804354557964,0.46491823504194396,0,,0.0,,KHONG CO,KHONG CO,13609.73345765495,155.2954822647247,13394.137309593096,194.17189121246338,1.591573016655937,14943.908824617729,,,0.004614771377733964,,cf8c88c,3f576228eab2d2d327adc0d6d41f07ea8825a2366b97b7c99a3a9ab30eec136d,audits/paper_extras/v4_runs/v1/sweep_seed404_exp.json,KHONG CO (che do lay mau v1)
404,exp,flat_pit0_cit0.30,3,45,448.3760108553509,979.6280354883386,0.4577002643986584,0,,0.0,,KHONG CO,KHONG CO,14419.958062610645,170.12486718154966,14184.759012393726,194.17189121246338,5.92821053110903,14904.210591869749,,,0.006026376299275106,,cf8c88c,3f576228eab2d2d327adc0d6d41f07ea8825a2366b97b7c99a3a9ab30eec136d,audits/paper_extras/v4_runs/v1/sweep_seed404_exp.json,KHONG CO (che do lay mau v1)
404,exp,flat_pit0_cit0.30,4,46,351.57408535663285,857.3722659647373,0.4100600162999589,0,,0.0,,KHONG CO,KHONG CO,13476.171191827985,115.80265274378576,13211.906483496043,194.17189121246344,4.47401776057643,14990.101774157416,,,0.004584244088826959,,cf8c88c,3f576228eab2d2d327adc0d6d41f07ea8825a2366b97b7c99a3a9ab30eec136d,audits/paper_extras/v4_runs/v1/sweep_seed404_exp.json,KHONG CO (che do lay mau v1)
404,exp,flat_pit0_cit0.30,5,47,484.8665037415011,980.690249534556,0.4944135051527462,0,,0.0,,KHONG CO,KHONG CO,13102.77139794315,102.26539901061578,12849.960560050591,194.17189121246338,7.468042242712111,14959.633566912078,,,0.0046777213776387746,,cf8c88c,3f576228eab2d2d327adc0d6d41f07ea8825a2366b97b7c99a3a9ab30eec136d,audits/paper_extras/v4_runs/v1/sweep_seed404_exp.json,KHONG CO (che do lay mau v1)
404,exp,flat_pit0_cit0.30,6,48,476.91327408908154,944.8047164280472,0.5047744425875773,0,,0.0,,KHONG CO,KHONG CO,14099.061634982023,95.99154255513221,13807.973152822835,194.17189121246338,7.925069431533471,14919.715199837261,,,0.004291369540435197,,cf8c88c,3f576228eab2d2d327adc0d6d41f07ea8825a2366b97b7c99a3a9ab30eec136d,audits/paper_extras/v4_runs/v1/sweep_seed404_exp.json,KHONG CO (che do lay mau v1)
404,exp,flat_pit0_cit0.30,7,49,574.8459513938118,1029.6882596919888,0.5582718322589846,0,,0.0,,KHONG CO,KHONG CO,14677.466185378651,173.3090388614899,14446.569477308893,194.17189121246338,5.9705357602931555,14885.98001971305,,,0.004944475882947771,,cf8c88c,3f576228eab2d2d327adc0d6d41f07ea8825a2366b97b7c99a3a9ab30eec136d,audits/paper_extras/v4_runs/v1/sweep_seed404_exp.json,KHONG CO (che do lay mau v1)
404,exp,flat_pit0_cit0.30,8,50,456.3015703952387,955.570772439429,0.47751729495699113,1,,0.0,,KHONG CO,KHONG CO,13825.538277121768,204.06286924131282,13653.468088407835,199.83523803949356,10.295857831307998,14956.986176124308,,,0.004588613281870028,,cf8c88c,3f576228eab2d2d327adc0d6d41f07ea8825a2366b97b7c99a3a9ab30eec136d,audits/paper_extras/v4_runs/v1/sweep_seed404_exp.json,KHONG CO (che do lay mau v1)
404,exp,flat_pit0_cit0.30,9,51,437.63808157808944,917.7724067851544,0.476848157933929,0,,0.0,,KHONG CO,KHONG CO,13412.468389563492,138.03347159452133,13183.60252445095,194.17189121246338,1.9174908099102166,14889.753362081941,,,0.004507110599832553,,cf8c88c,3f576228eab2d2d327adc0d6d41f07ea8825a2366b97b7c99a3a9ab30eec136d,audits/paper_extras/v4_runs/v1/sweep_seed404_exp.json,KHONG CO (che do lay mau v1)
404,exp,flat_pit0_cit0.50,0,42,478.359796718076,948.5864988499353,0.5042869546404452,0,,0.0,,KHONG CO,KHONG CO,32636.036613334993,376.68361137977774,32111.889309264774,194.17189121246338,1.0110148321645163,15364.905940657514,,,0.0042814168119146845,,cf8c88c,3f576228eab2d2d327adc0d6d41f07ea8825a2366b97b7c99a3a9ab30eec136d,audits/paper_extras/v4_runs/v1/sweep_seed404_exp.json,KHONG CO (che do lay mau v1)
404,exp,flat_pit0_cit0.50,1,43,498.3892263992716,1001.1315199255698,0.4978259264440349,0,,0.0,,KHONG CO,KHONG CO,32131.26655271147,214.13941630462566,31433.765159941693,201.45333713293076,11.333475390393687,15365.506213665314,,,0.006304366859956193,,cf8c88c,3f576228eab2d2d327adc0d6d41f07ea8825a2366b97b7c99a3a9ab30eec136d,audits/paper_extras/v4_runs/v1/sweep_seed404_exp.json,KHONG CO (che do lay mau v1)
404,exp,flat_pit0_cit0.50,2,44,464.9736591464033,992.5095597747326,0.46848280156811506,0,,0.0,,KHONG CO,KHONG CO,32023.564432388892,297.82468102457995,31437.48504789066,194.17189121246338,3.361992116515219,15405.631374724115,,,0.003798797238353643,,cf8c88c,3f576228eab2d2d327adc0d6d41f07ea8825a2366b97b7c99a3a9ab30eec136d,audits/paper_extras/v4_runs/v1/sweep_seed404_exp.json,KHONG CO (che do lay mau v1)
404,exp,flat_pit0_cit0.50,3,45,541.8240510068763,1025.888897447688,0.5281508088788971,0,,0.0,,KHONG CO,KHONG CO,31369.185536790905,306.1836631544101,30812.63976406468,194.17189121246338,6.0488323134649775,15256.251534877916,,,0.0052126893627683505,,cf8c88c,3f576228eab2d2d327adc0d6d41f07ea8825a2366b97b7c99a3a9ab30eec136d,audits/paper_extras/v4_runs/v1/sweep_seed404_exp.json,KHONG CO (che do lay mau v1)
404,exp,flat_pit0_cit0.50,4,46,434.9502194514664,926.2346439679148,0.4695896685403329,1,,0.0,,KHONG CO,KHONG CO,30867.172505736668,251.97795869623778,30266.37250723379,208.73478305339813,23.161764500216968,15347.717538560672,,,0.007004314796386264,,cf8c88c,3f576228eab2d2d327adc0d6d41f07ea8825a2366b97b7c99a3a9ab30eec136d,audits/paper_extras/v4_runs/v1/sweep_seed404_exp.json,KHONG CO (che do lay mau v1)
404,exp,flat_pit0_cit0.50,5,47,524.0879261773531,1066.7245517616968,0.4913057689652135,0,,0.0,,KHONG CO,KHONG CO,31867.843352381282,290.2868600142959,31269.64187499784,194.17189121246338,19.836440504312346,15260.491017723454,,,0.004723351730514807,,cf8c88c,3f576228eab2d2d327adc0d6d41f07ea8825a2366b97b7c99a3a9ab30eec136d,audits/paper_extras/v4_runs/v1/sweep_seed404_exp.json,KHONG CO (che do lay mau v1)
404,exp,flat_pit0_cit0.50,6,48,467.66146062868523,990.1879520236437,0.4722956481877275,0,,0.016666666666666666,,KHONG CO,KHONG CO,35377.16106402395,399.20047370812347,34620.743391729586,194.17189121246338,8.840793668972868,15720.392871164042,,,0.004453039436611754,,cf8c88c,3f576228eab2d2d327adc0d6d41f07ea8825a2366b97b7c99a3a9ab30eec136d,audits/paper_extras/v4_runs/v1/sweep_seed404_exp.json,KHONG CO (che do lay mau v1)
404,exp,flat_pit0_cit0.50,7,49,507.68335881548956,980.6873845851901,0.5176811354927634,0,,0.0,,KHONG CO,KHONG CO,31598.94114670955,242.3611056731278,30955.570968726774,194.17189121246338,0.0,15427.170786251972,,,0.0036244592823099246,,cf8c88c,3f576228eab2d2d327adc0d6d41f07ea8825a2366b97b7c99a3a9ab30eec136d,audits/paper_extras/v4_runs/v1/sweep_seed404_exp.json,KHONG CO (che do lay mau v1)
404,exp,flat_pit0_cit0.50,8,50,471.52636334070394,972.8920300674305,0.48466463776871804,0,,0.0,,KHONG CO,KHONG CO,33235.98210431415,225.5205884249802,32534.450039364387,194.17189121246338,5.88023477452457,15365.575682046378,,,0.0039874676912842275,,cf8c88c,3f576228eab2d2d327adc0d6d41f07ea8825a2366b97b7c99a3a9ab30eec136d,audits/paper_extras/v4_runs/v1/sweep_seed404_exp.json,KHONG CO (che do lay mau v1)
404,exp,flat_pit0_cit0.50,9,51,460.491287573221,938.4608719192809,0.4906877860889962,0,,0.0,,KHONG CO,KHONG CO,31645.990145979704,269.117417652641,31036.15190822006,194.17189121246338,1.267133609831763,15408.633430977676,,,0.00448766851560142,,cf8c88c,3f576228eab2d2d327adc0d6d41f07ea8825a2366b97b7c99a3a9ab30eec136d,audits/paper_extras/v4_runs/v1/sweep_seed404_exp.json,KHONG CO (che do lay mau v1)
505,det,rl_learned,0,42,464.8437856214356,854.9334632936569,0.5437192548652978,0,53,0.0,4.0989061034224505e-09,KHONG CO,KHONG CO,2079.4530910253275,0.0,1669.4900343674185,125.78568112850193,0.0,15169.280395073967,114.89698045544242,0.0,0.002989940953507959,3.2942816845678995,cf8c88c,32a0ac1daca4dae772c0c1061b1a8032792fdbb581e1cba54a6c9c0fb70649ce,audits/paper_extras/v4_runs/v1/sweep_seed505_det.json,audits/paper_extras/v4_runs/v2/bench2_seed505_det.json
505,det,rl_learned,1,43,517.7701991480582,895.2751289163656,0.5783364045584103,0,48,0.0,1.7522894246724263e-10,KHONG CO,KHONG CO,1989.6012122799004,0.0,1616.1755913472723,112.69297313690176,0.0,15115.241435340946,145.49121245478528,0.0,0.002783629871704938,2.945979686862572,cf8c88c,32a0ac1daca4dae772c0c1061b1a8032792fdbb581e1cba54a6c9c0fb70649ce,audits/paper_extras/v4_runs/v1/sweep_seed505_det.json,audits/paper_extras/v4_runs/v2/bench2_seed505_det.json
505,det,rl_learned,2,44,374.97816566896716,903.2625537868397,0.41513750802234406,0,62,0.0,2.212227290243618e-09,KHONG CO,KHONG CO,1612.5732787739876,0.0,1289.095320905417,127.06869748234749,0.0,15120.087981732933,76.32127865329085,0.0,0.0033373618348005543,3.0295195308822667,cf8c88c,32a0ac1daca4dae772c0c1061b1a8032792fdbb581e1cba54a6c9c0fb70649ce,audits/paper_extras/v4_runs/v1/sweep_seed505_det.json,audits/paper_extras/v4_runs/v2/bench2_seed505_det.json
505,det,rl_learned,3,45,453.8186361797287,903.5575303173849,0.5022575994915561,0,55,0.0,7.620474917757747e-09,KHONG CO,KHONG CO,1807.933202322892,0.0,1455.0111527155361,126.89778453111649,0.0,15085.41338871212,140.61087636412807,0.0,0.0030696875957546017,3.0580760416583894,cf8c88c,32a0ac1daca4dae772c0c1061b1a8032792fdbb581e1cba54a6c9c0fb70649ce,audits/paper_extras/v4_runs/v1/sweep_seed505_det.json,audits/paper_extras/v4_runs/v2/bench2_seed505_det.json
505,det,rl_learned,4,46,395.485826841067,837.4664188871282,0.47224081816511587,0,55,0.0,0.0,KHONG CO,KHONG CO,1600.9089029414704,0.0,1285.3637661113164,123.32355138659477,0.0,15027.115871638609,165.1057138049551,0.0,0.0030696875957546017,3.4511933563988384,cf8c88c,32a0ac1daca4dae772c0c1061b1a8032792fdbb581e1cba54a6c9c0fb70649ce,audits/paper_extras/v4_runs/v1/sweep_seed505_det.json,audits/paper_extras/v4_runs/v2/bench2_seed505_det.json
505,det,rl_learned,5,47,494.61947765242206,875.0077125637332,0.5652744204999168,0,55,0.0,2.840168100703977e-10,KHONG CO,KHONG CO,1960.2970367342614,0.0,1592.2060509627552,117.45020368695259,0.0,15049.009448532617,201.63133355193855,0.0,0.0030696875957546012,3.277046092490244,cf8c88c,32a0ac1daca4dae772c0c1061b1a8032792fdbb581e1cba54a6c9c0fb70649ce,audits/paper_extras/v4_runs/v1/sweep_seed505_det.json,audits/paper_extras/v4_runs/v2/bench2_seed505_det.json
505,det,rl_learned,6,48,422.65007413945614,849.8044149189631,0.4973498215818988,0,51,0.0,7.870571971935192e-09,KHONG CO,KHONG CO,1712.0957717571612,0.0,1376.2518427124514,128.84911242127416,0.0,15058.352894958152,148.64192166528227,0.0,0.0029086382058716876,3.4076195032098813,cf8c88c,32a0ac1daca4dae772c0c1061b1a8032792fdbb581e1cba54a6c9c0fb70649ce,audits/paper_extras/v4_runs/v1/sweep_seed505_det.json,audits/paper_extras/v4_runs/v2/bench2_seed505_det.json
505,det,rl_learned,7,49,444.0647654113153,860.3911968849831,0.5161196058479406,0,44,0.0,0.0,KHONG CO,KHONG CO,1541.9618841585059,0.0,1231.3085242123282,141.82311755418777,0.0,14710.621818932563,458.2084234594294,0.0,0.0026108951115411507,3.095555779031586,cf8c88c,32a0ac1daca4dae772c0c1061b1a8032792fdbb581e1cba54a6c9c0fb70649ce,audits/paper_extras/v4_runs/v1/sweep_seed505_det.json,audits/paper_extras/v4_runs/v2/bench2_seed505_det.json
505,det,rl_learned,8,50,436.99943422022824,849.9759970388271,0.5141314998807737,0,51,0.0,1.3614607219381014e-09,KHONG CO,KHONG CO,1699.7107393226324,0.0,1364.4626923988324,124.06131640076637,0.0,15121.161041944553,90.02568857848274,0.0,0.0029086382058716876,3.262907901675767,cf8c88c,32a0ac1daca4dae772c0c1061b1a8032792fdbb581e1cba54a6c9c0fb70649ce,audits/paper_extras/v4_runs/v1/sweep_seed505_det.json,audits/paper_extras/v4_runs/v2/bench2_seed505_det.json
505,det,rl_learned,9,51,392.8713744410853,807.1872216038181,0.4867165434810533,0,46,0.0,3.543653059878693e-08,KHONG CO,KHONG CO,1653.1729408964686,0.0,1325.8940330558273,131.68008828163147,0.0,15109.147771014197,86.45104854480938,0.0,0.0026981575384417357,3.5477363299201548,cf8c88c,32a0ac1daca4dae772c0c1061b1a8032792fdbb581e1cba54a6c9c0fb70649ce,audits/paper_extras/v4_runs/v1/sweep_seed505_det.json,audits/paper_extras/v4_runs/v2/bench2_seed505_det.json
505,det,free_market+rl_aux,0,42,499.89458490810796,883.0721347373468,0.5660857876087237,0,62,0.0,4.860445379506473e-10,KHONG CO,KHONG CO,0.0,0.0,0.0,125.96276879310602,0.0,14690.351667395777,183.68556381111938,0.0,0.003337361834800554,3.179882602287828,cf8c88c,32a0ac1daca4dae772c0c1061b1a8032792fdbb581e1cba54a6c9c0fb70649ce,audits/paper_extras/v4_runs/v1/sweep_seed505_det.json,audits/paper_extras/v4_runs/v2/bench2_seed505_det.json
505,det,free_market+rl_aux,1,43,513.6240551404587,909.3902008812438,0.5648005164809691,0,58,0.0,1.5349055360047714e-11,KHONG CO,KHONG CO,0.0,0.0,0.0,125.96276879310608,0.0,14627.020814595495,247.01641661140212,0.0,0.0031865168287376583,2.8425231999018044,cf8c88c,32a0ac1daca4dae772c0c1061b1a8032792fdbb581e1cba54a6c9c0fb70649ce,audits/paper_extras/v4_runs/v1/sweep_seed505_det.json,audits/paper_extras/v4_runs/v2/bench2_seed505_det.json
505,det,free_market+rl_aux,2,44,379.7039106357887,931.2115846967616,0.4077525633011051,0,73,0.0,2.72198263928658e-10,KHONG CO,KHONG CO,0.0,0.0,0.0,125.96276879310608,0.0,14624.4081733017,249.62905790519977,0.0,0.003726059226859065,2.938219537349078,cf8c88c,32a0ac1daca4dae772c0c1061b1a8032792fdbb581e1cba54a6c9c0fb70649ce,audits/paper_extras/v4_runs/v1/sweep_seed505_det.json,audits/paper_extras/v4_runs/v2/bench2_seed505_det.json
505,det,free_market+rl_aux,3,45,477.3051913657858,902.0852015510583,0.5291132041021185,0,59,0.0,8.946792195985154e-10,KHONG CO,KHONG CO,0.0,0.0,0.0,125.96276879310608,0.0,14593.125792121735,280.9114390851584,0.0,0.0032247431284318476,2.9910601955064147,cf8c88c,32a0ac1daca4dae772c0c1061b1a8032792fdbb581e1cba54a6c9c0fb70649ce,audits/paper_extras/v4_runs/v1/sweep_seed505_det.json,audits/paper_extras/v4_runs/v2/bench2_seed505_det.json
505,det,free_market+rl_aux,4,46,393.5149880660327,829.7534527731783,0.4742553185537681,0,56,0.0,4.24821289257693e-10,KHONG CO,KHONG CO,0.0,0.0,0.0,125.9627687931061,0.0,14536.016762721996,338.02046848490005,0.0,0.00310899577185523,3.343035657029852,cf8c88c,32a0ac1daca4dae772c0c1061b1a8032792fdbb581e1cba54a6c9c0fb70649ce,audits/paper_extras/v4_runs/v1/sweep_seed505_det.json,audits/paper_extras/v4_runs/v2/bench2_seed505_det.json
505,det,free_market+rl_aux,5,47,461.71735371235206,855.8906224482936,0.5394583625552523,0,51,0.0,6.7556404914626e-11,KHONG CO,KHONG CO,0.0,0.0,0.0,125.96276879310608,0.0,14555.382421312781,318.6548098941122,0.0,0.0029086382058716876,3.1144703897382096,cf8c88c,32a0ac1daca4dae772c0c1061b1a8032792fdbb581e1cba54a6c9c0fb70649ce,audits/paper_extras/v4_runs/v1/sweep_seed505_det.json,audits/paper_extras/v4_runs/v2/bench2_seed505_det.json
505,det,free_market+rl_aux,6,48,421.91120682438,838.6107231847021,0.5031073359307081,0,50,0.0,2.7288282744564185e-10,KHONG CO,KHONG CO,0.0,0.0,0.0,125.96276879310611,0.0,14561.894079213991,312.14315199290627,0.0,0.0028673840804591465,3.301584870486191,cf8c88c,32a0ac1daca4dae772c0c1061b1a8032792fdbb581e1cba54a6c9c0fb70649ce,audits/paper_extras/v4_runs/v1/sweep_seed505_det.json,audits/paper_extras/v4_runs/v2/bench2_seed505_det.json
505,det,free_market+rl_aux,7,49,474.5397692431916,893.8870273557392,0.53087219606146,0,59,0.0,9.192215877362742e-10,KHONG CO,KHONG CO,0.0,0.0,0.0,125.96276879310608,0.0,14692.571675620293,181.46555558660418,0.0,0.003224743128431848,3.0503600165854086,cf8c88c,32a0ac1daca4dae772c0c1061b1a8032792fdbb581e1cba54a6c9c0fb70649ce,audits/paper_extras/v4_runs/v1/sweep_seed505_det.json,audits/paper_extras/v4_runs/v2/bench2_seed505_det.json
505,det,free_market+rl_aux,8,50,436.02504479871504,837.4372901435703,0.5206659052929956,0,47,0.0,3.280844484976342e-10,KHONG CO,KHONG CO,0.0,0.0,0.0,125.96276879310608,0.0,14621.902556962521,252.13467424437556,0.0,0.0027411128649022167,3.1616998827396996,cf8c88c,32a0ac1daca4dae772c0c1061b1a8032792fdbb581e1cba54a6c9c0fb70649ce,audits/paper_extras/v4_runs/v1/sweep_seed505_det.json,audits/paper_extras/v4_runs/v2/bench2_seed505_det.json
505,det,free_market+rl_aux,9,51,417.09281011295155,795.7618640146868,0.5241427479430625,0,45,0.0,1.0032328301434745e-09,KHONG CO,KHONG CO,0.0,0.0,0.0,125.96276879310608,0.0,14597.76843279424,276.2687984126535,0.0,0.002654754760663958,3.470721607708592,cf8c88c,32a0ac1daca4dae772c0c1061b1a8032792fdbb581e1cba54a6c9c0fb70649ce,audits/paper_extras/v4_runs/v1/sweep_seed505_det.json,audits/paper_extras/v4_runs/v2/bench2_seed505_det.json
505,det,rl_mean_fixed,0,42,486.9764110734219,874.3961638646598,0.5569288054982784,0,54,0.0,7.485378983318469e-08,KHONG CO,KHONG CO,4100.584313767134,0.0,3299.269703340432,125.96276879310608,0.0,15653.582386616543,21.769455017042695,0.0,0.0030300050560720616,3.4967339115135867,cf8c88c,32a0ac1daca4dae772c0c1061b1a8032792fdbb581e1cba54a6c9c0fb70649ce,audits/paper_extras/v4_runs/v1/sweep_seed505_det.json,audits/paper_extras/v4_runs/v2/bench2_seed505_det.json
505,det,rl_mean_fixed,1,43,525.7899382654982,905.5344671711571,0.5806404475227087,0,52,0.0,6.984284262046003e-10,KHONG CO,KHONG CO,4049.2055519554065,0.0,3269.5703489261336,125.96276879310608,0.0,15614.896645249808,38.77578898636209,0.0,0.0029494878790743023,3.112759376019839,cf8c88c,32a0ac1daca4dae772c0c1061b1a8032792fdbb581e1cba54a6c9c0fb70649ce,audits/paper_extras/v4_runs/v1/sweep_seed505_det.json,audits/paper_extras/v4_runs/v2/bench2_seed505_det.json
505,det,rl_mean_fixed,2,44,392.9743935683349,900.3678257424266,0.4364598360056853,0,64,0.0,0.0,KHONG CO,KHONG CO,4085.3887753062972,0.0,3298.4831057750384,125.96276879310608,0.0,15654.629009879593,6.313890858562817,0.0,0.0034107846987450757,3.2487842879048654,cf8c88c,32a0ac1daca4dae772c0c1061b1a8032792fdbb581e1cba54a6c9c0fb70649ce,audits/paper_extras/v4_runs/v1/sweep_seed505_det.json,audits/paper_extras/v4_runs/v2/bench2_seed505_det.json
505,det,rl_mean_fixed,3,45,473.0077068856352,888.7314941369657,0.5322279113614243,0,50,0.0,2.675152988018681e-09,KHONG CO,KHONG CO,4155.129077653722,0.0,3354.9989410182184,125.96276879310608,0.0,15574.322465997868,99.8449018445315,0.0,0.0028673840804591465,3.2705390047672527,cf8c88c,32a0ac1daca4dae772c0c1061b1a8032792fdbb581e1cba54a6c9c0fb70649ce,audits/paper_extras/v4_runs/v1/sweep_seed505_det.json,audits/paper_extras/v4_runs/v2/bench2_seed505_det.json
505,det,rl_mean_fixed,4,46,397.5615352110038,837.147330658965,0.47490031999273186,0,59,0.0,0.0,KHONG CO,KHONG CO,3977.240604103098,0.0,3211.3960834418167,125.9627687931061,0.0,15504.505100145132,135.3766517230427,0.0,0.0032247431284318476,3.6677394253899056,cf8c88c,32a0ac1daca4dae772c0c1061b1a8032792fdbb581e1cba54a6c9c0fb70649ce,audits/paper_extras/v4_runs/v1/sweep_seed505_det.json,audits/paper_extras/v4_runs/v2/bench2_seed505_det.json
505,det,rl_mean_fixed,5,47,448.5914728649282,874.1415509559966,0.5131794414466746,0,53,0.0,1.338300359421396e-09,KHONG CO,KHONG CO,4042.203738949908,0.0,3263.7103568932584,125.96276879310608,0.0,15493.452266926326,159.078346337203,0.0,0.0029899409535079587,3.408458382042913,cf8c88c,32a0ac1daca4dae772c0c1061b1a8032792fdbb581e1cba54a6c9c0fb70649ce,audits/paper_extras/v4_runs/v1/sweep_seed505_det.json,audits/paper_extras/v4_runs/v2/bench2_seed505_det.json
505,det,rl_mean_fixed,6,48,418.20596688635567,867.9369469770397,0.4818391109434115,0,55,0.0,3.9378549532287366e-08,KHONG CO,KHONG CO,4169.098053904795,0.0,3366.284904272103,125.96276879310608,0.0,15571.480934768651,105.36944607094141,0.0,0.0030696875957546017,3.6174219268274657,cf8c88c,32a0ac1daca4dae772c0c1061b1a8032792fdbb581e1cba54a6c9c0fb70649ce,audits/paper_extras/v4_runs/v1/sweep_seed505_det.json,audits/paper_extras/v4_runs/v2/bench2_seed505_det.json
505,det,rl_mean_fixed,7,49,430.62495860899315,881.8669452662303,0.488310578960401,0,51,0.0,0.0,KHONG CO,KHONG CO,4142.549508065419,0.0,3344.941832846321,125.96276879310608,0.0,15264.640886906936,407.0040195190536,0.0,0.0029086382058716876,3.185492848602336,cf8c88c,32a0ac1daca4dae772c0c1061b1a8032792fdbb581e1cba54a6c9c0fb70649ce,audits/paper_extras/v4_runs/v1/sweep_seed505_det.json,audits/paper_extras/v4_runs/v2/bench2_seed505_det.json
505,det,rl_mean_fixed,8,50,433.7364378509084,859.1579773884807,0.504838981032691,0,51,0.0,0.0,KHONG CO,KHONG CO,4105.472031088811,0.0,3315.0032639640426,125.96276879310612,0.0,15604.584903617533,59.92109471413026,0.0,0.0029086382058716876,3.4666730622090522,cf8c88c,32a0ac1daca4dae772c0c1061b1a8032792fdbb581e1cba54a6c9c0fb70649ce,audits/paper_extras/v4_runs/v1/sweep_seed505_det.json,audits/paper_extras/v4_runs/v2/bench2_seed505_det.json
505,det,rl_mean_fixed,9,51,387.7747934540458,821.8109624951443,0.471854004328078,0,55,0.0,0.0,KHONG CO,KHONG CO,4033.2950828520547,0.0,3256.5649932700694,125.96276879310608,0.0,15615.915696185652,34.85162460322637,0.0,0.0030696875957546012,3.732546917340099,cf8c88c,32a0ac1daca4dae772c0c1061b1a8032792fdbb581e1cba54a6c9c0fb70649ce,audits/paper_extras/v4_runs/v1/sweep_seed505_det.json,audits/paper_extras/v4_runs/v2/bench2_seed505_det.json
505,det,flat_pit0.10_cit0,0,42,375.2461581670014,839.3800809212189,0.44705154041202533,0,47,0.6666666666666666,-0.39453290531835433,KHONG CO,KHONG CO,7006.290663502623,125.50026736301487,5748.740218859845,125.96276879310606,0.0,15685.724548280425,571.3633949322431,0.0,0.0027411128649022167,3.1377171598767593,cf8c88c,32a0ac1daca4dae772c0c1061b1a8032792fdbb581e1cba54a6c9c0fb70649ce,audits/paper_extras/v4_runs/v1/sweep_seed505_det.json,audits/paper_extras/v4_runs/v2/bench2_seed505_det.json
505,det,flat_pit0.10_cit0,1,43,437.780771150925,914.6141931519819,0.4786507517910109,0,52,0.7458333333333333,-0.4578413195531008,KHONG CO,KHONG CO,6905.101476747602,110.30292338709137,5653.748099905213,125.96276879310608,0.0,15617.936501868224,617.7570295681654,0.0,0.0029494878790743023,2.805234876981234,cf8c88c,32a0ac1daca4dae772c0c1061b1a8032792fdbb581e1cba54a6c9c0fb70649ce,audits/paper_extras/v4_runs/v1/sweep_seed505_det.json,audits/paper_extras/v4_runs/v2/bench2_seed505_det.json
505,det,flat_pit0.10_cit0,2,44,314.1874567834792,961.4713937471574,0.326777747967094,0,76,0.7541666666666667,-0.43361690342535186,KHONG CO,KHONG CO,7139.574331353803,124.36438520988516,5844.534086676053,125.96276879310608,1.5803716331720352,16139.028822923792,152.83266653755229,0.0,0.003992465610200933,2.9322058696348554,cf8c88c,32a0ac1daca4dae772c0c1061b1a8032792fdbb581e1cba54a6c9c0fb70649ce,audits/paper_extras/v4_runs/v1/sweep_seed505_det.json,audits/paper_extras/v4_runs/v2/bench2_seed505_det.json
505,det,flat_pit0.10_cit0,3,45,356.29911527429897,873.1409968385308,0.4080659556296027,0,48,0.8041666666666667,-0.500095564778963,KHONG CO,KHONG CO,6754.709554806691,125.09973268703457,5544.846617301866,127.01245853304863,3.863130658864975,15629.050818974836,575.036262025114,0.0,0.0036764870145620807,2.9571624990881835,cf8c88c,32a0ac1daca4dae772c0c1061b1a8032792fdbb581e1cba54a6c9c0fb70649ce,audits/paper_extras/v4_runs/v1/sweep_seed505_det.json,audits/paper_extras/v4_runs/v2/bench2_seed505_det.json
505,det,flat_pit0.10_cit0,4,46,284.728107279767,819.4896489944138,0.3474456420885286,0,51,0.7333333333333333,-0.5962159739832302,KHONG CO,KHONG CO,7223.6943577374295,139.09200052529823,5918.2713556561275,127.01245853304853,2.8680818527936935,16065.028441376498,249.60602084424045,0.0,0.0034449418362347242,3.306029801558436,cf8c88c,32a0ac1daca4dae772c0c1061b1a8032792fdbb581e1cba54a6c9c0fb70649ce,audits/paper_extras/v4_runs/v1/sweep_seed505_det.json,audits/paper_extras/v4_runs/v2/bench2_seed505_det.json
505,det,flat_pit0.10_cit0,5,47,321.30903285678426,888.1309043684182,0.3617811645517264,0,67,0.7666666666666667,-0.6985062712059268,KHONG CO,KHONG CO,7221.163494658841,123.55170674251289,5904.01111585187,125.9627687931061,0.0,16079.25723066821,235.48408608816752,0.0,0.003518548658645468,3.0903459024043607,cf8c88c,32a0ac1daca4dae772c0c1061b1a8032792fdbb581e1cba54a6c9c0fb70649ce,audits/paper_extras/v4_runs/v1/sweep_seed505_det.json,audits/paper_extras/v4_runs/v2/bench2_seed505_det.json
505,det,flat_pit0.10_cit0,6,48,264.8356867244935,844.3296028281027,0.31366386519840106,1,51,0.7375,-0.45390636081734714,KHONG CO,KHONG CO,7042.668425447719,146.82388182279402,5790.489622390791,125.96276879310608,8.464668497010024,16134.273125159652,130.50917176052963,0.0,0.004483482014850545,3.2362367006543447,cf8c88c,32a0ac1daca4dae772c0c1061b1a8032792fdbb581e1cba54a6c9c0fb70649ce,audits/paper_extras/v4_runs/v1/sweep_seed505_det.json,audits/paper_extras/v4_runs/v2/bench2_seed505_det.json
505,det,flat_pit0.10_cit0,7,49,395.68704329553844,873.5053588072046,0.45298753957944793,0,50,0.6416666666666667,-0.3450065353286133,KHONG CO,KHONG CO,6679.560420691585,113.1019942803051,5474.53163615802,125.96276879310608,0.0,15784.322740603246,407.8452694175333,0.0,0.0028673840804591465,2.983516186268129,cf8c88c,32a0ac1daca4dae772c0c1061b1a8032792fdbb581e1cba54a6c9c0fb70649ce,audits/paper_extras/v4_runs/v1/sweep_seed505_det.json,audits/paper_extras/v4_runs/v2/bench2_seed505_det.json
505,det,flat_pit0.10_cit0,8,50,382.29480232144556,849.5504966903812,0.4499965614884137,0,52,0.7375,-0.6300000093877316,KHONG CO,KHONG CO,7045.525447656424,118.59900739987286,5774.395598025325,125.96276879310606,1.9315653294324875,15641.07464777421,620.759875134225,0.0,0.0033579846111004455,3.1193580779286987,cf8c88c,32a0ac1daca4dae772c0c1061b1a8032792fdbb581e1cba54a6c9c0fb70649ce,audits/paper_extras/v4_runs/v1/sweep_seed505_det.json,audits/paper_extras/v4_runs/v2/bench2_seed505_det.json
505,det,flat_pit0.10_cit0,9,51,301.90138813266645,816.0743534783459,0.36994348228917506,3,57,0.7833333333333333,-0.5816694269048855,KHONG CO,KHONG CO,7690.443781091473,136.67905732316834,6296.775421343704,135.40997645258904,6.789744794368744,16109.936828349628,278.67332872686103,0.0,0.004721598658594072,3.4938017295955026,cf8c88c,32a0ac1daca4dae772c0c1061b1a8032792fdbb581e1cba54a6c9c0fb70649ce,audits/paper_extras/v4_runs/v1/sweep_seed505_det.json,audits/paper_extras/v4_runs/v2/bench2_seed505_det.json
505,det,flat_pit0.20_cit0,0,42,253.57771234111786,839.9621559384282,0.301891829945379,8,48,0.8291666666666667,-1.0116507471174563,KHONG CO,KHONG CO,12815.500699500471,227.78273637952068,10512.903693246473,169.00004813075066,56.684255661202606,16757.83933527475,549.2966884057305,0.0,0.011811877723546462,2.9972441912796386,cf8c88c,32a0ac1daca4dae772c0c1061b1a8032792fdbb581e1cba54a6c9c0fb70649ce,audits/paper_extras/v4_runs/v1/sweep_seed505_det.json,audits/paper_extras/v4_runs/v2/bench2_seed505_det.json
505,det,flat_pit0.20_cit0,1,43,294.8405252144808,872.4862148237429,0.33793144258908847,4,47,0.8458333333333333,-1.3220999323940537,KHONG CO,KHONG CO,13038.411553026564,204.49964244385424,10672.447030161577,130.68637262284756,20.424566110342692,16695.14224628619,725.5972437634933,0.0,0.006336939757563206,2.765047856228668,cf8c88c,32a0ac1daca4dae772c0c1061b1a8032792fdbb581e1cba54a6c9c0fb70649ce,audits/paper_extras/v4_runs/v1/sweep_seed505_det.json,audits/paper_extras/v4_runs/v2/bench2_seed505_det.json
505,det,flat_pit0.20_cit0,2,44,231.7848598658548,901.5070565912005,0.25710820361438447,7,61,0.85,-1.2600000187754636,KHONG CO,KHONG CO,13526.967761343993,243.5510154242771,11054.638877042993,162.17706482112408,53.70134888127115,17210.624427349787,290.9160081130024,0.0,0.011931650030977207,2.9026351413950624,cf8c88c,32a0ac1daca4dae772c0c1061b1a8032792fdbb581e1cba54a6c9c0fb70649ce,audits/paper_extras/v4_runs/v1/sweep_seed505_det.json,audits/paper_extras/v4_runs/v2/bench2_seed505_det.json
505,det,flat_pit0.20_cit0,3,45,272.68719474469486,910.1568296437248,0.2996046240200566,9,65,0.8583333333333333,-1.2600000187754636,KHONG CO,KHONG CO,13924.726050379093,244.35053808686385,11397.588578857334,169.00004813075066,61.057261910266085,17142.883578989724,400.57152937058584,0.0,0.012254612860748193,2.9583367435264507,cf8c88c,32a0ac1daca4dae772c0c1061b1a8032792fdbb581e1cba54a6c9c0fb70649ce,audits/paper_extras/v4_runs/v1/sweep_seed505_det.json,audits/paper_extras/v4_runs/v2/bench2_seed505_det.json
505,det,flat_pit0.20_cit0,4,46,250.45209722091195,791.0290487482973,0.316615549855243,13,47,0.8958333333333334,-2.4822412870595203,KHONG CO,KHONG CO,14726.997832125664,295.2966228171782,12112.764167837317,233.03112226724625,106.19806007753692,17061.533577611983,512.1456269036506,0.0,0.01995835113386973,3.363711186581696,cf8c88c,32a0ac1daca4dae772c0c1061b1a8032792fdbb581e1cba54a6c9c0fb70649ce,audits/paper_extras/v4_runs/v1/sweep_seed505_det.json,audits/paper_extras/v4_runs/v2/bench2_seed505_det.json
505,det,flat_pit0.20_cit0,5,47,232.50764403187458,856.85264472325,0.27135079230218273,9,57,0.875,-1.5266484947277437,KHONG CO,KHONG CO,13821.949172302635,227.5857130172757,11298.417990938206,180.5466352701187,63.790556154340926,17114.276787042472,394.51712043324267,0.0,0.013508251987556804,3.025028389690119,cf8c88c,32a0ac1daca4dae772c0c1061b1a8032792fdbb581e1cba54a6c9c0fb70649ce,audits/paper_extras/v4_runs/v1/sweep_seed505_det.json,audits/paper_extras/v4_runs/v2/bench2_seed505_det.json
505,det,flat_pit0.20_cit0,6,48,256.64152585158394,847.8713308160075,0.30268923659040015,9,57,0.8375,-1.4186832198134391,KHONG CO,KHONG CO,14243.49885173926,290.06477878129704,11685.370612543307,178.9721006602049,54.92749263821608,17151.356915205743,464.88555716806763,0.0,0.012802335238748352,3.2336989159866554,cf8c88c,32a0ac1daca4dae772c0c1061b1a8032792fdbb581e1cba54a6c9c0fb70649ce,audits/paper_extras/v4_runs/v1/sweep_seed505_det.json,audits/paper_extras/v4_runs/v2/bench2_seed505_det.json
505,det,flat_pit0.20_cit0,7,49,275.5029941270247,859.6423946630532,0.3204855831185609,6,48,0.8083333333333333,-1.1854369286669695,KHONG CO,KHONG CO,13008.375141001032,222.5778374437801,10664.367667733653,153.77954690158367,33.05745108236222,16797.38200369655,583.9128271505555,0.0,0.008889268757286977,2.9490480011557016,cf8c88c,32a0ac1daca4dae772c0c1061b1a8032792fdbb581e1cba54a6c9c0fb70649ce,audits/paper_extras/v4_runs/v1/sweep_seed505_det.json,audits/paper_extras/v4_runs/v2/bench2_seed505_det.json
505,det,flat_pit0.20_cit0,8,50,201.3007550279016,850.4641847487889,0.23669515852376788,3,50,0.8916666666666667,-1.7536161296153319,KHONG CO,KHONG CO,13267.951976824314,229.40072536898523,10864.794547566782,131.7360623627901,14.918858609839372,17178.652929382602,308.20541079434713,0.0,0.005527242695169388,3.0380454087213997,cf8c88c,32a0ac1daca4dae772c0c1061b1a8032792fdbb581e1cba54a6c9c0fb70649ce,audits/paper_extras/v4_runs/v1/sweep_seed505_det.json,audits/paper_extras/v4_runs/v2/bench2_seed505_det.json
505,det,flat_pit0.20_cit0,9,51,238.70861272613925,804.3443846638385,0.2967741396316247,13,55,0.8708333333333333,-1.899190903529052,KHONG CO,KHONG CO,15135.21223291034,290.1676680646899,12385.55258998619,197.8665159791708,72.91824561887658,17150.849924055536,621.7950665622283,0.0,0.014481250027520477,3.467671264841013,cf8c88c,32a0ac1daca4dae772c0c1061b1a8032792fdbb581e1cba54a6c9c0fb70649ce,audits/paper_extras/v4_runs/v1/sweep_seed505_det.json,audits/paper_extras/v4_runs/v2/bench2_seed505_det.json
505,det,flat_pit0.30_cit0,0,42,224.07508561590925,792.5331618413242,0.28273275669034037,27,47,0.875,-2.3595292541641006,KHONG CO,KHONG CO,19383.551110166423,352.0056551660559,15497.00344130077,252.9752273261547,147.57246511127093,17762.834271394204,81.34452297820958,0.0,0.0258703112311326,3.0599545218832485,cf8c88c,32a0ac1daca4dae772c0c1061b1a8032792fdbb581e1cba54a6c9c0fb70649ce,audits/paper_extras/v4_runs/v1/sweep_seed505_det.json,audits/paper_extras/v4_runs/v2/bench2_seed505_det.json
505,det,flat_pit0.30_cit0,1,43,211.20681086798638,862.3209462433582,0.24492830863971737,22,57,0.9083333333333333,-2.9366988950149486,KHONG CO,KHONG CO,19764.75210166913,320.8362545397873,16100.744718713217,237.75472609698772,121.77459847008704,18196.252381086648,437.47912794490355,0.0,0.021406003740245157,2.799903174380361,cf8c88c,32a0ac1daca4dae772c0c1061b1a8032792fdbb581e1cba54a6c9c0fb70649ce,audits/paper_extras/v4_runs/v1/sweep_seed505_det.json,audits/paper_extras/v4_runs/v2/bench2_seed505_det.json
505,det,flat_pit0.30_cit0,2,44,215.94867822596137,827.3394772776378,0.2610158032547183,34,53,0.8875,-2.3520773196865186,KHONG CO,KHONG CO,19307.56992060914,373.9703657109735,14669.333710804574,254.5497619360685,101.06050373768316,17708.50569935405,17.493992267405236,62.03010480762611,0.02568079371488998,2.867884470860924,cf8c88c,32a0ac1daca4dae772c0c1061b1a8032792fdbb581e1cba54a6c9c0fb70649ce,audits/paper_extras/v4_runs/v1/sweep_seed505_det.json,audits/paper_extras/v4_runs/v2/bench2_seed505_det.json
505,det,flat_pit0.30_cit0,3,45,209.76916556585655,876.6358665740348,0.23928882397391715,20,58,0.8916666666666667,-2.624915055549059,KHONG CO,KHONG CO,19833.77445257356,359.8421449774584,16245.530795301893,283.4162297844887,159.01698769897598,18142.735158810057,369.1741057681491,0.0,0.027237274201368802,2.9224597508028407,cf8c88c,32a0ac1daca4dae772c0c1061b1a8032792fdbb581e1cba54a6c9c0fb70649ce,audits/paper_extras/v4_runs/v1/sweep_seed505_det.json,audits/paper_extras/v4_runs/v2/bench2_seed505_det.json
505,det,flat_pit0.30_cit0,4,46,196.3350917184723,735.4183922264945,0.26697060312030507,31,51,0.9083333333333333,-4.104783330655574,KHONG CO,KHONG CO,21160.025651562846,575.2961485345024,16595.096473677095,290.76405796408653,173.11862660460568,18098.34913175952,12.824565855096019,429.24964691239455,0.029784122808388113,3.357741641725413,cf8c88c,32a0ac1daca4dae772c0c1061b1a8032792fdbb581e1cba54a6c9c0fb70649ce,audits/paper_extras/v4_runs/v1/sweep_seed505_det.json,audits/paper_extras/v4_runs/v2/bench2_seed505_det.json
505,det,flat_pit0.30_cit0,5,47,222.77520719628947,832.1490828793086,0.26771069244643975,25,57,0.9125,-3.4517230205120764,KHONG CO,KHONG CO,20756.789046385955,408.0734540071392,17027.787413534286,288.13983361423016,172.35256696021997,18124.6278067535,558.8162527096058,0.0,0.02811586352664074,3.073807675833237,cf8c88c,32a0ac1daca4dae772c0c1061b1a8032792fdbb581e1cba54a6c9c0fb70649ce,audits/paper_extras/v4_runs/v1/sweep_seed505_det.json,audits/paper_extras/v4_runs/v2/bench2_seed505_det.json
505,det,flat_pit0.30_cit0,6,48,246.71096584076128,820.8499014678886,0.3005555161785112,28,61,0.8791666666666667,-3.213016894132095,KHONG CO,KHONG CO,21596.89219458874,551.5804374753355,17796.329506657647,336.4255616515875,190.4474682288882,18139.91960313784,694.5686298551643,0.0,0.03046806660260353,3.2930276857755474,cf8c88c,32a0ac1daca4dae772c0c1061b1a8032792fdbb581e1cba54a6c9c0fb70649ce,audits/paper_extras/v4_runs/v1/sweep_seed505_det.json,audits/paper_extras/v4_runs/v2/bench2_seed505_det.json
505,det,flat_pit0.30_cit0,7,49,220.98432089283452,833.3685053868869,0.26516999318356016,19,49,0.8625,-2.1988856586380248,KHONG CO,KHONG CO,18911.60399761125,327.3300261575686,15320.166268637227,234.60565687716007,114.96719182018289,17816.087166219055,16.44190641360531,257.1218323558805,0.021188338957876654,2.942281134555,cf8c88c,32a0ac1daca4dae772c0c1061b1a8032792fdbb581e1cba54a6c9c0fb70649ce,audits/paper_extras/v4_runs/v1/sweep_seed505_det.json,audits/paper_extras/v4_runs/v2/bench2_seed505_det.json
505,det,flat_pit0.30_cit0,8,50,174.6727118974324,788.0093895977349,0.22166323676244493,26,50,0.9083333333333333,-3.2492625128653927,KHONG CO,KHONG CO,19970.23668760774,384.68812894170475,15734.806474010149,256.12429654598236,96.8806774752812,18217.041550288282,53.914861909119594,0.0,0.023375138635309545,3.0985015550722355,cf8c88c,32a0ac1daca4dae772c0c1061b1a8032792fdbb581e1cba54a6c9c0fb70649ce,audits/paper_extras/v4_runs/v1/sweep_seed505_det.json,audits/paper_extras/v4_runs/v2/bench2_seed505_det.json
505,det,flat_pit0.30_cit0,9,51,171.5190349605855,746.4262544662663,0.22978698020641108,35,54,0.8958333333333334,-3.739844402794192,KHONG CO,KHONG CO,20439.33703900335,533.5369302985325,16203.98734387154,307.03424893319607,179.5213439198541,18200.96691950791,87.49213109402575,0.0,0.033190138798718474,3.38990233879624,cf8c88c,32a0ac1daca4dae772c0c1061b1a8032792fdbb581e1cba54a6c9c0fb70649ce,audits/paper_extras/v4_runs/v1/sweep_seed505_det.json,audits/paper_extras/v4_runs/v2/bench2_seed505_det.json
505,det,flat_pit0.50_cit0,0,42,183.22286126951965,677.261543181301,0.27053486664674153,50,44,0.9166666666666666,-7.158238703507353,KHONG CO,KHONG CO,25108.153423068077,867.0045422917694,20298.299574092136,298.1118861436844,182.7602618619878,12826.629691037126,19.37933132326486,664.1280460869636,0.041794951970340326,2.7249105044755924,cf8c88c,32a0ac1daca4dae772c0c1061b1a8032792fdbb581e1cba54a6c9c0fb70649ce,audits/paper_extras/v4_runs/v1/sweep_seed505_det.json,audits/paper_extras/v4_runs/v2/bench2_seed505_det.json
505,det,flat_pit0.50_cit0,1,43,226.46572516235574,687.9611589214556,0.32918388229561557,48,40,0.925,-6.931684305617846,KHONG CO,KHONG CO,24742.71888735815,676.2806177125921,19634.53366138497,287.0901438742876,165.37303628171222,13305.886484014476,530.698221273593,0.0,0.039664678285964025,2.494239616802546,cf8c88c,32a0ac1daca4dae772c0c1061b1a8032792fdbb581e1cba54a6c9c0fb70649ce,audits/paper_extras/v4_runs/v1/sweep_seed505_det.json,audits/paper_extras/v4_runs/v2/bench2_seed505_det.json
505,det,flat_pit0.50_cit0,2,44,191.41094532406552,875.6380199496157,0.2185959734081434,63,65,0.9125,-7.073791486019529,KHONG CO,KHONG CO,28667.736460142605,866.2695732375075,23745.66930115488,300.2112656235695,214.7580835271394,15737.746467320798,536.9584636716581,0.0,0.03968161329668371,2.635511679809703,cf8c88c,32a0ac1daca4dae772c0c1061b1a8032792fdbb581e1cba54a6c9c0fb70649ce,audits/paper_extras/v4_runs/v1/sweep_seed505_det.json,audits/paper_extras/v4_runs/v2/bench2_seed505_det.json
505,det,flat_pit0.50_cit0,3,45,167.4625135122902,713.5944810597151,0.234674619769483,51,44,0.9166666666666666,-7.851895054097868,KHONG CO,KHONG CO,26142.484565100567,889.319681572186,20438.190583974847,314.3820771127939,183.79871829404755,15727.739743347178,21.52548391097028,1659.8093260374774,0.04404181803235076,2.716845267478071,cf8c88c,32a0ac1daca4dae772c0c1061b1a8032792fdbb581e1cba54a6c9c0fb70649ce,audits/paper_extras/v4_runs/v1/sweep_seed505_det.json,audits/paper_extras/v4_runs/v2/bench2_seed505_det.json
505,det,flat_pit0.50_cit0,4,46,183.95654893686202,581.5974393881091,0.3162953212627625,58,38,0.925,-9.326021536015626,KHONG CO,KHONG CO,25618.99915090204,1097.8012125983626,20011.51396203969,326.9783539921046,213.83745283302883,13184.209858395998,14.488565897799893,3549.8417738066505,0.048159213860656906,2.908692909226979,cf8c88c,32a0ac1daca4dae772c0c1061b1a8032792fdbb581e1cba54a6c9c0fb70649ce,audits/paper_extras/v4_runs/v1/sweep_seed505_det.json,audits/paper_extras/v4_runs/v2/bench2_seed505_det.json
505,det,flat_pit0.50_cit0,5,47,171.59931779075066,731.6788175091041,0.23452820238111582,61,59,0.9291666666666667,-7.854611610206899,KHONG CO,KHONG CO,27098.137590829105,915.1503039236576,21392.751535326115,338.5249411314726,189.3810907549363,14704.317292294027,22.811828461793574,140.58423273736912,0.043564024233176527,2.702803145549113,cf8c88c,32a0ac1daca4dae772c0c1061b1a8032792fdbb581e1cba54a6c9c0fb70649ce,audits/paper_extras/v4_runs/v1/sweep_seed505_det.json,audits/paper_extras/v4_runs/v2/bench2_seed505_det.json
505,det,flat_pit0.50_cit0,6,48,171.81993167236502,682.9187568368001,0.2515964453344566,55,50,0.9166666666666666,-9.252266508025677,KHONG CO,KHONG CO,27319.14429247468,1183.3080743634912,21619.682550179885,323.3044399023056,219.9317318496421,15263.936901124896,61.91662680193621,0.0,0.046199389153019195,2.9748171790689355,cf8c88c,32a0ac1daca4dae772c0c1061b1a8032792fdbb581e1cba54a6c9c0fb70649ce,audits/paper_extras/v4_runs/v1/sweep_seed505_det.json,audits/paper_extras/v4_runs/v2/bench2_seed505_det.json
505,det,flat_pit0.50_cit0,7,49,162.8515185519948,645.7172845128849,0.2522025079053698,48,38,0.9083333333333333,-6.496435027885173,KHONG CO,KHONG CO,22733.317030916172,774.3047106803591,17679.027654005262,297.06219640374184,131.4552468808285,11873.858090707417,18.94193967143906,998.2212525732544,0.04421877256993271,2.5336085619404316,cf8c88c,32a0ac1daca4dae772c0c1061b1a8032792fdbb581e1cba54a6c9c0fb70649ce,audits/paper_extras/v4_runs/v1/sweep_seed505_det.json,audits/paper_extras/v4_runs/v2/bench2_seed505_det.json
505,det,flat_pit0.50_cit0,8,50,192.613710061889,637.4963161614261,0.3021408989806862,50,33,0.925,-8.77858016449297,KHONG CO,KHONG CO,24867.11011072657,976.1744322065351,20843.457076725714,294.43797205388546,220.02511733696485,12809.21306333848,685.6305355227246,0.0,0.04303194416625776,2.7609010272035115,cf8c88c,32a0ac1daca4dae772c0c1061b1a8032792fdbb581e1cba54a6c9c0fb70649ce,audits/paper_extras/v4_runs/v1/sweep_seed505_det.json,audits/paper_extras/v4_runs/v2/bench2_seed505_det.json
505,det,flat_pit0.50_cit0,9,51,168.04601357837785,556.2762862267531,0.3020909172998214,47,30,0.9208333333333333,-9.90544181581907,KHONG CO,KHONG CO,24465.46685652578,1033.9396288774915,18797.563662500506,284.4659195244313,137.05456256245245,10309.485674243733,17.0543400897008,1063.2877346379871,0.03777458050614695,2.8316856992128994,cf8c88c,32a0ac1daca4dae772c0c1061b1a8032792fdbb581e1cba54a6c9c0fb70649ce,audits/paper_extras/v4_runs/v1/sweep_seed505_det.json,audits/paper_extras/v4_runs/v2/bench2_seed505_det.json
505,det,flat_pit0_cit0.10,0,42,489.2261891996255,876.096316877331,0.5584159866615737,0,60,0.0,2.8010289643276565e-08,KHONG CO,KHONG CO,3233.1460626040307,0.0,2610.476054102139,125.96276879310608,0.0,15165.740359812151,330.96687989662354,0.0,0.0032626219163106357,3.417126472565822,cf8c88c,32a0ac1daca4dae772c0c1061b1a8032792fdbb581e1cba54a6c9c0fb70649ce,audits/paper_extras/v4_runs/v1/sweep_seed505_det.json,audits/paper_extras/v4_runs/v2/bench2_seed505_det.json
505,det,flat_pit0_cit0.10,1,43,511.513428093242,887.9711057529719,0.5760473789960705,0,46,0.0,0.018542881717988235,KHONG CO,KHONG CO,3187.7754424050754,0.0,2573.960372306275,125.96276879310608,0.0,15107.95850044913,379.89380085656927,0.0,0.0026981575384417357,3.042700020356892,cf8c88c,32a0ac1daca4dae772c0c1061b1a8032792fdbb581e1cba54a6c9c0fb70649ce,audits/paper_extras/v4_runs/v1/sweep_seed505_det.json,audits/paper_extras/v4_runs/v2/bench2_seed505_det.json
505,det,flat_pit0_cit0.10,2,44,422.824261272969,912.7293374071594,0.4632526247859078,0,70,0.0,0.0,KHONG CO,KHONG CO,3218.879250444029,0.0,2598.892501056185,125.96276879310608,0.0,15166.694623722982,327.32935687175484,0.0,0.003623595620933207,3.18399457103408,cf8c88c,32a0ac1daca4dae772c0c1061b1a8032792fdbb581e1cba54a6c9c0fb70649ce,audits/paper_extras/v4_runs/v1/sweep_seed505_det.json,audits/paper_extras/v4_runs/v2/bench2_seed505_det.json
505,det,flat_pit0_cit0.10,3,45,487.4762731762652,914.0755022337573,0.5332997897711982,0,59,0.0,2.1534818372970221e-10,KHONG CO,KHONG CO,3270.8475962623056,0.0,2641.0039605991137,125.96276879310608,0.0,15083.116811997092,420.7640548729951,0.0,0.0032247431284318476,3.1967095449022325,cf8c88c,32a0ac1daca4dae772c0c1061b1a8032792fdbb581e1cba54a6c9c0fb70649ce,audits/paper_extras/v4_runs/v1/sweep_seed505_det.json,audits/paper_extras/v4_runs/v2/bench2_seed505_det.json
505,det,flat_pit0_cit0.10,4,46,394.72979362113944,828.2527311678346,0.4765813365499819,0,51,0.0,1.8145519531387322e-08,KHONG CO,KHONG CO,3181.1506453179213,0.0,2565.1152989871825,125.96276879310614,0.0,15504.548746284598,0.0,14.476168746962681,0.0029086382058716876,3.6067385458453733,cf8c88c,32a0ac1daca4dae772c0c1061b1a8032792fdbb581e1cba54a6c9c0fb70649ce,audits/paper_extras/v4_runs/v1/sweep_seed505_det.json,audits/paper_extras/v4_runs/v2/bench2_seed505_det.json
505,det,flat_pit0_cit0.10,5,47,443.61695162872235,863.1093436907054,0.5139753785213246,0,50,0.0,5.291627136472243e-10,KHONG CO,KHONG CO,3228.9884086640327,0.0,2606.4563332318685,125.9627687931061,0.0,15498.912816765449,0.0,2.343510126393929,0.0028673840804591465,3.3546187674880295,cf8c88c,32a0ac1daca4dae772c0c1061b1a8032792fdbb581e1cba54a6c9c0fb70649ce,audits/paper_extras/v4_runs/v1/sweep_seed505_det.json,audits/paper_extras/v4_runs/v2/bench2_seed505_det.json
505,det,flat_pit0_cit0.10,6,48,419.77144998696895,865.6542666094962,0.4849181320749284,0,55,0.0,1.3706038970440204e-08,KHONG CO,KHONG CO,3272.470183879272,0.0,2642.343392811833,125.96276879310608,0.0,15056.169416227403,447.99460604692456,0.0,0.0030696875957546017,3.523326347939206,cf8c88c,32a0ac1daca4dae772c0c1061b1a8032792fdbb581e1cba54a6c9c0fb70649ce,audits/paper_extras/v4_runs/v1/sweep_seed505_det.json,audits/paper_extras/v4_runs/v2/bench2_seed505_det.json
505,det,flat_pit0_cit0.10,7,49,409.5626843846625,881.6107199301991,0.46456182431299076,0,50,0.0,0.00040680413061799925,KHONG CO,KHONG CO,3307.1625402097206,0.0,2670.4005123491934,125.96276879310605,0.0,15249.854453699336,260.9448053680875,0.0,0.0028673840804591465,3.1208424206302294,cf8c88c,32a0ac1daca4dae772c0c1061b1a8032792fdbb581e1cba54a6c9c0fb70649ce,audits/paper_extras/v4_runs/v1/sweep_seed505_det.json,audits/paper_extras/v4_runs/v2/bench2_seed505_det.json
505,det,flat_pit0_cit0.10,8,50,443.4916496023986,858.545541935263,0.5165615892695873,0,54,0.0,1.13651354993749e-09,KHONG CO,KHONG CO,3231.1818840950195,0.0,2609.045881063368,125.96276879310608,0.0,15108.134138164934,388.0390960736136,0.0,0.0030300050560720616,3.389437762085012,cf8c88c,32a0ac1daca4dae772c0c1061b1a8032792fdbb581e1cba54a6c9c0fb70649ce,audits/paper_extras/v4_runs/v1/sweep_seed505_det.json,audits/paper_extras/v4_runs/v2/bench2_seed505_det.json
505,det,flat_pit0_cit0.10,9,51,392.4937316138185,812.6162691343529,0.4830000905986366,0,51,0.0,0.0,KHONG CO,KHONG CO,3174.7488164584083,0.0,2563.367099562833,125.96276879310608,0.0,15137.452307122032,347.96664098044243,0.0,0.0029086382058716876,3.6590867017840614,cf8c88c,32a0ac1daca4dae772c0c1061b1a8032792fdbb581e1cba54a6c9c0fb70649ce,audits/paper_extras/v4_runs/v1/sweep_seed505_det.json,audits/paper_extras/v4_runs/v2/bench2_seed505_det.json
505,det,flat_pit0_cit0.20,0,42,475.62447673076923,862.1866504768971,0.5516490848793465,0,52,0.0,6.192846502273142e-08,KHONG CO,KHONG CO,7314.24095588124,0.0,5905.634962512216,125.96276879310606,0.0,16128.441999702445,154.20122487347317,0.0,0.002949487879074302,3.722430148298434,cf8c88c,32a0ac1daca4dae772c0c1061b1a8032792fdbb581e1cba54a6c9c0fb70649ce,audits/paper_extras/v4_runs/v1/sweep_seed505_det.json,audits/paper_extras/v4_runs/v2/bench2_seed505_det.json
505,det,flat_pit0_cit0.20,1,43,523.445795538152,903.4049716103273,0.5794143401769256,0,47,0.0,0.0003437923448788016,KHONG CO,KHONG CO,7216.19755789844,0.0,5826.724555533836,125.96276879310608,0.0,16095.37122807276,168.13900549873793,0.0,0.002741112864902217,3.30963522344004,cf8c88c,32a0ac1daca4dae772c0c1061b1a8032792fdbb581e1cba54a6c9c0fb70649ce,audits/paper_extras/v4_runs/v1/sweep_seed505_det.json,audits/paper_extras/v4_runs/v2/bench2_seed505_det.json
505,det,flat_pit0_cit0.20,2,44,451.54636325601655,888.8567455475121,0.5080080288729496,0,54,0.0,2.572394297573055e-09,KHONG CO,KHONG CO,7273.058164722469,0.0,5872.493981829492,125.96276879310608,0.0,16164.1966876654,110.40472643446734,0.0,0.003030005056072061,3.4472018873878625,cf8c88c,32a0ac1daca4dae772c0c1061b1a8032792fdbb581e1cba54a6c9c0fb70649ce,audits/paper_extras/v4_runs/v1/sweep_seed505_det.json,audits/paper_extras/v4_runs/v2/bench2_seed505_det.json
505,det,flat_pit0_cit0.20,3,45,481.55260415960504,907.2314586215059,0.5307935473173525,0,53,0.0,8.1712345778584e-09,KHONG CO,KHONG CO,7397.320568139312,0.0,5972.880479604348,125.96276879310611,0.0,16055.476026525657,243.00129321619787,0.0,0.002989940953507959,3.4862315352151954,cf8c88c,32a0ac1daca4dae772c0c1061b1a8032792fdbb581e1cba54a6c9c0fb70649ce,audits/paper_extras/v4_runs/v1/sweep_seed505_det.json,audits/paper_extras/v4_runs/v2/bench2_seed505_det.json
505,det,flat_pit0_cit0.20,4,46,406.8249384400313,851.982465534089,0.47750388640334485,0,58,0.0,0.0,KHONG CO,KHONG CO,7070.674435452028,0.0,5709.217610059792,125.96276879310608,0.0,15975.02400251271,260.470054086425,0.0,0.003186516828737658,3.901883326221663,cf8c88c,32a0ac1daca4dae772c0c1061b1a8032792fdbb581e1cba54a6c9c0fb70649ce,audits/paper_extras/v4_runs/v1/sweep_seed505_det.json,audits/paper_extras/v4_runs/v2/bench2_seed505_det.json
505,det,flat_pit0_cit0.20,5,47,492.5361927121401,878.291624052019,0.5607888988395595,0,56,0.0,0.0,KHONG CO,KHONG CO,7208.515357290992,0.0,5820.310438793782,125.96276879310608,0.0,15993.558291704187,268.6838579999255,0.0,0.0031089957718552306,3.65644159840903,cf8c88c,32a0ac1daca4dae772c0c1061b1a8032792fdbb581e1cba54a6c9c0fb70649ce,audits/paper_extras/v4_runs/v1/sweep_seed505_det.json,audits/paper_extras/v4_runs/v2/bench2_seed505_det.json
505,det,flat_pit0_cit0.20,6,48,424.9549080703078,866.0120254143075,0.49070324152485734,0,54,0.0,2.2924909015564765e-07,KHONG CO,KHONG CO,7403.893378301194,0.0,5978.283332007527,125.96276879310608,0.0,16054.224358522002,245.42291897855915,0.0,0.0030300050560720616,3.8519048850414235,cf8c88c,32a0ac1daca4dae772c0c1061b1a8032792fdbb581e1cba54a6c9c0fb70649ce,audits/paper_extras/v4_runs/v1/sweep_seed505_det.json,audits/paper_extras/v4_runs/v2/bench2_seed505_det.json
505,det,flat_pit0_cit0.20,7,49,435.93915963195946,904.0437440200891,0.4822102497976827,0,58,0.0,0.0,KHONG CO,KHONG CO,7488.699258436126,0.0,6030.249810963455,125.96276879310608,0.0,16253.156950732071,79.32972794749487,0.0,0.003186516828737658,3.4236134422448528,cf8c88c,32a0ac1daca4dae772c0c1061b1a8032792fdbb581e1cba54a6c9c0fb70649ce,audits/paper_extras/v4_runs/v1/sweep_seed505_det.json,audits/paper_extras/v4_runs/v2/bench2_seed505_det.json
505,det,flat_pit0_cit0.20,8,50,415.7431963690245,874.9662329764985,0.4751534181550424,1,57,0.0,0.0,KHONG CO,KHONG CO,7304.351299733171,0.0,5897.918043384978,125.96276879310608,0.0,16104.971053629382,176.1917016251345,0.0,0.0062180746669834325,3.592538421665141,cf8c88c,32a0ac1daca4dae772c0c1061b1a8032792fdbb581e1cba54a6c9c0fb70649ce,audits/paper_extras/v4_runs/v1/sweep_seed505_det.json,audits/paper_extras/v4_runs/v2/bench2_seed505_det.json
505,det,flat_pit0_cit0.20,9,51,367.95203175888093,827.1253719421613,0.4448564198857762,0,55,0.0,1.7814166886065408e-06,KHONG CO,KHONG CO,7169.7558104958725,0.0,5789.072517089956,125.96276879310608,0.0,16115.624937424858,139.09558718795492,0.0,0.0030696875957546017,3.971708529830525,cf8c88c,32a0ac1daca4dae772c0c1061b1a8032792fdbb581e1cba54a6c9c0fb70649ce,audits/paper_extras/v4_runs/v1/sweep_seed505_det.json,audits/paper_extras/v4_runs/v2/bench2_seed505_det.json
505,det,flat_pit0_cit0.30,0,42,471.3012845511208,889.8141670330082,0.5296625992398226,0,58,0.0,4.635659156981831e-06,KHONG CO,KHONG CO,12510.159126642993,0.0,10083.883425869968,125.96276879310608,0.0,17118.122716901384,182.19021507854796,0.0,0.003186516828737658,4.111292869007806,cf8c88c,32a0ac1daca4dae772c0c1061b1a8032792fdbb581e1cba54a6c9c0fb70649ce,audits/paper_extras/v4_runs/v1/sweep_seed505_det.json,audits/paper_extras/v4_runs/v2/bench2_seed505_det.json
505,det,flat_pit0_cit0.30,1,43,530.9948398291259,950.5657048874671,0.5586092966524474,0,57,0.0,6.624853998715707e-09,KHONG CO,KHONG CO,12326.704790353839,0.0,9914.489374469433,125.96276879310608,0.0,17053.94287671814,232.30977037317908,0.0,0.003147936581824078,3.5980305950056146,cf8c88c,32a0ac1daca4dae772c0c1061b1a8032792fdbb581e1cba54a6c9c0fb70649ce,audits/paper_extras/v4_runs/v1/sweep_seed505_det.json,audits/paper_extras/v4_runs/v2/bench2_seed505_det.json
505,det,flat_pit0_cit0.30,2,44,420.1892021786289,909.059792740005,0.46222394339115247,0,62,0.0,0.0,KHONG CO,KHONG CO,12413.528985534138,0.0,10023.101663116217,125.96276879310608,0.0,17121.01908374885,143.44546987594504,0.0,0.0033373618348005534,3.784310475709421,cf8c88c,32a0ac1daca4dae772c0c1061b1a8032792fdbb581e1cba54a6c9c0fb70649ce,audits/paper_extras/v4_runs/v1/sweep_seed505_det.json,audits/paper_extras/v4_runs/v2/bench2_seed505_det.json
505,det,flat_pit0_cit0.30,3,45,459.2383574057718,918.8490135352625,0.49979741028273705,0,53,0.0,1.6701374128125224e-07,KHONG CO,KHONG CO,12614.072758044847,0.0,10185.119602941419,125.96276879310608,0.0,17008.391432553944,294.59895375639684,0.0,0.0029899409535079587,3.830943993928936,cf8c88c,32a0ac1daca4dae772c0c1061b1a8032792fdbb581e1cba54a6c9c0fb70649ce,audits/paper_extras/v4_runs/v1/sweep_seed505_det.json,audits/paper_extras/v4_runs/v2/bench2_seed505_det.json
505,det,flat_pit0_cit0.30,4,46,426.96468428034984,847.7250377556043,0.5036594004711255,0,54,0.0,0.0,KHONG CO,KHONG CO,12142.382767527102,0.0,9804.302313576767,125.96276879310616,0.0,16944.22380583529,267.8938793219495,0.0,0.0030300050560720616,4.343482240840817,cf8c88c,32a0ac1daca4dae772c0c1061b1a8032792fdbb581e1cba54a6c9c0fb70649ce,audits/paper_extras/v4_runs/v1/sweep_seed505_det.json,audits/paper_extras/v4_runs/v2/bench2_seed505_det.json
505,det,flat_pit0_cit0.30,5,47,491.1771722843642,900.6902635274996,0.5453341644448316,0,55,0.0,0.0,KHONG CO,KHONG CO,12309.39382572445,0.0,9937.32205296642,125.96276879310608,0.0,16968.302546590065,277.80645737486225,0.0,0.0030696875957546012,4.046323526700244,cf8c88c,32a0ac1daca4dae772c0c1061b1a8032792fdbb581e1cba54a6c9c0fb70649ce,audits/paper_extras/v4_runs/v1/sweep_seed505_det.json,audits/paper_extras/v4_runs/v2/bench2_seed505_det.json
505,det,flat_pit0_cit0.30,6,48,438.61806554432854,862.9189432992672,0.5082957894832218,0,45,0.0,0.0,KHONG CO,KHONG CO,12655.585404331418,0.0,10218.875346133576,125.96276879310608,0.0,16991.70218284005,319.04510656467886,0.0,0.0026547547606639577,4.2783049213672735,cf8c88c,32a0ac1daca4dae772c0c1061b1a8032792fdbb581e1cba54a6c9c0fb70649ce,audits/paper_extras/v4_runs/v1/sweep_seed505_det.json,audits/paper_extras/v4_runs/v2/bench2_seed505_det.json
505,det,flat_pit0_cit0.30,7,49,404.0511714405187,905.783327613381,0.446079276492249,0,47,0.0,0.00032211783576041597,KHONG CO,KHONG CO,12801.363053311401,0.0,10336.501015228012,125.96276879310608,0.0,17222.42823364276,116.47103564754322,0.0,0.0027411128649022167,3.7638748461247236,cf8c88c,32a0ac1daca4dae772c0c1061b1a8032792fdbb581e1cba54a6c9c0fb70649ce,audits/paper_extras/v4_runs/v1/sweep_seed505_det.json,audits/paper_extras/v4_runs/v2/bench2_seed505_det.json
505,det,flat_pit0_cit0.30,8,50,414.9849665202242,894.1294233060668,0.46412181022497445,1,53,0.0,0.0,KHONG CO,KHONG CO,12480.877661529157,0.0,10077.80588244131,125.96276879310608,0.0,17083.458083555433,194.4030643478027,0.0,0.005950341665977397,3.9473849252962063,cf8c88c,32a0ac1daca4dae772c0c1061b1a8032792fdbb581e1cba54a6c9c0fb70649ce,audits/paper_extras/v4_runs/v1/sweep_seed505_det.json,audits/paper_extras/v4_runs/v2/bench2_seed505_det.json
505,det,flat_pit0_cit0.30,9,51,373.512915201513,837.0275087496798,0.44623732350141343,0,51,0.0,3.673701745032787e-05,KHONG CO,KHONG CO,12265.532467255929,0.0,9865.34402255841,125.9627687931061,0.0,17106.788215560427,167.43746034397634,0.0,0.002908638205871688,4.391190844513472,cf8c88c,32a0ac1daca4dae772c0c1061b1a8032792fdbb581e1cba54a6c9c0fb70649ce,audits/paper_extras/v4_runs/v1/sweep_seed505_det.json,audits/paper_extras/v4_runs/v2/bench2_seed505_det.json
505,det,flat_pit0_cit0.50,0,42,489.48988701389607,933.4995202813625,0.5243600841555449,0,67,0.0,5.38520438186918e-05,KHONG CO,KHONG CO,28792.911705747563,0.0,23187.64728204238,125.96276879310608,0.0,19995.61551201363,483.68614289846187,0.0,0.003518548658645468,5.322227410299856,cf8c88c,32a0ac1daca4dae772c0c1061b1a8032792fdbb581e1cba54a6c9c0fb70649ce,audits/paper_extras/v4_runs/v1/sweep_seed505_det.json,audits/paper_extras/v4_runs/v2/bench2_seed505_det.json
505,det,flat_pit0_cit0.50,1,43,532.846951883373,997.2686580687921,0.534306325153374,0,62,0.0,0.0,KHONG CO,KHONG CO,28535.32761853806,0.0,23026.463511505226,125.96276879310608,0.0,20016.822279861368,366.0790583783656,0.0,0.0033373618348005543,4.650735177952265,cf8c88c,32a0ac1daca4dae772c0c1061b1a8032792fdbb581e1cba54a6c9c0fb70649ce,audits/paper_extras/v4_runs/v1/sweep_seed505_det.json,audits/paper_extras/v4_runs/v2/bench2_seed505_det.json
505,det,flat_pit0_cit0.50,2,44,445.71543541409034,986.4744991186268,0.4518266167167202,0,76,0.0,0.0,KHONG CO,KHONG CO,28545.31714775936,0.0,23017.953606087765,125.96276879310608,0.0,20000.665319612475,400.73545326599674,0.0,0.0038260634937988163,4.825517130767504,cf8c88c,32a0ac1daca4dae772c0c1061b1a8032792fdbb581e1cba54a6c9c0fb70649ce,audits/paper_extras/v4_runs/v1/sweep_seed505_det.json,audits/paper_extras/v4_runs/v2/bench2_seed505_det.json
505,det,flat_pit0_cit0.50,3,45,436.100813728199,1005.7285368855161,0.4336168237591146,0,70,0.0,0.0,KHONG CO,KHONG CO,29318.04107465954,0.0,23608.455207933162,125.96276879310608,0.0,20438.029848230955,145.59324970233314,0.0,0.0036235956209332075,4.840131146159156,cf8c88c,32a0ac1daca4dae772c0c1061b1a8032792fdbb581e1cba54a6c9c0fb70649ce,audits/paper_extras/v4_runs/v1/sweep_seed505_det.json,audits/paper_extras/v4_runs/v2/bench2_seed505_det.json
505,det,flat_pit0_cit0.50,4,46,429.85951973667113,923.8268742035045,0.465303112238733,3,72,0.0,0.0,KHONG CO,KHONG CO,28049.05984629074,0.0,22604.158052478004,132.26090723276138,27.927716081301313,19860.083252827462,425.24346610614526,0.0,0.0053774430504894,5.627419670507354,cf8c88c,32a0ac1daca4dae772c0c1061b1a8032792fdbb581e1cba54a6c9c0fb70649ce,audits/paper_extras/v4_runs/v1/sweep_seed505_det.json,audits/paper_extras/v4_runs/v2/bench2_seed505_det.json
505,det,flat_pit0_cit0.50,5,47,406.2231657729945,963.8275075699872,0.42146874060190387,0,61,0.0,0.0,KHONG CO,KHONG CO,28236.08805548677,0.0,22752.0334786327,125.96276879310608,0.0,19942.37881397654,415.7129940844048,0.0,0.003300159453848173,4.960753589800135,cf8c88c,32a0ac1daca4dae772c0c1061b1a8032792fdbb581e1cba54a6c9c0fb70649ce,audits/paper_extras/v4_runs/v1/sweep_seed505_det.json,audits/paper_extras/v4_runs/v2/bench2_seed505_det.json
505,det,flat_pit0_cit0.50,6,48,411.80541989972096,937.8823152531804,0.4390800564232352,0,66,0.0,0.004843031206834603,KHONG CO,KHONG CO,29527.33717670984,0.0,23788.285102999875,125.96276879310608,0.0,20446.709507829197,166.37979708765624,0.0,0.003482936123032932,5.481977322613322,cf8c88c,32a0ac1daca4dae772c0c1061b1a8032792fdbb581e1cba54a6c9c0fb70649ce,audits/paper_extras/v4_runs/v1/sweep_seed505_det.json,audits/paper_extras/v4_runs/v2/bench2_seed505_det.json
505,det,flat_pit0_cit0.50,7,49,397.38115725247775,941.2003801670513,0.4222067538709956,0,51,0.0,0.0,KHONG CO,KHONG CO,29275.6977027584,0.0,23587.23048004869,125.96276879310608,0.0,20159.664114052324,402.840339864276,0.0,0.002908638205871688,4.812403934782788,cf8c88c,32a0ac1daca4dae772c0c1061b1a8032792fdbb581e1cba54a6c9c0fb70649ce,audits/paper_extras/v4_runs/v1/sweep_seed505_det.json,audits/paper_extras/v4_runs/v2/bench2_seed505_det.json
505,det,flat_pit0_cit0.50,8,50,436.35499386741026,957.5372626566701,0.45570549667879356,0,68,0.0,0.0,KHONG CO,KHONG CO,28739.874211064245,0.0,23125.753770847914,125.96276879310608,16.12860212467987,19998.709668432974,473.3194008655655,0.0,0.004271203479019997,5.126097313465381,cf8c88c,32a0ac1daca4dae772c0c1061b1a8032792fdbb581e1cba54a6c9c0fb70649ce,audits/paper_extras/v4_runs/v1/sweep_seed505_det.json,audits/paper_extras/v4_runs/v2/bench2_seed505_det.json
505,det,flat_pit0_cit0.50,9,51,371.6152913410756,870.6264004498022,0.426836690397952,0,55,0.0,0.0,KHONG CO,KHONG CO,28263.248614540626,0.0,22819.62573407107,125.96276879310608,0.0,19952.383225265658,365.27688641083085,0.0,0.0030696875957546012,5.783845658105895,cf8c88c,32a0ac1daca4dae772c0c1061b1a8032792fdbb581e1cba54a6c9c0fb70649ce,audits/paper_extras/v4_runs/v1/sweep_seed505_det.json,audits/paper_extras/v4_runs/v2/bench2_seed505_det.json
505,exp,rl_learned,0,42,430.59534688576764,855.2850428533351,0.5034524460398011,0,,0.0,,KHONG CO,KHONG CO,3310.9003783243024,62.440805870108214,2863.9647914863685,94.56641355156898,21.663835343787536,15160.026093222135,,,0.004674958957296297,,cf8c88c,32a0ac1daca4dae772c0c1061b1a8032792fdbb581e1cba54a6c9c0fb70649ce,audits/paper_extras/v4_runs/v1/sweep_seed505_exp.json,KHONG CO (che do lay mau v1)
505,exp,rl_learned,1,43,463.0372954356026,912.6149378542709,0.5073742234860742,0,,0.0,,KHONG CO,KHONG CO,4199.851634112518,44.62842966643003,3600.244871356194,85.7204611748457,18.803925400458454,15170.38812440495,,,0.006040955265517028,,cf8c88c,32a0ac1daca4dae772c0c1061b1a8032792fdbb581e1cba54a6c9c0fb70649ce,audits/paper_extras/v4_runs/v1/sweep_seed505_exp.json,KHONG CO (che do lay mau v1)
505,exp,rl_learned,2,44,387.27462112813384,870.4902445034103,0.4448925459802975,0,,0.0,,KHONG CO,KHONG CO,3358.7741829878914,24.257806094195843,2913.3846043938725,56.2226300686598,2.2378874719142914,15131.973556386638,,,0.003516722866666368,,cf8c88c,32a0ac1daca4dae772c0c1061b1a8032792fdbb581e1cba54a6c9c0fb70649ce,audits/paper_extras/v4_runs/v1/sweep_seed505_exp.json,KHONG CO (che do lay mau v1)
505,exp,rl_learned,3,45,454.3736615119502,907.0294497796253,0.5009469776558482,0,,0.0,,KHONG CO,KHONG CO,3309.852802363762,103.35566293172528,2909.793443463265,62.38954344391823,1.2286526692356785,15073.478164296477,,,0.003884512463574317,,cf8c88c,32a0ac1daca4dae772c0c1061b1a8032792fdbb581e1cba54a6c9c0fb70649ce,audits/paper_extras/v4_runs/v1/sweep_seed505_exp.json,KHONG CO (che do lay mau v1)
505,exp,rl_learned,4,46,405.661486546617,814.6216133048049,0.4979753543499854,0,,0.008333333333333333,,KHONG CO,KHONG CO,3860.3470224968496,22.464089052015595,3439.0221518876915,70.80270476639271,1.343150518834591,15125.868005051992,,,0.0038572510653738456,,cf8c88c,32a0ac1daca4dae772c0c1061b1a8032792fdbb581e1cba54a6c9c0fb70649ce,audits/paper_extras/v4_runs/v1/sweep_seed505_exp.json,KHONG CO (che do lay mau v1)
505,exp,rl_learned,5,47,440.29429666456247,856.2839341909832,0.5141919392433216,0,,0.0,,KHONG CO,KHONG CO,3562.602573951089,59.39078969301863,3210.5459488009847,76.11553452908998,4.181685261428356,15191.658908379231,,,0.004132822707875563,,cf8c88c,32a0ac1daca4dae772c0c1061b1a8032792fdbb581e1cba54a6c9c0fb70649ce,audits/paper_extras/v4_runs/v1/sweep_seed505_exp.json,KHONG CO (che do lay mau v1)
505,exp,rl_learned,6,48,439.2652707480446,865.7158527078017,0.5074012095009035,0,,0.0,,KHONG CO,KHONG CO,3344.1188312412714,41.680288904906504,2917.209016770749,71.16187347471714,4.895250606613551,15058.264998237331,,,0.004363451454932641,,cf8c88c,32a0ac1daca4dae772c0c1061b1a8032792fdbb581e1cba54a6c9c0fb70649ce,audits/paper_extras/v4_runs/v1/sweep_seed505_exp.json,KHONG CO (che do lay mau v1)
505,exp,rl_learned,7,49,495.075124877266,892.7367844885181,0.5545588951629374,0,,0.008333333333333333,,KHONG CO,KHONG CO,3368.0703440851735,60.36548830421479,2988.300575420654,74.58609491586685,4.598502933542429,15075.467273430237,,,0.004412081064827402,,cf8c88c,32a0ac1daca4dae772c0c1061b1a8032792fdbb581e1cba54a6c9c0fb70649ce,audits/paper_extras/v4_runs/v1/sweep_seed505_exp.json,KHONG CO (che do lay mau v1)
505,exp,rl_learned,8,50,428.91731554087465,853.5482630788026,0.5025109113264934,0,,0.04583333333333333,,KHONG CO,KHONG CO,3633.9447998184114,35.60589409309864,3078.528438533166,101.33226379752159,0.0,15129.608300135365,,,0.004228819761515081,,cf8c88c,32a0ac1daca4dae772c0c1061b1a8032792fdbb581e1cba54a6c9c0fb70649ce,audits/paper_extras/v4_runs/v1/sweep_seed505_exp.json,KHONG CO (che do lay mau v1)
505,exp,rl_learned,9,51,428.3779107176186,828.9359112715016,0.5167804952020131,0,,0.22083333333333333,,KHONG CO,KHONG CO,3642.8583869383833,72.01094818523909,3212.7547226901806,77.71026255190372,3.968865606933832,15055.598945568083,,,0.004178313800228604,,cf8c88c,32a0ac1daca4dae772c0c1061b1a8032792fdbb581e1cba54a6c9c0fb70649ce,audits/paper_extras/v4_runs/v1/sweep_seed505_exp.json,KHONG CO (che do lay mau v1)
505,exp,free_market+rl_aux,0,42,412.337019953363,841.3756415812487,0.4900748245794623,0,,0.0,,KHONG CO,KHONG CO,0.0,0.0,0.0,76.65414333343506,3.6599558788911404,14619.428013703497,,,0.003780803960812734,,cf8c88c,32a0ac1daca4dae772c0c1061b1a8032792fdbb581e1cba54a6c9c0fb70649ce,audits/paper_extras/v4_runs/v1/sweep_seed505_exp.json,KHONG CO (che do lay mau v1)
505,exp,free_market+rl_aux,1,43,444.87293771961356,905.9870908784093,0.49103672910867013,0,,0.0,,KHONG CO,KHONG CO,0.0,0.0,0.0,76.97353559732437,3.236486077308655,14714.916741221596,,,0.004072035461243077,,cf8c88c,32a0ac1daca4dae772c0c1061b1a8032792fdbb581e1cba54a6c9c0fb70649ce,audits/paper_extras/v4_runs/v1/sweep_seed505_exp.json,KHONG CO (che do lay mau v1)
505,exp,free_market+rl_aux,2,44,395.5995923562578,921.8120279420762,0.42915429649949854,0,,0.0,,KHONG CO,KHONG CO,0.0,0.0,0.0,76.65414333343506,3.7475101947784424,14609.74534412576,,,0.004460713582692685,,cf8c88c,32a0ac1daca4dae772c0c1061b1a8032792fdbb581e1cba54a6c9c0fb70649ce,audits/paper_extras/v4_runs/v1/sweep_seed505_exp.json,KHONG CO (che do lay mau v1)
505,exp,free_market+rl_aux,3,45,446.4201440234125,877.0715401003177,0.5089894308648435,0,,0.0,,KHONG CO,KHONG CO,0.0,0.0,0.0,76.65414333343517,4.48461445962633,14613.204977698553,,,0.0044465780035237695,,cf8c88c,32a0ac1daca4dae772c0c1061b1a8032792fdbb581e1cba54a6c9c0fb70649ce,audits/paper_extras/v4_runs/v1/sweep_seed505_exp.json,KHONG CO (che do lay mau v1)
505,exp,free_market+rl_aux,4,46,428.16994141951295,840.1283831308234,0.5096482276005179,1,,0.0,,KHONG CO,KHONG CO,0.0,0.0,0.0,76.65414333343506,12.129258293587103,14639.174801842952,,,0.005889263158230897,,cf8c88c,32a0ac1daca4dae772c0c1061b1a8032792fdbb581e1cba54a6c9c0fb70649ce,audits/paper_extras/v4_runs/v1/sweep_seed505_exp.json,KHONG CO (che do lay mau v1)
505,exp,free_market+rl_aux,5,47,439.3349154912906,849.6796615336542,0.5170594700340363,0,,0.0,,KHONG CO,KHONG CO,0.0,0.0,0.0,77.29292786121367,3.7475101947784424,14654.28561125542,,,0.003733720714122513,,cf8c88c,32a0ac1daca4dae772c0c1061b1a8032792fdbb581e1cba54a6c9c0fb70649ce,audits/paper_extras/v4_runs/v1/sweep_seed505_exp.json,KHONG CO (che do lay mau v1)
505,exp,free_market+rl_aux,6,48,396.50419145016707,832.6619685927188,0.4761886652758963,1,,0.004166666666666667,,KHONG CO,KHONG CO,0.0,0.0,0.0,76.65414333343504,1.2567269586047414,14686.528374790316,,,0.004147181389611288,,cf8c88c,32a0ac1daca4dae772c0c1061b1a8032792fdbb581e1cba54a6c9c0fb70649ce,audits/paper_extras/v4_runs/v1/sweep_seed505_exp.json,KHONG CO (che do lay mau v1)
505,exp,free_market+rl_aux,7,49,412.6610596324647,869.0713041254007,0.47482992209454045,0,,0.0,,KHONG CO,KHONG CO,0.0,0.0,0.0,76.6541433334351,2.7409829460024104,14743.444721457923,,,0.005486263581578703,,cf8c88c,32a0ac1daca4dae772c0c1061b1a8032792fdbb581e1cba54a6c9c0fb70649ce,audits/paper_extras/v4_runs/v1/sweep_seed505_exp.json,KHONG CO (che do lay mau v1)
505,exp,free_market+rl_aux,8,50,470.42468156609766,835.3460821914933,0.5631494437993405,0,,0.0,,KHONG CO,KHONG CO,0.0,0.0,0.0,76.65414333343507,3.293266534805298,14573.30394624477,,,0.003604693907284805,,cf8c88c,32a0ac1daca4dae772c0c1061b1a8032792fdbb581e1cba54a6c9c0fb70649ce,audits/paper_extras/v4_runs/v1/sweep_seed505_exp.json,KHONG CO (che do lay mau v1)
505,exp,free_market+rl_aux,9,51,339.96299995119614,796.4173963214485,0.42686536170787126,0,,0.0,,KHONG CO,KHONG CO,0.0,0.0,0.0,79.52867370843887,5.621265292167664,14599.442037957011,,,0.004635719848986281,,cf8c88c,32a0ac1daca4dae772c0c1061b1a8032792fdbb581e1cba54a6c9c0fb70649ce,audits/paper_extras/v4_runs/v1/sweep_seed505_exp.json,KHONG CO (che do lay mau v1)
505,exp,rl_mean_fixed,0,42,385.1510056311092,832.9684154072961,0.46238368527188645,0,,0.16666666666666666,,KHONG CO,KHONG CO,5091.833805029883,105.1907412857253,4144.888651772971,76.65414333343506,0.0,15590.521652497187,,,0.002610895111541151,,cf8c88c,32a0ac1daca4dae772c0c1061b1a8032792fdbb581e1cba54a6c9c0fb70649ce,audits/paper_extras/v4_runs/v1/sweep_seed505_exp.json,KHONG CO (che do lay mau v1)
505,exp,rl_mean_fixed,1,43,491.66611717408307,920.9850971776361,0.5338480705939722,0,,0.2916666666666667,,KHONG CO,KHONG CO,5085.781310636595,86.96557590773688,4125.507383590812,76.65414333343506,1.8737550973892212,15510.206188262753,,,0.0034306460817130876,,cf8c88c,32a0ac1daca4dae772c0c1061b1a8032792fdbb581e1cba54a6c9c0fb70649ce,audits/paper_extras/v4_runs/v1/sweep_seed505_exp.json,KHONG CO (che do lay mau v1)
505,exp,rl_mean_fixed,2,44,396.0322568769243,914.1084772108582,0.4332442666818975,0,,0.1875,,KHONG CO,KHONG CO,5142.216387237749,107.82095580227832,4187.411540893701,76.65414333343506,1.703413724899292,15685.201337456901,,,0.004297744719376015,,cf8c88c,32a0ac1daca4dae772c0c1061b1a8032792fdbb581e1cba54a6c9c0fb70649ce,audits/paper_extras/v4_runs/v1/sweep_seed505_exp.json,KHONG CO (che do lay mau v1)
505,exp,rl_mean_fixed,3,45,469.75230474352867,899.0918315150268,0.5224742215174686,0,,0.29583333333333334,,KHONG CO,KHONG CO,5158.629314302662,86.14477489955691,4183.11576904567,76.65414333343506,1.8737550973892212,15548.905540413565,,,0.00420089056794444,,cf8c88c,32a0ac1daca4dae772c0c1061b1a8032792fdbb581e1cba54a6c9c0fb70649ce,audits/paper_extras/v4_runs/v1/sweep_seed505_exp.json,KHONG CO (che do lay mau v1)
505,exp,rl_mean_fixed,4,46,405.7525578282334,805.0319471143138,0.5040204420242926,0,,0.22916666666666666,,KHONG CO,KHONG CO,5018.062187161032,90.94268161266066,4074.8211168315115,77.29292786121368,42.848058924747505,15577.033537053669,,,0.006721351858110657,,cf8c88c,32a0ac1daca4dae772c0c1061b1a8032792fdbb581e1cba54a6c9c0fb70649ce,audits/paper_extras/v4_runs/v1/sweep_seed505_exp.json,KHONG CO (che do lay mau v1)
505,exp,rl_mean_fixed,5,47,426.2676678454869,867.6616879192928,0.49128326602469163,0,,0.18333333333333332,,KHONG CO,KHONG CO,5161.166580495235,30.306459084171696,4140.530736462178,76.65414333343507,0.0,15735.708254679066,,,0.0036364726462466616,,cf8c88c,32a0ac1daca4dae772c0c1061b1a8032792fdbb581e1cba54a6c9c0fb70649ce,audits/paper_extras/v4_runs/v1/sweep_seed505_exp.json,KHONG CO (che do lay mau v1)
505,exp,rl_mean_fixed,6,48,403.9558636939398,848.6597611594077,0.47599271484495764,0,,0.1875,,KHONG CO,KHONG CO,5136.142425456185,65.50429323562678,4148.691514929816,76.65414333343506,6.946264307353025,15573.439991798337,,,0.004181451784237791,,cf8c88c,32a0ac1daca4dae772c0c1061b1a8032792fdbb581e1cba54a6c9c0fb70649ce,audits/paper_extras/v4_runs/v1/sweep_seed505_exp.json,KHONG CO (che do lay mau v1)
505,exp,rl_mean_fixed,7,49,488.4722678242951,894.0452531418662,0.5463619051806372,0,,0.225,,KHONG CO,KHONG CO,5260.348421923971,103.6377838069182,4278.359826616628,76.65414333343506,1.8737550973892212,15663.766290113508,,,0.0034306460817130876,,cf8c88c,32a0ac1daca4dae772c0c1061b1a8032792fdbb581e1cba54a6c9c0fb70649ce,audits/paper_extras/v4_runs/v1/sweep_seed505_exp.json,KHONG CO (che do lay mau v1)
505,exp,rl_mean_fixed,8,50,431.9426747420617,862.6780192979589,0.5006997571278952,0,,0.1125,,KHONG CO,KHONG CO,5124.683023816801,58.15564717497287,4133.875504529939,76.65414333343506,0.0,15671.715893962168,,,0.003030005056072061,,cf8c88c,32a0ac1daca4dae772c0c1061b1a8032792fdbb581e1cba54a6c9c0fb70649ce,audits/paper_extras/v4_runs/v1/sweep_seed505_exp.json,KHONG CO (che do lay mau v1)
505,exp,rl_mean_fixed,9,51,442.14216641455164,796.185059629606,0.5553258769013337,0,,0.2125,,KHONG CO,KHONG CO,5127.654967332757,84.6186694109612,4157.266136572486,76.65414333343506,36.32006724189899,15681.98960253578,,,0.005434550033521719,,cf8c88c,32a0ac1daca4dae772c0c1061b1a8032792fdbb581e1cba54a6c9c0fb70649ce,audits/paper_extras/v4_runs/v1/sweep_seed505_exp.json,KHONG CO (che do lay mau v1)
505,exp,flat_pit0.10_cit0,0,42,324.5021936190748,865.7543323548174,0.3748201787641555,0,,0.6875,,KHONG CO,KHONG CO,6889.967151166124,194.45007230500752,5639.60071187373,76.65414333343504,5.5467915768655125,16147.651832946944,,,0.004424882718018091,,cf8c88c,32a0ac1daca4dae772c0c1061b1a8032792fdbb581e1cba54a6c9c0fb70649ce,audits/paper_extras/v4_runs/v1/sweep_seed505_exp.json,KHONG CO (che do lay mau v1)
505,exp,flat_pit0.10_cit0,1,43,368.45227346836606,905.8716773882212,0.40673782243714174,0,,0.5666666666666667,,KHONG CO,KHONG CO,6318.078831975969,175.74865260973678,5169.272005458846,76.65414333343506,1.8737550973892212,15696.217625816958,,,0.0033579846111004463,,cf8c88c,32a0ac1daca4dae772c0c1061b1a8032792fdbb581e1cba54a6c9c0fb70649ce,audits/paper_extras/v4_runs/v1/sweep_seed505_exp.json,KHONG CO (che do lay mau v1)
505,exp,flat_pit0.10_cit0,2,44,308.8331837256805,927.0412601009858,0.33313855274579496,0,,0.7458333333333333,,KHONG CO,KHONG CO,6796.215953344864,170.87612757084966,5543.539073422166,76.65414333343506,1.8737550973892212,16222.426510623343,,,0.004608022201282421,,cf8c88c,32a0ac1daca4dae772c0c1061b1a8032792fdbb581e1cba54a6c9c0fb70649ce,audits/paper_extras/v4_runs/v1/sweep_seed505_exp.json,KHONG CO (che do lay mau v1)
505,exp,flat_pit0.10_cit0,3,45,306.53962589105464,877.0818331675105,0.3494994586582776,0,,0.6916666666666667,,KHONG CO,KHONG CO,6469.9848720252385,176.30832661415806,5291.020366600403,76.65414333343506,4.525462741168717,16112.510002875642,,,0.004017353053974363,,cf8c88c,32a0ac1daca4dae772c0c1061b1a8032792fdbb581e1cba54a6c9c0fb70649ce,audits/paper_extras/v4_runs/v1/sweep_seed505_exp.json,KHONG CO (che do lay mau v1)
505,exp,flat_pit0.10_cit0,4,46,247.67253484099294,826.9246173805443,0.2995104144142512,1,,0.7875,,KHONG CO,KHONG CO,6695.5591565423465,154.94318597231697,5454.237014276043,76.65414333343506,3.7475101947784424,16181.362162094909,,,0.0037800050560720614,,cf8c88c,32a0ac1daca4dae772c0c1061b1a8032792fdbb581e1cba54a6c9c0fb70649ce,audits/paper_extras/v4_runs/v1/sweep_seed505_exp.json,KHONG CO (che do lay mau v1)
505,exp,flat_pit0.10_cit0,5,47,390.0959489881224,912.0501329626472,0.4277132746211646,0,,0.6958333333333333,,KHONG CO,KHONG CO,7351.148602869396,167.15554594315705,5985.421347131965,80.48685050010681,15.42551223121827,16101.531700996322,,,0.0054835652671725655,,cf8c88c,32a0ac1daca4dae772c0c1061b1a8032792fdbb581e1cba54a6c9c0fb70649ce,audits/paper_extras/v4_runs/v1/sweep_seed505_exp.json,KHONG CO (che do lay mau v1)
505,exp,flat_pit0.10_cit0,6,48,302.18572295192575,838.0719928869727,0.3605725110929465,0,,0.7333333333333333,,KHONG CO,KHONG CO,6531.484110171412,183.93190012039818,5346.316494396982,76.65414333343509,7.760621825488554,15783.918365345762,,,0.004297770249799149,,cf8c88c,32a0ac1daca4dae772c0c1061b1a8032792fdbb581e1cba54a6c9c0fb70649ce,audits/paper_extras/v4_runs/v1/sweep_seed505_exp.json,KHONG CO (che do lay mau v1)
505,exp,flat_pit0.10_cit0,7,49,367.49075694762956,882.9947982561823,0.41618677445595764,0,,0.55,,KHONG CO,KHONG CO,6364.1547814032965,154.13785596266052,5188.910875542219,76.65414333343507,10.84199041823198,15741.403198847938,,,0.004586680601608827,,cf8c88c,32a0ac1daca4dae772c0c1061b1a8032792fdbb581e1cba54a6c9c0fb70649ce,audits/paper_extras/v4_runs/v1/sweep_seed505_exp.json,KHONG CO (che do lay mau v1)
505,exp,flat_pit0.10_cit0,8,50,303.8562957346529,859.0608679854847,0.3537075276717029,1,,0.6625,,KHONG CO,KHONG CO,6823.4415602371555,169.5528366170104,5567.404047483398,79.52867370843887,12.745477718875618,16148.582070265566,,,0.006608451803794266,,cf8c88c,32a0ac1daca4dae772c0c1061b1a8032792fdbb581e1cba54a6c9c0fb70649ce,audits/paper_extras/v4_runs/v1/sweep_seed505_exp.json,KHONG CO (che do lay mau v1)
505,exp,flat_pit0.10_cit0,9,51,311.0911844824912,796.9867127096727,0.3903342170220294,0,,0.675,,KHONG CO,KHONG CO,6796.66805438236,192.2734530453201,5565.109118925155,81.44502729177475,38.38815663021014,15723.592220890408,,,0.00730163651231363,,cf8c88c,32a0ac1daca4dae772c0c1061b1a8032792fdbb581e1cba54a6c9c0fb70649ce,audits/paper_extras/v4_runs/v1/sweep_seed505_exp.json,KHONG CO (che do lay mau v1)
505,exp,flat_pit0.20_cit0,0,42,227.45541352827925,854.4398715303656,0.26620411933830945,5,,0.9,,KHONG CO,KHONG CO,12800.743452797076,360.44315008898315,10478.353755622016,105.08005481958389,47.06230862456047,17174.314464781663,,,0.011671674358424514,,cf8c88c,32a0ac1daca4dae772c0c1061b1a8032792fdbb581e1cba54a6c9c0fb70649ce,audits/paper_extras/v4_runs/v1/sweep_seed505_exp.json,KHONG CO (che do lay mau v1)
505,exp,flat_pit0.20_cit0,1,43,272.8830675546041,882.6063967441136,0.30917866510060965,3,,0.8333333333333334,,KHONG CO,KHONG CO,11727.059558040643,240.35576286533367,9526.351498297667,85.59712672233582,28.515667553150237,16692.31188475035,,,0.008059076216400927,,cf8c88c,32a0ac1daca4dae772c0c1061b1a8032792fdbb581e1cba54a6c9c0fb70649ce,audits/paper_extras/v4_runs/v1/sweep_seed505_exp.json,KHONG CO (che do lay mau v1)
505,exp,flat_pit0.20_cit0,2,44,285.98076172101446,987.8469203589137,0.28949906693752636,14,,0.8375,,KHONG CO,KHONG CO,13500.343165295415,336.6392155988778,10995.410049156773,118.81392216682434,55.884865120424195,17141.928827969416,,,0.014430553683444121,,cf8c88c,32a0ac1daca4dae772c0c1061b1a8032792fdbb581e1cba54a6c9c0fb70649ce,audits/paper_extras/v4_runs/v1/sweep_seed505_exp.json,KHONG CO (che do lay mau v1)
505,exp,flat_pit0.20_cit0,3,45,242.4738679519808,899.7956422296387,0.26947659732063756,3,,0.8875,,KHONG CO,KHONG CO,12569.374293913777,306.62995131513884,10246.791314598831,79.84806597232819,45.27473962737408,17151.803502196515,,,0.009017788205869761,,cf8c88c,32a0ac1daca4dae772c0c1061b1a8032792fdbb581e1cba54a6c9c0fb70649ce,audits/paper_extras/v4_runs/v1/sweep_seed505_exp.json,KHONG CO (che do lay mau v1)
505,exp,flat_pit0.20_cit0,4,46,196.05784221340068,797.0108548430738,0.24599143289209424,6,,0.875,,KHONG CO,KHONG CO,13420.372395599292,379.9339685446108,10989.625977619064,117.21696084737778,53.89765559340398,17173.828978044454,,,0.013844822799572975,,cf8c88c,32a0ac1daca4dae772c0c1061b1a8032792fdbb581e1cba54a6c9c0fb70649ce,audits/paper_extras/v4_runs/v1/sweep_seed505_exp.json,KHONG CO (che do lay mau v1)
505,exp,flat_pit0.20_cit0,5,47,201.77626845964926,877.5206964655864,0.22993904220418837,3,,0.875,,KHONG CO,KHONG CO,12051.390320043014,304.88596812918036,9829.1530168178,84.95834219455718,29.470799959330016,17251.973423629046,,,0.008076144417988016,,cf8c88c,32a0ac1daca4dae772c0c1061b1a8032792fdbb581e1cba54a6c9c0fb70649ce,audits/paper_extras/v4_runs/v1/sweep_seed505_exp.json,KHONG CO (che do lay mau v1)
505,exp,flat_pit0.20_cit0,6,48,255.57647800841704,815.9782567318317,0.31321481412023866,2,,0.875,,KHONG CO,KHONG CO,14217.866410271068,411.1055546263073,11610.600893444123,120.73027575016022,123.83332583052828,17169.260519767107,,,0.019088084141570965,,cf8c88c,32a0ac1daca4dae772c0c1061b1a8032792fdbb581e1cba54a6c9c0fb70649ce,audits/paper_extras/v4_runs/v1/sweep_seed505_exp.json,KHONG CO (che do lay mau v1)
505,exp,flat_pit0.20_cit0,7,49,265.06336373360654,887.1558705975028,0.29877879696054466,2,,0.8,,KHONG CO,KHONG CO,13462.553934531159,330.66071855390527,10970.71798730816,87.19408804178238,24.195847080872127,17232.241273021846,,,0.007136460651959666,,cf8c88c,32a0ac1daca4dae772c0c1061b1a8032792fdbb581e1cba54a6c9c0fb70649ce,audits/paper_extras/v4_runs/v1/sweep_seed505_exp.json,KHONG CO (che do lay mau v1)
505,exp,flat_pit0.20_cit0,8,50,265.9697086324397,855.9001517617186,0.3107485237442571,1,,0.8625,,KHONG CO,KHONG CO,13704.71949690924,339.05170101620934,11170.303916350853,87.832872569561,33.93706952742561,17144.091847097876,,,0.009593378361834477,,cf8c88c,32a0ac1daca4dae772c0c1061b1a8032792fdbb581e1cba54a6c9c0fb70649ce,audits/paper_extras/v4_runs/v1/sweep_seed505_exp.json,KHONG CO (che do lay mau v1)
505,exp,flat_pit0.20_cit0,9,51,211.4603495850634,778.7015820518022,0.271555053256584,3,,0.875,,KHONG CO,KHONG CO,13603.64746238186,378.13205659603005,11117.153359830394,117.8557453751564,95.00178270777316,17215.263577383856,,,0.01660550697715116,,cf8c88c,32a0ac1daca4dae772c0c1061b1a8032792fdbb581e1cba54a6c9c0fb70649ce,audits/paper_extras/v4_runs/v1/sweep_seed505_exp.json,KHONG CO (che do lay mau v1)
505,exp,flat_pit0.30_cit0,0,42,204.50728165935828,836.9876439198845,0.24433727683432027,18,,0.9208333333333333,,KHONG CO,KHONG CO,19578.562404977747,652.4890940574035,16080.718366497877,172.7912147641182,206.22712579488828,18215.36562162363,,,0.029425893397921486,,cf8c88c,32a0ac1daca4dae772c0c1061b1a8032792fdbb581e1cba54a6c9c0fb70649ce,audits/paper_extras/v4_runs/v1/sweep_seed505_exp.json,KHONG CO (che do lay mau v1)
505,exp,flat_pit0.30_cit0,1,43,190.71574503377082,911.6720598712673,0.2091933639610507,8,,0.8875,,KHONG CO,KHONG CO,17461.57485856453,436.9338711917555,14231.31049039491,108.59336972236633,73.38470126250452,18193.479667721596,,,0.014546202339690898,,cf8c88c,32a0ac1daca4dae772c0c1061b1a8032792fdbb581e1cba54a6c9c0fb70649ce,audits/paper_extras/v4_runs/v1/sweep_seed505_exp.json,KHONG CO (che do lay mau v1)
505,exp,flat_pit0.30_cit0,2,44,198.67618651536816,900.8382925291119,0.2205458939335082,16,,0.8666666666666667,,KHONG CO,KHONG CO,17989.57141808065,534.8664006667286,14669.086702145445,183.65055173635483,163.3949003009634,18195.44698339138,,,0.030492433126352372,,cf8c88c,32a0ac1daca4dae772c0c1061b1a8032792fdbb581e1cba54a6c9c0fb70649ce,audits/paper_extras/v4_runs/v1/sweep_seed505_exp.json,KHONG CO (che do lay mau v1)
505,exp,flat_pit0.30_cit0,3,45,245.71231794246188,904.4309100610927,0.2716761614503693,31,,0.8958333333333334,,KHONG CO,KHONG CO,21503.96013241667,619.0938125865056,17329.10029741047,223.2551924586296,184.80859881026677,18609.3530664741,,,0.03318224931687051,,cf8c88c,32a0ac1daca4dae772c0c1061b1a8032792fdbb581e1cba54a6c9c0fb70649ce,audits/paper_extras/v4_runs/v1/sweep_seed505_exp.json,KHONG CO (che do lay mau v1)
505,exp,flat_pit0.30_cit0,4,46,187.87394454198517,810.8946452975732,0.23168724276510821,20,,0.9041666666666667,,KHONG CO,KHONG CO,19142.919047399257,468.5201635612039,15606.108251324213,181.73419815301895,188.57806980544862,18181.534403769787,,,0.029202724975307463,,cf8c88c,32a0ac1daca4dae772c0c1061b1a8032792fdbb581e1cba54a6c9c0fb70649ce,audits/paper_extras/v4_runs/v1/sweep_seed505_exp.json,KHONG CO (che do lay mau v1)
505,exp,flat_pit0.30_cit0,5,47,212.24905216284654,850.362228954629,0.24959840046490478,15,,0.8916666666666667,,KHONG CO,KHONG CO,19362.623590452164,502.08729726816705,15793.418262726967,149.79497176408768,128.9085409270095,18144.04050152075,,,0.023186695859981604,,cf8c88c,32a0ac1daca4dae772c0c1061b1a8032792fdbb581e1cba54a6c9c0fb70649ce,audits/paper_extras/v4_runs/v1/sweep_seed505_exp.json,KHONG CO (che do lay mau v1)
505,exp,flat_pit0.30_cit0,6,48,179.64306086026895,807.6767976704735,0.22241948930364352,15,,0.9,,KHONG CO,KHONG CO,18719.853505150488,593.0042094215953,15378.518137012748,177.58209872245777,219.63301680023093,18286.625298339317,,,0.03083096455119148,,cf8c88c,32a0ac1daca4dae772c0c1061b1a8032792fdbb581e1cba54a6c9c0fb70649ce,audits/paper_extras/v4_runs/v1/sweep_seed505_exp.json,KHONG CO (che do lay mau v1)
505,exp,flat_pit0.30_cit0,7,49,185.351945908558,863.4143754835834,0.21467322200275574,15,,0.9,,KHONG CO,KHONG CO,18272.47524258062,447.1106653036047,14874.683534958584,157.46038609743118,131.93204680670465,18247.056580550656,,,0.025020175008862434,,cf8c88c,32a0ac1daca4dae772c0c1061b1a8032792fdbb581e1cba54a6c9c0fb70649ce,audits/paper_extras/v4_runs/v1/sweep_seed505_exp.json,KHONG CO (che do lay mau v1)
505,exp,flat_pit0.30_cit0,8,50,167.32773891137396,822.0148504257097,0.2035580486468308,19,,0.8833333333333333,,KHONG CO,KHONG CO,20053.271687669327,698.75865516061,16429.242258861686,196.10685002803802,203.83048432637023,18635.485720290817,,,0.03288936817918966,,cf8c88c,32a0ac1daca4dae772c0c1061b1a8032792fdbb581e1cba54a6c9c0fb70649ce,audits/paper_extras/v4_runs/v1/sweep_seed505_exp.json,KHONG CO (che do lay mau v1)
505,exp,flat_pit0.30_cit0,9,51,146.64077545499708,774.2833301067301,0.18938903855102185,19,,0.8916666666666667,,KHONG CO,KHONG CO,17958.2442644245,564.2902139807854,14748.237047139417,147.5592259168625,154.23461583069113,18264.439505570223,,,0.02531069589198055,,cf8c88c,32a0ac1daca4dae772c0c1061b1a8032792fdbb581e1cba54a6c9c0fb70649ce,audits/paper_extras/v4_runs/v1/sweep_seed505_exp.json,KHONG CO (che do lay mau v1)
505,exp,flat_pit0.50_cit0,0,42,211.03319985068944,638.646208504843,0.330438350749387,50,,0.9125,,KHONG CO,KHONG CO,24572.21367913208,1118.1757278773355,19216.80743291494,181.41480588912967,236.88608073523918,14382.581660972905,,,0.04439348941369167,,cf8c88c,32a0ac1daca4dae772c0c1061b1a8032792fdbb581e1cba54a6c9c0fb70649ce,audits/paper_extras/v4_runs/v1/sweep_seed505_exp.json,KHONG CO (che do lay mau v1)
505,exp,flat_pit0.50_cit0,1,43,226.32909156041865,669.2489291188438,0.3381837186626676,54,,0.9125,,KHONG CO,KHONG CO,24320.896124110546,1103.4574604208156,18555.870476177093,187.16386663913727,159.92519434717204,14282.355419742613,,,0.041689527792922045,,cf8c88c,32a0ac1daca4dae772c0c1061b1a8032792fdbb581e1cba54a6c9c0fb70649ce,audits/paper_extras/v4_runs/v1/sweep_seed505_exp.json,KHONG CO (che do lay mau v1)
505,exp,flat_pit0.50_cit0,2,44,320.3325829500447,854.9177248479857,0.374694047906193,56,,0.9166666666666666,,KHONG CO,KHONG CO,27265.763423482098,948.2371805456374,21419.712509865658,157.14099383354187,178.0011850220185,16268.502075801245,,,0.03532973137573907,,cf8c88c,32a0ac1daca4dae772c0c1061b1a8032792fdbb581e1cba54a6c9c0fb70649ce,audits/paper_extras/v4_runs/v1/sweep_seed505_exp.json,KHONG CO (che do lay mau v1)
505,exp,flat_pit0.50_cit0,3,45,207.77024860872396,641.8121312256422,0.3237244023604753,54,,0.9166666666666666,,KHONG CO,KHONG CO,22158.812739084668,852.7805947381224,17246.776076387043,156.82160156965256,125.61657474744698,11815.34286373953,,,0.03807390696751485,,cf8c88c,32a0ac1daca4dae772c0c1061b1a8032792fdbb581e1cba54a6c9c0fb70649ce,audits/paper_extras/v4_runs/v1/sweep_seed505_exp.json,KHONG CO (che do lay mau v1)
505,exp,flat_pit0.50_cit0,4,46,105.33128908866414,614.6828404642564,0.17135875959886848,52,,0.9291666666666667,,KHONG CO,KHONG CO,22386.182689384877,1337.9020414955685,18903.687822267075,179.17906004190445,269.61001178260506,15214.224103319415,,,0.053719312566188324,,cf8c88c,32a0ac1daca4dae772c0c1061b1a8032792fdbb581e1cba54a6c9c0fb70649ce,audits/paper_extras/v4_runs/v1/sweep_seed505_exp.json,KHONG CO (che do lay mau v1)
505,exp,flat_pit0.50_cit0,5,47,126.88416917192713,675.7745705862566,0.18776108882263942,53,,0.925,,KHONG CO,KHONG CO,24675.76287212018,1042.475396127796,19821.14609056577,189.71900475025177,251.21860837387018,15254.660768123298,,,0.045379259287014445,,cf8c88c,32a0ac1daca4dae772c0c1061b1a8032792fdbb581e1cba54a6c9c0fb70649ce,audits/paper_extras/v4_runs/v1/sweep_seed505_exp.json,KHONG CO (che do lay mau v1)
505,exp,flat_pit0.50_cit0,6,48,168.66152053232196,705.7001805822687,0.23899883431113822,48,,0.9291666666666667,,KHONG CO,KHONG CO,24955.75185337541,1279.4023882722004,20874.66810574992,194.50988870859146,271.86804535508384,14770.171814713094,,,0.047404662999318205,,cf8c88c,32a0ac1daca4dae772c0c1061b1a8032792fdbb581e1cba54a6c9c0fb70649ce,audits/paper_extras/v4_runs/v1/sweep_seed505_exp.json,KHONG CO (che do lay mau v1)
505,exp,flat_pit0.50_cit0,7,49,196.50799315476175,627.7274923409547,0.3130466572715076,40,,0.9083333333333333,,KHONG CO,KHONG CO,23956.631683104333,1045.2960841768315,19581.31051363753,181.09541362524033,207.26094958314516,11734.666802415733,,,0.046202754209443225,,cf8c88c,32a0ac1daca4dae772c0c1061b1a8032792fdbb581e1cba54a6c9c0fb70649ce,audits/paper_extras/v4_runs/v1/sweep_seed505_exp.json,KHONG CO (che do lay mau v1)
505,exp,flat_pit0.50_cit0,8,50,220.72687848133157,762.4987717521491,0.28947833971472814,39,,0.925,,KHONG CO,KHONG CO,24832.765883800053,857.1519594615008,19976.944249039418,169.91668438911438,214.08187251698905,14319.460402124481,,,0.03731857572967892,,cf8c88c,32a0ac1daca4dae772c0c1061b1a8032792fdbb581e1cba54a6c9c0fb70649ce,audits/paper_extras/v4_runs/v1/sweep_seed505_exp.json,KHONG CO (che do lay mau v1)
505,exp,flat_pit0.50_cit0,9,51,153.4927627052718,580.3448912264969,0.26448542069678815,47,,0.925,,KHONG CO,KHONG CO,21691.61799009052,1210.4102474303463,17897.769352638385,172.7912147641182,233.84638933522325,10345.38421833803,,,0.04634263387065481,,cf8c88c,32a0ac1daca4dae772c0c1061b1a8032792fdbb581e1cba54a6c9c0fb70649ce,audits/paper_extras/v4_runs/v1/sweep_seed505_exp.json,KHONG CO (che do lay mau v1)
505,exp,flat_pit0_cit0.10,0,42,400.10516995455157,838.3940936337989,0.4772280398832497,0,,0.0,,KHONG CO,KHONG CO,3007.7615933889324,46.574921770931645,2436.018130629827,76.65414333343504,7.933727577614086,15184.227617760092,,,0.004161938102664493,,cf8c88c,32a0ac1daca4dae772c0c1061b1a8032792fdbb581e1cba54a6c9c0fb70649ce,audits/paper_extras/v4_runs/v1/sweep_seed505_exp.json,KHONG CO (che do lay mau v1)
505,exp,flat_pit0_cit0.10,1,43,466.51790240044755,904.7486991016376,0.5156325760552875,0,,0.0,,KHONG CO,KHONG CO,2930.3102434465395,45.13885644411018,2373.2872833895326,76.65414333343506,1.8737550973892212,15137.01367093484,,,0.0032145908659903617,,cf8c88c,32a0ac1daca4dae772c0c1061b1a8032792fdbb581e1cba54a6c9c0fb70649ce,audits/paper_extras/v4_runs/v1/sweep_seed505_exp.json,KHONG CO (che do lay mau v1)
505,exp,flat_pit0_cit0.10,2,44,436.9574095809395,882.7369307119295,0.49500297809963867,0,,0.0,,KHONG CO,KHONG CO,2942.0634216155454,121.9722770403273,2443.9087608219634,76.65414333343503,11.969263673073494,15130.45765747107,,,0.004804733755329221,,cf8c88c,32a0ac1daca4dae772c0c1061b1a8032792fdbb581e1cba54a6c9c0fb70649ce,audits/paper_extras/v4_runs/v1/sweep_seed505_exp.json,KHONG CO (che do lay mau v1)
505,exp,flat_pit0_cit0.10,3,45,482.5688111039596,913.4357406616471,0.5283007765323601,0,,0.0,,KHONG CO,KHONG CO,3030.0966223781484,29.3781196106434,2440.2475074351246,76.65414333343506,4.6559975147247314,15136.520318618997,,,0.00409377117399294,,cf8c88c,32a0ac1daca4dae772c0c1061b1a8032792fdbb581e1cba54a6c9c0fb70649ce,audits/paper_extras/v4_runs/v1/sweep_seed505_exp.json,KHONG CO (che do lay mau v1)
505,exp,flat_pit0_cit0.10,4,46,431.8497898946578,823.9714516338661,0.5241077091182419,0,,0.0,,KHONG CO,KHONG CO,2887.3655576112724,48.204978811550546,2341.4531929935174,76.65414333343513,21.87990100022337,15058.890629935619,,,0.005822582319898287,,cf8c88c,32a0ac1daca4dae772c0c1061b1a8032792fdbb581e1cba54a6c9c0fb70649ce,audits/paper_extras/v4_runs/v1/sweep_seed505_exp.json,KHONG CO (che do lay mau v1)
505,exp,flat_pit0_cit0.10,5,47,415.0871977367195,871.8488730543723,0.4760999418196562,0,,0.0,,KHONG CO,KHONG CO,2950.1844641328935,53.81090877419657,2395.947722893902,76.65414333343504,0.0,15247.139076678037,,,0.002989940953507959,,cf8c88c,32a0ac1daca4dae772c0c1061b1a8032792fdbb581e1cba54a6c9c0fb70649ce,audits/paper_extras/v4_runs/v1/sweep_seed505_exp.json,KHONG CO (che do lay mau v1)
505,exp,flat_pit0_cit0.10,6,48,358.36937836100424,832.6585060653581,0.43039178216582663,0,,0.0,,KHONG CO,KHONG CO,3036.0740097087214,52.26297657621956,2463.22622132858,76.65414333343506,0.0,15092.956564812202,,,0.003940666415555365,,cf8c88c,32a0ac1daca4dae772c0c1061b1a8032792fdbb581e1cba54a6c9c0fb70649ce,audits/paper_extras/v4_runs/v1/sweep_seed505_exp.json,KHONG CO (che do lay mau v1)
505,exp,flat_pit0_cit0.10,7,49,418.5742361845288,896.568724625,0.46686241075340007,0,,0.0,,KHONG CO,KHONG CO,3093.4684213524156,44.91876561882355,2503.150091132338,76.65414333343506,2.363690611119317,15300.047756186968,,,0.00388708771854781,,cf8c88c,32a0ac1daca4dae772c0c1061b1a8032792fdbb581e1cba54a6c9c0fb70649ce,audits/paper_extras/v4_runs/v1/sweep_seed505_exp.json,KHONG CO (che do lay mau v1)
505,exp,flat_pit0_cit0.10,8,50,484.7431833864573,846.0627882947063,0.5729399639044381,1,,0.0,,KHONG CO,KHONG CO,2999.4471512456985,46.45987168878256,2429.470785672528,78.88988918066025,17.134166719237285,15077.635453105073,,,0.005968707077004779,,cf8c88c,32a0ac1daca4dae772c0c1061b1a8032792fdbb581e1cba54a6c9c0fb70649ce,audits/paper_extras/v4_runs/v1/sweep_seed505_exp.json,KHONG CO (che do lay mau v1)
505,exp,flat_pit0_cit0.10,9,51,353.93021564966637,803.4654146739988,0.440504605656575,0,,0.0,,KHONG CO,KHONG CO,2892.945234412699,38.378545420909745,2338.0075642771044,76.65414333343504,0.0,15238.014062525679,,,0.003958483009744325,,cf8c88c,32a0ac1daca4dae772c0c1061b1a8032792fdbb581e1cba54a6c9c0fb70649ce,audits/paper_extras/v4_runs/v1/sweep_seed505_exp.json,KHONG CO (che do lay mau v1)
505,exp,flat_pit0_cit0.20,0,42,387.46159833031794,856.5487973470971,0.4523520429079627,0,,0.0,,KHONG CO,KHONG CO,6696.23701722358,121.96302815272335,5432.862245144172,76.65414333343504,4.720325432917391,16198.946399148368,,,0.003891087784521669,,cf8c88c,32a0ac1daca4dae772c0c1061b1a8032792fdbb581e1cba54a6c9c0fb70649ce,audits/paper_extras/v4_runs/v1/sweep_seed505_exp.json,KHONG CO (che do lay mau v1)
505,exp,flat_pit0_cit0.20,1,43,520.7377452436583,926.4488457062594,0.5620793286721455,0,,0.0,,KHONG CO,KHONG CO,6596.4539827218805,69.04288936073165,5316.555058719624,76.65414333343506,3.406827449798584,16102.863785907073,,,0.003664925690992697,,cf8c88c,32a0ac1daca4dae772c0c1061b1a8032792fdbb581e1cba54a6c9c0fb70649ce,audits/paper_extras/v4_runs/v1/sweep_seed505_exp.json,KHONG CO (che do lay mau v1)
505,exp,flat_pit0_cit0.20,2,44,448.6957384399702,939.1991564743364,0.47774291037944605,0,,0.0,,KHONG CO,KHONG CO,6670.065992341881,75.8522935943173,5380.554008654619,76.65414333343506,11.673794979758224,16044.744861987067,,,0.004835495012171225,,cf8c88c,32a0ac1daca4dae772c0c1061b1a8032792fdbb581e1cba54a6c9c0fb70649ce,audits/paper_extras/v4_runs/v1/sweep_seed505_exp.json,KHONG CO (che do lay mau v1)
505,exp,flat_pit0_cit0.20,3,45,472.477854420913,904.0536440300842,0.5226214810823663,0,,0.0,,KHONG CO,KHONG CO,6847.050402048896,99.5865244999164,5540.6882388716185,76.65414333343506,14.416475461565463,16047.114056388125,,,0.004006046468762952,,cf8c88c,32a0ac1daca4dae772c0c1061b1a8032792fdbb581e1cba54a6c9c0fb70649ce,audits/paper_extras/v4_runs/v1/sweep_seed505_exp.json,KHONG CO (che do lay mau v1)
505,exp,flat_pit0_cit0.20,4,46,342.4217251007892,834.4029630076677,0.4103793254358836,0,,0.0,,KHONG CO,KHONG CO,6480.195857979765,55.69765632162766,5213.0051744610355,77.612320125103,8.089916800560808,16108.36341142609,,,0.004971513892951971,,cf8c88c,32a0ac1daca4dae772c0c1061b1a8032792fdbb581e1cba54a6c9c0fb70649ce,audits/paper_extras/v4_runs/v1/sweep_seed505_exp.json,KHONG CO (che do lay mau v1)
505,exp,flat_pit0_cit0.20,5,47,464.5407572282111,899.9117672715299,0.516207003978475,0,,0.0,,KHONG CO,KHONG CO,6576.14033644019,67.09277929355243,5298.4971831193,78.25110465288162,3.7475101947784424,16038.731515726295,,,0.004729783838810329,,cf8c88c,32a0ac1daca4dae772c0c1061b1a8032792fdbb581e1cba54a6c9c0fb70649ce,audits/paper_extras/v4_runs/v1/sweep_seed505_exp.json,KHONG CO (che do lay mau v1)
505,exp,flat_pit0_cit0.20,6,48,449.24167485403404,855.7852970948198,0.5249467084549113,0,,0.0,,KHONG CO,KHONG CO,6769.513158054207,112.74132871275327,5489.213077513167,80.1674582362175,31.615926454875556,16026.203176061228,,,0.007353487054438959,,cf8c88c,32a0ac1daca4dae772c0c1061b1a8032792fdbb581e1cba54a6c9c0fb70649ce,audits/paper_extras/v4_runs/v1/sweep_seed505_exp.json,KHONG CO (che do lay mau v1)
505,exp,flat_pit0_cit0.20,7,49,519.4409801241641,897.3946324721146,0.5788322788305791,0,,0.0,,KHONG CO,KHONG CO,6884.949480428552,45.672804790401706,5528.02524368195,76.65414333343506,7.75809078094688,16119.85852315782,,,0.004722350845292243,,cf8c88c,32a0ac1daca4dae772c0c1061b1a8032792fdbb581e1cba54a6c9c0fb70649ce,audits/paper_extras/v4_runs/v1/sweep_seed505_exp.json,KHONG CO (che do lay mau v1)
505,exp,flat_pit0_cit0.20,8,50,482.71807247747796,863.7543209060902,0.5588603851742241,0,,0.0,,KHONG CO,KHONG CO,6700.592901227035,108.14652815584668,5430.808648099931,80.80624276399612,12.657654971441689,15961.905423453953,,,0.006089033647868285,,cf8c88c,32a0ac1daca4dae772c0c1061b1a8032792fdbb581e1cba54a6c9c0fb70649ce,audits/paper_extras/v4_runs/v1/sweep_seed505_exp.json,KHONG CO (che do lay mau v1)
505,exp,flat_pit0_cit0.20,9,51,410.6218140759688,813.3646449817531,0.5048434507319661,0,,0.0,,KHONG CO,KHONG CO,6677.4173271781265,91.04901589366091,5398.355142066805,76.65414333343506,30.239920364737724,16079.883949966055,,,0.006162034937398934,,cf8c88c,32a0ac1daca4dae772c0c1061b1a8032792fdbb581e1cba54a6c9c0fb70649ce,audits/paper_extras/v4_runs/v1/sweep_seed505_exp.json,KHONG CO (che do lay mau v1)
505,exp,flat_pit0_cit0.30,0,42,407.2437979397896,878.8576174842269,0.4633785835588988,0,,0.004166666666666667,,KHONG CO,KHONG CO,11062.551911728266,159.699900977785,8950.566922755579,76.65414333343506,1.8737550973892212,16738.41328597482,,,0.0035456417931491874,,cf8c88c,32a0ac1daca4dae772c0c1061b1a8032792fdbb581e1cba54a6c9c0fb70649ce,audits/paper_extras/v4_runs/v1/sweep_seed505_exp.json,KHONG CO (che do lay mau v1)
505,exp,flat_pit0_cit0.30,1,43,402.1912979340549,947.1886179279538,0.42461584770082916,0,,0.0,,KHONG CO,KHONG CO,11109.27608559309,177.1541719833285,9002.254651247205,76.65414333343506,0.0,17090.409105026414,,,0.0029086382058716876,,cf8c88c,32a0ac1daca4dae772c0c1061b1a8032792fdbb581e1cba54a6c9c0fb70649ce,audits/paper_extras/v4_runs/v1/sweep_seed505_exp.json,KHONG CO (che do lay mau v1)
505,exp,flat_pit0_cit0.30,2,44,401.0371974099352,927.3133287073234,0.4324721590802343,0,,0.0,,KHONG CO,KHONG CO,11320.735899864052,169.5251908839128,9155.402361850904,77.29292786121374,20.742032772376543,17127.980119485743,,,0.005990821656139921,,cf8c88c,32a0ac1daca4dae772c0c1061b1a8032792fdbb581e1cba54a6c9c0fb70649ce,audits/paper_extras/v4_runs/v1/sweep_seed505_exp.json,KHONG CO (che do lay mau v1)
505,exp,flat_pit0_cit0.30,3,45,439.2023335088386,951.2998471336505,0.4616865385106427,0,,0.0,,KHONG CO,KHONG CO,11458.003328142704,112.40394862799226,9216.952783262168,76.65414333343506,0.0,17191.32837030696,,,0.0035888733987109855,,cf8c88c,32a0ac1daca4dae772c0c1061b1a8032792fdbb581e1cba54a6c9c0fb70649ce,audits/paper_extras/v4_runs/v1/sweep_seed505_exp.json,KHONG CO (che do lay mau v1)
505,exp,flat_pit0_cit0.30,4,46,357.1851104261066,854.2336915757917,0.4181351238525991,0,,0.0,,KHONG CO,KHONG CO,11118.973040820707,99.56699064045138,8937.05824564092,78.57049691677094,9.818374163397532,17125.136225954207,,,0.005920202276559068,,cf8c88c,32a0ac1daca4dae772c0c1061b1a8032792fdbb581e1cba54a6c9c0fb70649ce,audits/paper_extras/v4_runs/v1/sweep_seed505_exp.json,KHONG CO (che do lay mau v1)
505,exp,flat_pit0_cit0.30,5,47,425.04447220099354,898.0029002060342,0.47332193704883696,0,,0.0,,KHONG CO,KHONG CO,11205.176383917405,94.50624895305829,8986.15490981765,76.65414333343506,0.0,17090.528825188067,,,0.0038375716724622076,,cf8c88c,32a0ac1daca4dae772c0c1061b1a8032792fdbb581e1cba54a6c9c0fb70649ce,audits/paper_extras/v4_runs/v1/sweep_seed505_exp.json,KHONG CO (che do lay mau v1)
505,exp,flat_pit0_cit0.30,6,48,413.47991507627313,866.4971861497846,0.4771855254528179,0,,0.0,,KHONG CO,KHONG CO,11504.956693481383,249.49880356950862,9374.553285779728,76.65414333343506,7.554594540647964,17112.715384590192,,,0.003767998039242866,,cf8c88c,32a0ac1daca4dae772c0c1061b1a8032792fdbb581e1cba54a6c9c0fb70649ce,audits/paper_extras/v4_runs/v1/sweep_seed505_exp.json,KHONG CO (che do lay mau v1)
505,exp,flat_pit0_cit0.30,7,49,488.1766957478397,920.7873571628094,0.530173108862009,0,,0.0,,KHONG CO,KHONG CO,11571.895387054512,152.29079313639093,9325.22871220391,79.52867370843887,4.114920479479119,17160.274966899324,,,0.005376520516961055,,cf8c88c,32a0ac1daca4dae772c0c1061b1a8032792fdbb581e1cba54a6c9c0fb70649ce,audits/paper_extras/v4_runs/v1/sweep_seed505_exp.json,KHONG CO (che do lay mau v1)
505,exp,flat_pit0_cit0.30,8,50,365.7999491059822,899.1928445778414,0.4068092304245595,0,,0.0,,KHONG CO,KHONG CO,11238.16882918094,157.97339353063404,9086.784214137107,76.65414333343506,3.4399113380834865,17171.273030571323,,,0.004543941170136284,,cf8c88c,32a0ac1daca4dae772c0c1061b1a8032792fdbb581e1cba54a6c9c0fb70649ce,audits/paper_extras/v4_runs/v1/sweep_seed505_exp.json,KHONG CO (che do lay mau v1)
505,exp,flat_pit0_cit0.30,9,51,384.6402055939926,832.401561973769,0.46208491570095533,0,,0.0,,KHONG CO,KHONG CO,11231.039566171563,150.30138027096424,9077.482502191842,76.65414333343506,5.5298775392986315,17039.07419223075,,,0.004906297829212225,,cf8c88c,32a0ac1daca4dae772c0c1061b1a8032792fdbb581e1cba54a6c9c0fb70649ce,audits/paper_extras/v4_runs/v1/sweep_seed505_exp.json,KHONG CO (che do lay mau v1)
505,exp,flat_pit0_cit0.50,0,42,388.6912582564448,943.043272985966,0.41216693803003157,0,,0.0,,KHONG CO,KHONG CO,25374.660659533965,320.20057206968727,20490.852053790757,76.65414333343506,17.838730898608205,20024.79640533686,,,0.004458088792595996,,cf8c88c,32a0ac1daca4dae772c0c1061b1a8032792fdbb581e1cba54a6c9c0fb70649ce,audits/paper_extras/v4_runs/v1/sweep_seed505_exp.json,KHONG CO (che do lay mau v1)
505,exp,flat_pit0_cit0.50,1,43,396.86260819219797,990.0973015316569,0.40083192589077965,0,,0.0,,KHONG CO,KHONG CO,25534.18587592751,558.0656487768565,20810.378583525286,78.88988918066025,38.24315225309198,20033.462836394436,,,0.006135931764118363,,cf8c88c,32a0ac1daca4dae772c0c1061b1a8032792fdbb581e1cba54a6c9c0fb70649ce,audits/paper_extras/v4_runs/v1/sweep_seed505_exp.json,KHONG CO (che do lay mau v1)
505,exp,flat_pit0_cit0.50,2,44,431.59469302172437,986.1103915531714,0.43767381088231094,0,,0.016666666666666666,,KHONG CO,KHONG CO,25597.208192615624,292.7092351696458,20559.43745166399,76.65414333343506,37.19820771178182,20045.689714731612,,,0.0058853003435642565,,cf8c88c,32a0ac1daca4dae772c0c1061b1a8032792fdbb581e1cba54a6c9c0fb70649ce,audits/paper_extras/v4_runs/v1/sweep_seed505_exp.json,KHONG CO (che do lay mau v1)
505,exp,flat_pit0_cit0.50,3,45,442.85807267000604,999.667758197035,0.4430052575354926,0,,0.0,,KHONG CO,KHONG CO,25930.99590551198,390.76296261307067,20992.54322554294,76.65414333343506,7.512200248601896,19966.528426203113,,,0.0059554184025287105,,cf8c88c,32a0ac1daca4dae772c0c1061b1a8032792fdbb581e1cba54a6c9c0fb70649ce,audits/paper_extras/v4_runs/v1/sweep_seed505_exp.json,KHONG CO (che do lay mau v1)
505,exp,flat_pit0_cit0.50,4,46,413.84956551304975,892.7922732751612,0.4635451917553728,0,,0.0,,KHONG CO,KHONG CO,24605.596040946955,392.5909394980034,19880.269471843825,93.90132558345795,172.3773412478978,19378.095030836692,,,0.01374170721391433,,cf8c88c,32a0ac1daca4dae772c0c1061b1a8032792fdbb581e1cba54a6c9c0fb70649ce,audits/paper_extras/v4_runs/v1/sweep_seed505_exp.json,KHONG CO (che do lay mau v1)
505,exp,flat_pit0_cit0.50,5,47,437.82270651401365,984.6598727061287,0.444643595875143,0,,0.04583333333333333,,KHONG CO,KHONG CO,24924.317315897213,411.4139806483212,20191.59098331223,77.93171238899231,1.9401035283206558,19914.91605859668,,,0.00491779853298965,,cf8c88c,32a0ac1daca4dae772c0c1061b1a8032792fdbb581e1cba54a6c9c0fb70649ce,audits/paper_extras/v4_runs/v1/sweep_seed505_exp.json,KHONG CO (che do lay mau v1)
505,exp,flat_pit0_cit0.50,6,48,397.1365840972954,895.8682343500991,0.44329798609880966,0,,0.0,,KHONG CO,KHONG CO,25263.1474987668,243.44762847858283,20276.28655969272,83.68077313899994,81.1726730725529,20041.53418386543,,,0.01032228133398162,,cf8c88c,32a0ac1daca4dae772c0c1061b1a8032792fdbb581e1cba54a6c9c0fb70649ce,audits/paper_extras/v4_runs/v1/sweep_seed505_exp.json,KHONG CO (che do lay mau v1)
505,exp,flat_pit0_cit0.50,7,49,507.3345474385238,986.908699454178,0.5140643179243546,0,,0.0,,KHONG CO,KHONG CO,26447.15732391191,490.5696412622869,21457.493290400133,76.65414333343506,32.72368420258184,20082.862939842864,,,0.006169777176241264,,cf8c88c,32a0ac1daca4dae772c0c1061b1a8032792fdbb581e1cba54a6c9c0fb70649ce,audits/paper_extras/v4_runs/v1/sweep_seed505_exp.json,KHONG CO (che do lay mau v1)
505,exp,flat_pit0_cit0.50,8,50,404.91610300721726,963.9776462034395,0.42004719155257575,0,,0.0,,KHONG CO,KHONG CO,25608.486363341926,351.08039509710557,20683.878220015315,76.65414333343506,19.86889293109389,19998.309606112885,,,0.004753011636158282,,cf8c88c,32a0ac1daca4dae772c0c1061b1a8032792fdbb581e1cba54a6c9c0fb70649ce,audits/paper_extras/v4_runs/v1/sweep_seed505_exp.json,KHONG CO (che do lay mau v1)
505,exp,flat_pit0_cit0.50,9,51,350.70064044884975,884.5457293070683,0.3964754210317426,0,,0.0,,KHONG CO,KHONG CO,25346.805058617727,443.0961470764469,20560.726938208456,78.25110465288162,71.10925374805704,20009.0396310294,,,0.008250025120068054,,cf8c88c,32a0ac1daca4dae772c0c1061b1a8032792fdbb581e1cba54a6c9c0fb70649ce,audits/paper_extras/v4_runs/v1/sweep_seed505_exp.json,KHONG CO (che do lay mau v1)
606,det,rl_learned,0,42,360.0778721497838,865.1852111261535,0.4161858842699063,0,57,0.0,0.0,KHONG CO,KHONG CO,14837.325792535039,1200.6862020045544,15452.87998310151,114.1894078552723,0.0,15292.220578613547,178.7220249692541,0.0,0.003147936581824078,4.557098402939724,cf8c88c,1a752a7496585b5b54bbf1a58c6356571450f500891c333d9fb60594afddf3ac,audits/paper_extras/v4_runs/v1/sweep_seed606_det.json,audits/paper_extras/v4_runs/v2/bench2_seed606_det.json
606,det,rl_learned,1,43,442.60148828187306,903.2940184649004,0.4899860723466878,0,46,0.0,0.0,KHONG CO,KHONG CO,14686.092482553335,1360.9389227568508,15443.265545251757,115.9746442437172,0.0,15223.219751102733,264.5714647119807,0.0,0.0026981575384417357,4.056063381617711,cf8c88c,1a752a7496585b5b54bbf1a58c6356571450f500891c333d9fb60594afddf3ac,audits/paper_extras/v4_runs/v1/sweep_seed606_det.json,audits/paper_extras/v4_runs/v2/bench2_seed606_det.json
606,det,rl_learned,2,44,369.2980389371804,975.0719871790868,0.3787392559656759,0,70,0.0,0.0,KHONG CO,KHONG CO,15214.431423734217,1386.5198671534843,15984.642612756577,103.99539676308632,0.0,15231.139836456688,281.173444911355,0.0,0.003623595620933208,4.263098125581232,cf8c88c,1a752a7496585b5b54bbf1a58c6356571450f500891c333d9fb60594afddf3ac,audits/paper_extras/v4_runs/v1/sweep_seed606_det.json,audits/paper_extras/v4_runs/v2/bench2_seed606_det.json
606,det,rl_learned,3,45,407.9981652625028,901.1653004838633,0.4527450902109037,0,52,0.0,0.0,KHONG CO,KHONG CO,15570.720216526566,1510.7459079390167,16525.979945143972,114.42601186037066,0.0,15174.663456483613,266.3967109776045,0.0,0.0029494878790743023,4.494344746568003,cf8c88c,1a752a7496585b5b54bbf1a58c6356571450f500891c333d9fb60594afddf3ac,audits/paper_extras/v4_runs/v1/sweep_seed606_det.json,audits/paper_extras/v4_runs/v2/bench2_seed606_det.json
606,det,rl_learned,4,46,378.11791033606363,822.8856120171744,0.45950239597599374,0,49,0.0,0.0,KHONG CO,KHONG CO,14824.053978095371,1275.6278362078194,15574.52409013029,114.42067408561707,0.0,15120.15146132843,290.585588758849,0.0,0.0028257174137924796,5.07575650268039,cf8c88c,1a752a7496585b5b54bbf1a58c6356571450f500891c333d9fb60594afddf3ac,audits/paper_extras/v4_runs/v1/sweep_seed606_det.json,audits/paper_extras/v4_runs/v2/bench2_seed606_det.json
606,det,rl_learned,5,47,406.91073949748,857.6402158800357,0.47445389332628674,0,48,0.004166666666666667,-8.881784197001252e-16,KHONG CO,KHONG CO,15013.595823878268,1696.251956511398,16106.07581015273,114.41422542929651,0.0,15142.722278966414,346.63546584121946,0.0,0.0027836298717049375,4.605484678288438,cf8c88c,1a752a7496585b5b54bbf1a58c6356571450f500891c333d9fb60594afddf3ac,audits/paper_extras/v4_runs/v1/sweep_seed606_det.json,audits/paper_extras/v4_runs/v2/bench2_seed606_det.json
606,det,rl_learned,6,48,418.51257888693794,868.8089681858247,0.4817084010548849,0,66,0.0,0.0,KHONG CO,KHONG CO,15216.362813924059,1403.0150584406258,16078.161110065052,115.20056167244908,0.0,15197.351272455122,228.66492817206048,0.0,0.0034829361230329318,4.987878936390951,cf8c88c,1a752a7496585b5b54bbf1a58c6356571450f500891c333d9fb60594afddf3ac,audits/paper_extras/v4_runs/v1/sweep_seed606_det.json,audits/paper_extras/v4_runs/v2/bench2_seed606_det.json
606,det,rl_learned,7,49,477.9090704105199,890.9001030005347,0.5364339602172356,0,54,0.0,0.0,KHONG CO,KHONG CO,15424.715052190477,1600.6937150865758,16396.2740417249,122.68329495191574,0.0,15274.545178407547,231.90625219268833,0.0,0.003030005056072062,4.557799124946882,cf8c88c,1a752a7496585b5b54bbf1a58c6356571450f500891c333d9fb60594afddf3ac,audits/paper_extras/v4_runs/v1/sweep_seed606_det.json,audits/paper_extras/v4_runs/v2/bench2_seed606_det.json
606,det,rl_learned,8,50,412.9322881493289,893.0811405244341,0.4623681650100093,0,61,0.004166666666666667,-8.881784197001252e-16,KHONG CO,KHONG CO,15319.854993221164,1586.0542380333432,16305.00609723413,113.25345388054848,0.0,15212.89948465621,274.75019548363457,0.0,0.0033001594538481726,4.716832570194784,cf8c88c,1a752a7496585b5b54bbf1a58c6356571450f500891c333d9fb60594afddf3ac,audits/paper_extras/v4_runs/v1/sweep_seed606_det.json,audits/paper_extras/v4_runs/v2/bench2_seed606_det.json
606,det,rl_learned,9,51,411.02437554840736,823.5783742060667,0.49907135546709414,0,57,0.0,4.374278717023117e-14,KHONG CO,KHONG CO,14584.855708462961,1177.5210831382813,15135.257270347785,116.91487285494803,0.0,15172.33896713971,337.86568125878296,0.0,0.0031479365818240777,5.334802994478268,cf8c88c,1a752a7496585b5b54bbf1a58c6356571450f500891c333d9fb60594afddf3ac,audits/paper_extras/v4_runs/v1/sweep_seed606_det.json,audits/paper_extras/v4_runs/v2/bench2_seed606_det.json
606,det,free_market+rl_aux,0,42,322.2929768466462,828.8417616044763,0.3888474154858579,0,42,0.0,1.4121934732713726e-08,KHONG CO,KHONG CO,0.0,0.0,0.0,114.5473301410675,0.0,14791.076419591087,94.37625026784298,0.0,0.0025217660030228866,3.1836817573594045,cf8c88c,1a752a7496585b5b54bbf1a58c6356571450f500891c333d9fb60594afddf3ac,audits/paper_extras/v4_runs/v1/sweep_seed606_det.json,audits/paper_extras/v4_runs/v2/bench2_seed606_det.json
606,det,free_market+rl_aux,1,43,409.49948606064817,887.1156987238295,0.4616077549408024,0,45,0.0,0.0,KHONG CO,KHONG CO,0.0,0.0,0.0,114.54733014106753,0.0,14736.821047786294,148.63162207263798,0.0,0.002654754760663958,2.8856589702238704,cf8c88c,1a752a7496585b5b54bbf1a58c6356571450f500891c333d9fb60594afddf3ac,audits/paper_extras/v4_runs/v1/sweep_seed606_det.json,audits/paper_extras/v4_runs/v2/bench2_seed606_det.json
606,det,free_market+rl_aux,2,44,307.9334576945052,919.4862541596551,0.3348972932454922,0,64,0.0,0.0,KHONG CO,KHONG CO,0.0,0.0,0.0,114.5473301410675,0.0,14775.504119915518,109.9485499434162,0.0,0.003410784698745076,3.084257139049421,cf8c88c,1a752a7496585b5b54bbf1a58c6356571450f500891c333d9fb60594afddf3ac,audits/paper_extras/v4_runs/v1/sweep_seed606_det.json,audits/paper_extras/v4_runs/v2/bench2_seed606_det.json
606,det,free_market+rl_aux,3,45,407.4884286250796,861.0953282861228,0.4732210421302858,0,43,0.0,0.0,KHONG CO,KHONG CO,0.0,0.0,0.0,114.54733014106752,0.0,14724.579005037256,160.87366482167795,0.0,0.0025665688704063993,3.1712043145812143,cf8c88c,1a752a7496585b5b54bbf1a58c6356571450f500891c333d9fb60594afddf3ac,audits/paper_extras/v4_runs/v1/sweep_seed606_det.json,audits/paper_extras/v4_runs/v2/bench2_seed606_det.json
606,det,free_market+rl_aux,4,46,388.79768319266805,826.0437251829111,0.4706744586753885,0,55,0.0,0.0,KHONG CO,KHONG CO,0.0,0.0,0.0,114.54733014106752,0.0,14649.11004877615,236.34262108278568,0.0,0.0030696875957546017,3.6151104159291423,cf8c88c,1a752a7496585b5b54bbf1a58c6356571450f500891c333d9fb60594afddf3ac,audits/paper_extras/v4_runs/v1/sweep_seed606_det.json,audits/paper_extras/v4_runs/v2/bench2_seed606_det.json
606,det,free_market+rl_aux,5,47,403.3573715796482,882.4295124040965,0.4570986871016347,0,55,0.0,0.0,KHONG CO,KHONG CO,0.0,0.0,0.0,114.5473301410675,0.0,14669.64704649378,215.80562336515038,0.0,0.0030696875957546017,3.239683336141374,cf8c88c,1a752a7496585b5b54bbf1a58c6356571450f500891c333d9fb60594afddf3ac,audits/paper_extras/v4_runs/v1/sweep_seed606_det.json,audits/paper_extras/v4_runs/v2/bench2_seed606_det.json
606,det,free_market+rl_aux,6,48,367.6376779714842,811.6478244436387,0.45295221264652474,0,45,0.0,6.661338147750939e-16,KHONG CO,KHONG CO,0.0,0.0,0.0,114.5473301410675,0.0,14727.227300937873,158.22536892105649,0.0,0.0026547547606639577,3.483936366995195,cf8c88c,1a752a7496585b5b54bbf1a58c6356571450f500891c333d9fb60594afddf3ac,audits/paper_extras/v4_runs/v1/sweep_seed606_det.json,audits/paper_extras/v4_runs/v2/bench2_seed606_det.json
606,det,free_market+rl_aux,7,49,394.342587676642,861.7735839011801,0.4575941930030909,0,46,0.0,1.2212453270876722e-14,KHONG CO,KHONG CO,0.0,0.0,0.0,114.5473301410675,0.0,14832.009408807313,53.443261051621164,0.0,0.0026981575384417357,3.160938846634163,cf8c88c,1a752a7496585b5b54bbf1a58c6356571450f500891c333d9fb60594afddf3ac,audits/paper_extras/v4_runs/v1/sweep_seed606_det.json,audits/paper_extras/v4_runs/v2/bench2_seed606_det.json
606,det,free_market+rl_aux,8,50,412.69294737154695,846.2359086968175,0.48768073196880046,0,51,0.0,0.0,KHONG CO,KHONG CO,0.0,0.0,0.0,114.5473301410675,0.0,14771.419980925988,114.03268893294995,0.0,0.0029086382058716876,3.3826268330850184,cf8c88c,1a752a7496585b5b54bbf1a58c6356571450f500891c333d9fb60594afddf3ac,audits/paper_extras/v4_runs/v1/sweep_seed606_det.json,audits/paper_extras/v4_runs/v2/bench2_seed606_det.json
606,det,free_market+rl_aux,9,51,351.69998138035845,817.422443916151,0.4302548627065039,0,61,0.0,6.661338147750939e-16,KHONG CO,KHONG CO,0.0,0.0,0.0,114.5473301410675,0.0,14742.538406917813,142.91426294112165,0.0,0.003300159453848173,3.754222372262598,cf8c88c,1a752a7496585b5b54bbf1a58c6356571450f500891c333d9fb60594afddf3ac,audits/paper_extras/v4_runs/v1/sweep_seed606_det.json,audits/paper_extras/v4_runs/v2/bench2_seed606_det.json
606,det,rl_mean_fixed,0,42,353.4579527114208,854.5869415928087,0.4136009287160808,0,51,0.12083333333333333,-0.0005258454865687927,KHONG CO,KHONG CO,9922.380818457636,636.8253647453437,8951.99765954553,114.5473301410675,0.0,16287.614461761692,205.04673175468886,0.0,0.002908638205871688,4.093577417043458,cf8c88c,1a752a7496585b5b54bbf1a58c6356571450f500891c333d9fb60594afddf3ac,audits/paper_extras/v4_runs/v1/sweep_seed606_det.json,audits/paper_extras/v4_runs/v2/bench2_seed606_det.json
606,det,rl_mean_fixed,1,43,437.74780693571637,946.2530928584849,0.46261175814321265,0,53,0.2625,-0.0008813746942910151,KHONG CO,KHONG CO,10058.699209785906,743.0808018478818,9157.525207962142,114.54733014106753,0.0,16208.459004888842,321.248468641743,0.0,0.002989940953507959,3.6240893447591573,cf8c88c,1a752a7496585b5b54bbf1a58c6356571450f500891c333d9fb60594afddf3ac,audits/paper_extras/v4_runs/v1/sweep_seed606_det.json,audits/paper_extras/v4_runs/v2/bench2_seed606_det.json
606,det,rl_mean_fixed,2,44,335.79575346223476,981.7394203126819,0.34204163193863046,0,65,0.225,-0.000881374694290971,KHONG CO,KHONG CO,10312.319159968569,766.4354717448706,9392.067746705225,114.5473301410675,0.0,16204.758260065502,367.38129480162945,0.0,0.0034470165828030474,3.7504205327412334,cf8c88c,1a752a7496585b5b54bbf1a58c6356571450f500891c333d9fb60594afddf3ac,audits/paper_extras/v4_runs/v1/sweep_seed606_det.json,audits/paper_extras/v4_runs/v2/bench2_seed606_det.json
606,det,rl_mean_fixed,3,45,396.47597849265844,912.8823117218654,0.43431225843869314,0,54,0.3458333333333333,-0.0008813746942909291,KHONG CO,KHONG CO,10402.535879533543,886.3421818813989,9570.52950479841,114.5473301410675,0.0,16207.190612853881,396.6106136215906,0.0,0.0030300050560720616,3.9542495265079967,cf8c88c,1a752a7496585b5b54bbf1a58c6356571450f500891c333d9fb60594afddf3ac,audits/paper_extras/v4_runs/v1/sweep_seed606_det.json,audits/paper_extras/v4_runs/v2/bench2_seed606_det.json
606,det,rl_mean_fixed,4,46,406.19336293340876,856.4700014274853,0.4742645536404113,0,57,0.29583333333333334,-0.0008813746942912815,KHONG CO,KHONG CO,9921.327220237079,716.518642687852,9018.680113024566,114.5473301410675,0.0,16109.544689969332,395.07372978996045,0.0,0.003147936581824078,4.520310997734796,cf8c88c,1a752a7496585b5b54bbf1a58c6356571450f500891c333d9fb60594afddf3ac,audits/paper_extras/v4_runs/v1/sweep_seed606_det.json,audits/paper_extras/v4_runs/v2/bench2_seed606_det.json
606,det,rl_mean_fixed,5,47,370.96057369311825,890.2888648033427,0.41667439452369237,0,57,0.24166666666666667,-0.0010706180538511134,KHONG CO,KHONG CO,10096.56197843048,1001.9606355238736,9409.126448009265,114.5473301410675,0.0,16138.069361358697,436.7794744453293,0.0,0.0031479365818240777,4.057866468987913,cf8c88c,1a752a7496585b5b54bbf1a58c6356571450f500891c333d9fb60594afddf3ac,audits/paper_extras/v4_runs/v1/sweep_seed606_det.json,audits/paper_extras/v4_runs/v2/bench2_seed606_det.json
606,det,rl_mean_fixed,6,48,438.12506051852114,877.8964231992371,0.499062359682367,0,55,0.22916666666666666,-0.00013990074512554296,KHONG CO,KHONG CO,10262.438118831327,874.6654300091878,9441.981682318798,114.5473301410675,0.0,16148.661905783027,431.912630597618,0.0,0.0030696875957546012,4.451527358105798,cf8c88c,1a752a7496585b5b54bbf1a58c6356571450f500891c333d9fb60594afddf3ac,audits/paper_extras/v4_runs/v1/sweep_seed606_det.json,audits/paper_extras/v4_runs/v2/bench2_seed606_det.json
606,det,rl_mean_fixed,7,49,433.28922697194827,912.9618374999386,0.47459730426243296,0,58,0.19583333333333333,-0.0010374056795068205,KHONG CO,KHONG CO,10436.323380349111,825.1417034413931,9547.584955957716,114.5473301410675,0.0,16265.195653126793,334.137144564908,0.0,0.003186516828737658,3.9754534513531286,cf8c88c,1a752a7496585b5b54bbf1a58c6356571450f500891c333d9fb60594afddf3ac,audits/paper_extras/v4_runs/v1/sweep_seed606_det.json,audits/paper_extras/v4_runs/v2/bench2_seed606_det.json
606,det,rl_mean_fixed,8,50,415.6631105994379,885.4277486077896,0.4694489316073611,0,53,0.07916666666666666,-0.0008813746942909291,KHONG CO,KHONG CO,10350.070928633002,931.8815077016998,9564.835322625948,114.5473301410675,0.0,16224.489324080972,378.0804594867112,0.0,0.0029899409535079587,4.196021674606858,cf8c88c,1a752a7496585b5b54bbf1a58c6356571450f500891c333d9fb60594afddf3ac,audits/paper_extras/v4_runs/v1/sweep_seed606_det.json,audits/paper_extras/v4_runs/v2/bench2_seed606_det.json
606,det,rl_mean_fixed,9,51,367.36117435241204,842.8621812109933,0.4358496353752651,0,56,0.15,-0.00013990074512548745,KHONG CO,KHONG CO,10067.69508656237,674.7049214239473,9107.298834727791,114.5473301410675,0.0,16224.747799506049,295.8060436114141,0.0,0.00310899577185523,4.695039038897335,cf8c88c,1a752a7496585b5b54bbf1a58c6356571450f500891c333d9fb60594afddf3ac,audits/paper_extras/v4_runs/v1/sweep_seed606_det.json,audits/paper_extras/v4_runs/v2/bench2_seed606_det.json
606,det,flat_pit0.10_cit0,0,42,221.25286220671455,839.9555905753529,0.26341019059729187,0,42,0.7541666666666667,-0.33887708239848546,KHONG CO,KHONG CO,6766.797232842452,104.4653535891116,5808.300590835882,114.5473301410675,0.0,15809.482879382193,138.93178607242405,0.0,0.002521766003022887,3.1420959340664107,cf8c88c,1a752a7496585b5b54bbf1a58c6356571450f500891c333d9fb60594afddf3ac,audits/paper_extras/v4_runs/v1/sweep_seed606_det.json,audits/paper_extras/v4_runs/v2/bench2_seed606_det.json
606,det,flat_pit0.10_cit0,1,43,209.81183050001547,894.2842529203583,0.23461425135784042,0,41,0.775,-0.630000009387732,KHONG CO,KHONG CO,6360.0483259041075,94.13790514384955,5461.542927333157,114.5473301410675,0.0,15774.456571132774,103.6394024409694,0.0,0.0024764761479504228,2.7911570267458696,cf8c88c,1a752a7496585b5b54bbf1a58c6356571450f500891c333d9fb60594afddf3ac,audits/paper_extras/v4_runs/v1/sweep_seed606_det.json,audits/paper_extras/v4_runs/v2/bench2_seed606_det.json
606,det,flat_pit0.10_cit0,2,44,303.2970364031589,970.2706331225313,0.31259014346037295,1,52,0.9,-0.6506101301508691,KHONG CO,KHONG CO,7579.332260285028,110.9685839906813,6507.140880558346,114.54733014106745,2.839403750915365,15652.844600311983,413.13297966852616,0.0,0.0034420541995028265,3.00972730786474,cf8c88c,1a752a7496585b5b54bbf1a58c6356571450f500891c333d9fb60594afddf3ac,audits/paper_extras/v4_runs/v1/sweep_seed606_det.json,audits/paper_extras/v4_runs/v2/bench2_seed606_det.json
606,det,flat_pit0.10_cit0,3,45,312.9589468464695,869.2580798160003,0.36002995440975927,0,45,0.9083333333333333,-0.630000009387732,KHONG CO,KHONG CO,7354.260663536264,109.98543594682235,6317.541848194008,114.5473301410675,0.0,15696.409338395108,335.74758275289054,0.0,0.002654754760663958,3.1598456034384146,cf8c88c,1a752a7496585b5b54bbf1a58c6356571450f500891c333d9fb60594afddf3ac,audits/paper_extras/v4_runs/v1/sweep_seed606_det.json,audits/paper_extras/v4_runs/v2/bench2_seed606_det.json
606,det,flat_pit0.10_cit0,4,46,303.5295943027504,838.4183289852753,0.36202642977773114,0,57,0.925,-0.9783377264277037,KHONG CO,KHONG CO,8593.447032488204,110.31585822550569,7368.08689549206,114.5473301410675,0.0,15637.98816043406,583.1405046464812,0.0,0.003147936581824078,3.6516749305495866,cf8c88c,1a752a7496585b5b54bbf1a58c6356571450f500891c333d9fb60594afddf3ac,audits/paper_extras/v4_runs/v1/sweep_seed606_det.json,audits/paper_extras/v4_runs/v2/bench2_seed606_det.json
606,det,flat_pit0.10_cit0,5,47,286.62771505537154,846.3653130175044,0.3386572094187933,0,47,0.8708333333333333,-0.7652697409470156,KHONG CO,KHONG CO,7653.38184301839,108.23995266887268,6569.827596890388,114.5473301410675,0.0,15681.273657496755,395.9732111590383,0.0,0.0027411128649022167,3.2851629800869717,cf8c88c,1a752a7496585b5b54bbf1a58c6356571450f500891c333d9fb60594afddf3ac,audits/paper_extras/v4_runs/v1/sweep_seed606_det.json,audits/paper_extras/v4_runs/v2/bench2_seed606_det.json
606,det,flat_pit0.10_cit0,6,48,329.2931550892854,827.265922139706,0.3980499453399162,0,49,0.825,-0.6242858270745864,KHONG CO,KHONG CO,8205.890989422074,111.46138106539921,7040.892015874478,114.5473301410675,0.0,15714.591909314697,447.32111515721465,0.0,0.00282571741379248,3.561488844922827,cf8c88c,1a752a7496585b5b54bbf1a58c6356571450f500891c333d9fb60594afddf3ac,audits/paper_extras/v4_runs/v1/sweep_seed606_det.json,audits/paper_extras/v4_runs/v2/bench2_seed606_det.json
606,det,flat_pit0.10_cit0,7,49,273.3534081972034,864.4053537445036,0.3162328958434468,0,44,0.7041666666666667,-0.630000009387732,KHONG CO,KHONG CO,6956.274881499742,108.93755047715165,5966.426817066595,114.54733014106749,0.0,15835.46595568941,148.77232907981997,0.0,0.002610895111541151,3.1187044006161075,cf8c88c,1a752a7496585b5b54bbf1a58c6356571450f500891c333d9fb60594afddf3ac,audits/paper_extras/v4_runs/v1/sweep_seed606_det.json,audits/paper_extras/v4_runs/v2/bench2_seed606_det.json
606,det,flat_pit0.10_cit0,8,50,292.36675636179933,836.0180723840477,0.34971344043803476,0,49,0.925,-0.6718279917305429,KHONG CO,KHONG CO,7538.7586398675585,103.4349979758715,6447.680349078038,114.54733014106752,0.0,15800.744124730632,279.22183389369104,0.0,0.0028257174137924796,3.3446547231242203,cf8c88c,1a752a7496585b5b54bbf1a58c6356571450f500891c333d9fb60594afddf3ac,audits/paper_extras/v4_runs/v1/sweep_seed606_det.json,audits/paper_extras/v4_runs/v2/bench2_seed606_det.json
606,det,flat_pit0.10_cit0,9,51,238.40603774170052,795.3002738684683,0.2997685849925026,0,47,0.825,-0.5808692217038408,KHONG CO,KHONG CO,8079.497064893357,102.16571163837547,6926.361494327941,114.5473301410675,0.0,15731.828735808722,408.92521625399087,0.0,0.0027411128649022167,3.695313349817846,cf8c88c,1a752a7496585b5b54bbf1a58c6356571450f500891c333d9fb60594afddf3ac,audits/paper_extras/v4_runs/v1/sweep_seed606_det.json,audits/paper_extras/v4_runs/v2/bench2_seed606_det.json
606,det,flat_pit0.20_cit0,0,42,137.18669084118477,826.7068806629358,0.16594356966180668,0,31,0.9041666666666667,-1.4217996878526298,KHONG CO,KHONG CO,12492.222233415734,171.84109359146473,10718.5615126269,114.54733014106748,0.0,15344.280857750942,1486.6736264882911,0.0,0.001994248415118488,2.9723132214506753,cf8c88c,1a752a7496585b5b54bbf1a58c6356571450f500891c333d9fb60594afddf3ac,audits/paper_extras/v4_runs/v1/sweep_seed606_det.json,audits/paper_extras/v4_runs/v2/bench2_seed606_det.json
606,det,flat_pit0.20_cit0,1,43,195.28728123998172,875.6331356785599,0.22302408769472448,0,41,0.9333333333333333,-1.4929403553987135,KHONG CO,KHONG CO,13899.002300905133,178.3202961426904,11908.392400605433,114.5473301410675,0.0,16767.614375135585,286.7684911657168,0.0,0.0024764761479504228,2.9362805221325865,cf8c88c,1a752a7496585b5b54bbf1a58c6356571450f500891c333d9fb60594afddf3ac,audits/paper_extras/v4_runs/v1/sweep_seed606_det.json,audits/paper_extras/v4_runs/v2/bench2_seed606_det.json
606,det,flat_pit0.20_cit0,2,44,235.6356149799498,980.6506130890785,0.240284982066845,0,62,0.9041666666666667,-1.462960090702148,KHONG CO,KHONG CO,14844.957261849806,176.56391438199284,12686.144371437911,114.5473301410675,0.0,16754.07716319516,466.75231145765446,0.0,0.003337361834800554,3.027199889621632,cf8c88c,1a752a7496585b5b54bbf1a58c6356571450f500891c333d9fb60594afddf3ac,audits/paper_extras/v4_runs/v1/sweep_seed606_det.json,audits/paper_extras/v4_runs/v2/bench2_seed606_det.json
606,det,flat_pit0.20_cit0,3,45,225.25010441640933,853.790976573613,0.2638234774047047,0,44,0.9166666666666666,-1.7685558048656373,KHONG CO,KHONG CO,15065.789736235745,196.32674884248388,12918.416809051447,114.5473301410675,0.0,16727.915824644042,501.2365212416899,0.0,0.0026108951115411507,3.224077330795339,cf8c88c,1a752a7496585b5b54bbf1a58c6356571450f500891c333d9fb60594afddf3ac,audits/paper_extras/v4_runs/v1/sweep_seed606_det.json,audits/paper_extras/v4_runs/v2/bench2_seed606_det.json
606,det,flat_pit0.20_cit0,4,46,144.22422857151827,812.0648274117965,0.1776018658894365,0,40,0.9333333333333333,-2.5517572613751334,KHONG CO,KHONG CO,15115.383168704806,195.25911272697488,12961.169797535511,114.5473301410675,0.0,16691.94520618968,542.9799475655063,0.0,0.002430688602162877,3.430663660586338,cf8c88c,1a752a7496585b5b54bbf1a58c6356571450f500891c333d9fb60594afddf3ac,audits/paper_extras/v4_runs/v1/sweep_seed606_det.json,audits/paper_extras/v4_runs/v2/bench2_seed606_det.json
606,det,flat_pit0.20_cit0,5,47,224.37692129594151,850.9478892821867,0.2636788035107692,0,46,0.9291666666666667,-2.0938728857005007,KHONG CO,KHONG CO,14832.169877292012,191.26454247482062,12715.817287700322,114.5473301410675,0.0,16686.335194642594,506.7346072828524,0.0,0.0026981575384417357,3.2097050589200005,cf8c88c,1a752a7496585b5b54bbf1a58c6356571450f500891c333d9fb60594afddf3ac,audits/paper_extras/v4_runs/v1/sweep_seed606_det.json,audits/paper_extras/v4_runs/v2/bench2_seed606_det.json
606,det,flat_pit0.20_cit0,6,48,159.32790212059473,815.5976297425045,0.19535110980018022,0,40,0.9,-1.6597256721037528,KHONG CO,KHONG CO,14419.65936191056,185.06164490669502,12362.501936977096,114.5473301410675,0.0,16765.375349006536,362.29639069254375,0.0,0.002430688602162877,3.35238311562092,cf8c88c,1a752a7496585b5b54bbf1a58c6356571450f500891c333d9fb60594afddf3ac,audits/paper_extras/v4_runs/v1/sweep_seed606_det.json,audits/paper_extras/v4_runs/v2/bench2_seed606_det.json
606,det,flat_pit0.20_cit0,7,49,148.35439391998253,856.1087656620172,0.17328918926003767,0,35,0.9083333333333333,-1.6184429322136278,KHONG CO,KHONG CO,13272.456434071995,187.38057678014138,11392.458656791137,114.5473301410675,0.0,16878.513645789386,74.31737813053684,0.0,0.0021938850089077326,3.0578280487565124,cf8c88c,1a752a7496585b5b54bbf1a58c6356571450f500891c333d9fb60594afddf3ac,audits/paper_extras/v4_runs/v1/sweep_seed606_det.json,audits/paper_extras/v4_runs/v2/bench2_seed606_det.json
606,det,flat_pit0.20_cit0,8,50,138.42299288235037,855.534634860165,0.16179706494872093,0,39,0.9333333333333333,-1.7529567561456731,KHONG CO,KHONG CO,13491.662214562968,177.7909330706389,11569.302593694312,114.5473301410675,0.0,16816.01922183705,169.5840019611754,0.0,0.0023843923058665807,3.1340112602873416,cf8c88c,1a752a7496585b5b54bbf1a58c6356571450f500891c333d9fb60594afddf3ac,audits/paper_extras/v4_runs/v1/sweep_seed606_det.json,audits/paper_extras/v4_runs/v2/bench2_seed606_det.json
606,det,flat_pit0.20_cit0,9,51,125.12344617977226,805.6344662872982,0.1553104434029413,0,34,0.925,-2.2403792834482887,KHONG CO,KHONG CO,14217.239586325293,178.34061841422744,12186.602812536983,114.54733014106748,0.0,16780.110364808836,314.31969725262036,0.0,0.002144865401064595,3.416503252473449,cf8c88c,1a752a7496585b5b54bbf1a58c6356571450f500891c333d9fb60594afddf3ac,audits/paper_extras/v4_runs/v1/sweep_seed606_det.json,audits/paper_extras/v4_runs/v2/bench2_seed606_det.json
606,det,flat_pit0.30_cit0,0,42,110.55608049363647,752.174957331463,0.1469818682688706,1,23,0.9291666666666667,-3.587103726857274,KHONG CO,KHONG CO,16756.866014141608,219.99885803282993,14368.272074855131,114.5473301410675,0.0,11363.0995736923,6130.607767172723,0.0,0.0015679612399697098,2.732222678045005,cf8c88c,1a752a7496585b5b54bbf1a58c6356571450f500891c333d9fb60594afddf3ac,audits/paper_extras/v4_runs/v1/sweep_seed606_det.json,audits/paper_extras/v4_runs/v2/bench2_seed606_det.json
606,det,flat_pit0.30_cit0,1,43,123.05906755622071,858.5800576076168,0.14332858824967076,3,33,0.9375,-3.3046723448395414,KHONG CO,KHONG CO,18830.606138114777,220.96523547482246,16123.880649583081,114.5473301410675,0.0,16305.47151776711,1506.7212717132254,0.0,0.0020971447565819026,2.753683901915099,cf8c88c,1a752a7496585b5b54bbf1a58c6356571450f500891c333d9fb60594afddf3ac,audits/paper_extras/v4_runs/v1/sweep_seed606_det.json,audits/paper_extras/v4_runs/v2/bench2_seed606_det.json
606,det,flat_pit0.30_cit0,2,44,144.99617833165115,936.4763169279352,0.15483165533465282,7,41,0.9208333333333333,-2.56729524626063,KHONG CO,KHONG CO,18303.227194129748,227.30298740589114,15678.515288941722,114.5473301410675,0.0,17297.431925410903,437.86817443754876,0.0,0.0025132194846964567,2.7175936944616117,cf8c88c,1a752a7496585b5b54bbf1a58c6356571450f500891c333d9fb60594afddf3ac,audits/paper_extras/v4_runs/v1/sweep_seed606_det.json,audits/paper_extras/v4_runs/v2/bench2_seed606_det.json
606,det,flat_pit0.30_cit0,3,45,136.2013167117755,893.6878674004116,0.1524036765856096,8,43,0.925,-3.4541620145820646,KHONG CO,KHONG CO,20003.039306024268,252.64109773943886,17142.210211729718,114.54733014106752,0.0,17691.65240747511,304.7899722687768,0.0,0.0025850250727464915,2.960779481686477,cf8c88c,1a752a7496585b5b54bbf1a58c6356571450f500891c333d9fb60594afddf3ac,audits/paper_extras/v4_runs/v1/sweep_seed606_det.json,audits/paper_extras/v4_runs/v2/bench2_seed606_det.json
606,det,flat_pit0.30_cit0,4,46,156.95850890425285,696.8271994348454,0.22524739136410354,3,24,0.9375,-3.9529136117559682,KHONG CO,KHONG CO,19445.10429961147,268.5657415589358,16689.81141241974,114.5473301410675,0.0,11725.735910463163,6182.474105515672,0.0,0.0016232425465455482,3.100322026143806,cf8c88c,1a752a7496585b5b54bbf1a58c6356571450f500891c333d9fb60594afddf3ac,audits/paper_extras/v4_runs/v1/sweep_seed606_det.json,audits/paper_extras/v4_runs/v2/bench2_seed606_det.json
606,det,flat_pit0.30_cit0,5,47,106.81022976747224,812.0133878155707,0.1315375231125273,3,30,0.9375,-3.362593617032699,KHONG CO,KHONG CO,18708.982985176124,252.31250479589937,16048.935429043639,114.5473301410675,0.0,14737.829388642424,3059.069999983966,0.0,0.0019497680114770623,2.8783321576391327,cf8c88c,1a752a7496585b5b54bbf1a58c6356571450f500891c333d9fb60594afddf3ac,audits/paper_extras/v4_runs/v1/sweep_seed606_det.json,audits/paper_extras/v4_runs/v2/bench2_seed606_det.json
606,det,flat_pit0.30_cit0,6,48,104.93228849516876,769.46665824825,0.13637015635486427,6,28,0.9291666666666667,-3.4837270938122256,KHONG CO,KHONG CO,19107.51271608073,252.6089857109385,16388.59034414976,114.5473301410675,0.0,13773.96134394842,4081.189697107593,0.0,0.0018453164557818151,3.0585093489324837,cf8c88c,1a752a7496585b5b54bbf1a58c6356571450f500891c333d9fb60594afddf3ac,audits/paper_extras/v4_runs/v1/sweep_seed606_det.json,audits/paper_extras/v4_runs/v2/bench2_seed606_det.json
606,det,flat_pit0.30_cit0,7,49,115.00822238984817,797.7256987354992,0.1441701358902583,0,26,0.9208333333333333,-2.8371424422997458,KHONG CO,KHONG CO,17506.430513316867,244.32069715565922,15023.39887399643,114.5473301410675,0.0,12919.411111940526,4693.393894394484,0.0,0.0017304507790019351,2.7774638284292794,cf8c88c,1a752a7496585b5b54bbf1a58c6356571450f500891c333d9fb60594afddf3ac,audits/paper_extras/v4_runs/v1/sweep_seed606_det.json,audits/paper_extras/v4_runs/v2/bench2_seed606_det.json
606,det,flat_pit0.30_cit0,8,50,92.8734304257008,719.4437287838315,0.12909061085666385,1,20,0.9375,-3.7244181157411482,KHONG CO,KHONG CO,15984.188199621574,219.97079185405232,13714.29778540741,114.54733014106749,0.0,9880.123366743936,7494.885509474612,0.0,0.00139099357769217,2.6718432133964343,cf8c88c,1a752a7496585b5b54bbf1a58c6356571450f500891c333d9fb60594afddf3ac,audits/paper_extras/v4_runs/v1/sweep_seed606_det.json,audits/paper_extras/v4_runs/v2/bench2_seed606_det.json
606,det,flat_pit0.30_cit0,9,51,91.06560274447159,647.8442272899181,0.14056712849849728,1,18,0.9375,-4.038619458263254,KHONG CO,KHONG CO,17530.293987682122,240.77391639087074,15044.19675037889,114.5473301410675,0.0,8842.544479634873,8769.507337818846,0.0,0.0012720774341596585,2.9830451437419407,cf8c88c,1a752a7496585b5b54bbf1a58c6356571450f500891c333d9fb60594afddf3ac,audits/paper_extras/v4_runs/v1/sweep_seed606_det.json,audits/paper_extras/v4_runs/v2/bench2_seed606_det.json
606,det,flat_pit0.50_cit0,0,42,234.75432378925242,442.1087218758392,0.5309877687850282,24,5,0.9416666666666667,-9.086755896581087,KHONG CO,KHONG CO,20465.55820549635,355.5039328615361,17629.700564449864,114.5473301410675,0.0,2422.860044927036,15637.938188811577,0.0,0.000393361973319428,2.3738639303095117,cf8c88c,1a752a7496585b5b54bbf1a58c6356571450f500891c333d9fb60594afddf3ac,audits/paper_extras/v4_runs/v1/sweep_seed606_det.json,audits/paper_extras/v4_runs/v2/bench2_seed606_det.json
606,det,flat_pit0.50_cit0,1,43,285.78930726421106,464.80028788140197,0.614864738072479,26,7,0.9458333333333333,-7.409678958141988,KHONG CO,KHONG CO,20708.412800236307,342.0789035494075,17822.908475877066,114.5473301410675,0.0,3386.785103220368,14709.524056895396,0.0,0.0005408661504288682,2.2483957155974656,cf8c88c,1a752a7496585b5b54bbf1a58c6356571450f500891c333d9fb60594afddf3ac,audits/paper_extras/v4_runs/v1/sweep_seed606_det.json,audits/paper_extras/v4_runs/v2/bench2_seed606_det.json
606,det,flat_pit0.50_cit0,2,44,273.2155785196487,430.9426441171315,0.6339952247691409,23,4,0.9416666666666667,-8.192146956093152,KHONG CO,KHONG CO,19225.69012866397,310.77926528669803,16539.969176100087,114.5473301410675,0.0,1914.5544540097096,15952.916709098276,0.0,0.00031760439756185223,2.2355542739333187,cf8c88c,1a752a7496585b5b54bbf1a58c6356571450f500891c333d9fb60594afddf3ac,audits/paper_extras/v4_runs/v1/sweep_seed606_det.json,audits/paper_extras/v4_runs/v2/bench2_seed606_det.json
606,det,flat_pit0.50_cit0,3,45,247.92396694443403,475.1390514808782,0.5217924440681585,23,7,0.9416666666666667,-8.652959926270166,KHONG CO,KHONG CO,21893.554129355332,368.22864002124743,18848.862407967008,114.5473301410675,0.0,3333.3072958887024,14950.766800146768,0.0,0.0005408661504288682,2.382691295563295,cf8c88c,1a752a7496585b5b54bbf1a58c6356571450f500891c333d9fb60594afddf3ac,audits/paper_extras/v4_runs/v1/sweep_seed606_det.json,audits/paper_extras/v4_runs/v2/bench2_seed606_det.json
606,det,flat_pit0.50_cit0,4,46,257.12773427664234,431.952914724788,0.595267969057385,31,11,0.9458333333333333,-9.75407722204024,KHONG CO,KHONG CO,23093.94721200615,499.34998869427784,19980.93065292275,114.5473301410675,0.0,4304.8084356382005,14169.020199477953,0.0,0.0009611044775929697,2.643671796338408,cf8c88c,1a752a7496585b5b54bbf1a58c6356571450f500891c333d9fb60594afddf3ac,audits/paper_extras/v4_runs/v1/sweep_seed606_det.json,audits/paper_extras/v4_runs/v2/bench2_seed606_det.json
606,det,flat_pit0.50_cit0,5,47,240.0835222682128,476.6287140334071,0.5037118310320373,27,10,0.9458333333333333,-8.781797991800993,KHONG CO,KHONG CO,23141.48416362131,458.8383010084859,19984.532255181606,114.5473301410675,0.0,4838.573812724859,13645.67878265633,0.0,0.0007527711442596364,2.5100611050646005,cf8c88c,1a752a7496585b5b54bbf1a58c6356571450f500891c333d9fb60594afddf3ac,audits/paper_extras/v4_runs/v1/sweep_seed606_det.json,audits/paper_extras/v4_runs/v2/bench2_seed606_det.json
606,det,flat_pit0.50_cit0,6,48,258.56670917602406,430.97542637201815,0.5999569658823869,31,11,0.9375,-8.39896527525599,KHONG CO,KHONG CO,22303.819193358137,506.47377539649324,19316.835881330422,114.5473301410675,0.0,3379.1502505964145,14979.753073769763,0.0,0.001096421705984424,2.585312572556134,cf8c88c,1a752a7496585b5b54bbf1a58c6356571450f500891c333d9fb60594afddf3ac,audits/paper_extras/v4_runs/v1/sweep_seed606_det.json,audits/paper_extras/v4_runs/v2/bench2_seed606_det.json
606,det,flat_pit0.50_cit0,7,49,197.9312361617461,508.81867468294666,0.38900151667011895,20,7,0.9375,-7.753983776658815,KHONG CO,KHONG CO,19761.238800400577,332.69461341092637,17009.876041338175,114.5473301410675,0.0,3466.48525847396,14490.041935136738,0.0,0.0005806515356089903,2.2589664622718493,cf8c88c,1a752a7496585b5b54bbf1a58c6356571450f500891c333d9fb60594afddf3ac,audits/paper_extras/v4_runs/v1/sweep_seed606_det.json,audits/paper_extras/v4_runs/v2/bench2_seed606_det.json
606,det,flat_pit0.50_cit0,8,50,239.97190466257567,452.0421073876194,0.530861839507361,27,9,0.9458333333333333,-7.973770889049371,KHONG CO,KHONG CO,21997.26518269504,446.20761669125244,19005.129657465037,114.5473301410675,0.0,4389.765353923394,13914.308819274298,0.0,0.0006845443113484086,2.5315867619791685,cf8c88c,1a752a7496585b5b54bbf1a58c6356571450f500891c333d9fb60594afddf3ac,audits/paper_extras/v4_runs/v1/sweep_seed606_det.json,audits/paper_extras/v4_runs/v2/bench2_seed606_det.json
606,det,flat_pit0.50_cit0,9,51,240.63411564272607,425.65523987132815,0.5653263324456376,28,8,0.9416666666666667,-10.086758817497033,KHONG CO,KHONG CO,23473.41726629686,481.08895516379545,20288.03460717741,114.54733014106749,0.0,3398.4893982282942,15135.665332588836,0.0,0.000679755039317757,2.718608641599881,cf8c88c,1a752a7496585b5b54bbf1a58c6356571450f500891c333d9fb60594afddf3ac,audits/paper_extras/v4_runs/v1/sweep_seed606_det.json,audits/paper_extras/v4_runs/v2/bench2_seed606_det.json
606,det,flat_pit0_cit0.10,0,42,338.00742600240676,831.5806432583953,0.40646379727886284,0,41,0.0,0.0,KHONG CO,KHONG CO,2311.318930867806,172.86546685820954,2100.7920415349295,114.5473301410675,0.0,15280.427710081594,0.0,11.582684031574672,0.0024764761479504228,3.4056965043961687,cf8c88c,1a752a7496585b5b54bbf1a58c6356571450f500891c333d9fb60594afddf3ac,audits/paper_extras/v4_runs/v1/sweep_seed606_det.json,audits/paper_extras/v4_runs/v2/bench2_seed606_det.json
606,det,flat_pit0_cit0.10,1,43,438.15621160381266,919.0836371826066,0.47673159860287917,0,53,0.0,0.0,KHONG CO,KHONG CO,2314.6122424261125,159.95517997901155,2097.955742762202,114.5473301410675,0.0,15206.719548244078,55.34480125776743,0.0,0.0029899409535079596,3.062029385936669,cf8c88c,1a752a7496585b5b54bbf1a58c6356571450f500891c333d9fb60594afddf3ac,audits/paper_extras/v4_runs/v1/sweep_seed606_det.json,audits/paper_extras/v4_runs/v2/bench2_seed606_det.json
606,det,flat_pit0_cit0.10,2,44,336.6424492605305,955.5595233042036,0.3522987747497546,0,70,0.0,0.0,KHONG CO,KHONG CO,2392.0238520655566,192.72974041247795,2191.218261307106,114.5473301410675,0.0,15228.658025029177,50.32997600068075,0.0,0.0036235956209332075,3.2379364395011714,cf8c88c,1a752a7496585b5b54bbf1a58c6356571450f500891c333d9fb60594afddf3ac,audits/paper_extras/v4_runs/v1/sweep_seed606_det.json,audits/paper_extras/v4_runs/v2/bench2_seed606_det.json
606,det,flat_pit0_cit0.10,3,45,402.09722161771083,897.8252435679642,0.44785689030058173,0,52,0.0,0.0,KHONG CO,KHONG CO,2407.933581996672,205.5956022984597,2215.728336328746,114.5473301410675,0.0,15209.719500011952,73.53401781336422,0.0,0.0029494878790743027,3.3230038708376566,cf8c88c,1a752a7496585b5b54bbf1a58c6356571450f500891c333d9fb60594afddf3ac,audits/paper_extras/v4_runs/v1/sweep_seed606_det.json,audits/paper_extras/v4_runs/v2/bench2_seed606_det.json
606,det,flat_pit0_cit0.10,4,46,389.9353383500958,821.6190548504819,0.47459383524285004,0,50,0.0,0.0,KHONG CO,KHONG CO,2299.6019695394225,172.61961538986435,2095.9259507925203,114.5473301410675,0.0,15148.342895870697,113.40540812500221,0.0,0.002867384080459147,3.800107900147053,cf8c88c,1a752a7496585b5b54bbf1a58c6356571450f500891c333d9fb60594afddf3ac,audits/paper_extras/v4_runs/v1/sweep_seed606_det.json,audits/paper_extras/v4_runs/v2/bench2_seed606_det.json
606,det,flat_pit0_cit0.10,5,47,401.4031208837102,870.5982621398621,0.4610658421222814,0,52,0.0,0.0,KHONG CO,KHONG CO,2335.7174679708764,245.0660283888569,2187.9226904518955,114.5473301410675,0.0,15144.811169122599,133.50230664416057,0.0,0.002949487879074302,3.4394239456912357,cf8c88c,1a752a7496585b5b54bbf1a58c6356571450f500891c333d9fb60594afddf3ac,audits/paper_extras/v4_runs/v1/sweep_seed606_det.json,audits/paper_extras/v4_runs/v2/bench2_seed606_det.json
606,det,flat_pit0_cit0.10,6,48,381.6419931124226,827.2119692415685,0.46135937015313266,0,46,0.0,2.6645352591003757e-15,KHONG CO,KHONG CO,2364.6385783149126,187.5063831844077,2163.73317399189,114.54733014106752,0.0,15216.507401063653,57.357056302711165,0.0,0.0026981575384417357,3.6764737879781055,cf8c88c,1a752a7496585b5b54bbf1a58c6356571450f500891c333d9fb60594afddf3ac,audits/paper_extras/v4_runs/v1/sweep_seed606_det.json,audits/paper_extras/v4_runs/v2/bench2_seed606_det.json
606,det,flat_pit0_cit0.10,7,49,415.2765926884876,886.6063880442787,0.468388902097272,0,53,0.0,1.1520473464088354e-10,KHONG CO,KHONG CO,2384.4505976504693,195.69523825765998,2187.4776707973783,114.5473301410675,0.0,14844.857785209228,433.26304976045236,0.0,0.0029899409535079587,3.3079847903979265,cf8c88c,1a752a7496585b5b54bbf1a58c6356571450f500891c333d9fb60594afddf3ac,audits/paper_extras/v4_runs/v1/sweep_seed606_det.json,audits/paper_extras/v4_runs/v2/bench2_seed606_det.json
606,det,flat_pit0_cit0.10,8,50,399.47817682773746,854.0667688394453,0.4677364714360345,0,52,0.0,0.0,KHONG CO,KHONG CO,2391.860557767659,223.08511248472902,2216.981375400464,114.5473301410675,0.0,15272.295106168025,11.121858542832161,0.0,0.002949487879074302,3.5832889247862103,cf8c88c,1a752a7496585b5b54bbf1a58c6356571450f500891c333d9fb60594afddf3ac,audits/paper_extras/v4_runs/v1/sweep_seed606_det.json,audits/paper_extras/v4_runs/v2/bench2_seed606_det.json
606,det,flat_pit0_cit0.10,9,51,361.23854271429553,807.1515566099832,0.44754735310365823,0,51,0.0,3.1086244689504383e-15,KHONG CO,KHONG CO,2335.1297475128736,180.49544175455134,2132.6993465140763,114.5473301410675,0.0,15233.741444861767,34.63706775051662,0.0,0.0029086382058716876,3.987544026733093,cf8c88c,1a752a7496585b5b54bbf1a58c6356571450f500891c333d9fb60594afddf3ac,audits/paper_extras/v4_runs/v1/sweep_seed606_det.json,audits/paper_extras/v4_runs/v2/bench2_seed606_det.json
606,det,flat_pit0_cit0.20,0,42,252.81827452400643,846.3249106052884,0.2987248411998079,0,42,0.0,0.0,KHONG CO,KHONG CO,4929.021993485875,357.7942193149397,4482.042281489729,114.5473301410675,0.0,15292.67978537602,397.5468157940057,0.0,0.002521766003022887,3.486116558816399,cf8c88c,1a752a7496585b5b54bbf1a58c6356571450f500891c333d9fb60594afddf3ac,audits/paper_extras/v4_runs/v1/sweep_seed606_det.json,audits/paper_extras/v4_runs/v2/bench2_seed606_det.json
606,det,flat_pit0_cit0.20,1,43,433.40889234820173,915.5737104629283,0.4733741122045362,0,48,0.0,0.0,KHONG CO,KHONG CO,5089.527342906094,385.38903998478844,4641.580325534678,114.5473301410675,0.0,15699.580795365442,19.207931849691345,0.0,0.002783629871704938,3.2931186155711223,cf8c88c,1a752a7496585b5b54bbf1a58c6356571450f500891c333d9fb60594afddf3ac,audits/paper_extras/v4_runs/v1/sweep_seed606_det.json,audits/paper_extras/v4_runs/v2/bench2_seed606_det.json
606,det,flat_pit0_cit0.20,2,44,347.91097080398185,982.8939742932139,0.35396592094702795,0,74,0.0,0.0,KHONG CO,KHONG CO,5227.3327546045975,415.8611055248874,4784.171643986783,114.5473301410675,0.0,15708.958132296046,35.51675370557947,0.0,0.0037596613773966995,3.4283745854482506,cf8c88c,1a752a7496585b5b54bbf1a58c6356571450f500891c333d9fb60594afddf3ac,audits/paper_extras/v4_runs/v1/sweep_seed606_det.json,audits/paper_extras/v4_runs/v2/bench2_seed606_det.json
606,det,flat_pit0_cit0.20,3,45,369.8820678505606,893.993111671081,0.4137415188347089,0,49,0.0,0.0,KHONG CO,KHONG CO,5264.3782783767865,442.96775764066433,4838.591475987395,114.54733014106739,0.0,15703.719086722382,50.48814316659812,0.0,0.0028257174137924796,3.5369484493805667,cf8c88c,1a752a7496585b5b54bbf1a58c6356571450f500891c333d9fb60594afddf3ac,audits/paper_extras/v4_runs/v1/sweep_seed606_det.json,audits/paper_extras/v4_runs/v2/bench2_seed606_det.json
606,det,flat_pit0_cit0.20,4,46,384.57812573928265,839.5163874849015,0.4580948406396643,0,54,0.004166666666666667,-8.881784197001252e-16,KHONG CO,KHONG CO,5030.625712222822,370.55238390572396,4579.040016711538,114.54733014106752,0.0,15625.02331449899,82.56743477695052,0.0,0.003030005056072062,4.048392507233515,cf8c88c,1a752a7496585b5b54bbf1a58c6356571450f500891c333d9fb60594afddf3ac,audits/paper_extras/v4_runs/v1/sweep_seed606_det.json,audits/paper_extras/v4_runs/v2/bench2_seed606_det.json
606,det,flat_pit0_cit0.20,5,47,372.24742349947684,888.7782802212033,0.418830468502032,0,55,0.004166666666666667,-8.881784197001252e-16,KHONG CO,KHONG CO,5115.17279081457,508.5894991081565,4767.631786029362,114.54733014106753,0.0,15647.3522362473,94.23093750499874,0.0,0.0030696875957546012,3.646134304572137,cf8c88c,1a752a7496585b5b54bbf1a58c6356571450f500891c333d9fb60594afddf3ac,audits/paper_extras/v4_runs/v1/sweep_seed606_det.json,audits/paper_extras/v4_runs/v2/bench2_seed606_det.json
606,det,flat_pit0_cit0.20,6,48,382.09824321729377,861.3889149566498,0.4435838871185418,0,54,0.0,5.440092820663267e-14,KHONG CO,KHONG CO,5173.257128291795,409.4012074233251,4732.921878592501,114.5473301410675,0.0,15703.42860466734,31.760522314214874,0.0,0.0030300050560720616,3.9539036941749157,cf8c88c,1a752a7496585b5b54bbf1a58c6356571450f500891c333d9fb60594afddf3ac,audits/paper_extras/v4_runs/v1/sweep_seed606_det.json,audits/paper_extras/v4_runs/v2/bench2_seed606_det.json
606,det,flat_pit0_cit0.20,7,49,445.40164749904665,950.6457264102858,0.4685253771464569,0,69,0.0,0.0,KHONG CO,KHONG CO,5333.171876412303,485.2497202847466,4922.683240398674,114.5473301410675,0.0,15786.883565228662,0.0,5.692539071346081,0.0035888733987109855,3.6655682794404667,cf8c88c,1a752a7496585b5b54bbf1a58c6356571450f500891c333d9fb60594afddf3ac,audits/paper_extras/v4_runs/v1/sweep_seed606_det.json,audits/paper_extras/v4_runs/v2/bench2_seed606_det.json
606,det,flat_pit0_cit0.20,8,50,419.52390647809165,885.0651699995565,0.47400340754376524,0,57,0.008333333333333333,-8.881784197001252e-16,KHONG CO,KHONG CO,5228.574057568066,465.8415093731189,4821.088223433492,114.5473301410675,0.0,15757.793514847905,0.9864985187062363,0.0,0.003147936581824078,3.808786869563967,cf8c88c,1a752a7496585b5b54bbf1a58c6356571450f500891c333d9fb60594afddf3ac,audits/paper_extras/v4_runs/v1/sweep_seed606_det.json,audits/paper_extras/v4_runs/v2/bench2_seed606_det.json
606,det,flat_pit0_cit0.20,9,51,346.7032621932275,792.916158726412,0.4372508472397698,0,44,0.0,2.788658193253468e-12,KHONG CO,KHONG CO,5007.992654004863,334.5820804213579,4529.395072373803,114.5473301410675,0.0,15247.94492595653,450.68740595481603,0.0,0.002610895111541151,4.1492225572108445,cf8c88c,1a752a7496585b5b54bbf1a58c6356571450f500891c333d9fb60594afddf3ac,audits/paper_extras/v4_runs/v1/sweep_seed606_det.json,audits/paper_extras/v4_runs/v2/bench2_seed606_det.json
606,det,flat_pit0_cit0.30,0,42,335.4314190927293,849.5816242162641,0.39481953179267915,0,47,0.0,9.396301514641436e-10,KHONG CO,KHONG CO,8192.528384385936,615.6856420501803,7467.353110495823,114.5473301410675,0.0,15793.786010679223,432.52757511999727,0.0,0.0027411128649022167,3.9282626529254925,cf8c88c,1a752a7496585b5b54bbf1a58c6356571450f500891c333d9fb60594afddf3ac,audits/paper_extras/v4_runs/v1/sweep_seed606_det.json,audits/paper_extras/v4_runs/v2/bench2_seed606_det.json
606,det,flat_pit0_cit0.30,1,43,427.64047963063433,962.0870022187187,0.44449252369529,0,58,0.0,0.0,KHONG CO,KHONG CO,8405.486796318924,634.5461325063218,7638.411129254864,114.5473301410675,0.0,16224.33461424151,62.73985518779655,0.0,0.0031865168287376583,3.5157364023315596,cf8c88c,1a752a7496585b5b54bbf1a58c6356571450f500891c333d9fb60594afddf3ac,audits/paper_extras/v4_runs/v1/sweep_seed606_det.json,audits/paper_extras/v4_runs/v2/bench2_seed606_det.json
606,det,flat_pit0_cit0.30,2,44,339.4141630057666,957.5894804892033,0.35444641980859093,0,63,0.0,0.0,KHONG CO,KHONG CO,8604.734974054356,675.7515378293275,7867.768460705581,114.5473301410675,0.0,16210.381538257341,87.78918277969882,0.0,0.0033742349911427363,3.701182586531921,cf8c88c,1a752a7496585b5b54bbf1a58c6356571450f500891c333d9fb60594afddf3ac,audits/paper_extras/v4_runs/v1/sweep_seed606_det.json,audits/paper_extras/v4_runs/v2/bench2_seed606_det.json
606,det,flat_pit0_cit0.30,3,45,383.69982755053144,907.4587215271152,0.4228289600928876,0,55,0.0,0.0,KHONG CO,KHONG CO,8687.66089207791,748.4165847180113,7999.8727820356025,114.5473301410675,0.0,16210.311248277936,111.34611634132794,0.0,0.0030696875957546017,3.8389747316527965,cf8c88c,1a752a7496585b5b54bbf1a58c6356571450f500891c333d9fb60594afddf3ac,audits/paper_extras/v4_runs/v1/sweep_seed606_det.json,audits/paper_extras/v4_runs/v2/bench2_seed606_det.json
606,det,flat_pit0_cit0.30,4,46,409.9648954676035,843.6632274079911,0.48593429480996764,0,55,0.004166666666666667,-8.881784197001252e-16,KHONG CO,KHONG CO,8283.036338125125,601.4297344913608,7530.0540099137,114.54733014106752,0.0,16120.88515281699,118.9795797447271,0.0,0.0030696875957546017,4.37379955595391,cf8c88c,1a752a7496585b5b54bbf1a58c6356571450f500891c333d9fb60594afddf3ac,audits/paper_extras/v4_runs/v1/sweep_seed606_det.json,audits/paper_extras/v4_runs/v2/bench2_seed606_det.json
606,det,flat_pit0_cit0.30,5,47,378.82713881656866,899.8310615992073,0.4209980683966449,0,58,0.004166666666666667,-8.881784197001252e-16,KHONG CO,KHONG CO,8450.873966555087,826.3544172155127,7864.900744751026,114.5473301410675,0.0,16138.35577020061,159.4245386778963,0.0,0.0031865168287376574,3.9362471208661822,cf8c88c,1a752a7496585b5b54bbf1a58c6356571450f500891c333d9fb60594afddf3ac,audits/paper_extras/v4_runs/v1/sweep_seed606_det.json,audits/paper_extras/v4_runs/v2/bench2_seed606_det.json
606,det,flat_pit0_cit0.30,6,48,438.0650477085582,882.9556883283307,0.49613480438404733,0,56,0.0,8.72635297355373e-13,KHONG CO,KHONG CO,8558.700910854941,735.1227661305865,7879.248362290284,114.5473301410675,0.0,16128.301574172008,171.72641038218933,0.0,0.0031089957718552306,4.289367642455451,cf8c88c,1a752a7496585b5b54bbf1a58c6356571450f500891c333d9fb60594afddf3ac,audits/paper_extras/v4_runs/v1/sweep_seed606_det.json,audits/paper_extras/v4_runs/v2/bench2_seed606_det.json
606,det,flat_pit0_cit0.30,7,49,463.64147047889287,897.5807413335443,0.5165456979280285,0,52,0.0,0.0,KHONG CO,KHONG CO,8778.888558900271,781.2856769736717,8072.35705322766,114.5473301410675,0.0,16277.203114297154,96.06673820805433,0.0,0.002949487879074302,3.9215197227104417,cf8c88c,1a752a7496585b5b54bbf1a58c6356571450f500891c333d9fb60594afddf3ac,audits/paper_extras/v4_runs/v1/sweep_seed606_det.json,audits/paper_extras/v4_runs/v2/bench2_seed606_det.json
606,det,flat_pit0_cit0.30,8,50,413.313883810802,875.9969921904012,0.4718211220992031,0,54,0.004166666666666667,-8.881784197001252e-16,KHONG CO,KHONG CO,8639.38665651616,775.0281719227094,7960.5851300129325,114.5473301410675,0.0,16251.854827960118,87.42754032475051,0.0,0.0030300050560720616,4.103476379389785,cf8c88c,1a752a7496585b5b54bbf1a58c6356571450f500891c333d9fb60594afddf3ac,audits/paper_extras/v4_runs/v1/sweep_seed606_det.json,audits/paper_extras/v4_runs/v2/bench2_seed606_det.json
606,det,flat_pit0_cit0.30,9,51,342.85689174659,829.0614091849947,0.41354824618315555,0,53,0.0,0.0,KHONG CO,KHONG CO,8429.324003822014,620.1767478418179,7671.923323901988,114.5473301410675,0.0,16219.816078730997,43.214018889781286,0.0,0.002989940953507959,4.587834523659781,cf8c88c,1a752a7496585b5b54bbf1a58c6356571450f500891c333d9fb60594afddf3ac,audits/paper_extras/v4_runs/v1/sweep_seed606_det.json,audits/paper_extras/v4_runs/v2/bench2_seed606_det.json
606,det,flat_pit0_cit0.50,0,42,318.14104650475986,880.6858618508169,0.3612423683470589,0,52,0.0,0.00047082849026680584,KHONG CO,KHONG CO,16945.993503212663,1043.3643656169327,15250.8149644204,114.5473301410675,0.0,17258.38233034574,365.61324392238527,0.0,0.0029494878790743023,4.621482247043564,cf8c88c,1a752a7496585b5b54bbf1a58c6356571450f500891c333d9fb60594afddf3ac,audits/paper_extras/v4_runs/v1/sweep_seed606_det.json,audits/paper_extras/v4_runs/v2/bench2_seed606_det.json
606,det,flat_pit0_cit0.50,1,43,414.73281723313164,1016.6837226009119,0.4079270750712417,0,72,0.0,0.0,KHONG CO,KHONG CO,17500.02018026949,1274.8544271775295,15909.102792140438,114.5473301410675,0.0,17695.81257489474,55.41191027076659,0.0,0.003692183888105678,4.148221213564115,cf8c88c,1a752a7496585b5b54bbf1a58c6356571450f500891c333d9fb60594afddf3ac,audits/paper_extras/v4_runs/v1/sweep_seed606_det.json,audits/paper_extras/v4_runs/v2/bench2_seed606_det.json
606,det,flat_pit0_cit0.50,2,44,323.8862661095331,1014.4617965376019,0.3192690618956472,0,72,0.0,0.0,KHONG CO,KHONG CO,17927.87690786176,1315.3034780551047,16286.297392944623,114.54733014106748,0.0,17709.371508644505,132.96415418665802,0.0,0.003692183888105678,4.334483323165214,cf8c88c,1a752a7496585b5b54bbf1a58c6356571450f500891c333d9fb60594afddf3ac,audits/paper_extras/v4_runs/v1/sweep_seed606_det.json,audits/paper_extras/v4_runs/v2/bench2_seed606_det.json
606,det,flat_pit0_cit0.50,3,45,384.52000269032226,938.8181142267756,0.40957880644113753,0,62,0.0,0.0,KHONG CO,KHONG CO,18159.08548959099,1433.3542451768678,16610.061184213737,114.54733014106745,0.0,17666.944039876158,200.88718053687262,0.0,0.003337361834800554,4.606962133524703,cf8c88c,1a752a7496585b5b54bbf1a58c6356571450f500891c333d9fb60594afddf3ac,audits/paper_extras/v4_runs/v1/sweep_seed606_det.json,audits/paper_extras/v4_runs/v2/bench2_seed606_det.json
606,det,flat_pit0_cit0.50,4,46,397.4931293247725,875.041075716141,0.45425653761391804,0,57,0.0,0.0,KHONG CO,KHONG CO,17263.890015852194,1191.0942160086677,15600.733621343352,114.5473301410675,0.0,17569.375259244774,170.32802113166818,0.0,0.003147936581824078,5.251851174109707,cf8c88c,1a752a7496585b5b54bbf1a58c6356571450f500891c333d9fb60594afddf3ac,audits/paper_extras/v4_runs/v1/sweep_seed606_det.json,audits/paper_extras/v4_runs/v2/bench2_seed606_det.json
606,det,flat_pit0_cit0.50,5,47,447.12925522711316,958.0653781638441,0.4667001495075914,0,68,0.004166666666666667,-8.881784197001252e-16,KHONG CO,KHONG CO,17754.572364875447,1666.4412519889167,16464.50112000636,114.5473301410675,0.0,17579.227968783995,262.73719793294293,0.0,0.0035538593931087447,4.787889718794584,cf8c88c,1a752a7496585b5b54bbf1a58c6356571450f500891c333d9fb60594afddf3ac,audits/paper_extras/v4_runs/v1/sweep_seed606_det.json,audits/paper_extras/v4_runs/v2/bench2_seed606_det.json
606,det,flat_pit0_cit0.50,6,48,364.080070377966,899.9082914226212,0.4045746370470813,0,60,0.0,0.0,KHONG CO,KHONG CO,17679.253151185894,1247.4864914645843,16025.230443572682,114.5473301410675,0.0,17647.711784597323,139.2500843393997,0.0,0.0032626219163106357,5.016149264663015,cf8c88c,1a752a7496585b5b54bbf1a58c6356571450f500891c333d9fb60594afddf3ac,audits/paper_extras/v4_runs/v1/sweep_seed606_det.json,audits/paper_extras/v4_runs/v2/bench2_seed606_det.json
606,det,flat_pit0_cit0.50,7,49,454.2389432926103,929.164892652383,0.48886795754405366,0,57,0.004166666666666667,-8.881784197001252e-16,KHONG CO,KHONG CO,18286.74974333901,1593.0270273330261,16841.03830736861,114.5473301410675,0.0,17748.946129505202,175.24500365716386,0.0,0.003147936581824078,4.6887824673421905,cf8c88c,1a752a7496585b5b54bbf1a58c6356571450f500891c333d9fb60594afddf3ac,audits/paper_extras/v4_runs/v1/sweep_seed606_det.json,audits/paper_extras/v4_runs/v2/bench2_seed606_det.json
606,det,flat_pit0_cit0.50,8,50,394.4330698363298,923.936140670606,0.42690512089942134,0,68,0.008333333333333333,-8.881784197001252e-16,KHONG CO,KHONG CO,17973.40403666053,1426.36848561975,16414.713481792263,114.54733014106745,0.0,17710.4561735662,160.0555367807597,0.0,0.0035538593931087447,4.861118266852599,cf8c88c,1a752a7496585b5b54bbf1a58c6356571450f500891c333d9fb60594afddf3ac,audits/paper_extras/v4_runs/v1/sweep_seed606_det.json,audits/paper_extras/v4_runs/v2/bench2_seed606_det.json
606,det,flat_pit0_cit0.50,9,51,322.38719156621585,844.9133096658754,0.3815624489259203,0,54,0.0,1.080653181162461e-06,KHONG CO,KHONG CO,17403.61522064071,1138.8387666285455,15719.320669566925,114.54733014106749,0.0,17669.944453390464,38.6415341707925,0.0,0.003030005056072061,5.532021140174749,cf8c88c,1a752a7496585b5b54bbf1a58c6356571450f500891c333d9fb60594afddf3ac,audits/paper_extras/v4_runs/v1/sweep_seed606_det.json,audits/paper_extras/v4_runs/v2/bench2_seed606_det.json
606,exp,rl_learned,0,42,368.3617523127351,849.5219362091939,0.4336106421883218,0,,0.10833333333333334,,KHONG CO,KHONG CO,13975.882049696856,1747.9607440092525,14742.8998787326,82.7168766707182,129.67160847115332,15711.48401153688,,,0.00845313756731708,,cf8c88c,1a752a7496585b5b54bbf1a58c6356571450f500891c333d9fb60594afddf3ac,audits/paper_extras/v4_runs/v1/sweep_seed606_exp.json,KHONG CO (che do lay mau v1)
606,exp,rl_learned,1,43,413.3603605954672,923.2108591364029,0.4477420910994656,0,,0.029166666666666667,,KHONG CO,KHONG CO,13485.954543036562,1442.5212884299804,13768.761681413851,90.75466181337833,9.869326948950638,15796.089216284134,,,0.005919407927318266,,cf8c88c,1a752a7496585b5b54bbf1a58c6356571450f500891c333d9fb60594afddf3ac,audits/paper_extras/v4_runs/v1/sweep_seed606_exp.json,KHONG CO (che do lay mau v1)
606,exp,rl_learned,2,44,321.56338108265777,951.3895241830256,0.3379934011348188,0,,0.016666666666666666,,KHONG CO,KHONG CO,13732.736692468457,1581.7519121509383,14135.650027448737,93.52579602599144,14.796965210553942,15691.89000520163,,,0.004252397292044709,,cf8c88c,1a752a7496585b5b54bbf1a58c6356571450f500891c333d9fb60594afddf3ac,audits/paper_extras/v4_runs/v1/sweep_seed606_exp.json,KHONG CO (che do lay mau v1)
606,exp,rl_learned,3,45,415.61972594042686,927.6344312683888,0.4480425822186599,0,,0.05,,KHONG CO,KHONG CO,12731.348113726086,1709.9546456805692,13367.049066003092,90.41966016590595,18.376108976041383,15676.419336587878,,,0.0068045034748158316,,cf8c88c,1a752a7496585b5b54bbf1a58c6356571450f500891c333d9fb60594afddf3ac,audits/paper_extras/v4_runs/v1/sweep_seed606_exp.json,KHONG CO (che do lay mau v1)
606,exp,rl_learned,4,46,371.4812969631387,826.853286959643,0.4492711135358526,0,,0.025,,KHONG CO,KHONG CO,13504.865573459781,1786.6611302579797,14039.532463733914,95.82028032839297,70.25416207715753,15684.657456466675,,,0.008077667344635671,,cf8c88c,1a752a7496585b5b54bbf1a58c6356571450f500891c333d9fb60594afddf3ac,audits/paper_extras/v4_runs/v1/sweep_seed606_exp.json,KHONG CO (che do lay mau v1)
606,exp,rl_learned,5,47,387.16587438316697,873.4864049583438,0.4432420151995734,0,,0.05,,KHONG CO,KHONG CO,14106.121017561116,1191.2865240407818,13908.602659679078,102.79015065729615,15.179767776061173,16207.974956552285,,,0.004362267720079628,,cf8c88c,1a752a7496585b5b54bbf1a58c6356571450f500891c333d9fb60594afddf3ac,audits/paper_extras/v4_runs/v1/sweep_seed606_exp.json,KHONG CO (che do lay mau v1)
606,exp,rl_learned,6,48,414.03002967560565,886.3384230558806,0.4671240904215008,0,,0.0875,,KHONG CO,KHONG CO,14988.198488516853,1837.3918186906462,15738.715281274912,101.02027510106564,37.68329344035801,15718.489549510547,,,0.007930383824306593,,cf8c88c,1a752a7496585b5b54bbf1a58c6356571450f500891c333d9fb60594afddf3ac,audits/paper_extras/v4_runs/v1/sweep_seed606_exp.json,KHONG CO (che do lay mau v1)
606,exp,rl_learned,7,49,403.26368274768197,913.7540242268634,0.4413263001373783,0,,0.0125,,KHONG CO,KHONG CO,14464.549873283133,1966.9078192522963,14867.5594025016,93.93646408617496,17.15608938952422,16208.701490619631,,,0.0065073886802062015,,cf8c88c,1a752a7496585b5b54bbf1a58c6356571450f500891c333d9fb60594afddf3ac,audits/paper_extras/v4_runs/v1/sweep_seed606_exp.json,KHONG CO (che do lay mau v1)
606,exp,rl_learned,8,50,350.4682240967388,877.2441798036406,0.3995104580519263,0,,0.0375,,KHONG CO,KHONG CO,13767.923420248157,1339.8659899009344,13827.25343626993,90.3920177221298,16.539690743835394,15774.105056956809,,,0.006434995256492447,,cf8c88c,1a752a7496585b5b54bbf1a58c6356571450f500891c333d9fb60594afddf3ac,audits/paper_extras/v4_runs/v1/sweep_seed606_exp.json,KHONG CO (che do lay mau v1)
606,exp,rl_learned,9,51,346.15851984220006,813.2400127754349,0.4256535763173116,0,,0.15,,KHONG CO,KHONG CO,14401.594381749512,1329.2495255887866,14450.317714206118,86.30147221684456,65.74977472187,15774.823087564688,,,0.007284365913159852,,cf8c88c,1a752a7496585b5b54bbf1a58c6356571450f500891c333d9fb60594afddf3ac,audits/paper_extras/v4_runs/v1/sweep_seed606_exp.json,KHONG CO (che do lay mau v1)
606,exp,free_market+rl_aux,0,42,359.1820091760826,831.9957408618952,0.4317113556422688,0,,0.0,,KHONG CO,KHONG CO,0.0,0.0,0.0,94.37349092960358,32.874935997116005,14854.428020238212,,,0.006903884076486868,,cf8c88c,1a752a7496585b5b54bbf1a58c6356571450f500891c333d9fb60594afddf3ac,audits/paper_extras/v4_runs/v1/sweep_seed606_exp.json,KHONG CO (che do lay mau v1)
606,exp,free_market+rl_aux,1,43,477.35592784914456,899.6049254716035,0.5306284062405487,0,,0.0,,KHONG CO,KHONG CO,0.0,0.0,0.0,91.3291847705841,0.0,14625.343748198682,,,0.0029494878790743023,,cf8c88c,1a752a7496585b5b54bbf1a58c6356571450f500891c333d9fb60594afddf3ac,audits/paper_extras/v4_runs/v1/sweep_seed606_exp.json,KHONG CO (che do lay mau v1)
606,exp,free_market+rl_aux,2,44,357.9944733278522,929.0883775002173,0.38531799772489184,0,,0.0,,KHONG CO,KHONG CO,0.0,0.0,0.0,91.3291847705841,2.098882734775543,14789.899910546717,,,0.004582925745967527,,cf8c88c,1a752a7496585b5b54bbf1a58c6356571450f500891c333d9fb60594afddf3ac,audits/paper_extras/v4_runs/v1/sweep_seed606_exp.json,KHONG CO (che do lay mau v1)
606,exp,free_market+rl_aux,3,45,391.4921824685875,868.7781060174177,0.45062390471973823,0,,0.0,,KHONG CO,KHONG CO,0.0,0.0,0.0,91.32918477058413,14.416058663480827,14754.825117349345,,,0.005172195185166755,,cf8c88c,1a752a7496585b5b54bbf1a58c6356571450f500891c333d9fb60594afddf3ac,audits/paper_extras/v4_runs/v1/sweep_seed606_exp.json,KHONG CO (che do lay mau v1)
606,exp,free_market+rl_aux,4,46,301.112954581654,818.7659834521015,0.36776436816792757,0,,0.0,,KHONG CO,KHONG CO,0.0,0.0,0.0,91.32918477058415,9.023639269540062,14676.598558482981,,,0.004829708128927629,,cf8c88c,1a752a7496585b5b54bbf1a58c6356571450f500891c333d9fb60594afddf3ac,audits/paper_extras/v4_runs/v1/sweep_seed606_exp.json,KHONG CO (che do lay mau v1)
606,exp,free_market+rl_aux,5,47,366.01569949139855,843.4627746355158,0.4339441057722605,0,,0.0,,KHONG CO,KHONG CO,0.0,0.0,0.0,91.32918477058408,15.27928140788505,14742.159755146438,,,0.0045432207269288415,,cf8c88c,1a752a7496585b5b54bbf1a58c6356571450f500891c333d9fb60594afddf3ac,audits/paper_extras/v4_runs/v1/sweep_seed606_exp.json,KHONG CO (che do lay mau v1)
606,exp,free_market+rl_aux,6,48,381.64915669259364,837.7614581827877,0.4555582653807442,0,,0.0,,KHONG CO,KHONG CO,0.0,0.0,0.0,97.0372588187456,29.942763748556242,14733.870215950988,,,0.007991369152833789,,cf8c88c,1a752a7496585b5b54bbf1a58c6356571450f500891c333d9fb60594afddf3ac,audits/paper_extras/v4_runs/v1/sweep_seed606_exp.json,KHONG CO (che do lay mau v1)
606,exp,free_market+rl_aux,7,49,428.75376964997406,874.7971219166172,0.49011794724542024,0,,0.0,,KHONG CO,KHONG CO,0.0,0.0,0.0,94.75402919948101,0.0,14762.115719931351,,,0.005293428424971593,,cf8c88c,1a752a7496585b5b54bbf1a58c6356571450f500891c333d9fb60594afddf3ac,audits/paper_extras/v4_runs/v1/sweep_seed606_exp.json,KHONG CO (che do lay mau v1)
606,exp,free_market+rl_aux,8,50,319.4893794353495,820.0994677111618,0.38957393830168097,0,,0.0,,KHONG CO,KHONG CO,0.0,0.0,0.0,96.27618227899075,24.787297019367976,14778.042806747253,,,0.005828015951669744,,cf8c88c,1a752a7496585b5b54bbf1a58c6356571450f500891c333d9fb60594afddf3ac,audits/paper_extras/v4_runs/v1/sweep_seed606_exp.json,KHONG CO (che do lay mau v1)
606,exp,free_market+rl_aux,9,51,405.7843850381557,798.9305546010223,0.5079094580890078,0,,0.0,,KHONG CO,KHONG CO,0.0,0.0,0.0,91.32918477058409,28.00958277640047,14679.609055094115,,,0.004910725208645298,,cf8c88c,1a752a7496585b5b54bbf1a58c6356571450f500891c333d9fb60594afddf3ac,audits/paper_extras/v4_runs/v1/sweep_seed606_exp.json,KHONG CO (che do lay mau v1)
606,exp,rl_mean_fixed,0,42,357.9338236202861,876.7371476834145,0.40825671019649123,0,,0.19166666666666668,,KHONG CO,KHONG CO,10500.84983300601,956.6936306174501,9242.744560997393,92.09026131033897,52.98237089033658,16737.200712180264,,,0.007540573483487771,,cf8c88c,1a752a7496585b5b54bbf1a58c6356571450f500891c333d9fb60594afddf3ac,audits/paper_extras/v4_runs/v1/sweep_seed606_exp.json,KHONG CO (che do lay mau v1)
606,exp,rl_mean_fixed,1,43,411.5833302758855,968.6686367027476,0.42489589802027095,0,,0.25416666666666665,,KHONG CO,KHONG CO,10274.920462946338,922.9434224111395,9033.20276681058,91.3291847705841,20.63864589824909,16782.467456184924,,,0.005705736811179477,,cf8c88c,1a752a7496585b5b54bbf1a58c6356571450f500891c333d9fb60594afddf3ac,audits/paper_extras/v4_runs/v1/sweep_seed606_exp.json,KHONG CO (che do lay mau v1)
606,exp,rl_mean_fixed,2,44,354.19022749080546,950.8395634301385,0.37250261885724434,0,,0.25833333333333336,,KHONG CO,KHONG CO,11025.88623030082,1125.092620385113,9802.216296706358,91.3291847705841,14.396191750308198,17172.647948954647,,,0.00534255821821711,,cf8c88c,1a752a7496585b5b54bbf1a58c6356571450f500891c333d9fb60594afddf3ac,audits/paper_extras/v4_runs/v1/sweep_seed606_exp.json,KHONG CO (che do lay mau v1)
606,exp,rl_mean_fixed,3,45,410.21294961223856,942.8522439835743,0.4350766010579543,0,,0.2708333333333333,,KHONG CO,KHONG CO,10557.171100623284,865.810296023588,9214.832214435688,93.99295265972614,23.26034275538198,16650.405706986192,,,0.005901692637456314,,cf8c88c,1a752a7496585b5b54bbf1a58c6356571450f500891c333d9fb60594afddf3ac,audits/paper_extras/v4_runs/v1/sweep_seed606_exp.json,KHONG CO (che do lay mau v1)
606,exp,rl_mean_fixed,4,46,343.5460221169917,842.3110285426046,0.40786124184009176,0,,0.39166666666666666,,KHONG CO,KHONG CO,10431.177272208259,856.6122222124882,9105.811608609929,94.37349092960358,78.65464605960543,16763.218814107528,,,0.008075092661531256,,cf8c88c,1a752a7496585b5b54bbf1a58c6356571450f500891c333d9fb60594afddf3ac,audits/paper_extras/v4_runs/v1/sweep_seed606_exp.json,KHONG CO (che do lay mau v1)
606,exp,rl_mean_fixed,5,47,307.94909326227315,878.5367220068432,0.35052500999482916,0,,0.13333333333333333,,KHONG CO,KHONG CO,9873.241653167113,635.1210116460917,8459.129215989436,93.99295265972614,16.22714946495791,16795.48930230286,,,0.0074044094983364865,,cf8c88c,1a752a7496585b5b54bbf1a58c6356571450f500891c333d9fb60594afddf3ac,audits/paper_extras/v4_runs/v1/sweep_seed606_exp.json,KHONG CO (che do lay mau v1)
606,exp,rl_mean_fixed,6,48,370.75562997438385,865.7243858935168,0.42826058271620226,0,,0.31666666666666665,,KHONG CO,KHONG CO,10592.876960695534,871.045070560768,9247.659646227485,94.75402919948101,37.771530811347326,16739.45145033058,,,0.006360951592844245,,cf8c88c,1a752a7496585b5b54bbf1a58c6356571450f500891c333d9fb60594afddf3ac,audits/paper_extras/v4_runs/v1/sweep_seed606_exp.json,KHONG CO (che do lay mau v1)
606,exp,rl_mean_fixed,7,49,301.9568067597762,894.4778764389553,0.3375788431592177,0,,0.12916666666666668,,KHONG CO,KHONG CO,10672.44218659045,1085.5067677910681,9485.157017267076,91.3291847705841,17.941420283977024,16815.38163728208,,,0.004666396771311558,,cf8c88c,1a752a7496585b5b54bbf1a58c6356571450f500891c333d9fb60594afddf3ac,audits/paper_extras/v4_runs/v1/sweep_seed606_exp.json,KHONG CO (che do lay mau v1)
606,exp,rl_mean_fixed,8,50,406.76172761363097,891.2392945662436,0.456400127433337,0,,0.21666666666666667,,KHONG CO,KHONG CO,10865.062333180733,984.3298546194516,9559.099426363242,103.50640940666199,88.99304455717143,16680.66846884791,,,0.008557134304717528,,cf8c88c,1a752a7496585b5b54bbf1a58c6356571450f500891c333d9fb60594afddf3ac,audits/paper_extras/v4_runs/v1/sweep_seed606_exp.json,KHONG CO (che do lay mau v1)
606,exp,rl_mean_fixed,9,51,376.13105622154563,825.2210697909509,0.45579429560230333,0,,0.25833333333333336,,KHONG CO,KHONG CO,10330.812908053485,1004.8799353872947,9144.56138762643,91.3291847705841,21.802382167325657,16755.831657318075,,,0.004168461183374061,,cf8c88c,1a752a7496585b5b54bbf1a58c6356571450f500891c333d9fb60594afddf3ac,audits/paper_extras/v4_runs/v1/sweep_seed606_exp.json,KHONG CO (che do lay mau v1)
606,exp,flat_pit0.10_cit0,0,42,277.09872721561504,819.3273327212517,0.3382027135543988,0,,0.8083333333333333,,KHONG CO,KHONG CO,6677.718558482018,161.9432288334306,5508.923235756293,92.47079958021641,36.572887753025746,15796.020951896615,,,0.005236036244871178,,cf8c88c,1a752a7496585b5b54bbf1a58c6356571450f500891c333d9fb60594afddf3ac,audits/paper_extras/v4_runs/v1/sweep_seed606_exp.json,KHONG CO (che do lay mau v1)
606,exp,flat_pit0.10_cit0,1,43,372.96748842668137,898.5369519936152,0.4150830832267559,0,,0.9,,KHONG CO,KHONG CO,6834.778399835066,174.09810839291202,5644.520036599548,91.3291847705841,14.036026868614154,15758.007139173475,,,0.0038388711627496746,,cf8c88c,1a752a7496585b5b54bbf1a58c6356571450f500891c333d9fb60594afddf3ac,audits/paper_extras/v4_runs/v1/sweep_seed606_exp.json,KHONG CO (che do lay mau v1)
606,exp,flat_pit0.10_cit0,2,44,277.4756843174275,993.308892144749,0.27934481057378135,0,,0.8083333333333333,,KHONG CO,KHONG CO,7207.810464438601,144.29770060933643,5911.539763063099,91.3291847705841,11.043082701636038,16252.326136917683,,,0.0057738345666004795,,cf8c88c,1a752a7496585b5b54bbf1a58c6356571450f500891c333d9fb60594afddf3ac,audits/paper_extras/v4_runs/v1/sweep_seed606_exp.json,KHONG CO (che do lay mau v1)
606,exp,flat_pit0.10_cit0,3,45,303.8810555144599,849.9650867577407,0.3575218091294059,0,,0.8125,,KHONG CO,KHONG CO,7152.78157550641,173.0919797351584,5900.885088022488,91.3291847705841,5.721703297226413,15820.6100240368,,,0.003849339393345361,,cf8c88c,1a752a7496585b5b54bbf1a58c6356571450f500891c333d9fb60594afddf3ac,audits/paper_extras/v4_runs/v1/sweep_seed606_exp.json,KHONG CO (che do lay mau v1)
606,exp,flat_pit0.10_cit0,4,46,170.14468881438646,787.033779300054,0.21618473474633337,0,,0.9083333333333333,,KHONG CO,KHONG CO,6673.797613152315,150.72218775163776,5496.961085324298,93.99295265972614,21.943301621221345,15818.1181604563,,,0.005110394518005859,,cf8c88c,1a752a7496585b5b54bbf1a58c6356571450f500891c333d9fb60594afddf3ac,audits/paper_extras/v4_runs/v1/sweep_seed606_exp.json,KHONG CO (che do lay mau v1)
606,exp,flat_pit0.10_cit0,5,47,329.39594962791347,898.03618952065,0.36679585240739243,0,,0.8916666666666667,,KHONG CO,KHONG CO,7952.500091345669,185.0746679255391,6554.504156491839,91.32918477058412,19.647092373886565,16157.025086096095,,,0.005489225336282055,,cf8c88c,1a752a7496585b5b54bbf1a58c6356571450f500891c333d9fb60594afddf3ac,audits/paper_extras/v4_runs/v1/sweep_seed606_exp.json,KHONG CO (che do lay mau v1)
606,exp,flat_pit0.10_cit0,6,48,267.0526667899481,839.4020506048695,0.3181463121248168,0,,0.8875,,KHONG CO,KHONG CO,7803.568646258732,159.67354161844543,6402.721445076933,91.3291847705841,20.693012719639242,16260.926909514466,,,0.00604722957085882,,cf8c88c,1a752a7496585b5b54bbf1a58c6356571450f500891c333d9fb60594afddf3ac,audits/paper_extras/v4_runs/v1/sweep_seed606_exp.json,KHONG CO (che do lay mau v1)
606,exp,flat_pit0.10_cit0,7,49,346.94154772976816,885.5136172471289,0.3917969650295551,0,,0.6541666666666667,,KHONG CO,KHONG CO,7127.945109194022,182.98220175717609,5887.846758832781,95.89564400911331,29.97563000270035,15862.729443784896,,,0.005477270687794228,,cf8c88c,1a752a7496585b5b54bbf1a58c6356571450f500891c333d9fb60594afddf3ac,audits/paper_extras/v4_runs/v1/sweep_seed606_exp.json,KHONG CO (che do lay mau v1)
606,exp,flat_pit0.10_cit0,8,50,309.9860940284995,844.2431503354453,0.36717632106974385,0,,0.9208333333333333,,KHONG CO,KHONG CO,7281.734178993415,178.54899663208488,6008.975376188446,93.99295265972614,14.746102370331535,15763.559150334942,,,0.005839916310673498,,cf8c88c,1a752a7496585b5b54bbf1a58c6356571450f500891c333d9fb60594afddf3ac,audits/paper_extras/v4_runs/v1/sweep_seed606_exp.json,KHONG CO (che do lay mau v1)
606,exp,flat_pit0.10_cit0,9,51,242.8870385636514,793.795443645426,0.305981900637042,0,,0.8125,,KHONG CO,KHONG CO,7159.992211883627,182.1564054485628,5914.108455789422,91.3291847705841,33.29521672063174,15786.659999298154,,,0.005055979037260376,,cf8c88c,1a752a7496585b5b54bbf1a58c6356571450f500891c333d9fb60594afddf3ac,audits/paper_extras/v4_runs/v1/sweep_seed606_exp.json,KHONG CO (che do lay mau v1)
606,exp,flat_pit0.20_cit0,0,42,198.42355450365955,811.8121162238697,0.2444205383711484,1,,0.9333333333333333,,KHONG CO,KHONG CO,14424.285187851767,269.98720862225105,11815.091890011056,92.09026131033897,59.83298316393777,17285.625478850958,,,0.007317883735099588,,cf8c88c,1a752a7496585b5b54bbf1a58c6356571450f500891c333d9fb60594afddf3ac,audits/paper_extras/v4_runs/v1/sweep_seed606_exp.json,KHONG CO (che do lay mau v1)
606,exp,flat_pit0.20_cit0,1,43,257.29672412982103,890.5851794166639,0.28890748473756456,1,,0.9083333333333333,,KHONG CO,KHONG CO,13135.252812288474,303.12768079367453,10821.872325904913,95.51510573923588,52.74928790540821,16826.75411987098,,,0.007009189280811384,,cf8c88c,1a752a7496585b5b54bbf1a58c6356571450f500891c333d9fb60594afddf3ac,audits/paper_extras/v4_runs/v1/sweep_seed606_exp.json,KHONG CO (che do lay mau v1)
606,exp,flat_pit0.20_cit0,2,44,243.46957572209385,989.8731914512083,0.2459603692925092,2,,0.8791666666666667,,KHONG CO,KHONG CO,14252.74683403015,310.2633149612511,11723.074552072394,95.13456746935844,28.648116903150143,17206.717386507044,,,0.006936591070987859,,cf8c88c,1a752a7496585b5b54bbf1a58c6356571450f500891c333d9fb60594afddf3ac,audits/paper_extras/v4_runs/v1/sweep_seed606_exp.json,KHONG CO (che do lay mau v1)
606,exp,flat_pit0.20_cit0,3,45,172.76818886499126,866.1787954746952,0.1994601920153315,1,,0.925,,KHONG CO,KHONG CO,13713.41054008174,313.1884093326335,11297.499917184414,93.61241438984871,52.957000732102216,17318.702324562262,,,0.007868283217430294,,cf8c88c,1a752a7496585b5b54bbf1a58c6356571450f500891c333d9fb60594afddf3ac,audits/paper_extras/v4_runs/v1/sweep_seed606_exp.json,KHONG CO (che do lay mau v1)
606,exp,flat_pit0.20_cit0,4,46,160.3412666236923,806.2531471942558,0.1988721125389421,0,,0.9333333333333333,,KHONG CO,KHONG CO,13972.475318063833,268.0430586010382,11467.443163458553,91.3291847705841,40.13732025932822,17313.805716818213,,,0.007140391788788809,,cf8c88c,1a752a7496585b5b54bbf1a58c6356571450f500891c333d9fb60594afddf3ac,audits/paper_extras/v4_runs/v1/sweep_seed606_exp.json,KHONG CO (che do lay mau v1)
606,exp,flat_pit0.20_cit0,5,47,141.55467525414818,823.5257125803223,0.17188859205211726,1,,0.9125,,KHONG CO,KHONG CO,12578.362353609667,289.9087829083335,10365.04657184568,98.17887362837791,65.45975179144499,16291.347632562569,,,0.007977522191063305,,cf8c88c,1a752a7496585b5b54bbf1a58c6356571450f500891c333d9fb60594afddf3ac,audits/paper_extras/v4_runs/v1/sweep_seed606_exp.json,KHONG CO (che do lay mau v1)
606,exp,flat_pit0.20_cit0,6,48,149.197421974627,827.0214703331259,0.1804033236459145,2,,0.9291666666666667,,KHONG CO,KHONG CO,13547.943193695439,296.04154745613636,11151.391428202487,93.23187611997128,34.794326127702114,17303.124779852733,,,0.006160441360047265,,cf8c88c,1a752a7496585b5b54bbf1a58c6356571450f500891c333d9fb60594afddf3ac,audits/paper_extras/v4_runs/v1/sweep_seed606_exp.json,KHONG CO (che do lay mau v1)
606,exp,flat_pit0.20_cit0,7,49,167.01023727173333,852.0794842545654,0.19600311984725327,0,,0.8916666666666667,,KHONG CO,KHONG CO,11858.838777928486,341.86069912221893,9826.071350234246,91.3291847705841,8.508612194336665,15404.100915959532,,,0.002655624076494149,,cf8c88c,1a752a7496585b5b54bbf1a58c6356571450f500891c333d9fb60594afddf3ac,audits/paper_extras/v4_runs/v1/sweep_seed606_exp.json,KHONG CO (che do lay mau v1)
606,exp,flat_pit0.20_cit0,8,50,132.1795804418932,818.0278530296406,0.16158322721207363,0,,0.9333333333333333,,KHONG CO,KHONG CO,11809.344320313612,293.8446395405584,9747.49265527267,91.3291847705841,23.773307098767738,15318.970174276576,,,0.0033997244045551305,,cf8c88c,1a752a7496585b5b54bbf1a58c6356571450f500891c333d9fb60594afddf3ac,audits/paper_extras/v4_runs/v1/sweep_seed606_exp.json,KHONG CO (che do lay mau v1)
606,exp,flat_pit0.20_cit0,9,51,124.5864793021753,672.1577140117395,0.18535304543123843,0,,0.925,,KHONG CO,KHONG CO,11029.267782860778,255.67647338849406,9090.591932726225,91.3291847705841,11.94208116712354,9889.2353704767,,,0.002733617471088375,,cf8c88c,1a752a7496585b5b54bbf1a58c6356571450f500891c333d9fb60594afddf3ac,audits/paper_extras/v4_runs/v1/sweep_seed606_exp.json,KHONG CO (che do lay mau v1)
606,exp,flat_pit0.30_cit0,0,42,107.2372553312944,741.702794042493,0.1445825149812644,2,,0.9208333333333333,,KHONG CO,KHONG CO,16459.004742975776,398.5485334363907,13577.552335526534,94.75402919948101,29.730593045649975,11891.677800931104,,,0.005792837717428778,,cf8c88c,1a752a7496585b5b54bbf1a58c6356571450f500891c333d9fb60594afddf3ac,audits/paper_extras/v4_runs/v1/sweep_seed606_exp.json,KHONG CO (che do lay mau v1)
606,exp,flat_pit0.30_cit0,1,43,119.62277358198448,829.2989699110345,0.14424565557439117,1,,0.9208333333333333,,KHONG CO,KHONG CO,15279.806504962,370.8180410265225,12600.92325595972,91.32918477058412,0.0,13861.105298295397,,,0.0024834501401427437,,cf8c88c,1a752a7496585b5b54bbf1a58c6356571450f500891c333d9fb60594afddf3ac,audits/paper_extras/v4_runs/v1/sweep_seed606_exp.json,KHONG CO (che do lay mau v1)
606,exp,flat_pit0.30_cit0,2,44,162.51192776506048,953.3121494446276,0.1704708451053889,11,,0.9125,,KHONG CO,KHONG CO,19107.074244735864,413.53663775206707,15699.005615842725,107.69233037531376,86.28440781669924,18266.98123051663,,,0.011788745737874978,,cf8c88c,1a752a7496585b5b54bbf1a58c6356571450f500891c333d9fb60594afddf3ac,audits/paper_extras/v4_runs/v1/sweep_seed606_exp.json,KHONG CO (che do lay mau v1)
606,exp,flat_pit0.30_cit0,3,45,113.69921374405014,773.1025569541002,0.14706873327648373,2,,0.9333333333333333,,KHONG CO,KHONG CO,17022.994322763137,442.75091130831106,14067.718578875301,95.51510573923588,28.58772816554295,11843.21249204257,,,0.005121148718268046,,cf8c88c,1a752a7496585b5b54bbf1a58c6356571450f500891c333d9fb60594afddf3ac,audits/paper_extras/v4_runs/v1/sweep_seed606_exp.json,KHONG CO (che do lay mau v1)
606,exp,flat_pit0.30_cit0,4,46,98.51178869075517,716.8732644911203,0.13741869528456296,13,,0.9375,,KHONG CO,KHONG CO,16475.3281036226,338.12664599681324,13544.60391047596,99.32048843801022,60.847600188374436,13256.594374372748,,,0.008082059886982145,,cf8c88c,1a752a7496585b5b54bbf1a58c6356571450f500891c333d9fb60594afddf3ac,audits/paper_extras/v4_runs/v1/sweep_seed606_exp.json,KHONG CO (che do lay mau v1)
606,exp,flat_pit0.30_cit0,5,47,131.76808013475315,851.7703015287826,0.15469907778922543,4,,0.925,,KHONG CO,KHONG CO,19630.2754862454,407.6959754866372,16140.31510350275,94.37349092960358,38.702907825985,18294.446575739603,,,0.006769192892619513,,cf8c88c,1a752a7496585b5b54bbf1a58c6356571450f500891c333d9fb60594afddf3ac,audits/paper_extras/v4_runs/v1/sweep_seed606_exp.json,KHONG CO (che do lay mau v1)
606,exp,flat_pit0.30_cit0,6,48,115.43647093693627,777.4425684981878,0.1484823131822185,4,,0.925,,KHONG CO,KHONG CO,17001.29639591912,384.7595520526412,14002.213658682887,94.37349092960358,29.449643016073985,15340.19046836312,,,0.005597310184871632,,cf8c88c,1a752a7496585b5b54bbf1a58c6356571450f500891c333d9fb60594afddf3ac,audits/paper_extras/v4_runs/v1/sweep_seed606_exp.json,KHONG CO (che do lay mau v1)
606,exp,flat_pit0.30_cit0,7,49,133.60138280152015,832.9963813004562,0.16038651043470864,2,,0.9208333333333333,,KHONG CO,KHONG CO,15877.406829688402,343.4514084852791,13061.653887026043,91.32918477058409,5.6247639043261985,13921.514951066243,,,0.0030474969485896645,,cf8c88c,1a752a7496585b5b54bbf1a58c6356571450f500891c333d9fb60594afddf3ac,audits/paper_extras/v4_runs/v1/sweep_seed606_exp.json,KHONG CO (che do lay mau v1)
606,exp,flat_pit0.30_cit0,8,50,117.46866800411873,832.5810793603542,0.14108976400756812,3,,0.925,,KHONG CO,KHONG CO,18867.227962144847,436.65748933829553,15549.159799742853,101.60371805727482,74.36947436545077,17724.440963102476,,,0.010289850680048732,,cf8c88c,1a752a7496585b5b54bbf1a58c6356571450f500891c333d9fb60594afddf3ac,audits/paper_extras/v4_runs/v1/sweep_seed606_exp.json,KHONG CO (che do lay mau v1)
606,exp,flat_pit0.30_cit0,9,51,207.95517759283288,653.8211880964658,0.31806123964607713,4,,0.9333333333333333,,KHONG CO,KHONG CO,17240.320216270902,488.98298956060177,14283.587593704775,93.23187611997128,64.1217270435605,10401.668859241963,,,0.0074046676484212405,,cf8c88c,1a752a7496585b5b54bbf1a58c6356571450f500891c333d9fb60594afddf3ac,audits/paper_extras/v4_runs/v1/sweep_seed606_exp.json,KHONG CO (che do lay mau v1)
606,exp,flat_pit0.50_cit0,0,42,191.53378383892232,465.5776121858058,0.41138959182273516,22,,0.9416666666666667,,KHONG CO,KHONG CO,20990.97303830052,700.5696157117803,17478.02205340919,122.91386117041111,106.03999623014657,3424.3299065611136,,,0.012711889801198464,,cf8c88c,1a752a7496585b5b54bbf1a58c6356571450f500891c333d9fb60594afddf3ac,audits/paper_extras/v4_runs/v1/sweep_seed606_exp.json,KHONG CO (che do lay mau v1)
606,exp,flat_pit0.50_cit0,1,43,246.6598603781919,517.6268160711123,0.4765206374939922,25,,0.9375,,KHONG CO,KHONG CO,20344.72921335874,675.4690963462195,16934.772317809722,103.50640940666199,72.62590256472146,4918.739000495713,,,0.009357560218286199,,cf8c88c,1a752a7496585b5b54bbf1a58c6356571450f500891c333d9fb60594afddf3ac,audits/paper_extras/v4_runs/v1/sweep_seed606_exp.json,KHONG CO (che do lay mau v1)
606,exp,flat_pit0.50_cit0,2,44,139.98434256237238,608.0406873423448,0.2302219990807245,38,,0.9375,,KHONG CO,KHONG CO,21059.10205966234,747.7019841340043,17570.24328121515,98.93995016813278,64.86231267057767,8445.00523319871,,,0.010894041942581725,,cf8c88c,1a752a7496585b5b54bbf1a58c6356571450f500891c333d9fb60594afddf3ac,audits/paper_extras/v4_runs/v1/sweep_seed606_exp.json,KHONG CO (che do lay mau v1)
606,exp,flat_pit0.50_cit0,3,45,157.80518411741596,539.2130463306052,0.2926583197333501,26,,0.9458333333333333,,KHONG CO,KHONG CO,23301.656564767625,793.1621653422685,19414.2688688553,119.86955501139164,139.08265285196123,6298.29298140104,,,0.01315832331831284,,cf8c88c,1a752a7496585b5b54bbf1a58c6356571450f500891c333d9fb60594afddf3ac,audits/paper_extras/v4_runs/v1/sweep_seed606_exp.json,KHONG CO (che do lay mau v1)
606,exp,flat_pit0.50_cit0,4,46,247.27442266718222,392.3997787039003,0.630159434554045,25,,0.95,,KHONG CO,KHONG CO,17226.79138112841,647.5759124329185,14401.391319006794,110.73663653433323,83.55270714094101,1892.2355037114728,,,0.008703783018340915,,cf8c88c,1a752a7496585b5b54bbf1a58c6356571450f500891c333d9fb60594afddf3ac,audits/paper_extras/v4_runs/v1/sweep_seed606_exp.json,KHONG CO (che do lay mau v1)
606,exp,flat_pit0.50_cit0,5,47,96.67034477922984,592.0472402923068,0.1632814718154949,30,,0.9416666666666667,,KHONG CO,KHONG CO,20557.11463294288,666.5230311968068,17099.229848530293,108.83394518494606,94.37848189162203,8295.920685942048,,,0.010643885058207025,,cf8c88c,1a752a7496585b5b54bbf1a58c6356571450f500891c333d9fb60594afddf3ac,audits/paper_extras/v4_runs/v1/sweep_seed606_exp.json,KHONG CO (che do lay mau v1)
606,exp,flat_pit0.50_cit0,6,48,106.44413122376776,635.8597767343762,0.1674018944403739,23,,0.9375,,KHONG CO,KHONG CO,23103.696949959147,934.6489655569119,19363.70689111984,133.56893272697926,160.66697088845692,8924.943117035928,,,0.01711796410092975,,cf8c88c,1a752a7496585b5b54bbf1a58c6356571450f500891c333d9fb60594afddf3ac,audits/paper_extras/v4_runs/v1/sweep_seed606_exp.json,KHONG CO (che do lay mau v1)
606,exp,flat_pit0.50_cit0,7,49,86.63958990699616,602.9147381415526,0.14370123074791197,27,,0.9375,,KHONG CO,KHONG CO,22361.2628385724,681.2299793206457,18564.94652463678,111.4977130740881,62.77713271766715,8366.406931039646,,,0.011537385902595093,,cf8c88c,1a752a7496585b5b54bbf1a58c6356571450f500891c333d9fb60594afddf3ac,audits/paper_extras/v4_runs/v1/sweep_seed606_exp.json,KHONG CO (che do lay mau v1)
606,exp,flat_pit0.50_cit0,8,50,88.90038374151872,503.1148491934367,0.17669997990327346,28,,0.9458333333333333,,KHONG CO,KHONG CO,19198.449378628746,602.577510999108,15953.191788655848,107.69233037531376,100.82253546734552,5408.6747938559065,,,0.01116370982371392,,cf8c88c,1a752a7496585b5b54bbf1a58c6356571450f500891c333d9fb60594afddf3ac,audits/paper_extras/v4_runs/v1/sweep_seed606_exp.json,KHONG CO (che do lay mau v1)
606,exp,flat_pit0.50_cit0,9,51,246.19496640247968,404.24289816739446,0.6090273138219287,33,,0.95,,KHONG CO,KHONG CO,20744.946621927993,917.5659603826256,17457.98345458908,124.43601424992085,152.3087770710545,3949.2391778435494,,,0.016387883072168315,,cf8c88c,1a752a7496585b5b54bbf1a58c6356571450f500891c333d9fb60594afddf3ac,audits/paper_extras/v4_runs/v1/sweep_seed606_exp.json,KHONG CO (che do lay mau v1)
606,exp,flat_pit0_cit0.10,0,42,408.17157940963574,855.5339850850273,0.4770956928953203,0,,0.0,,KHONG CO,KHONG CO,2406.2138726718713,189.0089932279458,2093.732982776012,94.75402919948101,36.03271777432188,15292.241099349376,,,0.00709377768368894,,cf8c88c,1a752a7496585b5b54bbf1a58c6356571450f500891c333d9fb60594afddf3ac,audits/paper_extras/v4_runs/v1/sweep_seed606_exp.json,KHONG CO (che do lay mau v1)
606,exp,flat_pit0_cit0.10,1,43,355.88971575505315,910.6513074935592,0.39080788972300495,0,,0.058333333333333334,,KHONG CO,KHONG CO,2325.903267746522,253.25822663675473,2080.7332412398005,92.47079958021641,13.095951164413512,15353.955911510793,,,0.005863971017138079,,cf8c88c,1a752a7496585b5b54bbf1a58c6356571450f500891c333d9fb60594afddf3ac,audits/paper_extras/v4_runs/v1/sweep_seed606_exp.json,KHONG CO (che do lay mau v1)
606,exp,flat_pit0_cit0.10,2,44,331.8367409621564,933.0685793253748,0.3556402480105806,0,,0.0,,KHONG CO,KHONG CO,2447.026912420839,202.50171441880047,2137.4609953390686,91.3291847705841,0.0,15321.535341466044,,,0.0034829361230329318,,cf8c88c,1a752a7496585b5b54bbf1a58c6356571450f500891c333d9fb60594afddf3ac,audits/paper_extras/v4_runs/v1/sweep_seed606_exp.json,KHONG CO (che do lay mau v1)
606,exp,flat_pit0_cit0.10,3,45,396.5750496362189,905.8956249041332,0.43777123846710997,0,,0.0,,KHONG CO,KHONG CO,2448.540328516598,323.54047360114987,2236.3768214510233,99.70102670788765,52.077392002870255,15250.483216215584,,,0.00818875915228724,,cf8c88c,1a752a7496585b5b54bbf1a58c6356571450f500891c333d9fb60594afddf3ac,audits/paper_extras/v4_runs/v1/sweep_seed606_exp.json,KHONG CO (che do lay mau v1)
606,exp,flat_pit0_cit0.10,4,46,326.88961443447243,808.2321862282472,0.4044501320344075,0,,0.004166666666666667,,KHONG CO,KHONG CO,2321.968521687657,270.6868717865488,2091.661548079018,91.32918477058412,19.914454035262633,15204.182611929089,,,0.003980956053870937,,cf8c88c,1a752a7496585b5b54bbf1a58c6356571450f500891c333d9fb60594afddf3ac,audits/paper_extras/v4_runs/v1/sweep_seed606_exp.json,KHONG CO (che do lay mau v1)
606,exp,flat_pit0_cit0.10,5,47,393.44300937325994,879.9890756969809,0.4470998791225219,0,,0.0,,KHONG CO,KHONG CO,2413.1526664787616,267.8292642633462,2162.894619913319,91.3291847705841,6.166346446231264,15270.385067683726,,,0.003575103478131476,,cf8c88c,1a752a7496585b5b54bbf1a58c6356571450f500891c333d9fb60594afddf3ac,audits/paper_extras/v4_runs/v1/sweep_seed606_exp.json,KHONG CO (che do lay mau v1)
606,exp,flat_pit0_cit0.10,6,48,373.3001839531227,846.3799333091027,0.44105509743552884,0,,0.058333333333333334,,KHONG CO,KHONG CO,2373.0549262439245,303.9310358536673,2159.7187434681578,91.3291847705841,26.751558784464358,15331.538875441614,,,0.004919297462882821,,cf8c88c,1a752a7496585b5b54bbf1a58c6356571450f500891c333d9fb60594afddf3ac,audits/paper_extras/v4_runs/v1/sweep_seed606_exp.json,KHONG CO (che do lay mau v1)
606,exp,flat_pit0_cit0.10,7,49,383.46305645352976,868.5042524842798,0.44152121921875165,0,,0.0,,KHONG CO,KHONG CO,2329.8864305975153,279.8240141852308,2105.451840423406,91.3291847705841,3.0962155377606813,15221.941128819004,,,0.004256803756487951,,cf8c88c,1a752a7496585b5b54bbf1a58c6356571450f500891c333d9fb60594afddf3ac,audits/paper_extras/v4_runs/v1/sweep_seed606_exp.json,KHONG CO (che do lay mau v1)
606,exp,flat_pit0_cit0.10,8,50,368.7620876063257,843.032903001165,0.43742312582764764,0,,0.0,,KHONG CO,KHONG CO,2415.2216619923493,241.12154962548075,2143.0384065424482,91.3291847705841,0.0,15205.393187336815,,,0.002783629871704938,,cf8c88c,1a752a7496585b5b54bbf1a58c6356571450f500891c333d9fb60594afddf3ac,audits/paper_extras/v4_runs/v1/sweep_seed606_exp.json,KHONG CO (che do lay mau v1)
606,exp,flat_pit0_cit0.10,9,51,306.26184755854274,778.9511172192898,0.39317210128902624,0,,0.0,,KHONG CO,KHONG CO,2325.190359179526,272.81356145954635,2095.985904799633,100.46210324764246,49.42562012727494,15218.177542929534,,,0.007126109390179229,,cf8c88c,1a752a7496585b5b54bbf1a58c6356571450f500891c333d9fb60594afddf3ac,audits/paper_extras/v4_runs/v1/sweep_seed606_exp.json,KHONG CO (che do lay mau v1)
606,exp,flat_pit0_cit0.20,0,42,355.13249873128916,846.5452175734582,0.4195080089746923,0,,0.0,,KHONG CO,KHONG CO,5298.443259200059,513.639023280293,4688.814246858983,93.99295265972611,19.856724782376183,15748.757333868005,,,0.005331331992898121,,cf8c88c,1a752a7496585b5b54bbf1a58c6356571450f500891c333d9fb60594afddf3ac,audits/paper_extras/v4_runs/v1/sweep_seed606_exp.json,KHONG CO (che do lay mau v1)
606,exp,flat_pit0_cit0.20,1,43,430.45322950558045,912.6962951729932,0.47162811088653755,0,,0.0,,KHONG CO,KHONG CO,4991.965223050245,397.41865008889937,4347.953057122264,93.99295265972617,26.690509161346753,15746.996718261667,,,0.005470396069035169,,cf8c88c,1a752a7496585b5b54bbf1a58c6356571450f500891c333d9fb60594afddf3ac,audits/paper_extras/v4_runs/v1/sweep_seed606_exp.json,KHONG CO (che do lay mau v1)
606,exp,flat_pit0_cit0.20,2,44,345.1696921199077,977.308955719264,0.3531838013966375,0,,0.0,,KHONG CO,KHONG CO,5184.085552563081,608.6722966369986,4673.317063129633,91.3291847705841,4.197765469551086,15812.405276572035,,,0.004227919946569222,,cf8c88c,1a752a7496585b5b54bbf1a58c6356571450f500891c333d9fb60594afddf3ac,audits/paper_extras/v4_runs/v1/sweep_seed606_exp.json,KHONG CO (che do lay mau v1)
606,exp,flat_pit0_cit0.20,3,45,392.08998340072066,889.1765577310421,0.4409585250439316,0,,0.0,,KHONG CO,KHONG CO,5232.891314959881,620.2836873642196,4722.153593903584,92.85133785009384,16.541938108623505,15679.916468926616,,,0.0040422263925782445,,cf8c88c,1a752a7496585b5b54bbf1a58c6356571450f500891c333d9fb60594afddf3ac,audits/paper_extras/v4_runs/v1/sweep_seed606_exp.json,KHONG CO (che do lay mau v1)
606,exp,flat_pit0_cit0.20,4,46,375.1979880829387,841.1907569757163,0.4460319909266074,0,,0.0,,KHONG CO,KHONG CO,5018.726506675539,539.2954895701712,4484.0140484698495,92.090261310339,22.869003444507573,15762.604185753507,,,0.004963657578286701,,cf8c88c,1a752a7496585b5b54bbf1a58c6356571450f500891c333d9fb60594afddf3ac,audits/paper_extras/v4_runs/v1/sweep_seed606_exp.json,KHONG CO (che do lay mau v1)
606,exp,flat_pit0_cit0.20,5,47,409.8604725066264,890.7762307079803,0.46011608569850737,0,,0.0,,KHONG CO,KHONG CO,5131.98634881339,423.6083136367861,4481.92006138349,91.3291847705841,23.520134981098696,15640.048566513473,,,0.006542819473194152,,cf8c88c,1a752a7496585b5b54bbf1a58c6356571450f500891c333d9fb60594afddf3ac,audits/paper_extras/v4_runs/v1/sweep_seed606_exp.json,KHONG CO (che do lay mau v1)
606,exp,flat_pit0_cit0.20,6,48,349.24434989261925,854.3724655972884,0.4087729461745515,0,,0.0,,KHONG CO,KHONG CO,5395.8911499861015,420.8124900664602,4692.723059971799,91.3291847705841,7.117653269331149,15777.435760615874,,,0.0043942675136007725,,cf8c88c,1a752a7496585b5b54bbf1a58c6356571450f500891c333d9fb60594afddf3ac,audits/paper_extras/v4_runs/v1/sweep_seed606_exp.json,KHONG CO (che do lay mau v1)
606,exp,flat_pit0_cit0.20,7,49,451.09204727121744,893.393511433956,0.5049197710728666,0,,0.0,,KHONG CO,KHONG CO,5408.712701220655,692.7253741714525,4922.443136992321,91.3291847705841,22.305836362766303,15625.598330485602,,,0.005972699871632155,,cf8c88c,1a752a7496585b5b54bbf1a58c6356571450f500891c333d9fb60594afddf3ac,audits/paper_extras/v4_runs/v1/sweep_seed606_exp.json,KHONG CO (che do lay mau v1)
606,exp,flat_pit0_cit0.20,8,50,412.38671265155807,851.4259944255838,0.4843482761291257,1,,0.0,,KHONG CO,KHONG CO,5134.312590341162,439.23970375427956,4496.628750986925,91.32918477058412,21.584385128143218,15698.555934980224,,,0.005486354410146966,,cf8c88c,1a752a7496585b5b54bbf1a58c6356571450f500891c333d9fb60594afddf3ac,audits/paper_extras/v4_runs/v1/sweep_seed606_exp.json,KHONG CO (che do lay mau v1)
606,exp,flat_pit0_cit0.20,9,51,306.4215038528227,794.7735056007501,0.3855456953377001,0,,0.0,,KHONG CO,KHONG CO,5017.424034322083,456.6877575086171,4416.26773139684,96.27618227899075,18.1755422294566,15826.451797699045,,,0.006261413140800547,,cf8c88c,1a752a7496585b5b54bbf1a58c6356571450f500891c333d9fb60594afddf3ac,audits/paper_extras/v4_runs/v1/sweep_seed606_exp.json,KHONG CO (che do lay mau v1)
606,exp,flat_pit0_cit0.30,0,42,395.77491793379386,851.7098181870341,0.46468281741338613,0,,0.0,,KHONG CO,KHONG CO,8341.587123040654,847.3855586302077,7413.358434526474,91.3291847705841,22.176914188451995,16294.26025019116,,,0.0057811827983461255,,cf8c88c,1a752a7496585b5b54bbf1a58c6356571450f500891c333d9fb60594afddf3ac,audits/paper_extras/v4_runs/v1/sweep_seed606_exp.json,KHONG CO (che do lay mau v1)
606,exp,flat_pit0_cit0.30,1,43,408.1112018847171,967.1787023856755,0.42196049280040626,0,,0.0,,KHONG CO,KHONG CO,8588.110620172674,900.0074030427246,7641.923226059101,93.99295265972614,21.90270569883636,16696.511837691203,,,0.005387420567633236,,cf8c88c,1a752a7496585b5b54bbf1a58c6356571450f500891c333d9fb60594afddf3ac,audits/paper_extras/v4_runs/v1/sweep_seed606_exp.json,KHONG CO (che do lay mau v1)
606,exp,flat_pit0_cit0.30,2,44,345.6117268680682,1011.9018967402919,0.34154667362657454,0,,0.0,,KHONG CO,KHONG CO,8585.111116138245,859.024377591423,7619.328083786308,92.85133785009384,24.46966978801801,16619.006975442615,,,0.0049618483350815975,,cf8c88c,1a752a7496585b5b54bbf1a58c6356571450f500891c333d9fb60594afddf3ac,audits/paper_extras/v4_runs/v1/sweep_seed606_exp.json,KHONG CO (che do lay mau v1)
606,exp,flat_pit0_cit0.30,3,45,367.65960032506536,932.878402036889,0.3941131014742122,0,,0.0,,KHONG CO,KHONG CO,8507.668993107625,1008.3522366929037,7676.874398264734,91.3291847705841,14.715236225358021,16266.65205946378,,,0.00559303819006935,,cf8c88c,1a752a7496585b5b54bbf1a58c6356571450f500891c333d9fb60594afddf3ac,audits/paper_extras/v4_runs/v1/sweep_seed606_exp.json,KHONG CO (che do lay mau v1)
606,exp,flat_pit0_cit0.30,4,46,322.452770611784,836.5840571365508,0.3854397748332322,0,,0.0,,KHONG CO,KHONG CO,8705.126326214215,862.5791182041398,7718.90755448307,94.37349092960358,40.40271833635694,16682.07674099439,,,0.00635049319101473,,cf8c88c,1a752a7496585b5b54bbf1a58c6356571450f500891c333d9fb60594afddf3ac,audits/paper_extras/v4_runs/v1/sweep_seed606_exp.json,KHONG CO (che do lay mau v1)
606,exp,flat_pit0_cit0.30,5,47,371.80455436375786,883.4359171077859,0.42086194048005277,0,,0.0,,KHONG CO,KHONG CO,8238.528071896899,722.7924746724707,7229.789385581047,91.3291847705841,0.0,16331.78416332891,,,0.00310899577185523,,cf8c88c,1a752a7496585b5b54bbf1a58c6356571450f500891c333d9fb60594afddf3ac,audits/paper_extras/v4_runs/v1/sweep_seed606_exp.json,KHONG CO (che do lay mau v1)
606,exp,flat_pit0_cit0.30,6,48,368.7217611876962,837.1500669403457,0.44044882243791406,0,,0.008333333333333333,,KHONG CO,KHONG CO,8232.42141644525,768.035820214234,7261.27670187025,95.51510573923588,80.30782378920107,16253.300742174924,,,0.008869907235830811,,cf8c88c,1a752a7496585b5b54bbf1a58c6356571450f500891c333d9fb60594afddf3ac,audits/paper_extras/v4_runs/v1/sweep_seed606_exp.json,KHONG CO (che do lay mau v1)
606,exp,flat_pit0_cit0.30,7,49,374.91228681120367,905.0471784302266,0.4142461252257327,0,,0.0,,KHONG CO,KHONG CO,8570.578849213289,998.8607142312702,7720.429414002676,94.37349092960358,27.739561868791924,16261.470869006356,,,0.00534424022305355,,cf8c88c,1a752a7496585b5b54bbf1a58c6356571450f500891c333d9fb60594afddf3ac,audits/paper_extras/v4_runs/v1/sweep_seed606_exp.json,KHONG CO (che do lay mau v1)
606,exp,flat_pit0_cit0.30,8,50,414.9015225428563,875.0256530407355,0.4741592673324072,0,,0.0,,KHONG CO,KHONG CO,8799.839128392565,944.1194941562584,7835.990444929177,94.754029199481,43.18080270981437,16654.67235009091,,,0.006955545791463294,,cf8c88c,1a752a7496585b5b54bbf1a58c6356571450f500891c333d9fb60594afddf3ac,audits/paper_extras/v4_runs/v1/sweep_seed606_exp.json,KHONG CO (che do lay mau v1)
606,exp,flat_pit0_cit0.30,9,51,361.26856132123135,830.5051483387882,0.43499858133794367,0,,0.0,,KHONG CO,KHONG CO,8350.522489960747,708.758397127018,7308.760379125607,91.32918477058413,33.219684208653746,16193.678565138582,,,0.0059598190502288305,,cf8c88c,1a752a7496585b5b54bbf1a58c6356571450f500891c333d9fb60594afddf3ac,audits/paper_extras/v4_runs/v1/sweep_seed606_exp.json,KHONG CO (che do lay mau v1)
606,exp,flat_pit0_cit0.50,0,42,354.99652130712747,892.9887597940241,0.397537502475407,0,,0.008333333333333333,,KHONG CO,KHONG CO,17506.185912941066,2038.7144850124128,15767.599913742348,96.65672054886818,35.66369922423676,18201.45669542763,,,0.006012393446426245,,cf8c88c,1a752a7496585b5b54bbf1a58c6356571450f500891c333d9fb60594afddf3ac,audits/paper_extras/v4_runs/v1/sweep_seed606_exp.json,KHONG CO (che do lay mau v1)
606,exp,flat_pit0_cit0.50,1,43,295.0678133945977,971.7573420975458,0.3036435132640125,0,,0.0,,KHONG CO,KHONG CO,16907.354516850977,890.7849829235322,14344.872229525761,91.32918477058402,9.658156188654704,18293.933260754384,,,0.004443337694375853,,cf8c88c,1a752a7496585b5b54bbf1a58c6356571450f500891c333d9fb60594afddf3ac,audits/paper_extras/v4_runs/v1/sweep_seed606_exp.json,KHONG CO (che do lay mau v1)
606,exp,flat_pit0_cit0.50,2,44,321.0359807133765,1036.3296744883664,0.30978171195558135,0,,0.008333333333333333,,KHONG CO,KHONG CO,17829.807473221463,1873.7632941856355,15895.612470931943,93.99295265972614,35.367845466170735,18585.893196320252,,,0.007488893691754596,,cf8c88c,1a752a7496585b5b54bbf1a58c6356571450f500891c333d9fb60594afddf3ac,audits/paper_extras/v4_runs/v1/sweep_seed606_exp.json,KHONG CO (che do lay mau v1)
606,exp,flat_pit0_cit0.50,3,45,401.8043171202724,957.1656360432913,0.4197855647860924,0,,0.0,,KHONG CO,KHONG CO,17918.511409709212,1407.0087387017318,15575.903198695565,99.70102670788765,46.99073207663894,18200.046379381714,,,0.008492581856796206,,cf8c88c,1a752a7496585b5b54bbf1a58c6356571450f500891c333d9fb60594afddf3ac,audits/paper_extras/v4_runs/v1/sweep_seed606_exp.json,KHONG CO (che do lay mau v1)
606,exp,flat_pit0_cit0.50,4,46,380.68757270452653,882.6800409748503,0.43128603234767515,0,,0.016666666666666666,,KHONG CO,KHONG CO,17642.243093179186,1592.9066201625371,15492.432218422622,106.55071556568146,159.33736843534123,18062.222740587724,,,0.01032142002465641,,cf8c88c,1a752a7496585b5b54bbf1a58c6356571450f500891c333d9fb60594afddf3ac,audits/paper_extras/v4_runs/v1/sweep_seed606_exp.json,KHONG CO (che do lay mau v1)
606,exp,flat_pit0_cit0.50,5,47,314.76553565974575,898.5271463018529,0.3503127723578012,0,,0.0,,KHONG CO,KHONG CO,17986.15653537303,1531.7823420905277,15746.630527983492,93.99295265972614,21.572914036801443,18197.121354856194,,,0.006061828885228445,,cf8c88c,1a752a7496585b5b54bbf1a58c6356571450f500891c333d9fb60594afddf3ac,audits/paper_extras/v4_runs/v1/sweep_seed606_exp.json,KHONG CO (che do lay mau v1)
606,exp,flat_pit0_cit0.50,6,48,373.5833029417854,896.8919564049905,0.4165309993850522,0,,0.0,,KHONG CO,KHONG CO,18221.04507700067,1673.053612043156,16049.729758492453,92.47079958021641,47.94795386287367,18228.703338564057,,,0.008131571205100468,,cf8c88c,1a752a7496585b5b54bbf1a58c6356571450f500891c333d9fb60594afddf3ac,audits/paper_extras/v4_runs/v1/sweep_seed606_exp.json,KHONG CO (che do lay mau v1)
606,exp,flat_pit0_cit0.50,7,49,324.9678035482612,938.7868727579049,0.34615716620918724,0,,0.0,,KHONG CO,KHONG CO,18383.145009969896,1396.345120965974,15946.022855916824,91.3291847705841,37.49256088708832,18639.003646804333,,,0.007490809514735345,,cf8c88c,1a752a7496585b5b54bbf1a58c6356571450f500891c333d9fb60594afddf3ac,audits/paper_extras/v4_runs/v1/sweep_seed606_exp.json,KHONG CO (che do lay mau v1)
606,exp,flat_pit0_cit0.50,8,50,377.320429295954,903.1870086407163,0.41776556315155144,0,,0.0,,KHONG CO,KHONG CO,18356.41753171668,1379.5553722563006,15922.349041670599,91.3291847705841,64.64163725009108,18179.24210666798,,,0.007262052564309212,,cf8c88c,1a752a7496585b5b54bbf1a58c6356571450f500891c333d9fb60594afddf3ac,audits/paper_extras/v4_runs/v1/sweep_seed606_exp.json,KHONG CO (che do lay mau v1)
606,exp,flat_pit0_cit0.50,9,51,330.0253701699702,833.2715853464772,0.3960597912777075,0,,0.0,,KHONG CO,KHONG CO,18850.694172817846,1995.9127528285114,16801.43649780541,100.46210324764252,92.41514229393394,18700.68696883401,,,0.01006971208631833,,cf8c88c,1a752a7496585b5b54bbf1a58c6356571450f500891c333d9fb60594afddf3ac,audits/paper_extras/v4_runs/v1/sweep_seed606_exp.json,KHONG CO (che do lay mau v1)
707,det,rl_learned,0,42,319.3421245238872,872.946882948955,0.3658207970742712,0,53,0.0,1.5025083033970432e-05,KHONG CO,KHONG CO,1888.1137545195518,13.908241821760729,1680.8876356186402,-82.56747472286224,0.0,15237.774123545496,65.92771190003835,0.0,0.0029899409535079587,3.044317834834739,cf8c88c,48b505d4c412803fc0fc57102ab20b5eec33692319fbc0d5f4ec675f8fb0e159,audits/paper_extras/v4_runs/v1/sweep_seed707_det.json,audits/paper_extras/v4_runs/v2/bench2_seed707_det.json
707,det,rl_learned,1,43,398.2718420364242,912.6256891883808,0.4364021819182151,0,49,0.0,5.111115974898439e-10,KHONG CO,KHONG CO,1934.9175441113962,42.4953188474154,1754.8917870923226,-56.935143917798996,0.0,15151.949501777573,127.50671800672077,0.0,0.0028257174137924796,2.7681866705706297,cf8c88c,48b505d4c412803fc0fc57102ab20b5eec33692319fbc0d5f4ec675f8fb0e159,audits/paper_extras/v4_runs/v1/sweep_seed707_det.json,audits/paper_extras/v4_runs/v2/bench2_seed707_det.json
707,det,rl_learned,2,44,303.8497498863203,927.9321027707613,0.32744825723675186,0,60,0.0,5.52132606301825e-09,KHONG CO,KHONG CO,1806.991046142902,21.053588300076722,1635.068983241749,-46.806143268942805,0.0,15167.429872418892,72.35192205127547,0.0,0.0032626219163106357,2.8912874963982165,cf8c88c,48b505d4c412803fc0fc57102ab20b5eec33692319fbc0d5f4ec675f8fb0e159,audits/paper_extras/v4_runs/v1/sweep_seed707_det.json,audits/paper_extras/v4_runs/v2/bench2_seed707_det.json
707,det,rl_learned,3,45,414.94718988421806,915.1558055117969,0.453416989090902,0,58,0.0,0.0,KHONG CO,KHONG CO,2221.217939598295,15.405514907315593,1964.5975807481775,-45.11117868125439,0.0,15068.768902533628,248.3681499050578,0.0,0.003186516828737658,3.0121609928703235,cf8c88c,48b505d4c412803fc0fc57102ab20b5eec33692319fbc0d5f4ec675f8fb0e159,audits/paper_extras/v4_runs/v1/sweep_seed707_det.json,audits/paper_extras/v4_runs/v2/bench2_seed707_det.json
707,det,rl_learned,4,46,431.7119445466116,885.3438379854,0.4876206576746185,0,67,0.0,0.0,KHONG CO,KHONG CO,2358.2447531784887,60.38233658062098,2099.5114953034554,-22.306082725524902,0.0,15031.77904051445,309.64263666672593,0.0,0.003518548658645468,3.442863671992678,cf8c88c,48b505d4c412803fc0fc57102ab20b5eec33692319fbc0d5f4ec675f8fb0e159,audits/paper_extras/v4_runs/v1/sweep_seed707_det.json,audits/paper_extras/v4_runs/v2/bench2_seed707_det.json
707,det,rl_learned,5,47,381.3935079150249,883.9545072285476,0.4314628239306155,0,57,0.0,4.6345705051464847e-10,KHONG CO,KHONG CO,1945.1927568757976,63.71586694619301,1799.062284140267,-39.19812861084938,0.0,15104.670848857959,144.37361943461832,0.0,0.003147936581824078,3.08259606312322,cf8c88c,48b505d4c412803fc0fc57102ab20b5eec33692319fbc0d5f4ec675f8fb0e159,audits/paper_extras/v4_runs/v1/sweep_seed707_det.json,audits/paper_extras/v4_runs/v2/bench2_seed707_det.json
707,det,rl_learned,6,48,395.93150370225254,879.0171575284893,0.45042522812123864,0,60,0.0,0.0,KHONG CO,KHONG CO,2124.075339067967,30.110848797294288,1899.4355212101827,-42.64815875887871,0.0,15095.576039488502,201.82278592545703,0.0,0.0032626219163106357,3.3117687333248114,cf8c88c,48b505d4c412803fc0fc57102ab20b5eec33692319fbc0d5f4ec675f8fb0e159,audits/paper_extras/v4_runs/v1/sweep_seed707_det.json,audits/paper_extras/v4_runs/v2/bench2_seed707_det.json
707,det,rl_learned,7,49,391.7077831402043,881.3165127355052,0.4444575558040872,0,49,0.0,0.003834400608247801,KHONG CO,KHONG CO,1962.2636193225094,49.9277603625416,1792.788488946595,-57.30166357755661,0.0,15191.802997875151,84.90155644086444,0.0,0.0028257174137924796,3.0014146288769,cf8c88c,48b505d4c412803fc0fc57102ab20b5eec33692319fbc0d5f4ec675f8fb0e159,audits/paper_extras/v4_runs/v1/sweep_seed707_det.json,audits/paper_extras/v4_runs/v2/bench2_seed707_det.json
707,det,rl_learned,8,50,389.8765746084236,846.9161294566792,0.4603485056525497,0,47,0.0,8.070242252244952e-10,KHONG CO,KHONG CO,2124.174909047106,20.7024299600815,1918.9754120510443,-39.685882106423364,0.0,15132.418133939991,133.16967512257332,0.0,0.0027411128649022167,3.1655093927083033,cf8c88c,48b505d4c412803fc0fc57102ab20b5eec33692319fbc0d5f4ec675f8fb0e159,audits/paper_extras/v4_runs/v1/sweep_seed707_det.json,audits/paper_extras/v4_runs/v2/bench2_seed707_det.json
707,det,rl_learned,9,51,397.6922152431094,844.8666561110238,0.4707159554310174,0,60,0.0,0.0,KHONG CO,KHONG CO,2231.774218688508,44.85142479091125,1989.3465364748236,-35.28326573967934,0.0,15121.458401095697,201.10397164858193,0.0,0.0032626219163106357,3.5156762432615523,cf8c88c,48b505d4c412803fc0fc57102ab20b5eec33692319fbc0d5f4ec675f8fb0e159,audits/paper_extras/v4_runs/v1/sweep_seed707_det.json,audits/paper_extras/v4_runs/v2/bench2_seed707_det.json
707,det,free_market+rl_aux,0,42,327.89242451928004,868.2515592046412,0.37764680183199983,0,56,0.0,5.999281937896228e-08,KHONG CO,KHONG CO,0.0,0.0,0.0,-46.78428590297699,0.0,14735.855690265133,310.92859563784816,0.0,0.00310899577185523,2.9384487563488335,cf8c88c,48b505d4c412803fc0fc57102ab20b5eec33692319fbc0d5f4ec675f8fb0e159,audits/paper_extras/v4_runs/v1/sweep_seed707_det.json,audits/paper_extras/v4_runs/v2/bench2_seed707_det.json
707,det,free_market+rl_aux,1,43,419.6739445486075,900.9638409329644,0.465805535673915,0,50,0.0,0.0,KHONG CO,KHONG CO,0.0,0.0,0.0,-46.78428590297699,0.0,14667.881722568918,378.90256333406376,0.0,0.0028673840804591465,2.6739458208003244,cf8c88c,48b505d4c412803fc0fc57102ab20b5eec33692319fbc0d5f4ec675f8fb0e159,audits/paper_extras/v4_runs/v1/sweep_seed707_det.json,audits/paper_extras/v4_runs/v2/bench2_seed707_det.json
707,det,free_market+rl_aux,2,44,298.3617055861743,876.2511414752303,0.34049793656629246,0,52,0.0,1.132589577679255e-10,KHONG CO,KHONG CO,0.0,0.0,0.0,-46.78428590297699,0.0,14670.667893164393,376.1163927385829,0.0,0.0029494878790743023,2.805291494495224,cf8c88c,48b505d4c412803fc0fc57102ab20b5eec33692319fbc0d5f4ec675f8fb0e159,audits/paper_extras/v4_runs/v1/sweep_seed707_det.json,audits/paper_extras/v4_runs/v2/bench2_seed707_det.json
707,det,free_market+rl_aux,3,45,393.1842431493063,873.4702527446233,0.45014039334921885,0,47,0.0,2.638527174525507e-10,KHONG CO,KHONG CO,0.0,0.0,0.0,-46.78428590297699,0.0,14592.787780384631,453.9965055183435,0.0,0.002741112864902217,2.884155601907109,cf8c88c,48b505d4c412803fc0fc57102ab20b5eec33692319fbc0d5f4ec675f8fb0e159,audits/paper_extras/v4_runs/v1/sweep_seed707_det.json,audits/paper_extras/v4_runs/v2/bench2_seed707_det.json
707,det,free_market+rl_aux,4,46,413.0324287892719,862.7612831922683,0.4787331523049194,0,62,0.0,0.0,KHONG CO,KHONG CO,0.0,0.0,0.0,-46.78428590297699,0.0,14545.302400436804,501.4818854661759,0.0,0.0033373618348005543,3.2696431209560055,cf8c88c,48b505d4c412803fc0fc57102ab20b5eec33692319fbc0d5f4ec675f8fb0e159,audits/paper_extras/v4_runs/v1/sweep_seed707_det.json,audits/paper_extras/v4_runs/v2/bench2_seed707_det.json
707,det,free_market+rl_aux,5,47,387.57418221070924,876.2041740830274,0.4423331840621698,0,57,0.0,3.43969297489366e-11,KHONG CO,KHONG CO,0.0,0.0,0.0,-46.78428590297699,0.0,14607.820672620615,438.96361328235554,0.0,0.0031479365818240777,2.9558411653288363,cf8c88c,48b505d4c412803fc0fc57102ab20b5eec33692319fbc0d5f4ec675f8fb0e159,audits/paper_extras/v4_runs/v1/sweep_seed707_det.json,audits/paper_extras/v4_runs/v2/bench2_seed707_det.json
707,det,free_market+rl_aux,6,48,385.7986708741067,843.5786248078756,0.4573357592624778,0,52,0.0,3.062328168823569e-11,KHONG CO,KHONG CO,0.0,0.0,0.0,-46.78428590297699,0.0,14603.224533628441,443.5597522745327,0.0,0.002949487879074302,3.1606353417823496,cf8c88c,48b505d4c412803fc0fc57102ab20b5eec33692319fbc0d5f4ec675f8fb0e159,audits/paper_extras/v4_runs/v1/sweep_seed707_det.json,audits/paper_extras/v4_runs/v2/bench2_seed707_det.json
707,det,free_market+rl_aux,7,49,410.7637951042638,891.7004203213669,0.4606522389618538,0,59,0.0,5.188302143466217e-08,KHONG CO,KHONG CO,0.0,0.0,0.0,-46.78428590297699,0.0,14706.133272230902,340.6510136720736,0.0,0.003224743128431848,2.8946287015782644,cf8c88c,48b505d4c412803fc0fc57102ab20b5eec33692319fbc0d5f4ec675f8fb0e159,audits/paper_extras/v4_runs/v1/sweep_seed707_det.json,audits/paper_extras/v4_runs/v2/bench2_seed707_det.json
707,det,free_market+rl_aux,8,50,410.5945261223007,828.6987200902167,0.49546899997335714,0,47,0.0,0.0,KHONG CO,KHONG CO,0.0,0.0,0.0,-46.78428590297699,0.0,14651.352009257102,395.43227664587926,0.0,0.0027411128649022167,3.039241405584227,cf8c88c,48b505d4c412803fc0fc57102ab20b5eec33692319fbc0d5f4ec675f8fb0e159,audits/paper_extras/v4_runs/v1/sweep_seed707_det.json,audits/paper_extras/v4_runs/v2/bench2_seed707_det.json
707,det,free_market+rl_aux,9,51,385.45699328747804,816.0489188834174,0.47234544935724043,0,54,0.0,7.916156619103276e-11,KHONG CO,KHONG CO,0.0,0.0,0.0,-46.78428590297699,0.0,14632.590047125732,414.19423877724546,0.0,0.0030300050560720616,3.3552409988991974,cf8c88c,48b505d4c412803fc0fc57102ab20b5eec33692319fbc0d5f4ec675f8fb0e159,audits/paper_extras/v4_runs/v1/sweep_seed707_det.json,audits/paper_extras/v4_runs/v2/bench2_seed707_det.json
707,det,rl_mean_fixed,0,42,346.0107030348894,856.7035895233244,0.4038861366594858,0,45,0.0,0.06701876124635864,KHONG CO,KHONG CO,4687.953407972889,82.4906884901773,4307.452997026738,-46.78428590297699,0.0,15195.722286850818,314.05309848849726,0.0,0.0026547547606639577,3.2994505438108246,cf8c88c,48b505d4c412803fc0fc57102ab20b5eec33692319fbc0d5f4ec675f8fb0e159,audits/paper_extras/v4_runs/v1/sweep_seed707_det.json,audits/paper_extras/v4_runs/v2/bench2_seed707_det.json
707,det,rl_mean_fixed,1,43,453.7438030112937,942.2490740700471,0.48155399193054793,0,57,0.0,2.389866082808112e-12,KHONG CO,KHONG CO,4633.327101163189,41.81126049937864,4221.582491201137,-46.78428590297699,0.0,15118.601836110256,381.7383202541539,0.0,0.003147936581824078,2.951310962059609,cf8c88c,48b505d4c412803fc0fc57102ab20b5eec33692319fbc0d5f4ec675f8fb0e159,audits/paper_extras/v4_runs/v1/sweep_seed707_det.json,audits/paper_extras/v4_runs/v2/bench2_seed707_det.json
707,det,rl_mean_fixed,2,44,378.4198649217024,919.0356144687896,0.41175756299763455,0,66,0.0,0.0,KHONG CO,KHONG CO,4670.896756405294,61.73712586293969,4273.321492638895,-46.78428590297699,0.0,15212.10514040424,293.99153512807146,0.0,0.0034829361230329318,3.155532948779414,cf8c88c,48b505d4c412803fc0fc57102ab20b5eec33692319fbc0d5f4ec675f8fb0e159,audits/paper_extras/v4_runs/v1/sweep_seed707_det.json,audits/paper_extras/v4_runs/v2/bench2_seed707_det.json
707,det,rl_mean_fixed,3,45,381.0517049582308,873.6687739091127,0.4361512238250962,0,47,0.0,0.0,KHONG CO,KHONG CO,4735.645693038163,35.40093720792493,4308.120660305967,-46.78428590297699,0.0,15087.950219975846,421.76003586725795,0.0,0.0027411128649022167,3.1823158870950157,cf8c88c,48b505d4c412803fc0fc57102ab20b5eec33692319fbc0d5f4ec675f8fb0e159,audits/paper_extras/v4_runs/v1/sweep_seed707_det.json,audits/paper_extras/v4_runs/v2/bench2_seed707_det.json
707,det,rl_mean_fixed,4,46,371.7565097673049,847.3606353279797,0.43872289349789384,0,59,0.0,0.0,KHONG CO,KHONG CO,4579.405143062399,46.955236155623396,4177.335698080748,-46.78428590297699,0.0,15079.528792868816,416.28017417143207,0.0,0.003224743128431848,3.639709147795195,cf8c88c,48b505d4c412803fc0fc57102ab20b5eec33692319fbc0d5f4ec675f8fb0e159,audits/paper_extras/v4_runs/v1/sweep_seed707_det.json,audits/paper_extras/v4_runs/v2/bench2_seed707_det.json
707,det,rl_mean_fixed,5,47,335.3974194316447,869.358443362955,0.38579877148742103,0,50,0.0,0.0,KHONG CO,KHONG CO,4611.423686561778,88.81443453313108,4244.245808938428,-46.78428590297699,0.0,15112.515750524908,390.2608475345541,0.0,0.002867384080459147,3.225292969304761,cf8c88c,48b505d4c412803fc0fc57102ab20b5eec33692319fbc0d5f4ec675f8fb0e159,audits/paper_extras/v4_runs/v1/sweep_seed707_det.json,audits/paper_extras/v4_runs/v2/bench2_seed707_det.json
707,det,rl_mean_fixed,6,48,394.3729253811185,869.6408554158438,0.45348941798800113,0,56,0.0,2.4843318513489976e-09,KHONG CO,KHONG CO,4777.5013703022705,43.208300487964806,4353.001383390813,-46.78428590297699,0.0,15060.033317172862,454.45925612953226,0.0,0.0031089957718552306,3.5234627410454378,cf8c88c,48b505d4c412803fc0fc57102ab20b5eec33692319fbc0d5f4ec675f8fb0e159,audits/paper_extras/v4_runs/v1/sweep_seed707_det.json,audits/paper_extras/v4_runs/v2/bench2_seed707_det.json
707,det,rl_mean_fixed,7,49,340.28747718735195,886.8468347083375,0.3837049013083125,0,52,0.0,4.069504483616981e-06,KHONG CO,KHONG CO,4815.143623620746,77.98093803504402,4418.431093014906,-46.78428590297699,0.0,15258.967875574072,262.5098789697879,0.0,0.0029494878790743023,3.1233111896320223,cf8c88c,48b505d4c412803fc0fc57102ab20b5eec33692319fbc0d5f4ec675f8fb0e159,audits/paper_extras/v4_runs/v1/sweep_seed707_det.json,audits/paper_extras/v4_runs/v2/bench2_seed707_det.json
707,det,rl_mean_fixed,8,50,430.516734872136,873.1040988952952,0.4930875200527086,0,56,0.0,0.0,KHONG CO,KHONG CO,4707.107550490287,57.668038054639226,4302.533554253363,-46.78428590297699,0.0,15112.690279444407,396.33604075013506,0.0,0.00310899577185523,3.3448252359335515,cf8c88c,48b505d4c412803fc0fc57102ab20b5eec33692319fbc0d5f4ec675f8fb0e159,audits/paper_extras/v4_runs/v1/sweep_seed707_det.json,audits/paper_extras/v4_runs/v2/bench2_seed707_det.json
707,det,rl_mean_fixed,9,51,392.28453976167174,859.5579999950212,0.4563793714489819,0,64,0.0,1.2978196295421185e-10,KHONG CO,KHONG CO,4625.879816163584,78.57043244058622,4247.967570763883,-46.78428590297699,0.0,15064.56171479129,438.70524895196405,0.0,0.0034107846987450757,3.735388268729318,cf8c88c,48b505d4c412803fc0fc57102ab20b5eec33692319fbc0d5f4ec675f8fb0e159,audits/paper_extras/v4_runs/v1/sweep_seed707_det.json,audits/paper_extras/v4_runs/v2/bench2_seed707_det.json
707,det,flat_pit0.10_cit0,0,42,278.118219262416,863.3297904229839,0.32214597752517427,0,51,0.6958333333333333,-0.28957865367596636,KHONG CO,KHONG CO,6568.942258689147,17.54253165992383,5935.874964807719,-46.78428590297699,0.0,15221.64746290141,475.7466485429177,0.0,0.0029086382058716876,2.9498243209975414,cf8c88c,48b505d4c412803fc0fc57102ab20b5eec33692319fbc0d5f4ec675f8fb0e159,audits/paper_extras/v4_runs/v1/sweep_seed707_det.json,audits/paper_extras/v4_runs/v2/bench2_seed707_det.json
707,det,flat_pit0.10_cit0,1,43,344.56404078807674,885.0489854536846,0.3893163502260272,0,47,0.725,-0.333714304099733,KHONG CO,KHONG CO,6565.069909012158,10.627469406511796,5926.3529139841685,-46.78428590297699,0.0,15189.460280219519,506.6684701179375,0.0,0.0027411128649022167,2.7089456999103456,cf8c88c,48b505d4c412803fc0fc57102ab20b5eec33692319fbc0d5f4ec675f8fb0e159,audits/paper_extras/v4_runs/v1/sweep_seed707_det.json,audits/paper_extras/v4_runs/v2/bench2_seed707_det.json
707,det,flat_pit0.10_cit0,2,44,274.7166709641916,852.8004519327776,0.3221347624072862,0,52,0.7833333333333333,-0.4192463381952101,KHONG CO,KHONG CO,6709.815524605597,10.34738876936533,6048.7207206211315,-46.78428590297699,0.0,15687.888735679911,30.337742976908068,0.0,0.0029494878790743023,2.8887335988156844,cf8c88c,48b505d4c412803fc0fc57102ab20b5eec33692319fbc0d5f4ec675f8fb0e159,audits/paper_extras/v4_runs/v1/sweep_seed707_det.json,audits/paper_extras/v4_runs/v2/bench2_seed707_det.json
707,det,flat_pit0.10_cit0,3,45,272.50992996675365,898.2744840743558,0.3033704450010809,0,57,0.8125,-0.6300000093877318,KHONG CO,KHONG CO,6799.44581031397,15.085827568486508,6131.087002493333,-46.78428590297699,0.0,15595.513268865307,134.71565242678608,0.0,0.003147936581824078,2.866098326933625,cf8c88c,48b505d4c412803fc0fc57102ab20b5eec33692319fbc0d5f4ec675f8fb0e159,audits/paper_extras/v4_runs/v1/sweep_seed707_det.json,audits/paper_extras/v4_runs/v2/bench2_seed707_det.json
707,det,flat_pit0.10_cit0,4,46,273.4484750194761,808.2972621211467,0.33830186966350506,0,48,0.875,-0.9309783336049129,KHONG CO,KHONG CO,7317.930348307315,20.192549089575525,6605.257191158646,-46.78428590297699,0.0,15547.485693179713,232.164298961508,0.0,0.002783629871704938,3.254578226047397,cf8c88c,48b505d4c412803fc0fc57102ab20b5eec33692319fbc0d5f4ec675f8fb0e159,audits/paper_extras/v4_runs/v1/sweep_seed707_det.json,audits/paper_extras/v4_runs/v2/bench2_seed707_det.json
707,det,flat_pit0.10_cit0,5,47,264.9852753992531,873.3950323125107,0.30339681999065726,0,54,0.8916666666666667,-0.6296020446658437,KHONG CO,KHONG CO,6976.894447756254,14.062275168802655,6296.582292343986,-46.78428590297699,0.0,15600.33637813066,140.82233835338582,0.0,0.0030300050560720616,2.9654839724757855,cf8c88c,48b505d4c412803fc0fc57102ab20b5eec33692319fbc0d5f4ec675f8fb0e159,audits/paper_extras/v4_runs/v1/sweep_seed707_det.json,audits/paper_extras/v4_runs/v2/bench2_seed707_det.json
707,det,flat_pit0.10_cit0,6,48,254.89618523878215,865.4422771298488,0.2945270782057463,0,57,0.75,-0.4604921568157465,KHONG CO,KHONG CO,7370.921843040496,11.694390021430905,6646.505546379382,-46.78428590297699,0.0,15662.61453717914,120.28043540637755,0.0,0.003147936581824078,3.192747547102476,cf8c88c,48b505d4c412803fc0fc57102ab20b5eec33692319fbc0d5f4ec675f8fb0e159,audits/paper_extras/v4_runs/v1/sweep_seed707_det.json,audits/paper_extras/v4_runs/v2/bench2_seed707_det.json
707,det,flat_pit0.10_cit0,7,49,354.62020113074453,884.0283281366206,0.40114121894512456,0,52,0.6916666666666667,-0.35454408436804463,KHONG CO,KHONG CO,6779.810475563487,6.943276241318312,6116.519966336431,-46.78428590297699,0.0,15260.021212385886,456.99685898548285,0.0,0.0029494878790743023,2.905141207728123,cf8c88c,48b505d4c412803fc0fc57102ab20b5eec33692319fbc0d5f4ec675f8fb0e159,audits/paper_extras/v4_runs/v1/sweep_seed707_det.json,audits/paper_extras/v4_runs/v2/bench2_seed707_det.json
707,det,flat_pit0.10_cit0,8,50,339.0937122153962,847.5943399382842,0.4000660413094389,0,53,0.8541666666666666,-0.6300000093877318,KHONG CO,KHONG CO,7256.907437006836,6.324467672120366,6547.263347712517,-46.78428590297699,0.0,15177.999312492597,584.7535303768278,0.0,0.002989940953507959,3.0955221027224535,cf8c88c,48b505d4c412803fc0fc57102ab20b5eec33692319fbc0d5f4ec675f8fb0e159,audits/paper_extras/v4_runs/v1/sweep_seed707_det.json,audits/paper_extras/v4_runs/v2/bench2_seed707_det.json
707,det,flat_pit0.10_cit0,9,51,243.92728972574236,827.3447190583532,0.29483150627149646,0,57,0.7541666666666667,-0.40621705857176277,KHONG CO,KHONG CO,7415.067762163397,17.283877866613892,6679.192861768592,-46.78428590297699,0.0,15594.508493718893,205.43457044548956,0.0,0.0031479365818240777,3.3529507323291887,cf8c88c,48b505d4c412803fc0fc57102ab20b5eec33692319fbc0d5f4ec675f8fb0e159,audits/paper_extras/v4_runs/v1/sweep_seed707_det.json,audits/paper_extras/v4_runs/v2/bench2_seed707_det.json
707,det,flat_pit0.20_cit0,0,42,177.64463952113587,857.7587847680693,0.20710325871995527,0,52,0.875,-1.2392964950647278,KHONG CO,KHONG CO,12798.536213168512,42.479312226994836,11559.824739703326,-46.78428590297699,0.0,16244.822512143264,83.15255945191672,0.0,0.0029494878790743023,2.945578822374779,cf8c88c,48b505d4c412803fc0fc57102ab20b5eec33692319fbc0d5f4ec675f8fb0e159,audits/paper_extras/v4_runs/v1/sweep_seed707_det.json,audits/paper_extras/v4_runs/v2/bench2_seed707_det.json
707,det,flat_pit0.20_cit0,1,43,235.23307535915674,879.4172635484109,0.26748744323030615,0,46,0.9125,-1.2600000187754632,KHONG CO,KHONG CO,12473.160567633171,13.666944151964096,11253.121212078519,-46.78428590297699,0.0,15691.145300019713,589.3452855898696,0.0,0.0026981575384417357,2.6683462244769043,cf8c88c,48b505d4c412803fc0fc57102ab20b5eec33692319fbc0d5f4ec675f8fb0e159,audits/paper_extras/v4_runs/v1/sweep_seed707_det.json,audits/paper_extras/v4_runs/v2/bench2_seed707_det.json
707,det,flat_pit0.20_cit0,2,44,236.1926994081455,989.5683654272519,0.23868254853333748,2,68,0.9041666666666667,-1.2541060253099507,KHONG CO,KHONG CO,13257.267937806324,11.895145612175662,11925.43510515653,-48.53869662433863,4.048003438302269,16111.064840985528,277.5542602052844,0.0,0.004664719850654786,2.7066317866163536,cf8c88c,48b505d4c412803fc0fc57102ab20b5eec33692319fbc0d5f4ec675f8fb0e159,audits/paper_extras/v4_runs/v1/sweep_seed707_det.json,audits/paper_extras/v4_runs/v2/bench2_seed707_det.json
707,det,flat_pit0.20_cit0,3,45,239.4804233295598,920.7891528248634,0.2600817164221195,1,64,0.9125,-1.2600000187754632,KHONG CO,KHONG CO,14175.742637771915,31.482188168559663,12776.744938577398,-46.78428590297699,0.0,16116.546020555483,360.52323316917597,0.0,0.0034128152380563173,2.92646022793067,cf8c88c,48b505d4c412803fc0fc57102ab20b5eec33692319fbc0d5f4ec675f8fb0e159,audits/paper_extras/v4_runs/v1/sweep_seed707_det.json,audits/paper_extras/v4_runs/v2/bench2_seed707_det.json
707,det,flat_pit0.20_cit0,4,46,207.35438899862888,798.5794913195748,0.2596540372655901,0,45,0.925,-2.4529222834563056,KHONG CO,KHONG CO,14204.799607781664,32.254507438032924,12806.392275180127,-46.78428590297699,0.0,16069.718306382525,407.72781956001666,0.0,0.0026547547606639577,3.256846528161193,cf8c88c,48b505d4c412803fc0fc57102ab20b5eec33692319fbc0d5f4ec675f8fb0e159,audits/paper_extras/v4_runs/v1/sweep_seed707_det.json,audits/paper_extras/v4_runs/v2/bench2_seed707_det.json
707,det,flat_pit0.20_cit0,5,47,236.75224253977558,875.9124666341511,0.2702921257069648,0,60,0.9125,-1.3826450849924201,KHONG CO,KHONG CO,14606.070160116304,36.03103295849744,13161.771076070969,-46.78428590297699,0.0,16125.8407185599,401.2736843469171,0.0,0.0032626219163106357,3.0469854266476517,cf8c88c,48b505d4c412803fc0fc57102ab20b5eec33692319fbc0d5f4ec675f8fb0e159,audits/paper_extras/v4_runs/v1/sweep_seed707_det.json,audits/paper_extras/v4_runs/v2/bench2_seed707_det.json
707,det,flat_pit0.20_cit0,6,48,209.17962576991727,841.3677735069898,0.24861853800034983,0,52,0.8791666666666667,-1.5452489141843142,KHONG CO,KHONG CO,13972.530699839293,22.153249069176425,12591.152877486602,-46.78428590297699,0.0,16151.01069428972,299.30466303512486,0.0,0.0029494878790743023,3.176321976658728,cf8c88c,48b505d4c412803fc0fc57102ab20b5eec33692319fbc0d5f4ec675f8fb0e159,audits/paper_extras/v4_runs/v1/sweep_seed707_det.json,audits/paper_extras/v4_runs/v2/bench2_seed707_det.json
707,det,flat_pit0.20_cit0,7,49,257.99516795321824,868.4315354065552,0.2970817588198684,0,50,0.9,-1.2600000187754636,KHONG CO,KHONG CO,13174.737361393598,11.507511727819315,11884.194736692947,-46.78428590297699,0.0,15784.659947238257,564.174475093192,0.0,0.002867384080459147,2.9035364738339893,cf8c88c,48b505d4c412803fc0fc57102ab20b5eec33692319fbc0d5f4ec675f8fb0e159,audits/paper_extras/v4_runs/v1/sweep_seed707_det.json,audits/paper_extras/v4_runs/v2/bench2_seed707_det.json
707,det,flat_pit0.20_cit0,8,50,181.27748519086094,855.970238912057,0.21178012616567798,0,57,0.925,-1.925021422082385,KHONG CO,KHONG CO,13714.483755452642,18.59819694931373,12353.807505528179,-46.78428590297699,0.0,16209.9182360079,216.14049676886407,0.0,0.003147936581824078,3.042531776815567,cf8c88c,48b505d4c412803fc0fc57102ab20b5eec33692319fbc0d5f4ec675f8fb0e159,audits/paper_extras/v4_runs/v1/sweep_seed707_det.json,audits/paper_extras/v4_runs/v2/bench2_seed707_det.json
707,det,flat_pit0.20_cit0,9,51,186.7675423502745,814.080696858153,0.2294214112569939,0,53,0.9083333333333333,-1.5002102106026938,KHONG CO,KHONG CO,14750.912457656792,24.89397734921071,13319.881409169939,-46.78428590297699,0.0,16191.969801183472,310.73951055558456,0.0,0.0029899409535079587,3.3953714436523907,cf8c88c,48b505d4c412803fc0fc57102ab20b5eec33692319fbc0d5f4ec675f8fb0e159,audits/paper_extras/v4_runs/v1/sweep_seed707_det.json,audits/paper_extras/v4_runs/v2/bench2_seed707_det.json
707,det,flat_pit0.30_cit0,0,42,155.6090378648653,858.2494062484342,0.18130981126460777,9,58,0.9125,-3.107110524300651,KHONG CO,KHONG CO,19407.07877133534,76.07573417511071,17523.438538693805,-46.78428590297699,0.0,16743.385497664345,259.9573035839105,0.0,0.0032291451993291882,2.993763680093933,cf8c88c,48b505d4c412803fc0fc57102ab20b5eec33692319fbc0d5f4ec675f8fb0e159,audits/paper_extras/v4_runs/v1/sweep_seed707_det.json,audits/paper_extras/v4_runs/v2/bench2_seed707_det.json
707,det,flat_pit0.30_cit0,1,43,155.75747759253196,897.065973431921,0.1736299025997473,5,52,0.9291666666666667,-1.9458768844798513,KHONG CO,KHONG CO,18987.93837801993,32.88932929932807,17127.999331929484,-46.78428590297699,0.0,16755.352375464652,182.75017164081297,0.0,0.0029568783854142513,2.7146763356681722,cf8c88c,48b505d4c412803fc0fc57102ab20b5eec33692319fbc0d5f4ec675f8fb0e159,audits/paper_extras/v4_runs/v1/sweep_seed707_det.json,audits/paper_extras/v4_runs/v2/bench2_seed707_det.json
707,det,flat_pit0.30_cit0,2,44,229.55312956451112,953.7615459766508,0.24068188797593948,13,59,0.9166666666666666,-2.06295905985678,KHONG CO,KHONG CO,20659.502082568473,41.408379169925226,18611.67457874366,-46.78428590297699,0.0,16687.818526214218,444.0483279601946,0.0,0.003259746045023605,2.8236423433404543,cf8c88c,48b505d4c412803fc0fc57102ab20b5eec33692319fbc0d5f4ec675f8fb0e159,audits/paper_extras/v4_runs/v1/sweep_seed707_det.json,audits/paper_extras/v4_runs/v2/bench2_seed707_det.json
707,det,flat_pit0.30_cit0,3,45,246.10355018789326,927.9305663120192,0.2652176349422466,10,67,0.9166666666666666,-2.965746369664054,KHONG CO,KHONG CO,21101.957247956816,67.54624602769626,19008.959312467145,-46.78428590297699,0.0,16635.57048606852,568.5135022234301,0.0,0.0035355817553008634,2.9391965496206365,cf8c88c,48b505d4c412803fc0fc57102ab20b5eec33692319fbc0d5f4ec675f8fb0e159,audits/paper_extras/v4_runs/v1/sweep_seed707_det.json,audits/paper_extras/v4_runs/v2/bench2_seed707_det.json
707,det,flat_pit0.30_cit0,4,46,254.8588744076187,792.7443488923008,0.3214893613101528,10,54,0.9333333333333333,-5.470529324322706,KHONG CO,KHONG CO,21053.151865422245,174.44006729432638,19116.743575194712,-46.78428590297699,0.0,16631.253028732976,523.0668038825031,0.0,0.00304787294027483,3.3236695489107353,cf8c88c,48b505d4c412803fc0fc57102ab20b5eec33692319fbc0d5f4ec675f8fb0e159,audits/paper_extras/v4_runs/v1/sweep_seed707_det.json,audits/paper_extras/v4_runs/v2/bench2_seed707_det.json
707,det,flat_pit0.30_cit0,5,47,254.465156374983,844.7153219565769,0.3012436850151795,5,56,0.925,-3.848962348639564,KHONG CO,KHONG CO,20743.25495634168,88.28711104495822,18719.052253329835,-46.78428590297699,0.0,16644.284823659993,513.5724938146885,0.0,0.0031212753174683938,3.0529259286175328,cf8c88c,48b505d4c412803fc0fc57102ab20b5eec33692319fbc0d5f4ec675f8fb0e159,audits/paper_extras/v4_runs/v1/sweep_seed707_det.json,audits/paper_extras/v4_runs/v2/bench2_seed707_det.json
707,det,flat_pit0.30_cit0,6,48,215.5962742772969,829.9599896152816,0.2597670694670885,11,57,0.9208333333333333,-2.737590296139044,KHONG CO,KHONG CO,20864.05923693082,60.81338453512576,18798.319521434696,-46.78428590297699,0.0,16717.99582219916,452.0007561757768,0.0,0.0031549576907613534,3.2663401627846675,cf8c88c,48b505d4c412803fc0fc57102ab20b5eec33692319fbc0d5f4ec675f8fb0e159,audits/paper_extras/v4_runs/v1/sweep_seed707_det.json,audits/paper_extras/v4_runs/v2/bench2_seed707_det.json
707,det,flat_pit0.30_cit0,7,49,242.51171595037707,849.6028100256832,0.2854412827837116,2,46,0.9083333333333333,-1.9416695656825662,KHONG CO,KHONG CO,18977.594382905656,22.09661446894891,17123.928175973426,-46.78428590297699,0.0,16312.073450036809,609.9344554065732,0.0,0.0027005423064515037,2.903452899459789,cf8c88c,48b505d4c412803fc0fc57102ab20b5eec33692319fbc0d5f4ec675f8fb0e159,audits/paper_extras/v4_runs/v1/sweep_seed707_det.json,audits/paper_extras/v4_runs/v2/bench2_seed707_det.json
707,det,flat_pit0.30_cit0,8,50,222.63753708715214,847.4381220161198,0.2627183404936758,4,58,0.9291666666666667,-3.4445991246383305,KHONG CO,KHONG CO,20866.906597978,66.52211734803798,18837.386989550258,-46.78428590297699,0.0,16754.111712838585,387.67652457476674,0.0,0.003192626031684977,3.1410544735046684,cf8c88c,48b505d4c412803fc0fc57102ab20b5eec33692319fbc0d5f4ec675f8fb0e159,audits/paper_extras/v4_runs/v1/sweep_seed707_det.json,audits/paper_extras/v4_runs/v2/bench2_seed707_det.json
707,det,flat_pit0.30_cit0,9,51,211.95052322843762,802.4143497437515,0.264140993111755,11,55,0.9208333333333333,-4.881643572822501,KHONG CO,KHONG CO,20909.025487767798,193.94759795862333,18959.791237478097,-46.78428590297699,0.0,16694.777598645363,491.8584599934601,0.0,0.0030783379776100303,3.384932688404949,cf8c88c,48b505d4c412803fc0fc57102ab20b5eec33692319fbc0d5f4ec675f8fb0e159,audits/paper_extras/v4_runs/v1/sweep_seed707_det.json,audits/paper_extras/v4_runs/v2/bench2_seed707_det.json
707,det,flat_pit0.50_cit0,0,42,140.23423806926056,687.6334755703981,0.20393747985136268,45,41,0.9333333333333333,-9.787605577670284,KHONG CO,KHONG CO,24752.4504694805,1707.155223161077,23860.011088102823,-46.78428590297699,0.0,17296.74665193258,286.5385081378649,0.0,0.0034652242365300918,3.091850362315222,cf8c88c,48b505d4c412803fc0fc57102ab20b5eec33692319fbc0d5f4ec675f8fb0e159,audits/paper_extras/v4_runs/v1/sweep_seed707_det.json,audits/paper_extras/v4_runs/v2/bench2_seed707_det.json
707,det,flat_pit0.50_cit0,1,43,188.31115595691398,749.8095858986021,0.25114530341891306,49,55,0.9416666666666667,-8.098617427808286,KHONG CO,KHONG CO,26513.621320394075,1806.4500335453422,25535.132559406426,-46.78428590297699,0.0,17257.54961721278,518.5202292844825,0.0,0.0039746460602194745,2.8282434815613953,cf8c88c,48b505d4c412803fc0fc57102ab20b5eec33692319fbc0d5f4ec675f8fb0e159,audits/paper_extras/v4_runs/v1/sweep_seed707_det.json,audits/paper_extras/v4_runs/v2/bench2_seed707_det.json
707,det,flat_pit0.50_cit0,2,44,148.37660676862544,767.0768103525584,0.19343122457375506,40,51,0.9333333333333333,-7.037196202083291,KHONG CO,KHONG CO,25984.794600814654,217.2104448002878,23561.036968023323,-46.78428590297699,0.0,17270.80725680883,376.43552952495344,0.0,0.0038922427467410073,2.8482481597729095,cf8c88c,48b505d4c412803fc0fc57102ab20b5eec33692319fbc0d5f4ec675f8fb0e159,audits/paper_extras/v4_runs/v1/sweep_seed707_det.json,audits/paper_extras/v4_runs/v2/bench2_seed707_det.json
707,det,flat_pit0.50_cit0,3,45,151.47665012319538,750.0604652996049,0.201952585332823,62,58,0.9333333333333333,-9.24103122656626,KHONG CO,KHONG CO,28970.197531166865,1372.7201579622624,27316.678820468933,-46.78428590297699,0.0,17689.06845493923,313.3155665045696,0.0,0.004041969176103788,3.0583458021719823,cf8c88c,48b505d4c412803fc0fc57102ab20b5eec33692319fbc0d5f4ec675f8fb0e159,audits/paper_extras/v4_runs/v1/sweep_seed707_det.json,audits/paper_extras/v4_runs/v2/bench2_seed707_det.json
707,det,flat_pit0.50_cit0,4,46,117.97360779741088,587.8165498453687,0.20069800319239917,42,29,0.9416666666666667,-12.26634868327424,KHONG CO,KHONG CO,21987.852695857815,1301.643301626037,20983.05518777455,-46.78428590297699,0.0,14195.938275062072,3121.63881537315,0.0,0.0028726721538771083,2.909089691959833,cf8c88c,48b505d4c412803fc0fc57102ab20b5eec33692319fbc0d5f4ec675f8fb0e159,audits/paper_extras/v4_runs/v1/sweep_seed707_det.json,audits/paper_extras/v4_runs/v2/bench2_seed707_det.json
707,det,flat_pit0.50_cit0,5,47,137.24733818810512,694.4811653321245,0.1976257169227459,50,47,0.9375,-9.131371288889287,KHONG CO,KHONG CO,24129.48622874039,1648.389476429612,23235.52442907146,-46.78428590297699,0.0,17186.71275995907,345.7479825468671,0.0,0.004290570687098325,2.923796410536695,cf8c88c,48b505d4c412803fc0fc57102ab20b5eec33692319fbc0d5f4ec675f8fb0e159,audits/paper_extras/v4_runs/v1/sweep_seed707_det.json,audits/paper_extras/v4_runs/v2/bench2_seed707_det.json
707,det,flat_pit0.50_cit0,6,48,141.1637857732533,680.4832856829569,0.2074463675203666,49,50,0.9333333333333333,-10.50403787253614,KHONG CO,KHONG CO,26865.91419515601,1368.6725179677876,25425.689853891134,-46.78428590297699,0.0,17705.425818835516,92.93939182619786,0.0,0.004335630765201815,3.3485840627037735,cf8c88c,48b505d4c412803fc0fc57102ab20b5eec33692319fbc0d5f4ec675f8fb0e159,audits/paper_extras/v4_runs/v1/sweep_seed707_det.json,audits/paper_extras/v4_runs/v2/bench2_seed707_det.json
707,det,flat_pit0.50_cit0,7,49,161.26040341665416,726.4077518667102,0.22199708497362525,46,53,0.9291666666666667,-6.7301128221158715,KHONG CO,KHONG CO,25796.482344907494,1957.7610515029949,25024.986199637886,-46.78428590297699,0.0,17336.21609085315,375.5275583287692,0.0,0.0040103182038042735,3.036063854377043,cf8c88c,48b505d4c412803fc0fc57102ab20b5eec33692319fbc0d5f4ec675f8fb0e159,audits/paper_extras/v4_runs/v1/sweep_seed707_det.json,audits/paper_extras/v4_runs/v2/bench2_seed707_det.json
707,det,flat_pit0.50_cit0,8,50,131.5313859492868,676.6790500642115,0.19437780131778204,45,38,0.9416666666666667,-7.019081442039264,KHONG CO,KHONG CO,24140.740025498457,435.05518345894313,22098.50068531333,-46.78428590297699,0.0,17247.759595281637,233.8474804174263,0.0,0.003429128513832631,3.024309392671964,cf8c88c,48b505d4c412803fc0fc57102ab20b5eec33692319fbc0d5f4ec675f8fb0e159,audits/paper_extras/v4_runs/v1/sweep_seed707_det.json,audits/paper_extras/v4_runs/v2/bench2_seed707_det.json
707,det,flat_pit0.50_cit0,9,51,115.01018173394368,622.0059118634379,0.18490207173335405,51,35,0.9375,-9.29841881608171,KHONG CO,KHONG CO,23613.207978851933,222.6920345072637,21482.078261550094,-46.78428590297699,0.0,14273.32678093272,3086.1845876495936,0.0,0.0035526448360689556,3.0740951820946516,cf8c88c,48b505d4c412803fc0fc57102ab20b5eec33692319fbc0d5f4ec675f8fb0e159,audits/paper_extras/v4_runs/v1/sweep_seed707_det.json,audits/paper_extras/v4_runs/v2/bench2_seed707_det.json
707,det,flat_pit0_cit0.10,0,42,333.06502809344556,867.1040119347905,0.3841119675484713,0,52,0.0,0.010864439241218049,KHONG CO,KHONG CO,2102.316875918809,32.95753933145635,1928.088407884191,-46.78428590297699,0.0,15206.721297143475,47.24899612557786,0.0,0.0029494878790743023,3.1101132136920824,cf8c88c,48b505d4c412803fc0fc57102ab20b5eec33692319fbc0d5f4ec675f8fb0e159,audits/paper_extras/v4_runs/v1/sweep_seed707_det.json,audits/paper_extras/v4_runs/v2/bench2_seed707_det.json
707,det,flat_pit0_cit0.10,1,43,425.6811719512116,923.6261218577288,0.460880395083479,0,55,0.0,0.0,KHONG CO,KHONG CO,2082.634763002622,19.426236427552094,1898.1221773523823,-46.78428590297699,0.0,15162.238342137123,88.48476584364325,0.0,0.0030696875957546017,2.8084252033830324,cf8c88c,48b505d4c412803fc0fc57102ab20b5eec33692319fbc0d5f4ec675f8fb0e159,audits/paper_extras/v4_runs/v1/sweep_seed707_det.json,audits/paper_extras/v4_runs/v2/bench2_seed707_det.json
707,det,flat_pit0_cit0.10,2,44,338.0525293402552,942.1511859675331,0.3588092170080913,0,71,0.0,0.0,KHONG CO,KHONG CO,2092.7637857179875,25.729943787051283,1912.8439588018298,-46.78428590297699,0.0,15151.307900323602,101.12615628258865,0.0,0.0036580308826411963,2.9868865916902365,cf8c88c,48b505d4c412803fc0fc57102ab20b5eec33692319fbc0d5f4ec675f8fb0e159,audits/paper_extras/v4_runs/v1/sweep_seed707_det.json,audits/paper_extras/v4_runs/v2/bench2_seed707_det.json
707,det,flat_pit0_cit0.10,3,45,417.0835811759374,910.9819570439158,0.4578395630681311,0,60,0.0,1.1423795243103996e-10,KHONG CO,KHONG CO,2138.7182405563763,13.361608512194001,1943.2564865977063,-46.78428590297699,0.0,15105.241482354759,150.36616601908486,0.0,0.0032626219163106357,3.049678311142452,cf8c88c,48b505d4c412803fc0fc57102ab20b5eec33692319fbc0d5f4ec675f8fb0e159,audits/paper_extras/v4_runs/v1/sweep_seed707_det.json,audits/paper_extras/v4_runs/v2/bench2_seed707_det.json
707,det,flat_pit0_cit0.10,4,46,414.7536364629812,861.4510348697951,0.48145932812730274,0,60,0.0,0.0,KHONG CO,KHONG CO,2055.621666696912,25.137726490193018,1878.8794385468561,-46.78428590297699,0.0,15030.239447960052,218.42479258317618,0.0,0.0032626219163106357,3.4523666803622697,cf8c88c,48b505d4c412803fc0fc57102ab20b5eec33692319fbc0d5f4ec675f8fb0e159,audits/paper_extras/v4_runs/v1/sweep_seed707_det.json,audits/paper_extras/v4_runs/v2/bench2_seed707_det.json
707,det,flat_pit0_cit0.10,5,47,383.96605901207215,876.2500169193646,0.4381923556041494,0,51,0.0,0.0,KHONG CO,KHONG CO,2075.255004450827,21.2754143949918,1893.141094888722,-46.78428590297699,0.0,15084.889697317156,165.28391254292956,0.0,0.002908638205871688,3.0871108406145518,cf8c88c,48b505d4c412803fc0fc57102ab20b5eec33692319fbc0d5f4ec675f8fb0e159,audits/paper_extras/v4_runs/v1/sweep_seed707_det.json,audits/paper_extras/v4_runs/v2/bench2_seed707_det.json
707,det,flat_pit0_cit0.10,6,48,351.9572202800222,843.9854495105653,0.4170181138598128,0,49,0.0,5.885165244023938e-09,KHONG CO,KHONG CO,2141.1426224706347,23.238760298311785,1954.3824217114272,-46.78428590297699,0.0,15063.04100032541,193.74224663508792,0.0,0.0028257174137924796,3.3070835620018357,cf8c88c,48b505d4c412803fc0fc57102ab20b5eec33692319fbc0d5f4ec675f8fb0e159,audits/paper_extras/v4_runs/v1/sweep_seed707_det.json,audits/paper_extras/v4_runs/v2/bench2_seed707_det.json
707,det,flat_pit0_cit0.10,7,49,409.80853806329833,876.7262105327951,0.46743046248640574,0,51,0.0,2.988236813550316e-08,KHONG CO,KHONG CO,2174.938990794545,20.701392350758724,1982.601684620823,-46.78428590297699,0.0,15215.136641286927,44.68634314053044,0.0,0.0029086382058716876,3.0817320677538884,cf8c88c,48b505d4c412803fc0fc57102ab20b5eec33692319fbc0d5f4ec675f8fb0e159,audits/paper_extras/v4_runs/v1/sweep_seed707_det.json,audits/paper_extras/v4_runs/v2/bench2_seed707_det.json
707,det,flat_pit0_cit0.10,8,50,423.61105679190746,861.4724655565568,0.4917290728708692,0,52,0.0,0.0,KHONG CO,KHONG CO,2113.886356055862,25.992638862851482,1932.284324116794,-46.78428590297699,0.0,15090.463047158764,163.915909546138,0.0,0.002949487879074302,3.1819003674928825,cf8c88c,48b505d4c412803fc0fc57102ab20b5eec33692319fbc0d5f4ec675f8fb0e159,audits/paper_extras/v4_runs/v1/sweep_seed707_det.json,audits/paper_extras/v4_runs/v2/bench2_seed707_det.json
707,det,flat_pit0_cit0.10,9,51,383.0741825266215,830.3318731206634,0.4613506899198043,0,56,0.0,7.37587768639969e-11,KHONG CO,KHONG CO,2079.5701673064914,32.100046431095365,1906.7551294224838,-46.78428590297699,0.0,15099.126261055308,152.57310916277498,0.0,0.00310899577185523,3.5463756228909546,cf8c88c,48b505d4c412803fc0fc57102ab20b5eec33692319fbc0d5f4ec675f8fb0e159,audits/paper_extras/v4_runs/v1/sweep_seed707_det.json,audits/paper_extras/v4_runs/v2/bench2_seed707_det.json
707,det,flat_pit0_cit0.20,0,42,342.38870372220686,872.8325786554691,0.39227305682108027,0,53,0.0,0.000582927198367944,KHONG CO,KHONG CO,4494.353299916855,80.53405978555595,4131.066827023474,-46.78428590297699,0.0,15189.417082667544,301.18773591437315,0.0,0.0029899409535079587,3.265482188771054,cf8c88c,48b505d4c412803fc0fc57102ab20b5eec33692319fbc0d5f4ec675f8fb0e159,audits/paper_extras/v4_runs/v1/sweep_seed707_det.json,audits/paper_extras/v4_runs/v2/bench2_seed707_det.json
707,det,flat_pit0_cit0.20,1,43,455.88929345707646,941.315463308597,0.4843108513852381,0,57,0.0,2.169819879327406e-12,KHONG CO,KHONG CO,4452.876509291496,39.812134848867856,4056.8304642385547,-46.78428590297699,0.0,15122.223913457821,360.4185523469713,0.0,0.003147936581824078,2.9434092217441257,cf8c88c,48b505d4c412803fc0fc57102ab20b5eec33692319fbc0d5f4ec675f8fb0e159,audits/paper_extras/v4_runs/v1/sweep_seed707_det.json,audits/paper_extras/v4_runs/v2/bench2_seed707_det.json
707,det,flat_pit0_cit0.20,2,44,379.84392729382176,918.0010644530407,0.41377286149459824,0,66,0.0,0.0,KHONG CO,KHONG CO,4488.435011265787,59.238592859986,4106.306379210451,-46.78428590297699,0.0,15207.781472467204,280.3700383510958,0.0,0.0034829361230329318,3.1424943135408383,cf8c88c,48b505d4c412803fc0fc57102ab20b5eec33692319fbc0d5f4ec675f8fb0e159,audits/paper_extras/v4_runs/v1/sweep_seed707_det.json,audits/paper_extras/v4_runs/v2/bench2_seed707_det.json
707,det,flat_pit0_cit0.20,3,45,385.00477159157543,892.3899764030772,0.4314310803258904,0,58,0.0,0.0,KHONG CO,KHONG CO,4550.298497811513,34.322744108486624,4139.794260022971,-46.78428590297699,0.0,15088.235743399613,403.3755244003959,0.0,0.0031865168287376574,3.1709422013462505,cf8c88c,48b505d4c412803fc0fc57102ab20b5eec33692319fbc0d5f4ec675f8fb0e159,audits/paper_extras/v4_runs/v1/sweep_seed707_det.json,audits/paper_extras/v4_runs/v2/bench2_seed707_det.json
707,det,flat_pit0_cit0.20,4,46,390.0798841178066,837.1157296854649,0.46598083190286477,0,53,0.004166666666666667,-8.881784197001252e-16,KHONG CO,KHONG CO,4409.877396372327,49.22003522765475,4026.3216692699198,-46.78428590297699,0.0,15045.752005280518,433.80804295252625,0.0,0.0029899409535079587,3.623084609492017,cf8c88c,48b505d4c412803fc0fc57102ab20b5eec33692319fbc0d5f4ec675f8fb0e159,audits/paper_extras/v4_runs/v1/sweep_seed707_det.json,audits/paper_extras/v4_runs/v2/bench2_seed707_det.json
707,det,flat_pit0_cit0.20,5,47,369.29383350419135,884.0831745233901,0.417713903110166,0,57,0.0,0.0,KHONG CO,KHONG CO,4436.938566998988,92.89561635968603,4090.370747811539,-46.78428590297699,0.0,15085.165565067842,401.0821563822741,0.0,0.003147936581824078,3.236283168854385,cf8c88c,48b505d4c412803fc0fc57102ab20b5eec33692319fbc0d5f4ec675f8fb0e159,audits/paper_extras/v4_runs/v1/sweep_seed707_det.json,audits/paper_extras/v4_runs/v2/bench2_seed707_det.json
707,det,flat_pit0_cit0.20,6,48,386.07114166345,860.8306879270338,0.44848673156988383,0,52,0.0,5.399278801831997e-10,KHONG CO,KHONG CO,4594.3131511856855,45.98898101731435,4190.07140536944,-46.78428590297699,0.0,15060.444490369857,436.5705223666889,0.0,0.0029494878790743027,3.5040673814548255,cf8c88c,48b505d4c412803fc0fc57102ab20b5eec33692319fbc0d5f4ec675f8fb0e159,audits/paper_extras/v4_runs/v1/sweep_seed707_det.json,audits/paper_extras/v4_runs/v2/bench2_seed707_det.json
707,det,flat_pit0_cit0.20,7,49,339.99945286715894,886.526765179902,0.383518542497883,0,52,0.0,4.042565690864919e-06,KHONG CO,KHONG CO,4627.035103929695,74.95739267487568,4245.8411970387715,-46.78428590297699,0.0,15259.160687267458,243.774898201315,0.0,0.0029494878790743023,3.111720491284784,cf8c88c,48b505d4c412803fc0fc57102ab20b5eec33692319fbc0d5f4ec675f8fb0e159,audits/paper_extras/v4_runs/v1/sweep_seed707_det.json,audits/paper_extras/v4_runs/v2/bench2_seed707_det.json
707,det,flat_pit0_cit0.20,8,50,430.30430088607676,872.852797088545,0.49298610524178144,0,56,0.0,0.0,KHONG CO,KHONG CO,4523.562290606536,55.387063840460236,4134.734758148665,-46.78428590297699,0.0,15112.921576539311,378.07730566200013,0.0,0.00310899577185523,3.332900928887172,cf8c88c,48b505d4c412803fc0fc57102ab20b5eec33692319fbc0d5f4ec675f8fb0e159,audits/paper_extras/v4_runs/v1/sweep_seed707_det.json,audits/paper_extras/v4_runs/v2/bench2_seed707_det.json
707,det,flat_pit0_cit0.20,9,51,392.01958126110935,859.2807715620964,0.4562182632673747,0,64,0.0,1.2292433737570718e-10,KHONG CO,KHONG CO,4445.328103142259,75.5415197260749,4082.199878823686,-46.78428590297699,0.0,15065.064629016948,420.38940093067856,0.0,0.0034107846987450757,3.721265012356899,cf8c88c,48b505d4c412803fc0fc57102ab20b5eec33692319fbc0d5f4ec675f8fb0e159,audits/paper_extras/v4_runs/v1/sweep_seed707_det.json,audits/paper_extras/v4_runs/v2/bench2_seed707_det.json
707,det,flat_pit0_cit0.30,0,42,363.2251947966205,893.8358175080201,0.40636679318723024,0,58,0.0,0.0,KHONG CO,KHONG CO,7386.310805201551,85.49593442297902,6717.882761471146,-46.78428590297699,0.0,15696.61556160697,104.09270244938358,0.0,0.0031865168287376574,3.5086388225650134,cf8c88c,48b505d4c412803fc0fc57102ab20b5eec33692319fbc0d5f4ec675f8fb0e159,audits/paper_extras/v4_runs/v1/sweep_seed707_det.json,audits/paper_extras/v4_runs/v2/bench2_seed707_det.json
707,det,flat_pit0_cit0.30,1,43,414.9525969858478,942.4768437963429,0.4402788245856507,0,57,0.0,0.0,KHONG CO,KHONG CO,7314.481438911896,77.92808242585191,6649.049438068644,-46.78428590297699,0.0,15656.317361110288,133.8270080618007,0.0,0.0031479365818240777,3.1191511498033835,cf8c88c,48b505d4c412803fc0fc57102ab20b5eec33692319fbc0d5f4ec675f8fb0e159,audits/paper_extras/v4_runs/v1/sweep_seed707_det.json,audits/paper_extras/v4_runs/v2/bench2_seed707_det.json
707,det,flat_pit0_cit0.30,2,44,350.5335215908783,929.3479009737874,0.37718223845298726,0,64,0.0,0.0,KHONG CO,KHONG CO,7325.0474131850915,96.11627108527539,6700.941346685578,-46.78428590297699,0.0,15703.536228679537,63.47039480822608,0.0,0.0034107846987450757,3.327919850311399,cf8c88c,48b505d4c412803fc0fc57102ab20b5eec33692319fbc0d5f4ec675f8fb0e159,audits/paper_extras/v4_runs/v1/sweep_seed707_det.json,audits/paper_extras/v4_runs/v2/bench2_seed707_det.json
707,det,flat_pit0_cit0.30,3,45,424.3727970974579,893.5519842038391,0.47492793323667337,0,52,0.0,0.0,KHONG CO,KHONG CO,7495.807145126611,135.55066342206518,6890.889305726284,-46.78428590297699,0.0,15592.208531907023,195.04425681835585,0.0,0.002949487879074302,3.4103683256889936,cf8c88c,48b505d4c412803fc0fc57102ab20b5eec33692319fbc0d5f4ec675f8fb0e159,audits/paper_extras/v4_runs/v1/sweep_seed707_det.json,audits/paper_extras/v4_runs/v2/bench2_seed707_det.json
707,det,flat_pit0_cit0.30,4,46,349.3883224604364,845.945632592127,0.41301510286169196,0,58,0.008333333333333333,-8.881784197001252e-16,KHONG CO,KHONG CO,7174.855200922148,89.56658394448483,6559.576533149914,-46.78428590297699,0.0,15520.12131457822,231.50822304148892,0.0,0.003186516828737658,3.773860469665122,cf8c88c,48b505d4c412803fc0fc57102ab20b5eec33692319fbc0d5f4ec675f8fb0e159,audits/paper_extras/v4_runs/v1/sweep_seed707_det.json,audits/paper_extras/v4_runs/v2/bench2_seed707_det.json
707,det,flat_pit0_cit0.30,5,47,402.18513668812636,938.5613080528931,0.4285123765888941,0,69,0.0,0.0,KHONG CO,KHONG CO,7307.96259549804,140.7034826441733,6725.578954819438,-46.78428590297699,0.0,15505.508679498796,264.3627297269607,0.0,0.0035888733987109855,3.473106885886883,cf8c88c,48b505d4c412803fc0fc57102ab20b5eec33692319fbc0d5f4ec675f8fb0e159,audits/paper_extras/v4_runs/v1/sweep_seed707_det.json,audits/paper_extras/v4_runs/v2/bench2_seed707_det.json
707,det,flat_pit0_cit0.30,6,48,438.20899064782327,878.9618898801207,0.4985528902824097,0,57,0.0,3.6174396811361476e-09,KHONG CO,KHONG CO,7519.786306073574,65.93803926964442,6849.815468250164,-46.78428590297699,0.0,15527.226617601142,255.46654539488904,0.0,0.0031479365818240777,3.7639059801321353,cf8c88c,48b505d4c412803fc0fc57102ab20b5eec33692319fbc0d5f4ec675f8fb0e159,audits/paper_extras/v4_runs/v1/sweep_seed707_det.json,audits/paper_extras/v4_runs/v2/bench2_seed707_det.json
707,det,flat_pit0_cit0.30,7,49,323.1762914468893,906.0719827326411,0.3566783849470936,0,59,0.0,0.03261221667261238,KHONG CO,KHONG CO,7571.096496585945,131.776083760253,6949.204512525252,-46.78428590297699,0.0,15753.241338412974,47.21101531094089,0.0,0.003224743128431848,3.3029823194446752,cf8c88c,48b505d4c412803fc0fc57102ab20b5eec33692319fbc0d5f4ec675f8fb0e159,audits/paper_extras/v4_runs/v1/sweep_seed707_det.json,audits/paper_extras/v4_runs/v2/bench2_seed707_det.json
707,det,flat_pit0_cit0.30,8,50,401.03278724449706,878.7348900600757,0.4563751727407569,0,54,0.0,0.0,KHONG CO,KHONG CO,7408.698473845291,108.81889510766096,6788.2254103135865,-46.78428590297699,0.0,15643.33399044298,132.74225409936406,0.0,0.0030300050560720616,3.5406364733915803,cf8c88c,48b505d4c412803fc0fc57102ab20b5eec33692319fbc0d5f4ec675f8fb0e159,audits/paper_extras/v4_runs/v1/sweep_seed707_det.json,audits/paper_extras/v4_runs/v2/bench2_seed707_det.json
707,det,flat_pit0_cit0.30,9,51,319.68881782049493,819.8304944731899,0.3899450190931504,0,53,0.0,2.4384722463466346e-08,KHONG CO,KHONG CO,7266.8196945449545,110.81543235253022,6661.592283529765,-46.78428590297699,0.0,15615.22223997522,147.60488929548063,0.0,0.0029899409535079587,3.9038940385416665,cf8c88c,48b505d4c412803fc0fc57102ab20b5eec33692319fbc0d5f4ec675f8fb0e159,audits/paper_extras/v4_runs/v1/sweep_seed707_det.json,audits/paper_extras/v4_runs/v2/bench2_seed707_det.json
707,det,flat_pit0_cit0.50,0,42,421.8035766472126,903.9855316557839,0.4666043447339435,0,58,0.0,0.0,KHONG CO,KHONG CO,14782.031439949526,301.4707757713994,13620.216354955912,-46.78428590297699,0.0,16182.806390025435,327.26375664256676,0.0,0.0031865168287376583,4.052566942867536,cf8c88c,48b505d4c412803fc0fc57102ab20b5eec33692319fbc0d5f4ec675f8fb0e159,audits/paper_extras/v4_runs/v1/sweep_seed707_det.json,audits/paper_extras/v4_runs/v2/bench2_seed707_det.json
707,det,flat_pit0_cit0.50,1,43,420.2591870668126,934.6089843610152,0.44966311484170085,0,49,0.004166666666666667,-8.881784197001252e-16,KHONG CO,KHONG CO,14534.000790614093,74.36860578114101,13190.842899832078,-46.78428590297699,0.0,16144.502368173735,319.80841429240536,0.0,0.0028257174137924796,3.571966544462245,cf8c88c,48b505d4c412803fc0fc57102ab20b5eec33692319fbc0d5f4ec675f8fb0e159,audits/paper_extras/v4_runs/v1/sweep_seed707_det.json,audits/paper_extras/v4_runs/v2/bench2_seed707_det.json
707,det,flat_pit0_cit0.50,2,44,333.8658077504339,949.2438541142277,0.3517176395753182,0,65,0.0,0.0,KHONG CO,KHONG CO,14497.722498458092,183.8500061424235,13256.914958327152,-46.78428590297699,0.0,16105.079895264313,366.36193691203,0.0,0.0034470165828030474,3.710344307646678,cf8c88c,48b505d4c412803fc0fc57102ab20b5eec33692319fbc0d5f4ec675f8fb0e159,audits/paper_extras/v4_runs/v1/sweep_seed707_det.json,audits/paper_extras/v4_runs/v2/bench2_seed707_det.json
707,det,flat_pit0_cit0.50,3,45,365.51824852681375,950.9277706086967,0.384380664677447,0,59,0.0,0.0,KHONG CO,KHONG CO,14986.701753365493,221.1907734787844,13727.695738144539,-46.78428590297699,0.0,16484.20459377076,42.7764808319637,0.0,0.003224743128431848,3.8420210486548987,cf8c88c,48b505d4c412803fc0fc57102ab20b5eec33692319fbc0d5f4ec675f8fb0e159,audits/paper_extras/v4_runs/v1/sweep_seed707_det.json,audits/paper_extras/v4_runs/v2/bench2_seed707_det.json
707,det,flat_pit0_cit0.50,4,46,373.05044443106425,868.1807431163264,0.4296921434723411,0,58,0.0125,-8.881784197001252e-16,KHONG CO,KHONG CO,14247.040473124585,104.66737314987049,12958.984853509126,-46.78428590297699,0.0,15988.340732842982,451.16654582533437,0.0,0.0031865168287376583,4.332664983395427,cf8c88c,48b505d4c412803fc0fc57102ab20b5eec33692319fbc0d5f4ec675f8fb0e159,audits/paper_extras/v4_runs/v1/sweep_seed707_det.json,audits/paper_extras/v4_runs/v2/bench2_seed707_det.json
707,det,flat_pit0_cit0.50,5,47,428.06318539624255,915.3540436412507,0.46764766963110815,0,56,0.0,0.0,KHONG CO,KHONG CO,14551.04550769665,198.1658644492747,13317.95523607417,-46.78428590297699,0.0,16062.7190560321,415.3213659426465,0.0,0.00310899577185523,3.978243314893601,cf8c88c,48b505d4c412803fc0fc57102ab20b5eec33692319fbc0d5f4ec675f8fb0e159,audits/paper_extras/v4_runs/v1/sweep_seed707_det.json,audits/paper_extras/v4_runs/v2/bench2_seed707_det.json
707,det,flat_pit0_cit0.50,6,48,385.7567026776425,879.9860686601975,0.43836682922147563,0,53,0.0,4.570149103599874e-08,KHONG CO,KHONG CO,14996.388344078588,134.88695099481913,13663.280944087337,-46.78428590297699,0.0,16055.234695457098,459.54394143194895,0.0,0.0029899409535079596,4.296680848386816,cf8c88c,48b505d4c412803fc0fc57102ab20b5eec33692319fbc0d5f4ec675f8fb0e159,audits/paper_extras/v4_runs/v1/sweep_seed707_det.json,audits/paper_extras/v4_runs/v2/bench2_seed707_det.json
707,det,flat_pit0_cit0.50,7,49,361.1548005523539,911.8820827408053,0.3960542787142458,0,58,0.0,0.0,KHONG CO,KHONG CO,15121.66181984836,257.85320855526686,13887.277065138205,-46.78428590297699,0.0,16201.97735561273,337.0448935556677,0.0,0.0031865168287376583,3.846073157455233,cf8c88c,48b505d4c412803fc0fc57102ab20b5eec33692319fbc0d5f4ec675f8fb0e159,audits/paper_extras/v4_runs/v1/sweep_seed707_det.json,audits/paper_extras/v4_runs/v2/bench2_seed707_det.json
707,det,flat_pit0_cit0.50,8,50,400.18833304483354,888.6366297945531,0.4503396772394521,0,56,0.004166666666666667,-8.881784197001252e-16,KHONG CO,KHONG CO,14723.202659217228,164.46290294813107,13443.378273619763,-46.78428590297699,0.0,16153.160138664294,337.911435784265,0.0,0.0031089957718552306,4.028791438165871,cf8c88c,48b505d4c412803fc0fc57102ab20b5eec33692319fbc0d5f4ec675f8fb0e159,audits/paper_extras/v4_runs/v1/sweep_seed707_det.json,audits/paper_extras/v4_runs/v2/bench2_seed707_det.json
707,det,flat_pit0_cit0.50,9,51,396.85953215151284,860.4476149795839,0.46122451296576517,0,59,0.0,3.0215334678729278e-09,KHONG CO,KHONG CO,14480.23317513703,209.4383115303014,13264.483019207639,-46.78428590297699,0.0,16079.74796469853,392.2247886641293,0.0,0.003224743128431848,4.591224264690059,cf8c88c,48b505d4c412803fc0fc57102ab20b5eec33692319fbc0d5f4ec675f8fb0e159,audits/paper_extras/v4_runs/v1/sweep_seed707_det.json,audits/paper_extras/v4_runs/v2/bench2_seed707_det.json
707,exp,rl_learned,0,42,334.8666107665675,872.6759171868655,0.3837239050276928,0,,0.020833333333333332,,KHONG CO,KHONG CO,4342.8135097646,197.78737889850493,4259.874945392062,-85.62024673819542,5.615458025241486,15190.38749196172,,,0.004846703768787778,,cf8c88c,48b505d4c412803fc0fc57102ab20b5eec33692319fbc0d5f4ec675f8fb0e159,audits/paper_extras/v4_runs/v1/sweep_seed707_exp.json,KHONG CO (che do lay mau v1)
707,exp,rl_learned,1,43,448.04006838055545,937.0526130181829,0.4781375796364825,0,,0.004166666666666667,,KHONG CO,KHONG CO,3839.410034650255,198.1557966266506,3658.613745932182,-37.19168771803379,0.0,15045.442065604168,,,0.004409849140452767,,cf8c88c,48b505d4c412803fc0fc57102ab20b5eec33692319fbc0d5f4ec675f8fb0e159,audits/paper_extras/v4_runs/v1/sweep_seed707_exp.json,KHONG CO (che do lay mau v1)
707,exp,rl_learned,2,44,341.1707408217785,927.943331825025,0.3676633358103708,0,,0.008333333333333333,,KHONG CO,KHONG CO,4757.5589837092675,130.60357004301804,4502.284754369746,-40.28497253358364,2.8730049431324005,15233.346227722059,,,0.006361774447747081,,cf8c88c,48b505d4c412803fc0fc57102ab20b5eec33692319fbc0d5f4ec675f8fb0e159,audits/paper_extras/v4_runs/v1/sweep_seed707_exp.json,KHONG CO (che do lay mau v1)
707,exp,rl_learned,3,45,400.6152656998353,926.5642669402912,0.43236640996608966,0,,0.016666666666666666,,KHONG CO,KHONG CO,4778.556953226586,181.47798137564345,4616.825850983922,-53.61048513650894,5.688425007324465,15151.456989064049,,,0.0056402337579806,,cf8c88c,48b505d4c412803fc0fc57102ab20b5eec33692319fbc0d5f4ec675f8fb0e159,audits/paper_extras/v4_runs/v1/sweep_seed707_exp.json,KHONG CO (che do lay mau v1)
707,exp,rl_learned,4,46,378.2873252433816,817.4447231310388,0.46276808026166805,0,,0.11666666666666667,,KHONG CO,KHONG CO,4560.722255760539,145.61589902534737,4361.6893655161675,0.8464029729366302,37.37173042682055,15053.149156151267,,,0.008246021767608271,,cf8c88c,48b505d4c412803fc0fc57102ab20b5eec33692319fbc0d5f4ec675f8fb0e159,audits/paper_extras/v4_runs/v1/sweep_seed707_exp.json,KHONG CO (che do lay mau v1)
707,exp,rl_learned,5,47,385.04793970890086,867.6612960688784,0.44377678415925814,0,,0.22083333333333333,,KHONG CO,KHONG CO,3531.934033178003,182.14589023100135,3428.1407923102793,-38.244283586740494,2.523484691977501,15053.92030262178,,,0.006064579580460357,,cf8c88c,48b505d4c412803fc0fc57102ab20b5eec33692319fbc0d5f4ec675f8fb0e159,audits/paper_extras/v4_runs/v1/sweep_seed707_exp.json,KHONG CO (che do lay mau v1)
707,exp,rl_learned,6,48,399.9580216146803,873.2083098499638,0.458032770763945,0,,0.016666666666666666,,KHONG CO,KHONG CO,4278.787415366034,134.1195035688723,4067.8899148903,-49.378826066851616,15.732223247891014,15086.818211174725,,,0.005821588719946554,,cf8c88c,48b505d4c412803fc0fc57102ab20b5eec33692319fbc0d5f4ec675f8fb0e159,audits/paper_extras/v4_runs/v1/sweep_seed707_exp.json,KHONG CO (che do lay mau v1)
707,exp,rl_learned,7,49,406.4915904492066,892.0795691354976,0.4556674141109769,0,,0.008333333333333333,,KHONG CO,KHONG CO,3482.3946423641855,90.07392755938677,3213.315174572491,-47.703944787383065,6.415514096637521,15216.392035332514,,,0.004688031609416491,,cf8c88c,48b505d4c412803fc0fc57102ab20b5eec33692319fbc0d5f4ec675f8fb0e159,audits/paper_extras/v4_runs/v1/sweep_seed707_exp.json,KHONG CO (che do lay mau v1)
707,exp,rl_learned,8,50,345.8128239139664,884.2830295274466,0.39106577008355103,0,,0.0,,KHONG CO,KHONG CO,3981.846483990972,229.32673343074845,3946.471587031714,-47.84096735715866,5.888224464288678,15202.703927833938,,,0.00503890278418451,,cf8c88c,48b505d4c412803fc0fc57102ab20b5eec33692319fbc0d5f4ec675f8fb0e159,audits/paper_extras/v4_runs/v1/sweep_seed707_exp.json,KHONG CO (che do lay mau v1)
707,exp,rl_learned,9,51,325.2377304802088,813.3840253124353,0.39985753390629875,0,,0.008333333333333333,,KHONG CO,KHONG CO,4461.581923130826,160.66281266545488,4222.166040326563,-79.82244953513145,0.0,15129.477436959134,,,0.003392289564489103,,cf8c88c,48b505d4c412803fc0fc57102ab20b5eec33692319fbc0d5f4ec675f8fb0e159,audits/paper_extras/v4_runs/v1/sweep_seed707_exp.json,KHONG CO (che do lay mau v1)
707,exp,free_market+rl_aux,0,42,383.0936068348936,844.8735229932148,0.4534330836616479,0,,0.0,,KHONG CO,KHONG CO,0.0,0.0,0.0,-45.8766371011734,0.0,14720.999140482993,,,0.004242012570352757,,cf8c88c,48b505d4c412803fc0fc57102ab20b5eec33692319fbc0d5f4ec675f8fb0e159,audits/paper_extras/v4_runs/v1/sweep_seed707_exp.json,KHONG CO (che do lay mau v1)
707,exp,free_market+rl_aux,1,43,436.0790629861688,930.6398261811358,0.46857984229582306,0,,0.0,,KHONG CO,KHONG CO,0.0,0.0,0.0,-45.8766371011734,8.907362669706345,14619.512974375168,,,0.006195173046202357,,cf8c88c,48b505d4c412803fc0fc57102ab20b5eec33692319fbc0d5f4ec675f8fb0e159,audits/paper_extras/v4_runs/v1/sweep_seed707_exp.json,KHONG CO (che do lay mau v1)
707,exp,free_market+rl_aux,2,44,328.4444035269054,926.0041791361683,0.35468997972913885,1,,0.0,,KHONG CO,KHONG CO,0.0,0.0,0.0,-47.21470568329096,6.6805220022797585,14686.39206984361,,,0.006793279063878953,,cf8c88c,48b505d4c412803fc0fc57102ab20b5eec33692319fbc0d5f4ec675f8fb0e159,audits/paper_extras/v4_runs/v1/sweep_seed707_exp.json,KHONG CO (che do lay mau v1)
707,exp,free_market+rl_aux,3,45,375.3880368011489,909.1927430148503,0.4128805907055261,0,,0.0,,KHONG CO,KHONG CO,0.0,0.0,0.0,-47.21470568329096,0.0,14664.838596148968,,,0.006008334780025837,,cf8c88c,48b505d4c412803fc0fc57102ab20b5eec33692319fbc0d5f4ec675f8fb0e159,audits/paper_extras/v4_runs/v1/sweep_seed707_exp.json,KHONG CO (che do lay mau v1)
707,exp,free_market+rl_aux,4,46,346.09650817268033,823.0375965981228,0.420511176650019,0,,0.0,,KHONG CO,KHONG CO,0.0,0.0,0.0,-45.8766371011734,16.624835787218156,14611.46643398334,,,0.007030672835263315,,cf8c88c,48b505d4c412803fc0fc57102ab20b5eec33692319fbc0d5f4ec675f8fb0e159,audits/paper_extras/v4_runs/v1/sweep_seed707_exp.json,KHONG CO (che do lay mau v1)
707,exp,free_market+rl_aux,5,47,447.1620762328321,892.0287451795934,0.5012866218148657,0,,0.0,,KHONG CO,KHONG CO,0.0,0.0,0.0,-45.8766371011734,0.0,14632.716852345844,,,0.002989940953507959,,cf8c88c,48b505d4c412803fc0fc57102ab20b5eec33692319fbc0d5f4ec675f8fb0e159,audits/paper_extras/v4_runs/v1/sweep_seed707_exp.json,KHONG CO (che do lay mau v1)
707,exp,free_market+rl_aux,6,48,357.03625346423047,835.0946127866279,0.4275398835023446,0,,0.0,,KHONG CO,KHONG CO,0.0,0.0,0.0,-47.97931630164385,13.016191403887019,14590.971041724359,,,0.006310631614708074,,cf8c88c,48b505d4c412803fc0fc57102ab20b5eec33692319fbc0d5f4ec675f8fb0e159,audits/paper_extras/v4_runs/v1/sweep_seed707_exp.json,KHONG CO (che do lay mau v1)
707,exp,free_market+rl_aux,7,49,449.93307508082074,919.3003278256197,0.48942990822708343,0,,0.0,,KHONG CO,KHONG CO,0.0,0.0,0.0,-45.8766371011734,0.0,14694.318760457769,,,0.003877548668077412,,cf8c88c,48b505d4c412803fc0fc57102ab20b5eec33692319fbc0d5f4ec675f8fb0e159,audits/paper_extras/v4_runs/v1/sweep_seed707_exp.json,KHONG CO (che do lay mau v1)
707,exp,free_market+rl_aux,8,50,386.49759064047214,873.0222104315995,0.4427122082603119,0,,0.0,,KHONG CO,KHONG CO,0.0,0.0,0.0,-45.8766371011734,1.8878285279314464,14698.137592842382,,,0.004800917813269149,,cf8c88c,48b505d4c412803fc0fc57102ab20b5eec33692319fbc0d5f4ec675f8fb0e159,audits/paper_extras/v4_runs/v1/sweep_seed707_exp.json,KHONG CO (che do lay mau v1)
707,exp,free_market+rl_aux,9,51,368.719687475023,830.2545767008063,0.4441043721074196,0,,0.0,,KHONG CO,KHONG CO,0.0,0.0,0.0,-45.8766371011734,0.0,14633.77842131936,,,0.005596974774373242,,cf8c88c,48b505d4c412803fc0fc57102ab20b5eec33692319fbc0d5f4ec675f8fb0e159,audits/paper_extras/v4_runs/v1/sweep_seed707_exp.json,KHONG CO (che do lay mau v1)
707,exp,rl_mean_fixed,0,42,352.48141257136785,859.8090169726036,0.40995314728433363,0,,0.24166666666666667,,KHONG CO,KHONG CO,5893.432835252711,439.18388639373086,5473.606846705405,-47.21470568329096,8.38113770168959,15753.435276518243,,,0.007906544047940608,,cf8c88c,48b505d4c412803fc0fc57102ab20b5eec33692319fbc0d5f4ec675f8fb0e159,audits/paper_extras/v4_runs/v1/sweep_seed707_exp.json,KHONG CO (che do lay mau v1)
707,exp,rl_mean_fixed,1,43,438.4028323377581,922.066326193671,0.47545693827417346,0,,0.32083333333333336,,KHONG CO,KHONG CO,5890.696564370133,460.87245750784916,5514.046066774341,-47.40585833787918,9.230214213153236,15611.817744439368,,,0.007848503971182964,,cf8c88c,48b505d4c412803fc0fc57102ab20b5eec33692319fbc0d5f4ec675f8fb0e159,audits/paper_extras/v4_runs/v1/sweep_seed707_exp.json,KHONG CO (che do lay mau v1)
707,exp,rl_mean_fixed,2,44,351.95403033238017,1019.6240130625283,0.34518020939430016,2,,0.35833333333333334,,KHONG CO,KHONG CO,6063.994139497695,400.45969746027237,5611.32791201535,-47.788163647055626,4.453681334853172,15676.496313461112,,,0.005223891326411713,,cf8c88c,48b505d4c412803fc0fc57102ab20b5eec33692319fbc0d5f4ec675f8fb0e159,audits/paper_extras/v4_runs/v1/sweep_seed707_exp.json,KHONG CO (che do lay mau v1)
707,exp,rl_mean_fixed,3,45,352.0702087197544,922.6188634725269,0.38159875400188814,0,,0.10416666666666667,,KHONG CO,KHONG CO,5921.393640456839,401.78205867866853,5489.402345410348,-45.8766371011734,0.0,15668.587197310055,,,0.0038444661162092223,,cf8c88c,48b505d4c412803fc0fc57102ab20b5eec33692319fbc0d5f4ec675f8fb0e159,audits/paper_extras/v4_runs/v1/sweep_seed707_exp.json,KHONG CO (che do lay mau v1)
707,exp,rl_mean_fixed,4,46,263.56273204838874,817.6825266133579,0.32232892775635236,0,,0.225,,KHONG CO,KHONG CO,5809.74950155176,483.602832818673,5461.793053418841,-46.258942410349846,3.8660883262221017,15700.928519979581,,,0.007074235286630933,,cf8c88c,48b505d4c412803fc0fc57102ab20b5eec33692319fbc0d5f4ec675f8fb0e159,audits/paper_extras/v4_runs/v1/sweep_seed707_exp.json,KHONG CO (che do lay mau v1)
707,exp,rl_mean_fixed,5,47,362.7304482843224,882.4193772768639,0.4110635573345005,0,,0.15833333333333333,,KHONG CO,KHONG CO,5904.702582101501,367.30485976980043,5437.240924125879,-47.788163647055626,12.926999574859103,15722.401956005855,,,0.00775291006779664,,cf8c88c,48b505d4c412803fc0fc57102ab20b5eec33692319fbc0d5f4ec675f8fb0e159,audits/paper_extras/v4_runs/v1/sweep_seed707_exp.json,KHONG CO (che do lay mau v1)
707,exp,rl_mean_fixed,6,48,383.5815108781108,895.1780015015455,0.42849747227333823,0,,0.22916666666666666,,KHONG CO,KHONG CO,6133.439889108264,246.73971068945545,5538.955094442006,-47.5970109924674,14.721645038590346,15675.699700325593,,,0.005007859246819049,,cf8c88c,48b505d4c412803fc0fc57102ab20b5eec33692319fbc0d5f4ec675f8fb0e159,audits/paper_extras/v4_runs/v1/sweep_seed707_exp.json,KHONG CO (che do lay mau v1)
707,exp,rl_mean_fixed,7,49,389.22094205221447,900.7934276905667,0.4320867915856026,0,,0.225,,KHONG CO,KHONG CO,5937.711383855947,562.1559174798732,5642.856332113364,-45.8766371011734,0.0,15631.56378593784,,,0.003782821212407636,,cf8c88c,48b505d4c412803fc0fc57102ab20b5eec33692319fbc0d5f4ec675f8fb0e159,audits/paper_extras/v4_runs/v1/sweep_seed707_exp.json,KHONG CO (che do lay mau v1)
707,exp,rl_mean_fixed,8,50,374.51265798020364,881.6458801860848,0.42478807693306186,0,,0.10416666666666667,,KHONG CO,KHONG CO,5894.97023202217,363.746702437581,5433.441947827693,-45.8766371011734,6.13964583618738,15639.562843066189,,,0.005930865495329138,,cf8c88c,48b505d4c412803fc0fc57102ab20b5eec33692319fbc0d5f4ec675f8fb0e159,audits/paper_extras/v4_runs/v1/sweep_seed707_exp.json,KHONG CO (che do lay mau v1)
707,exp,rl_mean_fixed,9,51,365.65879366516265,856.9616038668881,0.42669215518547365,0,,0.22916666666666666,,KHONG CO,KHONG CO,5827.013607551597,399.77582643404577,5405.762112324298,-46.06778975576162,5.761899779336059,15619.355524600316,,,0.006057444253919448,,cf8c88c,48b505d4c412803fc0fc57102ab20b5eec33692319fbc0d5f4ec675f8fb0e159,audits/paper_extras/v4_runs/v1/sweep_seed707_exp.json,KHONG CO (che do lay mau v1)
707,exp,flat_pit0.10_cit0,0,42,273.5855027787668,841.074004282145,0.32528113029990924,2,,0.7541666666666667,,KHONG CO,KHONG CO,6567.139751122931,81.84028569042879,5748.418250051041,-49.12623222917318,6.882962062954903,15718.55832592903,,,0.007026852654694523,,cf8c88c,48b505d4c412803fc0fc57102ab20b5eec33692319fbc0d5f4ec675f8fb0e159,audits/paper_extras/v4_runs/v1/sweep_seed707_exp.json,KHONG CO (che do lay mau v1)
707,exp,flat_pit0.10_cit0,1,43,371.8001262330272,957.9903312505082,0.38810425753222333,0,,0.6125,,KHONG CO,KHONG CO,6596.510046167871,83.53903107950337,5773.552040075161,-45.8766371011734,3.8463611528277397,15624.342730808463,,,0.005763560197180964,,cf8c88c,48b505d4c412803fc0fc57102ab20b5eec33692319fbc0d5f4ec675f8fb0e159,audits/paper_extras/v4_runs/v1/sweep_seed707_exp.json,KHONG CO (che do lay mau v1)
707,exp,flat_pit0.10_cit0,2,44,287.68205762529453,991.484195013262,0.29015294350854126,0,,0.7541666666666667,,KHONG CO,KHONG CO,6415.470939262254,63.96273192761694,5600.258946575269,-47.40585833787918,0.0,15616.86675538727,,,0.005586223077240533,,cf8c88c,48b505d4c412803fc0fc57102ab20b5eec33692319fbc0d5f4ec675f8fb0e159,audits/paper_extras/v4_runs/v1/sweep_seed707_exp.json,KHONG CO (che do lay mau v1)
707,exp,flat_pit0.10_cit0,3,45,344.7608834411512,920.3027638455447,0.3746168076259442,0,,0.8791666666666667,,KHONG CO,KHONG CO,6862.670289459947,102.68121644487577,6019.280288250798,-46.06778975576162,0.0,15634.704262653357,,,0.005460315958415059,,cf8c88c,48b505d4c412803fc0fc57102ab20b5eec33692319fbc0d5f4ec675f8fb0e159,audits/paper_extras/v4_runs/v1/sweep_seed707_exp.json,KHONG CO (che do lay mau v1)
707,exp,flat_pit0.10_cit0,4,46,243.33340504548474,817.6564109296329,0.2975986022892272,0,,0.725,,KHONG CO,KHONG CO,6796.758852257982,60.07076074649067,5921.210390591889,-46.83240037411451,12.049627887406409,15638.743071131783,,,0.005963109463039179,,cf8c88c,48b505d4c412803fc0fc57102ab20b5eec33692319fbc0d5f4ec675f8fb0e159,audits/paper_extras/v4_runs/v1/sweep_seed707_exp.json,KHONG CO (che do lay mau v1)
707,exp,flat_pit0.10_cit0,5,47,341.78981497515554,891.9351547801073,0.3832002956082816,0,,0.8541666666666666,,KHONG CO,KHONG CO,7079.464458934698,77.47532497097215,6175.409238374329,-47.40585833787918,31.104155537139196,15567.83213139855,,,0.005530541937498199,,cf8c88c,48b505d4c412803fc0fc57102ab20b5eec33692319fbc0d5f4ec675f8fb0e159,audits/paper_extras/v4_runs/v1/sweep_seed707_exp.json,KHONG CO (che do lay mau v1)
707,exp,flat_pit0.10_cit0,6,48,229.95759834346197,851.1667165782274,0.2701675169676674,0,,0.6916666666666667,,KHONG CO,KHONG CO,6673.152871075895,83.50553399530824,5853.0369811830615,-48.93507957458496,25.925504626834222,15758.716693766895,,,0.008961709044628945,,cf8c88c,48b505d4c412803fc0fc57102ab20b5eec33692319fbc0d5f4ec675f8fb0e159,audits/paper_extras/v4_runs/v1/sweep_seed707_exp.json,KHONG CO (che do lay mau v1)
707,exp,flat_pit0.10_cit0,7,49,318.74258602272596,902.9829804845447,0.352988475875467,0,,0.725,,KHONG CO,KHONG CO,6507.876844025974,76.14754081803085,5685.8441969380665,-48.17046895623207,20.39769441384545,15680.02529746715,,,0.008292371208056957,,cf8c88c,48b505d4c412803fc0fc57102ab20b5eec33692319fbc0d5f4ec675f8fb0e159,audits/paper_extras/v4_runs/v1/sweep_seed707_exp.json,KHONG CO (che do lay mau v1)
707,exp,flat_pit0.10_cit0,8,50,279.70361866607,851.2933108330858,0.3285631580874854,0,,0.8166666666666667,,KHONG CO,KHONG CO,6580.5013366526455,50.31551623101932,5725.083905792126,-48.74392691999674,7.163928537226871,15692.959416896694,,,0.006485195139205533,,cf8c88c,48b505d4c412803fc0fc57102ab20b5eec33692319fbc0d5f4ec675f8fb0e159,audits/paper_extras/v4_runs/v1/sweep_seed707_exp.json,KHONG CO (che do lay mau v1)
707,exp,flat_pit0.10_cit0,9,51,285.82093767997566,805.230066474721,0.3549556202381926,0,,0.8125,,KHONG CO,KHONG CO,7260.52672729741,115.51734653410357,6387.944417334692,-45.8766371011734,0.5398401618003845,15685.985981282398,,,0.00419147161730017,,cf8c88c,48b505d4c412803fc0fc57102ab20b5eec33692319fbc0d5f4ec675f8fb0e159,audits/paper_extras/v4_runs/v1/sweep_seed707_exp.json,KHONG CO (che do lay mau v1)
707,exp,flat_pit0.20_cit0,0,42,200.48583584426294,824.2938423470654,0.2432213193215257,0,,0.9166666666666666,,KHONG CO,KHONG CO,12265.022505962033,116.90519322055991,10730.342477660419,-47.21470568329096,28.852935812261922,16233.97935672682,,,0.006914950164269078,,cf8c88c,48b505d4c412803fc0fc57102ab20b5eec33692319fbc0d5f4ec675f8fb0e159,audits/paper_extras/v4_runs/v1/sweep_seed707_exp.json,KHONG CO (che do lay mau v1)
707,exp,flat_pit0.20_cit0,1,43,273.0203427600764,938.084960533834,0.29104010217231213,0,,0.8791666666666667,,KHONG CO,KHONG CO,12715.498053488202,105.25540429034406,11062.46758884297,-45.8766371011734,0.0,16229.236135283685,,,0.004474454609156401,,cf8c88c,48b505d4c412803fc0fc57102ab20b5eec33692319fbc0d5f4ec675f8fb0e159,audits/paper_extras/v4_runs/v1/sweep_seed707_exp.json,KHONG CO (che do lay mau v1)
707,exp,flat_pit0.20_cit0,2,44,230.00261478974838,1018.1735381370788,0.22589726227866536,2,,0.8583333333333333,,KHONG CO,KHONG CO,13857.481579519135,168.1196154542842,12073.837862668228,-48.17046895623207,29.857691220408526,16676.21511750249,,,0.008485898936421076,,cf8c88c,48b505d4c412803fc0fc57102ab20b5eec33692319fbc0d5f4ec675f8fb0e159,audits/paper_extras/v4_runs/v1/sweep_seed707_exp.json,KHONG CO (che do lay mau v1)
707,exp,flat_pit0.20_cit0,3,45,282.31807532014875,900.7100129388989,0.3134394769288529,1,,0.9125,,KHONG CO,KHONG CO,13579.676592216214,164.4328713525253,11871.778514766678,-49.89084284752607,24.835881644128253,16140.21752099553,,,0.009179689182260276,,cf8c88c,48b505d4c412803fc0fc57102ab20b5eec33692319fbc0d5f4ec675f8fb0e159,audits/paper_extras/v4_runs/v1/sweep_seed707_exp.json,KHONG CO (che do lay mau v1)
707,exp,flat_pit0.20_cit0,4,46,216.894024247157,789.5110975152422,0.2747194117090541,1,,0.9333333333333333,,KHONG CO,KHONG CO,13559.055183815039,291.2792868904009,12006.177132027184,-49.50853753834963,71.8689008528829,16188.81661285861,,,0.009961409788673433,,cf8c88c,48b505d4c412803fc0fc57102ab20b5eec33692319fbc0d5f4ec675f8fb0e159,audits/paper_extras/v4_runs/v1/sweep_seed707_exp.json,KHONG CO (che do lay mau v1)
707,exp,flat_pit0.20_cit0,5,47,246.37320485761168,836.6866583554291,0.2944629299358936,0,,0.8875,,KHONG CO,KHONG CO,13802.766449058787,129.2983826734729,12076.213527439499,-47.023553028702736,20.252518242212457,16198.104082757856,,,0.006171566167090081,,cf8c88c,48b505d4c412803fc0fc57102ab20b5eec33692319fbc0d5f4ec675f8fb0e159,audits/paper_extras/v4_runs/v1/sweep_seed707_exp.json,KHONG CO (che do lay mau v1)
707,exp,flat_pit0.20_cit0,6,48,211.83882801952956,824.5312125353108,0.2569203261185913,1,,0.8708333333333333,,KHONG CO,KHONG CO,13285.210617148088,178.40726340470573,11669.413412450895,-51.22891142964363,57.66206223970212,16204.008921532552,,,0.011781606025991391,,cf8c88c,48b505d4c412803fc0fc57102ab20b5eec33692319fbc0d5f4ec675f8fb0e159,audits/paper_extras/v4_runs/v1/sweep_seed707_exp.json,KHONG CO (che do lay mau v1)
707,exp,flat_pit0.20_cit0,7,49,230.31861184930204,875.1191188202882,0.26318544172567615,0,,0.8708333333333333,,KHONG CO,KHONG CO,12527.208439609332,173.68682688450568,11001.613689537651,-45.8766371011734,15.635276006329292,16296.930096097029,,,0.005531500606546227,,cf8c88c,48b505d4c412803fc0fc57102ab20b5eec33692319fbc0d5f4ec675f8fb0e159,audits/paper_extras/v4_runs/v1/sweep_seed707_exp.json,KHONG CO (che do lay mau v1)
707,exp,flat_pit0.20_cit0,8,50,168.93876601089863,848.4920962129806,0.19910470205310338,1,,0.8916666666666667,,KHONG CO,KHONG CO,13552.074659843725,191.788045398114,11910.586556424856,-55.243117175996304,78.76423066573686,16624.870480065376,,,0.011643037661255951,,cf8c88c,48b505d4c412803fc0fc57102ab20b5eec33692319fbc0d5f4ec675f8fb0e159,audits/paper_extras/v4_runs/v1/sweep_seed707_exp.json,KHONG CO (che do lay mau v1)
707,exp,flat_pit0.20_cit0,9,51,172.27949326925946,792.5128843825009,0.21738383900659708,3,,0.9041666666666667,,KHONG CO,KHONG CO,12848.990954327877,165.549105279835,11280.384246102998,-52.375827357172966,57.52917534369262,16178.241502615081,,,0.01159143123268718,,cf8c88c,48b505d4c412803fc0fc57102ab20b5eec33692319fbc0d5f4ec675f8fb0e159,audits/paper_extras/v4_runs/v1/sweep_seed707_exp.json,KHONG CO (che do lay mau v1)
707,exp,flat_pit0.30_cit0,0,42,171.82055160631296,854.4413769243299,0.20109109442335626,6,,0.9166666666666666,,KHONG CO,KHONG CO,19053.56314824563,474.95986041481916,16878.527705519962,-57.536949031054974,88.00467503374348,17196.865163744438,,,0.014335849983847593,,cf8c88c,48b505d4c412803fc0fc57102ab20b5eec33692319fbc0d5f4ec675f8fb0e159,audits/paper_extras/v4_runs/v1/sweep_seed707_exp.json,KHONG CO (che do lay mau v1)
707,exp,flat_pit0.30_cit0,1,43,169.3167933631663,896.220346333953,0.1889231750381115,7,,0.9041666666666667,,KHONG CO,KHONG CO,18385.839688985805,246.11524145392224,16132.778596309261,-55.05196452140808,75.34834790061133,17184.555891741806,,,0.011442101379133722,,cf8c88c,48b505d4c412803fc0fc57102ab20b5eec33692319fbc0d5f4ec675f8fb0e159,audits/paper_extras/v4_runs/v1/sweep_seed707_exp.json,KHONG CO (che do lay mau v1)
707,exp,flat_pit0.30_cit0,2,44,219.36137118723406,951.3432539086455,0.23058067662326498,12,,0.9083333333333333,,KHONG CO,KHONG CO,20380.39332891995,534.1405847884532,18111.509983821987,-64.6095972508192,146.01176561712387,17215.789204411558,,,0.018200404872580803,,cf8c88c,48b505d4c412803fc0fc57102ab20b5eec33692319fbc0d5f4ec675f8fb0e159,audits/paper_extras/v4_runs/v1/sweep_seed707_exp.json,KHONG CO (che do lay mau v1)
707,exp,flat_pit0.30_cit0,3,45,195.74680711891085,912.3733563676775,0.21454682532402536,9,,0.9125,,KHONG CO,KHONG CO,19517.2312993998,280.7719954367189,17110.07392911319,-53.33159063011408,65.3764592314508,17226.65985411406,,,0.011968565476128129,,cf8c88c,48b505d4c412803fc0fc57102ab20b5eec33692319fbc0d5f4ec675f8fb0e159,audits/paper_extras/v4_runs/v1/sweep_seed707_exp.json,KHONG CO (che do lay mau v1)
707,exp,flat_pit0.30_cit0,4,46,144.34291295591476,817.4350825277196,0.17658027657629927,13,,0.925,,KHONG CO,KHONG CO,19076.78235947356,612.4547927347056,17021.65216104558,-60.595391504466534,144.7097694344355,17242.600897286604,,,0.01818817736140798,,cf8c88c,48b505d4c412803fc0fc57102ab20b5eec33692319fbc0d5f4ec675f8fb0e159,audits/paper_extras/v4_runs/v1/sweep_seed707_exp.json,KHONG CO (che do lay mau v1)
707,exp,flat_pit0.30_cit0,5,47,225.8747500242822,874.8439780778689,0.2581886092655682,5,,0.9333333333333333,,KHONG CO,KHONG CO,20304.58491602919,395.18518099849376,17898.31560524787,-61.551154777407646,135.21785486788178,17192.833076885712,,,0.015681329216059574,,cf8c88c,48b505d4c412803fc0fc57102ab20b5eec33692319fbc0d5f4ec675f8fb0e159,audits/paper_extras/v4_runs/v1/sweep_seed707_exp.json,KHONG CO (che do lay mau v1)
707,exp,flat_pit0.30_cit0,6,48,209.68497050510214,827.4246394993019,0.25341881362390717,10,,0.925,,KHONG CO,KHONG CO,19901.2785309096,717.8780762802489,17808.830332044992,-67.28573441505432,157.53028786109485,17272.2483128784,,,0.015880875895417673,,cf8c88c,48b505d4c412803fc0fc57102ab20b5eec33692319fbc0d5f4ec675f8fb0e159,audits/paper_extras/v4_runs/v1/sweep_seed707_exp.json,KHONG CO (che do lay mau v1)
707,exp,flat_pit0.30_cit0,7,49,167.72313109225743,862.4688051989259,0.19446863478566345,0,,0.9125,,KHONG CO,KHONG CO,18917.968319523785,363.21497037365424,16701.82788993135,-51.8023693934083,93.82849694529521,17225.73390794519,,,0.012955886985723012,,cf8c88c,48b505d4c412803fc0fc57102ab20b5eec33692319fbc0d5f4ec675f8fb0e159,audits/paper_extras/v4_runs/v1/sweep_seed707_exp.json,KHONG CO (che do lay mau v1)
707,exp,flat_pit0.30_cit0,8,50,252.32233718503653,837.1213221211801,0.3014166889760703,5,,0.9166666666666666,,KHONG CO,KHONG CO,20011.207365864542,788.175117158818,17858.11761661579,-68.62380299717188,168.02490027082112,17195.50463890876,,,0.0169710564186642,,cf8c88c,48b505d4c412803fc0fc57102ab20b5eec33692319fbc0d5f4ec675f8fb0e159,audits/paper_extras/v4_runs/v1/sweep_seed707_exp.json,KHONG CO (che do lay mau v1)
707,exp,flat_pit0.30_cit0,9,51,156.26295817680233,776.2176435949764,0.20131332940731117,8,,0.9208333333333333,,KHONG CO,KHONG CO,19437.155848967086,1036.473504902632,17729.522980271162,-94.81171667575836,304.5480249473923,16226.112963999254,,,0.028311850975380717,,cf8c88c,48b505d4c412803fc0fc57102ab20b5eec33692319fbc0d5f4ec675f8fb0e159,audits/paper_extras/v4_runs/v1/sweep_seed707_exp.json,KHONG CO (che do lay mau v1)
707,exp,flat_pit0.50_cit0,0,42,192.69749756602116,727.8020570483823,0.2647663546699912,34,,0.9416666666666667,,KHONG CO,KHONG CO,22212.38218498536,679.6043113497042,19797.193099198033,-77.79913041740656,238.90737518995294,11382.92289582309,,,0.02881569392920389,,cf8c88c,48b505d4c412803fc0fc57102ab20b5eec33692319fbc0d5f4ec675f8fb0e159,audits/paper_extras/v4_runs/v1/sweep_seed707_exp.json,KHONG CO (che do lay mau v1)
707,exp,flat_pit0.50_cit0,1,43,163.4844224223038,773.7919253124917,0.21127698167214848,44,,0.9375,,KHONG CO,KHONG CO,24688.43616412037,712.5527055003977,22016.912197413923,-72.44685608893633,189.54124653182942,17775.02238551928,,,0.027093517044630037,,cf8c88c,48b505d4c412803fc0fc57102ab20b5eec33692319fbc0d5f4ec675f8fb0e159,audits/paper_extras/v4_runs/v1/sweep_seed707_exp.json,KHONG CO (che do lay mau v1)
707,exp,flat_pit0.50_cit0,2,44,180.6056349687932,845.3995058939448,0.21363347590062365,60,,0.9333333333333333,,KHONG CO,KHONG CO,25325.972187718773,970.3161207185353,22665.438280639384,-76.65221448987722,180.87282641346494,16729.005117576653,,,0.030934758305244715,,cf8c88c,48b505d4c412803fc0fc57102ab20b5eec33692319fbc0d5f4ec675f8fb0e159,audits/paper_extras/v4_runs/v1/sweep_seed707_exp.json,KHONG CO (che do lay mau v1)
707,exp,flat_pit0.50_cit0,3,45,205.6657329309614,801.1978765721523,0.2566978008115578,44,,0.925,,KHONG CO,KHONG CO,24936.979702965575,1551.3851857860977,22887.440923758328,-75.50529856234789,203.4178979491446,16299.914539637926,,,0.025501943267944083,,cf8c88c,48b505d4c412803fc0fc57102ab20b5eec33692319fbc0d5f4ec675f8fb0e159,audits/paper_extras/v4_runs/v1/sweep_seed707_exp.json,KHONG CO (che do lay mau v1)
707,exp,flat_pit0.50_cit0,4,46,138.25086292729915,676.3083451291284,0.20441986842688264,45,,0.9416666666666667,,KHONG CO,KHONG CO,23513.232594067827,732.3030765668241,20222.01887504926,-66.90342910587788,143.23514522469313,16266.868741444407,,,0.026342304593137463,,cf8c88c,48b505d4c412803fc0fc57102ab20b5eec33692319fbc0d5f4ec675f8fb0e159,audits/paper_extras/v4_runs/v1/sweep_seed707_exp.json,KHONG CO (che do lay mau v1)
707,exp,flat_pit0.50_cit0,5,47,137.0484854176155,705.4243892404219,0.1942780651023207,45,,0.9416666666666667,,KHONG CO,KHONG CO,22105.860603667126,971.1700557239118,19490.813128570913,-72.44685608893633,153.79611699341655,15837.570386892332,,,0.03003357120711878,,cf8c88c,48b505d4c412803fc0fc57102ab20b5eec33692319fbc0d5f4ec675f8fb0e159,audits/paper_extras/v4_runs/v1/sweep_seed707_exp.json,KHONG CO (che do lay mau v1)
707,exp,flat_pit0.50_cit0,6,48,290.1775627331069,688.2232416094477,0.4216329022171801,36,,0.925,,KHONG CO,KHONG CO,24967.6469103577,1095.1484446856628,21131.789326383998,-100.35514365881681,317.28302148421324,9837.449289447553,,,0.03368290865009305,,cf8c88c,48b505d4c412803fc0fc57102ab20b5eec33692319fbc0d5f4ec675f8fb0e159,audits/paper_extras/v4_runs/v1/sweep_seed707_exp.json,KHONG CO (che do lay mau v1)
707,exp,flat_pit0.50_cit0,7,49,161.59035167952473,722.058056711498,0.22379135607940315,38,,0.9416666666666667,,KHONG CO,KHONG CO,23934.44431312912,2316.7944776378904,22730.176837564464,-80.6664202362299,228.18205668415325,16799.941313712614,,,0.0325980332992276,,cf8c88c,48b505d4c412803fc0fc57102ab20b5eec33692319fbc0d5f4ec675f8fb0e159,audits/paper_extras/v4_runs/v1/sweep_seed707_exp.json,KHONG CO (che do lay mau v1)
707,exp,flat_pit0.50_cit0,8,50,166.86375108593782,724.4068625028686,0.23034534834390397,41,,0.9333333333333333,,KHONG CO,KHONG CO,24025.507892231773,1628.8352915564928,22209.953443452352,-80.85757289081812,224.34141902662674,14819.235784696626,,,0.032997649018748514,,cf8c88c,48b505d4c412803fc0fc57102ab20b5eec33692319fbc0d5f4ec675f8fb0e159,audits/paper_extras/v4_runs/v1/sweep_seed707_exp.json,KHONG CO (che do lay mau v1)
707,exp,flat_pit0.50_cit0,9,51,194.27291218599208,681.6683680230184,0.28499622587655693,34,,0.9375,,KHONG CO,KHONG CO,22843.17346684644,1032.0595343234822,20683.1866530731,-90.79751092940569,300.5614274726593,9849.985591834882,,,0.03416253983693893,,cf8c88c,48b505d4c412803fc0fc57102ab20b5eec33692319fbc0d5f4ec675f8fb0e159,audits/paper_extras/v4_runs/v1/sweep_seed707_exp.json,KHONG CO (che do lay mau v1)
707,exp,flat_pit0_cit0.10,0,42,355.97569467515723,873.8331906345757,0.40737259523942837,0,,0.0,,KHONG CO,KHONG CO,2163.612721563725,191.48675290981922,2044.8840283971217,-47.21470568329096,5.71586875284742,15217.275700346432,,,0.005268090858732833,,cf8c88c,48b505d4c412803fc0fc57102ab20b5eec33692319fbc0d5f4ec675f8fb0e159,audits/paper_extras/v4_runs/v1/sweep_seed707_exp.json,KHONG CO (che do lay mau v1)
707,exp,flat_pit0_cit0.10,1,43,412.6737621636225,930.6019601326813,0.4434481978791289,0,,0.0,,KHONG CO,KHONG CO,2096.2645758574367,139.00778842038963,1940.8076365472334,-45.8766371011734,0.0,15208.997402123037,,,0.006020802507678935,,cf8c88c,48b505d4c412803fc0fc57102ab20b5eec33692319fbc0d5f4ec675f8fb0e159,audits/paper_extras/v4_runs/v1/sweep_seed707_exp.json,KHONG CO (che do lay mau v1)
707,exp,flat_pit0_cit0.10,2,44,336.57986433908405,961.3651753345304,0.35010615422174296,0,,0.0,,KHONG CO,KHONG CO,2117.3527418255912,111.19581921327827,1934.855235884911,-47.5970109924674,2.6623070638789934,15054.163289212858,,,0.005286694113493239,,cf8c88c,48b505d4c412803fc0fc57102ab20b5eec33692319fbc0d5f4ec675f8fb0e159,audits/paper_extras/v4_runs/v1/sweep_seed707_exp.json,KHONG CO (che do lay mau v1)
707,exp,flat_pit0_cit0.10,3,45,392.89093109529256,936.156640059951,0.41968503376756694,0,,0.0,,KHONG CO,KHONG CO,2221.629773488831,158.30755362645442,2066.411182888067,-45.8766371011734,11.088421318975815,15136.912250057052,,,0.0063596442075546525,,cf8c88c,48b505d4c412803fc0fc57102ab20b5eec33692319fbc0d5f4ec675f8fb0e159,audits/paper_extras/v4_runs/v1/sweep_seed707_exp.json,KHONG CO (che do lay mau v1)
707,exp,flat_pit0_cit0.10,4,46,369.1228682577813,828.0144546639842,0.4457927831798235,0,,0.0,,KHONG CO,KHONG CO,2059.7432428918946,97.60912085615664,1873.1861536223487,-50.081995502114296,4.831504855864167,15098.34864877501,,,0.007731781064722554,,cf8c88c,48b505d4c412803fc0fc57102ab20b5eec33692319fbc0d5f4ec675f8fb0e159,audits/paper_extras/v4_runs/v1/sweep_seed707_exp.json,KHONG CO (che do lay mau v1)
707,exp,flat_pit0_cit0.10,5,47,352.1703698850143,878.2006754072123,0.401013549348179,0,,0.0,,KHONG CO,KHONG CO,2097.168391210035,67.24151432189646,1879.2165968228187,-45.8766371011734,1.6870005056262016,15139.681643400245,,,0.004834738782183068,,cf8c88c,48b505d4c412803fc0fc57102ab20b5eec33692319fbc0d5f4ec675f8fb0e159,audits/paper_extras/v4_runs/v1/sweep_seed707_exp.json,KHONG CO (che do lay mau v1)
707,exp,flat_pit0_cit0.10,6,48,375.7058250366612,821.0152666183313,0.4576112531794334,0,,0.0,,KHONG CO,KHONG CO,2222.052242185492,145.21144266525715,2055.399404776164,-45.8766371011734,6.682932953568193,15134.79371181491,,,0.004063795944015386,,cf8c88c,48b505d4c412803fc0fc57102ab20b5eec33692319fbc0d5f4ec675f8fb0e159,audits/paper_extras/v4_runs/v1/sweep_seed707_exp.json,KHONG CO (che do lay mau v1)
707,exp,flat_pit0_cit0.10,7,49,374.08961220560064,897.2189421084257,0.4169435069287617,0,,0.0,,KHONG CO,KHONG CO,2234.467202947006,76.73454454525752,2006.7488244905398,-48.552774265408516,1.6870005056262016,15167.080274654945,,,0.007090668731326461,,cf8c88c,48b505d4c412803fc0fc57102ab20b5eec33692319fbc0d5f4ec675f8fb0e159,audits/paper_extras/v4_runs/v1/sweep_seed707_exp.json,KHONG CO (che do lay mau v1)
707,exp,flat_pit0_cit0.10,8,50,405.50105821749486,871.9228023723721,0.46506532128095157,0,,0.0,,KHONG CO,KHONG CO,2129.31194705465,84.57404346201737,1922.273177446796,-45.8766371011734,4.476072820088331,15077.640504787036,,,0.00506019989582474,,cf8c88c,48b505d4c412803fc0fc57102ab20b5eec33692319fbc0d5f4ec675f8fb0e159,audits/paper_extras/v4_runs/v1/sweep_seed707_exp.json,KHONG CO (che do lay mau v1)
707,exp,flat_pit0_cit0.10,9,51,301.3964709240583,830.0929275078407,0.363087626621432,0,,0.0,,KHONG CO,KHONG CO,2155.7665333574155,170.7781947226801,2019.6071990418206,-45.8766371011734,0.0,15257.812327970534,,,0.004626905117862163,,cf8c88c,48b505d4c412803fc0fc57102ab20b5eec33692319fbc0d5f4ec675f8fb0e159,audits/paper_extras/v4_runs/v1/sweep_seed707_exp.json,KHONG CO (che do lay mau v1)
707,exp,flat_pit0_cit0.20,0,42,377.49455345962673,874.2125777171858,0.4318109383021814,0,,0.0,,KHONG CO,KHONG CO,4600.162131622717,261.07707168775676,4220.6060484921145,-45.8766371011734,16.400998232137542,15197.65702480644,,,0.005360626935365568,,cf8c88c,48b505d4c412803fc0fc57102ab20b5eec33692319fbc0d5f4ec675f8fb0e159,audits/paper_extras/v4_runs/v1/sweep_seed707_exp.json,KHONG CO (che do lay mau v1)
707,exp,flat_pit0_cit0.20,1,43,298.5843158575339,923.1436110740149,0.3234429749344756,0,,0.0,,KHONG CO,KHONG CO,4478.986223570415,255.58263750334424,4110.931984484411,-47.023553028702736,0.40909484664218076,15199.305715365934,,,0.00502718327540023,,cf8c88c,48b505d4c412803fc0fc57102ab20b5eec33692319fbc0d5f4ec675f8fb0e159,audits/paper_extras/v4_runs/v1/sweep_seed707_exp.json,KHONG CO (che do lay mau v1)
707,exp,flat_pit0_cit0.20,2,44,363.78239123973964,1001.265241760366,0.3633227001869741,0,,0.0,,KHONG CO,KHONG CO,4863.691720801243,253.25974221281425,4425.764585785191,-46.83240037411451,2.226840667426586,15616.893018118175,,,0.007395945772222618,,cf8c88c,48b505d4c412803fc0fc57102ab20b5eec33692319fbc0d5f4ec675f8fb0e159,audits/paper_extras/v4_runs/v1/sweep_seed707_exp.json,KHONG CO (che do lay mau v1)
707,exp,flat_pit0_cit0.20,3,45,377.67812452612014,926.4212843287183,0.40767427402079215,0,,0.0,,KHONG CO,KHONG CO,4881.083934699903,266.77764264571164,4458.637395061682,-45.8766371011734,0.0,15627.518303838671,,,0.006627948845514669,,cf8c88c,48b505d4c412803fc0fc57102ab20b5eec33692319fbc0d5f4ec675f8fb0e159,audits/paper_extras/v4_runs/v1/sweep_seed707_exp.json,KHONG CO (che do lay mau v1)
707,exp,flat_pit0_cit0.20,4,46,338.21364976555816,834.3559182547452,0.405358962962728,2,,0.0,,KHONG CO,KHONG CO,4542.193045353298,412.94451723881326,4292.964128726864,-49.89084284752607,37.21001155798798,15622.156323467641,,,0.011012818657101502,,cf8c88c,48b505d4c412803fc0fc57102ab20b5eec33692319fbc0d5f4ec675f8fb0e159,audits/paper_extras/v4_runs/v1/sweep_seed707_exp.json,KHONG CO (che do lay mau v1)
707,exp,flat_pit0_cit0.20,5,47,357.6349656521859,888.9292366513149,0.4023210745091842,0,,0.0,,KHONG CO,KHONG CO,4610.014746663988,274.23621305146565,4240.717557260966,-47.40585833787918,16.026999895810565,15221.852696610345,,,0.006666443964926158,,cf8c88c,48b505d4c412803fc0fc57102ab20b5eec33692319fbc0d5f4ec675f8fb0e159,audits/paper_extras/v4_runs/v1/sweep_seed707_exp.json,KHONG CO (che do lay mau v1)
707,exp,flat_pit0_cit0.20,6,48,368.12132736031066,859.9452526994078,0.42807530619508727,0,,0.0,,KHONG CO,KHONG CO,4760.574476522721,184.55790428768796,4290.496023296697,-51.42006408423185,18.70615094341639,15608.478441128489,,,0.009302353261367727,,cf8c88c,48b505d4c412803fc0fc57102ab20b5eec33692319fbc0d5f4ec675f8fb0e159,audits/paper_extras/v4_runs/v1/sweep_seed707_exp.json,KHONG CO (che do lay mau v1)
707,exp,flat_pit0_cit0.20,7,49,380.93191651839476,912.8811183419022,0.4172853494990615,0,,0.0,,KHONG CO,KHONG CO,4943.045930938751,282.41774628650506,4537.1661907975695,-47.21470568329096,10.006748422787828,15534.305547128948,,,0.007532341903736186,,cf8c88c,48b505d4c412803fc0fc57102ab20b5eec33692319fbc0d5f4ec675f8fb0e159,audits/paper_extras/v4_runs/v1/sweep_seed707_exp.json,KHONG CO (che do lay mau v1)
707,exp,flat_pit0_cit0.20,8,50,296.03068741051123,886.2127224384625,0.3340402139522063,0,,0.0,,KHONG CO,KHONG CO,4586.729162901507,248.45340586801518,4198.116373920688,-46.06778975576162,0.0,15215.987335398626,,,0.006123547750221632,,cf8c88c,48b505d4c412803fc0fc57102ab20b5eec33692319fbc0d5f4ec675f8fb0e159,audits/paper_extras/v4_runs/v1/sweep_seed707_exp.json,KHONG CO (che do lay mau v1)
707,exp,flat_pit0_cit0.20,9,51,357.81917263235164,827.8509723109211,0.43222655357100104,0,,0.0,,KHONG CO,KHONG CO,4573.642754445865,254.27925690063145,4191.988668328164,-49.50853753834963,35.873398493727066,15161.220713278653,,,0.008078969195147999,,cf8c88c,48b505d4c412803fc0fc57102ab20b5eec33692319fbc0d5f4ec675f8fb0e159,audits/paper_extras/v4_runs/v1/sweep_seed707_exp.json,KHONG CO (che do lay mau v1)
707,exp,flat_pit0_cit0.30,0,42,362.1447891587235,907.252087530093,0.39916666396946854,0,,0.0,,KHONG CO,KHONG CO,7834.475476424382,400.9111322057977,7150.579872885881,-45.8766371011734,2.226840667426586,15647.911264091057,,,0.004304585465450395,,cf8c88c,48b505d4c412803fc0fc57102ab20b5eec33692319fbc0d5f4ec675f8fb0e159,audits/paper_extras/v4_runs/v1/sweep_seed707_exp.json,KHONG CO (che do lay mau v1)
707,exp,flat_pit0_cit0.30,1,43,459.72719505286364,952.5733033825422,0.48261608153450697,0,,0.0,,KHONG CO,KHONG CO,7526.803202200393,314.6225170754393,6808.335837475145,-46.258942410349846,3.871902271372944,15576.193331608662,,,0.0065214467079607735,,cf8c88c,48b505d4c412803fc0fc57102ab20b5eec33692319fbc0d5f4ec675f8fb0e159,audits/paper_extras/v4_runs/v1/sweep_seed707_exp.json,KHONG CO (che do lay mau v1)
707,exp,flat_pit0_cit0.30,2,44,342.7409936460039,952.1071265348238,0.3599815441917795,0,,0.0,,KHONG CO,KHONG CO,7479.655299802626,525.2690618027817,6950.420556078721,-47.5970109924674,4.251241274178028,15637.934189099515,,,0.005379312461726731,,cf8c88c,48b505d4c412803fc0fc57102ab20b5eec33692319fbc0d5f4ec675f8fb0e159,audits/paper_extras/v4_runs/v1/sweep_seed707_exp.json,KHONG CO (che do lay mau v1)
707,exp,flat_pit0_cit0.30,3,45,396.6264051757337,921.8953594548677,0.43022931085179295,0,,0.0,,KHONG CO,KHONG CO,7559.845964972424,434.21382412290956,6940.582299125706,-45.8766371011734,5.116154779819094,15734.139548408571,,,0.005994443928234126,,cf8c88c,48b505d4c412803fc0fc57102ab20b5eec33692319fbc0d5f4ec675f8fb0e159,audits/paper_extras/v4_runs/v1/sweep_seed707_exp.json,KHONG CO (che do lay mau v1)
707,exp,flat_pit0_cit0.30,4,46,354.252710803297,855.3322980304251,0.4141696877564839,0,,0.008333333333333333,,KHONG CO,KHONG CO,7434.593690161963,394.50988091167227,6797.845391394034,-49.50853753834963,29.407077189243704,15633.987194461264,,,0.008595483657852817,,cf8c88c,48b505d4c412803fc0fc57102ab20b5eec33692319fbc0d5f4ec675f8fb0e159,audits/paper_extras/v4_runs/v1/sweep_seed707_exp.json,KHONG CO (che do lay mau v1)
707,exp,flat_pit0_cit0.30,5,47,394.6809004525807,910.7968394128487,0.4333358257007286,0,,0.0,,KHONG CO,KHONG CO,7650.0981550708075,444.3033135829681,6986.055221661348,-47.023553028702736,0.0,15999.467926423711,,,0.005205658610136319,,cf8c88c,48b505d4c412803fc0fc57102ab20b5eec33692319fbc0d5f4ec675f8fb0e159,audits/paper_extras/v4_runs/v1/sweep_seed707_exp.json,KHONG CO (che do lay mau v1)
707,exp,flat_pit0_cit0.30,6,48,321.8401171598387,864.9180116145976,0.37210476928216496,0,,0.0,,KHONG CO,KHONG CO,7809.723925502954,376.85517587055597,7106.957003814524,-47.5970109924674,13.29926869018001,15706.910716439066,,,0.008039524205757745,,cf8c88c,48b505d4c412803fc0fc57102ab20b5eec33692319fbc0d5f4ec675f8fb0e159,audits/paper_extras/v4_runs/v1/sweep_seed707_exp.json,KHONG CO (che do lay mau v1)
707,exp,flat_pit0_cit0.30,7,49,422.9913383754119,948.8380930459408,0.4457992796405693,0,,0.0,,KHONG CO,KHONG CO,8024.987911195537,486.3781352833068,7365.11231827947,-49.50853753834963,14.40018898845408,16018.259640570885,,,0.008678865187403743,,cf8c88c,48b505d4c412803fc0fc57102ab20b5eec33692319fbc0d5f4ec675f8fb0e159,audits/paper_extras/v4_runs/v1/sweep_seed707_exp.json,KHONG CO (che do lay mau v1)
707,exp,flat_pit0_cit0.30,8,50,367.30535650883644,893.4793532645862,0.4110955168317877,0,,0.0,,KHONG CO,KHONG CO,7605.8600269194085,591.7496471147332,7117.821451996571,-45.8766371011734,25.01855267615262,15635.641790142996,,,0.005845283519004968,,cf8c88c,48b505d4c412803fc0fc57102ab20b5eec33692319fbc0d5f4ec675f8fb0e159,audits/paper_extras/v4_runs/v1/sweep_seed707_exp.json,KHONG CO (che do lay mau v1)
707,exp,flat_pit0_cit0.30,9,51,338.542295895563,805.0770656302342,0.42050917899461426,0,,0.004166666666666667,,KHONG CO,KHONG CO,7515.880156968399,618.8698405784334,7063.087561135466,-51.42006408423185,42.43475296376098,15715.391529119073,,,0.008562669198122898,,cf8c88c,48b505d4c412803fc0fc57102ab20b5eec33692319fbc0d5f4ec675f8fb0e159,audits/paper_extras/v4_runs/v1/sweep_seed707_exp.json,KHONG CO (che do lay mau v1)
707,exp,flat_pit0_cit0.50,0,42,336.2245430429955,891.2067943268344,0.3772688282711757,0,,0.0,,KHONG CO,KHONG CO,15705.20478073212,1221.9638208919641,14690.365586083613,-51.22891142964363,27.2838007825413,17104.443118829477,,,0.007973341429206608,,cf8c88c,48b505d4c412803fc0fc57102ab20b5eec33692319fbc0d5f4ec675f8fb0e159,audits/paper_extras/v4_runs/v1/sweep_seed707_exp.json,KHONG CO (che do lay mau v1)
707,exp,flat_pit0_cit0.50,1,43,377.5671729393246,1003.3270559936095,0.3763151513595079,0,,0.0,,KHONG CO,KHONG CO,15839.800213584731,1377.7733104010583,14917.690956285503,-47.40585833787918,18.34873728019956,17147.84580149328,,,0.009703744591245874,,cf8c88c,48b505d4c412803fc0fc57102ab20b5eec33692319fbc0d5f4ec675f8fb0e159,audits/paper_extras/v4_runs/v1/sweep_seed707_exp.json,KHONG CO (che do lay mau v1)
707,exp,flat_pit0_cit0.50,2,44,334.63793329726184,1002.6967619727078,0.33373792156154414,0,,0.0,,KHONG CO,KHONG CO,15500.15597048161,897.3329209718751,14235.380984384516,-47.5970109924674,24.315959905976687,17037.02401777229,,,0.007541795758968281,,cf8c88c,48b505d4c412803fc0fc57102ab20b5eec33692319fbc0d5f4ec675f8fb0e159,audits/paper_extras/v4_runs/v1/sweep_seed707_exp.json,KHONG CO (che do lay mau v1)
707,exp,flat_pit0_cit0.50,3,45,375.87758901347894,958.0584875232938,0.39233261216146786,0,,0.0,,KHONG CO,KHONG CO,15455.288316938495,490.40231202269916,13829.760030251806,-47.023553028702736,2.024400606751442,17145.169661480657,,,0.008958676806590056,,cf8c88c,48b505d4c412803fc0fc57102ab20b5eec33692319fbc0d5f4ec675f8fb0e159,audits/paper_extras/v4_runs/v1/sweep_seed707_exp.json,KHONG CO (che do lay mau v1)
707,exp,flat_pit0_cit0.50,4,46,316.54486985021117,846.1998160045072,0.3740781596300006,0,,0.0,,KHONG CO,KHONG CO,15091.556936826584,1188.1095696660996,14135.059698684878,-47.023553028702736,27.801996547429532,16741.386889637633,,,0.007091333701844537,,cf8c88c,48b505d4c412803fc0fc57102ab20b5eec33692319fbc0d5f4ec675f8fb0e159,audits/paper_extras/v4_runs/v1/sweep_seed707_exp.json,KHONG CO (che do lay mau v1)
707,exp,flat_pit0_cit0.50,5,47,372.55381803804966,926.4519162913107,0.4021296858334793,0,,0.0,,KHONG CO,KHONG CO,15268.24914550392,1041.6308462326401,14132.9571724107,-50.65545346587896,60.278471672569694,17027.277349847405,,,0.00985463349138736,,cf8c88c,48b505d4c412803fc0fc57102ab20b5eec33692319fbc0d5f4ec675f8fb0e159,audits/paper_extras/v4_runs/v1/sweep_seed707_exp.json,KHONG CO (che do lay mau v1)
707,exp,flat_pit0_cit0.50,6,48,397.73406976845547,932.6346374331663,0.4264628974783896,2,,0.0,,KHONG CO,KHONG CO,15983.736531496193,1053.3543445904718,14675.025322352063,-60.97769681364298,59.47544695209201,17000.939941650373,,,0.015768449314197828,,cf8c88c,48b505d4c412803fc0fc57102ab20b5eec33692319fbc0d5f4ec675f8fb0e159,audits/paper_extras/v4_runs/v1/sweep_seed707_exp.json,KHONG CO (che do lay mau v1)
707,exp,flat_pit0_cit0.50,7,49,488.50769338176906,1000.6456187090217,0.48819250716553875,0,,0.0,,KHONG CO,KHONG CO,16540.36501527012,1152.3794950453128,15312.80184932556,-47.21470568329096,28.294022963728658,17110.624567737636,,,0.007978568900165621,,cf8c88c,48b505d4c412803fc0fc57102ab20b5eec33692319fbc0d5f4ec675f8fb0e159,audits/paper_extras/v4_runs/v1/sweep_seed707_exp.json,KHONG CO (che do lay mau v1)
707,exp,flat_pit0_cit0.50,8,50,433.7849078045717,955.3642548222019,0.4540518505010439,0,,0.0,,KHONG CO,KHONG CO,16138.435681735797,974.0102501255074,14804.320578866758,-49.69969019293785,28.16532450629269,17074.132363978955,,,0.008980466071010508,,cf8c88c,48b505d4c412803fc0fc57102ab20b5eec33692319fbc0d5f4ec675f8fb0e159,audits/paper_extras/v4_runs/v1/sweep_seed707_exp.json,KHONG CO (che do lay mau v1)
707,exp,flat_pit0_cit0.50,9,51,317.113876220236,864.4635717209455,0.3668331281894692,0,,0.0,,KHONG CO,KHONG CO,14965.303034581308,849.2661789658473,13729.070057564772,-47.40585833787918,36.14441649285296,16645.808893890186,,,0.008243857304512612,,cf8c88c,48b505d4c412803fc0fc57102ab20b5eec33692319fbc0d5f4ec675f8fb0e159,audits/paper_extras/v4_runs/v1/sweep_seed707_exp.json,KHONG CO (che do lay mau v1)
808,det,rl_learned,0,42,353.66683684326637,862.1306232452971,0.41022419028797164,0,51,0.0,9.196605699202109e-10,KHONG CO,KHONG CO,1795.4755270491034,165.40472720024218,1714.7999567667337,201.55843511223793,0.0,14740.47083943007,304.05102294029825,0.0,0.0029086382058716876,3.0670428688706295,cf8c88c,1dedb3aea6081413ec0ffc11035db17905f70e1e0de68a22288847aab831fbbd,audits/paper_extras/v4_runs/v1/sweep_seed808_det.json,audits/paper_extras/v4_runs/v2/bench2_seed808_det.json
808,det,rl_learned,1,43,405.677624411263,898.3126497802651,0.4515995900875883,0,52,0.0,0.0,KHONG CO,KHONG CO,1862.7414932083104,193.0543841435676,1783.0748468683405,201.10030987858767,0.0,14679.43500655888,392.18571404607053,0.0,0.002949487879074302,2.774731678780508,cf8c88c,1dedb3aea6081413ec0ffc11035db17905f70e1e0de68a22288847aab831fbbd,audits/paper_extras/v4_runs/v1/sweep_seed808_det.json,audits/paper_extras/v4_runs/v2/bench2_seed808_det.json
808,det,rl_learned,2,44,387.91189878760395,1018.5968716366845,0.38082965851279904,0,79,0.0,0.0,KHONG CO,KHONG CO,1987.6372973439618,201.94596856206093,1861.598032081505,213.20645436644554,0.0,15064.309165631466,50.469613826602426,0.0,0.003923723717684347,2.885322158804907,cf8c88c,1dedb3aea6081413ec0ffc11035db17905f70e1e0de68a22288847aab831fbbd,audits/paper_extras/v4_runs/v1/sweep_seed808_det.json,audits/paper_extras/v4_runs/v2/bench2_seed808_det.json
808,det,rl_learned,3,45,382.8363666304649,895.2884755899543,0.42761230270298434,0,49,0.0,0.0,KHONG CO,KHONG CO,1880.4312211448873,189.92861188432076,1837.538390616607,204.67202559113503,0.0,14624.464246728045,403.6851700934215,0.0,0.0028257174137924796,2.9557037056965023,cf8c88c,1dedb3aea6081413ec0ffc11035db17905f70e1e0de68a22288847aab831fbbd,audits/paper_extras/v4_runs/v1/sweep_seed808_det.json,audits/paper_extras/v4_runs/v2/bench2_seed808_det.json
808,det,rl_learned,4,46,355.8170704393702,824.0167991667275,0.43180802964112375,0,45,0.0,0.0,KHONG CO,KHONG CO,1934.2959372456703,213.625479725009,1898.285672110996,206.5207905471325,0.0,15029.942083240272,13.172871072274756,0.0,0.0026547547606639577,3.3106021200003073,cf8c88c,1dedb3aea6081413ec0ffc11035db17905f70e1e0de68a22288847aab831fbbd,audits/paper_extras/v4_runs/v1/sweep_seed808_det.json,audits/paper_extras/v4_runs/v2/bench2_seed808_det.json
808,det,rl_learned,5,47,412.3972524442727,867.3790095500834,0.47545219322080035,0,48,0.0,0.0,KHONG CO,KHONG CO,2011.4986737980296,250.4424382451916,1959.9214382090347,201.94241407513618,0.0,15089.134919942486,10.942339816567957,0.0,0.0027836298717049384,3.1258166407154864,cf8c88c,1dedb3aea6081413ec0ffc11035db17905f70e1e0de68a22288847aab831fbbd,audits/paper_extras/v4_runs/v1/sweep_seed808_det.json,audits/paper_extras/v4_runs/v2/bench2_seed808_det.json
808,det,rl_learned,6,48,422.5507199640971,868.3292765565831,0.48662498360040307,0,56,0.0,1.0036416142611415e-12,KHONG CO,KHONG CO,2019.945947516894,192.63634030433224,1900.1010795289078,199.26072791218758,0.0,15049.345569907084,63.87491047304125,0.0,0.00310899577185523,3.337519881928094,cf8c88c,1dedb3aea6081413ec0ffc11035db17905f70e1e0de68a22288847aab831fbbd,audits/paper_extras/v4_runs/v1/sweep_seed808_det.json,audits/paper_extras/v4_runs/v2/bench2_seed808_det.json
808,det,rl_learned,7,49,425.2859515009072,878.3112471513066,0.4842087049212558,0,53,0.0,1.4592758112996762e-09,KHONG CO,KHONG CO,1882.7064134029279,187.81784470538668,1819.7810686664002,195.88593095541003,0.0,14754.940362112626,299.9168963738814,0.0,0.002989940953507959,3.021802597973967,cf8c88c,1dedb3aea6081413ec0ffc11035db17905f70e1e0de68a22288847aab831fbbd,audits/paper_extras/v4_runs/v1/sweep_seed808_det.json,audits/paper_extras/v4_runs/v2/bench2_seed808_det.json
808,det,rl_learned,8,50,378.28134525489094,836.4875582268008,0.4522259076474222,0,45,0.0,0.0,KHONG CO,KHONG CO,1834.974741977812,212.74515834452654,1823.7902648191982,200.86137467622757,0.0,14659.936784566844,363.1314762600673,0.0,0.0026547547606639577,3.0918747875450565,cf8c88c,1dedb3aea6081413ec0ffc11035db17905f70e1e0de68a22288847aab831fbbd,audits/paper_extras/v4_runs/v1/sweep_seed808_det.json,audits/paper_extras/v4_runs/v2/bench2_seed808_det.json
808,det,rl_learned,9,51,398.6316131983544,829.9340880987091,0.48031719496132164,0,53,0.0,2.6423307986078726e-14,KHONG CO,KHONG CO,2003.085312481839,249.36923806680238,1909.9089474797922,201.235415071249,0.0,15029.691987619808,111.61820037779378,0.0,0.0029899409535079596,3.473880612138138,cf8c88c,1dedb3aea6081413ec0ffc11035db17905f70e1e0de68a22288847aab831fbbd,audits/paper_extras/v4_runs/v1/sweep_seed808_det.json,audits/paper_extras/v4_runs/v2/bench2_seed808_det.json
808,det,free_market+rl_aux,0,42,349.4387233348832,857.582148042172,0.4074696798815586,0,51,0.0,2.1831658481019645e-08,KHONG CO,KHONG CO,0.0,0.0,0.0,202.62469053268433,0.0,14741.267437676253,56.107871791057676,0.0,0.0029086382058716876,2.942981339613624,cf8c88c,1dedb3aea6081413ec0ffc11035db17905f70e1e0de68a22288847aab831fbbd,audits/paper_extras/v4_runs/v1/sweep_seed808_det.json,audits/paper_extras/v4_runs/v2/bench2_seed808_det.json
808,det,free_market+rl_aux,1,43,396.45655349434963,881.3365363313718,0.44983560439310644,0,47,0.0,1.782995973087509e-11,KHONG CO,KHONG CO,0.0,0.0,0.0,202.62469053268444,0.0,14749.942696468208,47.43261299909908,0.0,0.0027411128649022167,2.6580859006661592,cf8c88c,1dedb3aea6081413ec0ffc11035db17905f70e1e0de68a22288847aab831fbbd,audits/paper_extras/v4_runs/v1/sweep_seed808_det.json,audits/paper_extras/v4_runs/v2/bench2_seed808_det.json
808,det,free_market+rl_aux,2,44,368.80503653365594,975.8526070838833,0.37793108698632993,0,68,0.0,4.440892098500626e-16,KHONG CO,KHONG CO,0.0,0.0,0.0,202.62469053268433,0.0,14582.542702691915,214.83260677540272,0.0,0.0035538593931087443,2.7608818136548954,cf8c88c,1dedb3aea6081413ec0ffc11035db17905f70e1e0de68a22288847aab831fbbd,audits/paper_extras/v4_runs/v1/sweep_seed808_det.json,audits/paper_extras/v4_runs/v2/bench2_seed808_det.json
808,det,free_market+rl_aux,3,45,378.58763928077275,875.743767549783,0.4323041205762864,0,46,0.0,0.0,KHONG CO,KHONG CO,0.0,0.0,0.0,202.62469053268433,0.0,14618.220696928165,179.15461253914594,0.0,0.0026981575384417357,2.8303103256225133,cf8c88c,1dedb3aea6081413ec0ffc11035db17905f70e1e0de68a22288847aab831fbbd,audits/paper_extras/v4_runs/v1/sweep_seed808_det.json,audits/paper_extras/v4_runs/v2/bench2_seed808_det.json
808,det,free_market+rl_aux,4,46,349.7975656145888,803.6787631142882,0.43524550065141554,0,42,0.0,0.0,KHONG CO,KHONG CO,0.0,0.0,0.0,202.62469053268435,0.0,14542.20104735681,255.17426211050713,0.0,0.0025217660030228866,3.1548360179738184,cf8c88c,1dedb3aea6081413ec0ffc11035db17905f70e1e0de68a22288847aab831fbbd,audits/paper_extras/v4_runs/v1/sweep_seed808_det.json,audits/paper_extras/v4_runs/v2/bench2_seed808_det.json
808,det,free_market+rl_aux,5,47,433.89134429226783,897.7085388399921,0.4833320900043313,0,63,0.0,0.0,KHONG CO,KHONG CO,0.0,0.0,0.0,202.62469053268427,0.0,14588.418121694174,208.9571877731433,0.0,0.0033742349911427363,2.982909718175311,cf8c88c,1dedb3aea6081413ec0ffc11035db17905f70e1e0de68a22288847aab831fbbd,audits/paper_extras/v4_runs/v1/sweep_seed808_det.json,audits/paper_extras/v4_runs/v2/bench2_seed808_det.json
808,det,free_market+rl_aux,6,48,420.71712434484084,875.6180034361158,0.48048021248290373,0,62,0.0,4.056088798165547e-12,KHONG CO,KHONG CO,0.0,0.0,0.0,202.62469053268433,0.0,14582.606227163278,214.769082304035,0.0,0.003337361834800554,3.1389859209926434,cf8c88c,1dedb3aea6081413ec0ffc11035db17905f70e1e0de68a22288847aab831fbbd,audits/paper_extras/v4_runs/v1/sweep_seed808_det.json,audits/paper_extras/v4_runs/v2/bench2_seed808_det.json
808,det,free_market+rl_aux,7,49,445.20992196065237,897.6885734739803,0.4959514191405232,0,59,0.0,6.994405055138486e-14,KHONG CO,KHONG CO,0.0,0.0,0.0,202.62469053268433,0.0,14742.254367327672,55.12094213964497,0.0,0.003224743128431848,2.918724505174266,cf8c88c,1dedb3aea6081413ec0ffc11035db17905f70e1e0de68a22288847aab831fbbd,audits/paper_extras/v4_runs/v1/sweep_seed808_det.json,audits/paper_extras/v4_runs/v2/bench2_seed808_det.json
808,det,free_market+rl_aux,8,50,375.4960778350047,826.7944692002437,0.45415891351839976,0,42,0.0,0.0,KHONG CO,KHONG CO,0.0,0.0,0.0,202.62469053268433,0.0,14663.519483147615,133.85582631970072,0.0,0.0025217660030228866,2.9655838911106778,cf8c88c,1dedb3aea6081413ec0ffc11035db17905f70e1e0de68a22288847aab831fbbd,audits/paper_extras/v4_runs/v1/sweep_seed808_det.json,audits/paper_extras/v4_runs/v2/bench2_seed808_det.json
808,det,free_market+rl_aux,9,51,398.6418379914074,821.322538014651,0.4853657601495118,0,53,0.0,7.993605777301127e-15,KHONG CO,KHONG CO,0.0,0.0,0.0,202.62469053268433,0.0,14560.93093943325,236.44437003406608,0.0,0.0029899409535079596,3.300526152408553,cf8c88c,1dedb3aea6081413ec0ffc11035db17905f70e1e0de68a22288847aab831fbbd,audits/paper_extras/v4_runs/v1/sweep_seed808_det.json,audits/paper_extras/v4_runs/v2/bench2_seed808_det.json
808,det,rl_mean_fixed,0,42,353.01221890662237,873.6370676386373,0.40407193328092494,0,60,0.0,6.562102417007054e-09,KHONG CO,KHONG CO,2858.7418942364243,354.4091368370015,2456.350429488213,202.62469053268433,0.0,15230.809980393604,323.36593065893,0.0,0.0032626219163106357,3.1481990951853995,cf8c88c,1dedb3aea6081413ec0ffc11035db17905f70e1e0de68a22288847aab831fbbd,audits/paper_extras/v4_runs/v1/sweep_seed808_det.json,audits/paper_extras/v4_runs/v2/bench2_seed808_det.json
808,det,rl_mean_fixed,1,43,377.85779758570544,896.0995024215491,0.4216694647911444,0,48,0.0,0.0,KHONG CO,KHONG CO,2834.19219813108,404.7043818683134,2476.037663476166,202.6246905326842,0.0,15193.131325455883,367.10290053466775,0.0,0.002783629871704938,2.8247062553752156,cf8c88c,1dedb3aea6081413ec0ffc11035db17905f70e1e0de68a22288847aab831fbbd,audits/paper_extras/v4_runs/v1/sweep_seed808_det.json,audits/paper_extras/v4_runs/v2/bench2_seed808_det.json
808,det,rl_mean_fixed,2,44,384.24582026204587,1001.3345662509382,0.3837337022137238,0,74,0.0,0.0,KHONG CO,KHONG CO,2889.266562439349,387.0728956514338,2504.6911216886283,202.62469053268433,0.0,15510.644207497657,58.379438371814885,0.0,0.0037596613773966995,2.96089013265415,cf8c88c,1dedb3aea6081413ec0ffc11035db17905f70e1e0de68a22288847aab831fbbd,audits/paper_extras/v4_runs/v1/sweep_seed808_det.json,audits/paper_extras/v4_runs/v2/bench2_seed808_det.json
808,det,rl_mean_fixed,3,45,379.11332490722305,897.4242050307713,0.42244606595408674,0,48,0.0,0.0,KHONG CO,KHONG CO,2946.374316252385,371.47708370741344,2534.292778604715,202.62469053268433,0.0,15604.377223144578,0.0,23.443292322178216,0.002783629871704938,3.0391887845314867,cf8c88c,1dedb3aea6081413ec0ffc11035db17905f70e1e0de68a22288847aab831fbbd,audits/paper_extras/v4_runs/v1/sweep_seed808_det.json,audits/paper_extras/v4_runs/v2/bench2_seed808_det.json
808,det,rl_mean_fixed,4,46,368.11464865179994,847.3393542264947,0.4344359161599881,0,54,0.0,0.0,KHONG CO,KHONG CO,2823.7027910463253,368.65352290968764,2440.514335783811,202.62469053268433,0.0,15519.44260105181,29.774686587706686,0.0,0.003030005056072061,3.3803407543268063,cf8c88c,1dedb3aea6081413ec0ffc11035db17905f70e1e0de68a22288847aab831fbbd,audits/paper_extras/v4_runs/v1/sweep_seed808_det.json,audits/paper_extras/v4_runs/v2/bench2_seed808_det.json
808,det,rl_mean_fixed,5,47,428.8338057273084,893.1753877939135,0.4801227301913241,0,53,0.0,0.0,KHONG CO,KHONG CO,2889.609883390645,465.41216676555166,2564.7884482392024,202.62469053268433,0.0,15538.740789418203,48.86812196610742,0.0,0.002989940953507959,3.193119038766848,cf8c88c,1dedb3aea6081413ec0ffc11035db17905f70e1e0de68a22288847aab831fbbd,audits/paper_extras/v4_runs/v1/sweep_seed808_det.json,audits/paper_extras/v4_runs/v2/bench2_seed808_det.json
808,det,rl_mean_fixed,6,48,387.0813295376695,847.0739511239848,0.4569628531535531,0,48,0.0,0.0,KHONG CO,KHONG CO,2953.5441575946543,342.2202378694998,2519.3069223963857,202.62469053268433,0.0,15578.90487181295,0.0,5.0720892778779145,0.002783629871704938,3.408511275562143,cf8c88c,1dedb3aea6081413ec0ffc11035db17905f70e1e0de68a22288847aab831fbbd,audits/paper_extras/v4_runs/v1/sweep_seed808_det.json,audits/paper_extras/v4_runs/v2/bench2_seed808_det.json
808,det,rl_mean_fixed,7,49,440.18761612655544,880.0361817504856,0.5001926344107528,0,52,0.0,3.33288951992472e-13,KHONG CO,KHONG CO,2955.644282307321,363.8335278319302,2537.7007411516965,202.62469053268433,0.0,15228.615051913037,350.53732654183904,0.0,0.0029494878790743023,3.1364869485962172,cf8c88c,1dedb3aea6081413ec0ffc11035db17905f70e1e0de68a22288847aab831fbbd,audits/paper_extras/v4_runs/v1/sweep_seed808_det.json,audits/paper_extras/v4_runs/v2/bench2_seed808_det.json
808,det,rl_mean_fixed,8,50,395.81936690274006,844.8671253219306,0.4684989568648631,0,47,0.0,0.0,KHONG CO,KHONG CO,2876.976340398279,433.2171934224413,2530.659799960736,202.62469053268438,0.0,15160.222887194015,416.6861561332804,0.0,0.0027411128649022167,3.1894452023126023,cf8c88c,1dedb3aea6081413ec0ffc11035db17905f70e1e0de68a22288847aab831fbbd,audits/paper_extras/v4_runs/v1/sweep_seed808_det.json,audits/paper_extras/v4_runs/v2/bench2_seed808_det.json
808,det,rl_mean_fixed,9,51,394.0338917396807,834.4678526135305,0.4721978090654749,0,53,0.0,9.14823772291129e-13,KHONG CO,KHONG CO,2871.111738565295,381.5499965845082,2486.5828289753554,202.62469053268438,0.0,15547.890841764927,15.56337387684531,0.0,0.0029899409535079587,3.5855246115629495,cf8c88c,1dedb3aea6081413ec0ffc11035db17905f70e1e0de68a22288847aab831fbbd,audits/paper_extras/v4_runs/v1/sweep_seed808_det.json,audits/paper_extras/v4_runs/v2/bench2_seed808_det.json
808,det,flat_pit0.10_cit0,0,42,213.55822932015957,868.0701584588736,0.24601494157949133,0,56,0.6791666666666667,-0.277373849193619,KHONG CO,KHONG CO,6594.528667933211,38.02062505886386,5049.066547986362,202.62469053268433,0.0,16231.39370298301,149.46435149002363,0.0,0.00310899577185523,2.9223600389484092,cf8c88c,1dedb3aea6081413ec0ffc11035db17905f70e1e0de68a22288847aab831fbbd,audits/paper_extras/v4_runs/v1/sweep_seed808_det.json,audits/paper_extras/v4_runs/v2/bench2_seed808_det.json
808,det,flat_pit0.10_cit0,1,43,314.0953869235574,889.7671134832068,0.35300853691249123,0,47,0.7833333333333333,-0.631982443992463,KHONG CO,KHONG CO,6335.730251689997,37.42323873727636,4862.615749067555,202.62469053268433,0.0,15732.982762528696,574.9302882983238,0.0,0.0027411128649022167,2.632820210915076,cf8c88c,1dedb3aea6081413ec0ffc11035db17905f70e1e0de68a22288847aab831fbbd,audits/paper_extras/v4_runs/v1/sweep_seed808_det.json,audits/paper_extras/v4_runs/v2/bench2_seed808_det.json
808,det,flat_pit0.10_cit0,2,44,207.19411603538603,905.1322315378959,0.22891032803388933,0,57,0.8583333333333333,-0.6387293278062899,KHONG CO,KHONG CO,6405.498655932791,38.403098032337226,4915.125887355447,202.62469053268433,0.0,16182.283185592247,143.86799048474685,0.0,0.0031479365818240777,2.7228451154789095,cf8c88c,1dedb3aea6081413ec0ffc11035db17905f70e1e0de68a22288847aab831fbbd,audits/paper_extras/v4_runs/v1/sweep_seed808_det.json,audits/paper_extras/v4_runs/v2/bench2_seed808_det.json
808,det,flat_pit0.10_cit0,3,45,313.6333738638406,886.6606858170198,0.35372423620524107,0,52,0.9,-0.6359484754236919,KHONG CO,KHONG CO,7064.721538497787,41.82081317627062,5422.857645801875,202.62469053268433,0.0,16128.005558062734,353.0544572767454,0.0,0.002949487879074302,2.904403423326731,cf8c88c,1dedb3aea6081413ec0ffc11035db17905f70e1e0de68a22288847aab831fbbd,audits/paper_extras/v4_runs/v1/sweep_seed808_det.json,audits/paper_extras/v4_runs/v2/bench2_seed808_det.json
808,det,flat_pit0.10_cit0,4,46,342.1337609373797,832.8292641791159,0.4108090045017886,0,52,0.925,-0.830078430063499,KHONG CO,KHONG CO,7697.656369580089,63.526737448055094,5923.935568602079,202.62469053268435,0.0,16029.545790141063,605.0770577523186,0.0,0.0029494878790743023,3.2344709948163275,cf8c88c,1dedb3aea6081413ec0ffc11035db17905f70e1e0de68a22288847aab831fbbd,audits/paper_extras/v4_runs/v1/sweep_seed808_det.json,audits/paper_extras/v4_runs/v2/bench2_seed808_det.json
808,det,flat_pit0.10_cit0,5,47,306.0226543816361,872.2038907095633,0.35086137271490236,0,53,0.8208333333333333,-0.6344073499601977,KHONG CO,KHONG CO,7113.617485212696,47.29451030833269,5451.868347561486,202.62469053268433,0.0,16072.92463016263,433.4943272642137,0.0,0.0029899409535079587,2.950404080914273,cf8c88c,1dedb3aea6081413ec0ffc11035db17905f70e1e0de68a22288847aab831fbbd,audits/paper_extras/v4_runs/v1/sweep_seed808_det.json,audits/paper_extras/v4_runs/v2/bench2_seed808_det.json
808,det,flat_pit0.10_cit0,6,48,296.9388387667858,824.1923366027077,0.36027857282774245,0,47,0.8333333333333334,-0.6029076718428764,KHONG CO,KHONG CO,7423.5021720343975,56.3817762366474,5709.245102745043,202.62469053268433,0.0,16129.422844667139,438.5913103261796,0.0,0.0027411128649022167,3.2335736706020604,cf8c88c,1dedb3aea6081413ec0ffc11035db17905f70e1e0de68a22288847aab831fbbd,audits/paper_extras/v4_runs/v1/sweep_seed808_det.json,audits/paper_extras/v4_runs/v2/bench2_seed808_det.json
808,det,flat_pit0.10_cit0,7,49,334.27812293240083,869.6440713556866,0.38438498455039805,0,47,0.5958333333333333,-0.280803688637174,KHONG CO,KHONG CO,6667.642701041689,37.392193215118496,5116.439771281998,202.62469053268433,0.0,15781.046494486176,604.9239379559438,0.0,0.0027411128649022167,2.8624193972613883,cf8c88c,1dedb3aea6081413ec0ffc11035db17905f70e1e0de68a22288847aab831fbbd,audits/paper_extras/v4_runs/v1/sweep_seed808_det.json,audits/paper_extras/v4_runs/v2/bench2_seed808_det.json
808,det,flat_pit0.10_cit0,8,50,288.7083525270292,848.0538862625739,0.3404363298178903,0,49,0.8666666666666667,-0.6471665026720916,KHONG CO,KHONG CO,6929.972017137861,46.64346920510865,5321.233531600818,202.62469053268433,0.0,16178.828906931496,273.92835727796205,0.0,0.0028257174137924796,2.9929828093180273,cf8c88c,1dedb3aea6081413ec0ffc11035db17905f70e1e0de68a22288847aab831fbbd,audits/paper_extras/v4_runs/v1/sweep_seed808_det.json,audits/paper_extras/v4_runs/v2/bench2_seed808_det.json
808,det,flat_pit0.10_cit0,9,51,295.29788076407345,831.3312288321303,0.35521086003098123,0,57,0.7958333333333333,-0.570281501571293,KHONG CO,KHONG CO,7658.791830850435,66.87583521660623,5894.6513146795605,202.62469053268433,0.0,16106.274690022969,522.1169708318058,0.0,0.0031479365818240772,3.3230588062524062,cf8c88c,1dedb3aea6081413ec0ffc11035db17905f70e1e0de68a22288847aab831fbbd,audits/paper_extras/v4_runs/v1/sweep_seed808_det.json,audits/paper_extras/v4_runs/v2/bench2_seed808_det.json
808,det,flat_pit0.20_cit0,0,42,169.4483675050893,858.2381338101402,0.19743747199023287,0,47,0.9,-1.2902983861597448,KHONG CO,KHONG CO,13092.413489637336,85.01478191670274,10055.370675846058,202.62469053268433,0.0,17764.46585537399,154.96704980131554,0.0,0.0027411128649022167,2.9221765451636403,cf8c88c,1dedb3aea6081413ec0ffc11035db17905f70e1e0de68a22288847aab831fbbd,audits/paper_extras/v4_runs/v1/sweep_seed808_det.json,audits/paper_extras/v4_runs/v2/bench2_seed808_det.json
808,det,flat_pit0.20_cit0,1,43,252.00928553225845,910.5927939348544,0.27675299783921603,0,53,0.9375,-1.2704170860020187,KHONG CO,KHONG CO,13053.435881623816,71.98105039596491,9999.896099429707,202.62469053268433,0.0,17206.57438117137,716.3217608860225,0.0,0.0029899409535079587,2.64394484371622,cf8c88c,1dedb3aea6081413ec0ffc11035db17905f70e1e0de68a22288847aab831fbbd,audits/paper_extras/v4_runs/v1/sweep_seed808_det.json,audits/paper_extras/v4_runs/v2/bench2_seed808_det.json
808,det,flat_pit0.20_cit0,2,44,180.91082259940592,939.2109173297176,0.19262001671973294,0,48,0.9166666666666666,-1.2799331761648547,KHONG CO,KHONG CO,12552.464210886832,86.0160670645116,9627.060461868401,202.62469053268433,0.0,17686.07965479652,122.71547075373559,0.0,0.0027836298717049384,2.634908889188937,cf8c88c,1dedb3aea6081413ec0ffc11035db17905f70e1e0de68a22288847aab831fbbd,audits/paper_extras/v4_runs/v1/sweep_seed808_det.json,audits/paper_extras/v4_runs/v2/bench2_seed808_det.json
808,det,flat_pit0.20_cit0,3,45,185.04867910992755,918.4487710837674,0.20147958703409286,0,62,0.925,-1.5758946886992282,KHONG CO,KHONG CO,13485.38517970495,83.11193077437977,10336.36374776947,202.62469053268433,0.0,17675.87994061584,353.62873156134236,0.0,0.003337361834800554,2.80843342288597,cf8c88c,1dedb3aea6081413ec0ffc11035db17905f70e1e0de68a22288847aab831fbbd,audits/paper_extras/v4_runs/v1/sweep_seed808_det.json,audits/paper_extras/v4_runs/v2/bench2_seed808_det.json
808,det,flat_pit0.20_cit0,4,46,194.3169631045367,835.6579589971831,0.2325316967455482,0,56,0.9375,-2.08831119224718,KHONG CO,KHONG CO,15184.673567758107,129.39842115361242,11637.568007337954,202.62469053268433,0.0,18018.43070574252,455.44858529857146,0.0,0.00310899577185523,3.198796608666429,cf8c88c,1dedb3aea6081413ec0ffc11035db17905f70e1e0de68a22288847aab831fbbd,audits/paper_extras/v4_runs/v1/sweep_seed808_det.json,audits/paper_extras/v4_runs/v2/bench2_seed808_det.json
808,det,flat_pit0.20_cit0,5,47,191.237959326669,882.4354888086823,0.21671607925112657,0,52,0.9291666666666667,-1.883541554367649,KHONG CO,KHONG CO,13727.83957382971,97.90247656374972,10536.043595386707,202.62469053268433,0.0,17591.384309866597,495.6894546074626,0.0,0.0029494878790743023,2.8854520905075787,cf8c88c,1dedb3aea6081413ec0ffc11035db17905f70e1e0de68a22288847aab831fbbd,audits/paper_extras/v4_runs/v1/sweep_seed808_det.json,audits/paper_extras/v4_runs/v2/bench2_seed808_det.json
808,det,flat_pit0.20_cit0,6,48,186.01566673789617,829.7748444925473,0.22417607375366377,0,45,0.9083333333333333,-1.3080167984591804,KHONG CO,KHONG CO,13985.158852512346,102.73419970112171,10751.948842928081,202.62469053268433,0.0,17655.352122009717,477.9673967429895,0.0,0.0026547547606639577,3.109610057127855,cf8c88c,1dedb3aea6081413ec0ffc11035db17905f70e1e0de68a22288847aab831fbbd,audits/paper_extras/v4_runs/v1/sweep_seed808_det.json,audits/paper_extras/v4_runs/v2/bench2_seed808_det.json
808,det,flat_pit0.20_cit0,7,49,215.6666603300344,883.902717094146,0.2439936614733399,0,50,0.9083333333333333,-1.4885005702639431,KHONG CO,KHONG CO,12611.68757434548,77.57782338868546,9661.313829309356,202.6246905326843,0.0,17311.837875262205,513.4890026299116,0.0,0.0028673840804591465,2.7670431613094295,cf8c88c,1dedb3aea6081413ec0ffc11035db17905f70e1e0de68a22288847aab831fbbd,audits/paper_extras/v4_runs/v1/sweep_seed808_det.json,audits/paper_extras/v4_runs/v2/bench2_seed808_det.json
808,det,flat_pit0.20_cit0,8,50,174.11544296303006,844.1346027589141,0.2062650226562951,0,50,0.9375,-1.6903820419990632,KHONG CO,KHONG CO,13609.841043337368,91.84040924052037,10436.735870488355,202.62469053268433,0.0,17696.41215242067,365.908739136179,0.0,0.002867384080459147,2.9793829972180625,cf8c88c,1dedb3aea6081413ec0ffc11035db17905f70e1e0de68a22288847aab831fbbd,audits/paper_extras/v4_runs/v1/sweep_seed808_det.json,audits/paper_extras/v4_runs/v2/bench2_seed808_det.json
808,det,flat_pit0.20_cit0,9,51,176.3652250416133,802.3767500256598,0.21980350880801713,0,48,0.925,-2.090576228707396,KHONG CO,KHONG CO,14559.625259626053,137.57174831647913,11218.032976029755,202.62469053268433,0.0,17667.328253354986,609.2110880250848,0.0,0.002783629871704938,3.292518035779463,cf8c88c,1dedb3aea6081413ec0ffc11035db17905f70e1e0de68a22288847aab831fbbd,audits/paper_extras/v4_runs/v1/sweep_seed808_det.json,audits/paper_extras/v4_runs/v2/bench2_seed808_det.json
808,det,flat_pit0.30_cit0,0,42,140.58777362597633,859.8417776234678,0.16350423680801995,1,46,0.9291666666666667,-3.1178627474109257,KHONG CO,KHONG CO,18300.380407491204,142.65588731403832,14062.407077473259,202.62469053268433,0.0,18774.152276748304,403.3884199200952,0.0,0.0027043579352671325,2.7958160217831116,cf8c88c,1dedb3aea6081413ec0ffc11035db17905f70e1e0de68a22288847aab831fbbd,audits/paper_extras/v4_runs/v1/sweep_seed808_det.json,audits/paper_extras/v4_runs/v2/bench2_seed808_det.json
808,det,flat_pit0.30_cit0,1,43,157.98208247353654,934.4082298895958,0.16907180118929688,1,53,0.9416666666666667,-2.9677206544746033,KHONG CO,KHONG CO,19883.0781991017,129.91482176976857,15260.264873487768,202.62469053268433,3.2526215536508643,19202.802192874955,343.7563455899258,0.0,0.003426683864660147,2.6390770424798182,cf8c88c,1dedb3aea6081413ec0ffc11035db17905f70e1e0de68a22288847aab831fbbd,audits/paper_extras/v4_runs/v1/sweep_seed808_det.json,audits/paper_extras/v4_runs/v2/bench2_seed808_det.json
808,det,flat_pit0.30_cit0,2,44,179.86141737448455,990.6026937274833,0.18156766432533522,4,59,0.9208333333333333,-2.7094201762995045,KHONG CO,KHONG CO,20549.649507013008,143.56724490365747,15755.40828012719,202.62469053268433,12.267301023281087,19148.383893746955,575.7893165217296,0.0,0.0041777876433039506,2.6987630129506703,cf8c88c,1dedb3aea6081413ec0ffc11035db17905f70e1e0de68a22288847aab831fbbd,audits/paper_extras/v4_runs/v1/sweep_seed808_det.json,audits/paper_extras/v4_runs/v2/bench2_seed808_det.json
808,det,flat_pit0.30_cit0,3,45,199.0241174004254,922.2490679863973,0.21580300193196933,2,55,0.9291666666666667,-2.9848402285687143,KHONG CO,KHONG CO,21050.003553698698,132.04527592626965,16159.134208742966,202.62469053268433,2.289840504527092,19126.646889114774,691.4538974321014,0.0,0.0033370517619324574,2.826536173620541,cf8c88c,1dedb3aea6081413ec0ffc11035db17905f70e1e0de68a22288847aab831fbbd,audits/paper_extras/v4_runs/v1/sweep_seed808_det.json,audits/paper_extras/v4_runs/v2/bench2_seed808_det.json
808,det,flat_pit0.30_cit0,4,46,134.17308493905304,839.6936566253455,0.1597881368763494,2,53,0.9416666666666667,-3.5321702137562894,KHONG CO,KHONG CO,20426.026952966782,169.06462553211998,15698.832755576066,210.22311642766,7.798194535742485,19141.481200384653,536.5825962424966,0.0,0.0066277668377738306,3.041228387580461,cf8c88c,1dedb3aea6081413ec0ffc11035db17905f70e1e0de68a22288847aab831fbbd,audits/paper_extras/v4_runs/v1/sweep_seed808_det.json,audits/paper_extras/v4_runs/v2/bench2_seed808_det.json
808,det,flat_pit0.30_cit0,5,47,170.42160378854425,873.0221259810794,0.1952088025226496,4,55,0.9375,-2.8857295344128193,KHONG CO,KHONG CO,20692.973570150105,143.23811904400927,15876.163327877877,207.69030779600143,16.37866180199344,19129.873414511047,608.8141341445532,0.0,0.004449847448468383,2.9011445490472147,cf8c88c,1dedb3aea6081413ec0ffc11035db17905f70e1e0de68a22288847aab831fbbd,audits/paper_extras/v4_runs/v1/sweep_seed808_det.json,audits/paper_extras/v4_runs/v2/bench2_seed808_det.json
808,det,flat_pit0.30_cit0,6,48,143.99916218720185,861.8626664997894,0.16707901129075886,1,53,0.9333333333333333,-3.004868974520467,KHONG CO,KHONG CO,20560.12719502304,163.88422854729313,15772.476452653247,202.62469053268433,4.117413184092139,19688.732170054886,56.382853680008836,0.0,0.0033867005882691806,3.054895561549715,cf8c88c,1dedb3aea6081413ec0ffc11035db17905f70e1e0de68a22288847aab831fbbd,audits/paper_extras/v4_runs/v1/sweep_seed808_det.json,audits/paper_extras/v4_runs/v2/bench2_seed808_det.json
808,det,flat_pit0.30_cit0,7,49,153.34258154975575,889.6010432530903,0.1723723040937689,0,45,0.9166666666666666,-2.456970635798438,KHONG CO,KHONG CO,17816.277363724756,119.32988418033383,13674.262162605955,202.62469053268433,0.0,18798.29753130944,260.42286345701126,0.0,0.002654754760663958,2.6828511450644346,cf8c88c,1dedb3aea6081413ec0ffc11035db17905f70e1e0de68a22288847aab831fbbd,audits/paper_extras/v4_runs/v1/sweep_seed808_det.json,audits/paper_extras/v4_runs/v2/bench2_seed808_det.json
808,det,flat_pit0.30_cit0,8,50,150.5929102586949,896.4465754931723,0.16798871720364095,0,59,0.9416666666666667,-3.0059700799142055,KHONG CO,KHONG CO,20553.506172361987,141.00000065622774,15787.41944176863,202.62469053268433,0.0,19227.410364604602,477.05167611230877,0.0,0.003224743128431848,2.927952854855647,cf8c88c,1dedb3aea6081413ec0ffc11035db17905f70e1e0de68a22288847aab831fbbd,audits/paper_extras/v4_runs/v1/sweep_seed808_det.json,audits/paper_extras/v4_runs/v2/bench2_seed808_det.json
808,det,flat_pit0.30_cit0,9,51,155.97424220873995,821.6947189361257,0.1898201833531129,7,52,0.9375,-3.663316538416222,KHONG CO,KHONG CO,21163.569791196485,211.00212399975283,16310.595491936794,218.66581186652184,31.775052051943007,19190.51729696291,626.2916471840962,0.0,0.006163516020175896,3.1980198101831774,cf8c88c,1dedb3aea6081413ec0ffc11035db17905f70e1e0de68a22288847aab831fbbd,audits/paper_extras/v4_runs/v1/sweep_seed808_det.json,audits/paper_extras/v4_runs/v2/bench2_seed808_det.json
808,det,flat_pit0.50_cit0,0,42,107.12804691313852,679.4388900235069,0.15767134982431186,41,29,0.9458333333333333,-8.014978371369583,KHONG CO,KHONG CO,23941.554948236095,247.7507853125674,18461.48173280801,202.62469053268433,0.0,14360.332444792268,6128.489954846996,0.0,0.0023439006796143755,2.5746642485302003,cf8c88c,1dedb3aea6081413ec0ffc11035db17905f70e1e0de68a22288847aab831fbbd,audits/paper_extras/v4_runs/v1/sweep_seed808_det.json,audits/paper_extras/v4_runs/v2/bench2_seed808_det.json
808,det,flat_pit0.50_cit0,1,43,126.03428349136645,775.2316168732721,0.16257629429472742,43,45,0.95,-6.7787193575457945,KHONG CO,KHONG CO,25293.987902347213,183.7097288098046,19439.594817488305,202.62469053268433,0.0,20278.105739886472,515.1358032609551,0.0,0.0035166533127839977,2.5376114625397443,cf8c88c,1dedb3aea6081413ec0ffc11035db17905f70e1e0de68a22288847aab831fbbd,audits/paper_extras/v4_runs/v1/sweep_seed808_det.json,audits/paper_extras/v4_runs/v2/bench2_seed808_det.json
808,det,flat_pit0.50_cit0,2,44,150.39820372978986,859.1896987033048,0.17504656300788046,44,46,0.9416666666666667,-6.473907979324798,KHONG CO,KHONG CO,27617.829431697442,259.27616009799056,21252.404396773785,202.62469053268433,0.0,21266.851689474162,116.58495689067948,0.0,0.003614179027817057,2.5677674422517525,cf8c88c,1dedb3aea6081413ec0ffc11035db17905f70e1e0de68a22288847aab831fbbd,audits/paper_extras/v4_runs/v1/sweep_seed808_det.json,audits/paper_extras/v4_runs/v2/bench2_seed808_det.json
808,det,flat_pit0.50_cit0,3,45,136.62549414247366,794.1463348717523,0.1720407035115732,46,44,0.9416666666666667,-7.394329565206621,KHONG CO,KHONG CO,27310.851435473756,255.06148268904136,21036.043794763307,202.62469053268433,0.0,20689.759132757492,587.9791681462782,0.0,0.0033247463582894354,2.6774745442666434,cf8c88c,1dedb3aea6081413ec0ffc11035db17905f70e1e0de68a22288847aab831fbbd,audits/paper_extras/v4_runs/v1/sweep_seed808_det.json,audits/paper_extras/v4_runs/v2/bench2_seed808_det.json
808,det,flat_pit0.50_cit0,4,46,108.12734618528049,628.168437169696,0.17213113519753387,44,32,0.95,-8.59892932724819,KHONG CO,KHONG CO,23794.005521264422,363.61265429304115,18438.2584369986,202.62469053268433,2.0420279617611903,15728.900583762255,4753.163592500321,0.0,0.003173962101532805,2.6856813954534524,cf8c88c,1dedb3aea6081413ec0ffc11035db17905f70e1e0de68a22288847aab831fbbd,audits/paper_extras/v4_runs/v1/sweep_seed808_det.json,audits/paper_extras/v4_runs/v2/bench2_seed808_det.json
808,det,flat_pit0.50_cit0,5,47,123.32400937715082,716.5242992608568,0.17211420394865584,48,41,0.95,-7.356214246089799,KHONG CO,KHONG CO,26691.7790921038,284.73592394392176,20583.29633706414,202.62469053268433,0.0,20213.510175408388,934.5716716216124,0.0,0.0033617520623968806,2.7868353184539845,cf8c88c,1dedb3aea6081413ec0ffc11035db17905f70e1e0de68a22288847aab831fbbd,audits/paper_extras/v4_runs/v1/sweep_seed808_det.json,audits/paper_extras/v4_runs/v2/bench2_seed808_det.json
808,det,flat_pit0.50_cit0,6,48,116.08432826718312,714.4440863165026,0.1624820339205063,42,38,0.9416666666666667,-7.251119311685295,KHONG CO,KHONG CO,27840.581215893275,372.7211784244523,21525.149314940234,202.62469053268433,0.7708308276505719,18749.245405008453,2697.060167591075,0.0,0.00302848703174049,2.9088088083213943,cf8c88c,1dedb3aea6081413ec0ffc11035db17905f70e1e0de68a22288847aab831fbbd,audits/paper_extras/v4_runs/v1/sweep_seed808_det.json,audits/paper_extras/v4_runs/v2/bench2_seed808_det.json
808,det,flat_pit0.50_cit0,7,49,115.16185146405735,748.4369426409937,0.15386981174083703,42,31,0.9375,-6.44819732959648,KHONG CO,KHONG CO,25449.913078446963,226.12581010916753,19596.885453951792,202.62469053268433,0.0,15369.258178463493,5472.534612455735,0.0,0.0022162675065649506,2.501622423837697,cf8c88c,1dedb3aea6081413ec0ffc11035db17905f70e1e0de68a22288847aab831fbbd,audits/paper_extras/v4_runs/v1/sweep_seed808_det.json,audits/paper_extras/v4_runs/v2/bench2_seed808_det.json
808,det,flat_pit0.50_cit0,8,50,98.49350540927207,653.848100456674,0.15063667744921216,47,31,0.95,-7.28417222715185,KHONG CO,KHONG CO,23774.56497093785,280.7038778651639,18359.413278022465,202.62469053268433,0.0,15319.70954078272,5131.776870114246,0.0,0.002612013651591879,2.596024815091407,cf8c88c,1dedb3aea6081413ec0ffc11035db17905f70e1e0de68a22288847aab831fbbd,audits/paper_extras/v4_runs/v1/sweep_seed808_det.json,audits/paper_extras/v4_runs/v2/bench2_seed808_det.json
808,det,flat_pit0.50_cit0,9,51,107.29585027207854,597.5833591313653,0.17954959526992442,46,30,0.95,-8.712835371498851,KHONG CO,KHONG CO,24644.064604559688,404.8351326282487,19121.867009480673,202.62469053268433,0.0,14813.932666167853,5870.5072089058995,0.0,0.0028371691277391067,2.8947075409864516,cf8c88c,1dedb3aea6081413ec0ffc11035db17905f70e1e0de68a22288847aab831fbbd,audits/paper_extras/v4_runs/v1/sweep_seed808_det.json,audits/paper_extras/v4_runs/v2/bench2_seed808_det.json
808,det,flat_pit0_cit0.10,0,42,351.63362967949183,868.4988652563004,0.40487517456424327,0,55,0.0,6.197400148622023e-09,KHONG CO,KHONG CO,2372.073545641685,294.40441953694966,2038.4430929735609,202.62469053268433,0.0,15232.426999542615,192.98318212978467,0.0,0.0030696875957546012,3.1169584152604934,cf8c88c,1dedb3aea6081413ec0ffc11035db17905f70e1e0de68a22288847aab831fbbd,audits/paper_extras/v4_runs/v1/sweep_seed808_det.json,audits/paper_extras/v4_runs/v2/bench2_seed808_det.json
808,det,flat_pit0_cit0.10,1,43,376.8805341414366,895.406651135945,0.42090432728337723,0,48,0.0,0.0,KHONG CO,KHONG CO,2352.1167804673455,336.14111042150483,2055.090148094311,202.62469053268433,0.0,15194.065359162458,236.47769309939258,0.0,0.002783629871704938,2.7972726377215493,cf8c88c,1dedb3aea6081413ec0ffc11035db17905f70e1e0de68a22288847aab831fbbd,audits/paper_extras/v4_runs/v1/sweep_seed808_det.json,audits/paper_extras/v4_runs/v2/bench2_seed808_det.json
808,det,flat_pit0_cit0.10,2,44,374.7754335827284,998.2828247932026,0.3754200956631346,0,76,0.0,0.0,KHONG CO,KHONG CO,2361.5480208195204,310.6743269576501,2042.8248672221928,202.62469053268433,0.0,15062.695198642932,364.0775913793586,0.0,0.003826063493798816,2.904389379553272,cf8c88c,1dedb3aea6081413ec0ffc11035db17905f70e1e0de68a22288847aab831fbbd,audits/paper_extras/v4_runs/v1/sweep_seed808_det.json,audits/paper_extras/v4_runs/v2/bench2_seed808_det.json
808,det,flat_pit0_cit0.10,3,45,377.0466166234242,885.7553785159306,0.42567804358711314,0,46,0.0,0.0,KHONG CO,KHONG CO,2408.322237014724,307.5506827183053,2076.2314416134136,202.62469053268433,0.0,15113.722347235438,323.2944403514865,0.0,0.0026981575384417357,2.9895318109107603,cf8c88c,1dedb3aea6081413ec0ffc11035db17905f70e1e0de68a22288847aab831fbbd,audits/paper_extras/v4_runs/v1/sweep_seed808_det.json,audits/paper_extras/v4_runs/v2/bench2_seed808_det.json
808,det,flat_pit0_cit0.10,4,46,355.7413039205771,823.7361709332038,0.4318631577360027,0,45,0.0,0.0,KHONG CO,KHONG CO,2304.628598868572,306.5311759999045,1996.2120390574516,202.62469053268433,0.0,15027.888078937438,384.43496634090303,0.0,0.0026547547606639577,3.3193703827675147,cf8c88c,1dedb3aea6081413ec0ffc11035db17905f70e1e0de68a22288847aab831fbbd,audits/paper_extras/v4_runs/v1/sweep_seed808_det.json,audits/paper_extras/v4_runs/v2/bench2_seed808_det.json
808,det,flat_pit0_cit0.10,5,47,425.22494561571887,887.9598163746157,0.47887859087119256,0,52,0.0,0.0,KHONG CO,KHONG CO,2358.42566675599,385.51206880257763,2097.6593706128456,202.62469053268433,0.0,15055.600922884936,388.0527515280992,0.0,0.0029494878790743023,3.1383784870051334,cf8c88c,1dedb3aea6081413ec0ffc11035db17905f70e1e0de68a22288847aab831fbbd,audits/paper_extras/v4_runs/v1/sweep_seed808_det.json,audits/paper_extras/v4_runs/v2/bench2_seed808_det.json
808,det,flat_pit0_cit0.10,6,48,386.02481307587726,843.7054885334651,0.4575350265255099,0,48,0.0,0.0,KHONG CO,KHONG CO,2416.647364765552,284.38413927023726,2064.909814933241,202.62469053268433,0.0,15083.54491073732,349.9520878325472,0.0,0.002783629871704938,3.3477698615224507,cf8c88c,1dedb3aea6081413ec0ffc11035db17905f70e1e0de68a22288847aab831fbbd,audits/paper_extras/v4_runs/v1/sweep_seed808_det.json,audits/paper_extras/v4_runs/v2/bench2_seed808_det.json
808,det,flat_pit0_cit0.10,7,49,455.69353200467964,901.9084443054477,0.505254757156205,0,59,0.0,0.0,KHONG CO,KHONG CO,2450.4530873887884,304.6451611785214,2106.258314178931,202.62469053268433,0.0,15220.68225039103,225.53299346465977,0.0,0.003224743128431848,3.1016824477082556,cf8c88c,1dedb3aea6081413ec0ffc11035db17905f70e1e0de68a22288847aab831fbbd,audits/paper_extras/v4_runs/v1/sweep_seed808_det.json,audits/paper_extras/v4_runs/v2/bench2_seed808_det.json
808,det,flat_pit0_cit0.10,8,50,392.83702155548855,855.2731691082306,0.4593117564591541,0,48,0.0,0.0,KHONG CO,KHONG CO,2387.563433774136,373.93144193224873,2111.176883872861,202.62469053268433,0.0,15170.641306300757,277.05199500008,0.0,0.002783629871704938,3.142659295091548,cf8c88c,1dedb3aea6081413ec0ffc11035db17905f70e1e0de68a22288847aab831fbbd,audits/paper_extras/v4_runs/v1/sweep_seed808_det.json,audits/paper_extras/v4_runs/v2/bench2_seed808_det.json
808,det,flat_pit0_cit0.10,9,51,394.8720428954193,809.6040637945741,0.48773475894460516,0,47,0.0,1.305622276959184e-13,KHONG CO,KHONG CO,2343.639045696744,315.4313465123891,2032.8114123030687,202.62469053268433,0.0,15059.753070795026,363.88121857835966,0.0,0.0027411128649022167,3.509119804717913,cf8c88c,1dedb3aea6081413ec0ffc11035db17905f70e1e0de68a22288847aab831fbbd,audits/paper_extras/v4_runs/v1/sweep_seed808_det.json,audits/paper_extras/v4_runs/v2/bench2_seed808_det.json
808,det,flat_pit0_cit0.20,0,42,356.64651809445843,860.9019042506203,0.41427079709494263,0,50,0.0,4.8248588457866504e-08,KHONG CO,KHONG CO,5188.018451478216,631.8538475264594,4449.034943029562,202.62469053268433,0.0,15728.44437105437,439.7682943880522,0.0,0.0028673840804591465,3.3351970835585596,cf8c88c,1dedb3aea6081413ec0ffc11035db17905f70e1e0de68a22288847aab831fbbd,audits/paper_extras/v4_runs/v1/sweep_seed808_det.json,audits/paper_extras/v4_runs/v2/bench2_seed808_det.json
808,det,flat_pit0_cit0.20,1,43,390.63092329612203,913.5002151439857,0.42761995763137384,0,47,0.0,0.0,KHONG CO,KHONG CO,5203.306478697254,703.8689808720826,4515.970620273171,202.62469053268433,0.0,16166.89763939706,21.682509366430303,0.0,0.0027411128649022167,2.9834529033126502,cf8c88c,1dedb3aea6081413ec0ffc11035db17905f70e1e0de68a22288847aab831fbbd,audits/paper_extras/v4_runs/v1/sweep_seed808_det.json,audits/paper_extras/v4_runs/v2/bench2_seed808_det.json
808,det,flat_pit0_cit0.20,2,44,380.5161293183687,954.8829940453686,0.39849503205236636,0,73,0.0,0.0,KHONG CO,KHONG CO,5245.678943325358,698.5586339452555,4544.192132794117,202.62469053268433,0.0,16124.489808678038,72.93094526577725,0.0,0.003726059226859065,3.144518866026769,cf8c88c,1dedb3aea6081413ec0ffc11035db17905f70e1e0de68a22288847aab831fbbd,audits/paper_extras/v4_runs/v1/sweep_seed808_det.json,audits/paper_extras/v4_runs/v2/bench2_seed808_det.json
808,det,flat_pit0_cit0.20,3,45,398.51206868652133,922.8477652688057,0.4318286110498879,0,53,0.0,0.0,KHONG CO,KHONG CO,5340.489423340853,688.0643662993407,4608.805772856988,202.62469053268433,0.0,16110.116261378487,107.00706487203577,0.0,0.002989940953507959,3.2043942093359914,cf8c88c,1dedb3aea6081413ec0ffc11035db17905f70e1e0de68a22288847aab831fbbd,audits/paper_extras/v4_runs/v1/sweep_seed808_det.json,audits/paper_extras/v4_runs/v2/bench2_seed808_det.json
808,det,flat_pit0_cit0.20,4,46,370.1309787208567,853.7789639602195,0.43352084596230744,0,56,0.0,0.0,KHONG CO,KHONG CO,5117.752269297465,660.904602895985,4417.707089190833,202.62469053268433,0.0,16009.527667381388,148.79742508854739,0.0,0.00310899577185523,3.5700087273827448,cf8c88c,1dedb3aea6081413ec0ffc11035db17905f70e1e0de68a22288847aab831fbbd,audits/paper_extras/v4_runs/v1/sweep_seed808_det.json,audits/paper_extras/v4_runs/v2/bench2_seed808_det.json
808,det,flat_pit0_cit0.20,5,47,423.69462690027046,885.4390761476851,0.47851358530917276,0,49,0.0,0.0,KHONG CO,KHONG CO,5223.88034011836,805.5742736269964,4609.386262046868,202.62469053268433,0.0,16005.2961774144,212.14748375139172,0.0,0.0028257174137924796,3.360235976896398,cf8c88c,1dedb3aea6081413ec0ffc11035db17905f70e1e0de68a22288847aab831fbbd,audits/paper_extras/v4_runs/v1/sweep_seed808_det.json,audits/paper_extras/v4_runs/v2/bench2_seed808_det.json
808,det,flat_pit0_cit0.20,6,48,386.9332178002764,876.9515168411514,0.4412253247409166,0,58,0.0,0.0,KHONG CO,KHONG CO,5358.642430572691,639.2624466152413,4585.280063794856,202.62469053268433,0.0,16111.360834339392,98.63928852100923,0.0,0.003186516828737658,3.5731967414305013,cf8c88c,1dedb3aea6081413ec0ffc11035db17905f70e1e0de68a22288847aab831fbbd,audits/paper_extras/v4_runs/v1/sweep_seed808_det.json,audits/paper_extras/v4_runs/v2/bench2_seed808_det.json
808,det,flat_pit0_cit0.20,7,49,406.3645595391195,907.9628490821212,0.44755637298367656,0,54,0.0,2.652245090217775e-10,KHONG CO,KHONG CO,5420.279361944366,729.5266670161319,4687.378087131304,202.62469053268433,0.0,16222.477012955615,37.32623834088511,0.0,0.003030005056072062,3.255693615200849,cf8c88c,1dedb3aea6081413ec0ffc11035db17905f70e1e0de68a22288847aab831fbbd,audits/paper_extras/v4_runs/v1/sweep_seed808_det.json,audits/paper_extras/v4_runs/v2/bench2_seed808_det.json
808,det,flat_pit0_cit0.20,8,50,398.5946271944225,862.5261152844299,0.46212470571164144,0,51,0.0,0.0,KHONG CO,KHONG CO,5302.51655870461,790.0337239563403,4657.785691996512,202.62469053268438,0.0,16147.748394676997,84.39150545477459,0.0,0.0029086382058716876,3.3906248652106283,cf8c88c,1dedb3aea6081413ec0ffc11035db17905f70e1e0de68a22288847aab831fbbd,audits/paper_extras/v4_runs/v1/sweep_seed808_det.json,audits/paper_extras/v4_runs/v2/bench2_seed808_det.json
808,det,flat_pit0_cit0.20,9,51,401.22418076749545,858.3042515219432,0.4674614858962257,0,60,0.0,7.489564524121306e-12,KHONG CO,KHONG CO,5205.536398727854,694.1852995718446,4510.214491902625,202.62469053268433,0.0,16060.17304269412,126.70947317025882,0.0,0.0032626219163106357,3.779509359491674,cf8c88c,1dedb3aea6081413ec0ffc11035db17905f70e1e0de68a22288847aab831fbbd,audits/paper_extras/v4_runs/v1/sweep_seed808_det.json,audits/paper_extras/v4_runs/v2/bench2_seed808_det.json
808,det,flat_pit0_cit0.30,0,42,362.07258432982553,882.9473395180561,0.41007268284817255,0,53,0.0,0.0,KHONG CO,KHONG CO,8662.856398173117,1020.9524152368693,7402.886863600426,202.62469053268435,0.0,16714.712407709303,363.58485156757536,0.0,0.0029899409535079587,3.620560156884281,cf8c88c,1dedb3aea6081413ec0ffc11035db17905f70e1e0de68a22288847aab831fbbd,audits/paper_extras/v4_runs/v1/sweep_seed808_det.json,audits/paper_extras/v4_runs/v2/bench2_seed808_det.json
808,det,flat_pit0_cit0.30,1,43,377.79272110736787,928.2807330740841,0.40698110781236807,0,53,0.0,0.0,KHONG CO,KHONG CO,8575.330405980665,1180.063240611096,7457.76473342534,202.62469053268427,0.0,16669.235961543498,425.76826109023114,0.0,0.0029899409535079587,3.2021578926339695,cf8c88c,1dedb3aea6081413ec0ffc11035db17905f70e1e0de68a22288847aab831fbbd,audits/paper_extras/v4_runs/v1/sweep_seed808_det.json,audits/paper_extras/v4_runs/v2/bench2_seed808_det.json
808,det,flat_pit0_cit0.30,2,44,356.2377708396538,968.6110955950832,0.36778204633387246,0,69,0.0,0.0,KHONG CO,KHONG CO,8730.221733642129,1153.3487131998354,7543.373246463745,202.62469053268435,0.0,17061.353282388707,76.21922745681587,0.0,0.0035888733987109855,3.342364230642528,cf8c88c,1dedb3aea6081413ec0ffc11035db17905f70e1e0de68a22288847aab831fbbd,audits/paper_extras/v4_runs/v1/sweep_seed808_det.json,audits/paper_extras/v4_runs/v2/bench2_seed808_det.json
808,det,flat_pit0_cit0.30,3,45,369.3712828376726,945.4560068445727,0.3906805606645165,0,53,0.0,0.0,KHONG CO,KHONG CO,8887.105260656626,1081.3469840039286,7616.654894083258,202.62469053268433,0.0,17097.48288839832,51.689771646287966,0.0,0.002989940953507959,3.4371777319299213,cf8c88c,1dedb3aea6081413ec0ffc11035db17905f70e1e0de68a22288847aab831fbbd,audits/paper_extras/v4_runs/v1/sweep_seed808_det.json,audits/paper_extras/v4_runs/v2/bench2_seed808_det.json
808,det,flat_pit0_cit0.30,4,46,360.4786139051945,877.2824195754824,0.4109037248000824,0,59,0.0,0.0,KHONG CO,KHONG CO,8547.448792493537,1035.0662581514755,7318.927993007187,202.62469053268433,0.0,17015.150811464646,45.81155564048041,0.0,0.003224743128431848,3.8762215608957376,cf8c88c,1dedb3aea6081413ec0ffc11035db17905f70e1e0de68a22288847aab831fbbd,audits/paper_extras/v4_runs/v1/sweep_seed808_det.json,audits/paper_extras/v4_runs/v2/bench2_seed808_det.json
808,det,flat_pit0_cit0.30,5,47,456.16675729472894,944.0644598957499,0.48319450278331844,0,64,0.0,0.0,KHONG CO,KHONG CO,8757.652989148357,1387.7694938116488,7755.922400872898,202.62469053268433,0.0,16969.896511887786,216.97887966663333,0.0,0.003410784698745076,3.619810928531854,cf8c88c,1dedb3aea6081413ec0ffc11035db17905f70e1e0de68a22288847aab831fbbd,audits/paper_extras/v4_runs/v1/sweep_seed808_det.json,audits/paper_extras/v4_runs/v2/bench2_seed808_det.json
808,det,flat_pit0_cit0.30,6,48,397.1861280618709,896.6901226125817,0.442946920062681,0,61,0.0,0.0,KHONG CO,KHONG CO,8943.685753285894,1019.8883209889573,7596.63259755632,202.62469053268433,0.0,17038.57702669137,125.73975949447664,0.0,0.0033001594538481734,3.8664607755899953,cf8c88c,1dedb3aea6081413ec0ffc11035db17905f70e1e0de68a22288847aab831fbbd,audits/paper_extras/v4_runs/v1/sweep_seed808_det.json,audits/paper_extras/v4_runs/v2/bench2_seed808_det.json
808,det,flat_pit0_cit0.30,7,49,413.20912215865906,928.0562549114009,0.44524146027991274,0,58,0.0,0.0,KHONG CO,KHONG CO,9050.57409029497,1165.4125893868813,7808.910626428648,202.62469053268433,0.0,17208.825625776106,0.0,4.374263055589019,0.003186516828737658,3.5292022566156547,cf8c88c,1dedb3aea6081413ec0ffc11035db17905f70e1e0de68a22288847aab831fbbd,audits/paper_extras/v4_runs/v1/sweep_seed808_det.json,audits/paper_extras/v4_runs/v2/bench2_seed808_det.json
808,det,flat_pit0_cit0.30,8,50,371.81612490320606,863.5354621735319,0.43057423949601237,0,45,0.0,0.0,KHONG CO,KHONG CO,8827.216150941515,1176.1327297198236,7629.417716658509,202.62469053268433,0.0,17123.649466205927,47.65700726422378,0.0,0.002654754760663958,3.654832592083438,cf8c88c,1dedb3aea6081413ec0ffc11035db17905f70e1e0de68a22288847aab831fbbd,audits/paper_extras/v4_runs/v1/sweep_seed808_det.json,audits/paper_extras/v4_runs/v2/bench2_seed808_det.json
808,det,flat_pit0_cit0.30,9,51,358.26540034823137,853.8829911394027,0.41957200701488373,0,56,0.0,7.936828971821797e-10,KHONG CO,KHONG CO,8637.95335535961,967.8266045203153,7329.024469811588,202.62469053268433,0.0,17025.50640590446,48.62439363119651,0.0,0.00310899577185523,4.040162581487286,cf8c88c,1dedb3aea6081413ec0ffc11035db17905f70e1e0de68a22288847aab831fbbd,audits/paper_extras/v4_runs/v1/sweep_seed808_det.json,audits/paper_extras/v4_runs/v2/bench2_seed808_det.json
808,det,flat_pit0_cit0.50,0,42,311.1697101702981,938.9277917922188,0.3314096279718588,0,66,0.0,0.0,KHONG CO,KHONG CO,18498.2790314111,2052.2820588315717,15665.097645168711,202.62469053268435,0.0,19642.86117392257,39.97758061868418,0.0,0.003482936123032932,4.27694289494454,cf8c88c,1dedb3aea6081413ec0ffc11035db17905f70e1e0de68a22288847aab831fbbd,audits/paper_extras/v4_runs/v1/sweep_seed808_det.json,audits/paper_extras/v4_runs/v2/bench2_seed808_det.json
808,det,flat_pit0_cit0.50,1,43,357.6512220184404,1001.5083951494123,0.35711255517242413,0,60,0.0,0.0,KHONG CO,KHONG CO,18448.140497665056,2240.9175158581,15801.470025053446,202.62469053268433,0.0,19599.085058713663,85.87823922335788,0.0,0.0032626219163106357,3.772160725565286,cf8c88c,1dedb3aea6081413ec0ffc11035db17905f70e1e0de68a22288847aab831fbbd,audits/paper_extras/v4_runs/v1/sweep_seed808_det.json,audits/paper_extras/v4_runs/v2/bench2_seed808_det.json
808,det,flat_pit0_cit0.50,2,44,334.20024646691036,1026.3451446647618,0.3256216957854574,0,65,0.0,0.0,KHONG CO,KHONG CO,18580.054138024676,2370.3578758906797,16016.396061060528,202.62469053268444,0.0,19536.868317020642,194.5229453014919,0.0,0.0034470165828030465,3.9133125861613385,cf8c88c,1dedb3aea6081413ec0ffc11035db17905f70e1e0de68a22288847aab831fbbd,audits/paper_extras/v4_runs/v1/sweep_seed808_det.json,audits/paper_extras/v4_runs/v2/bench2_seed808_det.json
808,det,flat_pit0_cit0.50,3,45,338.8241224495725,959.211978074508,0.3532317466778484,0,57,0.0,0.0,KHONG CO,KHONG CO,18837.94997460684,2179.9978866543197,16043.63710116143,202.62469053268433,0.0,19595.511804095022,176.17426547202626,0.0,0.003147936581824078,4.102137772362079,cf8c88c,1dedb3aea6081413ec0ffc11035db17905f70e1e0de68a22288847aab831fbbd,audits/paper_extras/v4_runs/v1/sweep_seed808_det.json,audits/paper_extras/v4_runs/v2/bench2_seed808_det.json
808,det,flat_pit0_cit0.50,4,46,334.8794715291197,899.337987592032,0.3723621999174703,0,58,0.0,0.0,KHONG CO,KHONG CO,18192.141843587753,2089.552512659226,15489.169422278408,202.62469053268433,0.0,19493.76534590918,96.13489752667549,0.0,0.003186516828737658,4.611681350939613,cf8c88c,1dedb3aea6081413ec0ffc11035db17905f70e1e0de68a22288847aab831fbbd,audits/paper_extras/v4_runs/v1/sweep_seed808_det.json,audits/paper_extras/v4_runs/v2/bench2_seed808_det.json
808,det,flat_pit0_cit0.50,5,47,392.9535580090439,971.6824904522844,0.4044053092138541,0,63,0.0,0.0,KHONG CO,KHONG CO,18928.777813147557,2870.8259627452476,16665.425615374523,202.62469053268433,0.0,19859.64790078375,71.90556920183978,0.0,0.003374234991142737,4.359257446487393,cf8c88c,1dedb3aea6081413ec0ffc11035db17905f70e1e0de68a22288847aab831fbbd,audits/paper_extras/v4_runs/v1/sweep_seed808_det.json,audits/paper_extras/v4_runs/v2/bench2_seed808_det.json
808,det,flat_pit0_cit0.50,6,48,353.21523760411804,929.2336481228907,0.3801145581820402,0,61,0.0,0.0,KHONG CO,KHONG CO,18765.587402220353,1942.1277504873337,15780.90704515109,202.62469053268433,0.0,19446.10315367507,278.08026334884596,0.0,0.003300159453848173,4.485072488152885,cf8c88c,1dedb3aea6081413ec0ffc11035db17905f70e1e0de68a22288847aab831fbbd,audits/paper_extras/v4_runs/v1/sweep_seed808_det.json,audits/paper_extras/v4_runs/v2/bench2_seed808_det.json
808,det,flat_pit0_cit0.50,7,49,388.5255848193231,956.1880867089451,0.4063275732252317,0,58,0.0,0.0,KHONG CO,KHONG CO,19170.226880558304,2266.4175094471134,16388.063782245463,202.62469053268435,0.0,19626.255835399726,219.70008182754412,0.0,0.003186516828737658,4.16231339520191,cf8c88c,1dedb3aea6081413ec0ffc11035db17905f70e1e0de68a22288847aab831fbbd,audits/paper_extras/v4_runs/v1/sweep_seed808_det.json,audits/paper_extras/v4_runs/v2/bench2_seed808_det.json
808,det,flat_pit0_cit0.50,8,50,390.33944874269946,933.0480676920902,0.4183487027717774,0,61,0.0,0.0,KHONG CO,KHONG CO,18757.56203135257,2287.815267618557,16089.29803087369,202.62469053268433,0.0,19526.143160422525,227.31141714224438,0.0,0.0033001594538481734,4.433665807140054,cf8c88c,1dedb3aea6081413ec0ffc11035db17905f70e1e0de68a22288847aab831fbbd,audits/paper_extras/v4_runs/v1/sweep_seed808_det.json,audits/paper_extras/v4_runs/v2/bench2_seed808_det.json
808,det,flat_pit0_cit0.50,9,51,347.918182363899,883.0760409246618,0.3939843979909099,0,59,0.0,0.0,KHONG CO,KHONG CO,18330.358470854928,2052.730486157987,15569.720936797292,202.62469053268433,0.0,19423.523149538763,187.2201801441759,0.0,0.003224743128431848,4.831684528633678,cf8c88c,1dedb3aea6081413ec0ffc11035db17905f70e1e0de68a22288847aab831fbbd,audits/paper_extras/v4_runs/v1/sweep_seed808_det.json,audits/paper_extras/v4_runs/v2/bench2_seed808_det.json
808,exp,rl_learned,0,42,347.85730176574134,845.1799381173422,0.41157780263999344,0,,0.016666666666666666,,KHONG CO,KHONG CO,3206.4608370621904,275.9050058850507,3127.9319349147663,141.58964350819582,5.1615641640040915,15210.809620746024,,,0.005192856201440086,,e4dc8f0,1dedb3aea6081413ec0ffc11035db17905f70e1e0de68a22288847aab831fbbd,audits/paper_extras/v4_runs/v1/sweep_seed808_exp.json,KHONG CO (che do lay mau v1)
808,exp,rl_learned,1,43,378.9180222984169,909.3477029016673,0.41669212017506063,0,,0.03333333333333333,,KHONG CO,KHONG CO,3338.065494807721,321.932825847569,3412.8887991749953,165.03896261751652,10.60612711298485,14724.661216090837,,,0.0042028529864305735,,e4dc8f0,1dedb3aea6081413ec0ffc11035db17905f70e1e0de68a22288847aab831fbbd,audits/paper_extras/v4_runs/v1/sweep_seed808_exp.json,KHONG CO (che do lay mau v1)
808,exp,rl_learned,2,44,352.15085918100107,1005.5862543580525,0.35019458316463126,0,,0.0375,,KHONG CO,KHONG CO,2893.470737063955,324.1263959025935,2919.5933838127344,173.56089583039284,2.4193718135356903,15126.33394117712,,,0.004472655971676362,,e4dc8f0,1dedb3aea6081413ec0ffc11035db17905f70e1e0de68a22288847aab831fbbd,audits/paper_extras/v4_runs/v1/sweep_seed808_exp.json,KHONG CO (che do lay mau v1)
808,exp,rl_learned,3,45,436.9031435821469,907.3527066376718,0.4815141238748881,0,,0.029166666666666667,,KHONG CO,KHONG CO,3130.984775870008,183.48544227196982,3015.3607826949815,164.36925874650478,2.726150333881378,15111.418661174666,,,0.004250878778316268,,e4dc8f0,1dedb3aea6081413ec0ffc11035db17905f70e1e0de68a22288847aab831fbbd,audits/paper_extras/v4_runs/v1/sweep_seed808_exp.json,KHONG CO (che do lay mau v1)
808,exp,rl_learned,4,46,365.1574368407493,853.7000385445407,0.42773505956881563,0,,0.0125,,KHONG CO,KHONG CO,2775.0797402237436,287.32920198824394,2791.8452776802233,165.1530116647482,7.948886229040619,15112.35317242659,,,0.004366690756990883,,e4dc8f0,1dedb3aea6081413ec0ffc11035db17905f70e1e0de68a22288847aab831fbbd,audits/paper_extras/v4_runs/v1/sweep_seed808_exp.json,KHONG CO (che do lay mau v1)
808,exp,rl_learned,5,47,395.8224043679541,877.9403524504213,0.45085341306294135,0,,0.05416666666666667,,KHONG CO,KHONG CO,2833.692802889495,268.35630135158135,2824.321236131628,176.65264239907265,21.681692158500894,14692.317796856996,,,0.005750101081523793,,e4dc8f0,1dedb3aea6081413ec0ffc11035db17905f70e1e0de68a22288847aab831fbbd,audits/paper_extras/v4_runs/v1/sweep_seed808_exp.json,KHONG CO (che do lay mau v1)
808,exp,rl_learned,6,48,353.6296873111357,835.1033782107446,0.4234561810404922,0,,0.008333333333333333,,KHONG CO,KHONG CO,2467.9867177329324,156.72747873253323,2350.083628142645,168.03854544460773,0.0,15089.632089364528,,,0.0033108630892773228,,e4dc8f0,1dedb3aea6081413ec0ffc11035db17905f70e1e0de68a22288847aab831fbbd,audits/paper_extras/v4_runs/v1/sweep_seed808_exp.json,KHONG CO (che do lay mau v1)
808,exp,rl_learned,7,49,397.66872262657245,863.8122121688995,0.4603647841792923,0,,0.0,,KHONG CO,KHONG CO,2753.7436617865596,228.81093765776717,2724.1363438351773,144.39731705188754,0.0,14779.512674685899,,,0.0025217660030228866,,e4dc8f0,1dedb3aea6081413ec0ffc11035db17905f70e1e0de68a22288847aab831fbbd,audits/paper_extras/v4_runs/v1/sweep_seed808_exp.json,KHONG CO (che do lay mau v1)
808,exp,rl_learned,8,50,397.7292208577877,848.0129953026318,0.4690131201537182,0,,0.041666666666666664,,KHONG CO,KHONG CO,2478.8762756766378,222.6684989991551,2473.0900223765307,151.61152486503124,0.0,14672.924227824375,,,0.0027836298717049384,,e4dc8f0,1dedb3aea6081413ec0ffc11035db17905f70e1e0de68a22288847aab831fbbd,audits/paper_extras/v4_runs/v1/sweep_seed808_exp.json,KHONG CO (che do lay mau v1)
808,exp,rl_learned,9,51,361.71585436794396,810.5604077956569,0.4462540371934042,0,,0.0,,KHONG CO,KHONG CO,3087.9452481842022,328.82097818468094,3142.3595390726796,161.05250385403633,0.0,15107.347390668527,,,0.00282571741379248,,e4dc8f0,1dedb3aea6081413ec0ffc11035db17905f70e1e0de68a22288847aab831fbbd,audits/paper_extras/v4_runs/v1/sweep_seed808_exp.json,KHONG CO (che do lay mau v1)
808,exp,free_market+rl_aux,0,42,410.57280655599016,848.2085908865333,0.4840469796785085,0,,0.0,,KHONG CO,KHONG CO,0.0,0.0,0.0,163.22796195745468,18.308342861267057,14696.203982895455,,,0.005954216329495645,,e4dc8f0,1dedb3aea6081413ec0ffc11035db17905f70e1e0de68a22288847aab831fbbd,audits/paper_extras/v4_runs/v1/sweep_seed808_exp.json,KHONG CO (che do lay mau v1)
808,exp,free_market+rl_aux,1,43,324.5681329026283,931.3277073576039,0.348500458365514,0,,0.0,,KHONG CO,KHONG CO,0.0,0.0,0.0,165.22667169570926,4.616010033129694,14733.537742005476,,,0.004549572603833826,,e4dc8f0,1dedb3aea6081413ec0ffc11035db17905f70e1e0de68a22288847aab831fbbd,audits/paper_extras/v4_runs/v1/sweep_seed808_exp.json,KHONG CO (che do lay mau v1)
808,exp,free_market+rl_aux,2,44,362.5874864357456,980.8901061837508,0.3696514871033084,0,,0.0,,KHONG CO,KHONG CO,0.0,0.0,0.0,159.89677906036377,0.0,14666.655831416436,,,0.004525616203729112,,e4dc8f0,1dedb3aea6081413ec0ffc11035db17905f70e1e0de68a22288847aab831fbbd,audits/paper_extras/v4_runs/v1/sweep_seed808_exp.json,KHONG CO (che do lay mau v1)
808,exp,free_market+rl_aux,3,45,409.5618128574685,872.1022400892081,0.4696259154380501,0,,0.0,,KHONG CO,KHONG CO,0.0,0.0,0.0,159.89677906036377,2.4851340875029564,14662.257691384113,,,0.003842212163584483,,e4dc8f0,1dedb3aea6081413ec0ffc11035db17905f70e1e0de68a22288847aab831fbbd,audits/paper_extras/v4_runs/v1/sweep_seed808_exp.json,KHONG CO (che do lay mau v1)
808,exp,free_market+rl_aux,4,46,345.72516423890085,820.5987297418234,0.4213084321342696,0,,0.0,,KHONG CO,KHONG CO,0.0,0.0,0.0,159.89677906036377,8.318621747623418,14584.982105724477,,,0.004216492696713873,,e4dc8f0,1dedb3aea6081413ec0ffc11035db17905f70e1e0de68a22288847aab831fbbd,audits/paper_extras/v4_runs/v1/sweep_seed808_exp.json,KHONG CO (che do lay mau v1)
808,exp,free_market+rl_aux,5,47,408.9600966748749,864.2623731466566,0.47318975045264233,0,,0.0,,KHONG CO,KHONG CO,0.0,0.0,0.0,159.89677906036383,4.970268175005913,14612.412770077668,,,0.0035832931713682377,,e4dc8f0,1dedb3aea6081413ec0ffc11035db17905f70e1e0de68a22288847aab831fbbd,audits/paper_extras/v4_runs/v1/sweep_seed808_exp.json,KHONG CO (che do lay mau v1)
808,exp,free_market+rl_aux,6,48,391.97302843418714,815.5718264836864,0.4806112910056827,0,,0.0,,KHONG CO,KHONG CO,0.0,0.0,0.0,159.89677906036377,5.39647622964312,14633.002793832835,,,0.0035562206387927944,,e4dc8f0,1dedb3aea6081413ec0ffc11035db17905f70e1e0de68a22288847aab831fbbd,audits/paper_extras/v4_runs/v1/sweep_seed808_exp.json,KHONG CO (che do lay mau v1)
808,exp,free_market+rl_aux,7,49,431.62226640921284,891.3236490303549,0.48424864175741567,0,,0.0,,KHONG CO,KHONG CO,0.0,0.0,0.0,159.89677906036377,5.386311863097745,14711.825281483849,,,0.004565463579764324,,e4dc8f0,1dedb3aea6081413ec0ffc11035db17905f70e1e0de68a22288847aab831fbbd,audits/paper_extras/v4_runs/v1/sweep_seed808_exp.json,KHONG CO (che do lay mau v1)
808,exp,free_market+rl_aux,8,50,360.78214041874156,834.255209425325,0.43246015888503186,0,,0.0,,KHONG CO,KHONG CO,0.0,0.0,0.0,159.89677906036377,0.0,14675.124224346217,,,0.003256989468573008,,e4dc8f0,1dedb3aea6081413ec0ffc11035db17905f70e1e0de68a22288847aab831fbbd,audits/paper_extras/v4_runs/v1/sweep_seed808_exp.json,KHONG CO (che do lay mau v1)
808,exp,free_market+rl_aux,9,51,376.7565819902426,782.9695601988789,0.48118930944715677,0,,0.0,,KHONG CO,KHONG CO,0.0,0.0,0.0,162.5617253780365,7.137246173623527,14676.196473676202,,,0.004290452747453428,,e4dc8f0,1dedb3aea6081413ec0ffc11035db17905f70e1e0de68a22288847aab831fbbd,audits/paper_extras/v4_runs/v1/sweep_seed808_exp.json,KHONG CO (che do lay mau v1)
808,exp,rl_mean_fixed,0,42,371.2753122075187,855.8300160359006,0.43381898887727766,0,,0.0,,KHONG CO,KHONG CO,3567.4652728248598,438.6186454519995,2988.228075690456,159.89677906036377,4.970268175005913,15685.581954199382,,,0.003600219394111839,,e4dc8f0,1dedb3aea6081413ec0ffc11035db17905f70e1e0de68a22288847aab831fbbd,audits/paper_extras/v4_runs/v1/sweep_seed808_exp.json,KHONG CO (che do lay mau v1)
808,exp,rl_mean_fixed,1,43,377.3746840958899,902.8208385540155,0.41799509712281824,0,,0.32916666666666666,,KHONG CO,KHONG CO,3442.290287817906,410.034986125071,2873.5832550052023,159.89677906036377,0.0,15577.371705612055,,,0.0026547547606639577,,e4dc8f0,1dedb3aea6081413ec0ffc11035db17905f70e1e0de68a22288847aab831fbbd,audits/paper_extras/v4_runs/v1/sweep_seed808_exp.json,KHONG CO (che do lay mau v1)
808,exp,rl_mean_fixed,2,44,358.3802374984321,917.2422708182755,0.3907149167675402,0,,0.3125,,KHONG CO,KHONG CO,3541.7567605089625,370.4705128501023,2918.106480316993,159.89677906036377,0.0,15626.513709404066,,,0.0036934527325456026,,e4dc8f0,1dedb3aea6081413ec0ffc11035db17905f70e1e0de68a22288847aab831fbbd,audits/paper_extras/v4_runs/v1/sweep_seed808_exp.json,KHONG CO (che do lay mau v1)
808,exp,rl_mean_fixed,3,45,433.3098410206749,908.2381196452029,0.4770883666388551,0,,0.375,,KHONG CO,KHONG CO,3616.7782570643085,465.40068509509393,3045.022120731345,159.89677906036377,3.4054426597531102,15592.204413185751,,,0.003995465404443802,,e4dc8f0,1dedb3aea6081413ec0ffc11035db17905f70e1e0de68a22288847aab831fbbd,audits/paper_extras/v4_runs/v1/sweep_seed808_exp.json,KHONG CO (che do lay mau v1)
808,exp,rl_mean_fixed,4,46,401.3150278941984,837.8707974571464,0.47897006210521853,0,,0.4041666666666667,,KHONG CO,KHONG CO,3529.7495198780216,364.51297817457913,2904.8517287932973,159.89677906036377,0.0,15526.202696022034,,,0.003554240649747789,,e4dc8f0,1dedb3aea6081413ec0ffc11035db17905f70e1e0de68a22288847aab831fbbd,audits/paper_extras/v4_runs/v1/sweep_seed808_exp.json,KHONG CO (che do lay mau v1)
808,exp,rl_mean_fixed,5,47,360.2873064094679,862.106676725589,0.417914993742878,0,,0.3125,,KHONG CO,KHONG CO,3528.9764425135236,304.2452870795818,2859.3655150997333,159.89677906036377,4.970268175005913,15573.771526826216,,,0.0035689737634012975,,e4dc8f0,1dedb3aea6081413ec0ffc11035db17905f70e1e0de68a22288847aab831fbbd,audits/paper_extras/v4_runs/v1/sweep_seed808_exp.json,KHONG CO (che do lay mau v1)
808,exp,rl_mean_fixed,6,48,389.3244368725599,856.658774887737,0.45446850984930365,0,,0.21666666666666667,,KHONG CO,KHONG CO,3678.978391887035,338.6427687359077,2996.8412795492213,159.89677906036377,0.0,15628.952475608,,,0.0030696875957546012,,e4dc8f0,1dedb3aea6081413ec0ffc11035db17905f70e1e0de68a22288847aab831fbbd,audits/paper_extras/v4_runs/v1/sweep_seed808_exp.json,KHONG CO (che do lay mau v1)
808,exp,rl_mean_fixed,7,49,408.7566046135118,892.2476301696914,0.45812013480581926,0,,0.0,,KHONG CO,KHONG CO,3620.529037263882,381.47753315906965,2985.245952355276,159.89677906036377,0.0,15614.673741128656,,,0.0028673840804591465,,e4dc8f0,1dedb3aea6081413ec0ffc11035db17905f70e1e0de68a22288847aab831fbbd,audits/paper_extras/v4_runs/v1/sweep_seed808_exp.json,KHONG CO (che do lay mau v1)
808,exp,rl_mean_fixed,8,50,417.45175985336283,899.89885741141,0.46388742069767397,0,,0.3,,KHONG CO,KHONG CO,3544.481313442353,419.647608731037,2956.968302979288,159.89677906036377,0.0,15621.907184661975,,,0.003779431413907262,,e4dc8f0,1dedb3aea6081413ec0ffc11035db17905f70e1e0de68a22288847aab831fbbd,audits/paper_extras/v4_runs/v1/sweep_seed808_exp.json,KHONG CO (che do lay mau v1)
808,exp,rl_mean_fixed,9,51,323.2657756617663,815.6666990787754,0.39632091885921894,0,,0.3,,KHONG CO,KHONG CO,3450.874357299471,333.9113807882004,2823.200677767931,159.89677906036377,5.7022786194764485,15682.5388404313,,,0.003453361026910298,,e4dc8f0,1dedb3aea6081413ec0ffc11035db17905f70e1e0de68a22288847aab831fbbd,audits/paper_extras/v4_runs/v1/sweep_seed808_exp.json,KHONG CO (che do lay mau v1)
808,exp,flat_pit0.10_cit0,0,42,239.0859299592642,857.1819603760131,0.27892086046046316,0,,0.7875,,KHONG CO,KHONG CO,6226.9508631135095,116.84368961186932,4715.779486575662,159.89677906036383,0.0,16276.491696916131,,,0.0036064202272440213,,e4dc8f0,1dedb3aea6081413ec0ffc11035db17905f70e1e0de68a22288847aab831fbbd,audits/paper_extras/v4_runs/v1/sweep_seed808_exp.json,KHONG CO (che do lay mau v1)
808,exp,flat_pit0.10_cit0,1,43,237.47119079987897,922.6829104737275,0.25737031444307945,0,,0.7916666666666666,,KHONG CO,KHONG CO,5896.811217864775,113.50311404748652,4473.841342057731,159.89677906036377,0.0,16177.018186798097,,,0.002908638205871688,,e4dc8f0,1dedb3aea6081413ec0ffc11035db17905f70e1e0de68a22288847aab831fbbd,audits/paper_extras/v4_runs/v1/sweep_seed808_exp.json,KHONG CO (che do lay mau v1)
808,exp,flat_pit0.10_cit0,2,44,279.0867519581724,972.750143351939,0.2869048684963281,0,,0.7875,,KHONG CO,KHONG CO,6530.897201741798,111.60040558920453,4931.301395427505,159.89677906036377,4.970268175005913,16179.29792389003,,,0.00453414626632172,,e4dc8f0,1dedb3aea6081413ec0ffc11035db17905f70e1e0de68a22288847aab831fbbd,audits/paper_extras/v4_runs/v1/sweep_seed808_exp.json,KHONG CO (che do lay mau v1)
808,exp,flat_pit0.10_cit0,3,45,345.7996097473599,901.4856455649046,0.3835885922849819,0,,0.9,,KHONG CO,KHONG CO,7142.008863303541,154.67655729490755,5433.3575245131615,159.89677906036377,0.0,16043.97511345697,,,0.003745204005920135,,e4dc8f0,1dedb3aea6081413ec0ffc11035db17905f70e1e0de68a22288847aab831fbbd,audits/paper_extras/v4_runs/v1/sweep_seed808_exp.json,KHONG CO (che do lay mau v1)
808,exp,flat_pit0.10_cit0,4,46,249.91805111387953,797.6633567834044,0.31331268885370356,3,,0.8583333333333333,,KHONG CO,KHONG CO,6598.671587561909,160.22722773878635,5033.740410103465,169.8903277516365,10.327125023984387,16153.850202588676,,,0.00551810831236839,,e4dc8f0,1dedb3aea6081413ec0ffc11035db17905f70e1e0de68a22288847aab831fbbd,audits/paper_extras/v4_runs/v1/sweep_seed808_exp.json,KHONG CO (che do lay mau v1)
808,exp,flat_pit0.10_cit0,5,47,273.73356403711455,867.429743228947,0.31556857045062847,0,,0.8041666666666667,,KHONG CO,KHONG CO,6585.967231502511,123.54641431732536,4995.785636057002,159.89677906036377,2.4851340875029564,16148.758351652601,,,0.0033579846111004463,,e4dc8f0,1dedb3aea6081413ec0ffc11035db17905f70e1e0de68a22288847aab831fbbd,audits/paper_extras/v4_runs/v1/sweep_seed808_exp.json,KHONG CO (che do lay mau v1)
808,exp,flat_pit0.10_cit0,6,48,263.60853634541047,843.6478636744993,0.3124627557251983,0,,0.8875,,KHONG CO,KHONG CO,6689.506447708406,133.84505855968735,5081.0142814613755,159.89677906036377,0.0,16179.293083442773,,,0.0028673840804591465,,e4dc8f0,1dedb3aea6081413ec0ffc11035db17905f70e1e0de68a22288847aab831fbbd,audits/paper_extras/v4_runs/v1/sweep_seed808_exp.json,KHONG CO (che do lay mau v1)
808,exp,flat_pit0.10_cit0,7,49,367.34841217977703,864.1261418598273,0.42510970839181694,0,,0.7833333333333333,,KHONG CO,KHONG CO,6772.475202269951,148.76565820723474,5151.529310164233,159.89677906036377,2.4851340875029564,16182.358198965989,,,0.003208799939732149,,e4dc8f0,1dedb3aea6081413ec0ffc11035db17905f70e1e0de68a22288847aab831fbbd,audits/paper_extras/v4_runs/v1/sweep_seed808_exp.json,KHONG CO (che do lay mau v1)
808,exp,flat_pit0.10_cit0,8,50,268.20822008733705,848.1258419127732,0.3162363494106589,0,,0.7583333333333333,,KHONG CO,KHONG CO,6419.364811767421,119.66373652195958,4869.14048071715,159.89677906036377,30.100577463148234,16200.713863663397,,,0.0046955838386148665,,e4dc8f0,1dedb3aea6081413ec0ffc11035db17905f70e1e0de68a22288847aab831fbbd,audits/paper_extras/v4_runs/v1/sweep_seed808_exp.json,KHONG CO (che do lay mau v1)
808,exp,flat_pit0.10_cit0,9,51,241.1716593872335,808.9577749675428,0.2981263878660537,0,,0.7708333333333334,,KHONG CO,KHONG CO,6920.838192123874,159.9783634949022,5273.4306959212645,159.89677906036377,5.985071854894689,16137.682513566579,,,0.0037659225756817294,,e4dc8f0,1dedb3aea6081413ec0ffc11035db17905f70e1e0de68a22288847aab831fbbd,audits/paper_extras/v4_runs/v1/sweep_seed808_exp.json,KHONG CO (che do lay mau v1)
808,exp,flat_pit0.20_cit0,0,42,164.19509230544725,851.6297784393042,0.19280102277112832,0,,0.8958333333333334,,KHONG CO,KHONG CO,12335.047352359183,251.5036772223651,9371.850813599402,162.5617253780365,10.960114121955911,17772.23419183715,,,0.004499951362922755,,e4dc8f0,1dedb3aea6081413ec0ffc11035db17905f70e1e0de68a22288847aab831fbbd,audits/paper_extras/v4_runs/v1/sweep_seed808_exp.json,KHONG CO (che do lay mau v1)
808,exp,flat_pit0.20_cit0,1,43,248.67544575724207,888.6849337605777,0.2798240819780098,0,,0.9166666666666666,,KHONG CO,KHONG CO,12022.07524076578,243.45277973580912,9131.60554799274,159.89677906036377,9.295949625481036,17254.107116827603,,,0.004484320886058042,,e4dc8f0,1dedb3aea6081413ec0ffc11035db17905f70e1e0de68a22288847aab831fbbd,audits/paper_extras/v4_runs/v1/sweep_seed808_exp.json,KHONG CO (che do lay mau v1)
808,exp,flat_pit0.20_cit0,2,44,201.68688002843638,936.7353226641735,0.2153082894908006,1,,0.9125,,KHONG CO,KHONG CO,12986.175466662036,278.90503707620144,9850.573281493716,165.22667169570923,31.641886542509084,17653.81368224599,,,0.007450090048383018,,e4dc8f0,1dedb3aea6081413ec0ffc11035db17905f70e1e0de68a22288847aab831fbbd,audits/paper_extras/v4_runs/v1/sweep_seed808_exp.json,KHONG CO (che do lay mau v1)
808,exp,flat_pit0.20_cit0,3,45,233.6138188987409,907.6335381275359,0.2573878212793793,0,,0.925,,KHONG CO,KHONG CO,13366.519246674867,297.0675931778628,10172.81848313299,165.22667169570923,13.129508646297758,17628.2409159266,,,0.00511000859396449,,e4dc8f0,1dedb3aea6081413ec0ffc11035db17905f70e1e0de68a22288847aab831fbbd,audits/paper_extras/v4_runs/v1/sweep_seed808_exp.json,KHONG CO (che do lay mau v1)
808,exp,flat_pit0.20_cit0,4,46,200.62379464000978,838.1989046141879,0.23935105800735246,0,,0.9333333333333333,,KHONG CO,KHONG CO,13439.816110982349,307.94852098198544,10215.09735745619,159.89677906036377,22.153690772207476,17677.465917157864,,,0.005375377311823933,,e4dc8f0,1dedb3aea6081413ec0ffc11035db17905f70e1e0de68a22288847aab831fbbd,audits/paper_extras/v4_runs/v1/sweep_seed808_exp.json,KHONG CO (che do lay mau v1)
808,exp,flat_pit0.20_cit0,5,47,212.24357718276912,877.7687892603105,0.24179895637622895,1,,0.9291666666666667,,KHONG CO,KHONG CO,13247.758114916838,282.3460345888938,10074.338012434631,159.89677906036374,14.529551139935137,17671.497208637447,,,0.004323795542041803,,e4dc8f0,1dedb3aea6081413ec0ffc11035db17905f70e1e0de68a22288847aab831fbbd,audits/paper_extras/v4_runs/v1/sweep_seed808_exp.json,KHONG CO (che do lay mau v1)
808,exp,flat_pit0.20_cit0,6,48,191.30121844677322,869.8549738261906,0.21992311845422396,1,,0.925,,KHONG CO,KHONG CO,14356.645168853864,282.3268599730118,10899.95963884089,175.22022038698196,24.107015312141865,18146.133564617587,,,0.00777378412965867,,e4dc8f0,1dedb3aea6081413ec0ffc11035db17905f70e1e0de68a22288847aab831fbbd,audits/paper_extras/v4_runs/v1/sweep_seed808_exp.json,KHONG CO (che do lay mau v1)
808,exp,flat_pit0.20_cit0,7,49,207.11551441251638,877.3315587691718,0.23607439210676906,1,,0.9083333333333333,,KHONG CO,KHONG CO,13016.700535367172,245.85176800469296,9875.007639484118,159.89677906036377,17.385547165106097,17712.533765244985,,,0.005143876660855177,,e4dc8f0,1dedb3aea6081413ec0ffc11035db17905f70e1e0de68a22288847aab831fbbd,audits/paper_extras/v4_runs/v1/sweep_seed808_exp.json,KHONG CO (che do lay mau v1)
808,exp,flat_pit0.20_cit0,8,50,201.6852235425626,857.495911010566,0.23520254843533295,1,,0.9375,,KHONG CO,KHONG CO,13193.952620272448,285.8887915701097,10008.71707923876,159.89677906036377,2.4851340875029564,17663.203256412056,,,0.004310648912315587,,e4dc8f0,1dedb3aea6081413ec0ffc11035db17905f70e1e0de68a22288847aab831fbbd,audits/paper_extras/v4_runs/v1/sweep_seed808_exp.json,KHONG CO (che do lay mau v1)
808,exp,flat_pit0.20_cit0,9,51,187.13614023717423,814.6771718250294,0.22970588437866035,1,,0.9333333333333333,,KHONG CO,KHONG CO,13225.742897126238,287.0043332477804,10028.780718008255,163.89419853687286,25.75693761206712,17706.117176846245,,,0.006398681342609954,,e4dc8f0,1dedb3aea6081413ec0ffc11035db17905f70e1e0de68a22288847aab831fbbd,audits/paper_extras/v4_runs/v1/sweep_seed808_exp.json,KHONG CO (che do lay mau v1)
808,exp,flat_pit0.30_cit0,0,42,141.05274856797809,860.8964334207793,0.16384403871613662,10,,0.9458333333333333,,KHONG CO,KHONG CO,19140.97998412235,434.34344985608817,14550.762901081887,215.8606517314911,66.64655975830868,19659.84785287064,,,0.011701263148311582,,e4dc8f0,1dedb3aea6081413ec0ffc11035db17905f70e1e0de68a22288847aab831fbbd,audits/paper_extras/v4_runs/v1/sweep_seed808_exp.json,KHONG CO (che do lay mau v1)
808,exp,flat_pit0.30_cit0,1,43,158.40640967576576,921.2154585972374,0.17195370333556492,10,,0.9375,,KHONG CO,KHONG CO,18857.823559607536,371.58958962725734,14316.847220858834,195.20731776952744,46.542395051919776,19191.643900305284,,,0.009187982983360503,,e4dc8f0,1dedb3aea6081413ec0ffc11035db17905f70e1e0de68a22288847aab831fbbd,audits/paper_extras/v4_runs/v1/sweep_seed808_exp.json,KHONG CO (che do lay mau v1)
808,exp,flat_pit0.30_cit0,2,44,171.99619834323804,932.2480737205459,0.1844961691975523,17,,0.9208333333333333,,KHONG CO,KHONG CO,18824.296215509185,425.85263478453373,14262.069784141253,239.84516859054565,86.5251134775641,19628.96945163179,,,0.014427334603149284,,e4dc8f0,1dedb3aea6081413ec0ffc11035db17905f70e1e0de68a22288847aab831fbbd,audits/paper_extras/v4_runs/v1/sweep_seed808_exp.json,KHONG CO (che do lay mau v1)
808,exp,flat_pit0.30_cit0,3,45,155.03028226371853,893.3508230216781,0.17353796321510362,9,,0.9291666666666667,,KHONG CO,KHONG CO,19334.31710716479,448.70464464411754,14730.343972215136,210.5307590961456,70.42634859223236,19604.37163611972,,,0.01289935234371472,,e4dc8f0,1dedb3aea6081413ec0ffc11035db17905f70e1e0de68a22288847aab831fbbd,audits/paper_extras/v4_runs/v1/sweep_seed808_exp.json,KHONG CO (che do lay mau v1)
808,exp,flat_pit0.30_cit0,4,46,141.31107394591524,825.6877204450669,0.17114348493610265,19,,0.9375,,KHONG CO,KHONG CO,19204.719853269933,444.3777319847506,14633.614985811146,279.1531267762184,117.09298028774359,19179.197488781683,,,0.017327732718915932,,e4dc8f0,1dedb3aea6081413ec0ffc11035db17905f70e1e0de68a22288847aab831fbbd,audits/paper_extras/v4_runs/v1/sweep_seed808_exp.json,KHONG CO (che do lay mau v1)
808,exp,flat_pit0.30_cit0,5,47,142.5872107859737,884.9732412722657,0.16112036402477636,6,,0.925,,KHONG CO,KHONG CO,17593.8726529046,372.8022585164435,13352.745448606795,205.20086646080017,70.29103222235659,19248.743525280228,,,0.011522098968430998,,e4dc8f0,1dedb3aea6081413ec0ffc11035db17905f70e1e0de68a22288847aab831fbbd,audits/paper_extras/v4_runs/v1/sweep_seed808_exp.json,KHONG CO (che do lay mau v1)
808,exp,flat_pit0.30_cit0,6,48,156.51329769910308,878.4260728518864,0.17817469510094242,8,,0.9375,,KHONG CO,KHONG CO,19091.232768126305,422.23533742652586,14470.720224459672,201.20344698429105,67.36193903955956,19683.301702344783,,,0.011695715204190443,,e4dc8f0,1dedb3aea6081413ec0ffc11035db17905f70e1e0de68a22288847aab831fbbd,audits/paper_extras/v4_runs/v1/sweep_seed808_exp.json,KHONG CO (che do lay mau v1)
808,exp,flat_pit0.30_cit0,7,49,160.21433569755732,869.9329938229118,0.18416859325394364,7,,0.9041666666666667,,KHONG CO,KHONG CO,18868.84370982887,439.78505967090433,14332.37668695001,196.5397909283638,59.80898762054726,19266.116714361448,,,0.01041432905349981,,e4dc8f0,1dedb3aea6081413ec0ffc11035db17905f70e1e0de68a22288847aab831fbbd,audits/paper_extras/v4_runs/v1/sweep_seed808_exp.json,KHONG CO (che do lay mau v1)
808,exp,flat_pit0.30_cit0,8,50,145.0115850147943,858.8457222861267,0.16884474271909256,5,,0.9416666666666667,,KHONG CO,KHONG CO,18484.611536734723,448.21371547942147,14067.16518975268,169.22409117221832,46.73240033245218,19247.377794011496,,,0.00784836896268536,,e4dc8f0,1dedb3aea6081413ec0ffc11035db17905f70e1e0de68a22288847aab831fbbd,audits/paper_extras/v4_runs/v1/sweep_seed808_exp.json,KHONG CO (che do lay mau v1)
808,exp,flat_pit0.30_cit0,9,51,111.06207603149699,745.5140020650264,0.14897382976558737,8,,0.925,,KHONG CO,KHONG CO,15869.79257052975,500.57547359388246,12182.965861734614,196.53979092836383,55.397144194820356,17303.041177202467,,,0.009844202016633337,,e4dc8f0,1dedb3aea6081413ec0ffc11035db17905f70e1e0de68a22288847aab831fbbd,audits/paper_extras/v4_runs/v1/sweep_seed808_exp.json,KHONG CO (che do lay mau v1)
808,exp,flat_pit0.50_cit0,0,42,121.78577653637922,723.6980042316375,0.1682825927724939,39,,0.95,,KHONG CO,KHONG CO,23790.080274398046,695.5279447864046,18224.048982327065,166.5591448545456,33.93851112935354,18767.114461725334,,,0.008772815007406138,,e4dc8f0,1dedb3aea6081413ec0ffc11035db17905f70e1e0de68a22288847aab831fbbd,audits/paper_extras/v4_runs/v1/sweep_seed808_exp.json,KHONG CO (che do lay mau v1)
808,exp,flat_pit0.50_cit0,1,43,135.49344148958986,793.3901230049706,0.1707778274027505,41,,0.95,,KHONG CO,KHONG CO,24889.399293809594,780.3658934301783,19120.366383862904,167.89161801338196,38.117964054907404,21228.308843907926,,,0.008366906481747165,,e4dc8f0,1dedb3aea6081413ec0ffc11035db17905f70e1e0de68a22288847aab831fbbd,audits/paper_extras/v4_runs/v1/sweep_seed808_exp.json,KHONG CO (che do lay mau v1)
808,exp,flat_pit0.50_cit0,2,44,128.7999918801272,729.7316226511447,0.176503234726476,43,,0.9458333333333333,,KHONG CO,KHONG CO,23544.317167457255,716.3442574182745,18071.729619301314,165.22667169570923,39.68127176248567,17802.946296796297,,,0.008650054186885404,,e4dc8f0,1dedb3aea6081413ec0ffc11035db17905f70e1e0de68a22288847aab831fbbd,audits/paper_extras/v4_runs/v1/sweep_seed808_exp.json,KHONG CO (che do lay mau v1)
808,exp,flat_pit0.50_cit0,3,45,137.48002858376432,816.651514492211,0.16834601558199347,44,,0.95,,KHONG CO,KHONG CO,26051.806386513388,543.1788578001491,19805.024506547426,165.22667169570923,31.76668936944743,21209.884637392242,,,0.00864985862731635,,e4dc8f0,1dedb3aea6081413ec0ffc11035db17905f70e1e0de68a22288847aab831fbbd,audits/paper_extras/v4_runs/v1/sweep_seed808_exp.json,KHONG CO (che do lay mau v1)
808,exp,flat_pit0.50_cit0,4,46,98.8185365827161,623.21364627545,0.15856285749404142,39,,0.95,,KHONG CO,KHONG CO,21532.740499054547,883.5688105003155,16696.08947649442,172.55527406930923,31.222409416263012,13767.243203837741,,,0.00874432721780985,,e4dc8f0,1dedb3aea6081413ec0ffc11035db17905f70e1e0de68a22288847aab831fbbd,audits/paper_extras/v4_runs/v1/sweep_seed808_exp.json,KHONG CO (che do lay mau v1)
808,exp,flat_pit0.50_cit0,5,47,109.24807522280938,626.5652598987174,0.17436024978542386,43,,0.9458333333333333,,KHONG CO,KHONG CO,21519.295125777684,657.8658094815293,16518.939244165253,169.22409117221832,40.949032447249955,12769.78541913256,,,0.011417195804517105,,e4dc8f0,1dedb3aea6081413ec0ffc11035db17905f70e1e0de68a22288847aab831fbbd,audits/paper_extras/v4_runs/v1/sweep_seed808_exp.json,KHONG CO (che do lay mau v1)
808,exp,flat_pit0.50_cit0,6,48,117.4035433620903,698.3310734744204,0.16812017654888267,48,,0.9416666666666667,,KHONG CO,KHONG CO,24293.630826860088,858.0590568432932,18723.251635054028,163.22796195745465,33.65521784986577,19323.921899711677,,,0.0074116797495140324,,e4dc8f0,1dedb3aea6081413ec0ffc11035db17905f70e1e0de68a22288847aab831fbbd,audits/paper_extras/v4_runs/v1/sweep_seed808_exp.json,KHONG CO (che do lay mau v1)
808,exp,flat_pit0.50_cit0,7,49,119.32842560494926,725.4043851924616,0.16449917872124453,39,,0.95,,KHONG CO,KHONG CO,22155.16497517958,561.6186298672695,16912.657033775235,167.89161801338196,32.03403384017602,15874.142684433138,,,0.008892850638925396,,e4dc8f0,1dedb3aea6081413ec0ffc11035db17905f70e1e0de68a22288847aab831fbbd,audits/paper_extras/v4_runs/v1/sweep_seed808_exp.json,KHONG CO (che do lay mau v1)
808,exp,flat_pit0.50_cit0,8,50,115.80480027100032,679.0688900380235,0.17053468649479142,42,,0.9416666666666667,,KHONG CO,KHONG CO,21399.22256391257,722.8841635140471,16464.35727098758,167.89161801338196,26.331301790532944,16783.40698196473,,,0.00811053141562605,,e4dc8f0,1dedb3aea6081413ec0ffc11035db17905f70e1e0de68a22288847aab831fbbd,audits/paper_extras/v4_runs/v1/sweep_seed808_exp.json,KHONG CO (che do lay mau v1)
808,exp,flat_pit0.50_cit0,9,51,96.92819520552933,580.0377529742816,0.16710670074233436,46,,0.95,,KHONG CO,KHONG CO,21387.204177389598,964.4860036474458,16651.965065080323,166.5591448545456,56.29162587209784,13814.74713211231,,,0.009665900484953704,,e4dc8f0,1dedb3aea6081413ec0ffc11035db17905f70e1e0de68a22288847aab831fbbd,audits/paper_extras/v4_runs/v1/sweep_seed808_exp.json,KHONG CO (che do lay mau v1)
808,exp,flat_pit0_cit0.10,0,42,448.17871786657463,868.0183385382928,0.5163240198603283,0,,0.0,,KHONG CO,KHONG CO,2362.2920523297066,311.3371160223205,1994.5031218138352,159.89677906036377,2.4851340875029564,15124.216272965568,,,0.0034665129925799984,,e4dc8f0,1dedb3aea6081413ec0ffc11035db17905f70e1e0de68a22288847aab831fbbd,audits/paper_extras/v4_runs/v1/sweep_seed808_exp.json,KHONG CO (che do lay mau v1)
808,exp,flat_pit0_cit0.10,1,43,400.39961518509153,903.6298460983496,0.44310136159614266,0,,0.0,,KHONG CO,KHONG CO,2359.1556475831762,280.7632875973157,1969.3959131257698,159.89677906036377,0.0,15204.471655062207,,,0.004530888953791047,,e4dc8f0,1dedb3aea6081413ec0ffc11035db17905f70e1e0de68a22288847aab831fbbd,audits/paper_extras/v4_runs/v1/sweep_seed808_exp.json,KHONG CO (che do lay mau v1)
808,exp,flat_pit0_cit0.10,2,44,338.1976382372086,919.7201973968785,0.3677179637833584,0,,0.0,,KHONG CO,KHONG CO,2422.562910396709,313.1628376522761,2028.6283823635465,159.89677906036377,7.795678560871853,15573.501978953042,,,0.0043805016162530176,,e4dc8f0,1dedb3aea6081413ec0ffc11035db17905f70e1e0de68a22288847aab831fbbd,audits/paper_extras/v4_runs/v1/sweep_seed808_exp.json,KHONG CO (che do lay mau v1)
808,exp,flat_pit0_cit0.10,3,45,313.3939843509884,886.6975184092895,0.3534395640502168,0,,0.0,,KHONG CO,KHONG CO,2401.0299816272795,253.58245222061123,1980.2870724422532,159.89677906036377,0.0,15196.602746856104,,,0.0027836298717049384,,e4dc8f0,1dedb3aea6081413ec0ffc11035db17905f70e1e0de68a22288847aab831fbbd,audits/paper_extras/v4_runs/v1/sweep_seed808_exp.json,KHONG CO (che do lay mau v1)
808,exp,flat_pit0_cit0.10,4,46,400.1417736803117,854.6571195039874,0.46818983256412794,0,,0.0,,KHONG CO,KHONG CO,2339.059531647055,273.5608117039909,1948.349902343704,159.89677906036377,2.4851340875029564,15527.161334321563,,,0.0046047266923247366,,e4dc8f0,1dedb3aea6081413ec0ffc11035db17905f70e1e0de68a22288847aab831fbbd,audits/paper_extras/v4_runs/v1/sweep_seed808_exp.json,KHONG CO (che do lay mau v1)
808,exp,flat_pit0_cit0.10,5,47,341.15946820399853,871.2242015796174,0.3915863076179954,0,,0.0,,KHONG CO,KHONG CO,2358.7096632868856,274.9420274126128,1964.6000059427763,159.89677906036377,0.0,15233.956875212762,,,0.0036286298947016313,,e4dc8f0,1dedb3aea6081413ec0ffc11035db17905f70e1e0de68a22288847aab831fbbd,audits/paper_extras/v4_runs/v1/sweep_seed808_exp.json,KHONG CO (che do lay mau v1)
808,exp,flat_pit0_cit0.10,6,48,397.04705497422754,854.6021042850344,0.46459873312200606,0,,0.0,,KHONG CO,KHONG CO,2498.128308911116,279.95988557515005,2061.700089899496,159.89677906036377,5.354786813135729,15560.336675523773,,,0.00470482990687574,,e4dc8f0,1dedb3aea6081413ec0ffc11035db17905f70e1e0de68a22288847aab831fbbd,audits/paper_extras/v4_runs/v1/sweep_seed808_exp.json,KHONG CO (che do lay mau v1)
808,exp,flat_pit0_cit0.10,7,49,405.0750106871286,894.5446626951644,0.4528281566922352,0,,0.0,,KHONG CO,KHONG CO,2473.803478917488,272.5166386212863,2047.4874751994057,161.89548879861832,0.0,15568.626196234634,,,0.004162983253566165,,e4dc8f0,1dedb3aea6081413ec0ffc11035db17905f70e1e0de68a22288847aab831fbbd,audits/paper_extras/v4_runs/v1/sweep_seed808_exp.json,KHONG CO (che do lay mau v1)
808,exp,flat_pit0_cit0.10,8,50,408.10025689080146,854.000877019846,0.47786866251815063,0,,0.0,,KHONG CO,KHONG CO,2378.6073397220503,244.1973158920714,1956.6385452010472,159.89677906036377,7.9328024229365255,15133.058036269784,,,0.004379339454857973,,e4dc8f0,1dedb3aea6081413ec0ffc11035db17905f70e1e0de68a22288847aab831fbbd,audits/paper_extras/v4_runs/v1/sweep_seed808_exp.json,KHONG CO (che do lay mau v1)
808,exp,flat_pit0_cit0.10,9,51,325.8492442830154,811.2972705432315,0.40163976401009216,0,,0.0,,KHONG CO,KHONG CO,2371.3446079295163,276.89185583698094,1975.550827243294,159.89677906036377,9.22016698139025,15160.400899458524,,,0.003890338168160211,,e4dc8f0,1dedb3aea6081413ec0ffc11035db17905f70e1e0de68a22288847aab831fbbd,audits/paper_extras/v4_runs/v1/sweep_seed808_exp.json,KHONG CO (che do lay mau v1)
808,exp,flat_pit0_cit0.20,0,42,380.6251047981793,868.1963435981313,0.43840901612269645,0,,0.0,,KHONG CO,KHONG CO,5219.871258265474,577.8398705682107,4324.900673895645,159.89677906036377,0.0,16177.748412677269,,,0.003584106570962872,,e4dc8f0,1dedb3aea6081413ec0ffc11035db17905f70e1e0de68a22288847aab831fbbd,audits/paper_extras/v4_runs/v1/sweep_seed808_exp.json,KHONG CO (che do lay mau v1)
808,exp,flat_pit0_cit0.20,1,43,428.34358156435115,939.2199074420198,0.4560631415181048,0,,0.0,,KHONG CO,KHONG CO,5174.931416233703,439.8860201016637,4188.662846617278,159.89677906036377,13.374398027918646,16120.331297172475,,,0.004886316417190229,,e4dc8f0,1dedb3aea6081413ec0ffc11035db17905f70e1e0de68a22288847aab831fbbd,audits/paper_extras/v4_runs/v1/sweep_seed808_exp.json,KHONG CO (che do lay mau v1)
808,exp,flat_pit0_cit0.20,2,44,323.70441923408407,963.4098030160233,0.33599867701232045,0,,0.0,,KHONG CO,KHONG CO,5272.9467895588505,698.227183052819,4454.516408759121,164.56043511629105,0.0,16172.52340668428,,,0.004362787871739749,,e4dc8f0,1dedb3aea6081413ec0ffc11035db17905f70e1e0de68a22288847aab831fbbd,audits/paper_extras/v4_runs/v1/sweep_seed808_exp.json,KHONG CO (che do lay mau v1)
808,exp,flat_pit0_cit0.20,3,45,395.43205033759364,918.9131834858791,0.43032579948143734,0,,0.0,,KHONG CO,KHONG CO,5400.8541842908235,788.7969869273549,4617.452307629258,159.89677906036377,0.0,16109.952567856932,,,0.0036904870930664874,,e4dc8f0,1dedb3aea6081413ec0ffc11035db17905f70e1e0de68a22288847aab831fbbd,audits/paper_extras/v4_runs/v1/sweep_seed808_exp.json,KHONG CO (che do lay mau v1)
808,exp,flat_pit0_cit0.20,4,46,378.8245833734859,862.2895410150493,0.4393241079180321,0,,0.0,,KHONG CO,KHONG CO,5168.524135706492,457.6306832019534,4197.034120622945,159.89677906036377,6.918648711155119,16040.656655406658,,,0.004366640434907306,,e4dc8f0,1dedb3aea6081413ec0ffc11035db17905f70e1e0de68a22288847aab831fbbd,audits/paper_extras/v4_runs/v1/sweep_seed808_exp.json,KHONG CO (che do lay mau v1)
808,exp,flat_pit0_cit0.20,5,47,469.61815227573715,915.5325518731789,0.5129453358211008,0,,0.0,,KHONG CO,KHONG CO,5241.521740994729,517.4181365161473,4296.091451313816,159.89677906036377,3.584890441457379,16051.34209408795,,,0.004237082725130465,,e4dc8f0,1dedb3aea6081413ec0ffc11035db17905f70e1e0de68a22288847aab831fbbd,audits/paper_extras/v4_runs/v1/sweep_seed808_exp.json,KHONG CO (che do lay mau v1)
808,exp,flat_pit0_cit0.20,6,48,336.9827240032588,851.2296221288663,0.3958775813751504,0,,0.0,,KHONG CO,KHONG CO,5345.43091484288,470.7424367086542,4338.830476862815,159.89677906036377,3.19553964467678,16124.592001321253,,,0.005549472800632174,,e4dc8f0,1dedb3aea6081413ec0ffc11035db17905f70e1e0de68a22288847aab831fbbd,audits/paper_extras/v4_runs/v1/sweep_seed808_exp.json,KHONG CO (che do lay mau v1)
808,exp,flat_pit0_cit0.20,7,49,266.3438400193074,894.3995304554269,0.29779067514009705,0,,0.0,,KHONG CO,KHONG CO,5335.489209991793,535.6310068450465,4379.502719614222,159.89677906036377,0.0,16310.996838197228,,,0.0024764761479504228,,e4dc8f0,1dedb3aea6081413ec0ffc11035db17905f70e1e0de68a22288847aab831fbbd,audits/paper_extras/v4_runs/v1/sweep_seed808_exp.json,KHONG CO (che do lay mau v1)
808,exp,flat_pit0_cit0.20,8,50,418.84893804579673,867.4353410342222,0.48285897314999093,0,,0.0,,KHONG CO,KHONG CO,5306.886744877484,652.5677712716024,4445.8304567734485,159.89677906036377,3.1876368261719032,16143.978879426744,,,0.003387637219624258,,e4dc8f0,1dedb3aea6081413ec0ffc11035db17905f70e1e0de68a22288847aab831fbbd,audits/paper_extras/v4_runs/v1/sweep_seed808_exp.json,KHONG CO (che do lay mau v1)
808,exp,flat_pit0_cit0.20,9,51,345.703751054737,838.4524827770969,0.41231167914215905,0,,0.0,,KHONG CO,KHONG CO,5154.422410775888,646.4955281238455,4327.411141029862,159.89677906036377,27.688149189210485,16142.861898040917,,,0.005913259149837388,,e4dc8f0,1dedb3aea6081413ec0ffc11035db17905f70e1e0de68a22288847aab831fbbd,audits/paper_extras/v4_runs/v1/sweep_seed808_exp.json,KHONG CO (che do lay mau v1)
808,exp,flat_pit0_cit0.30,0,42,383.9239724386688,884.7143628234476,0.4339524580718084,0,,0.0,,KHONG CO,KHONG CO,8712.457668093151,1100.3705787612419,7320.218427409361,159.89677906036377,2.516559784803762,17145.725797990475,,,0.0034492399322562225,,e4dc8f0,1dedb3aea6081413ec0ffc11035db17905f70e1e0de68a22288847aab831fbbd,audits/paper_extras/v4_runs/v1/sweep_seed808_exp.json,KHONG CO (che do lay mau v1)
808,exp,flat_pit0_cit0.30,1,43,374.2143219715456,933.5195483236275,0.400863937604245,0,,0.0,,KHONG CO,KHONG CO,8267.771414521683,847.5928150927043,6800.055688319045,159.89677906036377,1.9974745114564196,16746.959457907382,,,0.0032005145743039263,,e4dc8f0,1dedb3aea6081413ec0ffc11035db17905f70e1e0de68a22288847aab831fbbd,audits/paper_extras/v4_runs/v1/sweep_seed808_exp.json,KHONG CO (che do lay mau v1)
808,exp,flat_pit0_cit0.30,2,44,373.3079360731828,1055.0497521022257,0.35382969886429805,0,,0.0,,KHONG CO,KHONG CO,8618.78183630772,904.4500740557288,7104.281881408114,161.89548879861832,9.763502127377752,17024.688828483206,,,0.006237854866973263,,e4dc8f0,1dedb3aea6081413ec0ffc11035db17905f70e1e0de68a22288847aab831fbbd,audits/paper_extras/v4_runs/v1/sweep_seed808_exp.json,KHONG CO (che do lay mau v1)
808,exp,flat_pit0_cit0.30,3,45,400.14625620711155,914.6319277366837,0.4374943013385718,0,,0.0,,KHONG CO,KHONG CO,8949.57654554218,1222.949392569273,7588.4928700465925,159.89677906036374,2.4851340875029564,17040.464670895544,,,0.004487778463340585,,e4dc8f0,1dedb3aea6081413ec0ffc11035db17905f70e1e0de68a22288847aab831fbbd,audits/paper_extras/v4_runs/v1/sweep_seed808_exp.json,KHONG CO (che do lay mau v1)
808,exp,flat_pit0_cit0.30,4,46,330.34021088623814,853.1624117394339,0.38719498930190566,0,,0.0,,KHONG CO,KHONG CO,8446.278050860901,754.7640818793376,6864.096913055274,159.89677906036377,2.4851340875029564,17048.795376001886,,,0.0035020775328615194,,e4dc8f0,1dedb3aea6081413ec0ffc11035db17905f70e1e0de68a22288847aab831fbbd,audits/paper_extras/v4_runs/v1/sweep_seed808_exp.json,KHONG CO (che do lay mau v1)
808,exp,flat_pit0_cit0.30,5,47,409.3260865995927,921.1509394343593,0.4443637509081225,0,,0.0,,KHONG CO,KHONG CO,8685.26562894823,699.7828735147704,7001.368054321149,159.89677906036377,0.0,17064.271334211873,,,0.0031479365818240777,,e4dc8f0,1dedb3aea6081413ec0ffc11035db17905f70e1e0de68a22288847aab831fbbd,audits/paper_extras/v4_runs/v1/sweep_seed808_exp.json,KHONG CO (che do lay mau v1)
808,exp,flat_pit0_cit0.30,6,48,424.57552918565443,889.5063985615501,0.4773158797646081,0,,0.0,,KHONG CO,KHONG CO,8904.490731364143,1040.3187082745228,7418.895857345045,164.56043511629105,9.26209668874393,17049.917199310934,,,0.005327238359167974,,e4dc8f0,1dedb3aea6081413ec0ffc11035db17905f70e1e0de68a22288847aab831fbbd,audits/paper_extras/v4_runs/v1/sweep_seed808_exp.json,KHONG CO (che do lay mau v1)
808,exp,flat_pit0_cit0.30,7,49,381.4318307055361,910.9397268788993,0.41872345606488603,0,,0.0,,KHONG CO,KHONG CO,8970.423553775763,1155.288229587541,7553.856501804034,159.89677906036377,3.3706192090871725,17214.364813259275,,,0.0039361576101701766,,e4dc8f0,1dedb3aea6081413ec0ffc11035db17905f70e1e0de68a22288847aab831fbbd,audits/paper_extras/v4_runs/v1/sweep_seed808_exp.json,KHONG CO (che do lay mau v1)
808,exp,flat_pit0_cit0.30,8,50,435.48609295694337,897.8198665625771,0.4850484035558935,0,,0.0,,KHONG CO,KHONG CO,8874.253808460131,1317.2624372837174,7603.003463361932,159.89677906036377,5.688137324260482,17069.161344631684,,,0.0035256158164093296,,e4dc8f0,1dedb3aea6081413ec0ffc11035db17905f70e1e0de68a22288847aab831fbbd,audits/paper_extras/v4_runs/v1/sweep_seed808_exp.json,KHONG CO (che do lay mau v1)
808,exp,flat_pit0_cit0.30,9,51,351.77499353051184,832.0235979949317,0.42279449089934906,0,,0.0,,KHONG CO,KHONG CO,8614.819295025003,957.2246512927268,7140.610551161915,159.89677906036377,4.292504332959652,17062.932097261655,,,0.003305796427330624,,e4dc8f0,1dedb3aea6081413ec0ffc11035db17905f70e1e0de68a22288847aab831fbbd,audits/paper_extras/v4_runs/v1/sweep_seed808_exp.json,KHONG CO (che do lay mau v1)
808,exp,flat_pit0_cit0.50,0,42,358.8798058084634,929.8021772770418,0.3859743659231424,0,,0.0,,KHONG CO,KHONG CO,18725.159084430725,2451.3451226766033,15775.08566951751,159.89677906036377,33.628168843427346,20025.112551076527,,,0.0059870298497611985,,e4dc8f0,1dedb3aea6081413ec0ffc11035db17905f70e1e0de68a22288847aab831fbbd,audits/paper_extras/v4_runs/v1/sweep_seed808_exp.json,KHONG CO (che do lay mau v1)
808,exp,flat_pit0_cit0.50,1,43,427.49091003363975,974.8202717298035,0.43853305314944235,0,,0.0,,KHONG CO,KHONG CO,18092.48795644537,1587.827157174596,14681.488672616402,163.22796195745468,25.578580825955676,19468.49773322266,,,0.005132061540304535,,e4dc8f0,1dedb3aea6081413ec0ffc11035db17905f70e1e0de68a22288847aab831fbbd,audits/paper_extras/v4_runs/v1/sweep_seed808_exp.json,KHONG CO (che do lay mau v1)
808,exp,flat_pit0_cit0.50,2,44,329.45414118589633,1030.6872025201344,0.31964512645577403,0,,0.004166666666666667,,KHONG CO,KHONG CO,18565.10383931146,2191.2846525677896,15476.110583923006,159.89677906036377,15.141800237380732,20006.86733479979,,,0.004266673389932281,,e4dc8f0,1dedb3aea6081413ec0ffc11035db17905f70e1e0de68a22288847aab831fbbd,audits/paper_extras/v4_runs/v1/sweep_seed808_exp.json,KHONG CO (che do lay mau v1)
808,exp,flat_pit0_cit0.50,3,45,320.75956851185305,989.5435061512719,0.3241490308591024,0,,0.0,,KHONG CO,KHONG CO,18775.971855403794,1775.9724280106218,15327.013312881798,159.89677906036377,0.7290336206849353,20027.699989117296,,,0.004461284345751029,,e4dc8f0,1dedb3aea6081413ec0ffc11035db17905f70e1e0de68a22288847aab831fbbd,audits/paper_extras/v4_runs/v1/sweep_seed808_exp.json,KHONG CO (che do lay mau v1)
808,exp,flat_pit0_cit0.50,4,46,338.8087927666063,925.0795668396194,0.3662482719449639,0,,0.0,,KHONG CO,KHONG CO,17985.181837885957,1813.6805166556144,14770.025408643522,159.89677906036377,23.108687321701332,19477.22399596669,,,0.004787191672668931,,e4dc8f0,1dedb3aea6081413ec0ffc11035db17905f70e1e0de68a22288847aab831fbbd,audits/paper_extras/v4_runs/v1/sweep_seed808_exp.json,KHONG CO (che do lay mau v1)
808,exp,flat_pit0_cit0.50,5,47,299.1899684716921,957.1056889831264,0.3125986731826508,0,,0.004166666666666667,,KHONG CO,KHONG CO,18000.148529302915,1841.951865252865,14799.62305985546,159.89677906036377,6.941662136225933,19646.53088507589,,,0.004092348941112295,,e4dc8f0,1dedb3aea6081413ec0ffc11035db17905f70e1e0de68a22288847aab831fbbd,audits/paper_extras/v4_runs/v1/sweep_seed808_exp.json,KHONG CO (che do lay mau v1)
808,exp,flat_pit0_cit0.50,6,48,301.47377204985247,919.1462680257532,0.3279932504076768,0,,0.0,,KHONG CO,KHONG CO,19046.237970112332,1589.7856960544796,15391.499647589178,159.89677906036383,2.5049850772064226,19972.558583191952,,,0.0034433875707941225,,e4dc8f0,1dedb3aea6081413ec0ffc11035db17905f70e1e0de68a22288847aab831fbbd,audits/paper_extras/v4_runs/v1/sweep_seed808_exp.json,KHONG CO (che do lay mau v1)
808,exp,flat_pit0_cit0.50,7,49,295.5942711161176,946.9887694094551,0.3121412636186288,0,,0.0375,,KHONG CO,KHONG CO,18495.073690451798,1668.07955018599,15035.259228783965,159.8967790603638,13.452488942684324,19650.44603826518,,,0.005645095351773708,,e4dc8f0,1dedb3aea6081413ec0ffc11035db17905f70e1e0de68a22288847aab831fbbd,audits/paper_extras/v4_runs/v1/sweep_seed808_exp.json,KHONG CO (che do lay mau v1)
808,exp,flat_pit0_cit0.50,8,50,283.158310594148,916.6366971551367,0.30891007470348386,0,,0.004166666666666667,,KHONG CO,KHONG CO,18397.507030099117,1851.0605949090884,15101.22048254952,159.89677906036377,2.7824826607284323,19588.969725484534,,,0.003797072782502428,,e4dc8f0,1dedb3aea6081413ec0ffc11035db17905f70e1e0de68a22288847aab831fbbd,audits/paper_extras/v4_runs/v1/sweep_seed808_exp.json,KHONG CO (che do lay mau v1)
808,exp,flat_pit0_cit0.50,9,51,311.9565319686651,879.0333785596188,0.35488587757593015,0,,0.004166666666666667,,KHONG CO,KHONG CO,18089.291260890368,1762.0542658773657,14787.420124503693,159.89677906036377,0.0,19602.86528469424,,,0.003995191653242626,,e4dc8f0,1dedb3aea6081413ec0ffc11035db17905f70e1e0de68a22288847aab831fbbd,audits/paper_extras/v4_runs/v1/sweep_seed808_exp.json,KHONG CO (che do lay mau v1)
909,det,rl_learned,0,42,372.5266331317591,908.5941176902354,0.4100033511979698,0,65,0.0,0.0026020615554338544,KHONG CO,KHONG CO,3005.2298113763113,7.253765029023191,2606.3326347466295,35.45996041595936,0.0,14919.439914778714,451.2510664640339,0.0,0.003447016582803047,3.156764483154533,e4dc8f0,e38de3cdd753f55a2ec54e244e44e2d5230435044aecec9268b7b78fcb02ff0b,audits/paper_extras/v4_runs/v1/sweep_seed909_det.json,audits/paper_extras/v4_runs/v2/bench2_seed909_det.json
909,det,rl_learned,1,43,431.7398891777971,992.881516813148,0.43483525664124834,0,71,0.0,5.9235377000366185e-05,KHONG CO,KHONG CO,3214.8781248644964,27.153906780333852,2755.738308483806,71.20332232117653,0.0,15283.433862214164,131.65653862567186,0.0,0.004470495902514652,2.8297617971606326,e4dc8f0,e38de3cdd753f55a2ec54e244e44e2d5230435044aecec9268b7b78fcb02ff0b,audits/paper_extras/v4_runs/v1/sweep_seed909_det.json,audits/paper_extras/v4_runs/v2/bench2_seed909_det.json
909,det,rl_learned,2,44,398.96050913833176,976.907664405078,0.4083912161558203,0,66,0.0,0.00016475836867657634,KHONG CO,KHONG CO,3076.411082717689,19.59315740766174,2594.2584639665797,32.39205980300903,0.0,15286.336086982197,183.01762937357157,0.0,0.0068097335086538474,2.9053241524942877,e4dc8f0,e38de3cdd753f55a2ec54e244e44e2d5230435044aecec9268b7b78fcb02ff0b,audits/paper_extras/v4_runs/v1/sweep_seed909_det.json,audits/paper_extras/v4_runs/v2/bench2_seed909_det.json
909,det,rl_learned,3,45,411.96552089452183,984.4257156833042,0.41848309560723995,2,73,0.0,0.003288611333991831,KHONG CO,KHONG CO,3067.722754967642,12.20419607770594,2637.9631813889564,46.01950290799141,2.8196360245347023,15354.349658497418,39.153394308756475,0.0,0.0056861049230936414,2.9366733265835423,e4dc8f0,e38de3cdd753f55a2ec54e244e44e2d5230435044aecec9268b7b78fcb02ff0b,audits/paper_extras/v4_runs/v1/sweep_seed909_det.json,audits/paper_extras/v4_runs/v2/bench2_seed909_det.json
909,det,rl_learned,4,46,362.7651917570199,902.801412825641,0.40182169257092326,0,71,0.0,0.00039832468097444895,KHONG CO,KHONG CO,3131.314192609723,5.256852184355975,2619.5335955102896,47.007203444838524,0.42401864379644394,15315.837407296201,153.76881989895836,0.0,0.00722070179758484,3.4435566401505247,e4dc8f0,e38de3cdd753f55a2ec54e244e44e2d5230435044aecec9268b7b78fcb02ff0b,audits/paper_extras/v4_runs/v1/sweep_seed909_det.json,audits/paper_extras/v4_runs/v2/bench2_seed909_det.json
909,det,rl_learned,5,47,384.523280325512,928.6020197263936,0.41408835233721464,0,61,0.0,0.0009148012397421912,KHONG CO,KHONG CO,3098.7071511884806,12.808783690657622,2636.748123882902,57.60512937605381,0.0,15357.342341636026,59.820339984153506,0.0,0.004126956839469088,3.079264175828126,e4dc8f0,e38de3cdd753f55a2ec54e244e44e2d5230435044aecec9268b7b78fcb02ff0b,audits/paper_extras/v4_runs/v1/sweep_seed909_det.json,audits/paper_extras/v4_runs/v2/bench2_seed909_det.json
909,det,rl_learned,6,48,417.64118965763606,1013.495464781469,0.41207997881637126,0,83,0.0,1.3789018156185051e-06,KHONG CO,KHONG CO,3123.994283383033,14.907345351686729,2607.114468890671,64.096087038517,0.0,12369.214441155658,98.47663164987088,0.0,0.008004267438596857,2.8440515417490273,e4dc8f0,e38de3cdd753f55a2ec54e244e44e2d5230435044aecec9268b7b78fcb02ff0b,audits/paper_extras/v4_runs/v1/sweep_seed909_det.json,audits/paper_extras/v4_runs/v2/bench2_seed909_det.json
909,det,rl_learned,7,49,453.5603770557714,960.1533284332464,0.4723832784039603,0,73,0.0,3.2910812310937843e-06,KHONG CO,KHONG CO,3487.332993939424,31.617676123914638,2931.049354772112,62.234133794903755,0.0,15198.29186823765,327.375313258678,0.0,0.006140766611183542,3.1453249470067544,e4dc8f0,e38de3cdd753f55a2ec54e244e44e2d5230435044aecec9268b7b78fcb02ff0b,audits/paper_extras/v4_runs/v1/sweep_seed909_det.json,audits/paper_extras/v4_runs/v2/bench2_seed909_det.json
909,det,rl_learned,8,50,388.733614769548,905.1242553068683,0.42948093865604553,1,64,0.0,0.007384229696802969,KHONG CO,KHONG CO,3018.8709981105426,5.395849744138966,2585.75453747518,24.580607369542122,0.41437169909477234,14985.421974401612,428.30748616350127,0.0,0.005696878712648945,3.132771891744855,e4dc8f0,e38de3cdd753f55a2ec54e244e44e2d5230435044aecec9268b7b78fcb02ff0b,audits/paper_extras/v4_runs/v1/sweep_seed909_det.json,audits/paper_extras/v4_runs/v2/bench2_seed909_det.json
909,det,rl_learned,9,51,321.99034066569493,838.7617733850573,0.38388771506146857,0,52,0.0,0.03175968943380103,KHONG CO,KHONG CO,2801.262694294301,14.290558726394718,2468.0905799615266,12.70670798420906,0.0,14952.75358125818,382.0023838167843,0.0,0.004574536495521364,3.342324525157306,e4dc8f0,e38de3cdd753f55a2ec54e244e44e2d5230435044aecec9268b7b78fcb02ff0b,audits/paper_extras/v4_runs/v1/sweep_seed909_det.json,audits/paper_extras/v4_runs/v2/bench2_seed909_det.json
909,det,free_market+rl_aux,0,42,367.0705473177274,901.7422004065572,0.4070681699849812,0,62,0.0,0.000563707675304892,KHONG CO,KHONG CO,0.0,0.0,0.0,59.439833164215145,0.0,14917.057820889715,23.502345946071614,0.0,0.003337361834800554,2.963042271969027,e4dc8f0,e38de3cdd753f55a2ec54e244e44e2d5230435044aecec9268b7b78fcb02ff0b,audits/paper_extras/v4_runs/v1/sweep_seed909_det.json,audits/paper_extras/v4_runs/v2/bench2_seed909_det.json
909,det,free_market+rl_aux,1,43,442.1932295254484,987.2825983761581,0.4478892165756285,0,71,0.0,2.7399373767389434e-05,KHONG CO,KHONG CO,0.0,0.0,0.0,59.43983316421509,0.0,14804.019551203826,136.54061563195847,0.0,0.004470495902514652,2.628325147465076,e4dc8f0,e38de3cdd753f55a2ec54e244e44e2d5230435044aecec9268b7b78fcb02ff0b,audits/paper_extras/v4_runs/v1/sweep_seed909_det.json,audits/paper_extras/v4_runs/v2/bench2_seed909_det.json
909,det,free_market+rl_aux,2,44,402.82631807604605,954.0635062076748,0.422221702701163,0,58,0.0,2.0535982981684242e-05,KHONG CO,KHONG CO,0.0,0.0,0.0,66.12681439518929,0.0,14852.64984072487,81.22334487994169,0.0,0.0065133142143585735,2.7368727337946024,e4dc8f0,e38de3cdd753f55a2ec54e244e44e2d5230435044aecec9268b7b78fcb02ff0b,audits/paper_extras/v4_runs/v1/sweep_seed909_det.json,audits/paper_extras/v4_runs/v2/bench2_seed909_det.json
909,det,free_market+rl_aux,3,45,416.4600559278656,966.1020388040308,0.43107253602674833,0,71,0.0,0.0003983072274484911,KHONG CO,KHONG CO,0.0,0.0,0.0,59.439833164215145,0.0,14849.03214702376,91.52801981202106,0.0,0.0044597350669757915,2.745476314512559,e4dc8f0,e38de3cdd753f55a2ec54e244e44e2d5230435044aecec9268b7b78fcb02ff0b,audits/paper_extras/v4_runs/v1/sweep_seed909_det.json,audits/paper_extras/v4_runs/v2/bench2_seed909_det.json
909,det,free_market+rl_aux,4,46,386.0431570790067,910.7583314734053,0.423870025382556,0,78,0.0,0.00011590055735521965,KHONG CO,KHONG CO,0.0,0.0,0.0,66.12681439518929,0.0,14885.882793574454,47.990392030358464,0.0,0.007141298284780119,3.236229791381022,e4dc8f0,e38de3cdd753f55a2ec54e244e44e2d5230435044aecec9268b7b78fcb02ff0b,audits/paper_extras/v4_runs/v1/sweep_seed909_det.json,audits/paper_extras/v4_runs/v2/bench2_seed909_det.json
909,det,free_market+rl_aux,5,47,391.2238558050583,916.9659444815599,0.42665036598087724,0,61,0.0,7.489504902213895e-05,KHONG CO,KHONG CO,0.0,0.0,0.0,59.43983316421509,0.0,14872.435820304849,68.12434653093499,0.0,0.004126956839469088,2.8602090270886893,e4dc8f0,e38de3cdd753f55a2ec54e244e44e2d5230435044aecec9268b7b78fcb02ff0b,audits/paper_extras/v4_runs/v1/sweep_seed909_det.json,audits/paper_extras/v4_runs/v2/bench2_seed909_det.json
909,det,free_market+rl_aux,6,48,419.0350601385091,937.8641440399078,0.44679718571336957,0,66,0.0,5.38376080516656e-06,KHONG CO,KHONG CO,0.0,0.0,0.0,68.35580813884735,0.0,11903.02841450163,28.61577735952136,0.0,0.0074367279687504164,2.6627516650336727,e4dc8f0,e38de3cdd753f55a2ec54e244e44e2d5230435044aecec9268b7b78fcb02ff0b,audits/paper_extras/v4_runs/v1/sweep_seed909_det.json,audits/paper_extras/v4_runs/v2/bench2_seed909_det.json
909,det,free_market+rl_aux,7,49,445.70534875567967,947.9281197029886,0.47018897265684145,0,67,0.0,3.8056334401570524e-06,KHONG CO,KHONG CO,0.0,0.0,0.0,63.89782065153122,0.0,14709.21902797911,226.88315136936063,0.0,0.005933256042969944,2.9078528471047425,e4dc8f0,e38de3cdd753f55a2ec54e244e44e2d5230435044aecec9268b7b78fcb02ff0b,audits/paper_extras/v4_runs/v1/sweep_seed909_det.json,audits/paper_extras/v4_runs/v2/bench2_seed909_det.json
909,det,free_market+rl_aux,8,50,386.24773295147986,919.4167458890641,0.4201008244395019,0,65,0.0,7.718743864182365e-05,KHONG CO,KHONG CO,0.0,0.0,0.0,61.668826907873154,0.0,14865.845775552267,72.4853975398579,0.0,0.005051123763491803,2.94783364362184,e4dc8f0,e38de3cdd753f55a2ec54e244e44e2d5230435044aecec9268b7b78fcb02ff0b,audits/paper_extras/v4_runs/v1/sweep_seed909_det.json,audits/paper_extras/v4_runs/v2/bench2_seed909_det.json
909,det,free_market+rl_aux,9,51,313.8336462056181,816.9068074532959,0.3841731313073439,0,39,0.0,0.0,KHONG CO,KHONG CO,0.0,0.0,0.0,61.668826907873154,0.0,14945.670251330825,0.0,7.339078238696686,0.004009440922313643,3.1460420007378787,e4dc8f0,e38de3cdd753f55a2ec54e244e44e2d5230435044aecec9268b7b78fcb02ff0b,audits/paper_extras/v4_runs/v1/sweep_seed909_det.json,audits/paper_extras/v4_runs/v2/bench2_seed909_det.json
909,det,rl_mean_fixed,0,42,372.55686186118123,906.326901628281,0.4110623453765482,0,61,0.0,0.002423027103753972,KHONG CO,KHONG CO,3643.5100350690914,6.561809728194595,2921.587646234398,59.43983316421509,0.0,15396.206766511808,272.83759888686757,0.0,0.003300159453848173,3.209673327924811,e4dc8f0,e38de3cdd753f55a2ec54e244e44e2d5230435044aecec9268b7b78fcb02ff0b,audits/paper_extras/v4_runs/v1/sweep_seed909_det.json,audits/paper_extras/v4_runs/v2/bench2_seed909_det.json
909,det,rl_mean_fixed,1,43,436.04171114956785,1000.9242161042132,0.4356390864902089,0,75,0.0,3.8019337865735636e-05,KHONG CO,KHONG CO,3588.320982081244,27.99904549419275,2895.5328410360244,59.43983316421509,0.0,15260.896786773292,400.45056660190295,0.0,0.0046054597306034875,2.8324373203676645,e4dc8f0,e38de3cdd753f55a2ec54e244e44e2d5230435044aecec9268b7b78fcb02ff0b,audits/paper_extras/v4_runs/v1/sweep_seed909_det.json,audits/paper_extras/v4_runs/v2/bench2_seed909_det.json
909,det,rl_mean_fixed,2,44,410.18362077220206,977.5834836144234,0.41958935236469885,0,68,0.0,0.0001182449966985466,KHONG CO,KHONG CO,3491.8455705273245,19.978533866553782,2811.668876172869,66.12681439518929,0.0,15307.059409016221,326.96900480960494,0.0,0.00688065677872966,2.9400885708092526,e4dc8f0,e38de3cdd753f55a2ec54e244e44e2d5230435044aecec9268b7b78fcb02ff0b,audits/paper_extras/v4_runs/v1/sweep_seed909_det.json,audits/paper_extras/v4_runs/v2/bench2_seed909_det.json
909,det,rl_mean_fixed,3,45,412.85265790153403,974.5966529832845,0.4236138679912078,0,71,0.0,0.0,KHONG CO,KHONG CO,3609.032458518946,13.199792433067037,2899.510793140943,59.43983316421509,0.0,15306.74652871164,356.5350959352133,0.0,0.0044597350669757915,2.954728953581657,e4dc8f0,e38de3cdd753f55a2ec54e244e44e2d5230435044aecec9268b7b78fcb02ff0b,audits/paper_extras/v4_runs/v1/sweep_seed909_det.json,audits/paper_extras/v4_runs/v2/bench2_seed909_det.json
909,det,rl_mean_fixed,4,46,370.0759682017074,877.215546583653,0.42187575179553227,0,68,0.0,0.00058392052567946,KHONG CO,KHONG CO,3539.352125453881,3.9860606708726394,2837.1773253007955,66.12681439518929,0.0,15384.30286457318,255.73118185559207,0.0,0.006803733701806583,3.500428576765915,e4dc8f0,e38de3cdd753f55a2ec54e244e44e2d5230435044aecec9268b7b78fcb02ff0b,audits/paper_extras/v4_runs/v1/sweep_seed909_det.json,audits/paper_extras/v4_runs/v2/bench2_seed909_det.json
909,det,rl_mean_fixed,5,47,379.9482765218368,920.2786084367685,0.4128622278499291,0,60,0.0,0.0,KHONG CO,KHONG CO,3562.5646652499736,13.91286204417215,2862.7598046715943,59.43983316421509,0.0,15377.839989396223,276.43790006211253,0.0,0.0040894193019315505,3.0712254010458824,e4dc8f0,e38de3cdd753f55a2ec54e244e44e2d5230435044aecec9268b7b78fcb02ff0b,audits/paper_extras/v4_runs/v1/sweep_seed909_det.json,audits/paper_extras/v4_runs/v2/bench2_seed909_det.json
909,det,rl_mean_fixed,6,48,428.8398992156335,975.8132006446515,0.4394692538821252,0,67,0.0,1.257613732486007e-06,KHONG CO,KHONG CO,3305.1645542492943,11.893242087790215,2656.059810676231,68.35580813884735,0.0,12370.188853496373,222.45332402563392,0.0,0.007472340504362951,2.8592886378525595,e4dc8f0,e38de3cdd753f55a2ec54e244e44e2d5230435044aecec9268b7b78fcb02ff0b,audits/paper_extras/v4_runs/v1/sweep_seed909_det.json,audits/paper_extras/v4_runs/v2/bench2_seed909_det.json
909,det,rl_mean_fixed,7,49,458.06946372698906,960.9226879984346,0.4766975215052215,0,76,0.0,6.076619213812862e-06,KHONG CO,KHONG CO,3749.8062036102874,36.728545201161246,3032.11748574342,63.89782065153122,0.0,15214.718959184309,475.8004832321979,0.0,0.006240770878123292,3.1591925404694385,e4dc8f0,e38de3cdd753f55a2ec54e244e44e2d5230435044aecec9268b7b78fcb02ff0b,audits/paper_extras/v4_runs/v1/sweep_seed909_det.json,audits/paper_extras/v4_runs/v2/bench2_seed909_det.json
909,det,rl_mean_fixed,8,50,387.2987455731452,909.7786562159289,0.42570656381855465,0,63,0.0,0.002971675722762912,KHONG CO,KHONG CO,3618.874598052687,8.050722335670482,2903.387244080642,61.668826907873154,0.0,15472.06485068252,189.8043987173229,0.0,0.005040901657809404,3.1911884254738174,e4dc8f0,e38de3cdd753f55a2ec54e244e44e2d5230435044aecec9268b7b78fcb02ff0b,audits/paper_extras/v4_runs/v1/sweep_seed909_det.json,audits/paper_extras/v4_runs/v2/bench2_seed909_det.json
909,det,rl_mean_fixed,9,51,327.9907042149341,847.83243470344,0.3868579341738214,0,62,0.0,0.06517747723522382,KHONG CO,KHONG CO,3526.3885991341353,16.69298798484502,2835.0392813836975,61.668826907873154,0.0,15501.228612389177,145.14486643823722,0.0,0.004962410451247617,3.4254177026071,e4dc8f0,e38de3cdd753f55a2ec54e244e44e2d5230435044aecec9268b7b78fcb02ff0b,audits/paper_extras/v4_runs/v1/sweep_seed909_det.json,audits/paper_extras/v4_runs/v2/bench2_seed909_det.json
909,det,flat_pit0.10_cit0,0,42,337.32151274695417,919.9855832558885,0.3666595638957205,0,71,0.7291666666666666,-0.4360861703351471,KHONG CO,KHONG CO,7168.717454339682,1.0765799961020137,5712.255595538245,59.43983316421509,0.0,16383.742808347686,14.35579728563961,0.0,0.0036580308826411963,2.989239113500623,e4dc8f0,e38de3cdd753f55a2ec54e244e44e2d5230435044aecec9268b7b78fcb02ff0b,audits/paper_extras/v4_runs/v1/sweep_seed909_det.json,audits/paper_extras/v4_runs/v2/bench2_seed909_det.json
909,det,flat_pit0.10_cit0,1,43,396.5415290816794,963.8433590815443,0.41141698528643456,0,61,0.7666666666666667,-0.44673443760857934,KHONG CO,KHONG CO,6839.441672515147,1.4035771955205152,5445.231921146094,59.439833164215116,0.0,15873.924864029837,462.2486313705226,0.0,0.0041126244737216275,2.65472349219583,e4dc8f0,e38de3cdd753f55a2ec54e244e44e2d5230435044aecec9268b7b78fcb02ff0b,audits/paper_extras/v4_runs/v1/sweep_seed909_det.json,audits/paper_extras/v4_runs/v2/bench2_seed909_det.json
909,det,flat_pit0.10_cit0,2,44,348.44150344463475,967.213554199439,0.3602529161546326,0,67,0.7125,-0.39735146483630746,KHONG CO,KHONG CO,6907.357880892172,1.0493867148492122,5520.19800683834,66.12681439518929,0.0,15840.628756212762,481.4536901607299,0.0,0.0068453460442663835,2.762049621211181,e4dc8f0,e38de3cdd753f55a2ec54e244e44e2d5230435044aecec9268b7b78fcb02ff0b,audits/paper_extras/v4_runs/v1/sweep_seed909_det.json,audits/paper_extras/v4_runs/v2/bench2_seed909_det.json
909,det,flat_pit0.10_cit0,3,45,358.6968392597181,959.1110906894563,0.3739888348093954,1,64,0.7458333333333333,-0.45769418281365504,KHONG CO,KHONG CO,6813.739677164092,1.2606302915333527,5444.551695716507,59.43983316421506,0.7008887752890587,16275.589102446993,34.87687528859523,0.0,0.004785573404726378,2.7620701476932386,e4dc8f0,e38de3cdd753f55a2ec54e244e44e2d5230435044aecec9268b7b78fcb02ff0b,audits/paper_extras/v4_runs/v1/sweep_seed909_det.json,audits/paper_extras/v4_runs/v2/bench2_seed909_det.json
909,det,flat_pit0.10_cit0,4,46,281.47328420664655,877.8935333215107,0.32062348510723415,4,76,0.7125,-0.42077156567704477,KHONG CO,KHONG CO,7445.255451906136,1.5870439226165407,5951.893783894653,72.56612965464592,8.021282650530338,16374.058320252547,41.04036559467425,0.0,0.009600138168961651,3.185536625976533,e4dc8f0,e38de3cdd753f55a2ec54e244e44e2d5230435044aecec9268b7b78fcb02ff0b,audits/paper_extras/v4_runs/v1/sweep_seed909_det.json,audits/paper_extras/v4_runs/v2/bench2_seed909_det.json
909,det,flat_pit0.10_cit0,5,47,339.15660105265914,921.1578022669457,0.3681851255213856,0,64,0.7708333333333334,-0.45558629053933064,KHONG CO,KHONG CO,6841.486200333743,1.460743345779853,5468.373582311834,59.43983316421509,0.0,15899.418173543,415.71535466047857,0.0,0.004237582084365991,2.857923571599579,e4dc8f0,e38de3cdd753f55a2ec54e244e44e2d5230435044aecec9268b7b78fcb02ff0b,audits/paper_extras/v4_runs/v1/sweep_seed909_det.json,audits/paper_extras/v4_runs/v2/bench2_seed909_det.json
909,det,flat_pit0.10_cit0,6,48,340.04117927217186,913.8863701312418,0.3720825590421477,0,64,0.5458333333333333,-0.20516969483596015,KHONG CO,KHONG CO,6464.21948338897,0.9285692307613664,5155.838111437966,68.35580813884735,0.0,12922.899860194217,318.05427284870456,0.0,0.0073645765444625595,2.675567665477982,e4dc8f0,e38de3cdd753f55a2ec54e244e44e2d5230435044aecec9268b7b78fcb02ff0b,audits/paper_extras/v4_runs/v1/sweep_seed909_det.json,audits/paper_extras/v4_runs/v2/bench2_seed909_det.json
909,det,flat_pit0.10_cit0,7,49,340.8154353480005,970.561403765516,0.3511528832959241,0,77,0.7666666666666667,-0.5487983445085123,KHONG CO,KHONG CO,7613.225878257638,1.3451872542209522,6035.185582847624,63.89782065153122,0.0,16288.160375880241,227.32728613245897,0.0,0.006273579277073423,2.9277008261786084,e4dc8f0,e38de3cdd753f55a2ec54e244e44e2d5230435044aecec9268b7b78fcb02ff0b,audits/paper_extras/v4_runs/v1/sweep_seed909_det.json,audits/paper_extras/v4_runs/v2/bench2_seed909_det.json
909,det,flat_pit0.10_cit0,8,50,324.2515956735487,891.0389391807445,0.3639028345626265,0,54,0.6125,-0.3069424635405118,KHONG CO,KHONG CO,6621.266632139055,1.1072849790595445,5284.261997794184,61.668826907873154,0.0,16000.366254585018,276.07683783103283,0.0,0.004696671722738729,2.9049811656498803,e4dc8f0,e38de3cdd753f55a2ec54e244e44e2d5230435044aecec9268b7b78fcb02ff0b,audits/paper_extras/v4_runs/v1/sweep_seed909_det.json,audits/paper_extras/v4_runs/v2/bench2_seed909_det.json
909,det,flat_pit0.10_cit0,9,51,275.3614727623766,835.1101652977756,0.32973071602378456,3,55,0.6291666666666667,-0.36011794132568026,KHONG CO,KHONG CO,7117.23315608036,0.986833684930549,5673.483605178636,64.39315259456635,1.7106465917208047,15981.019231531585,398.278902705004,0.0,0.00682294893306483,3.2176528012498427,e4dc8f0,e38de3cdd753f55a2ec54e244e44e2d5230435044aecec9268b7b78fcb02ff0b,audits/paper_extras/v4_runs/v1/sweep_seed909_det.json,audits/paper_extras/v4_runs/v2/bench2_seed909_det.json
909,det,flat_pit0.20_cit0,0,42,261.6450196703626,881.331270729914,0.2968747715642378,0,55,0.8416666666666667,-1.317502157409109,KHONG CO,KHONG CO,13878.979116289196,2.0912317284765356,11094.71978683647,61.668826907873154,20.794483973865383,17431.089524731524,272.7977255679346,0.0,0.005695315107900915,3.001821862080122,e4dc8f0,e38de3cdd753f55a2ec54e244e44e2d5230435044aecec9268b7b78fcb02ff0b,audits/paper_extras/v4_runs/v1/sweep_seed909_det.json,audits/paper_extras/v4_runs/v2/bench2_seed909_det.json
909,det,flat_pit0.20_cit0,1,43,299.37195973392795,974.5880332002018,0.3071779557470006,1,76,0.8333333333333334,-1.1025960899566716,KHONG CO,KHONG CO,13760.177263525307,2.618275066525822,10996.12164025857,59.4398331642151,2.3362959176301956,17333.911771687715,371.1721741437463,0.0,0.005729621226310903,2.6696179031818135,e4dc8f0,e38de3cdd753f55a2ec54e244e44e2d5230435044aecec9268b7b78fcb02ff0b,audits/paper_extras/v4_runs/v1/sweep_seed909_det.json,audits/paper_extras/v4_runs/v2/bench2_seed909_det.json
909,det,flat_pit0.20_cit0,2,44,285.1009688614835,953.3875852645413,0.2990399426927456,2,70,0.7791666666666667,-0.984856953393108,KHONG CO,KHONG CO,13659.651953026942,2.7092363771207544,10891.449068194917,68.10814216732977,23.636585947549676,17335.847784122718,343.7030639623648,0.0,0.009530790401803916,2.7691551290483316,e4dc8f0,e38de3cdd753f55a2ec54e244e44e2d5230435044aecec9268b7b78fcb02ff0b,audits/paper_extras/v4_runs/v1/sweep_seed909_det.json,audits/paper_extras/v4_runs/v2/bench2_seed909_det.json
909,det,flat_pit0.20_cit0,3,45,303.9996275950806,955.0443221468162,0.31830944443680764,1,66,0.8208333333333333,-1.083206034033925,KHONG CO,KHONG CO,13733.124956725074,2.2384740406227395,10946.383516261278,59.43983316421509,2.879839535784765,17324.401049816763,402.430783361979,0.0,0.004742192437262965,2.781422415908017,e4dc8f0,e38de3cdd753f55a2ec54e244e44e2d5230435044aecec9268b7b78fcb02ff0b,audits/paper_extras/v4_runs/v1/sweep_seed909_det.json,audits/paper_extras/v4_runs/v2/bench2_seed909_det.json
909,det,flat_pit0.20_cit0,4,46,230.30621429436084,847.19722978162,0.2718448623276617,1,58,0.8791666666666667,-1.3992198752562366,KHONG CO,KHONG CO,14608.138881532366,2.6825441321154013,11669.330790243699,66.62214633822441,7.918288087864979,17842.249497271958,24.883643316869726,0.0,0.00759860938008614,3.190507040814779,e4dc8f0,e38de3cdd753f55a2ec54e244e44e2d5230435044aecec9268b7b78fcb02ff0b,audits/paper_extras/v4_runs/v1/sweep_seed909_det.json,audits/paper_extras/v4_runs/v2/bench2_seed909_det.json
909,det,flat_pit0.20_cit0,5,47,282.6162817399356,940.3521980299988,0.30054301179069465,1,76,0.8166666666666667,-1.230866440787847,KHONG CO,KHONG CO,14412.386557559375,2.59188495551443,11494.642013613644,59.43983316421509,7.711294043678552,17443.94500255691,409.4249839106045,0.0,0.005605608903743555,2.9202143044656492,e4dc8f0,e38de3cdd753f55a2ec54e244e44e2d5230435044aecec9268b7b78fcb02ff0b,audits/paper_extras/v4_runs/v1/sweep_seed909_det.json,audits/paper_extras/v4_runs/v2/bench2_seed909_det.json
909,det,flat_pit0.20_cit0,6,48,275.03353057420117,927.081723347805,0.29666589648755193,0,63,0.8416666666666667,-1.2079968739469,KHONG CO,KHONG CO,13643.253691931755,2.2296138962743357,10884.067325953261,68.35580813884735,0.0,14512.434289141042,180.62588259488692,0.0,0.007328026836860221,2.7348634472581286,e4dc8f0,e38de3cdd753f55a2ec54e244e44e2d5230435044aecec9268b7b78fcb02ff0b,audits/paper_extras/v4_runs/v1/sweep_seed909_det.json,audits/paper_extras/v4_runs/v2/bench2_seed909_det.json
909,det,flat_pit0.20_cit0,7,49,272.5867252409454,940.5783452045515,0.28980757066192586,2,73,0.8208333333333333,-1.2528647138938847,KHONG CO,KHONG CO,14920.664031376376,2.8383923861018645,11927.047857278481,67.11747828125954,5.9788963800326265,17731.720910957865,191.9554363118711,0.0,0.008124717217836195,2.9422662864872726,e4dc8f0,e38de3cdd753f55a2ec54e244e44e2d5230435044aecec9268b7b78fcb02ff0b,audits/paper_extras/v4_runs/v1/sweep_seed909_det.json,audits/paper_extras/v4_runs/v2/bench2_seed909_det.json
909,det,flat_pit0.20_cit0,8,50,276.79637028828284,885.7141656628402,0.3125120733291392,3,61,0.7833333333333333,-0.9856012716948264,KHONG CO,KHONG CO,13220.891525137558,2.422920077987686,10555.55232784697,63.402488708496094,6.137836678197563,17409.63727079002,189.31584654336447,0.0,0.006851534124717774,2.924063962179766,e4dc8f0,e38de3cdd753f55a2ec54e244e44e2d5230435044aecec9268b7b78fcb02ff0b,audits/paper_extras/v4_runs/v1/sweep_seed909_det.json,audits/paper_extras/v4_runs/v2/bench2_seed909_det.json
909,det,flat_pit0.20_cit0,9,51,232.10370064624408,855.3741227722359,0.2713475828494841,1,70,0.8416666666666667,-1.3850067904920627,KHONG CO,KHONG CO,14250.679913542755,1.8021053581677757,11339.582912956379,65.38381648063658,8.738427597529475,17351.419238525436,487.5294642097716,0.0,0.00641517164284573,3.1804789533624804,e4dc8f0,e38de3cdd753f55a2ec54e244e44e2d5230435044aecec9268b7b78fcb02ff0b,audits/paper_extras/v4_runs/v1/sweep_seed909_det.json,audits/paper_extras/v4_runs/v2/bench2_seed909_det.json
909,det,flat_pit0.30_cit0,0,42,230.92822119696388,882.951734150425,0.26154116047935816,12,59,0.8708333333333333,-2.1632771422196475,KHONG CO,KHONG CO,19838.468527716876,2.6968863634370255,15815.75072718496,80.73910671472552,74.53981531931676,18427.78053783624,440.9982228550337,0.0,0.011554380995305518,2.9031727347319443,e4dc8f0,e38de3cdd753f55a2ec54e244e44e2d5230435044aecec9268b7b78fcb02ff0b,audits/paper_extras/v4_runs/v1/sweep_seed909_det.json,audits/paper_extras/v4_runs/v2/bench2_seed909_det.json
909,det,flat_pit0.30_cit0,1,43,253.9915063786422,958.0261206374755,0.2651196046822136,5,63,0.8625,-2.037477117598221,KHONG CO,KHONG CO,19776.16327399499,2.585226703472723,15744.25423845328,64.88848453760147,20.345793537156606,18838.275118014393,110.58764283492823,0.0,0.0072025449299619295,2.6227792961535443,e4dc8f0,e38de3cdd753f55a2ec54e244e44e2d5230435044aecec9268b7b78fcb02ff0b,audits/paper_extras/v4_runs/v1/sweep_seed909_det.json,audits/paper_extras/v4_runs/v2/bench2_seed909_det.json
909,det,flat_pit0.30_cit0,2,44,255.40962689304385,933.5610632704366,0.27358641758075986,11,69,0.8291666666666667,-2.1999473183431615,KHONG CO,KHONG CO,20271.880362410044,3.8281716519669784,16173.492800480422,79.25311088562012,69.10704682968814,18871.647772157856,84.2560055138143,0.0,0.01440679189886425,2.778721909781401,e4dc8f0,e38de3cdd753f55a2ec54e244e44e2d5230435044aecec9268b7b78fcb02ff0b,audits/paper_extras/v4_runs/v1/sweep_seed909_det.json,audits/paper_extras/v4_runs/v2/bench2_seed909_det.json
909,det,flat_pit0.30_cit0,3,45,261.0713003420136,932.1089103373539,0.2800866909935721,9,64,0.8666666666666667,-2.1485315135006493,KHONG CO,KHONG CO,20588.640600548686,3.3762985140996786,16374.088595332825,80.24377477169037,63.85089931743073,18793.754352662818,282.54141994594903,0.0,0.011821427854647248,2.836042390256606,e4dc8f0,e38de3cdd753f55a2ec54e244e44e2d5230435044aecec9268b7b78fcb02ff0b,audits/paper_extras/v4_runs/v1/sweep_seed909_det.json,audits/paper_extras/v4_runs/v2/bench2_seed909_det.json
909,det,flat_pit0.30_cit0,4,46,198.50442224051582,817.5224449383965,0.24281219857575154,20,61,0.9,-2.7131038328064627,KHONG CO,KHONG CO,21149.90302073797,4.180183317378508,16895.853370195455,107.73469761013985,147.01312608372203,18923.755996802513,83.82142383383581,0.0,0.02097579313769075,3.1721717615718075,e4dc8f0,e38de3cdd753f55a2ec54e244e44e2d5230435044aecec9268b7b78fcb02ff0b,audits/paper_extras/v4_runs/v1/sweep_seed909_det.json,audits/paper_extras/v4_runs/v2/bench2_seed909_det.json
909,det,flat_pit0.30_cit0,5,47,246.4649654953179,916.3530985673427,0.2689628767345792,12,70,0.8541666666666666,-2.103177228906116,KHONG CO,KHONG CO,21464.85525905059,3.78652326492512,17082.52654390106,67.11747828125954,46.31620497871695,18938.279273385386,335.72705669140043,0.0,0.009487285681944674,2.919004159684102,e4dc8f0,e38de3cdd753f55a2ec54e244e44e2d5230435044aecec9268b7b78fcb02ff0b,audits/paper_extras/v4_runs/v1/sweep_seed909_det.json,audits/paper_extras/v4_runs/v2/bench2_seed909_det.json
909,det,flat_pit0.30_cit0,6,48,233.3441784981783,922.0136441722955,0.2530810470897691,5,64,0.875,-2.369486541428177,KHONG CO,KHONG CO,20288.86086225248,3.5414590292754595,16088.168165602478,77.27178311347961,48.99381103584826,15899.295946982593,178.71293970713558,0.0,0.013640612608766423,2.737057374131434,e4dc8f0,e38de3cdd753f55a2ec54e244e44e2d5230435044aecec9268b7b78fcb02ff0b,audits/paper_extras/v4_runs/v1/sweep_seed909_det.json,audits/paper_extras/v4_runs/v2/bench2_seed909_det.json
909,det,flat_pit0.30_cit0,7,49,234.8435332397457,914.3178430778156,0.25685108851119587,14,70,0.85,-2.3336733075713685,KHONG CO,KHONG CO,21516.264922685954,4.598954021002758,17133.46388768253,94.11306917667389,67.579274296696,18787.56996116281,440.24158486340156,0.0,0.01675352005531405,2.920825280355489,e4dc8f0,e38de3cdd753f55a2ec54e244e44e2d5230435044aecec9268b7b78fcb02ff0b,audits/paper_extras/v4_runs/v1/sweep_seed909_det.json,audits/paper_extras/v4_runs/v2/bench2_seed909_det.json
909,det,flat_pit0.30_cit0,8,50,241.3154314858488,871.6382910300506,0.27685271972239367,7,56,0.8458333333333333,-2.1351539112162614,KHONG CO,KHONG CO,19295.699335494948,2.50836961043435,15343.555297248846,81.23443865776062,56.35443521837853,18534.033477898785,286.0116134460835,0.0,0.011734405389829452,2.888085819877672,e4dc8f0,e38de3cdd753f55a2ec54e244e44e2d5230435044aecec9268b7b78fcb02ff0b,audits/paper_extras/v4_runs/v1/sweep_seed909_det.json,audits/paper_extras/v4_runs/v2/bench2_seed909_det.json
909,det,flat_pit0.30_cit0,9,51,192.18101326456014,812.388568845078,0.23656292153122227,21,66,0.8791666666666667,-2.7337525083120595,KHONG CO,KHONG CO,21167.80692683515,2.7349383040473576,16684.161417592262,106.0010358095169,126.59673638035143,18913.01128614571,17.74315811742485,674.0170210324541,0.018534045317359565,3.236366399863729,e4dc8f0,e38de3cdd753f55a2ec54e244e44e2d5230435044aecec9268b7b78fcb02ff0b,audits/paper_extras/v4_runs/v1/sweep_seed909_det.json,audits/paper_extras/v4_runs/v2/bench2_seed909_det.json
909,det,flat_pit0.50_cit0,0,42,190.07918761829208,708.5529780796288,0.26826390333360584,63,62,0.9083333333333333,-5.893389000527028,KHONG CO,KHONG CO,30910.072401702655,7.249685072107244,24570.918758286374,74.0521254837513,109.67049069082563,20861.58276586973,258.1768405029003,0.0,0.017510127331995477,3.2129112833471534,e4dc8f0,e38de3cdd753f55a2ec54e244e44e2d5230435044aecec9268b7b78fcb02ff0b,audits/paper_extras/v4_runs/v1/sweep_seed909_det.json,audits/paper_extras/v4_runs/v2/bench2_seed909_det.json
909,det,flat_pit0.50_cit0,1,43,197.13672600348792,777.6970897735853,0.2534878021221364,72,76,0.9041666666666667,-5.261438645271218,KHONG CO,KHONG CO,30484.477481881062,5.351944893156228,24223.427271834167,76.77645117044449,126.3073992723891,20819.397349074166,217.99526675961917,0.0,0.018471665360521996,2.806451344081291,e4dc8f0,e38de3cdd753f55a2ec54e244e44e2d5230435044aecec9268b7b78fcb02ff0b,audits/paper_extras/v4_runs/v1/sweep_seed909_det.json,audits/paper_extras/v4_runs/v2/bench2_seed909_det.json
909,det,flat_pit0.50_cit0,2,44,211.20796026807517,778.1244376815555,0.27143211296303127,66,71,0.8916666666666667,-5.2921489184146875,KHONG CO,KHONG CO,31108.139225585215,7.752148927568116,24684.48002349803,85.69242614507675,110.57316835957457,20854.746728961905,341.820563283544,0.0,0.021519076832366986,2.938901799375594,e4dc8f0,e38de3cdd753f55a2ec54e244e44e2d5230435044aecec9268b7b78fcb02ff0b,audits/paper_extras/v4_runs/v1/sweep_seed909_det.json,audits/paper_extras/v4_runs/v2/bench2_seed909_det.json
909,det,flat_pit0.50_cit0,3,45,213.48464707524988,757.7925465498603,0.28171911698949825,70,64,0.9083333333333333,-5.390465529709794,KHONG CO,KHONG CO,29890.699294221904,5.9711545666237456,23843.015971750472,79.25311088562012,135.0673854805557,20329.23560861702,489.3940634213238,0.0,0.019186815513307157,2.9285043866768876,e4dc8f0,e38de3cdd753f55a2ec54e244e44e2d5230435044aecec9268b7b78fcb02ff0b,audits/paper_extras/v4_runs/v1/sweep_seed909_det.json,audits/paper_extras/v4_runs/v2/bench2_seed909_det.json
909,det,flat_pit0.50_cit0,4,46,179.79603027303892,654.1278610855836,0.2748637399034668,62,57,0.9208333333333333,-6.039548136947283,KHONG CO,KHONG CO,29668.788466100665,9.050904326992908,23607.6186094896,82.22510254383087,131.71622184846478,20381.118844637946,19.69268342694936,575.6570139951137,0.023091127981095146,3.317980963294268,e4dc8f0,e38de3cdd753f55a2ec54e244e44e2d5230435044aecec9268b7b78fcb02ff0b,audits/paper_extras/v4_runs/v1/sweep_seed909_det.json,audits/paper_extras/v4_runs/v2/bench2_seed909_det.json
909,det,flat_pit0.50_cit0,5,47,193.50337353157107,735.3590215170947,0.2631413607088966,71,71,0.9041666666666667,-5.438981091223973,KHONG CO,KHONG CO,31446.859678066547,7.304595756467582,24724.161466027603,89.15974974632263,135.64827203319427,20887.22314230752,18.488909584908498,1436.2769414290428,0.023668913485965025,3.083919762428323,e4dc8f0,e38de3cdd753f55a2ec54e244e44e2d5230435044aecec9268b7b78fcb02ff0b,audits/paper_extras/v4_runs/v1/sweep_seed909_det.json,audits/paper_extras/v4_runs/v2/bench2_seed909_det.json
909,det,flat_pit0.50_cit0,6,48,189.7055117543759,744.8361217464802,0.254694296121887,58,62,0.9125,-5.678300197068337,KHONG CO,KHONG CO,27812.788209320915,4.6370446320294745,22186.46601612763,92.37940737605095,132.57970702292488,16928.41397116717,458.5434407960597,0.0,0.028314066572127223,2.730927644367107,e4dc8f0,e38de3cdd753f55a2ec54e244e44e2d5230435044aecec9268b7b78fcb02ff0b,audits/paper_extras/v4_runs/v1/sweep_seed909_det.json,audits/paper_extras/v4_runs/v2/bench2_seed909_det.json
909,det,flat_pit0.50_cit0,7,49,190.83454300885714,733.8204871132463,0.26005616681482313,76,73,0.9041666666666667,-5.8302166029439215,KHONG CO,KHONG CO,31146.24974845651,6.88214871802645,24740.974969851897,111.44968718290329,213.5958335265032,20775.254038058963,294.8419518946218,0.0,0.034289394908089264,3.054097233675627,e4dc8f0,e38de3cdd753f55a2ec54e244e44e2d5230435044aecec9268b7b78fcb02ff0b,audits/paper_extras/v4_runs/v1/sweep_seed909_det.json,audits/paper_extras/v4_runs/v2/bench2_seed909_det.json
909,det,flat_pit0.50_cit0,8,50,200.53766907274587,695.2929321175745,0.2884218432394978,59,63,0.9,-5.21461171496036,KHONG CO,KHONG CO,28674.85605012235,6.166634118229877,22804.14638159172,76.77645117044449,92.63756240202696,20461.623383719976,203.65226888635522,0.0,0.01758528008624906,3.141754727819897,e4dc8f0,e38de3cdd753f55a2ec54e244e44e2d5230435044aecec9268b7b78fcb02ff0b,audits/paper_extras/v4_runs/v1/sweep_seed909_det.json,audits/paper_extras/v4_runs/v2/bench2_seed909_det.json
909,det,flat_pit0.50_cit0,9,51,167.62524265438478,611.1718745448704,0.2742685807968708,65,54,0.9125,-6.353300851098195,KHONG CO,KHONG CO,30475.697636218007,8.39368715444521,24333.987946687866,74.29979145526886,141.57889070315042,20421.03013989367,470.6620622809331,0.0,0.02022157748842772,3.577803255792428,e4dc8f0,e38de3cdd753f55a2ec54e244e44e2d5230435044aecec9268b7b78fcb02ff0b,audits/paper_extras/v4_runs/v1/sweep_seed909_det.json,audits/paper_extras/v4_runs/v2/bench2_seed909_det.json
909,det,flat_pit0_cit0.10,0,42,372.16761326965116,903.0475745182055,0.41212403839101197,0,66,0.0,0.001112176751401961,KHONG CO,KHONG CO,2160.6444055770294,3.4456974302104904,1732.311063708743,59.43983316421509,0.0,14918.786291632809,453.5529145014654,0.0,0.0034829361230329318,3.099504824953919,e4dc8f0,e38de3cdd753f55a2ec54e244e44e2d5230435044aecec9268b7b78fcb02ff0b,audits/paper_extras/v4_runs/v1/sweep_seed909_det.json,audits/paper_extras/v4_runs/v2/bench2_seed909_det.json
909,det,flat_pit0_cit0.10,1,43,437.5648157222456,986.967487743532,0.44334268469434,0,71,0.0,4.916892291650932e-05,KHONG CO,KHONG CO,2166.748364238278,17.693200029983693,1742.7529140966697,59.43983316421509,0.0,15305.734109627509,76.5147073798706,0.0,0.004470495902514652,2.7745784634432784,e4dc8f0,e38de3cdd753f55a2ec54e244e44e2d5230435044aecec9268b7b78fcb02ff0b,audits/paper_extras/v4_runs/v1/sweep_seed909_det.json,audits/paper_extras/v4_runs/v2/bench2_seed909_det.json
909,det,flat_pit0_cit0.10,2,44,403.66085388531866,984.133310517262,0.4101688760775244,0,72,0.0,8.654564871823922e-05,KHONG CO,KHONG CO,2101.563629108676,14.109959621178744,1692.6366179402817,66.12681439518931,0.0,15328.259859801436,28.65029659294523,0.0,0.007018981273726592,2.8586179153226805,e4dc8f0,e38de3cdd753f55a2ec54e244e44e2d5230435044aecec9268b7b78fcb02ff0b,audits/paper_extras/v4_runs/v1/sweep_seed909_det.json,audits/paper_extras/v4_runs/v2/bench2_seed909_det.json
909,det,flat_pit0_cit0.10,3,45,419.7654958128001,961.9484862975497,0.43637003622557635,0,64,0.0,0.0,KHONG CO,KHONG CO,2152.886244643586,8.002532620776032,1729.8068818722618,59.43983316421509,0.0,14906.460501132917,465.18156109498034,0.0,0.0042124888830796705,2.870922683840773,e4dc8f0,e38de3cdd753f55a2ec54e244e44e2d5230435044aecec9268b7b78fcb02ff0b,audits/paper_extras/v4_runs/v1/sweep_seed909_det.json,audits/paper_extras/v4_runs/v2/bench2_seed909_det.json
909,det,flat_pit0_cit0.10,4,46,372.11262165913234,914.9705558728391,0.4066935479734146,0,77,0.0,0.00030427772916574725,KHONG CO,KHONG CO,2127.0098451721587,1.4780845208949713,1704.3179989205019,66.12681439518929,0.0,15316.783676870686,41.25943950668221,0.0,0.007108746201446785,3.3767922573539937,e4dc8f0,e38de3cdd753f55a2ec54e244e44e2d5230435044aecec9268b7b78fcb02ff0b,audits/paper_extras/v4_runs/v1/sweep_seed909_det.json,audits/paper_extras/v4_runs/v2/bench2_seed909_det.json
909,det,flat_pit0_cit0.10,5,47,392.43609039599914,963.8431497670206,0.40715762776428766,0,73,0.0,0.0001498615870401121,KHONG CO,KHONG CO,2151.4643794144813,10.07833373353147,1730.6032154979043,59.43983316421509,0.0,15352.129875856514,19.36978862938071,0.0,0.004552856612479979,3.0289896228765127,e4dc8f0,e38de3cdd753f55a2ec54e244e44e2d5230435044aecec9268b7b78fcb02ff0b,audits/paper_extras/v4_runs/v1/sweep_seed909_det.json,audits/paper_extras/v4_runs/v2/bench2_seed909_det.json
909,det,flat_pit0_cit0.10,6,48,438.59503535494713,989.5753455509039,0.4432154027753976,0,80,0.0,8.281993684189359e-07,KHONG CO,KHONG CO,1956.381114945528,8.260168199268236,1573.1495668579985,68.35580813884735,0.0,11902.205464474917,420.9304436730394,0.0,0.007909566845453114,2.7691254240118166,e4dc8f0,e38de3cdd753f55a2ec54e244e44e2d5230435044aecec9268b7b78fcb02ff0b,audits/paper_extras/v4_runs/v1/sweep_seed909_det.json,audits/paper_extras/v4_runs/v2/bench2_seed909_det.json
909,det,flat_pit0_cit0.10,7,49,447.56841323202895,941.749105516852,0.4752522838727772,0,62,0.0,8.16067342590543e-06,KHONG CO,KHONG CO,2257.2508849949045,19.767669207515446,1823.3192438381477,63.89782065153122,0.0,15219.223613532822,170.57787617993617,0.0,0.00575206921912503,3.072730636037632,e4dc8f0,e38de3cdd753f55a2ec54e244e44e2d5230435044aecec9268b7b78fcb02ff0b,audits/paper_extras/v4_runs/v1/sweep_seed909_det.json,audits/paper_extras/v4_runs/v2/bench2_seed909_det.json
909,det,flat_pit0_cit0.10,8,50,376.46712111331374,889.0170158446159,0.4234644718871313,0,55,0.0,0.0031578279187189917,KHONG CO,KHONG CO,2135.7042151769015,5.085187587565889,1713.6670672207003,61.668826907873154,0.0,14951.071394142738,414.3821144931475,0.0,0.004736354262421268,3.057083036527025,e4dc8f0,e38de3cdd753f55a2ec54e244e44e2d5230435044aecec9268b7b78fcb02ff0b,audits/paper_extras/v4_runs/v1/sweep_seed909_det.json,audits/paper_extras/v4_runs/v2/bench2_seed909_det.json
909,det,flat_pit0_cit0.10,9,51,326.336717605281,843.5030660363899,0.3868826691273727,0,60,0.0,0.01824665304233619,KHONG CO,KHONG CO,2090.302622556637,9.83503410613636,1680.7639754466334,61.668826907873154,0.0,14975.854927918544,381.84992638971636,0.0,0.0048876705327576975,3.290033485083998,e4dc8f0,e38de3cdd753f55a2ec54e244e44e2d5230435044aecec9268b7b78fcb02ff0b,audits/paper_extras/v4_runs/v1/sweep_seed909_det.json,audits/paper_extras/v4_runs/v2/bench2_seed909_det.json
909,det,flat_pit0_cit0.20,0,42,374.1801193765188,911.6211024583473,0.4104557456683221,0,64,0.0,0.0024138629818115653,KHONG CO,KHONG CO,4656.87843915721,9.435976577292934,3735.1960225185217,59.43983316421509,0.0,15395.143527442555,476.5350326092147,0.0,0.0034107846987450757,3.2733378238789683,e4dc8f0,e38de3cdd753f55a2ec54e244e44e2d5230435044aecec9268b7b78fcb02ff0b,audits/paper_extras/v4_runs/v1/sweep_seed909_det.json,audits/paper_extras/v4_runs/v2/bench2_seed909_det.json
909,det,flat_pit0_cit0.20,1,43,434.9935300283382,1003.6793264829979,0.43339891392662544,0,72,0.0,9.481723069892922e-05,KHONG CO,KHONG CO,4661.349865913441,36.250069593176185,3761.225196288634,59.43983316421509,0.0,15740.213652596525,136.72125345724248,0.0,0.004504648907979133,2.9070244389681776,e4dc8f0,e38de3cdd753f55a2ec54e244e44e2d5230435044aecec9268b7b78fcb02ff0b,audits/paper_extras/v4_runs/v1/sweep_seed909_det.json,audits/paper_extras/v4_runs/v2/bench2_seed909_det.json
909,det,flat_pit0_cit0.20,2,44,406.7320759453269,981.8233208003578,0.4142619831170532,0,59,0.0,0.0008185947713221786,KHONG CO,KHONG CO,4512.533992513963,26.742312908703227,3633.2993906621004,66.12681439518929,0.0,15791.515539975306,48.3345603900672,0.0,0.006551540514052764,2.992936451191572,e4dc8f0,e38de3cdd753f55a2ec54e244e44e2d5230435044aecec9268b7b78fcb02ff0b,audits/paper_extras/v4_runs/v1/sweep_seed909_det.json,audits/paper_extras/v4_runs/v2/bench2_seed909_det.json
909,det,flat_pit0_cit0.20,3,45,416.2134695110302,981.0649636438278,0.4242465941961159,1,71,0.0,0.0014940239420984103,KHONG CO,KHONG CO,4682.082028098515,13.96641919589667,3758.8454486883984,59.43983316421509,0.0,15839.967022717932,38.11873667398722,0.0,0.005267681206966492,3.0286909014709598,e4dc8f0,e38de3cdd753f55a2ec54e244e44e2d5230435044aecec9268b7b78fcb02ff0b,audits/paper_extras/v4_runs/v1/sweep_seed909_det.json,audits/paper_extras/v4_runs/v2/bench2_seed909_det.json
909,det,flat_pit0_cit0.20,4,46,352.44528125679153,889.8921415139941,0.39605393149912327,0,62,0.0,0.000766691131298014,KHONG CO,KHONG CO,4575.725110866138,4.5760753487088985,3662.867985908294,66.12681439518929,0.0,15791.032873328108,60.27351258325838,0.0,0.006587236143498393,3.540023777147623,e4dc8f0,e38de3cdd753f55a2ec54e244e44e2d5230435044aecec9268b7b78fcb02ff0b,audits/paper_extras/v4_runs/v1/sweep_seed909_det.json,audits/paper_extras/v4_runs/v2/bench2_seed909_det.json
909,det,flat_pit0_cit0.20,5,47,380.70221536742025,923.4146861103426,0.41227654389062707,0,63,0.0,0.0,KHONG CO,KHONG CO,4558.919866785475,18.98461003826305,3662.790228423249,59.43983316421509,0.0,15847.915749847303,7.758665388973979,0.0,0.004201032376763653,3.1311516000475055,e4dc8f0,e38de3cdd753f55a2ec54e244e44e2d5230435044aecec9268b7b78fcb02ff0b,audits/paper_extras/v4_runs/v1/sweep_seed909_det.json,audits/paper_extras/v4_runs/v2/bench2_seed909_det.json
909,det,flat_pit0_cit0.20,6,48,418.694851347523,977.297820731864,0.4284209403372834,0,67,0.0,1.6069877564195423e-06,KHONG CO,KHONG CO,4226.99607634702,17.758335349002078,3398.8674108759697,68.35580813884735,0.0,12379.531218091903,397.99997458929835,0.0,0.007472340504362952,2.909811282793518,e4dc8f0,e38de3cdd753f55a2ec54e244e44e2d5230435044aecec9268b7b78fcb02ff0b,audits/paper_extras/v4_runs/v1/sweep_seed909_det.json,audits/paper_extras/v4_runs/v2/bench2_seed909_det.json
909,det,flat_pit0_cit0.20,7,49,445.7244113398895,971.0821796443813,0.45899762212001216,0,70,0.0,7.2551869525483426e-06,KHONG CO,KHONG CO,4856.352953366277,47.98850913380458,3899.4115622982254,63.89782065153122,0.0,15681.27917451343,259.752905036887,0.0,0.006038303005257684,3.2386296357853896,e4dc8f0,e38de3cdd753f55a2ec54e244e44e2d5230435044aecec9268b7b78fcb02ff0b,audits/paper_extras/v4_runs/v1/sweep_seed909_det.json,audits/paper_extras/v4_runs/v2/bench2_seed909_det.json
909,det,flat_pit0_cit0.20,8,50,388.572464741677,905.2386424520807,0.42924864949327024,0,59,0.0,0.00847513329725369,KHONG CO,KHONG CO,4625.667551987878,8.570623036945939,3709.5974091139524,61.66882690787321,0.0,15472.84536510422,390.1265738987693,0.0,0.004891409795098514,3.25169472497593,e4dc8f0,e38de3cdd753f55a2ec54e244e44e2d5230435044aecec9268b7b78fcb02ff0b,audits/paper_extras/v4_runs/v1/sweep_seed909_det.json,audits/paper_extras/v4_runs/v2/bench2_seed909_det.json
909,det,flat_pit0_cit0.20,9,51,328.2625700005342,845.6894579994735,0.38815970436365377,0,55,0.0,0.10034604211927922,KHONG CO,KHONG CO,4499.559520131308,20.60263830311418,3617.2449560490663,61.668826907873154,0.0,15485.789497270012,355.4588782074691,0.0,0.004694736212201664,3.496050851690571,e4dc8f0,e38de3cdd753f55a2ec54e244e44e2d5230435044aecec9268b7b78fcb02ff0b,audits/paper_extras/v4_runs/v1/sweep_seed909_det.json,audits/paper_extras/v4_runs/v2/bench2_seed909_det.json
909,det,flat_pit0_cit0.30,0,42,380.7742018222438,926.8354306699676,0.41083259144182616,0,69,0.0,0.058973573563828374,KHONG CO,KHONG CO,7655.503678123046,13.997111079620936,6135.238323514837,59.439833164215116,0.0,16363.55706552895,111.26556699465931,0.0,0.0035888733987109855,3.497777714788846,e4dc8f0,e38de3cdd753f55a2ec54e244e44e2d5230435044aecec9268b7b78fcb02ff0b,audits/paper_extras/v4_runs/v1/sweep_seed909_det.json,audits/paper_extras/v4_runs/v2/bench2_seed909_det.json
909,det,flat_pit0_cit0.30,1,43,433.22378213217746,995.0165845903697,0.43539352895361827,0,57,0.0,0.00020927992483721347,KHONG CO,KHONG CO,7560.309305538235,62.447008456154556,6082.531077946444,59.43983316421509,0.0,16216.067120799573,264.7182820841499,0.0,0.003960401601697533,3.0692693315248007,e4dc8f0,e38de3cdd753f55a2ec54e244e44e2d5230435044aecec9268b7b78fcb02ff0b,audits/paper_extras/v4_runs/v1/sweep_seed909_det.json,audits/paper_extras/v4_runs/v2/bench2_seed909_det.json
909,det,flat_pit0_cit0.30,2,44,417.164279675457,1005.2345664729587,0.41499197658826126,0,74,0.0,0.003690787532002915,KHONG CO,KHONG CO,7344.466928310423,27.918175856800296,5892.5689521975455,66.12681439518929,0.0,16307.263069986495,106.42626758799742,0.0,0.007086458763017615,3.1978187048004503,e4dc8f0,e38de3cdd753f55a2ec54e244e44e2d5230435044aecec9268b7b78fcb02ff0b,audits/paper_extras/v4_runs/v1/sweep_seed909_det.json,audits/paper_extras/v4_runs/v2/bench2_seed909_det.json
909,det,flat_pit0_cit0.30,3,45,427.87665003830773,1002.6756841476529,0.42673484238528625,0,71,0.0,0.006306053915085874,KHONG CO,KHONG CO,7599.473545127271,14.914771573410286,6094.669104243264,59.43983316421509,0.0,16306.49157611991,153.78780317329125,0.0,0.004459735066975792,3.2210235656732333,e4dc8f0,e38de3cdd753f55a2ec54e244e44e2d5230435044aecec9268b7b78fcb02ff0b,audits/paper_extras/v4_runs/v1/sweep_seed909_det.json,audits/paper_extras/v4_runs/v2/bench2_seed909_det.json
909,det,flat_pit0_cit0.30,4,46,330.0736372949428,879.014921881146,0.3755040205558341,0,61,0.0,0.013873469827609508,KHONG CO,KHONG CO,7348.976088395538,6.439202514123954,5881.151423676459,66.12681439518929,0.0,16353.202908370149,54.93414446785764,0.0,0.006550033762546011,3.7136736636888634,e4dc8f0,e38de3cdd753f55a2ec54e244e44e2d5230435044aecec9268b7b78fcb02ff0b,audits/paper_extras/v4_runs/v1/sweep_seed909_det.json,audits/paper_extras/v4_runs/v2/bench2_seed909_det.json
909,det,flat_pit0_cit0.30,5,47,379.01290398252746,931.6525581377517,0.4068178643121244,0,57,0.0,0.0,KHONG CO,KHONG CO,7432.181663608024,28.07155221741947,5969.398567024288,59.43983316421509,0.0,16344.092625374753,87.32219026218479,0.0,0.003974733967444992,3.3366801457783386,e4dc8f0,e38de3cdd753f55a2ec54e244e44e2d5230435044aecec9268b7b78fcb02ff0b,audits/paper_extras/v4_runs/v1/sweep_seed909_det.json,audits/paper_extras/v4_runs/v2/bench2_seed909_det.json
909,det,flat_pit0_cit0.30,6,48,437.8860950016174,979.5900352784881,0.447009544025354,0,75,0.0,2.5923640738056974e-05,KHONG CO,KHONG CO,6901.207199603533,21.90407660805112,5543.544530486653,68.35580813884735,0.0,12890.70614446836,420.5047931177157,0.0,0.007746786556447518,3.093642517018011,e4dc8f0,e38de3cdd753f55a2ec54e244e44e2d5230435044aecec9268b7b78fcb02ff0b,audits/paper_extras/v4_runs/v1/sweep_seed909_det.json,audits/paper_extras/v4_runs/v2/bench2_seed909_det.json
909,det,flat_pit0_cit0.30,7,49,454.2433587170765,967.5530333883758,0.46947644526141774,0,67,0.0,1.3447888626449966e-05,KHONG CO,KHONG CO,7891.2100629790775,76.6754907180167,6380.254252733526,63.89782065153125,0.0,16146.956731292172,376.7767490198724,0.0,0.005933256042969944,3.450152132806367,e4dc8f0,e38de3cdd753f55a2ec54e244e44e2d5230435044aecec9268b7b78fcb02ff0b,audits/paper_extras/v4_runs/v1/sweep_seed909_det.json,audits/paper_extras/v4_runs/v2/bench2_seed909_det.json
909,det,flat_pit0_cit0.30,8,50,383.70622014553726,920.5550008638736,0.41682052651439294,0,63,0.0,0.06784681461292674,KHONG CO,KHONG CO,7513.300385666871,12.717647258893406,6017.264104331071,61.668826907873154,0.0,16405.425951957957,41.65914972885294,0.0,0.005040901657809404,3.4225208882511398,e4dc8f0,e38de3cdd753f55a2ec54e244e44e2d5230435044aecec9268b7b78fcb02ff0b,audits/paper_extras/v4_runs/v1/sweep_seed909_det.json,audits/paper_extras/v4_runs/v2/bench2_seed909_det.json
909,det,flat_pit0_cit0.30,9,51,330.51964382396227,869.0635390930828,0.38031700670457114,0,70,0.0,0.0,KHONG CO,KHONG CO,7362.558101941983,22.757329478406753,5910.809191999647,61.668826907873154,0.0,16303.738276174956,109.09913633792492,0.0,0.00524864423738027,3.769236147370022,e4dc8f0,e38de3cdd753f55a2ec54e244e44e2d5230435044aecec9268b7b78fcb02ff0b,audits/paper_extras/v4_runs/v1/sweep_seed909_det.json,audits/paper_extras/v4_runs/v2/bench2_seed909_det.json
909,det,flat_pit0_cit0.50,0,42,398.4055252006815,954.9772462259775,0.417188500328317,0,68,0.0,0.1471702462945066,KHONG CO,KHONG CO,15332.954382521952,11.794628939453254,12201.837115673434,59.43983316421509,0.0,17793.703229391456,289.7688332322843,0.0,0.0035538593931087447,4.072608629437054,e4dc8f0,e38de3cdd753f55a2ec54e244e44e2d5230435044aecec9268b7b78fcb02ff0b,audits/paper_extras/v4_runs/v1/sweep_seed909_det.json,audits/paper_extras/v4_runs/v2/bench2_seed909_det.json
909,det,flat_pit0_cit0.50,1,43,443.22882426527127,1027.3149579585304,0.431443950885375,0,63,0.0,0.01494344603863329,KHONG CO,KHONG CO,15080.314575454162,86.25721285485169,12114.432556052856,59.43983316421509,0.0,17676.153380076335,316.5460190155981,0.0,0.004186700011016191,3.4929367669659217,e4dc8f0,e38de3cdd753f55a2ec54e244e44e2d5230435044aecec9268b7b78fcb02ff0b,audits/paper_extras/v4_runs/v1/sweep_seed909_det.json,audits/paper_extras/v4_runs/v2/bench2_seed909_det.json
909,det,flat_pit0_cit0.50,2,44,413.5025126506862,1014.3236624619068,0.4076632814096609,0,70,0.0,0.049743033756131094,KHONG CO,KHONG CO,14531.099133516189,52.98381784766761,11627.78237315565,66.12681439518929,0.0,17759.992727116038,130.18103669698704,0.0,0.006950393006554123,3.624803907561463,e4dc8f0,e38de3cdd753f55a2ec54e244e44e2d5230435044aecec9268b7b78fcb02ff0b,audits/paper_extras/v4_runs/v1/sweep_seed909_det.json,audits/paper_extras/v4_runs/v2/bench2_seed909_det.json
909,det,flat_pit0_cit0.50,3,45,436.85219494750487,1016.4761007913313,0.4297712406690265,0,67,0.0,0.0333843190074834,KHONG CO,KHONG CO,15081.389810595241,38.72555896177925,12072.10800031859,59.43983316421509,0.0,17602.19608146752,386.3714546067158,0.0,0.004320252842980062,3.6851886647840786,e4dc8f0,e38de3cdd753f55a2ec54e244e44e2d5230435044aecec9268b7b78fcb02ff0b,audits/paper_extras/v4_runs/v1/sweep_seed909_det.json,audits/paper_extras/v4_runs/v2/bench2_seed909_det.json
909,det,flat_pit0_cit0.50,4,46,337.7952132562759,893.5817900783252,0.37802383285660635,0,64,0.0,0.07182760244622521,KHONG CO,KHONG CO,14642.252826967193,10.47318146661372,11723.807004818269,66.12681439518934,0.0,17828.27717300362,34.51501621672551,0.0,0.006660659007442915,4.285673519480574,e4dc8f0,e38de3cdd753f55a2ec54e244e44e2d5230435044aecec9268b7b78fcb02ff0b,audits/paper_extras/v4_runs/v1/sweep_seed909_det.json,audits/paper_extras/v4_runs/v2/bench2_seed909_det.json
909,det,flat_pit0_cit0.50,5,47,402.7798255246162,955.6334597231565,0.42147940868594114,0,60,0.0,0.03816098202274709,KHONG CO,KHONG CO,15003.180985211633,106.53888807947638,12089.5674909294,59.43983316421509,0.0,17704.35903923678,256.3535099606899,0.0,0.0040894193019315505,3.868848373612189,e4dc8f0,e38de3cdd753f55a2ec54e244e44e2d5230435044aecec9268b7b78fcb02ff0b,audits/paper_extras/v4_runs/v1/sweep_seed909_det.json,audits/paper_extras/v4_runs/v2/bench2_seed909_det.json
909,det,flat_pit0_cit0.50,6,48,408.53865696396775,992.9523753458644,0.4114383198103191,0,67,0.0,0.001042403418547444,KHONG CO,KHONG CO,13839.405967076631,37.42915128312151,11104.418488824813,68.35580813884735,0.0,14360.465011576884,343.5958098192037,0.0,0.0074723405043629525,3.502128438917676,e4dc8f0,e38de3cdd753f55a2ec54e244e44e2d5230435044aecec9268b7b78fcb02ff0b,audits/paper_extras/v4_runs/v1/sweep_seed909_det.json,audits/paper_extras/v4_runs/v2/bench2_seed909_det.json
909,det,flat_pit0_cit0.50,7,49,434.51180925012176,992.7524985275218,0.43768392413476853,0,71,0.0,0.0003047429183677952,KHONG CO,KHONG CO,15846.933515726003,92.73216131030776,12735.498788502538,63.89782065153119,0.0,17660.214022133838,480.05504574840006,0.0,0.006072738266965674,3.9554008200307744,e4dc8f0,e38de3cdd753f55a2ec54e244e44e2d5230435044aecec9268b7b78fcb02ff0b,audits/paper_extras/v4_runs/v1/sweep_seed909_det.json,audits/paper_extras/v4_runs/v2/bench2_seed909_det.json
909,det,flat_pit0_cit0.50,8,50,381.2747498897402,918.9258644498872,0.41491350351531286,0,63,0.0,0.21621253881595415,KHONG CO,KHONG CO,14974.719355666202,48.3438884251513,12002.272922598147,61.668826907873154,0.0,17806.50319337456,152.6183012107881,0.0,0.005040901657809403,3.9249060113316308,e4dc8f0,e38de3cdd753f55a2ec54e244e44e2d5230435044aecec9268b7b78fcb02ff0b,audits/paper_extras/v4_runs/v1/sweep_seed909_det.json,audits/paper_extras/v4_runs/v2/bench2_seed909_det.json
909,det,flat_pit0_cit0.50,9,51,320.9646911856066,851.189331493622,0.37707790653625173,0,57,0.0,0.007779435809457613,KHONG CO,KHONG CO,14466.142109167635,62.552376150680985,11627.284665944575,61.668826907873154,0.0,17397.659240992052,442.08175147379825,0.0,0.00477298519827114,4.301612916487246,e4dc8f0,e38de3cdd753f55a2ec54e244e44e2d5230435044aecec9268b7b78fcb02ff0b,audits/paper_extras/v4_runs/v1/sweep_seed909_det.json,audits/paper_extras/v4_runs/v2/bench2_seed909_det.json
909,exp,rl_learned,0,42,395.3572919112377,919.5554551736512,0.42994393615616955,0,,0.04583333333333333,,KHONG CO,KHONG CO,4611.436520770426,65.82236946650387,4183.906566015114,100.12785811722279,12.961574204211567,15275.368179534022,,,0.005394351457079649,,cf8c88c,e38de3cdd753f55a2ec54e244e44e2d5230435044aecec9268b7b78fcb02ff0b,audits/paper_extras/v4_runs/v1/sweep_seed909_exp.json,KHONG CO (che do lay mau v1)
909,exp,rl_learned,1,43,447.47333578218485,988.3643083735919,0.45274129386412887,0,,0.0,,KHONG CO,KHONG CO,4603.998128728394,29.724076514855682,4094.7419249403274,83.38615210354331,1.698531985282898,15328.318882839101,,,0.005809318958471793,,cf8c88c,e38de3cdd753f55a2ec54e244e44e2d5230435044aecec9268b7b78fcb02ff0b,audits/paper_extras/v4_runs/v1/sweep_seed909_exp.json,KHONG CO (che do lay mau v1)
909,exp,rl_learned,2,44,372.74194921919684,943.6488970952835,0.3950006727783626,0,,0.0,,KHONG CO,KHONG CO,3819.982597031715,26.974435571417956,3330.1999137199564,52.557660922408104,0.0,15356.358506579512,,,0.006246588363318522,,cf8c88c,e38de3cdd753f55a2ec54e244e44e2d5230435044aecec9268b7b78fcb02ff0b,audits/paper_extras/v4_runs/v1/sweep_seed909_exp.json,KHONG CO (che do lay mau v1)
909,exp,rl_learned,3,45,421.211527116203,960.5833315471745,0.4384955612729339,0,,0.0,,KHONG CO,KHONG CO,4472.495497338613,63.974434145280554,3899.6495161405096,86.16541408002377,2.807651374489069,15227.873792006563,,,0.0037124142411029603,,cf8c88c,e38de3cdd753f55a2ec54e244e44e2d5230435044aecec9268b7b78fcb02ff0b,audits/paper_extras/v4_runs/v1/sweep_seed909_exp.json,KHONG CO (che do lay mau v1)
909,exp,rl_learned,4,46,387.39258232850335,892.7099408073061,0.43395123614079156,2,,0.058333333333333334,,KHONG CO,KHONG CO,3725.983579367212,35.08403523602299,3293.969216988694,108.1837395876646,8.580432014945835,14945.137896772798,,,0.009028007652314974,,cf8c88c,e38de3cdd753f55a2ec54e244e44e2d5230435044aecec9268b7b78fcb02ff0b,audits/paper_extras/v4_runs/v1/sweep_seed909_exp.json,KHONG CO (che do lay mau v1)
909,exp,rl_learned,5,47,352.8447173281587,906.4141785604734,0.389275372863795,0,,0.0,,KHONG CO,KHONG CO,4860.236362216279,71.03194174776071,4318.51811898266,11.84065867960453,0.0,15397.929421869028,,,0.006514948201286678,,cf8c88c,e38de3cdd753f55a2ec54e244e44e2d5230435044aecec9268b7b78fcb02ff0b,audits/paper_extras/v4_runs/v1/sweep_seed909_exp.json,KHONG CO (che do lay mau v1)
909,exp,rl_learned,6,48,357.4780771562896,897.8236989676799,0.3981606606812884,1,,0.0,,KHONG CO,KHONG CO,4942.394660415187,22.65005366667074,4351.832405455667,63.99418991804123,2.4635167866945267,15332.418418250647,,,0.0037912501762080086,,cf8c88c,e38de3cdd753f55a2ec54e244e44e2d5230435044aecec9268b7b78fcb02ff0b,audits/paper_extras/v4_runs/v1/sweep_seed909_exp.json,KHONG CO (che do lay mau v1)
909,exp,rl_learned,7,49,407.3293113926647,963.3522532484011,0.42282489091519726,0,,0.0,,KHONG CO,KHONG CO,3985.99371087893,44.83535294263338,3559.101023306479,58.71358443796635,12.365984622256716,15329.418248263224,,,0.006572944033462095,,cf8c88c,e38de3cdd753f55a2ec54e244e44e2d5230435044aecec9268b7b78fcb02ff0b,audits/paper_extras/v4_runs/v1/sweep_seed909_exp.json,KHONG CO (che do lay mau v1)
909,exp,rl_learned,8,50,368.47592677135685,897.6450138217192,0.4104918103455757,0,,0.0,,KHONG CO,KHONG CO,4595.077860968216,29.34441582099354,3963.3194213198663,38.613001719117165,0.0,15388.659390421271,,,0.004830307678410861,,cf8c88c,e38de3cdd753f55a2ec54e244e44e2d5230435044aecec9268b7b78fcb02ff0b,audits/paper_extras/v4_runs/v1/sweep_seed909_exp.json,KHONG CO (che do lay mau v1)
909,exp,rl_learned,9,51,367.2897977831262,915.8510569618016,0.40103660414123987,0,,0.004166666666666667,,KHONG CO,KHONG CO,4362.209969108423,36.05139460740986,3902.581317077414,81.25137139856815,4.397851165384054,15310.076362846024,,,0.005965583112961125,,cf8c88c,e38de3cdd753f55a2ec54e244e44e2d5230435044aecec9268b7b78fcb02ff0b,audits/paper_extras/v4_runs/v1/sweep_seed909_exp.json,KHONG CO (che do lay mau v1)
909,exp,free_market+rl_aux,0,42,394.3575793393618,936.6888210998775,0.42101236873554204,0,,0.0,,KHONG CO,KHONG CO,0.0,0.0,0.0,71.46364510059351,3.5287487731193723,14823.275222461456,,,0.005717426645757181,,cf8c88c,e38de3cdd753f55a2ec54e244e44e2d5230435044aecec9268b7b78fcb02ff0b,audits/paper_extras/v4_runs/v1/sweep_seed909_exp.json,KHONG CO (che do lay mau v1)
909,exp,free_market+rl_aux,1,43,421.3421906469464,967.5339972640165,0.4354805018101833,0,,0.0,,KHONG CO,KHONG CO,0.0,0.0,0.0,72.35694066435099,9.092538717384283,14865.98384872297,,,0.005737061960274803,,cf8c88c,e38de3cdd753f55a2ec54e244e44e2d5230435044aecec9268b7b78fcb02ff0b,audits/paper_extras/v4_runs/v1/sweep_seed909_exp.json,KHONG CO (che do lay mau v1)
909,exp,free_market+rl_aux,2,44,365.05420832389865,895.1064978246468,0.40783326812069853,0,,0.0,,KHONG CO,KHONG CO,0.0,0.0,0.0,76.82341848313808,3.6532433307880297,14946.619970286716,,,0.005683309643044813,,cf8c88c,e38de3cdd753f55a2ec54e244e44e2d5230435044aecec9268b7b78fcb02ff0b,audits/paper_extras/v4_runs/v1/sweep_seed909_exp.json,KHONG CO (che do lay mau v1)
909,exp,free_market+rl_aux,3,45,428.55224309411165,977.6671594419963,0.43834165743964226,0,,0.0,,KHONG CO,KHONG CO,0.0,0.0,0.0,71.46364510059357,2.4573835730552673,14753.20194849841,,,0.004074463173813951,,cf8c88c,e38de3cdd753f55a2ec54e244e44e2d5230435044aecec9268b7b78fcb02ff0b,audits/paper_extras/v4_runs/v1/sweep_seed909_exp.json,KHONG CO (che do lay mau v1)
909,exp,free_market+rl_aux,4,46,357.0037452236218,847.72023540575,0.4211339193203837,1,,0.0,,KHONG CO,KHONG CO,0.0,0.0,0.0,71.46364510059357,0.8923334071194615,14852.089347090674,,,0.004829318402003792,,cf8c88c,e38de3cdd753f55a2ec54e244e44e2d5230435044aecec9268b7b78fcb02ff0b,audits/paper_extras/v4_runs/v1/sweep_seed909_exp.json,KHONG CO (che do lay mau v1)
909,exp,free_market+rl_aux,5,47,357.86970719851274,880.7567928964721,0.4063206893035888,0,,0.0,,KHONG CO,KHONG CO,0.0,0.0,0.0,77.71671404689553,5.269227918382118,14945.172132672324,,,0.0068159780321635464,,cf8c88c,e38de3cdd753f55a2ec54e244e44e2d5230435044aecec9268b7b78fcb02ff0b,audits/paper_extras/v4_runs/v1/sweep_seed909_exp.json,KHONG CO (che do lay mau v1)
909,exp,free_market+rl_aux,6,48,396.7619865298353,900.3741577123159,0.44066345433317866,0,,0.0,,KHONG CO,KHONG CO,0.0,0.0,0.0,71.46364510059357,4.985233024421909,14807.444148180353,,,0.004578931595160341,,cf8c88c,e38de3cdd753f55a2ec54e244e44e2d5230435044aecec9268b7b78fcb02ff0b,audits/paper_extras/v4_runs/v1/sweep_seed909_exp.json,KHONG CO (che do lay mau v1)
909,exp,free_market+rl_aux,7,49,392.75813392680146,940.8691611739642,0.4174418188356176,0,,0.0,,KHONG CO,KHONG CO,0.0,0.0,0.0,74.14353179186583,0.0,14845.777064121303,,,0.004858730056536423,,cf8c88c,e38de3cdd753f55a2ec54e244e44e2d5230435044aecec9268b7b78fcb02ff0b,audits/paper_extras/v4_runs/v1/sweep_seed909_exp.json,KHONG CO (che do lay mau v1)
909,exp,free_market+rl_aux,8,50,391.48178939205764,915.2183492227639,0.4277468756221048,0,,0.0,,KHONG CO,KHONG CO,0.0,0.0,0.0,71.4636451005936,0.0,14819.134051616795,,,0.0050191376142514855,,cf8c88c,e38de3cdd753f55a2ec54e244e44e2d5230435044aecec9268b7b78fcb02ff0b,audits/paper_extras/v4_runs/v1/sweep_seed909_exp.json,KHONG CO (che do lay mau v1)
909,exp,free_market+rl_aux,9,51,347.88079850081596,864.8991671621368,0.4022212203559691,0,,0.0,,KHONG CO,KHONG CO,0.0,0.0,0.0,71.46364510059357,0.0,14906.876388951894,,,0.003447016582803047,,cf8c88c,e38de3cdd753f55a2ec54e244e44e2d5230435044aecec9268b7b78fcb02ff0b,audits/paper_extras/v4_runs/v1/sweep_seed909_exp.json,KHONG CO (che do lay mau v1)
909,exp,rl_mean_fixed,0,42,402.0271070517639,925.9130769178332,0.43419530091315506,0,,0.1,,KHONG CO,KHONG CO,4625.977821637143,74.97356601680562,3591.93380993228,72.35694066435099,10.885378469624227,15752.08540024894,,,0.005568677297904883,,cf8c88c,e38de3cdd753f55a2ec54e244e44e2d5230435044aecec9268b7b78fcb02ff0b,audits/paper_extras/v4_runs/v1/sweep_seed909_exp.json,KHONG CO (che do lay mau v1)
909,exp,rl_mean_fixed,1,43,409.73494540369916,961.8469178833128,0.4259876886702323,0,,0.008333333333333333,,KHONG CO,KHONG CO,4442.023735676317,36.25618589403073,3429.011666313174,71.46364510059357,0.0,15498.693580733878,,,0.004916975562169464,,cf8c88c,e38de3cdd753f55a2ec54e244e44e2d5230435044aecec9268b7b78fcb02ff0b,audits/paper_extras/v4_runs/v1/sweep_seed909_exp.json,KHONG CO (che do lay mau v1)
909,exp,rl_mean_fixed,2,44,375.1797076545484,972.9203913600446,0.38562220607801734,1,,0.0875,,KHONG CO,KHONG CO,4390.051964633324,54.881315531623486,3405.219423149288,80.99213111400604,5.699217000937005,15776.043359299352,,,0.009027249482013222,,cf8c88c,e38de3cdd753f55a2ec54e244e44e2d5230435044aecec9268b7b78fcb02ff0b,audits/paper_extras/v4_runs/v1/sweep_seed909_exp.json,KHONG CO (che do lay mau v1)
909,exp,rl_mean_fixed,3,45,410.97848420362976,956.0494294830316,0.42987158564161243,0,,0.075,,KHONG CO,KHONG CO,4674.525084603565,48.56095726664208,3607.3691109384354,71.46364510059357,10.373625320139173,15770.931926354997,,,0.005869132987572812,,cf8c88c,e38de3cdd753f55a2ec54e244e44e2d5230435044aecec9268b7b78fcb02ff0b,audits/paper_extras/v4_runs/v1/sweep_seed909_exp.json,KHONG CO (che do lay mau v1)
909,exp,rl_mean_fixed,4,46,355.3935845863486,891.5814994953922,0.39861031749480047,0,,0.10416666666666667,,KHONG CO,KHONG CO,4465.335687190563,32.21115933415264,3445.80712580911,74.14353179186583,16.135175011776255,15715.908613564936,,,0.006727294038898561,,cf8c88c,e38de3cdd753f55a2ec54e244e44e2d5230435044aecec9268b7b78fcb02ff0b,audits/paper_extras/v4_runs/v1/sweep_seed909_exp.json,KHONG CO (che do lay mau v1)
909,exp,rl_mean_fixed,5,47,400.16695218969335,949.1947858942325,0.4215857041531236,0,,0.0,,KHONG CO,KHONG CO,4639.112288780824,18.62585953534581,3564.3043338562215,71.46364510059357,6.914310564579832,15945.015308868107,,,0.004008699931616893,,cf8c88c,e38de3cdd753f55a2ec54e244e44e2d5230435044aecec9268b7b78fcb02ff0b,audits/paper_extras/v4_runs/v1/sweep_seed909_exp.json,KHONG CO (che do lay mau v1)
909,exp,rl_mean_fixed,6,48,364.06093368508215,901.7134472808244,0.4037434894454902,1,,0.07083333333333333,,KHONG CO,KHONG CO,4824.7817098999885,60.2105217781729,3739.870562444363,71.46364510059354,4.923103399468314,15891.601287685959,,,0.005556870980846009,,cf8c88c,e38de3cdd753f55a2ec54e244e44e2d5230435044aecec9268b7b78fcb02ff0b,audits/paper_extras/v4_runs/v1/sweep_seed909_exp.json,KHONG CO (che do lay mau v1)
909,exp,rl_mean_fixed,7,49,441.159290153993,970.3362322178494,0.45464579751459666,0,,0.12083333333333333,,KHONG CO,KHONG CO,4696.267139927359,29.884869357288704,3621.0121554016546,71.46364510059357,0.0,15745.801709980587,,,0.004391845167970213,,cf8c88c,e38de3cdd753f55a2ec54e244e44e2d5230435044aecec9268b7b78fcb02ff0b,audits/paper_extras/v4_runs/v1/sweep_seed909_exp.json,KHONG CO (che do lay mau v1)
909,exp,rl_mean_fixed,8,50,372.2957380774863,906.6391939497546,0.4106327418469389,0,,0.0,,KHONG CO,KHONG CO,4500.339987186637,41.93696101385868,3478.862883607411,74.14353179186583,0.0,15876.451227227892,,,0.0051102400406347484,,cf8c88c,e38de3cdd753f55a2ec54e244e44e2d5230435044aecec9268b7b78fcb02ff0b,audits/paper_extras/v4_runs/v1/sweep_seed909_exp.json,KHONG CO (che do lay mau v1)
909,exp,rl_mean_fixed,9,51,322.92441697300893,860.5758704224035,0.37524223961160486,0,,0.0375,,KHONG CO,KHONG CO,4455.655860477557,47.31048014352925,3444.5073898386404,71.46364510059357,11.602274721955862,15839.019170190599,,,0.005777962326702666,,cf8c88c,e38de3cdd753f55a2ec54e244e44e2d5230435044aecec9268b7b78fcb02ff0b,audits/paper_extras/v4_runs/v1/sweep_seed909_exp.json,KHONG CO (che do lay mau v1)
909,exp,flat_pit0.10_cit0,0,42,304.639722744976,922.688206990589,0.3301654019601913,0,,0.6958333333333333,,KHONG CO,KHONG CO,7360.254244233846,8.169223397859716,5635.1409116218665,72.95247104018927,18.152772100042597,16323.209945832701,,,0.0061014302153477975,,cf8c88c,e38de3cdd753f55a2ec54e244e44e2d5230435044aecec9268b7b78fcb02ff0b,audits/paper_extras/v4_runs/v1/sweep_seed909_exp.json,KHONG CO (che do lay mau v1)
909,exp,flat_pit0.10_cit0,1,43,337.8641420969273,957.2773693627124,0.35294278639622845,0,,0.6791666666666667,,KHONG CO,KHONG CO,6398.739504279825,7.674873694119883,4894.885422938526,71.46364510059357,2.4573835730552673,16339.651428593785,,,0.004193161182005545,,cf8c88c,e38de3cdd753f55a2ec54e244e44e2d5230435044aecec9268b7b78fcb02ff0b,audits/paper_extras/v4_runs/v1/sweep_seed909_exp.json,KHONG CO (che do lay mau v1)
909,exp,flat_pit0.10_cit0,2,44,342.70747467154064,1004.4835925171976,0.34117777256344106,0,,0.7208333333333333,,KHONG CO,KHONG CO,6619.539033756609,8.05991417803516,5066.541265050709,74.14353179186583,2.8738188764398345,16222.377393163259,,,0.005501253616867178,,cf8c88c,e38de3cdd753f55a2ec54e244e44e2d5230435044aecec9268b7b78fcb02ff0b,audits/paper_extras/v4_runs/v1/sweep_seed909_exp.json,KHONG CO (che do lay mau v1)
909,exp,flat_pit0.10_cit0,3,45,344.0302610099121,990.2656732907137,0.34741208373574983,0,,0.7625,,KHONG CO,KHONG CO,7398.1957308802785,7.064217565299959,5661.257753824683,71.46364510059357,3.8751589533449753,16579.450889641,,,0.004424074615182895,,cf8c88c,e38de3cdd753f55a2ec54e244e44e2d5230435044aecec9268b7b78fcb02ff0b,audits/paper_extras/v4_runs/v1/sweep_seed909_exp.json,KHONG CO (che do lay mau v1)
909,exp,flat_pit0.10_cit0,4,46,286.1571602771816,887.8782167532328,0.3222932547253978,0,,0.725,,KHONG CO,KHONG CO,7214.3768003737605,7.019958177402704,5523.095090486844,74.14353179186583,14.85682999114821,16354.971560275868,,,0.007034605497875154,,cf8c88c,e38de3cdd753f55a2ec54e244e44e2d5230435044aecec9268b7b78fcb02ff0b,audits/paper_extras/v4_runs/v1/sweep_seed909_exp.json,KHONG CO (che do lay mau v1)
909,exp,flat_pit0.10_cit0,5,47,308.36098856599455,871.692234496296,0.35374984009600563,0,,0.725,,KHONG CO,KHONG CO,6334.583121370863,6.767433432608191,4849.9338135815515,71.46364510059357,0.0,15991.059607291596,,,0.0036590507471258135,,cf8c88c,e38de3cdd753f55a2ec54e244e44e2d5230435044aecec9268b7b78fcb02ff0b,audits/paper_extras/v4_runs/v1/sweep_seed909_exp.json,KHONG CO (che do lay mau v1)
909,exp,flat_pit0.10_cit0,6,48,307.82989462380095,892.1337120388124,0.3450490553936255,1,,0.7625,,KHONG CO,KHONG CO,7150.110073545071,9.820785802367176,5476.210928374388,71.7614102885127,13.80967428090662,16266.324658647667,,,0.005524110595145123,,cf8c88c,e38de3cdd753f55a2ec54e244e44e2d5230435044aecec9268b7b78fcb02ff0b,audits/paper_extras/v4_runs/v1/sweep_seed909_exp.json,KHONG CO (che do lay mau v1)
909,exp,flat_pit0.10_cit0,7,49,352.47917665315117,961.9328258874918,0.366428057310498,0,,0.6875,,KHONG CO,KHONG CO,6999.3354494178875,10.41674112288893,5347.201193685605,71.46364510059357,9.281685053884686,16401.823525317377,,,0.005539342150240629,,cf8c88c,e38de3cdd753f55a2ec54e244e44e2d5230435044aecec9268b7b78fcb02ff0b,audits/paper_extras/v4_runs/v1/sweep_seed909_exp.json,KHONG CO (che do lay mau v1)
909,exp,flat_pit0.10_cit0,8,50,311.7157765761744,929.1525154120108,0.33548397212049885,0,,0.6625,,KHONG CO,KHONG CO,7145.79899998124,8.57252679852659,5471.463807162572,71.46364510059357,0.0,16396.21095387222,,,0.004350248005050696,,cf8c88c,e38de3cdd753f55a2ec54e244e44e2d5230435044aecec9268b7b78fcb02ff0b,audits/paper_extras/v4_runs/v1/sweep_seed909_exp.json,KHONG CO (che do lay mau v1)
909,exp,flat_pit0.10_cit0,9,51,277.8096955083149,833.3521223426452,0.33336411831215007,0,,0.5708333333333333,,KHONG CO,KHONG CO,6661.36799506136,6.605392721301962,5100.11486965184,71.46364510059357,4.385123929514298,16394.514885722798,,,0.004249077513926597,,cf8c88c,e38de3cdd753f55a2ec54e244e44e2d5230435044aecec9268b7b78fcb02ff0b,audits/paper_extras/v4_runs/v1/sweep_seed909_exp.json,KHONG CO (che do lay mau v1)
909,exp,flat_pit0.20_cit0,0,42,263.5587008939637,901.255962352323,0.29243490407105033,1,,0.8208333333333333,,KHONG CO,KHONG CO,14432.100608038852,21.142906692324125,11054.47097955369,82.48095705360174,27.277328270635273,17858.66381531593,,,0.008137972758622778,,cf8c88c,e38de3cdd753f55a2ec54e244e44e2d5230435044aecec9268b7b78fcb02ff0b,audits/paper_extras/v4_runs/v1/sweep_seed909_exp.json,KHONG CO (che do lay mau v1)
909,exp,flat_pit0.20_cit0,1,43,298.37388029802986,991.830672551534,0.30083147109218566,1,,0.8083333333333333,,KHONG CO,KHONG CO,13516.39726393479,17.9013123934601,10347.77335117552,73.54800141602755,14.226955698691246,17777.519888971645,,,0.006722614793681902,,cf8c88c,e38de3cdd753f55a2ec54e244e44e2d5230435044aecec9268b7b78fcb02ff0b,audits/paper_extras/v4_runs/v1/sweep_seed909_exp.json,KHONG CO (che do lay mau v1)
909,exp,flat_pit0.20_cit0,2,44,284.7109735929647,948.0774137448021,0.3003035084111829,1,,0.8,,KHONG CO,KHONG CO,14021.224879954392,19.085465572105793,10675.825103280822,82.48095705360174,43.18329237984725,17785.176925593834,,,0.009559583839339766,,cf8c88c,e38de3cdd753f55a2ec54e244e44e2d5230435044aecec9268b7b78fcb02ff0b,audits/paper_extras/v4_runs/v1/sweep_seed909_exp.json,KHONG CO (che do lay mau v1)
909,exp,flat_pit0.20_cit0,3,45,296.3183440789724,973.5471155332283,0.3043698033214076,0,,0.85,,KHONG CO,KHONG CO,14385.760149614254,18.79393367294434,10955.736453403184,74.14353179186581,31.207346673855724,18189.692624965915,,,0.007955915131793332,,cf8c88c,e38de3cdd753f55a2ec54e244e44e2d5230435044aecec9268b7b78fcb02ff0b,audits/paper_extras/v4_runs/v1/sweep_seed909_exp.json,KHONG CO (che do lay mau v1)
909,exp,flat_pit0.20_cit0,4,46,226.12874803102008,843.062342416209,0.2682230443159602,0,,0.8458333333333333,,KHONG CO,KHONG CO,13394.035898283166,13.23618311749435,10245.730933930296,75.03682735562325,14.200758711506472,17943.317054018316,,,0.006249446282441326,,cf8c88c,e38de3cdd753f55a2ec54e244e44e2d5230435044aecec9268b7b78fcb02ff0b,audits/paper_extras/v4_runs/v1/sweep_seed909_exp.json,KHONG CO (che do lay mau v1)
909,exp,flat_pit0.20_cit0,5,47,284.7304535938743,969.0933145465283,0.2938111834226298,0,,0.8125,,KHONG CO,KHONG CO,14771.73551901022,14.617867656371523,11292.018215828257,78.3122444227338,26.89760683516796,18261.926967994128,,,0.008818502177607738,,cf8c88c,e38de3cdd753f55a2ec54e244e44e2d5230435044aecec9268b7b78fcb02ff0b,audits/paper_extras/v4_runs/v1/sweep_seed909_exp.json,KHONG CO (che do lay mau v1)
909,exp,flat_pit0.20_cit0,6,48,253.15222743668014,881.3503224151002,0.2872322401187595,0,,0.8041666666666667,,KHONG CO,KHONG CO,14741.88051178475,17.117244946773138,11289.543117563557,76.2278881072998,50.93147279215845,17833.902756221225,,,0.007919819696644874,,cf8c88c,e38de3cdd753f55a2ec54e244e44e2d5230435044aecec9268b7b78fcb02ff0b,audits/paper_extras/v4_runs/v1/sweep_seed909_exp.json,KHONG CO (che do lay mau v1)
909,exp,flat_pit0.20_cit0,7,49,291.0013352041787,935.9996770334872,0.31089896967322095,1,,0.7916666666666666,,KHONG CO,KHONG CO,13600.199798342697,14.685221651833075,10395.962683448248,74.7390621677041,12.563036252359302,17820.98899432273,,,0.006364353622549081,,cf8c88c,e38de3cdd753f55a2ec54e244e44e2d5230435044aecec9268b7b78fcb02ff0b,audits/paper_extras/v4_runs/v1/sweep_seed909_exp.json,KHONG CO (che do lay mau v1)
909,exp,flat_pit0.20_cit0,8,50,266.74193616999725,919.4896228186985,0.2900978211720312,1,,0.85,,KHONG CO,KHONG CO,13587.60677190232,14.569474026901945,10391.95222435003,71.46364510059358,6.499937076385015,17836.287402741666,,,0.005178143224765405,,cf8c88c,e38de3cdd753f55a2ec54e244e44e2d5230435044aecec9268b7b78fcb02ff0b,audits/paper_extras/v4_runs/v1/sweep_seed909_exp.json,KHONG CO (che do lay mau v1)
909,exp,flat_pit0.20_cit0,9,51,225.0340278983915,844.5927990771451,0.26644085545635454,2,,0.8583333333333333,,KHONG CO,KHONG CO,14667.771905092726,16.247067192960717,11232.11194190259,75.93012291938066,18.62902732734799,17835.99947628148,,,0.007401639646521342,,cf8c88c,e38de3cdd753f55a2ec54e244e44e2d5230435044aecec9268b7b78fcb02ff0b,audits/paper_extras/v4_runs/v1/sweep_seed909_exp.json,KHONG CO (che do lay mau v1)
909,exp,flat_pit0.30_cit0,0,42,241.55085805270363,887.7320272904469,0.272098843600326,15,,0.8541666666666666,,KHONG CO,KHONG CO,19900.194069490033,23.224823766488065,15165.70081939071,89.6273215636611,89.3869025785199,19462.187642318393,,,0.012052958504864434,,cf8c88c,e38de3cdd753f55a2ec54e244e44e2d5230435044aecec9268b7b78fcb02ff0b,audits/paper_extras/v4_runs/v1/sweep_seed909_exp.json,KHONG CO (che do lay mau v1)
909,exp,flat_pit0.30_cit0,1,43,249.0559002799877,956.9164257603685,0.26026922892674476,5,,0.8583333333333333,,KHONG CO,KHONG CO,20383.809923341854,27.46971627438072,15544.719305826433,85.160843744874,60.21135487156874,19377.54481310772,,,0.010584862800585897,,cf8c88c,e38de3cdd753f55a2ec54e244e44e2d5230435044aecec9268b7b78fcb02ff0b,audits/paper_extras/v4_runs/v1/sweep_seed909_exp.json,KHONG CO (che do lay mau v1)
909,exp,flat_pit0.30_cit0,2,44,248.06782263608682,935.4670501131764,0.2651807165266533,13,,0.8458333333333333,,KHONG CO,KHONG CO,20613.98269314699,21.44484131707702,15723.90213080283,96.77368607372047,66.3849131913727,19311.14282630096,,,0.012962763089146638,,cf8c88c,e38de3cdd753f55a2ec54e244e44e2d5230435044aecec9268b7b78fcb02ff0b,audits/paper_extras/v4_runs/v1/sweep_seed909_exp.json,KHONG CO (che do lay mau v1)
909,exp,flat_pit0.30_cit0,3,45,254.41324555831127,948.8923027059908,0.2681160389148397,10,,0.8541666666666666,,KHONG CO,KHONG CO,20995.054349068352,26.032423048421904,16040.40108539112,86.05413930863142,68.95174047251302,19367.755084436645,,,0.012214587201205183,,cf8c88c,e38de3cdd753f55a2ec54e244e44e2d5230435044aecec9268b7b78fcb02ff0b,audits/paper_extras/v4_runs/v1/sweep_seed909_exp.json,KHONG CO (che do lay mau v1)
909,exp,flat_pit0.30_cit0,4,46,197.98634747698972,866.9041010213722,0.22838321706371612,28,,0.8958333333333334,,KHONG CO,KHONG CO,22854.723370077187,25.274471100852928,17413.087986954743,140.84293388575318,155.62099852492167,19796.833140652983,,,0.019863577340857794,,cf8c88c,e38de3cdd753f55a2ec54e244e44e2d5230435044aecec9268b7b78fcb02ff0b,audits/paper_extras/v4_runs/v1/sweep_seed909_exp.json,KHONG CO (che do lay mau v1)
909,exp,flat_pit0.30_cit0,5,47,255.66350963481997,902.7293626947268,0.2832116913441719,8,,0.85,,KHONG CO,KHONG CO,18954.78567198487,24.294379965457285,14462.30751697697,82.77872224152088,45.5734304821096,18883.37970576726,,,0.007930030778775646,,cf8c88c,e38de3cdd753f55a2ec54e244e44e2d5230435044aecec9268b7b78fcb02ff0b,audits/paper_extras/v4_runs/v1/sweep_seed909_exp.json,KHONG CO (che do lay mau v1)
909,exp,flat_pit0.30_cit0,6,48,217.48223173478956,846.3909556608652,0.2569524523864727,20,,0.8666666666666667,,KHONG CO,KHONG CO,20454.89362548562,11.8791203782048,15622.734545625448,133.99433456361294,150.66163102801562,19271.0769902625,,,0.021121110648894482,,cf8c88c,e38de3cdd753f55a2ec54e244e44e2d5230435044aecec9268b7b78fcb02ff0b,audits/paper_extras/v4_runs/v1/sweep_seed909_exp.json,KHONG CO (che do lay mau v1)
909,exp,flat_pit0.30_cit0,7,49,255.387198264806,938.2423380932806,0.2721974780884544,6,,0.8458333333333333,,KHONG CO,KHONG CO,19813.898729518074,23.706186904805335,15154.594818658863,84.56531336903572,37.62166396855221,19321.13212072072,,,0.009466991631668007,,cf8c88c,e38de3cdd753f55a2ec54e244e44e2d5230435044aecec9268b7b78fcb02ff0b,audits/paper_extras/v4_runs/v1/sweep_seed909_exp.json,KHONG CO (che do lay mau v1)
909,exp,flat_pit0.30_cit0,8,50,244.5834947128556,909.3552443260055,0.2689636379610211,9,,0.8875,,KHONG CO,KHONG CO,20042.02248466503,15.131607569727926,15296.56421869533,86.94743487238884,65.45591777893915,19339.37495739619,,,0.011554038072173822,,cf8c88c,e38de3cdd753f55a2ec54e244e44e2d5230435044aecec9268b7b78fcb02ff0b,audits/paper_extras/v4_runs/v1/sweep_seed909_exp.json,KHONG CO (che do lay mau v1)
909,exp,flat_pit0.30_cit0,9,51,198.17622266635735,811.8479084960142,0.24410510958079323,10,,0.8875,,KHONG CO,KHONG CO,20578.776929738007,25.84361635479025,15761.224074430804,91.1161475032568,82.41088057416941,19290.93380200363,,,0.011780277002939899,,cf8c88c,e38de3cdd753f55a2ec54e244e44e2d5230435044aecec9268b7b78fcb02ff0b,audits/paper_extras/v4_runs/v1/sweep_seed909_exp.json,KHONG CO (che do lay mau v1)
909,exp,flat_pit0.50_cit0,0,42,186.75069251860282,708.5573832845888,0.26356466945965795,64,,0.9041666666666667,,KHONG CO,KHONG CO,30628.25902001814,31.832017604453267,23302.045935626666,114.04406697303057,209.09354630826147,21829.874085543182,,,0.02705383165298392,,cf8c88c,e38de3cdd753f55a2ec54e244e44e2d5230435044aecec9268b7b78fcb02ff0b,audits/paper_extras/v4_runs/v1/sweep_seed909_exp.json,KHONG CO (che do lay mau v1)
909,exp,flat_pit0.50_cit0,1,43,223.40267941998462,835.6162693114063,0.26735080158752855,62,,0.9041666666666667,,KHONG CO,KHONG CO,28992.037084663665,36.08020181500006,22013.26577222714,109.27982396632432,150.8692146314801,21309.240717735964,,,0.022666151183247153,,cf8c88c,e38de3cdd753f55a2ec54e244e44e2d5230435044aecec9268b7b78fcb02ff0b,audits/paper_extras/v4_runs/v1/sweep_seed909_exp.json,KHONG CO (che do lay mau v1)
909,exp,flat_pit0.50_cit0,2,44,209.73655815902472,784.1053316841165,0.267485183028342,64,,0.9041666666666667,,KHONG CO,KHONG CO,30164.748815783503,62.098663755191666,23055.16930651781,107.49323283880949,142.29801180586693,21790.248531901878,,,0.026541575638919797,,cf8c88c,e38de3cdd753f55a2ec54e244e44e2d5230435044aecec9268b7b78fcb02ff0b,audits/paper_extras/v4_runs/v1/sweep_seed909_exp.json,KHONG CO (che do lay mau v1)
909,exp,flat_pit0.50_cit0,3,45,207.8555261764605,794.2779331377467,0.2616911757265368,69,,0.9,,KHONG CO,KHONG CO,32851.615832524716,51.86264452080902,25000.76191168676,93.20050381869078,190.5353218509767,22304.782209293742,,,0.019848994106575108,,cf8c88c,e38de3cdd753f55a2ec54e244e44e2d5230435044aecec9268b7b78fcb02ff0b,audits/paper_extras/v4_runs/v1/sweep_seed909_exp.json,KHONG CO (che do lay mau v1)
909,exp,flat_pit0.50_cit0,4,46,191.7552340345716,709.8218412482856,0.2701455814565423,60,,0.9166666666666666,,KHONG CO,KHONG CO,30082.944934799016,39.271619523264974,22971.618260942705,106.59993727505207,194.8205489792229,21432.784201603215,,,0.02657010799146935,,cf8c88c,e38de3cdd753f55a2ec54e244e44e2d5230435044aecec9268b7b78fcb02ff0b,audits/paper_extras/v4_runs/v1/sweep_seed909_exp.json,KHONG CO (che do lay mau v1)
909,exp,flat_pit0.50_cit0,5,47,197.47455188663253,736.8822918249023,0.26798656186673075,69,,0.9041666666666667,,KHONG CO,KHONG CO,31524.56091113461,43.887811070656724,23801.08833588322,115.23512772470713,179.76254792092132,21435.44477808931,,,0.027650441748325132,,cf8c88c,e38de3cdd753f55a2ec54e244e44e2d5230435044aecec9268b7b78fcb02ff0b,audits/paper_extras/v4_runs/v1/sweep_seed909_exp.json,KHONG CO (che do lay mau v1)
909,exp,flat_pit0.50_cit0,6,48,203.96020910026985,715.8238186709419,0.28493073823522574,54,,0.8958333333333334,,KHONG CO,KHONG CO,28212.58209433672,68.02019413607624,21575.371226185936,88.1384956240654,150.81407866800595,21336.524771464232,,,0.01890181714436458,,cf8c88c,e38de3cdd753f55a2ec54e244e44e2d5230435044aecec9268b7b78fcb02ff0b,audits/paper_extras/v4_runs/v1/sweep_seed909_exp.json,KHONG CO (che do lay mau v1)
909,exp,flat_pit0.50_cit0,7,49,214.09740938027673,790.436175998241,0.27085983142142167,64,,0.9,,KHONG CO,KHONG CO,31736.45499554971,36.351516873347926,24247.753260282956,121.48819667100906,223.21959705636442,21858.729917807283,,,0.029567239364050566,,cf8c88c,e38de3cdd753f55a2ec54e244e44e2d5230435044aecec9268b7b78fcb02ff0b,audits/paper_extras/v4_runs/v1/sweep_seed909_exp.json,KHONG CO (che do lay mau v1)
909,exp,flat_pit0.50_cit0,8,50,187.60715221019677,714.2397837421464,0.26266690330137976,58,,0.9166666666666666,,KHONG CO,KHONG CO,30320.663306493698,40.58063223189322,22903.02675697465,109.87535434216261,197.51310466208966,21401.978725437497,,,0.025676470276470163,,cf8c88c,e38de3cdd753f55a2ec54e244e44e2d5230435044aecec9268b7b78fcb02ff0b,audits/paper_extras/v4_runs/v1/sweep_seed909_exp.json,KHONG CO (che do lay mau v1)
909,exp,flat_pit0.50_cit0,9,51,178.85243538852941,664.5828986239438,0.2691198280287582,66,,0.9166666666666666,,KHONG CO,KHONG CO,31960.798602162336,49.34099600296663,24318.32743081576,109.27982396632433,204.11615164722508,21964.07495843354,,,0.026339107447377455,,cf8c88c,e38de3cdd753f55a2ec54e244e44e2d5230435044aecec9268b7b78fcb02ff0b,audits/paper_extras/v4_runs/v1/sweep_seed909_exp.json,KHONG CO (che do lay mau v1)
909,exp,flat_pit0_cit0.10,0,42,376.07879918077595,896.1559730952557,0.4196577498466343,0,,0.0,,KHONG CO,KHONG CO,2243.002228363755,13.067821592923938,1727.8768038880714,71.46364510059357,1.265924870967865,15350.500716699078,,,0.00478737224877596,,cf8c88c,e38de3cdd753f55a2ec54e244e44e2d5230435044aecec9268b7b78fcb02ff0b,audits/paper_extras/v4_runs/v1/sweep_seed909_exp.json,KHONG CO (che do lay mau v1)
909,exp,flat_pit0_cit0.10,1,43,420.7347053618439,982.7287705405998,0.4281290199028135,0,,0.041666666666666664,,KHONG CO,KHONG CO,2154.1304747582144,12.256365609129043,1659.266941292222,71.46364510059357,3.0073744279900128,15363.920863627662,,,0.004506564692941239,,cf8c88c,e38de3cdd753f55a2ec54e244e44e2d5230435044aecec9268b7b78fcb02ff0b,audits/paper_extras/v4_runs/v1/sweep_seed909_exp.json,KHONG CO (che do lay mau v1)
909,exp,flat_pit0_cit0.10,2,44,383.5772169286566,981.2796939823113,0.39089488886903534,0,,0.0,,KHONG CO,KHONG CO,2085.230855845109,14.440116704393922,1608.5983190196605,79.50330517441034,0.0,15228.180038228908,,,0.00829114549066582,,cf8c88c,e38de3cdd753f55a2ec54e244e44e2d5230435044aecec9268b7b78fcb02ff0b,audits/paper_extras/v4_runs/v1/sweep_seed909_exp.json,KHONG CO (che do lay mau v1)
909,exp,flat_pit0_cit0.10,3,45,426.6300133044714,963.0758602245447,0.44298692442047194,0,,0.0,,KHONG CO,KHONG CO,2258.0802644355244,26.59147653041195,1750.5055351003693,74.14353179186583,2.4573835730552673,15333.481127894423,,,0.005364161230968387,,cf8c88c,e38de3cdd753f55a2ec54e244e44e2d5230435044aecec9268b7b78fcb02ff0b,audits/paper_extras/v4_runs/v1/sweep_seed909_exp.json,KHONG CO (che do lay mau v1)
909,exp,flat_pit0_cit0.10,4,46,366.30954187885425,873.4907967879421,0.41936279492110484,0,,0.0,,KHONG CO,KHONG CO,2168.5856535349394,26.99745376884896,1682.2516902666953,71.7614102885127,11.734720432342483,15291.092672161143,,,0.004918869498510786,,cf8c88c,e38de3cdd753f55a2ec54e244e44e2d5230435044aecec9268b7b78fcb02ff0b,audits/paper_extras/v4_runs/v1/sweep_seed909_exp.json,KHONG CO (che do lay mau v1)
909,exp,flat_pit0_cit0.10,5,47,402.37311641434223,945.6492784826211,0.4254993109707501,0,,0.0,,KHONG CO,KHONG CO,2232.433129473987,17.000530757341224,1722.8975015922058,71.46364510059357,1.9074322889313968,15360.810196713415,,,0.004527306088372652,,cf8c88c,e38de3cdd753f55a2ec54e244e44e2d5230435044aecec9268b7b78fcb02ff0b,audits/paper_extras/v4_runs/v1/sweep_seed909_exp.json,KHONG CO (che do lay mau v1)
909,exp,flat_pit0_cit0.10,6,48,360.0975757690972,873.7017161209866,0.4121516177945018,0,,0.0,,KHONG CO,KHONG CO,2301.587343105427,14.20786405886045,1773.1101177470805,74.7390621677041,3.5820231503909605,15427.861222106205,,,0.006565978323213923,,cf8c88c,e38de3cdd753f55a2ec54e244e44e2d5230435044aecec9268b7b78fcb02ff0b,audits/paper_extras/v4_runs/v1/sweep_seed909_exp.json,KHONG CO (che do lay mau v1)
909,exp,flat_pit0_cit0.10,7,49,407.44208270572204,960.2558130605253,0.4243057705707852,0,,0.0,,KHONG CO,KHONG CO,2353.9976642536376,34.592920766299414,1829.6833873286423,71.46364510059357,6.158046438484202,15413.249570589427,,,0.0069304505161898846,,cf8c88c,e38de3cdd753f55a2ec54e244e44e2d5230435044aecec9268b7b78fcb02ff0b,audits/paper_extras/v4_runs/v1/sweep_seed909_exp.json,KHONG CO (che do lay mau v1)
909,exp,flat_pit0_cit0.10,8,50,372.37761303389186,917.2931049638063,0.40595270041693465,1,,0.0,,KHONG CO,KHONG CO,2214.588977246193,25.846412750605392,1716.5814541908694,74.1435317918658,6.285338132922702,15387.663883780706,,,0.007126729595266279,,cf8c88c,e38de3cdd753f55a2ec54e244e44e2d5230435044aecec9268b7b78fcb02ff0b,audits/paper_extras/v4_runs/v1/sweep_seed909_exp.json,KHONG CO (che do lay mau v1)
909,exp,flat_pit0_cit0.10,9,51,349.0357869481625,869.3488852198964,0.4014910387328283,0,,0.0,,KHONG CO,KHONG CO,2179.7798991695313,19.18707267725572,1680.309126940284,74.14353179186583,0.0,15385.389168423279,,,0.0056131749454017416,,cf8c88c,e38de3cdd753f55a2ec54e244e44e2d5230435044aecec9268b7b78fcb02ff0b,audits/paper_extras/v4_runs/v1/sweep_seed909_exp.json,KHONG CO (che do lay mau v1)
909,exp,flat_pit0_cit0.20,0,42,358.06630687244916,890.3429623482227,0.40216671778712343,0,,0.0,,KHONG CO,KHONG CO,4744.5835730958315,44.801602813375496,3660.6156860951405,71.46364510059357,4.812973899193644,15869.86291338593,,,0.0044202959215018205,,cf8c88c,e38de3cdd753f55a2ec54e244e44e2d5230435044aecec9268b7b78fcb02ff0b,audits/paper_extras/v4_runs/v1/sweep_seed909_exp.json,KHONG CO (che do lay mau v1)
909,exp,flat_pit0_cit0.20,1,43,409.6756060688657,992.5679669175122,0.4127431266406283,0,,0.0,,KHONG CO,KHONG CO,4729.417194094925,30.986470927291517,3641.749096499747,71.46364510059357,2.4573835730552673,15907.547960387234,,,0.004548093233766346,,cf8c88c,e38de3cdd753f55a2ec54e244e44e2d5230435044aecec9268b7b78fcb02ff0b,audits/paper_extras/v4_runs/v1/sweep_seed909_exp.json,KHONG CO (che do lay mau v1)
909,exp,flat_pit0_cit0.20,2,44,415.34291652816114,1018.1390181160724,0.40794322694428964,0,,0.0,,KHONG CO,KHONG CO,4584.718384065773,32.19274659454949,3536.9877875819166,74.14353179186583,2.021550662639383,15714.361237705041,,,0.005818492357511896,,cf8c88c,e38de3cdd753f55a2ec54e244e44e2d5230435044aecec9268b7b78fcb02ff0b,audits/paper_extras/v4_runs/v1/sweep_seed909_exp.json,KHONG CO (che do lay mau v1)
909,exp,flat_pit0_cit0.20,3,45,413.31053221447013,979.717518411386,0.42186704274172215,0,,0.0,,KHONG CO,KHONG CO,4809.236637866817,47.61299630023654,3720.91892761251,73.25023622810846,14.576784879668132,15758.557138351356,,,0.005808289816146932,,cf8c88c,e38de3cdd753f55a2ec54e244e44e2d5230435044aecec9268b7b78fcb02ff0b,audits/paper_extras/v4_runs/v1/sweep_seed909_exp.json,KHONG CO (che do lay mau v1)
909,exp,flat_pit0_cit0.20,4,46,348.195228691515,892.5928074257065,0.3900941457233247,0,,0.0,,KHONG CO,KHONG CO,4647.730369135625,43.01007606454348,3581.4431904756784,71.46364510059357,7.3450617162776,15866.483331458743,,,0.005671968657693955,,cf8c88c,e38de3cdd753f55a2ec54e244e44e2d5230435044aecec9268b7b78fcb02ff0b,audits/paper_extras/v4_runs/v1/sweep_seed909_exp.json,KHONG CO (che do lay mau v1)
909,exp,flat_pit0_cit0.20,5,47,391.1476240061162,954.4425610008487,0.40981787693536054,0,,0.0,,KHONG CO,KHONG CO,4689.2198114257035,46.31167098468311,3627.8875352182404,74.14353179186583,1.8616542220115662,15765.45890275398,,,0.005500397868134818,,cf8c88c,e38de3cdd753f55a2ec54e244e44e2d5230435044aecec9268b7b78fcb02ff0b,audits/paper_extras/v4_runs/v1/sweep_seed909_exp.json,KHONG CO (che do lay mau v1)
909,exp,flat_pit0_cit0.20,6,48,385.337056991505,922.8880276982408,0.4175339211546254,0,,0.0,,KHONG CO,KHONG CO,5041.698282664,47.66437947704356,3898.9464460018553,72.05917547643185,11.69556184576526,15761.713320033825,,,0.005083000524815881,,cf8c88c,e38de3cdd753f55a2ec54e244e44e2d5230435044aecec9268b7b78fcb02ff0b,audits/paper_extras/v4_runs/v1/sweep_seed909_exp.json,KHONG CO (che do lay mau v1)
909,exp,flat_pit0_cit0.20,7,49,433.2244740647628,978.5048257773002,0.4427412749044134,0,,0.0,,KHONG CO,KHONG CO,4955.997095259969,62.43047509636372,3845.119296183909,71.46364510059357,1.8616542220115662,15784.466904988265,,,0.004151274438387572,,cf8c88c,e38de3cdd753f55a2ec54e244e44e2d5230435044aecec9268b7b78fcb02ff0b,audits/paper_extras/v4_runs/v1/sweep_seed909_exp.json,KHONG CO (che do lay mau v1)
909,exp,flat_pit0_cit0.20,8,50,381.0226737815223,920.5168242892565,0.4139225527743233,0,,0.0,,KHONG CO,KHONG CO,4814.278130376065,38.790383313390784,3718.1742595793125,79.2055399864912,6.143104031198719,15864.498894388722,,,0.007200786495504862,,cf8c88c,e38de3cdd753f55a2ec54e244e44e2d5230435044aecec9268b7b78fcb02ff0b,audits/paper_extras/v4_runs/v1/sweep_seed909_exp.json,KHONG CO (che do lay mau v1)
909,exp,flat_pit0_cit0.20,9,51,349.0020727135541,885.7274399334026,0.3940287462921951,0,,0.0,,KHONG CO,KHONG CO,4638.455523005714,50.72203331882721,3592.2697859836644,71.46364510059357,2.2339850664138794,15817.33838849895,,,0.00503672729573903,,cf8c88c,e38de3cdd753f55a2ec54e244e44e2d5230435044aecec9268b7b78fcb02ff0b,audits/paper_extras/v4_runs/v1/sweep_seed909_exp.json,KHONG CO (che do lay mau v1)
909,exp,flat_pit0_cit0.30,0,42,367.42670417936904,914.2085877598881,0.4019068614086041,0,,0.0,,KHONG CO,KHONG CO,7829.183875125205,72.01501399617769,6051.487088151843,71.46364510059357,6.886670858348509,16353.446781396582,,,0.005284807412090934,,cf8c88c,e38de3cdd753f55a2ec54e244e44e2d5230435044aecec9268b7b78fcb02ff0b,audits/paper_extras/v4_runs/v1/sweep_seed909_exp.json,KHONG CO (che do lay mau v1)
909,exp,flat_pit0_cit0.30,1,43,426.4064586789132,991.0318482713913,0.4302651417536917,0,,0.0,,KHONG CO,KHONG CO,7598.37243678348,61.93016536176558,5857.902521605528,71.46364510059357,4.280860685427745,16466.31927142311,,,0.005252131098356092,,cf8c88c,e38de3cdd753f55a2ec54e244e44e2d5230435044aecec9268b7b78fcb02ff0b,audits/paper_extras/v4_runs/v1/sweep_seed909_exp.json,KHONG CO (che do lay mau v1)
909,exp,flat_pit0_cit0.30,2,44,395.7096450589694,970.2719550808758,0.4078337449483279,0,,0.0,,KHONG CO,KHONG CO,7522.2420140383,65.75645013998124,5804.409504351723,71.4636451005936,0.0,16399.931884348287,,,0.004456928954266541,,cf8c88c,e38de3cdd753f55a2ec54e244e44e2d5230435044aecec9268b7b78fcb02ff0b,audits/paper_extras/v4_runs/v1/sweep_seed909_exp.json,KHONG CO (che do lay mau v1)
909,exp,flat_pit0_cit0.30,3,45,405.2686462008492,967.9741644708561,0.41867713114263716,0,,0.0,,KHONG CO,KHONG CO,7963.003899079859,69.638496087848,6150.952119878692,74.14353179186583,2.4573835730552673,16723.327577837907,,,0.005162711395798388,,cf8c88c,e38de3cdd753f55a2ec54e244e44e2d5230435044aecec9268b7b78fcb02ff0b,audits/paper_extras/v4_runs/v1/sweep_seed909_exp.json,KHONG CO (che do lay mau v1)
909,exp,flat_pit0_cit0.30,4,46,344.5293086669471,877.6152454221898,0.3925744344849048,0,,0.0,,KHONG CO,KHONG CO,7443.147800058397,83.19000958919217,5748.332474207014,74.14353179186583,3.705275663242946,16359.848870428481,,,0.005433184628873796,,cf8c88c,e38de3cdd753f55a2ec54e244e44e2d5230435044aecec9268b7b78fcb02ff0b,audits/paper_extras/v4_runs/v1/sweep_seed909_exp.json,KHONG CO (che do lay mau v1)
909,exp,flat_pit0_cit0.30,5,47,389.86660332448224,965.2062484865866,0.4039205132952475,0,,0.0,,KHONG CO,KHONG CO,7649.088236684322,156.651138399071,5968.648737638771,71.46364510059362,8.873166512953723,16675.670040519144,,,0.004207427621375411,,cf8c88c,e38de3cdd753f55a2ec54e244e44e2d5230435044aecec9268b7b78fcb02ff0b,audits/paper_extras/v4_runs/v1/sweep_seed909_exp.json,KHONG CO (che do lay mau v1)
909,exp,flat_pit0_cit0.30,6,48,369.4666643468106,911.0122019998269,0.4055562192644274,0,,0.0,,KHONG CO,KHONG CO,8156.945646665807,52.401148511240066,6276.577569907409,71.46364510059357,4.38313554484419,16774.552609519982,,,0.005346865650353102,,cf8c88c,e38de3cdd753f55a2ec54e244e44e2d5230435044aecec9268b7b78fcb02ff0b,audits/paper_extras/v4_runs/v1/sweep_seed909_exp.json,KHONG CO (che do lay mau v1)
909,exp,flat_pit0_cit0.30,7,49,422.8305599322616,975.6051092434229,0.43340338824195446,0,,0.0,,KHONG CO,KHONG CO,8066.78390983899,82.85947058758975,6231.726562015252,71.46364510059357,5.942528607143917,16760.433842271792,,,0.006170038403462535,,cf8c88c,e38de3cdd753f55a2ec54e244e44e2d5230435044aecec9268b7b78fcb02ff0b,audits/paper_extras/v4_runs/v1/sweep_seed909_exp.json,KHONG CO (che do lay mau v1)
909,exp,flat_pit0_cit0.30,8,50,375.6666426194538,917.3544689703855,0.409510887368426,0,,0.0,,KHONG CO,KHONG CO,7654.337596511309,67.62787963807833,5915.10604545848,71.46364510059357,1.3023480429548857,16300.16650176191,,,0.00446960938413841,,cf8c88c,e38de3cdd753f55a2ec54e244e44e2d5230435044aecec9268b7b78fcb02ff0b,audits/paper_extras/v4_runs/v1/sweep_seed909_exp.json,KHONG CO (che do lay mau v1)
909,exp,flat_pit0_cit0.30,9,51,333.11946988040063,861.9865965928522,0.386455510093906,0,,0.0,,KHONG CO,KHONG CO,7469.4671566505285,81.9344471232638,5784.75381458897,74.14353179186583,0.0,16368.121669432769,,,0.005617511180312984,,cf8c88c,e38de3cdd753f55a2ec54e244e44e2d5230435044aecec9268b7b78fcb02ff0b,audits/paper_extras/v4_runs/v1/sweep_seed909_exp.json,KHONG CO (che do lay mau v1)
909,exp,flat_pit0_cit0.50,0,42,367.67705590790945,942.0153548944235,0.3903089838159983,1,,0.0,,KHONG CO,KHONG CO,15631.15381643808,105.01381618176303,12048.372229058154,73.54800141602755,8.583869291154661,18297.18244990165,,,0.00603626895930289,,cf8c88c,e38de3cdd753f55a2ec54e244e44e2d5230435044aecec9268b7b78fcb02ff0b,audits/paper_extras/v4_runs/v1/sweep_seed909_exp.json,KHONG CO (che do lay mau v1)
909,exp,flat_pit0_cit0.50,1,43,432.700254374927,999.8300316213295,0.43277381223812417,0,,0.0,,KHONG CO,KHONG CO,15140.395195094936,147.63009796858262,11700.498462784148,71.46364510059354,4.264177653511027,18178.622594702818,,,0.004593660367915768,,cf8c88c,e38de3cdd753f55a2ec54e244e44e2d5230435044aecec9268b7b78fcb02ff0b,audits/paper_extras/v4_runs/v1/sweep_seed909_exp.json,KHONG CO (che do lay mau v1)
909,exp,flat_pit0_cit0.50,2,44,408.5350309768483,1013.1236605293044,0.4032430066467997,0,,0.0,,KHONG CO,KHONG CO,14869.763730173081,130.88882305024183,11430.79527669878,76.82341848313808,0.0,18218.824418871573,,,0.006120507830164359,,cf8c88c,e38de3cdd753f55a2ec54e244e44e2d5230435044aecec9268b7b78fcb02ff0b,audits/paper_extras/v4_runs/v1/sweep_seed909_exp.json,KHONG CO (che do lay mau v1)
909,exp,flat_pit0_cit0.50,3,45,425.5901583801037,1000.9817791539618,0.4251727326543506,0,,0.0,,KHONG CO,KHONG CO,15434.289623950828,198.8386615347952,11954.818179384962,71.46364510059357,0.0,18165.736732423076,,,0.004844374872706503,,cf8c88c,e38de3cdd753f55a2ec54e244e44e2d5230435044aecec9268b7b78fcb02ff0b,audits/paper_extras/v4_runs/v1/sweep_seed909_exp.json,KHONG CO (che do lay mau v1)
909,exp,flat_pit0_cit0.50,4,46,351.91593750484645,897.8221495961387,0.39196620139428107,0,,0.0,,KHONG CO,KHONG CO,15163.735794983126,117.77780998357183,11685.659432501134,74.14353179186583,11.000050622076932,18271.309380012775,,,0.006154320002941514,,cf8c88c,e38de3cdd753f55a2ec54e244e44e2d5230435044aecec9268b7b78fcb02ff0b,audits/paper_extras/v4_runs/v1/sweep_seed909_exp.json,KHONG CO (che do lay mau v1)
909,exp,flat_pit0_cit0.50,5,47,399.9917318056925,985.1126997727391,0.4060365193728278,0,,0.0,,KHONG CO,KHONG CO,15024.871148535854,70.51897295147722,11504.343085847446,76.82341848313808,2.4089129804501925,18330.19854704366,,,0.0071003821066315965,,cf8c88c,e38de3cdd753f55a2ec54e244e44e2d5230435044aecec9268b7b78fcb02ff0b,audits/paper_extras/v4_runs/v1/sweep_seed909_exp.json,KHONG CO (che do lay mau v1)
909,exp,flat_pit0_cit0.50,6,48,366.7515232956943,917.0754654749257,0.3999142241862994,0,,0.0,,KHONG CO,KHONG CO,16086.904803675181,94.5791893945174,12390.801139730129,71.46364510059357,9.215400649546524,18311.548471936247,,,0.004541156294929074,,cf8c88c,e38de3cdd753f55a2ec54e244e44e2d5230435044aecec9268b7b78fcb02ff0b,audits/paper_extras/v4_runs/v1/sweep_seed909_exp.json,KHONG CO (che do lay mau v1)
909,exp,flat_pit0_cit0.50,7,49,420.75009400271847,1006.6602554832602,0.41796633145184814,0,,0.0,,KHONG CO,KHONG CO,15886.628351557858,196.69919957053114,12282.729685389664,71.46364510059357,4.972544754605027,18575.727753286978,,,0.004897437656983505,,cf8c88c,e38de3cdd753f55a2ec54e244e44e2d5230435044aecec9268b7b78fcb02ff0b,audits/paper_extras/v4_runs/v1/sweep_seed909_exp.json,KHONG CO (che do lay mau v1)
909,exp,flat_pit0_cit0.50,8,50,385.17054684644484,943.3436452935629,0.40830353685859844,0,,0.0,,KHONG CO,KHONG CO,15233.616090678877,104.74647970217936,11742.9790295024,76.82341848313808,3.8810379478848676,18314.959188067955,,,0.006737272549158723,,cf8c88c,e38de3cdd753f55a2ec54e244e44e2d5230435044aecec9268b7b78fcb02ff0b,audits/paper_extras/v4_runs/v1/sweep_seed909_exp.json,KHONG CO (che do lay mau v1)
909,exp,flat_pit0_cit0.50,9,51,314.6858157075796,877.6656047041067,0.3585486477092511,0,,0.0,,KHONG CO,KHONG CO,15394.305222671432,107.34539975319811,11852.849197447826,71.46364510059357,15.684074693480062,18303.322198725455,,,0.005012907940637001,,cf8c88c,e38de3cdd753f55a2ec54e244e44e2d5230435044aecec9268b7b78fcb02ff0b,audits/paper_extras/v4_runs/v1/sweep_seed909_exp.json,KHONG CO (che do lay mau v1)
